minute,service,requests,errors,p50_ms,p95_ms,p99_ms,saturation_pct
2026-08-31 00:00,web,443,0,187,393,725,15.6
2026-08-31 00:00,api,310,0,162,353,665,11.8
2026-08-31 00:00,db,930,0,41,89,142,1.6
2026-08-31 00:01,web,439,0,189,398,733,13
2026-08-31 00:01,api,307,0,164,358,673,13.4
2026-08-31 00:01,db,921,0,41,91,145,1.6
2026-08-31 00:02,web,437,0,192,404,742,13.2
2026-08-31 00:02,api,306,0,167,364,682,15.7
2026-08-31 00:02,db,918,0,42,93,148,1.6
2026-08-31 00:03,web,443,0,185,391,722,11.7
2026-08-31 00:03,api,310,0,160,351,662,15.6
2026-08-31 00:03,db,930,0,40,88,140,1.6
2026-08-31 00:04,web,457,0,192,403,741,13.7
2026-08-31 00:04,api,320,0,167,363,681,11.8
2026-08-31 00:04,db,960,0,42,93,148,1.7
2026-08-31 00:05,web,456,0,190,401,738,15.4
2026-08-31 00:05,api,319,0,165,361,678,12
2026-08-31 00:05,db,957,0,42,92,146,1.7
2026-08-31 00:06,web,429,0,189,398,733,14.5
2026-08-31 00:06,api,300,0,164,358,673,13.5
2026-08-31 00:06,db,900,0,41,91,145,1.6
2026-08-31 00:07,web,449,0,187,394,726,12.9
2026-08-31 00:07,api,314,0,162,354,666,15.3
2026-08-31 00:07,db,942,0,41,89,142,1.6
2026-08-31 00:08,web,427,0,184,387,715,15.5
2026-08-31 00:08,api,299,0,159,347,655,13.7
2026-08-31 00:08,db,897,0,40,87,138,1.5
2026-08-31 00:09,web,425,0,186,392,723,12.5
2026-08-31 00:09,api,298,0,161,352,663,13.4
2026-08-31 00:09,db,894,0,40,89,141,1.5
2026-08-31 00:10,web,452,0,189,397,731,11.9
2026-08-31 00:10,api,316,0,164,357,671,15.5
2026-08-31 00:10,db,948,0,41,91,144,1.6
2026-08-31 00:11,web,435,0,187,393,725,12
2026-08-31 00:11,api,305,0,162,353,665,12.3
2026-08-31 00:11,db,915,0,41,89,142,1.5
2026-08-31 00:12,web,417,0,192,403,741,14
2026-08-31 00:12,api,292,0,167,363,681,13.2
2026-08-31 00:12,db,876,0,42,93,148,1.5
2026-08-31 00:13,web,423,0,190,400,736,15.5
2026-08-31 00:13,api,296,0,165,360,676,14
2026-08-31 00:13,db,888,0,42,92,146,1.5
2026-08-31 00:14,web,425,0,188,397,731,13.5
2026-08-31 00:14,api,298,0,163,357,671,12.5
2026-08-31 00:14,db,894,0,41,90,144,1.5
2026-08-31 00:15,web,438,0,189,397,731,12.2
2026-08-31 00:15,api,307,0,164,357,671,14.8
2026-08-31 00:15,db,921,0,41,91,144,1.6
2026-08-31 00:16,web,409,0,186,391,722,13.5
2026-08-31 00:16,api,286,0,161,351,662,12.6
2026-08-31 00:16,db,858,0,40,88,141,1.4
2026-08-31 00:17,web,425,0,183,387,715,14.8
2026-08-31 00:17,api,298,0,158,347,655,14.2
2026-08-31 00:17,db,894,0,39,87,138,1.5
2026-08-31 00:18,web,427,0,188,396,730,15.4
2026-08-31 00:18,api,299,0,163,356,670,14.6
2026-08-31 00:18,db,897,0,41,90,143,1.5
2026-08-31 00:19,web,405,0,191,402,739,12.4
2026-08-31 00:19,api,284,0,166,362,679,13.1
2026-08-31 00:19,db,852,0,42,92,147,1.5
2026-08-31 00:20,web,419,0,193,406,746,12.4
2026-08-31 00:20,api,293,0,168,366,686,13.1
2026-08-31 00:20,db,879,0,43,94,149,1.6
2026-08-31 00:21,web,415,0,187,395,728,12
2026-08-31 00:21,api,291,0,162,355,668,11.8
2026-08-31 00:21,db,873,0,41,90,143,1.5
2026-08-31 00:22,web,411,0,184,389,718,14.2
2026-08-31 00:22,api,288,0,159,349,658,12.6
2026-08-31 00:22,db,864,0,40,88,139,1.4
2026-08-31 00:23,web,407,0,193,405,744,13.7
2026-08-31 00:23,api,285,0,168,365,684,14.4
2026-08-31 00:23,db,855,0,43,94,149,1.5
2026-08-31 00:24,web,409,0,190,401,738,13.3
2026-08-31 00:24,api,286,0,165,361,678,14.8
2026-08-31 00:24,db,858,0,42,92,146,1.5
2026-08-31 00:25,web,402,0,188,395,728,13.8
2026-08-31 00:25,api,281,0,163,355,668,13.3
2026-08-31 00:25,db,843,0,41,90,143,1.4
2026-08-31 00:26,web,408,0,185,389,718,12.8
2026-08-31 00:26,api,286,0,160,349,658,12.7
2026-08-31 00:26,db,858,0,40,88,139,1.4
2026-08-31 00:27,web,408,0,188,397,731,12
2026-08-31 00:27,api,286,0,163,357,671,13.3
2026-08-31 00:27,db,858,0,41,91,144,1.5
2026-08-31 00:28,web,407,0,187,394,726,13
2026-08-31 00:28,api,285,0,162,354,666,12
2026-08-31 00:28,db,855,0,41,89,142,1.4
2026-08-31 00:29,web,385,0,189,399,734,12.8
2026-08-31 00:29,api,270,0,164,359,674,13.8
2026-08-31 00:29,db,810,0,41,91,145,1.4
2026-08-31 00:30,web,386,0,187,395,728,12.1
2026-08-31 00:30,api,270,0,162,355,668,15.4
2026-08-31 00:30,db,810,0,41,90,143,1.4
2026-08-31 00:31,web,396,0,187,395,728,13.9
2026-08-31 00:31,api,277,0,162,355,668,13
2026-08-31 00:31,db,831,0,41,90,143,1.4
2026-08-31 00:32,web,394,0,192,405,744,15.2
2026-08-31 00:32,api,276,0,167,365,684,13.4
2026-08-31 00:32,db,828,0,42,93,149,1.5
2026-08-31 00:33,web,378,0,190,401,738,14.2
2026-08-31 00:33,api,265,0,165,361,678,13.2
2026-08-31 00:33,db,795,0,42,92,146,1.4
2026-08-31 00:34,web,393,0,185,389,718,14.3
2026-08-31 00:34,api,275,0,160,349,658,13.7
2026-08-31 00:34,db,825,0,40,88,140,1.4
2026-08-31 00:35,web,390,0,191,403,741,12.3
2026-08-31 00:35,api,273,0,166,363,681,14.9
2026-08-31 00:35,db,819,0,42,93,147,1.4
2026-08-31 00:36,web,377,0,189,398,733,12.7
2026-08-31 00:36,api,264,0,164,358,673,15.1
2026-08-31 00:36,db,792,0,41,91,145,1.4
2026-08-31 00:37,web,393,0,185,391,722,11.6
2026-08-31 00:37,api,275,0,160,351,662,13.2
2026-08-31 00:37,db,825,0,40,88,140,1.4
2026-08-31 00:38,web,383,0,188,396,730,14.8
2026-08-31 00:38,api,268,0,163,356,670,11.9
2026-08-31 00:38,db,804,0,41,90,144,1.4
2026-08-31 00:39,web,378,0,190,399,734,12.5
2026-08-31 00:39,api,265,0,165,359,674,13.3
2026-08-31 00:39,db,795,0,42,91,145,1.4
2026-08-31 00:40,web,383,0,190,400,736,12.3
2026-08-31 00:40,api,268,0,165,360,676,14.9
2026-08-31 00:40,db,804,0,42,92,146,1.4
2026-08-31 00:41,web,361,0,190,400,736,12.3
2026-08-31 00:41,api,253,0,165,360,676,13.4
2026-08-31 00:41,db,759,0,42,92,146,1.3
2026-08-31 00:42,web,370,0,184,388,717,14.3
2026-08-31 00:42,api,259,0,159,348,657,13.1
2026-08-31 00:42,db,777,0,40,87,139,1.3
2026-08-31 00:43,web,374,0,189,397,731,13.4
2026-08-31 00:43,api,262,0,164,357,671,11.5
2026-08-31 00:43,db,786,0,41,91,144,1.3
2026-08-31 00:44,web,362,0,187,394,726,12.3
2026-08-31 00:44,api,253,0,162,354,666,15.3
2026-08-31 00:44,db,759,0,41,89,142,1.3
2026-08-31 00:45,web,355,0,190,399,734,11.3
2026-08-31 00:45,api,248,0,165,359,674,13.7
2026-08-31 00:45,db,744,0,42,91,146,1.3
2026-08-31 00:46,web,365,0,185,389,718,13.2
2026-08-31 00:46,api,255,0,160,349,658,14.1
2026-08-31 00:46,db,765,0,40,88,140,1.3
2026-08-31 00:47,web,367,0,183,387,715,14.2
2026-08-31 00:47,api,257,0,158,347,655,12.4
2026-08-31 00:47,db,771,0,39,87,138,1.3
2026-08-31 00:48,web,356,0,188,396,730,15
2026-08-31 00:48,api,249,0,163,356,670,12.2
2026-08-31 00:48,db,747,0,41,90,143,1.3
2026-08-31 00:49,web,363,0,190,400,736,11.3
2026-08-31 00:49,api,254,0,165,360,676,14.3
2026-08-31 00:49,db,762,0,42,92,146,1.3
2026-08-31 00:50,web,360,0,187,394,726,14.9
2026-08-31 00:50,api,252,0,162,354,666,14.5
2026-08-31 00:50,db,756,0,41,89,142,1.3
2026-08-31 00:51,web,358,0,183,386,714,13.6
2026-08-31 00:51,api,251,0,158,346,654,13
2026-08-31 00:51,db,753,0,39,87,138,1.2
2026-08-31 00:52,web,355,0,187,395,728,11.2
2026-08-31 00:52,api,248,0,162,355,668,12.2
2026-08-31 00:52,db,744,0,41,90,143,1.3
2026-08-31 00:53,web,360,0,183,386,714,14.2
2026-08-31 00:53,api,252,0,158,346,654,14.8
2026-08-31 00:53,db,756,0,39,87,138,1.2
2026-08-31 00:54,web,340,0,188,397,731,13.8
2026-08-31 00:54,api,238,0,163,357,671,13
2026-08-31 00:54,db,714,0,41,90,144,1.2
2026-08-31 00:55,web,346,0,188,396,730,13.2
2026-08-31 00:55,api,242,0,163,356,670,12.9
2026-08-31 00:55,db,726,0,41,90,144,1.2
2026-08-31 00:56,web,338,0,192,404,742,12.6
2026-08-31 00:56,api,237,0,167,364,682,12.2
2026-08-31 00:56,db,711,0,42,93,148,1.3
2026-08-31 00:57,web,345,0,183,386,714,14.2
2026-08-31 00:57,api,241,0,158,346,654,15.1
2026-08-31 00:57,db,723,0,39,86,138,1.2
2026-08-31 00:58,web,331,0,190,401,738,12.2
2026-08-31 00:58,api,232,0,165,361,678,12
2026-08-31 00:58,db,696,0,42,92,146,1.2
2026-08-31 00:59,web,350,0,185,389,718,11.8
2026-08-31 00:59,api,245,0,160,349,658,14.1
2026-08-31 00:59,db,735,0,40,88,140,1.2
2026-08-31 01:00,web,345,0,189,398,733,14.8
2026-08-31 01:00,api,241,0,164,358,673,11.5
2026-08-31 01:00,db,723,0,41,91,145,1.2
2026-08-31 01:01,web,327,0,188,395,728,14.8
2026-08-31 01:01,api,229,0,163,355,668,13.8
2026-08-31 01:01,db,687,0,41,90,143,1.2
2026-08-31 01:02,web,336,0,185,389,718,12.3
2026-08-31 01:02,api,235,0,160,349,658,11.4
2026-08-31 01:02,db,705,0,40,88,139,1.2
2026-08-31 01:03,web,344,0,188,396,730,11.5
2026-08-31 01:03,api,241,0,163,356,670,14.4
2026-08-31 01:03,db,723,0,41,90,143,1.2
2026-08-31 01:04,web,348,0,185,390,720,14.7
2026-08-31 01:04,api,244,0,160,350,660,13.6
2026-08-31 01:04,db,732,0,40,88,140,1.2
2026-08-31 01:05,web,334,0,183,386,714,11.5
2026-08-31 01:05,api,234,0,158,346,654,12.5
2026-08-31 01:05,db,702,0,39,86,138,1.1
2026-08-31 01:06,web,348,0,187,395,728,14.1
2026-08-31 01:06,api,244,0,162,355,668,11.4
2026-08-31 01:06,db,732,0,41,90,143,1.2
2026-08-31 01:07,web,333,0,187,394,726,13.9
2026-08-31 01:07,api,233,0,162,354,666,14.5
2026-08-31 01:07,db,699,0,41,89,142,1.2
2026-08-31 01:08,web,331,0,190,400,736,13
2026-08-31 01:08,api,232,0,165,360,676,11.5
2026-08-31 01:08,db,696,0,42,92,146,1.2
2026-08-31 01:09,web,330,0,189,398,733,11.5
2026-08-31 01:09,api,231,0,164,358,673,12
2026-08-31 01:09,db,693,0,41,91,145,1.2
2026-08-31 01:10,web,326,0,188,397,731,11.6
2026-08-31 01:10,api,228,0,163,357,671,13.9
2026-08-31 01:10,db,684,0,41,90,144,1.2
2026-08-31 01:11,web,337,0,191,402,739,12.8
2026-08-31 01:11,api,236,0,166,362,679,12.6
2026-08-31 01:11,db,708,0,42,93,147,1.2
2026-08-31 01:12,web,347,0,183,385,712,12.3
2026-08-31 01:12,api,243,0,158,345,652,13.6
2026-08-31 01:12,db,729,0,39,86,137,1.2
2026-08-31 01:13,web,331,0,189,398,733,11.8
2026-08-31 01:13,api,232,0,164,358,673,13.5
2026-08-31 01:13,db,696,0,41,91,145,1.2
2026-08-31 01:14,web,338,0,192,404,742,11.2
2026-08-31 01:14,api,237,0,167,364,682,14.3
2026-08-31 01:14,db,711,0,42,93,148,1.3
2026-08-31 01:15,web,327,0,187,395,728,11.5
2026-08-31 01:15,api,229,0,162,355,668,13.6
2026-08-31 01:15,db,687,0,41,90,143,1.2
2026-08-31 01:16,web,333,0,189,397,731,11.2
2026-08-31 01:16,api,233,0,164,357,671,12.8
2026-08-31 01:16,db,699,0,41,91,144,1.2
2026-08-31 01:17,web,346,0,192,404,742,12.9
2026-08-31 01:17,api,242,0,167,364,682,14.8
2026-08-31 01:17,db,726,0,42,93,148,1.3
2026-08-31 01:18,web,337,0,190,400,736,12.7
2026-08-31 01:18,api,236,0,165,360,676,11.3
2026-08-31 01:18,db,708,0,42,92,146,1.2
2026-08-31 01:19,web,336,0,186,392,723,11.4
2026-08-31 01:19,api,235,0,161,352,663,12.8
2026-08-31 01:19,db,705,0,40,89,141,1.2
2026-08-31 01:20,web,339,0,188,396,730,13.1
2026-08-31 01:20,api,237,0,163,356,670,12.9
2026-08-31 01:20,db,711,0,41,90,143,1.2
2026-08-31 01:21,web,341,0,183,385,712,13.3
2026-08-31 01:21,api,239,0,158,345,652,14.5
2026-08-31 01:21,db,717,0,39,86,137,1.2
2026-08-31 01:22,web,345,0,191,401,738,12.9
2026-08-31 01:22,api,241,0,166,361,678,12
2026-08-31 01:22,db,723,0,42,92,147,1.3
2026-08-31 01:23,web,344,0,184,387,715,12.3
2026-08-31 01:23,api,241,0,159,347,655,11.7
2026-08-31 01:23,db,723,0,40,87,138,1.2
2026-08-31 01:24,web,332,0,189,398,733,13.9
2026-08-31 01:24,api,232,0,164,358,673,14.1
2026-08-31 01:24,db,696,0,41,91,144,1.2
2026-08-31 01:25,web,335,0,186,391,722,12.7
2026-08-31 01:25,api,234,0,161,351,662,12.5
2026-08-31 01:25,db,702,0,40,88,141,1.2
2026-08-31 01:26,web,338,0,185,389,718,12.1
2026-08-31 01:26,api,237,0,160,349,658,11.5
2026-08-31 01:26,db,711,0,40,88,140,1.2
2026-08-31 01:27,web,325,0,190,400,736,14.2
2026-08-31 01:27,api,227,0,165,360,676,12.1
2026-08-31 01:27,db,681,0,42,92,146,1.2
2026-08-31 01:28,web,332,0,182,385,712,12.7
2026-08-31 01:28,api,232,0,157,345,652,13.2
2026-08-31 01:28,db,696,0,39,86,137,1.1
2026-08-31 01:29,web,333,0,185,390,720,13
2026-08-31 01:29,api,233,0,160,350,660,14.7
2026-08-31 01:29,db,699,0,40,88,140,1.2
2026-08-31 01:30,web,326,0,189,399,734,14
2026-08-31 01:30,api,228,0,164,359,674,13.3
2026-08-31 01:30,db,684,0,41,91,145,1.2
2026-08-31 01:31,web,345,0,186,391,722,14.8
2026-08-31 01:31,api,241,0,161,351,662,11.6
2026-08-31 01:31,db,723,0,40,88,141,1.2
2026-08-31 01:32,web,335,0,186,393,725,14.2
2026-08-31 01:32,api,234,0,161,353,665,13.2
2026-08-31 01:32,db,702,0,40,89,142,1.2
2026-08-31 01:33,web,339,0,184,388,717,14
2026-08-31 01:33,api,237,0,159,348,657,12.6
2026-08-31 01:33,db,711,0,40,87,139,1.2
2026-08-31 01:34,web,330,0,190,400,736,13
2026-08-31 01:34,api,231,0,165,360,676,15
2026-08-31 01:34,db,693,0,42,92,146,1.2
2026-08-31 01:35,web,327,0,182,385,712,13.9
2026-08-31 01:35,api,229,0,157,345,652,14.8
2026-08-31 01:35,db,687,0,39,86,137,1.1
2026-08-31 01:36,web,340,0,192,404,742,11.1
2026-08-31 01:36,api,238,0,167,364,682,15
2026-08-31 01:36,db,714,0,42,93,148,1.3
2026-08-31 01:37,web,342,0,184,387,715,13.4
2026-08-31 01:37,api,239,0,159,347,655,12.3
2026-08-31 01:37,db,717,0,40,87,138,1.2
2026-08-31 01:38,web,341,0,186,393,725,12.6
2026-08-31 01:38,api,239,0,161,353,665,11.8
2026-08-31 01:38,db,717,0,40,89,142,1.2
2026-08-31 01:39,web,327,0,184,387,715,14.5
2026-08-31 01:39,api,229,0,159,347,655,14
2026-08-31 01:39,db,687,0,40,87,138,1.1
2026-08-31 01:40,web,345,0,187,394,726,14.1
2026-08-31 01:40,api,241,0,162,354,666,14.2
2026-08-31 01:40,db,723,0,41,89,142,1.2
2026-08-31 01:41,web,337,0,192,404,742,12.4
2026-08-31 01:41,api,236,0,167,364,682,13
2026-08-31 01:41,db,708,0,42,93,148,1.2
2026-08-31 01:42,web,328,0,189,398,733,12.7
2026-08-31 01:42,api,230,0,164,358,673,14.2
2026-08-31 01:42,db,690,0,41,91,145,1.2
2026-08-31 01:43,web,333,0,188,395,728,13.7
2026-08-31 01:43,api,233,0,163,355,668,11.3
2026-08-31 01:43,db,699,0,41,90,143,1.2
2026-08-31 01:44,web,341,0,191,402,739,14.9
2026-08-31 01:44,api,239,0,166,362,679,11.5
2026-08-31 01:44,db,717,0,42,92,147,1.3
2026-08-31 01:45,web,338,0,186,393,725,12.4
2026-08-31 01:45,api,237,0,161,353,665,13.3
2026-08-31 01:45,db,711,0,40,89,142,1.2
2026-08-31 01:46,web,346,0,185,391,722,12.7
2026-08-31 01:46,api,242,0,160,351,662,15
2026-08-31 01:46,db,726,0,40,88,140,1.2
2026-08-31 01:47,web,338,0,189,398,733,12.6
2026-08-31 01:47,api,237,0,164,358,673,14.2
2026-08-31 01:47,db,711,0,41,91,144,1.2
2026-08-31 01:48,web,329,0,184,389,718,11.9
2026-08-31 01:48,api,230,0,159,349,658,13
2026-08-31 01:48,db,690,0,40,87,139,1.1
2026-08-31 01:49,web,336,0,185,390,720,13.7
2026-08-31 01:49,api,235,0,160,350,660,12.9
2026-08-31 01:49,db,705,0,40,88,140,1.2
2026-08-31 01:50,web,343,0,186,392,723,12.2
2026-08-31 01:50,api,240,0,161,352,663,12
2026-08-31 01:50,db,720,0,40,89,141,1.2
2026-08-31 01:51,web,330,0,185,390,720,13.5
2026-08-31 01:51,api,231,0,160,350,660,13.7
2026-08-31 01:51,db,693,0,40,88,140,1.2
2026-08-31 01:52,web,342,0,188,396,730,11.8
2026-08-31 01:52,api,239,0,163,356,670,11.9
2026-08-31 01:52,db,717,0,41,90,144,1.2
2026-08-31 01:53,web,339,0,184,389,718,14.3
2026-08-31 01:53,api,237,0,159,349,658,13.9
2026-08-31 01:53,db,711,0,40,88,139,1.2
2026-08-31 01:54,web,329,0,184,388,717,13.7
2026-08-31 01:54,api,230,0,159,348,657,12.6
2026-08-31 01:54,db,690,0,40,87,139,1.1
2026-08-31 01:55,web,337,0,191,401,738,14.4
2026-08-31 01:55,api,236,0,166,361,678,14.3
2026-08-31 01:55,db,708,0,42,92,146,1.2
2026-08-31 01:56,web,339,0,189,399,734,11.8
2026-08-31 01:56,api,237,0,164,359,674,13.8
2026-08-31 01:56,db,711,0,41,91,145,1.2
2026-08-31 01:57,web,326,0,189,398,733,12.7
2026-08-31 01:57,api,228,0,164,358,673,13.4
2026-08-31 01:57,db,684,0,41,91,145,1.2
2026-08-31 01:58,web,335,0,187,394,726,13.6
2026-08-31 01:58,api,234,0,162,354,666,13.6
2026-08-31 01:58,db,702,0,41,89,142,1.2
2026-08-31 01:59,web,333,0,186,391,722,13.5
2026-08-31 01:59,api,233,0,161,351,662,11.6
2026-08-31 01:59,db,699,0,40,88,141,1.2
2026-08-31 02:00,web,335,0,189,398,733,12.3
2026-08-31 02:00,api,234,0,164,358,673,13.1
2026-08-31 02:00,db,702,0,41,91,145,1.2
2026-08-31 02:01,web,338,0,190,399,734,14.5
2026-08-31 02:01,api,237,0,165,359,674,11.7
2026-08-31 02:01,db,711,0,42,91,145,1.2
2026-08-31 02:02,web,343,0,189,398,733,12.9
2026-08-31 02:02,api,240,0,164,358,673,11.2
2026-08-31 02:02,db,720,0,41,91,144,1.2
2026-08-31 02:03,web,326,0,189,398,733,12.7
2026-08-31 02:03,api,228,0,164,358,673,14
2026-08-31 02:03,db,684,0,41,91,145,1.2
2026-08-31 02:04,web,334,0,183,386,714,14.6
2026-08-31 02:04,api,234,0,158,346,654,12.5
2026-08-31 02:04,db,702,0,39,87,138,1.2
2026-08-31 02:05,web,338,0,183,386,714,13.4
2026-08-31 02:05,api,237,0,158,346,654,14
2026-08-31 02:05,db,711,0,39,86,138,1.2
2026-08-31 02:06,web,325,0,184,389,718,15.1
2026-08-31 02:06,api,227,0,159,349,658,13.6
2026-08-31 02:06,db,681,0,40,88,139,1.1
2026-08-31 02:07,web,345,0,187,394,726,13.5
2026-08-31 02:07,api,241,0,162,354,666,11.7
2026-08-31 02:07,db,723,0,41,89,142,1.2
2026-08-31 02:08,web,327,0,189,398,733,13.4
2026-08-31 02:08,api,229,0,164,358,673,13.8
2026-08-31 02:08,db,687,0,41,91,144,1.2
2026-08-31 02:09,web,345,0,187,394,726,11.4
2026-08-31 02:09,api,241,0,162,354,666,15.1
2026-08-31 02:09,db,723,0,41,89,142,1.2
2026-08-31 02:10,web,331,0,184,388,717,13.6
2026-08-31 02:10,api,232,0,159,348,657,15
2026-08-31 02:10,db,696,0,40,87,139,1.2
2026-08-31 02:11,web,333,0,183,387,715,14.4
2026-08-31 02:11,api,233,0,158,347,655,12.7
2026-08-31 02:11,db,699,0,39,87,138,1.1
2026-08-31 02:12,web,328,0,189,397,731,12.8
2026-08-31 02:12,api,230,0,164,357,671,12.4
2026-08-31 02:12,db,690,0,41,91,144,1.2
2026-08-31 02:13,web,332,0,190,400,736,11.8
2026-08-31 02:13,api,232,0,165,360,676,11.9
2026-08-31 02:13,db,696,0,42,92,146,1.2
2026-08-31 02:14,web,339,0,187,394,726,12.6
2026-08-31 02:14,api,237,0,162,354,666,14.6
2026-08-31 02:14,db,711,0,41,90,143,1.2
2026-08-31 02:15,web,335,0,185,390,720,13.8
2026-08-31 02:15,api,234,0,160,350,660,14.7
2026-08-31 02:15,db,702,0,40,88,140,1.2
2026-08-31 02:16,web,327,0,188,395,728,14
2026-08-31 02:16,api,229,0,163,355,668,13.6
2026-08-31 02:16,db,687,0,41,90,143,1.2
2026-08-31 02:17,web,332,0,186,392,723,13.8
2026-08-31 02:17,api,232,0,161,352,663,13.8
2026-08-31 02:17,db,696,0,40,89,141,1.2
2026-08-31 02:18,web,326,0,184,388,717,12.3
2026-08-31 02:18,api,228,0,159,348,657,11.5
2026-08-31 02:18,db,684,0,40,87,139,1.1
2026-08-31 02:19,web,347,0,189,397,731,12.4
2026-08-31 02:19,api,243,0,164,357,671,14.8
2026-08-31 02:19,db,729,0,41,91,144,1.3
2026-08-31 02:20,web,326,0,187,394,726,12.3
2026-08-31 02:20,api,228,0,162,354,666,11.4
2026-08-31 02:20,db,684,0,41,89,142,1.2
2026-08-31 02:21,web,334,0,186,393,725,14.8
2026-08-31 02:21,api,234,0,161,353,665,12.9
2026-08-31 02:21,db,702,0,40,89,142,1.2
2026-08-31 02:22,web,328,0,188,396,730,12.9
2026-08-31 02:22,api,230,0,163,356,670,14.6
2026-08-31 02:22,db,690,0,41,90,143,1.2
2026-08-31 02:23,web,327,0,188,396,730,14.6
2026-08-31 02:23,api,229,0,163,356,670,13.7
2026-08-31 02:23,db,687,0,41,90,143,1.2
2026-08-31 02:24,web,345,0,192,404,742,11.6
2026-08-31 02:24,api,241,0,167,364,682,11.6
2026-08-31 02:24,db,723,0,42,93,148,1.3
2026-08-31 02:25,web,326,0,191,403,741,14.4
2026-08-31 02:25,api,228,0,166,363,681,12.7
2026-08-31 02:25,db,684,0,42,93,147,1.2
2026-08-31 02:26,web,325,0,185,390,720,13.9
2026-08-31 02:26,api,227,0,160,350,660,13.8
2026-08-31 02:26,db,681,0,40,88,140,1.1
2026-08-31 02:27,web,339,0,187,393,725,12.2
2026-08-31 02:27,api,237,0,162,353,665,11.3
2026-08-31 02:27,db,711,0,41,89,142,1.2
2026-08-31 02:28,web,345,0,187,394,726,14.8
2026-08-31 02:28,api,241,0,162,354,666,11.3
2026-08-31 02:28,db,723,0,41,89,142,1.2
2026-08-31 02:29,web,344,0,183,385,712,14.5
2026-08-31 02:29,api,241,0,158,345,652,15.1
2026-08-31 02:29,db,723,0,39,86,137,1.2
2026-08-31 02:30,web,331,0,183,385,712,14.6
2026-08-31 02:30,api,232,0,158,345,652,12
2026-08-31 02:30,db,696,0,39,86,137,1.1
2026-08-31 02:31,web,338,0,192,404,742,13.7
2026-08-31 02:31,api,237,0,167,364,682,14.3
2026-08-31 02:31,db,711,0,42,93,148,1.3
2026-08-31 02:32,web,346,0,188,396,730,14.2
2026-08-31 02:32,api,242,0,163,356,670,12.9
2026-08-31 02:32,db,726,0,41,90,143,1.2
2026-08-31 02:33,web,348,0,189,397,731,12.4
2026-08-31 02:33,api,244,0,164,357,671,11.4
2026-08-31 02:33,db,732,0,41,91,144,1.3
2026-08-31 02:34,web,331,0,189,398,733,13.9
2026-08-31 02:34,api,232,0,164,358,673,11.4
2026-08-31 02:34,db,696,0,41,91,145,1.2
2026-08-31 02:35,web,330,0,189,397,731,14.7
2026-08-31 02:35,api,231,0,164,357,671,14.4
2026-08-31 02:35,db,693,0,41,91,144,1.2
2026-08-31 02:36,web,325,0,185,391,722,11.9
2026-08-31 02:36,api,227,0,160,351,662,15.1
2026-08-31 02:36,db,681,0,40,88,140,1.1
2026-08-31 02:37,web,334,0,187,394,726,12.6
2026-08-31 02:37,api,234,0,162,354,666,11.5
2026-08-31 02:37,db,702,0,41,89,142,1.2
2026-08-31 02:38,web,332,0,186,393,725,14.2
2026-08-31 02:38,api,232,0,161,353,665,12.9
2026-08-31 02:38,db,696,0,40,89,142,1.2
2026-08-31 02:39,web,343,0,188,396,730,14.1
2026-08-31 02:39,api,240,0,163,356,670,12.9
2026-08-31 02:39,db,720,0,41,90,144,1.2
2026-08-31 02:40,web,326,0,189,399,734,13.8
2026-08-31 02:40,api,228,0,164,359,674,11.5
2026-08-31 02:40,db,684,0,41,91,145,1.2
2026-08-31 02:41,web,334,0,188,396,730,13.1
2026-08-31 02:41,api,234,0,163,356,670,12.6
2026-08-31 02:41,db,702,0,41,90,144,1.2
2026-08-31 02:42,web,337,0,190,399,734,11.5
2026-08-31 02:42,api,236,0,165,359,674,13.7
2026-08-31 02:42,db,708,0,42,91,145,1.2
2026-08-31 02:43,web,341,0,192,405,744,11.3
2026-08-31 02:43,api,239,0,167,365,684,11.8
2026-08-31 02:43,db,717,0,42,93,148,1.3
2026-08-31 02:44,web,329,0,189,399,734,11.7
2026-08-31 02:44,api,230,0,164,359,674,12.1
2026-08-31 02:44,db,690,0,41,91,145,1.2
2026-08-31 02:45,web,332,0,184,389,718,15.1
2026-08-31 02:45,api,232,0,159,349,658,13.2
2026-08-31 02:45,db,696,0,40,88,139,1.2
2026-08-31 02:46,web,338,0,189,399,734,14.8
2026-08-31 02:46,api,237,0,164,359,674,11.2
2026-08-31 02:46,db,711,0,41,91,145,1.2
2026-08-31 02:47,web,331,0,188,397,731,13.9
2026-08-31 02:47,api,232,0,163,357,671,11.3
2026-08-31 02:47,db,696,0,41,90,144,1.2
2026-08-31 02:48,web,334,0,190,399,734,13.7
2026-08-31 02:48,api,234,0,165,359,674,11.9
2026-08-31 02:48,db,702,0,42,91,145,1.2
2026-08-31 02:49,web,326,0,190,400,736,14.5
2026-08-31 02:49,api,228,0,165,360,676,11.9
2026-08-31 02:49,db,684,0,42,92,146,1.2
2026-08-31 02:50,web,339,0,183,387,715,12.6
2026-08-31 02:50,api,237,0,158,347,655,14.4
2026-08-31 02:50,db,711,0,39,87,138,1.2
2026-08-31 02:51,web,341,0,192,405,744,12.4
2026-08-31 02:51,api,239,0,167,365,684,13.4
2026-08-31 02:51,db,717,0,42,93,148,1.3
2026-08-31 02:52,web,328,0,192,403,741,12.8
2026-08-31 02:52,api,230,0,167,363,681,12.1
2026-08-31 02:52,db,690,0,42,93,148,1.2
2026-08-31 02:53,web,345,0,189,397,731,12.1
2026-08-31 02:53,api,241,0,164,357,671,12.3
2026-08-31 02:53,db,723,0,41,91,144,1.2
2026-08-31 02:54,web,331,0,189,397,731,14.7
2026-08-31 02:54,api,232,0,164,357,671,12.1
2026-08-31 02:54,db,696,0,41,91,144,1.2
2026-08-31 02:55,web,338,0,184,389,718,13
2026-08-31 02:55,api,237,0,159,349,658,14.7
2026-08-31 02:55,db,711,0,40,88,139,1.2
2026-08-31 02:56,web,347,0,190,401,738,12.5
2026-08-31 02:56,api,243,0,165,361,678,13.6
2026-08-31 02:56,db,729,0,42,92,146,1.3
2026-08-31 02:57,web,335,0,188,396,730,14.4
2026-08-31 02:57,api,234,0,163,356,670,14
2026-08-31 02:57,db,702,0,41,90,143,1.2
2026-08-31 02:58,web,327,0,188,396,730,11.9
2026-08-31 02:58,api,229,0,163,356,670,13.1
2026-08-31 02:58,db,687,0,41,90,143,1.2
2026-08-31 02:59,web,331,0,187,394,726,11.3
2026-08-31 02:59,api,232,0,162,354,666,14.3
2026-08-31 02:59,db,696,0,41,89,142,1.2
2026-08-31 03:00,web,331,0,190,400,736,13.8
2026-08-31 03:00,api,232,0,165,360,676,12.4
2026-08-31 03:00,db,696,0,42,92,146,1.2
2026-08-31 03:01,web,339,0,186,393,725,14.2
2026-08-31 03:01,api,237,0,161,353,665,12.8
2026-08-31 03:01,db,711,0,40,89,141,1.2
2026-08-31 03:02,web,342,0,183,387,715,13.7
2026-08-31 03:02,api,239,0,158,347,655,12.6
2026-08-31 03:02,db,717,0,39,87,138,1.2
2026-08-31 03:03,web,352,0,187,394,726,12.7
2026-08-31 03:03,api,246,0,162,354,666,13.5
2026-08-31 03:03,db,738,0,41,90,142,1.3
2026-08-31 03:04,web,338,0,187,393,725,14.1
2026-08-31 03:04,api,237,0,162,353,665,12.4
2026-08-31 03:04,db,711,0,41,89,142,1.2
2026-08-31 03:05,web,337,0,184,389,718,13.4
2026-08-31 03:05,api,236,0,159,349,658,15
2026-08-31 03:05,db,708,0,40,88,139,1.2
2026-08-31 03:06,web,351,0,187,394,726,11.9
2026-08-31 03:06,api,246,0,162,354,666,14.2
2026-08-31 03:06,db,738,0,41,89,142,1.3
2026-08-31 03:07,web,356,0,183,386,714,13.8
2026-08-31 03:07,api,249,0,158,346,654,12.8
2026-08-31 03:07,db,747,0,39,87,138,1.2
2026-08-31 03:08,web,350,0,183,386,714,13.5
2026-08-31 03:08,api,245,0,158,346,654,11.9
2026-08-31 03:08,db,735,0,39,87,138,1.2
2026-08-31 03:09,web,365,0,183,387,715,12.3
2026-08-31 03:09,api,255,0,158,347,655,12.7
2026-08-31 03:09,db,765,0,39,87,138,1.3
2026-08-31 03:10,web,367,0,192,405,744,11.9
2026-08-31 03:10,api,257,0,167,365,684,15.3
2026-08-31 03:10,db,771,0,42,93,149,1.4
2026-08-31 03:11,web,365,0,186,392,723,12.6
2026-08-31 03:11,api,255,0,161,352,663,14
2026-08-31 03:11,db,765,0,40,89,141,1.3
2026-08-31 03:12,web,369,0,183,386,714,12.3
2026-08-31 03:12,api,258,0,158,346,654,13
2026-08-31 03:12,db,774,0,39,87,138,1.3
2026-08-31 03:13,web,372,0,188,396,730,14.2
2026-08-31 03:13,api,260,0,163,356,670,11.8
2026-08-31 03:13,db,780,0,41,90,143,1.3
2026-08-31 03:14,web,358,0,188,395,728,13.9
2026-08-31 03:14,api,251,0,163,355,668,13.1
2026-08-31 03:14,db,753,0,41,90,143,1.3
2026-08-31 03:15,web,378,0,191,402,739,11.3
2026-08-31 03:15,api,265,0,166,362,679,14.1
2026-08-31 03:15,db,795,0,42,93,147,1.4
2026-08-31 03:16,web,363,0,185,390,720,15
2026-08-31 03:16,api,254,0,160,350,660,11.4
2026-08-31 03:16,db,762,0,40,88,140,1.3
2026-08-31 03:17,web,376,0,191,402,739,13.8
2026-08-31 03:17,api,263,0,166,362,679,14.6
2026-08-31 03:17,db,789,0,42,93,147,1.4
2026-08-31 03:18,web,382,0,190,401,738,15
2026-08-31 03:18,api,267,0,165,361,678,13.7
2026-08-31 03:18,db,801,0,42,92,146,1.4
2026-08-31 03:19,web,363,0,192,404,742,13
2026-08-31 03:19,api,254,0,167,364,682,12.3
2026-08-31 03:19,db,762,0,42,93,148,1.3
2026-08-31 03:20,web,381,0,188,396,730,13.6
2026-08-31 03:20,api,267,0,163,356,670,13.4
2026-08-31 03:20,db,801,0,41,90,143,1.4
2026-08-31 03:21,web,373,0,191,402,739,14.6
2026-08-31 03:21,api,261,0,166,362,679,12.2
2026-08-31 03:21,db,783,0,42,92,147,1.4
2026-08-31 03:22,web,384,0,187,394,726,14.4
2026-08-31 03:22,api,269,0,162,354,666,14.1
2026-08-31 03:22,db,807,0,41,89,142,1.4
2026-08-31 03:23,web,396,0,184,389,718,12.6
2026-08-31 03:23,api,277,0,159,349,658,12.1
2026-08-31 03:23,db,831,0,40,88,139,1.4
2026-08-31 03:24,web,383,0,187,394,726,14.5
2026-08-31 03:24,api,268,0,162,354,666,11.5
2026-08-31 03:24,db,804,0,41,89,142,1.4
2026-08-31 03:25,web,394,0,187,395,728,14.8
2026-08-31 03:25,api,276,0,162,355,668,11.4
2026-08-31 03:25,db,828,0,41,90,143,1.4
2026-08-31 03:26,web,401,0,184,388,717,11.9
2026-08-31 03:26,api,281,0,159,348,657,11.8
2026-08-31 03:26,db,843,0,40,87,139,1.4
2026-08-31 03:27,web,378,0,189,398,733,14.9
2026-08-31 03:27,api,265,0,164,358,673,11.5
2026-08-31 03:27,db,795,0,41,91,145,1.4
2026-08-31 03:28,web,388,0,188,397,731,14.9
2026-08-31 03:28,api,272,0,163,357,671,12.6
2026-08-31 03:28,db,816,0,41,91,144,1.4
2026-08-31 03:29,web,394,0,191,402,739,12
2026-08-31 03:29,api,276,0,166,362,679,13.4
2026-08-31 03:29,db,828,0,42,92,147,1.4
2026-08-31 03:30,web,396,0,187,394,726,15.3
2026-08-31 03:30,api,277,0,162,354,666,11.6
2026-08-31 03:30,db,831,0,41,89,142,1.4
2026-08-31 03:31,web,390,0,183,386,714,14.7
2026-08-31 03:31,api,273,0,158,346,654,14.4
2026-08-31 03:31,db,819,0,39,87,138,1.3
2026-08-31 03:32,web,413,0,184,388,717,11.5
2026-08-31 03:32,api,289,0,159,348,657,13.8
2026-08-31 03:32,db,867,0,40,87,139,1.4
2026-08-31 03:33,web,410,0,188,397,731,13.7
2026-08-31 03:33,api,287,0,163,357,671,14.6
2026-08-31 03:33,db,861,0,41,91,144,1.5
2026-08-31 03:34,web,416,0,191,402,739,14.5
2026-08-31 03:34,api,291,0,166,362,679,13.5
2026-08-31 03:34,db,873,0,42,92,147,1.5
2026-08-31 03:35,web,397,0,185,390,720,15.4
2026-08-31 03:35,api,278,0,160,350,660,12.4
2026-08-31 03:35,db,834,0,40,88,140,1.4
2026-08-31 03:36,web,395,0,193,406,746,11.9
2026-08-31 03:36,api,277,0,168,366,686,11.8
2026-08-31 03:36,db,831,0,43,94,149,1.5
2026-08-31 03:37,web,399,0,188,396,730,14.5
2026-08-31 03:37,api,279,0,163,356,670,12.6
2026-08-31 03:37,db,837,0,41,90,144,1.4
2026-08-31 03:38,web,404,0,186,392,723,12.1
2026-08-31 03:38,api,283,0,161,352,663,12.8
2026-08-31 03:38,db,849,0,40,89,141,1.4
2026-08-31 03:39,web,429,0,192,403,741,14.5
2026-08-31 03:39,api,300,0,167,363,681,14.7
2026-08-31 03:39,db,900,0,42,93,148,1.6
2026-08-31 03:40,web,401,0,187,394,726,13.5
2026-08-31 03:40,api,281,0,162,354,666,15.2
2026-08-31 03:40,db,843,0,41,90,142,1.4
2026-08-31 03:41,web,403,0,185,390,720,15.3
2026-08-31 03:41,api,282,0,160,350,660,13.1
2026-08-31 03:41,db,846,0,40,88,140,1.4
2026-08-31 03:42,web,427,0,186,393,725,15
2026-08-31 03:42,api,299,0,161,353,665,11.6
2026-08-31 03:42,db,897,0,40,89,141,1.5
2026-08-31 03:43,web,409,0,186,391,722,13.1
2026-08-31 03:43,api,286,0,161,351,662,14
2026-08-31 03:43,db,858,0,40,89,141,1.4
2026-08-31 03:44,web,410,0,188,395,728,14.5
2026-08-31 03:44,api,287,0,163,355,668,14.7
2026-08-31 03:44,db,861,0,41,90,143,1.5
2026-08-31 03:45,web,432,0,187,393,725,13.8
2026-08-31 03:45,api,302,0,162,353,665,14.3
2026-08-31 03:45,db,906,0,41,89,142,1.5
2026-08-31 03:46,web,417,0,190,400,736,14.6
2026-08-31 03:46,api,292,0,165,360,676,15.5
2026-08-31 03:46,db,876,0,42,92,146,1.5
2026-08-31 03:47,web,427,0,190,401,738,13.7
2026-08-31 03:47,api,299,0,165,361,678,14.4
2026-08-31 03:47,db,897,0,42,92,146,1.6
2026-08-31 03:48,web,428,0,185,389,718,15.5
2026-08-31 03:48,api,300,0,160,349,658,13.6
2026-08-31 03:48,db,900,0,40,88,140,1.5
2026-08-31 03:49,web,432,0,192,403,741,15.5
2026-08-31 03:49,api,302,0,167,363,681,15.2
2026-08-31 03:49,db,906,0,42,93,148,1.6
2026-08-31 03:50,web,423,0,189,398,733,13.1
2026-08-31 03:50,api,296,0,164,358,673,15.1
2026-08-31 03:50,db,888,0,41,91,144,1.5
2026-08-31 03:51,web,425,0,192,404,742,11.7
2026-08-31 03:51,api,298,0,167,364,682,13.6
2026-08-31 03:51,db,894,0,42,93,148,1.6
2026-08-31 03:52,web,451,0,188,396,730,12.5
2026-08-31 03:52,api,316,0,163,356,670,13.4
2026-08-31 03:52,db,948,0,41,90,143,1.6
2026-08-31 03:53,web,436,0,191,401,738,13.5
2026-08-31 03:53,api,305,0,166,361,678,12.1
2026-08-31 03:53,db,915,0,42,92,146,1.6
2026-08-31 03:54,web,435,0,191,403,741,15.2
2026-08-31 03:54,api,305,0,166,363,681,14.6
2026-08-31 03:54,db,915,0,42,93,148,1.6
2026-08-31 03:55,web,454,0,185,389,718,13.9
2026-08-31 03:55,api,318,0,160,349,658,11.9
2026-08-31 03:55,db,954,0,40,88,140,1.6
2026-08-31 03:56,web,459,0,190,400,736,12.1
2026-08-31 03:56,api,321,0,165,360,676,15.3
2026-08-31 03:56,db,963,0,42,92,146,1.7
2026-08-31 03:57,web,456,0,190,401,738,13.7
2026-08-31 03:57,api,319,0,165,361,678,15.2
2026-08-31 03:57,db,957,0,42,92,146,1.7
2026-08-31 03:58,web,447,0,190,401,738,12.7
2026-08-31 03:58,api,313,0,165,361,678,13.1
2026-08-31 03:58,db,939,0,42,92,146,1.6
2026-08-31 03:59,web,459,0,184,388,717,14.6
2026-08-31 03:59,api,321,0,159,348,657,11.9
2026-08-31 03:59,db,963,0,40,87,139,1.6
2026-08-31 04:00,web,454,0,194,407,747,14.6
2026-08-31 04:00,api,318,0,169,367,687,14.9
2026-08-31 04:00,db,954,0,43,94,150,1.7
2026-08-31 04:01,web,448,0,186,392,723,12.4
2026-08-31 04:01,api,314,0,161,352,663,13.9
2026-08-31 04:01,db,942,0,40,89,141,1.6
2026-08-31 04:02,web,478,0,190,399,734,15.6
2026-08-31 04:02,api,335,0,165,359,674,13.1
2026-08-31 04:02,db,1005,0,42,91,145,1.7
2026-08-31 04:03,web,494,0,187,394,726,13.4
2026-08-31 04:03,api,346,0,162,354,666,15.4
2026-08-31 04:03,db,1038,0,41,89,142,1.8
2026-08-31 04:04,web,480,0,192,404,742,12.9
2026-08-31 04:04,api,336,0,167,364,682,14.2
2026-08-31 04:04,db,1008,0,42,93,148,1.8
2026-08-31 04:05,web,499,0,186,391,722,15
2026-08-31 04:05,api,349,0,161,351,662,14.3
2026-08-31 04:05,db,1047,0,40,88,141,1.8
2026-08-31 04:06,web,527,0,194,407,747,13
2026-08-31 04:06,api,369,0,169,367,687,15.4
2026-08-31 04:06,db,1107,0,43,94,150,2
2026-08-31 04:07,web,517,0,193,406,746,14.2
2026-08-31 04:07,api,362,0,168,366,686,15.4
2026-08-31 04:07,db,1086,0,43,94,150,1.9
2026-08-31 04:08,web,517,0,187,394,726,13.4
2026-08-31 04:08,api,362,0,162,354,666,14
2026-08-31 04:08,db,1086,0,41,90,143,1.8
2026-08-31 04:09,web,545,0,194,409,750,12.5
2026-08-31 04:09,api,382,0,169,369,690,15.9
2026-08-31 04:09,db,1146,0,43,95,151,2.1
2026-08-31 04:10,web,559,0,193,406,746,14.9
2026-08-31 04:10,api,391,0,168,366,686,12.5
2026-08-31 04:10,db,1173,0,43,94,149,2.1
2026-08-31 04:11,web,564,0,188,396,730,12.5
2026-08-31 04:11,api,395,0,163,356,670,12.9
2026-08-31 04:11,db,1185,0,41,90,144,2
2026-08-31 04:12,web,563,0,188,396,730,12.9
2026-08-31 04:12,api,394,0,163,356,670,14
2026-08-31 04:12,db,1182,0,41,90,143,2
2026-08-31 04:13,web,565,0,188,395,728,14.7
2026-08-31 04:13,api,396,0,163,355,668,15.9
2026-08-31 04:13,db,1188,0,41,90,143,2
2026-08-31 04:14,web,580,0,193,406,746,15
2026-08-31 04:14,api,406,0,168,366,686,15
2026-08-31 04:14,db,1218,0,43,94,149,2.2
2026-08-31 04:15,web,615,0,194,408,749,13.9
2026-08-31 04:15,api,431,0,169,368,689,14.2
2026-08-31 04:15,db,1293,0,43,95,151,2.3
2026-08-31 04:16,web,622,0,191,402,739,14.1
2026-08-31 04:16,api,435,0,166,362,679,16
2026-08-31 04:16,db,1305,0,42,92,147,2.3
2026-08-31 04:17,web,615,0,190,399,734,16.1
2026-08-31 04:17,api,431,0,165,359,674,13.5
2026-08-31 04:17,db,1293,0,42,91,146,2.2
2026-08-31 04:18,web,641,0,190,399,734,14.8
2026-08-31 04:18,api,449,0,165,359,674,14.9
2026-08-31 04:18,db,1347,0,42,91,146,2.3
2026-08-31 04:19,web,642,0,195,409,750,13.1
2026-08-31 04:19,api,449,0,170,369,690,13.7
2026-08-31 04:19,db,1347,0,43,95,151,2.4
2026-08-31 04:20,web,653,0,190,399,734,13.2
2026-08-31 04:20,api,457,0,165,359,674,15.8
2026-08-31 04:20,db,1371,0,42,91,145,2.4
2026-08-31 04:21,web,639,0,194,407,747,16.4
2026-08-31 04:21,api,447,0,169,367,687,14.5
2026-08-31 04:21,db,1341,0,43,94,150,2.4
2026-08-31 04:22,web,659,0,192,404,742,15.3
2026-08-31 04:22,api,461,0,167,364,682,14.5
2026-08-31 04:22,db,1383,0,42,93,148,2.4
2026-08-31 04:23,web,681,0,186,392,723,16.6
2026-08-31 04:23,api,477,0,161,352,663,15.7
2026-08-31 04:23,db,1431,0,40,89,141,2.4
2026-08-31 04:24,web,683,0,191,402,739,16.3
2026-08-31 04:24,api,478,0,166,362,679,16.1
2026-08-31 04:24,db,1434,0,42,93,147,2.5
2026-08-31 04:25,web,728,0,190,400,736,13.4
2026-08-31 04:25,api,510,0,165,360,676,15.4
2026-08-31 04:25,db,1530,0,42,92,146,2.7
2026-08-31 04:26,web,692,0,187,394,726,13.5
2026-08-31 04:26,api,484,0,162,354,666,14.6
2026-08-31 04:26,db,1452,0,41,90,143,2.5
2026-08-31 04:27,web,715,0,191,403,741,16.8
2026-08-31 04:27,api,500,0,166,363,681,16.7
2026-08-31 04:27,db,1500,0,42,93,148,2.6
2026-08-31 04:28,web,724,0,187,393,725,16.8
2026-08-31 04:28,api,507,0,162,353,665,15.2
2026-08-31 04:28,db,1521,0,41,89,142,2.6
2026-08-31 04:29,web,763,0,196,411,754,15
2026-08-31 04:29,api,534,0,171,371,694,15
2026-08-31 04:29,db,1602,0,44,96,152,2.9
2026-08-31 04:30,web,780,0,187,395,728,17
2026-08-31 04:30,api,546,0,162,355,668,14.1
2026-08-31 04:30,db,1638,0,41,90,143,2.8
2026-08-31 04:31,web,781,0,190,400,736,15
2026-08-31 04:31,api,547,0,165,360,676,16.6
2026-08-31 04:31,db,1641,0,42,92,146,2.8
2026-08-31 04:32,web,800,0,192,404,742,16.3
2026-08-31 04:32,api,560,0,167,364,682,13.6
2026-08-31 04:32,db,1680,0,42,93,148,3
2026-08-31 04:33,web,797,0,190,399,734,13.3
2026-08-31 04:33,api,558,0,165,359,674,14.4
2026-08-31 04:33,db,1674,0,42,91,145,2.9
2026-08-31 04:34,web,774,0,190,400,736,16
2026-08-31 04:34,api,542,0,165,360,676,15.3
2026-08-31 04:34,db,1626,0,42,92,146,2.8
2026-08-31 04:35,web,770,0,187,395,728,16.7
2026-08-31 04:35,api,539,0,162,355,668,15.8
2026-08-31 04:35,db,1617,0,41,90,143,2.7
2026-08-31 04:36,web,797,0,193,407,747,15.8
2026-08-31 04:36,api,558,0,168,367,687,17.3
2026-08-31 04:36,db,1674,0,43,94,150,3
2026-08-31 04:37,web,840,0,194,407,747,14.8
2026-08-31 04:37,api,588,0,169,367,687,14.9
2026-08-31 04:37,db,1764,0,43,94,150,3.1
2026-08-31 04:38,web,809,0,196,413,757,14.4
2026-08-31 04:38,api,566,0,171,373,697,16.6
2026-08-31 04:38,db,1698,0,44,96,153,3.1
2026-08-31 04:39,web,803,0,190,399,734,15.9
2026-08-31 04:39,api,562,0,165,359,674,16.2
2026-08-31 04:39,db,1686,0,42,91,145,2.9
2026-08-31 04:40,web,866,0,188,396,730,13.9
2026-08-31 04:40,api,606,0,163,356,670,14.3
2026-08-31 04:40,db,1818,0,41,90,144,3.1
2026-08-31 04:41,web,825,0,189,398,733,14.4
2026-08-31 04:41,api,578,0,164,358,673,14.9
2026-08-31 04:41,db,1734,0,41,91,145,3
2026-08-31 04:42,web,869,0,194,408,749,16
2026-08-31 04:42,api,608,0,169,368,689,15.2
2026-08-31 04:42,db,1824,0,43,95,151,3.3
2026-08-31 04:43,web,893,0,192,404,742,13.9
2026-08-31 04:43,api,625,0,167,364,682,15.2
2026-08-31 04:43,db,1875,0,42,93,148,3.3
2026-08-31 04:44,web,915,0,195,409,750,16.3
2026-08-31 04:44,api,641,0,170,369,690,17.1
2026-08-31 04:44,db,1923,0,43,95,151,3.5
2026-08-31 04:45,web,915,0,197,413,757,14.7
2026-08-31 04:45,api,641,0,172,373,697,17.1
2026-08-31 04:45,db,1923,0,44,96,153,3.5
2026-08-31 04:46,web,934,0,191,402,739,14.1
2026-08-31 04:46,api,654,0,166,362,679,17.8
2026-08-31 04:46,db,1962,0,42,93,147,3.4
2026-08-31 04:47,web,914,0,191,402,739,15.5
2026-08-31 04:47,api,640,0,166,362,679,18
2026-08-31 04:47,db,1920,0,42,93,147,3.4
2026-08-31 04:48,web,924,0,196,413,757,14.7
2026-08-31 04:48,api,647,0,171,373,697,16.4
2026-08-31 04:48,db,1941,0,44,96,153,3.5
2026-08-31 04:49,web,906,0,197,414,758,14.5
2026-08-31 04:49,api,634,0,172,374,698,18.2
2026-08-31 04:49,db,1902,0,44,97,154,3.5
2026-08-31 04:50,web,914,0,193,407,747,16.4
2026-08-31 04:50,api,640,0,168,367,687,18.1
2026-08-31 04:50,db,1920,0,43,94,150,3.4
2026-08-31 04:51,web,961,0,195,410,752,17.7
2026-08-31 04:51,api,673,0,170,370,692,14.8
2026-08-31 04:51,db,2019,0,43,95,152,3.6
2026-08-31 04:52,web,936,0,196,413,757,17.6
2026-08-31 04:52,api,655,0,171,373,697,16.8
2026-08-31 04:52,db,1965,0,44,96,153,3.6
2026-08-31 04:53,web,1000,0,189,399,734,18
2026-08-31 04:53,api,700,0,164,359,674,17.8
2026-08-31 04:53,db,2100,0,41,91,145,3.6
2026-08-31 04:54,web,1025,0,193,407,747,15.5
2026-08-31 04:54,api,718,0,168,367,687,17.3
2026-08-31 04:54,db,2154,0,43,94,150,3.8
2026-08-31 04:55,web,982,0,197,414,758,18.1
2026-08-31 04:55,api,687,0,172,374,698,16.7
2026-08-31 04:55,db,2061,0,44,97,154,3.8
2026-08-31 04:56,web,963,0,199,417,763,16.6
2026-08-31 04:56,api,674,0,174,377,703,15.2
2026-08-31 04:56,db,2022,0,45,98,156,3.8
2026-08-31 04:57,web,979,0,197,413,757,16.9
2026-08-31 04:57,api,685,0,172,373,697,14.9
2026-08-31 04:57,db,2055,0,44,97,154,3.8
2026-08-31 04:58,web,1020,0,189,399,734,18.2
2026-08-31 04:58,api,714,0,164,359,674,15
2026-08-31 04:58,db,2142,0,41,91,145,3.7
2026-08-31 04:59,web,991,0,196,413,757,15.8
2026-08-31 04:59,api,694,0,171,373,697,18.6
2026-08-31 04:59,db,2082,0,44,96,153,3.8
2026-08-31 05:00,web,1015,0,198,417,763,15.1
2026-08-31 05:00,api,711,0,173,377,703,18.2
2026-08-31 05:00,db,2133,0,44,98,156,3.9
2026-08-31 05:01,web,1032,0,199,417,763,16.5
2026-08-31 05:01,api,722,0,174,377,703,18.4
2026-08-31 05:01,db,2166,0,45,98,156,4
2026-08-31 05:02,web,1161,1,195,410,752,15.3
2026-08-31 05:02,api,813,1,170,370,692,17.5
2026-08-31 05:02,db,2439,0,43,95,152,4.4
2026-08-31 05:03,web,1175,0,192,403,741,16.6
2026-08-31 05:03,api,823,0,167,363,681,18
2026-08-31 05:03,db,2469,0,42,93,148,4.3
2026-08-31 05:04,web,1199,0,191,402,739,16.7
2026-08-31 05:04,api,839,0,166,362,679,15.5
2026-08-31 05:04,db,2517,0,42,93,147,4.4
2026-08-31 05:05,web,1218,0,199,418,765,16.6
2026-08-31 05:05,api,853,0,174,378,705,17.3
2026-08-31 05:05,db,2559,0,45,98,156,4.8
2026-08-31 05:06,web,1270,1,195,410,752,17.6
2026-08-31 05:06,api,889,1,170,370,692,16.6
2026-08-31 05:06,db,2667,0,43,95,152,4.8
2026-08-31 05:07,web,1317,0,201,423,773,15.7
2026-08-31 05:07,api,922,0,176,383,713,17.3
2026-08-31 05:07,db,2766,0,45,100,159,5.2
2026-08-31 05:08,web,1374,1,200,420,768,16.9
2026-08-31 05:08,api,962,0,175,380,708,16.3
2026-08-31 05:08,db,2886,0,45,99,157,5.4
2026-08-31 05:09,web,1358,1,193,405,744,17.5
2026-08-31 05:09,api,951,1,168,365,684,18.1
2026-08-31 05:09,db,2853,0,43,94,149,5.1
2026-08-31 05:10,web,1328,0,198,416,762,16.3
2026-08-31 05:10,api,930,0,173,376,702,18.9
2026-08-31 05:10,db,2790,0,44,97,155,5.1
2026-08-31 05:11,web,1420,1,202,425,776,17.6
2026-08-31 05:11,api,994,0,177,385,716,17.5
2026-08-31 05:11,db,2982,0,46,101,160,5.7
2026-08-31 05:12,web,1388,1,194,408,749,19.1
2026-08-31 05:12,api,972,1,169,368,689,18.5
2026-08-31 05:12,db,2916,0,43,94,150,5.2
2026-08-31 05:13,web,1436,0,198,417,763,18.8
2026-08-31 05:13,api,1005,0,173,377,703,17.5
2026-08-31 05:13,db,3015,0,44,98,156,5.6
2026-08-31 05:14,web,1475,1,203,426,778,17.2
2026-08-31 05:14,api,1033,1,178,386,718,19.7
2026-08-31 05:14,db,3099,0,46,101,161,5.9
2026-08-31 05:15,web,1482,1,201,421,770,17.9
2026-08-31 05:15,api,1037,1,176,381,710,19.4
2026-08-31 05:15,db,3111,0,45,99,158,5.9
2026-08-31 05:16,web,1628,2,198,415,760,17
2026-08-31 05:16,api,1140,1,173,375,700,21.4
2026-08-31 05:16,db,3420,0,44,97,155,6.3
2026-08-31 05:17,web,1561,1,202,424,774,18.2
2026-08-31 05:17,api,1093,1,177,384,714,20.2
2026-08-31 05:17,db,3279,0,46,100,160,6.2
2026-08-31 05:18,web,1599,2,197,414,758,20.9
2026-08-31 05:18,api,1119,1,172,374,698,19.7
2026-08-31 05:18,db,3357,0,44,97,154,6.1
2026-08-31 05:19,web,1666,2,197,413,757,18.9
2026-08-31 05:19,api,1166,1,172,373,697,19.4
2026-08-31 05:19,db,3498,0,44,96,153,6.4
2026-08-31 05:20,web,1694,1,204,428,781,19.2
2026-08-31 05:20,api,1186,1,179,388,721,18.1
2026-08-31 05:20,db,3558,0,46,102,162,6.9
2026-08-31 05:21,web,1690,1,200,421,770,21.6
2026-08-31 05:21,api,1183,0,175,381,710,20.8
2026-08-31 05:21,db,3549,0,45,99,158,6.7
2026-08-31 05:22,web,1781,1,203,426,778,20.4
2026-08-31 05:22,api,1247,0,178,386,718,21
2026-08-31 05:22,db,3741,0,46,101,161,7.2
2026-08-31 05:23,web,1829,2,200,420,768,19.7
2026-08-31 05:23,api,1280,1,175,380,708,21.9
2026-08-31 05:23,db,3840,0,45,99,157,7.2
2026-08-31 05:24,web,1907,2,202,425,776,20.5
2026-08-31 05:24,api,1335,1,177,385,716,18.9
2026-08-31 05:24,db,4005,0,46,101,160,7.6
2026-08-31 05:25,web,1930,1,201,421,770,21.5
2026-08-31 05:25,api,1351,1,176,381,710,22.7
2026-08-31 05:25,db,4053,0,45,99,158,7.6
2026-08-31 05:26,web,1862,1,204,428,781,19.4
2026-08-31 05:26,api,1303,0,179,388,721,21.3
2026-08-31 05:26,db,3909,0,46,102,162,7.6
2026-08-31 05:27,web,1898,1,205,429,782,21.8
2026-08-31 05:27,api,1329,1,180,389,722,19.3
2026-08-31 05:27,db,3987,0,47,102,163,7.7
2026-08-31 05:28,web,2023,1,205,429,782,21.2
2026-08-31 05:28,api,1416,0,180,389,722,20.5
2026-08-31 05:28,db,4248,0,47,102,163,8.2
2026-08-31 05:29,web,2110,1,205,430,784,20.4
2026-08-31 05:29,api,1477,1,180,390,724,23.2
2026-08-31 05:29,db,4431,0,47,103,163,8.6
2026-08-31 05:30,web,2042,2,202,424,774,20.7
2026-08-31 05:30,api,1429,1,177,384,714,23.5
2026-08-31 05:30,db,4287,0,46,100,160,8.2
2026-08-31 05:31,web,2158,2,201,423,773,20.2
2026-08-31 05:31,api,1511,1,176,383,713,20.5
2026-08-31 05:31,db,4533,0,45,100,159,8.6
2026-08-31 05:32,web,2051,2,209,438,797,20
2026-08-31 05:32,api,1436,1,184,398,737,22.4
2026-08-31 05:32,db,4308,0,48,106,168,8.6
2026-08-31 05:33,web,2081,2,202,423,773,21
2026-08-31 05:33,api,1457,1,177,383,713,21.8
2026-08-31 05:33,db,4371,0,46,100,159,8.3
2026-08-31 05:34,web,2136,1,201,423,773,22.3
2026-08-31 05:34,api,1495,1,176,383,713,24.1
2026-08-31 05:34,db,4485,0,45,100,159,8.5
2026-08-31 05:35,web,2136,1,204,427,779,19.9
2026-08-31 05:35,api,1495,1,179,387,719,22.4
2026-08-31 05:35,db,4485,0,46,102,162,8.6
2026-08-31 05:36,web,2315,2,210,440,800,20.2
2026-08-31 05:36,api,1621,1,185,400,740,21.2
2026-08-31 05:36,db,4863,0,48,106,169,9.8
2026-08-31 05:37,web,2342,1,204,428,781,21.5
2026-08-31 05:37,api,1639,1,179,388,721,24.5
2026-08-31 05:37,db,4917,0,46,102,162,9.5
2026-08-31 05:38,web,2258,1,212,444,806,20.5
2026-08-31 05:38,api,1581,0,187,404,746,23.6
2026-08-31 05:38,db,4743,0,49,108,172,9.7
2026-08-31 05:39,web,2461,2,204,429,782,22.6
2026-08-31 05:39,api,1723,1,179,389,722,21.6
2026-08-31 05:39,db,5169,0,46,102,163,10
2026-08-31 05:40,web,2385,2,209,439,798,23.9
2026-08-31 05:40,api,1670,1,184,399,738,24.9
2026-08-31 05:40,db,5010,0,48,106,168,10
2026-08-31 05:41,web,2398,2,205,431,786,23.2
2026-08-31 05:41,api,1679,1,180,391,726,24.7
2026-08-31 05:41,db,5037,0,47,103,164,9.8
2026-08-31 05:42,web,2402,2,212,445,808,21.7
2026-08-31 05:42,api,1681,1,187,405,748,22
2026-08-31 05:42,db,5043,0,49,108,172,10.3
2026-08-31 05:43,web,2520,2,204,429,782,22.9
2026-08-31 05:43,api,1764,1,179,389,722,22.9
2026-08-31 05:43,db,5292,0,46,102,163,10.2
2026-08-31 05:44,web,2500,2,209,438,797,24
2026-08-31 05:44,api,1750,1,184,398,737,24.6
2026-08-31 05:44,db,5250,0,48,106,168,10.5
2026-08-31 05:45,web,2582,2,210,441,802,25.2
2026-08-31 05:45,api,1807,1,185,401,742,25.5
2026-08-31 05:45,db,5421,0,48,107,170,10.9
2026-08-31 05:46,web,2509,2,211,442,803,22.2
2026-08-31 05:46,api,1756,1,186,402,743,23.8
2026-08-31 05:46,db,5268,0,49,107,171,10.7
2026-08-31 05:47,web,2690,2,212,444,806,23.5
2026-08-31 05:47,api,1883,1,187,404,746,25.4
2026-08-31 05:47,db,5649,0,49,108,172,11.5
2026-08-31 05:48,web,2775,2,206,432,787,25.9
2026-08-31 05:48,api,1942,1,181,392,727,24
2026-08-31 05:48,db,5826,0,47,103,164,11.4
2026-08-31 05:49,web,2782,2,211,441,802,23.5
2026-08-31 05:49,api,1947,1,186,401,742,23.3
2026-08-31 05:49,db,5841,0,49,107,170,11.8
2026-08-31 05:50,web,2654,2,216,452,819,23.9
2026-08-31 05:50,api,1858,1,191,412,759,25.1
2026-08-31 05:50,db,5574,0,50,111,176,11.7
2026-08-31 05:51,web,2758,2,209,437,795,22.6
2026-08-31 05:51,api,1931,1,184,397,735,26
2026-08-31 05:51,db,5793,0,48,105,167,11.6
2026-08-31 05:52,web,2799,2,213,446,810,23
2026-08-31 05:52,api,1959,1,188,406,750,25
2026-08-31 05:52,db,5877,0,49,108,172,12.1
2026-08-31 05:53,web,2868,2,213,446,810,26.3
2026-08-31 05:53,api,2008,1,188,406,750,24.4
2026-08-31 05:53,db,6024,0,49,109,173,12.4
2026-08-31 05:54,web,2907,2,215,451,818,25.1
2026-08-31 05:54,api,2035,1,190,411,758,27.1
2026-08-31 05:54,db,6105,0,50,110,175,12.7
2026-08-31 05:55,web,2916,2,209,439,798,23.4
2026-08-31 05:55,api,2041,1,184,399,738,25.4
2026-08-31 05:55,db,6123,0,48,106,168,12.3
2026-08-31 05:56,web,2995,2,210,440,800,24.4
2026-08-31 05:56,api,2097,1,185,400,740,27.6
2026-08-31 05:56,db,6291,0,48,106,169,12.7
2026-08-31 05:57,web,2922,2,211,441,802,26.6
2026-08-31 05:57,api,2045,1,186,401,742,27.9
2026-08-31 05:57,db,6135,0,49,107,170,12.4
2026-08-31 05:58,web,2874,2,216,452,819,25.5
2026-08-31 05:58,api,2012,1,191,412,759,25.4
2026-08-31 05:58,db,6036,0,50,111,176,12.7
2026-08-31 05:59,web,3133,2,218,456,826,26.1
2026-08-31 05:59,api,2193,1,193,416,766,26.1
2026-08-31 05:59,db,6579,0,51,112,179,14
2026-08-31 06:00,web,3103,2,210,441,802,26.2
2026-08-31 06:00,api,2172,1,185,401,742,26.3
2026-08-31 06:00,db,6516,0,48,107,170,13.2
2026-08-31 06:01,web,3210,2,213,446,810,25
2026-08-31 06:01,api,2247,1,188,406,750,26.8
2026-08-31 06:01,db,6741,0,49,109,173,13.9
2026-08-31 06:02,web,3312,2,218,455,824,24.4
2026-08-31 06:02,api,2318,1,193,415,764,26.1
2026-08-31 06:02,db,6954,0,51,112,178,14.8
2026-08-31 06:03,web,3159,3,221,461,834,28
2026-08-31 06:03,api,2211,2,196,421,774,28
2026-08-31 06:03,db,6633,0,52,114,181,14.3
2026-08-31 06:04,web,3422,3,213,447,811,26.9
2026-08-31 06:04,api,2395,2,188,407,751,26.5
2026-08-31 06:04,db,7185,0,49,109,173,14.8
2026-08-31 06:05,web,3283,2,220,461,834,26.2
2026-08-31 06:05,api,2298,1,195,421,774,30
2026-08-31 06:05,db,6894,0,52,114,181,14.9
2026-08-31 06:06,web,3519,2,217,453,821,26
2026-08-31 06:06,api,2463,1,192,413,761,29.1
2026-08-31 06:06,db,7389,0,51,111,177,15.6
2026-08-31 06:07,web,3334,2,221,461,834,28.3
2026-08-31 06:07,api,2334,1,196,421,774,27.5
2026-08-31 06:07,db,7002,0,52,114,181,15.1
2026-08-31 06:08,web,3552,2,216,452,819,27.4
2026-08-31 06:08,api,2486,1,191,412,759,30.7
2026-08-31 06:08,db,7458,0,50,111,176,15.6
2026-08-31 06:09,web,3437,2,225,470,848,27.1
2026-08-31 06:09,api,2406,1,200,430,788,30.7
2026-08-31 06:09,db,7218,0,53,117,187,16
2026-08-31 06:10,web,3812,3,217,454,822,29.4
2026-08-31 06:10,api,2668,2,192,414,762,30.7
2026-08-31 06:10,db,8004,0,51,112,178,16.9
2026-08-31 06:11,web,3550,2,221,462,835,29.8
2026-08-31 06:11,api,2485,1,196,422,775,31
2026-08-31 06:11,db,7455,0,52,114,182,16.2
2026-08-31 06:12,web,3733,2,219,459,830,30.9
2026-08-31 06:12,api,2613,1,194,419,770,31.8
2026-08-31 06:12,db,7839,0,51,113,180,16.8
2026-08-31 06:13,web,3704,3,227,474,854,29.4
2026-08-31 06:13,api,2593,2,202,434,794,31.7
2026-08-31 06:13,db,7779,0,54,119,189,17.5
2026-08-31 06:14,web,3744,2,220,461,834,28.9
2026-08-31 06:14,api,2621,1,195,421,774,31.5
2026-08-31 06:14,db,7863,0,52,114,181,17
2026-08-31 06:15,web,4056,2,224,469,846,29.8
2026-08-31 06:15,api,2839,1,199,429,786,31.1
2026-08-31 06:15,db,8517,0,53,117,186,18.9
2026-08-31 06:16,web,4097,3,224,467,843,30.6
2026-08-31 06:16,api,2868,2,199,427,783,31.4
2026-08-31 06:16,db,8604,0,53,116,185,19
2026-08-31 06:17,web,4056,2,229,479,862,30.3
2026-08-31 06:17,api,2839,1,204,439,802,31.2
2026-08-31 06:17,db,8517,0,55,121,192,19.5
2026-08-31 06:18,web,4147,4,224,469,846,31.1
2026-08-31 06:18,api,2903,2,199,429,786,34
2026-08-31 06:18,db,8709,0,53,117,186,19.3
2026-08-31 06:19,web,4221,3,222,464,838,32.2
2026-08-31 06:19,api,2955,1,197,424,778,34.2
2026-08-31 06:19,db,8865,0,52,115,183,19.3
2026-08-31 06:20,web,4298,3,229,478,861,32.7
2026-08-31 06:20,api,3009,2,204,438,801,33.2
2026-08-31 06:20,db,9027,0,55,120,192,20.6
2026-08-31 06:21,web,4393,3,224,468,845,33
2026-08-31 06:21,api,3075,2,199,428,785,34.6
2026-08-31 06:21,db,9225,0,53,117,186,20.4
2026-08-31 06:22,web,4332,2,228,475,856,31.5
2026-08-31 06:22,api,3032,1,203,435,796,34.5
2026-08-31 06:22,db,9096,0,54,119,190,20.5
2026-08-31 06:23,web,4506,3,233,486,874,33.1
2026-08-31 06:23,api,3154,2,208,446,814,34.7
2026-08-31 06:23,db,9462,0,56,123,196,22.1
2026-08-31 06:24,web,4356,3,230,479,862,33.8
2026-08-31 06:24,api,3049,2,205,439,802,34.8
2026-08-31 06:24,db,9147,0,55,121,192,20.9
2026-08-31 06:25,web,4393,3,233,485,872,30.8
2026-08-31 06:25,api,3075,2,208,445,812,33.1
2026-08-31 06:25,db,9225,0,56,123,195,21.5
2026-08-31 06:26,web,4795,3,230,481,866,34.9
2026-08-31 06:26,api,3357,2,205,441,806,32.5
2026-08-31 06:26,db,10071,0,55,121,193,23.1
2026-08-31 06:27,web,4870,4,231,482,867,33.6
2026-08-31 06:27,api,3409,2,206,442,807,36.4
2026-08-31 06:27,db,10227,0,55,122,194,23.6
2026-08-31 06:28,web,4773,2,226,472,851,32.9
2026-08-31 06:28,api,3341,1,201,432,791,36.4
2026-08-31 06:28,db,10023,0,54,118,188,22.4
2026-08-31 06:29,web,4648,2,236,493,885,33
2026-08-31 06:29,api,3254,1,211,453,825,34.7
2026-08-31 06:29,db,9762,0,57,126,200,23.2
2026-08-31 06:30,web,4618,3,233,487,875,33.4
2026-08-31 06:30,api,3233,2,208,447,815,37
2026-08-31 06:30,db,9699,0,56,124,197,22.7
2026-08-31 06:31,web,4827,2,234,488,877,32.4
2026-08-31 06:31,api,3379,1,209,448,817,36.2
2026-08-31 06:31,db,10137,0,56,124,197,23.8
2026-08-31 06:32,web,4739,3,231,483,869,32.8
2026-08-31 06:32,api,3317,1,206,443,809,34.7
2026-08-31 06:32,db,9951,0,55,122,194,23
2026-08-31 06:33,web,5201,3,230,480,864,34.4
2026-08-31 06:33,api,3641,2,205,440,804,35.2
2026-08-31 06:33,db,10923,0,55,121,193,25
2026-08-31 06:34,web,5227,4,236,491,882,35
2026-08-31 06:34,api,3659,2,211,451,822,38.5
2026-08-31 06:34,db,10977,0,57,125,199,26
2026-08-31 06:35,web,5105,3,235,490,880,37.1
2026-08-31 06:35,api,3574,2,210,450,820,35.9
2026-08-31 06:35,db,10722,0,57,125,198,25.3
2026-08-31 06:36,web,5278,4,238,496,890,37.6
2026-08-31 06:36,api,3695,3,213,456,830,35.5
2026-08-31 06:36,db,11085,0,58,127,202,26.6
2026-08-31 06:37,web,5283,3,238,496,890,35.8
2026-08-31 06:37,api,3698,2,213,456,830,36.5
2026-08-31 06:37,db,11094,0,58,127,202,26.6
2026-08-31 06:38,web,5263,4,236,491,882,34.3
2026-08-31 06:38,api,3684,2,211,451,822,37.3
2026-08-31 06:38,db,11052,0,57,125,199,26.2
2026-08-31 06:39,web,5558,5,242,505,904,36.5
2026-08-31 06:39,api,3891,3,217,465,844,37.5
2026-08-31 06:39,db,11673,0,59,130,207,28.8
2026-08-31 06:40,web,5572,2,236,493,885,35.3
2026-08-31 06:40,api,3900,1,211,453,825,38.7
2026-08-31 06:40,db,11700,0,57,126,200,27.9
2026-08-31 06:41,web,5333,4,241,501,898,35.9
2026-08-31 06:41,api,3733,2,216,461,838,40.3
2026-08-31 06:41,db,11199,0,59,129,205,27.3
2026-08-31 06:42,web,5426,3,243,506,906,37.2
2026-08-31 06:42,api,3798,2,218,466,846,39.4
2026-08-31 06:42,db,11394,0,59,130,207,28.1
2026-08-31 06:43,web,5342,4,242,503,901,38.4
2026-08-31 06:43,api,3739,2,217,463,841,37.7
2026-08-31 06:43,db,11217,0,59,129,206,27.5
2026-08-31 06:44,web,5681,5,245,511,914,39.8
2026-08-31 06:44,api,3977,3,220,471,854,40.5
2026-08-31 06:44,db,11931,0,60,132,211,29.9
2026-08-31 06:45,web,5556,5,241,502,899,37.9
2026-08-31 06:45,api,3889,3,216,462,839,38.6
2026-08-31 06:45,db,11667,0,59,129,205,28.5
2026-08-31 06:46,web,6064,4,242,503,901,37.7
2026-08-31 06:46,api,4245,2,217,463,841,41.6
2026-08-31 06:46,db,12735,0,59,129,206,31.2
2026-08-31 06:47,web,5589,4,245,510,912,40.5
2026-08-31 06:47,api,3912,2,220,470,852,40
2026-08-31 06:47,db,11736,0,60,132,210,29.3
2026-08-31 06:48,web,5968,3,243,506,906,39.9
2026-08-31 06:48,api,4178,2,218,466,846,40.5
2026-08-31 06:48,db,12534,0,59,130,207,31
2026-08-31 06:49,web,6237,4,241,503,901,37.6
2026-08-31 06:49,api,4366,3,216,463,841,39.8
2026-08-31 06:49,db,13098,0,59,129,206,32.1
2026-08-31 06:50,web,6212,4,248,517,923,38.3
2026-08-31 06:50,api,4348,2,223,477,863,40.4
2026-08-31 06:50,db,13044,0,61,134,214,33.2
2026-08-31 06:51,web,6280,5,247,514,918,38.8
2026-08-31 06:51,api,4396,3,222,474,858,42.1
2026-08-31 06:51,db,13188,0,61,134,212,33.4
2026-08-31 06:52,web,6134,5,242,504,902,41.5
2026-08-31 06:52,api,4294,3,217,464,842,44.1
2026-08-31 06:52,db,12882,0,59,130,206,31.6
2026-08-31 06:53,web,6142,4,246,513,917,38.8
2026-08-31 06:53,api,4299,2,221,473,857,40.5
2026-08-31 06:53,db,12897,0,60,133,212,32.5
2026-08-31 06:54,web,6143,4,247,515,920,42.5
2026-08-31 06:54,api,4300,2,222,475,860,43.7
2026-08-31 06:54,db,12900,0,61,134,213,32.7
2026-08-31 06:55,web,6305,4,245,509,910,39.3
2026-08-31 06:55,api,4414,2,220,469,850,44.4
2026-08-31 06:55,db,13242,0,60,132,209,33
2026-08-31 06:56,web,6584,4,250,520,928,42.8
2026-08-31 06:56,api,4609,1,225,480,868,45.1
2026-08-31 06:56,db,13827,0,62,136,216,35.5
2026-08-31 06:57,web,6348,4,247,514,918,39.9
2026-08-31 06:57,api,4444,3,222,474,858,44.6
2026-08-31 06:57,db,13332,0,61,134,212,33.7
2026-08-31 06:58,web,6712,6,248,516,922,42.3
2026-08-31 06:58,api,4698,3,223,476,862,43.8
2026-08-31 06:58,db,14094,0,61,134,213,35.8
2026-08-31 06:59,web,6530,4,248,516,922,43.7
2026-08-31 06:59,api,4571,2,223,476,862,43
2026-08-31 06:59,db,13713,0,61,134,213,34.8
2026-08-31 07:00,web,6333,4,251,523,933,42.2
2026-08-31 07:00,api,4433,2,226,483,873,45.9
2026-08-31 07:00,db,13299,0,62,137,217,34.4
2026-08-31 07:01,web,6882,4,246,512,915,43.2
2026-08-31 07:01,api,4817,2,221,472,855,43.2
2026-08-31 07:01,db,14451,0,60,133,211,36.3
2026-08-31 07:02,web,6876,5,252,524,934,42
2026-08-31 07:02,api,4813,3,227,484,874,44.1
2026-08-31 07:02,db,14439,0,62,137,218,37.5
2026-08-31 07:03,web,6776,5,254,528,941,43.7
2026-08-31 07:03,api,4743,2,229,488,881,43.6
2026-08-31 07:03,db,14229,0,63,139,221,37.4
2026-08-31 07:04,web,7168,6,249,517,923,42.9
2026-08-31 07:04,api,5018,3,224,477,863,44.4
2026-08-31 07:04,db,15054,0,61,135,214,38.4
2026-08-31 07:05,web,7085,5,258,536,954,44.4
2026-08-31 07:05,api,4960,2,233,496,894,45.8
2026-08-31 07:05,db,14880,0,64,142,225,39.9
2026-08-31 07:06,web,7230,4,257,533,949,45.6
2026-08-31 07:06,api,5061,2,232,493,889,45.2
2026-08-31 07:06,db,15183,0,64,141,224,40.4
2026-08-31 07:07,web,6703,4,250,521,930,45
2026-08-31 07:07,api,4692,2,225,481,870,45
2026-08-31 07:07,db,14076,0,62,136,216,36.3
2026-08-31 07:08,web,7118,5,259,537,955,43.3
2026-08-31 07:08,api,4983,3,234,497,895,45.7
2026-08-31 07:08,db,14949,0,65,142,226,40.2
2026-08-31 07:09,web,7465,4,253,525,936,45.3
2026-08-31 07:09,api,5226,2,228,485,876,46
2026-08-31 07:09,db,15678,0,63,138,219,40.8
2026-08-31 07:10,web,7075,5,252,523,933,44.5
2026-08-31 07:10,api,4953,2,227,483,873,48
2026-08-31 07:10,db,14859,0,62,137,218,38.5
2026-08-31 07:11,web,6983,4,255,530,944,46.3
2026-08-31 07:11,api,4888,2,230,490,884,48.3
2026-08-31 07:11,db,14664,0,63,139,222,38.7
2026-08-31 07:12,web,7533,4,261,542,963,44.9
2026-08-31 07:12,api,5273,2,236,502,903,47.9
2026-08-31 07:12,db,15819,0,65,144,229,43.1
2026-08-31 07:13,web,7501,4,259,539,958,47.3
2026-08-31 07:13,api,5251,2,234,499,898,46.7
2026-08-31 07:13,db,15753,0,65,143,227,42.5
2026-08-31 07:14,web,7487,5,260,540,960,44.4
2026-08-31 07:14,api,5241,3,235,500,900,50
2026-08-31 07:14,db,15723,0,65,143,227,42.5
2026-08-31 07:15,web,7468,4,255,530,944,48
2026-08-31 07:15,api,5228,2,230,490,884,48.7
2026-08-31 07:15,db,15684,0,63,139,221,41.4
2026-08-31 07:16,web,7571,4,263,546,970,47.3
2026-08-31 07:16,api,5300,2,238,506,910,50.4
2026-08-31 07:16,db,15900,0,66,145,231,43.7
2026-08-31 07:17,web,7351,4,256,532,947,48.8
2026-08-31 07:17,api,5146,2,231,492,887,48.9
2026-08-31 07:17,db,15438,0,64,140,223,41
2026-08-31 07:18,web,7357,5,256,532,947,48.9
2026-08-31 07:18,api,5150,3,231,492,887,49.9
2026-08-31 07:18,db,15450,0,64,140,223,41
2026-08-31 07:19,web,7960,5,261,542,963,49.6
2026-08-31 07:19,api,5572,2,236,502,903,50.8
2026-08-31 07:19,db,16716,0,65,144,229,45.5
2026-08-31 07:20,web,7919,5,263,546,970,48.5
2026-08-31 07:20,api,5543,2,238,506,910,52.4
2026-08-31 07:20,db,16629,0,66,145,231,45.8
2026-08-31 07:21,web,7819,5,260,540,960,49.3
2026-08-31 07:21,api,5473,3,235,500,900,51.5
2026-08-31 07:21,db,16419,0,65,143,227,44.4
2026-08-31 07:22,web,8108,5,265,550,976,49.5
2026-08-31 07:22,api,5676,2,240,510,916,50.4
2026-08-31 07:22,db,17028,0,67,147,233,47.3
2026-08-31 07:23,web,8194,4,260,540,960,47.9
2026-08-31 07:23,api,5736,2,235,500,900,53
2026-08-31 07:23,db,17208,0,65,143,227,46.6
2026-08-31 07:24,web,8090,5,265,550,976,47.9
2026-08-31 07:24,api,5663,3,240,510,916,53.2
2026-08-31 07:24,db,16989,0,67,147,233,47.2
2026-08-31 07:25,web,8042,6,263,546,970,50.7
2026-08-31 07:25,api,5629,3,238,506,910,53.5
2026-08-31 07:25,db,16887,0,66,145,231,46.4
2026-08-31 07:26,web,7992,6,269,558,989,50.2
2026-08-31 07:26,api,5594,3,244,518,929,52.5
2026-08-31 07:26,db,16782,0,68,150,238,47.6
2026-08-31 07:27,web,8453,5,271,561,994,48.5
2026-08-31 07:27,api,5917,3,246,521,934,52.7
2026-08-31 07:27,db,17751,0,69,151,240,50.7
2026-08-31 07:28,web,8243,4,267,555,984,49.4
2026-08-31 07:28,api,5770,2,242,515,924,51.9
2026-08-31 07:28,db,17310,0,67,148,236,48.7
2026-08-31 07:29,web,8548,6,268,557,987,50.2
2026-08-31 07:29,api,5984,4,243,517,927,53.3
2026-08-31 07:29,db,17952,0,68,149,237,50.7
2026-08-31 07:30,web,8400,7,272,563,997,49.5
2026-08-31 07:30,api,5880,4,247,523,937,54.9
2026-08-31 07:30,db,17640,0,69,151,241,50.6
2026-08-31 07:31,web,8616,4,270,561,994,50.9
2026-08-31 07:31,api,6031,2,245,521,934,51.8
2026-08-31 07:31,db,18093,0,68,151,240,51.6
2026-08-31 07:32,web,8522,7,271,563,997,51.8
2026-08-31 07:32,api,5965,4,246,523,937,52.8
2026-08-31 07:32,db,17895,0,69,151,241,51.3
2026-08-31 07:33,web,8543,4,269,558,989,50.1
2026-08-31 07:33,api,5980,2,244,518,929,54.1
2026-08-31 07:33,db,17940,0,68,150,238,50.8
2026-08-31 07:34,web,8851,5,268,555,984,51.8
2026-08-31 07:34,api,6196,2,243,515,924,54.7
2026-08-31 07:34,db,18588,0,68,149,236,52.3
2026-08-31 07:35,web,8428,4,270,561,994,52
2026-08-31 07:35,api,5900,2,245,521,934,55.5
2026-08-31 07:35,db,17700,0,68,151,240,50.5
2026-08-31 07:36,web,8416,5,271,562,995,50.5
2026-08-31 07:36,api,5891,3,246,522,935,56.3
2026-08-31 07:36,db,17673,0,69,151,240,50.6
2026-08-31 07:37,web,8780,6,271,563,997,54.5
2026-08-31 07:37,api,6146,4,246,523,937,53.7
2026-08-31 07:37,db,18438,0,69,151,241,52.9
2026-08-31 07:38,web,8448,5,275,570,1008,52.2
2026-08-31 07:38,api,5914,3,250,530,948,56.2
2026-08-31 07:38,db,17742,0,70,154,245,51.7
2026-08-31 07:39,web,9048,5,275,571,1010,54.3
2026-08-31 07:39,api,6334,3,250,531,950,54.2
2026-08-31 07:39,db,19002,0,70,154,245,55.5
2026-08-31 07:40,web,8809,7,272,564,998,51.8
2026-08-31 07:40,api,6166,4,247,524,938,56
2026-08-31 07:40,db,18498,0,69,152,241,53.1
2026-08-31 07:41,web,9357,7,277,573,1013,53.5
2026-08-31 07:41,api,6550,3,252,533,953,58
2026-08-31 07:41,db,19650,0,71,155,247,57.7
2026-08-31 07:42,web,9090,6,277,575,1016,53.3
2026-08-31 07:42,api,6363,3,252,535,956,56.2
2026-08-31 07:42,db,19089,0,71,156,248,56.3
2026-08-31 07:43,web,9394,7,273,566,1002,52.7
2026-08-31 07:43,api,6576,4,248,526,942,57.1
2026-08-31 07:43,db,19728,0,69,153,243,57
2026-08-31 07:44,web,9541,7,275,570,1008,55.3
2026-08-31 07:44,api,6679,3,250,530,948,57.6
2026-08-31 07:44,db,20037,0,70,154,245,58.4
2026-08-31 07:45,web,8833,5,281,583,1029,55.8
2026-08-31 07:45,api,6183,2,256,543,969,57.8
2026-08-31 07:45,db,18549,0,72,159,253,55.8
2026-08-31 07:46,web,9572,7,278,576,1018,56.4
2026-08-31 07:46,api,6700,4,253,536,958,56.9
2026-08-31 07:46,db,20100,0,71,156,248,59.4
2026-08-31 07:47,web,9086,6,282,584,1030,57
2026-08-31 07:47,api,6360,4,257,544,970,56.8
2026-08-31 07:47,db,19080,0,72,159,253,57.5
2026-08-31 07:48,web,9582,7,280,581,1026,54.2
2026-08-31 07:48,api,6707,4,255,541,966,60.6
2026-08-31 07:48,db,20121,0,72,158,251,60.2
2026-08-31 07:49,web,9058,5,277,575,1016,54.9
2026-08-31 07:49,api,6341,2,252,535,956,57.3
2026-08-31 07:49,db,19023,0,71,156,248,56.1
2026-08-31 07:50,web,9755,6,275,570,1008,54.3
2026-08-31 07:50,api,6829,4,250,530,948,59.6
2026-08-31 07:50,db,20487,0,70,154,245,59.8
2026-08-31 07:51,web,9528,6,276,572,1011,55.3
2026-08-31 07:51,api,6670,4,251,532,951,59.2
2026-08-31 07:51,db,20010,0,70,155,246,58.6
2026-08-31 07:52,web,9300,5,283,587,1035,55.7
2026-08-31 07:52,api,6510,3,258,547,975,58.9
2026-08-31 07:52,db,19530,0,73,160,255,59.3
2026-08-31 07:53,web,10177,6,279,577,1019,55.2
2026-08-31 07:53,api,7124,3,254,537,959,59.8
2026-08-31 07:53,db,21372,0,71,157,249,63.4
2026-08-31 07:54,web,9427,7,287,593,1045,57.2
2026-08-31 07:54,api,6599,4,262,553,985,58.7
2026-08-31 07:54,db,19797,0,74,163,259,61
2026-08-31 07:55,web,9796,8,284,587,1035,57.7
2026-08-31 07:55,api,6857,5,259,547,975,59.2
2026-08-31 07:55,db,20571,0,73,160,255,62.5
2026-08-31 07:56,web,9674,4,283,587,1035,59.3
2026-08-31 07:56,api,6772,2,258,547,975,60.1
2026-08-31 07:56,db,20316,0,73,160,255,61.6
2026-08-31 07:57,web,10316,7,284,588,1037,57.3
2026-08-31 07:57,api,7221,3,259,548,977,62.1
2026-08-31 07:57,db,21663,0,73,160,255,65.8
2026-08-31 07:58,web,10151,8,283,585,1032,56.9
2026-08-31 07:58,api,7106,4,258,545,972,61.2
2026-08-31 07:58,db,21318,0,73,160,254,64.4
2026-08-31 07:59,web,10079,5,286,593,1045,58.8
2026-08-31 07:59,api,7055,3,261,553,985,61.9
2026-08-31 07:59,db,21165,0,74,162,258,65.1
2026-08-31 08:00,web,10651,7,289,599,1054,58.8
2026-08-31 08:00,api,7456,5,264,559,994,61.8
2026-08-31 08:00,db,22368,0,75,165,262,69.7
2026-08-31 08:01,web,10090,8,285,591,1042,59.7
2026-08-31 08:01,api,7063,4,260,551,982,61.9
2026-08-31 08:01,db,21189,0,73,162,257,64.9
2026-08-31 08:02,web,10671,8,283,586,1034,57.8
2026-08-31 08:02,api,7470,4,258,546,974,62.9
2026-08-31 08:02,db,22410,0,73,160,255,67.9
2026-08-31 08:03,web,10157,8,290,601,1058,58.2
2026-08-31 08:03,api,7110,5,265,561,998,63
2026-08-31 08:03,db,21330,0,75,165,263,66.7
2026-08-31 08:04,web,9874,6,290,601,1058,60
2026-08-31 08:04,api,6912,3,265,561,998,63.4
2026-08-31 08:04,db,20736,0,75,165,263,64.9
2026-08-31 08:05,web,10609,6,286,591,1042,61.6
2026-08-31 08:05,api,7426,3,261,551,982,62.9
2026-08-31 08:05,db,22278,0,74,162,257,68.3
2026-08-31 08:06,web,10201,7,283,585,1032,57.8
2026-08-31 08:06,api,7141,3,258,545,972,65.1
2026-08-31 08:06,db,21423,0,73,160,254,64.8
2026-08-31 08:07,web,10525,5,287,595,1048,60
2026-08-31 08:07,api,7367,3,262,555,988,62.5
2026-08-31 08:07,db,22101,0,74,163,259,68.3
2026-08-31 08:08,web,10339,8,287,595,1048,61.7
2026-08-31 08:08,api,7237,4,262,555,988,64.2
2026-08-31 08:08,db,21711,0,74,163,259,67
2026-08-31 08:09,web,10443,6,291,602,1059,61.3
2026-08-31 08:09,api,7310,2,266,562,999,62.2
2026-08-31 08:09,db,21930,0,75,166,263,68.8
2026-08-31 08:10,web,10376,9,284,587,1035,60.2
2026-08-31 08:10,api,7263,5,259,547,975,61.9
2026-08-31 08:10,db,21789,0,73,160,255,66.2
2026-08-31 08:11,web,10356,7,290,600,1056,59.6
2026-08-31 08:11,api,7249,3,265,560,996,64.7
2026-08-31 08:11,db,21747,0,75,165,262,67.9
2026-08-31 08:12,web,10174,7,286,591,1042,58.9
2026-08-31 08:12,api,7122,4,261,551,982,65.9
2026-08-31 08:12,db,21366,0,74,162,257,65.5
2026-08-31 08:13,web,10532,6,291,602,1059,60.8
2026-08-31 08:13,api,7372,3,266,562,999,62.6
2026-08-31 08:13,db,22116,0,75,166,263,69.4
2026-08-31 08:14,web,10436,8,293,605,1064,59.7
2026-08-31 08:14,api,7305,4,268,565,1004,65.8
2026-08-31 08:14,db,21915,0,76,167,266,69.3
2026-08-31 08:15,web,10457,7,287,593,1045,61.7
2026-08-31 08:15,api,7320,4,262,553,985,63.5
2026-08-31 08:15,db,21960,0,74,162,258,67.6
2026-08-31 08:16,web,10149,7,291,602,1059,60.5
2026-08-31 08:16,api,7104,3,266,562,999,63.9
2026-08-31 08:16,db,21312,0,75,166,264,66.9
2026-08-31 08:17,web,10701,8,290,601,1058,60.2
2026-08-31 08:17,api,7491,5,265,561,998,65.1
2026-08-31 08:17,db,22473,0,75,165,263,70.3
2026-08-31 08:18,web,10386,9,295,611,1074,62.2
2026-08-31 08:18,api,7270,5,270,571,1014,66.3
2026-08-31 08:18,db,21810,0,77,169,269,69.8
2026-08-31 08:19,web,10423,9,295,610,1072,62.4
2026-08-31 08:19,api,7296,5,270,570,1012,65.6
2026-08-31 08:19,db,21888,0,77,169,268,69.9
2026-08-31 08:20,web,10681,9,292,604,1062,63.2
2026-08-31 08:20,api,7477,5,267,564,1002,66.9
2026-08-31 08:20,db,22431,0,76,166,265,70.6
2026-08-31 08:21,web,10595,4,290,600,1056,60.1
2026-08-31 08:21,api,7416,2,265,560,996,64.3
2026-08-31 08:21,db,22248,0,75,165,262,69.5
2026-08-31 08:22,web,10994,8,289,597,1051,62
2026-08-31 08:22,api,7696,5,264,557,991,66.2
2026-08-31 08:22,db,23088,0,75,164,261,71.7
2026-08-31 08:23,web,10427,7,296,612,1075,60.8
2026-08-31 08:23,api,7299,3,271,572,1015,64.8
2026-08-31 08:23,db,21897,0,77,169,270,70.3
2026-08-31 08:24,web,10541,7,296,612,1075,61.3
2026-08-31 08:24,api,7379,4,271,572,1015,67.8
2026-08-31 08:24,db,22137,0,77,169,269,71
2026-08-31 08:25,web,10398,6,293,607,1067,63.5
2026-08-31 08:25,api,7279,3,268,567,1007,67.9
2026-08-31 08:25,db,21837,0,76,167,266,69.3
2026-08-31 08:26,web,10847,8,291,601,1058,62.3
2026-08-31 08:26,api,7593,4,266,561,998,65.7
2026-08-31 08:26,db,22779,0,75,165,263,71.4
2026-08-31 08:27,web,10889,8,289,598,1053,64.3
2026-08-31 08:27,api,7622,4,264,558,993,64.3
2026-08-31 08:27,db,22866,0,75,164,261,71.1
2026-08-31 08:28,web,11072,7,292,604,1062,62.8
2026-08-31 08:28,api,7750,3,267,564,1002,66.8
2026-08-31 08:28,db,23250,0,76,167,265,73.3
2026-08-31 08:29,web,10601,6,295,610,1072,62.8
2026-08-31 08:29,api,7421,3,270,570,1012,65.2
2026-08-31 08:29,db,22263,0,77,169,269,71.2
2026-08-31 08:30,web,10693,6,291,601,1058,64
2026-08-31 08:30,api,7485,3,266,561,998,67.8
2026-08-31 08:30,db,22455,0,75,166,263,70.4
2026-08-31 08:31,web,11219,5,290,600,1056,64.9
2026-08-31 08:31,api,7853,3,265,560,996,66.6
2026-08-31 08:31,db,23559,0,75,165,262,73.6
2026-08-31 08:32,web,11063,7,297,614,1078,64
2026-08-31 08:32,api,7744,5,272,574,1018,68.4
2026-08-31 08:32,db,23232,0,77,170,271,74.8
2026-08-31 08:33,web,11079,6,292,604,1062,63
2026-08-31 08:33,api,7755,3,267,564,1002,68.9
2026-08-31 08:33,db,23265,0,76,167,265,73.4
2026-08-31 08:34,web,11231,8,294,609,1070,65.1
2026-08-31 08:34,api,7862,4,269,569,1010,67.7
2026-08-31 08:34,db,23586,0,76,168,268,75.2
2026-08-31 08:35,web,11188,9,297,614,1078,62.4
2026-08-31 08:35,api,7832,5,272,574,1018,68.9
2026-08-31 08:35,db,23496,0,77,170,271,75.7
2026-08-31 08:36,web,11738,7,293,607,1067,62.4
2026-08-31 08:36,api,8217,4,268,567,1007,66.4
2026-08-31 08:36,db,24651,0,76,167,266,78.2
2026-08-31 08:37,web,11379,7,296,612,1075,64.3
2026-08-31 08:37,api,7965,4,271,572,1015,68.3
2026-08-31 08:37,db,23895,0,77,169,269,76.6
2026-08-31 08:38,web,11362,7,297,614,1078,64
2026-08-31 08:38,api,7953,3,272,574,1018,68.3
2026-08-31 08:38,db,23859,0,77,170,271,76.9
2026-08-31 08:39,web,11569,6,297,614,1078,64.6
2026-08-31 08:39,api,8098,3,272,574,1018,69
2026-08-31 08:39,db,24294,0,77,170,271,78.3
2026-08-31 08:40,web,11584,8,299,619,1086,63.5
2026-08-31 08:40,api,8109,5,274,579,1026,68.6
2026-08-31 08:40,db,24327,0,78,172,273,79.2
2026-08-31 08:41,web,11876,7,296,611,1074,63.2
2026-08-31 08:41,api,8313,3,271,571,1014,66.7
2026-08-31 08:41,db,24939,0,77,169,269,79.9
2026-08-31 08:42,web,10874,7,295,610,1072,64.4
2026-08-31 08:42,api,7612,5,270,570,1012,70.1
2026-08-31 08:42,db,22836,0,77,169,268,73
2026-08-31 08:43,web,11662,9,297,615,1080,63.3
2026-08-31 08:43,api,8163,5,272,575,1020,68.7
2026-08-31 08:43,db,24489,0,77,170,271,79
2026-08-31 08:44,web,11872,8,300,620,1088,64
2026-08-31 08:44,api,8310,4,275,580,1028,69.2
2026-08-31 08:44,db,24930,0,78,172,274,81.4
2026-08-31 08:45,web,11811,7,296,612,1075,64.4
2026-08-31 08:45,api,8268,3,271,572,1015,69.6
2026-08-31 08:45,db,24804,0,77,169,269,79.6
2026-08-31 08:46,web,11110,7,298,616,1082,66.4
2026-08-31 08:46,api,7777,4,273,576,1022,67.8
2026-08-31 08:46,db,23331,0,78,171,272,75.4
2026-08-31 08:47,web,11907,10,297,614,1078,64
2026-08-31 08:47,api,8335,5,272,574,1018,67.4
2026-08-31 08:47,db,25005,0,77,170,271,80.6
2026-08-31 08:48,web,12091,6,297,614,1078,64.1
2026-08-31 08:48,api,8464,3,272,574,1018,70.6
2026-08-31 08:48,db,25392,0,77,170,271,81.9
2026-08-31 08:49,web,12060,7,303,626,1098,65.3
2026-08-31 08:49,api,8442,4,278,586,1038,70.7
2026-08-31 08:49,db,25326,0,79,175,278,83.8
2026-08-31 08:50,web,11814,9,299,618,1085,64.6
2026-08-31 08:50,api,8270,5,274,578,1025,70.6
2026-08-31 08:50,db,24810,0,78,171,273,80.6
2026-08-31 08:51,web,11794,9,302,625,1096,64.2
2026-08-31 08:51,api,8256,5,277,585,1036,68
2026-08-31 08:51,db,24768,0,79,174,277,81.7
2026-08-31 08:52,web,11216,7,300,619,1086,68
2026-08-31 08:52,api,7851,4,275,579,1026,69.1
2026-08-31 08:52,db,23553,0,78,172,274,76.8
2026-08-31 08:53,web,12102,6,297,614,1078,66.1
2026-08-31 08:53,api,8471,3,272,574,1018,70.6
2026-08-31 08:53,db,25413,0,77,170,271,82
2026-08-31 08:54,web,11317,6,298,616,1082,67
2026-08-31 08:54,api,7922,4,273,576,1022,72.2
2026-08-31 08:54,db,23766,0,78,171,272,76.9
2026-08-31 08:55,web,12224,6,298,615,1080,65.9
2026-08-31 08:55,api,8557,3,273,575,1020,70.8
2026-08-31 08:55,db,25671,0,78,171,271,82.9
2026-08-31 08:56,web,11590,7,301,622,1091,67.2
2026-08-31 08:56,api,8113,4,276,582,1031,69.2
2026-08-31 08:56,db,24339,0,79,173,275,79.8
2026-08-31 08:57,web,12233,8,305,631,1106,66.7
2026-08-31 08:57,api,8563,5,280,591,1046,69.1
2026-08-31 08:57,db,25689,0,80,176,281,85.8
2026-08-31 08:58,web,11843,8,300,619,1086,67.8
2026-08-31 08:58,api,8290,4,275,579,1026,70.2
2026-08-31 08:58,db,24870,0,78,172,274,81
2026-08-31 08:59,web,11335,8,300,620,1088,66.9
2026-08-31 08:59,api,7934,5,275,580,1028,69.9
2026-08-31 08:59,db,23802,0,78,172,274,77.7
2026-08-31 09:00,web,11844,9,306,633,1109,65.8
2026-08-31 09:00,api,8291,4,281,593,1049,72.9
2026-08-31 09:00,db,24873,0,80,177,282,83.4
2026-08-31 09:01,web,12076,6,308,636,1114,68.7
2026-08-31 09:01,api,8453,3,283,596,1054,70.7
2026-08-31 09:01,db,25359,0,81,178,283,85.6
2026-08-31 09:02,web,12232,7,302,624,1094,66.5
2026-08-31 09:02,api,8562,3,277,584,1034,70.3
2026-08-31 09:02,db,25686,0,79,174,276,84.5
2026-08-31 09:03,web,11903,8,304,627,1099,66.4
2026-08-31 09:03,api,8332,4,279,587,1039,70.6
2026-08-31 09:03,db,24996,0,80,175,278,82.8
2026-08-31 09:04,web,11888,8,304,627,1099,67.9
2026-08-31 09:04,api,8322,4,279,587,1039,72.6
2026-08-31 09:04,db,24966,0,80,175,278,82.8
2026-08-31 09:05,web,12036,9,303,627,1099,67.9
2026-08-31 09:05,api,8425,5,278,587,1039,71
2026-08-31 09:05,db,25275,0,79,175,278,83.7
2026-08-31 09:06,web,11975,8,299,618,1085,66.8
2026-08-31 09:06,api,8383,5,274,578,1025,71.7
2026-08-31 09:06,db,25149,0,78,171,273,81.7
2026-08-31 09:07,web,11585,7,300,621,1090,66.1
2026-08-31 09:07,api,8109,3,275,581,1030,71.2
2026-08-31 09:07,db,24327,0,78,173,274,79.5
2026-08-31 09:08,web,11920,9,304,628,1101,65.4
2026-08-31 09:08,api,8344,6,279,588,1041,70.4
2026-08-31 09:08,db,25032,0,80,175,279,83
2026-08-31 09:09,web,11675,6,300,621,1090,68.2
2026-08-31 09:09,api,8172,3,275,581,1030,70
2026-08-31 09:09,db,24516,0,78,173,275,80.1
2026-08-31 09:10,web,11740,7,300,620,1088,65.2
2026-08-31 09:10,api,8218,4,275,580,1028,71.7
2026-08-31 09:10,db,24654,0,78,172,274,80.5
2026-08-31 09:11,web,12483,6,300,620,1088,67
2026-08-31 09:11,api,8738,3,275,580,1028,69.4
2026-08-31 09:11,db,26214,0,78,172,274,85.5
2026-08-31 09:12,web,11978,9,300,620,1088,68.9
2026-08-31 09:12,api,8385,5,275,580,1028,69.2
2026-08-31 09:12,db,25155,0,78,172,274,82.1
2026-08-31 09:13,web,11468,9,306,632,1107,68.8
2026-08-31 09:13,api,8028,5,281,592,1047,71.5
2026-08-31 09:13,db,24084,0,80,177,281,80.6
2026-08-31 09:14,web,12353,8,299,618,1085,67.1
2026-08-31 09:14,api,8647,4,274,578,1025,72.4
2026-08-31 09:14,db,25941,0,78,172,273,84.3
2026-08-31 09:15,web,11654,8,305,629,1102,66.7
2026-08-31 09:15,api,8158,4,280,589,1042,69.2
2026-08-31 09:15,db,24474,0,80,176,279,81.4
2026-08-31 09:16,web,12000,10,307,635,1112,66.7
2026-08-31 09:16,api,8400,5,282,595,1052,72.1
2026-08-31 09:16,db,25200,0,81,178,283,84.8
2026-08-31 09:17,web,12239,9,301,621,1090,65.9
2026-08-31 09:17,api,8567,5,276,581,1030,73
2026-08-31 09:17,db,25701,0,79,173,275,84.1
2026-08-31 09:18,web,11403,7,303,627,1099,68.7
2026-08-31 09:18,api,7982,3,278,587,1039,71.7
2026-08-31 09:18,db,23946,0,79,175,278,79.3
2026-08-31 09:19,web,11527,8,299,619,1086,68.7
2026-08-31 09:19,api,8069,5,274,579,1026,70
2026-08-31 09:19,db,24207,0,78,172,273,78.8
2026-08-31 09:20,web,12022,6,301,622,1091,69
2026-08-31 09:20,api,8415,3,276,582,1031,71.6
2026-08-31 09:20,db,25245,0,79,173,275,82.8
2026-08-31 09:21,web,12288,9,301,621,1090,68.3
2026-08-31 09:21,api,8602,5,276,581,1030,71.3
2026-08-31 09:21,db,25806,0,79,173,275,84.4
2026-08-31 09:22,web,12142,8,302,624,1094,65.5
2026-08-31 09:22,api,8499,4,277,584,1034,73.1
2026-08-31 09:22,db,25497,0,79,174,276,83.9
2026-08-31 09:23,web,12118,7,303,626,1098,68.9
2026-08-31 09:23,api,8483,4,278,586,1038,71.5
2026-08-31 09:23,db,25449,0,79,175,278,84.2
2026-08-31 09:24,web,11609,6,305,630,1104,67.7
2026-08-31 09:24,api,8126,3,280,590,1044,71.2
2026-08-31 09:24,db,24378,0,80,176,280,81.2
2026-08-31 09:25,web,12072,7,306,633,1109,67.7
2026-08-31 09:25,api,8450,3,281,593,1049,70.7
2026-08-31 09:25,db,25350,0,80,177,282,85
2026-08-31 09:26,web,12028,9,301,623,1093,65.8
2026-08-31 09:26,api,8420,5,276,583,1033,70.9
2026-08-31 09:26,db,25260,0,79,173,276,82.9
2026-08-31 09:27,web,11651,7,301,622,1091,69.1
2026-08-31 09:27,api,8156,3,276,582,1031,71.9
2026-08-31 09:27,db,24468,0,79,173,275,80.2
2026-08-31 09:28,web,12462,8,300,619,1086,67.3
2026-08-31 09:28,api,8723,4,275,579,1026,71.4
2026-08-31 09:28,db,26169,0,78,172,274,85.3
2026-08-31 09:29,web,11892,7,299,619,1086,66
2026-08-31 09:29,api,8324,3,274,579,1026,72.3
2026-08-31 09:29,db,24972,0,78,172,273,81.3
2026-08-31 09:30,web,11723,7,307,634,1110,67.7
2026-08-31 09:30,api,8206,4,282,594,1050,71.7
2026-08-31 09:30,db,24618,0,81,177,282,82.8
2026-08-31 09:31,web,11901,8,300,621,1090,65.4
2026-08-31 09:31,api,8331,5,275,581,1030,71
2026-08-31 09:31,db,24993,0,78,173,275,81.7
2026-08-31 09:32,web,12302,7,308,636,1114,67.7
2026-08-31 09:32,api,8611,4,283,596,1054,71.6
2026-08-31 09:32,db,25833,0,81,178,283,87.1
2026-08-31 09:33,web,11684,8,302,624,1094,69.2
2026-08-31 09:33,api,8179,4,277,584,1034,70.6
2026-08-31 09:33,db,24537,0,79,174,277,80.8
2026-08-31 09:34,web,11955,9,306,631,1106,67.3
2026-08-31 09:34,api,8369,5,281,591,1046,70.6
2026-08-31 09:34,db,25107,0,80,177,281,83.9
2026-08-31 09:35,web,11617,7,307,633,1109,69.2
2026-08-31 09:35,api,8132,3,282,593,1049,71.7
2026-08-31 09:35,db,24396,0,81,177,282,81.9
2026-08-31 09:36,web,12128,9,308,636,1114,67.5
2026-08-31 09:36,api,8490,6,283,596,1054,71.5
2026-08-31 09:36,db,25470,0,81,178,284,86
2026-08-31 09:37,web,11864,9,305,631,1106,66.3
2026-08-31 09:37,api,8305,5,280,591,1046,71.3
2026-08-31 09:37,db,24915,0,80,176,281,83.2
2026-08-31 09:38,web,11557,9,300,620,1088,69.1
2026-08-31 09:38,api,8090,5,275,580,1028,71.3
2026-08-31 09:38,db,24270,0,78,172,274,79.2
2026-08-31 09:39,web,11505,7,299,618,1085,65.9
2026-08-31 09:39,api,8053,3,274,578,1025,72.4
2026-08-31 09:39,db,24159,0,78,172,273,78.5
2026-08-31 09:40,web,12163,3561,6903,17048,17918,67.7
2026-08-31 09:40,api,8514,3556,6878,17008,17858,100
2026-08-31 09:40,db,25542,0,131,288,459,100
2026-08-31 09:41,web,11829,3086,6127,15113,15887,66.9
2026-08-31 09:41,api,8280,3083,6102,15073,15827,100
2026-08-31 09:41,db,24840,0,128,283,450,100
2026-08-31 09:42,web,12503,3822,7114,17576,18473,69
2026-08-31 09:42,api,8752,3818,7089,17536,18413,100
2026-08-31 09:42,db,26256,0,130,286,455,100
2026-08-31 09:43,web,11817,3198,6512,16073,16895,67.2
2026-08-31 09:43,api,8272,3195,6487,16033,16835,100
2026-08-31 09:43,db,24816,0,130,287,457,100
2026-08-31 09:44,web,11474,2897,5886,14507,15250,65.4
2026-08-31 09:44,api,8032,2893,5861,14467,15190,100
2026-08-31 09:44,db,24096,0,131,288,458,100
2026-08-31 09:45,web,11765,3179,6009,14814,15573,65.3
2026-08-31 09:45,api,8236,3177,5984,14774,15513,100
2026-08-31 09:45,db,24708,0,131,288,458,100
2026-08-31 09:46,web,11721,2958,5657,13937,14652,66.8
2026-08-31 09:46,api,8205,2955,5632,13897,14592,100
2026-08-31 09:46,db,24615,0,128,282,448,100
2026-08-31 09:47,web,11901,3221,6408,15812,16621,65.7
2026-08-31 09:47,api,8331,3217,6383,15772,16561,100
2026-08-31 09:47,db,24993,0,130,285,453,100
2026-08-31 09:48,web,11774,2998,6203,15304,16087,66.8
2026-08-31 09:48,api,8242,2994,6178,15264,16027,100
2026-08-31 09:48,db,24726,0,128,281,448,100
2026-08-31 09:49,web,11691,3034,6263,15450,16241,67.5
2026-08-31 09:49,api,8184,3030,6238,15410,16181,100
2026-08-31 09:49,db,24552,0,130,285,454,100
2026-08-31 09:50,web,11815,3215,6047,14908,15671,65.5
2026-08-31 09:50,api,8271,3212,6022,14868,15611,100
2026-08-31 09:50,db,24813,0,131,288,458,100
2026-08-31 09:51,web,12031,3255,6410,15820,16629,67.4
2026-08-31 09:51,api,8422,3252,6385,15780,16569,100
2026-08-31 09:51,db,25266,0,128,282,448,100
2026-08-31 09:52,web,12337,3725,6721,16593,17441,67.9
2026-08-31 09:52,api,8636,3720,6696,16553,17381,100
2026-08-31 09:52,db,25908,0,131,288,459,100
2026-08-31 09:53,web,11992,3270,6522,16100,16923,65.3
2026-08-31 09:53,api,8394,3266,6497,16060,16863,100
2026-08-31 09:53,db,25182,0,129,284,451,100
2026-08-31 09:54,web,12072,3389,6464,15954,16770,67.7
2026-08-31 09:54,api,8450,3385,6439,15914,16710,100
2026-08-31 09:54,db,25350,0,130,285,454,100
2026-08-31 09:55,web,12023,3423,6135,15129,15903,66
2026-08-31 09:55,api,8416,3418,6110,15089,15843,100
2026-08-31 09:55,db,25248,0,131,288,458,100
2026-08-31 09:56,web,11665,2897,5626,13860,14571,66.2
2026-08-31 09:56,api,8165,2894,5601,13820,14511,100
2026-08-31 09:56,db,24495,0,128,281,448,100
2026-08-31 09:57,web,12497,3747,6826,16860,17721,67.5
2026-08-31 09:57,api,8748,3744,6801,16820,17661,100
2026-08-31 09:57,db,26244,0,129,284,451,100
2026-08-31 09:58,web,12306,3666,6288,15511,16305,65.3
2026-08-31 09:58,api,8614,3662,6263,15471,16245,100
2026-08-31 09:58,db,25842,0,131,287,457,100
2026-08-31 09:59,web,11738,3053,6384,15753,16559,65.5
2026-08-31 09:59,api,8217,3050,6359,15713,16499,100
2026-08-31 09:59,db,24651,0,129,284,453,100
2026-08-31 10:00,web,12202,3598,6731,16618,17467,68.7
2026-08-31 10:00,api,8541,3594,6706,16578,17407,100
2026-08-31 10:00,db,25623,0,131,288,459,100
2026-08-31 10:01,web,12180,3381,6073,14978,15745,65.2
2026-08-31 10:01,api,8526,3376,6048,14938,15685,100
2026-08-31 10:01,db,25578,0,128,281,447,100
2026-08-31 10:02,web,11935,3282,6415,15829,16638,68.8
2026-08-31 10:02,api,8355,3279,6390,15789,16578,100
2026-08-31 10:02,db,25065,0,130,286,455,100
2026-08-31 10:03,web,12042,3333,6092,15023,15792,67.3
2026-08-31 10:03,api,8429,3330,6067,14983,15732,100
2026-08-31 10:03,db,25287,0,129,284,452,100
2026-08-31 10:04,web,11403,2803,5432,13371,14058,68.2
2026-08-31 10:04,api,7982,2800,5407,13331,13998,100
2026-08-31 10:04,db,23946,0,130,287,456,100
2026-08-31 10:05,web,12161,3363,6070,14970,15737,67.6
2026-08-31 10:05,api,8513,3360,6045,14930,15677,100
2026-08-31 10:05,db,25539,0,128,281,448,100
2026-08-31 10:06,web,12440,3653,6481,15997,16815,67.1
2026-08-31 10:06,api,8708,3649,6456,15957,16755,100
2026-08-31 10:06,db,26124,0,128,282,449,100
2026-08-31 10:07,web,11343,2707,6018,14838,15598,66.1
2026-08-31 10:07,api,7940,2703,5993,14798,15538,100
2026-08-31 10:07,db,23820,0,130,285,454,100
2026-08-31 10:08,web,11442,2733,5746,14160,14886,68.8
2026-08-31 10:08,api,8009,2730,5721,14120,14826,100
2026-08-31 10:08,db,24027,0,129,283,450,100
2026-08-31 10:09,web,11449,2849,5878,14487,15229,68.8
2026-08-31 10:09,api,8014,2845,5853,14447,15169,100
2026-08-31 10:09,db,24042,0,130,287,456,100
2026-08-31 10:10,web,12374,3709,7022,17348,18233,66.2
2026-08-31 10:10,api,8662,3705,6997,17308,18173,100
2026-08-31 10:10,db,25986,0,130,286,456,100
2026-08-31 10:11,web,11308,2627,5358,13188,13865,66.2
2026-08-31 10:11,api,7916,2625,5333,13148,13805,100
2026-08-31 10:11,db,23748,0,129,284,452,100
2026-08-31 10:12,web,11856,3204,5908,14563,15309,65.6
2026-08-31 10:12,api,8299,3201,5883,14523,15249,100
2026-08-31 10:12,db,24897,0,130,286,455,100
2026-08-31 10:13,web,11404,2679,5311,13072,13744,66.2
2026-08-31 10:13,api,7983,2676,5286,13032,13684,100
2026-08-31 10:13,db,23949,0,128,282,449,100
2026-08-31 10:14,web,12261,3519,6513,16077,16899,68.4
2026-08-31 10:14,api,8583,3515,6488,16037,16839,100
2026-08-31 10:14,db,25749,0,129,283,451,100
2026-08-31 10:15,web,11442,2678,5348,13167,13843,66.2
2026-08-31 10:15,api,8009,2674,5323,13127,13783,100
2026-08-31 10:15,db,24027,0,128,281,447,100
2026-08-31 10:16,web,12288,3585,6896,17032,17902,66.1
2026-08-31 10:16,api,8602,3582,6871,16992,17842,100
2026-08-31 10:16,db,25806,0,130,285,453,100
2026-08-31 10:17,web,11649,2865,5487,13513,14207,67
2026-08-31 10:17,api,8154,2862,5462,13473,14147,100
2026-08-31 10:17,db,24462,0,128,281,447,100
2026-08-31 10:18,web,11590,2786,6025,14858,15619,67.6
2026-08-31 10:18,api,8113,2783,6000,14818,15559,100
2026-08-31 10:18,db,24339,0,127,280,446,100
2026-08-31 10:19,web,11180,2590,5598,13787,14494,64.9
2026-08-31 10:19,api,7826,2588,5573,13747,14434,100
2026-08-31 10:19,db,23478,0,130,287,456,100
2026-08-31 10:20,web,11958,3253,5898,14539,15284,65.5
2026-08-31 10:20,api,8371,3249,5873,14499,15224,100
2026-08-31 10:20,db,25113,0,129,284,452,100
2026-08-31 10:21,web,11831,3133,6452,15924,16738,66.2
2026-08-31 10:21,api,8282,3129,6427,15884,16678,100
2026-08-31 10:21,db,24846,0,129,284,452,100
2026-08-31 10:22,web,11559,2863,5565,13707,14410,66
2026-08-31 10:22,api,8091,2859,5540,13667,14350,100
2026-08-31 10:22,db,24273,0,129,284,451,100
2026-08-31 10:23,web,11798,2970,5973,14730,15485,65.7
2026-08-31 10:23,api,8259,2966,5948,14690,15425,100
2026-08-31 10:23,db,24777,0,127,280,445,100
2026-08-31 10:24,web,11940,3284,6476,15983,16800,67
2026-08-31 10:24,api,8358,3280,6451,15943,16740,100
2026-08-31 10:24,db,25074,0,130,286,455,100
2026-08-31 10:25,web,12094,3289,6527,16113,16937,67.1
2026-08-31 10:25,api,8466,3287,6502,16073,16877,100
2026-08-31 10:25,db,25398,0,128,281,447,100
2026-08-31 10:26,web,11167,2547,5829,14365,15101,66.8
2026-08-31 10:26,api,7817,2543,5804,14325,15041,100
2026-08-31 10:26,db,23451,0,130,286,454,100
2026-08-31 10:27,web,11451,2698,5190,12772,13429,67.3
2026-08-31 10:27,api,8016,2694,5165,12732,13369,100
2026-08-31 10:27,db,24048,0,128,282,448,100
2026-08-31 10:28,web,12115,3317,6092,15026,15795,65.7
2026-08-31 10:28,api,8481,3314,6067,14986,15735,100
2026-08-31 10:28,db,25443,0,128,281,447,100
2026-08-31 10:29,web,11474,2821,5370,13219,13898,65.7
2026-08-31 10:29,api,8032,2818,5345,13179,13838,100
2026-08-31 10:29,db,24096,0,130,285,454,100
2026-08-31 10:30,web,11226,2441,5559,13694,14397,67.3
2026-08-31 10:30,api,7858,2438,5534,13654,14337,100
2026-08-31 10:30,db,23574,0,127,280,446,100
2026-08-31 10:31,web,11064,2261,5188,12767,13423,67.3
2026-08-31 10:31,api,7745,2258,5163,12727,13363,100
2026-08-31 10:31,db,23235,0,127,279,444,100
2026-08-31 10:32,web,11971,3226,6245,15406,16194,65.4
2026-08-31 10:32,api,8380,3223,6220,15366,16134,100
2026-08-31 10:32,db,25140,0,129,283,450,100
2026-08-31 10:33,web,11393,2687,5226,12860,13521,65.8
2026-08-31 10:33,api,7975,2683,5201,12820,13461,100
2026-08-31 10:33,db,23925,0,129,283,450,100
2026-08-31 10:34,web,11393,9,305,630,1104,65.3
2026-08-31 10:34,api,7975,6,280,590,1044,68
2026-08-31 10:34,db,23925,0,80,176,280,39.8
2026-08-31 10:35,web,12151,7,304,629,1102,65.7
2026-08-31 10:35,api,8506,3,279,589,1042,68.4
2026-08-31 10:35,db,25518,0,80,176,279,42.4
2026-08-31 10:36,web,11478,9,301,622,1091,66.4
2026-08-31 10:36,api,8035,5,276,582,1031,68.9
2026-08-31 10:36,db,24105,0,79,173,276,39.5
2026-08-31 10:37,web,11524,7,304,628,1101,66.9
2026-08-31 10:37,api,8067,4,279,588,1041,68.7
2026-08-31 10:37,db,24201,0,80,175,279,40.1
2026-08-31 10:38,web,11494,8,304,628,1101,66.1
2026-08-31 10:38,api,8046,3,279,588,1041,68.5
2026-08-31 10:38,db,24138,0,80,175,279,40.1
2026-08-31 10:39,web,11545,9,300,619,1086,66.2
2026-08-31 10:39,api,8081,4,275,579,1026,70.1
2026-08-31 10:39,db,24243,0,78,172,274,39.5
2026-08-31 10:40,web,11541,8,298,616,1082,65.4
2026-08-31 10:40,api,8079,5,273,576,1022,67.8
2026-08-31 10:40,db,24237,0,78,171,272,39.2
2026-08-31 10:41,web,11356,8,303,626,1098,66.4
2026-08-31 10:41,api,7949,5,278,586,1038,69.5
2026-08-31 10:41,db,23847,0,79,175,278,39.4
2026-08-31 10:42,web,11383,7,295,610,1072,64.3
2026-08-31 10:42,api,7968,3,270,570,1012,70
2026-08-31 10:42,db,23904,0,77,169,268,38.1
2026-08-31 10:43,web,11530,9,304,627,1099,63.6
2026-08-31 10:43,api,8071,5,279,587,1039,70.8
2026-08-31 10:43,db,24213,0,80,175,278,40.1
2026-08-31 10:44,web,11647,7,303,625,1096,65.6
2026-08-31 10:44,api,8153,3,278,585,1036,71
2026-08-31 10:44,db,24459,0,79,174,277,40.4
2026-08-31 10:45,web,11373,8,296,612,1075,64.5
2026-08-31 10:45,api,7961,4,271,572,1015,68.7
2026-08-31 10:45,db,23883,0,77,169,269,38.3
2026-08-31 10:46,web,11073,7,299,618,1085,65.9
2026-08-31 10:46,api,7751,3,274,578,1025,69.4
2026-08-31 10:46,db,23253,0,78,172,273,37.8
2026-08-31 10:47,web,12016,7,302,624,1094,65.9
2026-08-31 10:47,api,8411,4,277,584,1034,67.6
2026-08-31 10:47,db,25233,0,79,174,276,41.5
2026-08-31 10:48,web,11892,6,298,617,1083,63.8
2026-08-31 10:48,api,8324,3,273,577,1023,67.9
2026-08-31 10:48,db,24972,0,78,171,272,40.5
2026-08-31 10:49,web,11088,7,301,622,1091,64.2
2026-08-31 10:49,api,7762,3,276,582,1031,69.6
2026-08-31 10:49,db,23286,0,79,173,275,38.2
2026-08-31 10:50,web,11063,8,295,611,1074,63.8
2026-08-31 10:50,api,7744,4,270,571,1014,70.6
2026-08-31 10:50,db,23232,0,77,169,269,37.2
2026-08-31 10:51,web,11389,5,296,612,1075,65
2026-08-31 10:51,api,7972,2,271,572,1015,70.2
2026-08-31 10:51,db,23916,0,77,169,269,38.4
2026-08-31 10:52,web,11304,8,297,613,1077,65.4
2026-08-31 10:52,api,7913,4,272,573,1017,69.2
2026-08-31 10:52,db,23739,0,77,170,270,38.2
2026-08-31 10:53,web,11613,9,299,619,1086,65.3
2026-08-31 10:53,api,8129,4,274,579,1026,67.6
2026-08-31 10:53,db,24387,0,78,172,273,39.7
2026-08-31 10:54,web,11373,9,298,616,1082,64.8
2026-08-31 10:54,api,7961,5,273,576,1022,68.6
2026-08-31 10:54,db,23883,0,78,171,272,38.7
2026-08-31 10:55,web,11843,6,294,608,1069,66.4
2026-08-31 10:55,api,8290,3,269,568,1009,66.7
2026-08-31 10:55,db,24870,0,76,168,267,39.5
2026-08-31 10:56,web,11270,6,298,616,1082,64.2
2026-08-31 10:56,api,7889,3,273,576,1022,66.4
2026-08-31 10:56,db,23667,0,78,171,272,38.3
2026-08-31 10:57,web,11093,5,298,615,1080,62.7
2026-08-31 10:57,api,7765,2,273,575,1020,67.4
2026-08-31 10:57,db,23295,0,78,171,271,37.6
2026-08-31 10:58,web,11043,7,295,610,1072,63.6
2026-08-31 10:58,api,7730,3,270,570,1012,66.7
2026-08-31 10:58,db,23190,0,77,169,268,37.1
2026-08-31 10:59,web,11313,7,299,619,1086,63
2026-08-31 10:59,api,7919,3,274,579,1026,69.1
2026-08-31 10:59,db,23757,0,78,172,273,38.7
2026-08-31 11:00,web,11791,7,299,619,1086,64.9
2026-08-31 11:00,api,8254,4,274,579,1026,68.5
2026-08-31 11:00,db,24762,0,78,172,273,40.3
2026-08-31 11:01,web,11862,7,300,619,1086,65.1
2026-08-31 11:01,api,8303,3,275,579,1026,69
2026-08-31 11:01,db,24909,0,78,172,274,40.6
2026-08-31 11:02,web,10796,8,300,621,1090,63.1
2026-08-31 11:02,api,7557,5,275,581,1030,67.6
2026-08-31 11:02,db,22671,0,78,173,275,37.1
2026-08-31 11:03,web,11422,6,295,610,1072,64
2026-08-31 11:03,api,7995,3,270,570,1012,69.7
2026-08-31 11:03,db,23985,0,77,169,269,38.3
2026-08-31 11:04,web,11705,7,296,612,1075,62.5
2026-08-31 11:04,api,8194,3,271,572,1015,68
2026-08-31 11:04,db,24582,0,77,169,269,39.4
2026-08-31 11:05,web,10758,6,293,606,1066,64.9
2026-08-31 11:05,api,7531,2,268,566,1006,68.3
2026-08-31 11:05,db,22593,0,76,167,266,35.8
2026-08-31 11:06,web,11821,8,293,605,1064,64.6
2026-08-31 11:06,api,8275,3,268,565,1004,68.8
2026-08-31 11:06,db,24825,0,76,167,265,39.2
2026-08-31 11:07,web,11454,8,297,614,1078,63.1
2026-08-31 11:07,api,8018,5,272,574,1018,66.8
2026-08-31 11:07,db,24054,0,77,170,271,38.7
2026-08-31 11:08,web,11560,7,294,607,1067,62.9
2026-08-31 11:08,api,8092,4,269,567,1007,69.2
2026-08-31 11:08,db,24276,0,76,168,267,38.6
2026-08-31 11:09,web,11391,6,295,611,1074,65
2026-08-31 11:09,api,7974,2,270,571,1014,69
2026-08-31 11:09,db,23922,0,77,169,269,38.3
2026-08-31 11:10,web,11446,7,296,612,1075,64.8
2026-08-31 11:10,api,8012,4,271,572,1015,68.7
2026-08-31 11:10,db,24036,0,77,169,269,38.5
2026-08-31 11:11,web,11266,8,300,619,1086,64.4
2026-08-31 11:11,api,7886,5,275,579,1026,69.1
2026-08-31 11:11,db,23658,0,78,172,274,38.5
2026-08-31 11:12,web,11011,9,296,612,1075,62.6
2026-08-31 11:12,api,7708,5,271,572,1015,66.5
2026-08-31 11:12,db,23124,0,77,169,270,37.1
2026-08-31 11:13,web,10825,8,299,618,1085,65.8
2026-08-31 11:13,api,7577,4,274,578,1025,65.8
2026-08-31 11:13,db,22731,0,78,172,273,37
2026-08-31 11:14,web,11155,7,296,612,1075,64.2
2026-08-31 11:14,api,7808,3,271,572,1015,68.6
2026-08-31 11:14,db,23424,0,77,170,270,37.6
2026-08-31 11:15,web,10880,7,298,616,1082,65
2026-08-31 11:15,api,7616,4,273,576,1022,68.6
2026-08-31 11:15,db,22848,0,78,171,272,37
2026-08-31 11:16,web,11415,9,292,604,1062,65.7
2026-08-31 11:16,api,7990,5,267,564,1002,67.5
2026-08-31 11:16,db,23970,0,76,166,265,37.8
2026-08-31 11:17,web,10853,7,295,610,1072,63.1
2026-08-31 11:17,api,7597,3,270,570,1012,69.2
2026-08-31 11:17,db,22791,0,77,169,268,36.4
2026-08-31 11:18,web,11686,8,294,607,1067,65.5
2026-08-31 11:18,api,8180,5,269,567,1007,66.1
2026-08-31 11:18,db,24540,0,76,168,267,38.9
2026-08-31 11:19,web,11001,6,291,603,1061,62.3
2026-08-31 11:19,api,7701,3,266,563,1001,67.7
2026-08-31 11:19,db,23103,0,75,166,264,36.3
2026-08-31 11:20,web,10783,7,291,602,1059,64.3
2026-08-31 11:20,api,7548,4,266,562,999,65.5
2026-08-31 11:20,db,22644,0,75,166,264,35.5
2026-08-31 11:21,web,11610,7,291,602,1059,61.7
2026-08-31 11:21,api,8127,4,266,562,999,67.9
2026-08-31 11:21,db,24381,0,75,166,264,38.3
2026-08-31 11:22,web,10937,8,294,608,1069,64.9
2026-08-31 11:22,api,7656,5,269,568,1009,65.3
2026-08-31 11:22,db,22968,0,76,168,267,36.5
2026-08-31 11:23,web,10765,7,299,618,1085,62.1
2026-08-31 11:23,api,7535,4,274,578,1025,67.4
2026-08-31 11:23,db,22605,0,78,172,273,36.7
2026-08-31 11:24,web,11282,7,297,613,1077,63.5
2026-08-31 11:24,api,7897,3,272,573,1017,65.3
2026-08-31 11:24,db,23691,0,77,170,270,38.1
2026-08-31 11:25,web,11528,7,291,602,1059,63.8
2026-08-31 11:25,api,8070,5,266,562,999,68
2026-08-31 11:25,db,24210,0,75,166,264,38
2026-08-31 11:26,web,10790,6,296,613,1077,64.1
2026-08-31 11:26,api,7553,3,271,573,1017,68
2026-08-31 11:26,db,22659,0,77,170,270,36.4
2026-08-31 11:27,web,10828,8,296,611,1074,62.6
2026-08-31 11:27,api,7580,5,271,571,1014,65.4
2026-08-31 11:27,db,22740,0,77,169,269,36.4
2026-08-31 11:28,web,10888,8,292,604,1062,64.9
2026-08-31 11:28,api,7622,4,267,564,1002,64.9
2026-08-31 11:28,db,22866,0,76,166,265,36
2026-08-31 11:29,web,11289,7,299,618,1085,65.1
2026-08-31 11:29,api,7902,3,274,578,1025,68.1
2026-08-31 11:29,db,23706,0,78,172,273,38.5
2026-08-31 11:30,web,10546,5,290,601,1058,63.7
2026-08-31 11:30,api,7382,2,265,561,998,68.1
2026-08-31 11:30,db,22146,0,75,165,263,34.6
2026-08-31 11:31,web,11130,8,295,611,1074,64.6
2026-08-31 11:31,api,7791,5,270,571,1014,65.5
2026-08-31 11:31,db,23373,0,77,169,269,37.4
2026-08-31 11:32,web,10852,5,294,608,1069,61.4
2026-08-31 11:32,api,7596,3,269,568,1009,65.9
2026-08-31 11:32,db,22788,0,76,168,267,36.2
2026-08-31 11:33,web,11522,8,292,604,1062,63.4
2026-08-31 11:33,api,8065,3,267,564,1002,67.3
2026-08-31 11:33,db,24195,0,76,167,265,38.2
2026-08-31 11:34,web,10956,6,292,604,1062,64.8
2026-08-31 11:34,api,7669,3,267,564,1002,67.1
2026-08-31 11:34,db,23007,0,76,167,265,36.3
2026-08-31 11:35,web,11490,7,292,603,1061,64.3
2026-08-31 11:35,api,8043,3,267,563,1001,65.6
2026-08-31 11:35,db,24129,0,76,166,264,38
2026-08-31 11:36,web,10600,6,289,599,1054,61
2026-08-31 11:36,api,7420,3,264,559,994,66
2026-08-31 11:36,db,22260,0,75,164,262,34.7
2026-08-31 11:37,web,10465,8,290,601,1058,62
2026-08-31 11:37,api,7325,5,265,561,998,66.6
2026-08-31 11:37,db,21975,0,75,165,263,34.4
2026-08-31 11:38,web,10778,8,294,607,1067,62.1
2026-08-31 11:38,api,7545,5,269,567,1007,67.6
2026-08-31 11:38,db,22635,0,76,168,267,35.9
2026-08-31 11:39,web,10566,6,290,600,1056,64.6
2026-08-31 11:39,api,7396,3,265,560,996,65.5
2026-08-31 11:39,db,22188,0,75,165,263,34.7
2026-08-31 11:40,web,10631,7,289,598,1053,63.8
2026-08-31 11:40,api,7442,4,264,558,993,68
2026-08-31 11:40,db,22326,0,75,164,261,34.7
2026-08-31 11:41,web,10637,9,295,611,1074,61.6
2026-08-31 11:41,api,7446,5,270,571,1014,66.4
2026-08-31 11:41,db,22338,0,77,169,269,35.8
2026-08-31 11:42,web,11073,9,292,605,1064,61.8
2026-08-31 11:42,api,7751,5,267,565,1004,65.6
2026-08-31 11:42,db,23253,0,76,167,265,36.7
2026-08-31 11:43,web,10520,9,292,604,1062,63.6
2026-08-31 11:43,api,7364,5,267,564,1002,64.4
2026-08-31 11:43,db,22092,0,76,166,265,34.8
2026-08-31 11:44,web,10536,9,289,597,1051,61.2
2026-08-31 11:44,api,7375,5,264,557,991,66.1
2026-08-31 11:44,db,22125,0,75,164,261,34.4
2026-08-31 11:45,web,10533,7,294,609,1070,64.3
2026-08-31 11:45,api,7373,4,269,569,1010,66.2
2026-08-31 11:45,db,22119,0,76,168,268,35.2
2026-08-31 11:46,web,10904,8,294,607,1067,61.8
2026-08-31 11:46,api,7633,4,269,567,1007,66.1
2026-08-31 11:46,db,22899,0,76,168,267,36.3
2026-08-31 11:47,web,10400,6,288,597,1051,62.8
2026-08-31 11:47,api,7280,2,263,557,991,65.3
2026-08-31 11:47,db,21840,0,74,164,261,33.9
2026-08-31 11:48,web,10577,8,290,600,1056,64
2026-08-31 11:48,api,7404,4,265,560,996,67.4
2026-08-31 11:48,db,22212,0,75,165,263,34.7
2026-08-31 11:49,web,10836,5,295,609,1070,61.8
2026-08-31 11:49,api,7585,2,270,569,1010,66.9
2026-08-31 11:49,db,22755,0,77,168,268,36.3
2026-08-31 11:50,web,10577,7,294,609,1070,60.3
2026-08-31 11:50,api,7404,4,269,569,1010,66.3
2026-08-31 11:50,db,22212,0,76,168,268,35.4
2026-08-31 11:51,web,10371,8,291,602,1059,62.1
2026-08-31 11:51,api,7260,4,266,562,999,65.6
2026-08-31 11:51,db,21780,0,75,166,264,34.2
2026-08-31 11:52,web,10913,7,294,608,1069,60.8
2026-08-31 11:52,api,7639,3,269,568,1009,64.9
2026-08-31 11:52,db,22917,0,76,168,267,36.4
2026-08-31 11:53,web,10347,6,290,601,1058,60.3
2026-08-31 11:53,api,7243,3,265,561,998,67.5
2026-08-31 11:53,db,21729,0,75,165,263,34
2026-08-31 11:54,web,10723,8,295,610,1072,61.4
2026-08-31 11:54,api,7506,4,270,570,1012,65.5
2026-08-31 11:54,db,22518,0,77,169,268,35.9
2026-08-31 11:55,web,11240,9,296,611,1074,61.2
2026-08-31 11:55,api,7868,5,271,571,1014,67.1
2026-08-31 11:55,db,23604,0,77,169,269,37.8
2026-08-31 11:56,web,10728,7,290,600,1056,61.6
2026-08-31 11:56,api,7510,4,265,560,996,66.7
2026-08-31 11:56,db,22530,0,75,165,262,35.2
2026-08-31 11:57,web,10505,7,292,605,1064,63.7
2026-08-31 11:57,api,7353,3,267,565,1004,65.7
2026-08-31 11:57,db,22059,0,76,167,265,34.8
2026-08-31 11:58,web,10266,8,296,613,1077,61.9
2026-08-31 11:58,api,7186,5,271,573,1017,65.7
2026-08-31 11:58,db,21558,0,77,170,270,34.6
2026-08-31 11:59,web,10771,6,296,613,1077,61.1
2026-08-31 11:59,api,7540,3,271,573,1017,64.2
2026-08-31 11:59,db,22620,0,77,170,270,36.4
2026-08-31 12:00,web,10298,8,289,598,1053,63
2026-08-31 12:00,api,7209,5,264,558,993,65.7
2026-08-31 12:00,db,21627,0,75,164,261,33.7
2026-08-31 12:01,web,10517,7,291,602,1059,63.5
2026-08-31 12:01,api,7362,3,266,562,999,63.9
2026-08-31 12:01,db,22086,0,75,166,263,34.6
2026-08-31 12:02,web,10794,9,288,596,1050,61
2026-08-31 12:02,api,7556,5,263,556,990,67.2
2026-08-31 12:02,db,22668,0,74,164,260,35.1
2026-08-31 12:03,web,10785,8,295,611,1074,61.8
2026-08-31 12:03,api,7549,4,270,571,1014,65.8
2026-08-31 12:03,db,22647,0,77,169,269,36.2
2026-08-31 12:04,web,10703,9,290,599,1054,60.3
2026-08-31 12:04,api,7492,5,265,559,994,66.4
2026-08-31 12:04,db,22476,0,75,165,262,35.1
2026-08-31 12:05,web,10982,7,289,597,1051,60.7
2026-08-31 12:05,api,7687,3,264,557,991,65.3
2026-08-31 12:05,db,23061,0,75,164,261,35.8
2026-08-31 12:06,web,10617,8,290,599,1054,62.7
2026-08-31 12:06,api,7432,5,265,559,994,63.8
2026-08-31 12:06,db,22296,0,75,165,262,34.8
2026-08-31 12:07,web,10327,4,289,598,1053,63.3
2026-08-31 12:07,api,7229,2,264,558,993,67.2
2026-08-31 12:07,db,21687,0,75,164,261,33.7
2026-08-31 12:08,web,10330,7,290,599,1054,61.3
2026-08-31 12:08,api,7231,3,265,559,994,64.5
2026-08-31 12:08,db,21693,0,75,165,262,33.8
2026-08-31 12:09,web,10721,7,289,597,1051,61.3
2026-08-31 12:09,api,7505,4,264,557,991,67.3
2026-08-31 12:09,db,22515,0,75,164,261,35
2026-08-31 12:10,web,11176,7,292,603,1061,64.1
2026-08-31 12:10,api,7823,3,267,563,1001,64.8
2026-08-31 12:10,db,23469,0,76,166,264,36.9
2026-08-31 12:11,web,10343,4,288,597,1051,60.4
2026-08-31 12:11,api,7240,2,263,557,991,66.5
2026-08-31 12:11,db,21720,0,74,164,261,33.7
2026-08-31 12:12,web,10745,8,298,615,1080,60.9
2026-08-31 12:12,api,7521,4,273,575,1020,67.3
2026-08-31 12:12,db,22563,0,78,171,271,36.5
2026-08-31 12:13,web,10359,7,288,597,1051,60.5
2026-08-31 12:13,api,7251,3,263,557,991,66.2
2026-08-31 12:13,db,21753,0,74,164,261,33.8
2026-08-31 12:14,web,11289,7,297,613,1077,61.7
2026-08-31 12:14,api,7902,4,272,573,1017,64.1
2026-08-31 12:14,db,23706,0,77,170,270,38.1
2026-08-31 12:15,web,10596,7,297,614,1078,62.9
2026-08-31 12:15,api,7417,4,272,574,1018,66.2
2026-08-31 12:15,db,22251,0,77,170,270,35.8
2026-08-31 12:16,web,10632,6,290,600,1056,61.9
2026-08-31 12:16,api,7442,3,265,560,996,67.4
2026-08-31 12:16,db,22326,0,75,165,262,34.9
2026-08-31 12:17,web,10790,7,292,603,1061,62.1
2026-08-31 12:17,api,7553,4,267,563,1001,67.9
2026-08-31 12:17,db,22659,0,76,166,264,35.6
2026-08-31 12:18,web,11396,7,290,600,1056,62.7
2026-08-31 12:18,api,7977,3,265,560,996,66.3
2026-08-31 12:18,db,23931,0,75,165,262,37.4
2026-08-31 12:19,web,11433,7,292,604,1062,60.6
2026-08-31 12:19,api,8003,3,267,564,1002,68
2026-08-31 12:19,db,24009,0,76,167,265,37.9
2026-08-31 12:20,web,10413,7,298,616,1082,62.3
2026-08-31 12:20,api,7289,4,273,576,1022,67.1
2026-08-31 12:20,db,21867,0,78,171,272,35.4
2026-08-31 12:21,web,10947,9,296,612,1075,62
2026-08-31 12:21,api,7663,5,271,572,1015,65.7
2026-08-31 12:21,db,22989,0,77,170,270,36.9
2026-08-31 12:22,web,10969,6,298,615,1080,61.9
2026-08-31 12:22,api,7678,3,273,575,1020,65.7
2026-08-31 12:22,db,23034,0,78,171,271,37.2
2026-08-31 12:23,web,10555,8,290,601,1058,63.7
2026-08-31 12:23,api,7388,5,265,561,998,64.6
2026-08-31 12:23,db,22164,0,75,165,263,34.7
2026-08-31 12:24,web,10866,6,290,601,1058,62.3
2026-08-31 12:24,api,7606,2,265,561,998,65.6
2026-08-31 12:24,db,22818,0,75,165,263,35.7
2026-08-31 12:25,web,10673,8,297,614,1078,61.5
2026-08-31 12:25,api,7471,5,272,574,1018,67.7
2026-08-31 12:25,db,22413,0,77,170,271,36.1
2026-08-31 12:26,web,10618,8,292,605,1064,62.9
2026-08-31 12:26,api,7433,4,267,565,1004,66.4
2026-08-31 12:26,db,22299,0,76,167,265,35.2
2026-08-31 12:27,web,10791,7,294,608,1069,62.6
2026-08-31 12:27,api,7554,3,269,568,1009,65.6
2026-08-31 12:27,db,22662,0,76,168,267,36.1
2026-08-31 12:28,web,11219,8,296,613,1077,62.2
2026-08-31 12:28,api,7853,4,271,573,1017,65.1
2026-08-31 12:28,db,23559,0,77,170,270,37.9
2026-08-31 12:29,web,11391,9,298,616,1082,62.8
2026-08-31 12:29,api,7974,5,273,576,1022,65.9
2026-08-31 12:29,db,23922,0,78,171,272,38.7
2026-08-31 12:30,web,11041,7,290,599,1054,64.8
2026-08-31 12:30,api,7729,3,265,559,994,66.9
2026-08-31 12:30,db,23187,0,75,165,262,36.2
2026-08-31 12:31,web,11544,7,296,611,1074,61.8
2026-08-31 12:31,api,8081,3,271,571,1014,66.2
2026-08-31 12:31,db,24243,0,77,169,269,38.8
2026-08-31 12:32,web,10884,9,298,615,1080,61.4
2026-08-31 12:32,api,7619,5,273,575,1020,65.5
2026-08-31 12:32,db,22857,0,78,171,272,36.9
2026-08-31 12:33,web,11443,9,292,604,1062,65.2
2026-08-31 12:33,api,8010,5,267,564,1002,68.2
2026-08-31 12:33,db,24030,0,76,166,265,37.8
2026-08-31 12:34,web,11512,8,293,606,1066,63.1
2026-08-31 12:34,api,8058,4,268,566,1006,65
2026-08-31 12:34,db,24174,0,76,167,266,38.3
2026-08-31 12:35,web,11425,9,300,619,1086,65
2026-08-31 12:35,api,7997,5,275,579,1026,68
2026-08-31 12:35,db,23991,0,78,172,274,39.1
2026-08-31 12:36,web,10720,9,295,611,1074,62.1
2026-08-31 12:36,api,7504,5,270,571,1014,67.6
2026-08-31 12:36,db,22512,0,77,169,269,36
2026-08-31 12:37,web,10829,8,293,607,1067,62.5
2026-08-31 12:37,api,7580,4,268,567,1007,67.1
2026-08-31 12:37,db,22740,0,76,168,267,36.1
2026-08-31 12:38,web,11486,6,297,614,1078,64.6
2026-08-31 12:38,api,8040,3,272,574,1018,67.4
2026-08-31 12:38,db,24120,0,77,170,271,38.9
2026-08-31 12:39,web,11153,9,295,610,1072,61.6
2026-08-31 12:39,api,7807,5,270,570,1012,67.3
2026-08-31 12:39,db,23421,0,77,169,268,37.4
2026-08-31 12:40,web,10973,9,295,610,1072,63.5
2026-08-31 12:40,api,7681,5,270,570,1012,67.7
2026-08-31 12:40,db,23043,0,77,169,268,36.8
2026-08-31 12:41,web,10616,8,299,618,1085,64.5
2026-08-31 12:41,api,7431,5,274,578,1025,68.1
2026-08-31 12:41,db,22293,0,78,172,273,36.2
2026-08-31 12:42,web,11506,7,299,618,1085,63.9
2026-08-31 12:42,api,8054,3,274,578,1025,67.9
2026-08-31 12:42,db,24162,0,78,172,273,39.2
2026-08-31 12:43,web,11066,8,293,607,1067,62.5
2026-08-31 12:43,api,7746,5,268,567,1007,66.7
2026-08-31 12:43,db,23238,0,76,168,267,36.9
2026-08-31 12:44,web,11096,7,295,609,1070,64.6
2026-08-31 12:44,api,7767,3,270,569,1010,66.9
2026-08-31 12:44,db,23301,0,77,168,268,37.2
2026-08-31 12:45,web,10741,8,298,616,1082,63.6
2026-08-31 12:45,api,7519,5,273,576,1022,68.4
2026-08-31 12:45,db,22557,0,78,171,272,36.5
2026-08-31 12:46,web,11687,8,295,610,1072,63.2
2026-08-31 12:46,api,8181,5,270,570,1012,69.2
2026-08-31 12:46,db,24543,0,77,169,269,39.2
2026-08-31 12:47,web,11713,9,298,616,1082,62.1
2026-08-31 12:47,api,8199,6,273,576,1022,67
2026-08-31 12:47,db,24597,0,78,171,272,39.8
2026-08-31 12:48,web,11417,7,292,604,1062,62.8
2026-08-31 12:48,api,7992,3,267,564,1002,66.4
2026-08-31 12:48,db,23976,0,76,166,265,37.8
2026-08-31 12:49,web,10858,7,298,616,1082,65.2
2026-08-31 12:49,api,7601,5,273,576,1022,67.3
2026-08-31 12:49,db,22803,0,78,171,272,36.9
2026-08-31 12:50,web,11371,6,300,619,1086,64.8
2026-08-31 12:50,api,7960,3,275,579,1026,69.7
2026-08-31 12:50,db,23880,0,78,172,274,38.9
2026-08-31 12:51,web,11112,8,296,611,1074,64.1
2026-08-31 12:51,api,7778,5,271,571,1014,68.5
2026-08-31 12:51,db,23334,0,77,169,269,37.4
2026-08-31 12:52,web,11688,7,296,612,1075,63.5
2026-08-31 12:52,api,8182,5,271,572,1015,68.5
2026-08-31 12:52,db,24546,0,77,169,269,39.3
2026-08-31 12:53,web,10800,6,301,622,1091,63.2
2026-08-31 12:53,api,7560,4,276,582,1031,66
2026-08-31 12:53,db,22680,0,79,173,275,37.2
2026-08-31 12:54,web,11483,8,300,620,1088,65.7
2026-08-31 12:54,api,8038,5,275,580,1028,66.6
2026-08-31 12:54,db,24114,0,78,172,274,39.4
2026-08-31 12:55,web,11408,7,293,605,1064,62.3
2026-08-31 12:55,api,7986,3,268,565,1004,67.6
2026-08-31 12:55,db,23958,0,76,167,266,37.9
2026-08-31 12:56,web,11368,6,299,619,1086,65.7
2026-08-31 12:56,api,7958,3,274,579,1026,67.6
2026-08-31 12:56,db,23874,0,78,172,273,38.9
2026-08-31 12:57,web,10861,6,302,623,1093,64
2026-08-31 12:57,api,7603,2,277,583,1033,68.4
2026-08-31 12:57,db,22809,0,79,174,276,37.5
2026-08-31 12:58,web,10860,6,295,611,1074,65.5
2026-08-31 12:58,api,7602,3,270,571,1014,70
2026-08-31 12:58,db,22806,0,77,169,269,36.5
2026-08-31 12:59,web,11147,6,295,610,1072,65.6
2026-08-31 12:59,api,7803,4,270,570,1012,67.9
2026-08-31 12:59,db,23409,0,77,169,269,37.4
2026-08-31 13:00,web,10975,7,298,617,1083,64.2
2026-08-31 13:00,api,7682,4,273,577,1023,69
2026-08-31 13:00,db,23046,0,78,171,272,37.3
2026-08-31 13:01,web,11851,7,294,607,1067,66
2026-08-31 13:01,api,8296,3,269,567,1007,66.4
2026-08-31 13:01,db,24888,0,76,168,267,39.5
2026-08-31 13:02,web,11463,9,298,616,1082,65.2
2026-08-31 13:02,api,8024,5,273,576,1022,69.1
2026-08-31 13:02,db,24072,0,78,171,272,39
2026-08-31 13:03,web,10908,8,302,625,1096,63.8
2026-08-31 13:03,api,7636,4,277,585,1036,68
2026-08-31 13:03,db,22908,0,79,174,277,37.8
2026-08-31 13:04,web,10949,6,302,624,1094,65.2
2026-08-31 13:04,api,7664,3,277,584,1034,67.3
2026-08-31 13:04,db,22992,0,79,174,277,37.8
2026-08-31 13:05,web,11507,7,297,614,1078,64.7
2026-08-31 13:05,api,8055,4,272,574,1018,67.8
2026-08-31 13:05,db,24165,0,77,170,271,38.9
2026-08-31 13:06,web,10924,9,297,614,1078,65.3
2026-08-31 13:06,api,7647,5,272,574,1018,69.1
2026-08-31 13:06,db,22941,0,77,170,271,37
2026-08-31 13:07,web,11173,9,300,621,1090,63.1
2026-08-31 13:07,api,7821,5,275,581,1030,66.8
2026-08-31 13:07,db,23463,0,78,173,275,38.4
2026-08-31 13:08,web,11815,7,303,626,1098,64.8
2026-08-31 13:08,api,8271,3,278,586,1038,68.5
2026-08-31 13:08,db,24813,0,79,175,278,41
2026-08-31 13:09,web,11422,8,299,618,1085,64.5
2026-08-31 13:09,api,7995,5,274,578,1025,70.4
2026-08-31 13:09,db,23985,0,78,172,273,39
2026-08-31 13:10,web,11805,8,297,615,1080,64.9
2026-08-31 13:10,api,8264,4,272,575,1020,70.2
2026-08-31 13:10,db,24792,0,77,170,271,40
2026-08-31 13:11,web,11014,7,301,622,1091,63.9
2026-08-31 13:11,api,7710,3,276,582,1031,67.1
2026-08-31 13:11,db,23130,0,79,173,276,37.9
2026-08-31 13:12,web,11557,7,299,618,1085,66.5
2026-08-31 13:12,api,8090,4,274,578,1025,68.1
2026-08-31 13:12,db,24270,0,78,172,273,39.4
2026-08-31 13:13,web,11620,8,298,617,1083,66.9
2026-08-31 13:13,api,8134,5,273,577,1023,68.1
2026-08-31 13:13,db,24402,0,78,171,272,39.6
2026-08-31 13:14,web,11324,7,296,613,1077,64.6
2026-08-31 13:14,api,7927,4,271,573,1017,68.5
2026-08-31 13:14,db,23781,0,77,170,270,38.2
2026-08-31 13:15,web,11366,5,302,625,1096,66
2026-08-31 13:15,api,7956,3,277,585,1036,69.9
2026-08-31 13:15,db,23868,0,79,174,277,39.4
2026-08-31 13:16,web,12067,11,303,627,1099,63.6
2026-08-31 13:16,api,8447,6,278,587,1039,69.9
2026-08-31 13:16,db,25341,0,79,175,278,42
2026-08-31 13:17,web,12014,8,302,625,1096,65.6
2026-08-31 13:17,api,8410,5,277,585,1036,69.4
2026-08-31 13:17,db,25230,0,79,174,277,41.6
2026-08-31 13:18,web,11721,8,304,628,1101,64.5
2026-08-31 13:18,api,8205,4,279,588,1041,70.4
2026-08-31 13:18,db,24615,0,80,175,279,40.8
2026-08-31 13:19,web,11298,10,297,614,1078,66.8
2026-08-31 13:19,api,7909,5,272,574,1018,69.9
2026-08-31 13:19,db,23727,0,77,170,271,38.2
2026-08-31 13:20,web,11356,8,303,626,1098,63.8
2026-08-31 13:20,api,7949,4,278,586,1038,69.5
2026-08-31 13:20,db,23847,0,79,175,278,39.4
2026-08-31 13:21,web,11178,6,302,625,1096,66.9
2026-08-31 13:21,api,7825,3,277,585,1036,68.1
2026-08-31 13:21,db,23475,0,79,174,277,38.7
2026-08-31 13:22,web,11560,9,304,629,1102,65.6
2026-08-31 13:22,api,8092,5,279,589,1042,69.4
2026-08-31 13:22,db,24276,0,80,176,279,40.4
2026-08-31 13:23,web,11667,7,300,620,1088,66.1
2026-08-31 13:23,api,8167,3,275,580,1028,69.8
2026-08-31 13:23,db,24501,0,78,172,274,40
2026-08-31 13:24,web,11033,4,301,622,1091,65.3
2026-08-31 13:24,api,7723,2,276,582,1031,69.4
2026-08-31 13:24,db,23169,0,79,173,275,38
2026-08-31 13:25,web,11508,6,297,614,1078,66.9
2026-08-31 13:25,api,8056,3,272,574,1018,71.2
2026-08-31 13:25,db,24168,0,77,170,271,38.9
2026-08-31 13:26,web,11820,8,304,628,1101,65.2
2026-08-31 13:26,api,8274,3,279,588,1041,69.2
2026-08-31 13:26,db,24822,0,80,175,279,41.2
2026-08-31 13:27,web,11166,6,300,620,1088,65.8
2026-08-31 13:27,api,7816,3,275,580,1028,68.1
2026-08-31 13:27,db,23448,0,78,172,274,38.2
2026-08-31 13:28,web,11905,5,301,621,1090,66.6
2026-08-31 13:28,api,8334,3,276,581,1030,70.4
2026-08-31 13:28,db,25002,0,79,173,275,40.9
2026-08-31 13:29,web,11490,10,304,628,1101,65.5
2026-08-31 13:29,api,8043,6,279,588,1041,71
2026-08-31 13:29,db,24129,0,80,175,279,40.1
2026-08-31 13:30,web,11980,7,297,615,1080,64.2
2026-08-31 13:30,api,8386,3,272,575,1020,69
2026-08-31 13:30,db,25158,0,77,170,271,40.6
2026-08-31 13:31,web,11919,7,303,627,1099,64.2
2026-08-31 13:31,api,8343,3,278,587,1039,68.5
2026-08-31 13:31,db,25029,0,79,175,278,41.4
2026-08-31 13:32,web,11137,8,297,614,1078,67.6
2026-08-31 13:32,api,7796,5,272,574,1018,68.5
2026-08-31 13:32,db,23388,0,77,170,270,37.6
2026-08-31 13:33,web,11122,8,297,614,1078,64.7
2026-08-31 13:33,api,7785,5,272,574,1018,68.6
2026-08-31 13:33,db,23355,0,77,170,271,37.6
2026-08-31 13:34,web,11902,9,302,624,1094,64.9
2026-08-31 13:34,api,8331,5,277,584,1034,71.8
2026-08-31 13:34,db,24993,0,79,174,276,41.1
2026-08-31 13:35,web,11164,9,301,622,1091,65.8
2026-08-31 13:35,api,7815,5,276,582,1031,71.2
2026-08-31 13:35,db,23445,0,79,173,275,38.4
2026-08-31 13:36,web,12112,6,305,630,1104,64.8
2026-08-31 13:36,api,8478,3,280,590,1044,71.9
2026-08-31 13:36,db,25434,0,80,176,280,42.4
2026-08-31 13:37,web,11929,9,306,631,1106,65.7
2026-08-31 13:37,api,8350,6,281,591,1046,69.4
2026-08-31 13:37,db,25050,0,80,176,281,41.8
2026-08-31 13:38,web,11738,6,297,614,1078,67.6
2026-08-31 13:38,api,8217,3,272,574,1018,70.9
2026-08-31 13:38,db,24651,0,77,170,270,39.7
2026-08-31 13:39,web,11402,7,304,628,1101,67.9
2026-08-31 13:39,api,7981,3,279,588,1041,68.5
2026-08-31 13:39,db,23943,0,80,175,279,39.7
2026-08-31 13:40,web,11456,10,304,627,1099,67.2
2026-08-31 13:40,api,8019,6,279,587,1039,69.4
2026-08-31 13:40,db,24057,0,80,175,279,39.9
2026-08-31 13:41,web,12087,9,301,623,1093,66.9
2026-08-31 13:41,api,8461,5,276,583,1033,69.4
2026-08-31 13:41,db,25383,0,79,173,276,41.7
2026-08-31 13:42,web,12090,8,302,625,1096,66.9
2026-08-31 13:42,api,8463,3,277,585,1036,70.8
2026-08-31 13:42,db,25389,0,79,174,277,41.9
2026-08-31 13:43,web,11576,7,306,632,1107,66.6
2026-08-31 13:43,api,8103,3,281,592,1047,72
2026-08-31 13:43,db,24309,0,80,177,281,40.7
2026-08-31 13:44,web,11677,7,304,627,1099,64.6
2026-08-31 13:44,api,8174,3,279,587,1039,70.1
2026-08-31 13:44,db,24522,0,80,175,279,40.7
2026-08-31 13:45,web,11521,8,303,625,1096,68.1
2026-08-31 13:45,api,8065,4,278,585,1036,72.2
2026-08-31 13:45,db,24195,0,79,174,277,39.9
2026-08-31 13:46,web,12013,9,306,632,1107,65.8
2026-08-31 13:46,api,8409,6,281,592,1047,71.7
2026-08-31 13:46,db,25227,0,80,177,281,42.2
2026-08-31 13:47,web,12370,6,300,619,1086,64.8
2026-08-31 13:47,api,8659,3,275,579,1026,69.5
2026-08-31 13:47,db,25977,0,78,172,274,42.3
2026-08-31 13:48,web,12298,8,306,633,1109,68.6
2026-08-31 13:48,api,8609,4,281,593,1049,70.3
2026-08-31 13:48,db,25827,0,80,177,282,43.3
2026-08-31 13:49,web,11345,8,298,615,1080,66
2026-08-31 13:49,api,7941,4,273,575,1020,70.5
2026-08-31 13:49,db,23823,0,78,171,271,38.5
2026-08-31 13:50,web,11779,9,302,624,1094,67.9
2026-08-31 13:50,api,8245,6,277,584,1034,72.2
2026-08-31 13:50,db,24735,0,79,174,277,40.7
2026-08-31 13:51,web,12097,7,298,617,1083,65.7
2026-08-31 13:51,api,8468,4,273,577,1023,71.2
2026-08-31 13:51,db,25404,0,78,171,272,41.2
2026-08-31 13:52,web,12033,8,306,632,1107,67.4
2026-08-31 13:52,api,8423,4,281,592,1047,71.3
2026-08-31 13:52,db,25269,0,80,177,281,42.3
2026-08-31 13:53,web,12275,7,302,623,1093,65
2026-08-31 13:53,api,8593,4,277,583,1033,69.7
2026-08-31 13:53,db,25779,0,79,174,276,42.4
2026-08-31 13:54,web,11346,8,304,627,1099,66.2
2026-08-31 13:54,api,7942,4,279,587,1039,71.2
2026-08-31 13:54,db,23826,0,80,175,278,39.5
2026-08-31 13:55,web,11974,6,305,631,1106,65.2
2026-08-31 13:55,api,8382,4,280,591,1046,72.8
2026-08-31 13:55,db,25146,0,80,176,280,42
2026-08-31 13:56,web,12334,10,307,634,1110,68.3
2026-08-31 13:56,api,8634,5,282,594,1050,69.5
2026-08-31 13:56,db,25902,0,81,177,282,43.5
2026-08-31 13:57,web,12185,9,304,627,1099,68.7
2026-08-31 13:57,api,8530,6,279,587,1039,69.1
2026-08-31 13:57,db,25590,0,80,175,278,42.4
2026-08-31 13:58,web,12242,10,307,634,1110,65.6
2026-08-31 13:58,api,8569,6,282,594,1050,72.7
2026-08-31 13:58,db,25707,0,81,177,282,43.2
2026-08-31 13:59,web,12432,7,307,634,1110,67.1
2026-08-31 13:59,api,8702,3,282,594,1050,71.4
2026-08-31 13:59,db,26106,0,81,177,282,43.9
2026-08-31 14:00,web,11385,8,306,632,1107,66.1
2026-08-31 14:00,api,7969,5,281,592,1047,70.4
2026-08-31 14:00,db,23907,0,80,177,281,40
2026-08-31 14:01,web,12317,9,303,626,1098,65.7
2026-08-31 14:01,api,8622,4,278,586,1038,69.8
2026-08-31 14:01,db,25866,0,79,175,278,42.8
2026-08-31 14:02,web,12186,11,300,620,1088,67.5
2026-08-31 14:02,api,8530,6,275,580,1028,70.6
2026-08-31 14:02,db,25590,0,78,172,274,41.8
2026-08-31 14:03,web,11487,9,302,624,1094,67
2026-08-31 14:03,api,8041,5,277,584,1034,70.7
2026-08-31 14:03,db,24123,0,79,174,276,39.7
2026-08-31 14:04,web,11879,7,305,630,1104,67.2
2026-08-31 14:04,api,8315,3,280,590,1044,70.1
2026-08-31 14:04,db,24945,0,80,176,280,41.6
2026-08-31 14:05,web,11338,7,306,632,1107,65
2026-08-31 14:05,api,7937,4,281,592,1047,72.3
2026-08-31 14:05,db,23811,0,80,177,281,39.8
2026-08-31 14:06,web,12421,9,304,629,1102,65.6
2026-08-31 14:06,api,8695,6,279,589,1042,70.9
2026-08-31 14:06,db,26085,0,80,176,279,43.4
2026-08-31 14:07,web,12119,10,300,621,1090,67.9
2026-08-31 14:07,api,8483,5,275,581,1030,70.4
2026-08-31 14:07,db,25449,0,78,173,275,41.6
2026-08-31 14:08,web,11636,7,304,628,1101,68.2
2026-08-31 14:08,api,8145,4,279,588,1041,70.5
2026-08-31 14:08,db,24435,0,80,175,279,40.5
2026-08-31 14:09,web,12022,6,299,619,1086,66.6
2026-08-31 14:09,api,8415,3,274,579,1026,69.8
2026-08-31 14:09,db,25245,0,78,172,273,41.1
2026-08-31 14:10,web,12301,7,301,622,1091,67.9
2026-08-31 14:10,api,8611,4,276,582,1031,71.9
2026-08-31 14:10,db,25833,0,79,173,275,42.4
2026-08-31 14:11,web,11433,7,307,634,1110,67.1
2026-08-31 14:11,api,8003,4,282,594,1050,70.8
2026-08-31 14:11,db,24009,0,81,178,282,40.4
2026-08-31 14:12,web,12163,8,306,632,1107,66.4
2026-08-31 14:12,api,8514,4,281,592,1047,72.2
2026-08-31 14:12,db,25542,0,80,177,281,42.8
2026-08-31 14:13,web,11905,6,298,616,1082,64.6
2026-08-31 14:13,api,8334,3,273,576,1022,71.5
2026-08-31 14:13,db,25002,0,78,171,272,40.4
2026-08-31 14:14,web,12328,8,298,617,1083,66
2026-08-31 14:14,api,8630,5,273,577,1023,71.9
2026-08-31 14:14,db,25890,0,78,171,272,42
2026-08-31 14:15,web,11626,9,304,627,1099,67.7
2026-08-31 14:15,api,8138,6,279,587,1039,69
2026-08-31 14:15,db,24414,0,80,175,278,40.5
2026-08-31 14:16,web,12157,10,301,623,1093,64.7
2026-08-31 14:16,api,8510,6,276,583,1033,71.8
2026-08-31 14:16,db,25530,0,79,173,276,41.9
2026-08-31 14:17,web,11305,7,303,626,1098,65.3
2026-08-31 14:17,api,7913,5,278,586,1038,70.2
2026-08-31 14:17,db,23739,0,79,174,278,39.2
2026-08-31 14:18,web,11792,8,306,633,1109,67.8
2026-08-31 14:18,api,8254,5,281,593,1049,69.6
2026-08-31 14:18,db,24762,0,80,177,282,41.5
2026-08-31 14:19,web,11256,7,302,624,1094,66.2
2026-08-31 14:19,api,7879,3,277,584,1034,70.5
2026-08-31 14:19,db,23637,0,79,174,276,38.9
2026-08-31 14:20,web,11496,8,302,623,1093,65.5
2026-08-31 14:20,api,8047,4,277,583,1033,70.1
2026-08-31 14:20,db,24141,0,79,174,276,39.7
2026-08-31 14:21,web,11525,8,298,615,1080,64.4
2026-08-31 14:21,api,8067,4,273,575,1020,70.4
2026-08-31 14:21,db,24201,0,78,171,272,39.1
2026-08-31 14:22,web,11533,8,302,624,1094,64.5
2026-08-31 14:22,api,8073,5,277,584,1034,71.8
2026-08-31 14:22,db,24219,0,79,174,277,39.9
2026-08-31 14:23,web,11387,8,300,621,1090,66.1
2026-08-31 14:23,api,7971,4,275,581,1030,72
2026-08-31 14:23,db,23913,0,78,173,275,39.1
2026-08-31 14:24,web,12064,7,302,624,1094,68.1
2026-08-31 14:24,api,8445,4,277,584,1034,71.2
2026-08-31 14:24,db,25335,0,79,174,277,41.7
2026-08-31 14:25,web,11464,6,300,621,1090,65.7
2026-08-31 14:25,api,8025,3,275,581,1030,69.5
2026-08-31 14:25,db,24075,0,78,173,275,39.4
2026-08-31 14:26,web,12150,9,297,614,1078,66.1
2026-08-31 14:26,api,8505,6,272,574,1018,68.3
2026-08-31 14:26,db,25515,0,77,170,271,41.1
2026-08-31 14:27,web,11544,7,299,618,1085,66.3
2026-08-31 14:27,api,8081,4,274,578,1025,69.7
2026-08-31 14:27,db,24243,0,78,172,273,39.4
2026-08-31 14:28,web,11303,8,303,627,1099,64.8
2026-08-31 14:28,api,7912,5,278,587,1039,67.8
2026-08-31 14:28,db,23736,0,79,175,278,39.3
2026-08-31 14:29,web,12123,10,303,627,1099,65.6
2026-08-31 14:29,api,8486,5,278,587,1039,70
2026-08-31 14:29,db,25458,0,79,175,278,42.1
2026-08-31 14:30,web,12122,7,302,623,1093,66.4
2026-08-31 14:30,api,8485,3,277,583,1033,68.2
2026-08-31 14:30,db,25455,0,79,174,276,41.8
2026-08-31 14:31,web,11879,9,305,629,1102,64.4
2026-08-31 14:31,api,8315,4,280,589,1042,71.6
2026-08-31 14:31,db,24945,0,80,176,279,41.5
2026-08-31 14:32,web,12007,8,297,613,1077,64.5
2026-08-31 14:32,api,8405,4,272,573,1017,70.8
2026-08-31 14:32,db,25215,0,77,170,270,40.6
2026-08-31 14:33,web,11773,9,304,629,1102,66.3
2026-08-31 14:33,api,8241,6,279,589,1042,67.8
2026-08-31 14:33,db,24723,0,80,175,279,41.1
2026-08-31 14:34,web,11997,10,298,616,1082,65.9
2026-08-31 14:34,api,8398,6,273,576,1022,69.1
2026-08-31 14:34,db,25194,0,78,171,272,40.8
2026-08-31 14:35,web,11496,7,298,616,1082,64.4
2026-08-31 14:35,api,8047,3,273,576,1022,69.9
2026-08-31 14:35,db,24141,0,78,171,272,39
2026-08-31 14:36,web,11974,6,304,629,1102,66
2026-08-31 14:36,api,8382,3,279,589,1042,71.2
2026-08-31 14:36,db,25146,0,80,176,279,41.8
2026-08-31 14:37,web,11026,6,299,617,1083,64.4
2026-08-31 14:37,api,7718,3,274,577,1023,70.1
2026-08-31 14:37,db,23154,0,78,171,273,37.6
2026-08-31 14:38,web,11332,7,295,610,1072,66.5
2026-08-31 14:38,api,7932,4,270,570,1012,69.6
2026-08-31 14:38,db,23796,0,77,169,268,38
2026-08-31 14:39,web,11534,8,296,612,1075,66.6
2026-08-31 14:39,api,8074,4,271,572,1015,67.5
2026-08-31 14:39,db,24222,0,77,169,269,38.8
2026-08-31 14:40,web,11273,9,295,610,1072,63.9
2026-08-31 14:40,api,7891,5,270,570,1012,68.2
2026-08-31 14:40,db,23673,0,77,169,268,37.8
2026-08-31 14:41,web,11270,9,301,622,1091,65.6
2026-08-31 14:41,api,7889,5,276,582,1031,68
2026-08-31 14:41,db,23667,0,79,173,275,38.8
2026-08-31 14:42,web,11735,8,304,627,1099,64.3
2026-08-31 14:42,api,8215,4,279,587,1039,68.4
2026-08-31 14:42,db,24645,0,80,175,278,40.8
2026-08-31 14:43,web,11414,6,302,624,1094,66.5
2026-08-31 14:43,api,7990,4,277,584,1034,70
2026-08-31 14:43,db,23970,0,79,174,277,39.5
2026-08-31 14:44,web,11527,9,299,618,1085,66.9
2026-08-31 14:44,api,8069,5,274,578,1025,70.9
2026-08-31 14:44,db,24207,0,78,172,273,39.3
2026-08-31 14:45,web,10939,7,297,614,1078,65.4
2026-08-31 14:45,api,7657,4,272,574,1018,67.6
2026-08-31 14:45,db,22971,0,77,170,271,37
2026-08-31 14:46,web,11286,6,297,613,1077,64
2026-08-31 14:46,api,7900,3,272,573,1017,66.9
2026-08-31 14:46,db,23700,0,77,170,270,38.1
2026-08-31 14:47,web,11202,8,296,613,1077,63.4
2026-08-31 14:47,api,7841,4,271,573,1017,67
2026-08-31 14:47,db,23523,0,77,170,270,37.8
2026-08-31 14:48,web,11414,8,302,624,1094,64.1
2026-08-31 14:48,api,7990,4,277,584,1034,69.3
2026-08-31 14:48,db,23970,0,79,174,277,39.5
2026-08-31 14:49,web,11667,10,299,617,1083,66.7
2026-08-31 14:49,api,8167,5,274,577,1023,69.7
2026-08-31 14:49,db,24501,0,78,171,272,39.7
2026-08-31 14:50,web,10898,8,296,611,1074,64.3
2026-08-31 14:50,api,7629,4,271,571,1014,67.8
2026-08-31 14:50,db,22887,0,77,169,269,36.7
2026-08-31 14:51,web,11655,8,301,622,1091,65.6
2026-08-31 14:51,api,8158,5,276,582,1031,67.5
2026-08-31 14:51,db,24474,0,79,173,275,40.1
2026-08-31 14:52,web,10995,9,295,610,1072,64.9
2026-08-31 14:52,api,7696,5,270,570,1012,70.5
2026-08-31 14:52,db,23088,0,77,169,269,36.9
2026-08-31 14:53,web,11481,6,294,608,1069,65.5
2026-08-31 14:53,api,8037,3,269,568,1009,69.9
2026-08-31 14:53,db,24111,0,76,168,267,38.4
2026-08-31 14:54,web,11238,7,296,613,1077,63.9
2026-08-31 14:54,api,7867,3,271,573,1017,69.3
2026-08-31 14:54,db,23601,0,77,170,270,37.9
2026-08-31 14:55,web,10953,7,301,621,1090,65.7
2026-08-31 14:55,api,7667,4,276,581,1030,69.7
2026-08-31 14:55,db,23001,0,79,173,275,37.6
2026-08-31 14:56,web,11591,6,302,625,1096,65.2
2026-08-31 14:56,api,8114,3,277,585,1036,68.7
2026-08-31 14:56,db,24342,0,79,174,277,40.1
2026-08-31 14:57,web,11558,6,295,610,1072,62.9
2026-08-31 14:57,api,8091,3,270,570,1012,67.6
2026-08-31 14:57,db,24273,0,77,169,268,38.7
2026-08-31 14:58,web,11688,8,299,617,1083,64.7
2026-08-31 14:58,api,8182,4,274,577,1023,69.4
2026-08-31 14:58,db,24546,0,78,171,273,39.8
2026-08-31 14:59,web,11874,9,295,611,1074,62.7
2026-08-31 14:59,api,8312,5,270,571,1014,70
2026-08-31 14:59,db,24936,0,77,169,269,39.9
2026-08-31 15:00,web,11025,7,299,617,1083,64.9
2026-08-31 15:00,api,7717,3,274,577,1023,69.2
2026-08-31 15:00,db,23151,0,78,171,273,37.6
2026-08-31 15:01,web,11692,7,295,610,1072,64.9
2026-08-31 15:01,api,8184,4,270,570,1012,66.7
2026-08-31 15:01,db,24552,0,77,169,268,39.2
2026-08-31 15:02,web,11600,9,293,607,1067,64.8
2026-08-31 15:02,api,8120,5,268,567,1007,69.4
2026-08-31 15:02,db,24360,0,76,168,266,38.6
2026-08-31 15:03,web,11305,9,297,614,1078,63.8
2026-08-31 15:03,api,7913,5,272,574,1018,69.3
2026-08-31 15:03,db,23739,0,77,170,271,38.3
2026-08-31 15:04,web,11218,8,293,607,1067,63
2026-08-31 15:04,api,7853,4,268,567,1007,67.6
2026-08-31 15:04,db,23559,0,76,167,266,37.4
2026-08-31 15:05,web,11435,9,301,621,1090,63.7
2026-08-31 15:05,api,8004,5,276,581,1030,68.5
2026-08-31 15:05,db,24012,0,79,173,275,39.3
2026-08-31 15:06,web,10932,7,296,611,1074,65.8
2026-08-31 15:06,api,7652,5,271,571,1014,69.1
2026-08-31 15:06,db,22956,0,77,169,269,36.8
2026-08-31 15:07,web,11555,9,292,604,1062,63.6
2026-08-31 15:07,api,8088,5,267,564,1002,67.2
2026-08-31 15:07,db,24264,0,76,166,265,38.2
2026-08-31 15:08,web,10697,4,299,619,1086,61.8
2026-08-31 15:08,api,7488,2,274,579,1026,66.3
2026-08-31 15:08,db,22464,0,78,172,274,36.6
2026-08-31 15:09,web,11158,7,299,617,1083,63.8
2026-08-31 15:09,api,7811,4,274,577,1023,67.8
2026-08-31 15:09,db,23433,0,78,171,272,38
2026-08-31 15:10,web,11694,7,296,612,1075,64
2026-08-31 15:10,api,8186,3,271,572,1015,66.8
2026-08-31 15:10,db,24558,0,77,169,269,39.4
2026-08-31 15:11,web,10675,6,298,616,1082,62.8
2026-08-31 15:11,api,7472,3,273,576,1022,67.2
2026-08-31 15:11,db,22416,0,78,171,272,36.3
2026-08-31 15:12,web,11114,9,299,617,1083,61.5
2026-08-31 15:12,api,7780,5,274,577,1023,67.4
2026-08-31 15:12,db,23340,0,78,171,273,37.9
2026-08-31 15:13,web,11573,9,298,616,1082,62.2
2026-08-31 15:13,api,8101,6,273,576,1022,66.6
2026-08-31 15:13,db,24303,0,78,171,272,39.3
2026-08-31 15:14,web,10865,8,298,616,1082,62
2026-08-31 15:14,api,7605,4,273,576,1022,66.1
2026-08-31 15:14,db,22815,0,78,171,272,36.9
2026-08-31 15:15,web,10912,9,297,615,1080,61.3
2026-08-31 15:15,api,7638,5,272,575,1020,66.9
2026-08-31 15:15,db,22914,0,77,170,271,37
2026-08-31 15:16,web,10920,7,292,604,1062,62.9
2026-08-31 15:16,api,7644,3,267,564,1002,66.6
2026-08-31 15:16,db,22932,0,76,166,265,36.1
2026-08-31 15:17,web,11535,5,292,604,1062,61.4
2026-08-31 15:17,api,8074,3,267,564,1002,68.3
2026-08-31 15:17,db,24222,0,76,167,265,38.2
2026-08-31 15:18,web,10901,6,291,601,1058,63.7
2026-08-31 15:18,api,7631,3,266,561,998,67.5
2026-08-31 15:18,db,22893,0,75,166,263,35.9
2026-08-31 15:19,web,10807,6,292,604,1062,61.7
2026-08-31 15:19,api,7565,2,267,564,1002,66.2
2026-08-31 15:19,db,22695,0,76,167,265,35.8
2026-08-31 15:20,web,11129,8,294,609,1070,62.6
2026-08-31 15:20,api,7790,5,269,569,1010,66.2
2026-08-31 15:20,db,23370,0,76,168,268,37.2
2026-08-31 15:21,web,10489,9,293,606,1066,60.6
2026-08-31 15:21,api,7342,5,268,566,1006,65.7
2026-08-31 15:21,db,22026,0,76,167,266,34.8
2026-08-31 15:22,web,10935,7,289,598,1053,61.4
2026-08-31 15:22,api,7654,3,264,558,993,64.1
2026-08-31 15:22,db,22962,0,75,164,262,35.7
2026-08-31 15:23,web,10419,6,296,612,1075,63.5
2026-08-31 15:23,api,7293,4,271,572,1015,64.1
2026-08-31 15:23,db,21879,0,77,169,269,35.1
2026-08-31 15:24,web,11035,6,296,612,1075,62.9
2026-08-31 15:24,api,7724,2,271,572,1015,66.9
2026-08-31 15:24,db,23172,0,77,169,269,37.1
2026-08-31 15:25,web,10368,7,294,608,1069,61.8
2026-08-31 15:25,api,7258,4,269,568,1009,65.6
2026-08-31 15:25,db,21774,0,76,168,267,34.6
2026-08-31 15:26,web,11237,7,294,608,1069,61
2026-08-31 15:26,api,7866,3,269,568,1009,66.6
2026-08-31 15:26,db,23598,0,76,168,267,37.6
2026-08-31 15:27,web,10791,9,290,600,1056,62.2
2026-08-31 15:27,api,7554,5,265,560,996,67
2026-08-31 15:27,db,22662,0,75,165,262,35.4
2026-08-31 15:28,web,11208,7,296,612,1075,61.1
2026-08-31 15:28,api,7846,4,271,572,1015,67
2026-08-31 15:28,db,23538,0,77,169,269,37.8
2026-08-31 15:29,web,10994,8,289,597,1051,61.6
2026-08-31 15:29,api,7696,4,264,557,991,64.4
2026-08-31 15:29,db,23088,0,75,164,261,35.9
2026-08-31 15:30,web,10762,6,293,607,1067,60
2026-08-31 15:30,api,7533,3,268,567,1007,64.4
2026-08-31 15:30,db,22599,0,76,167,266,35.8
2026-08-31 15:31,web,10540,8,292,605,1064,63.4
2026-08-31 15:31,api,7378,5,267,565,1004,66.4
2026-08-31 15:31,db,22134,0,76,167,265,34.9
2026-08-31 15:32,web,11180,6,294,608,1069,62.2
2026-08-31 15:32,api,7826,4,269,568,1009,66.3
2026-08-31 15:32,db,23478,0,76,168,267,37.3
2026-08-31 15:33,web,10176,7,293,607,1067,62.7
2026-08-31 15:33,api,7123,4,268,567,1007,63.9
2026-08-31 15:33,db,21369,0,76,168,267,33.9
2026-08-31 15:34,web,10769,7,295,610,1072,62.2
2026-08-31 15:34,api,7538,4,270,570,1012,66.5
2026-08-31 15:34,db,22614,0,77,169,268,36.1
2026-08-31 15:35,web,10413,6,286,592,1043,61.6
2026-08-31 15:35,api,7289,4,261,552,983,63.2
2026-08-31 15:35,db,21867,0,74,162,258,33.5
2026-08-31 15:36,web,10822,7,290,599,1054,62.8
2026-08-31 15:36,api,7575,5,265,559,994,63.5
2026-08-31 15:36,db,22725,0,75,165,262,35.4
2026-08-31 15:37,web,10631,6,294,608,1069,60.2
2026-08-31 15:37,api,7442,2,269,568,1009,63.2
2026-08-31 15:37,db,22326,0,76,168,267,35.5
2026-08-31 15:38,web,10539,7,292,604,1062,61.2
2026-08-31 15:38,api,7377,5,267,564,1002,63
2026-08-31 15:38,db,22131,0,76,167,265,34.9
2026-08-31 15:39,web,10703,8,291,601,1058,60.9
2026-08-31 15:39,api,7492,4,266,561,998,63.6
2026-08-31 15:39,db,22476,0,75,165,263,35.2
2026-08-31 15:40,web,10981,6,288,596,1050,62
2026-08-31 15:40,api,7687,2,263,556,990,64.1
2026-08-31 15:40,db,23061,0,74,164,260,35.7
2026-08-31 15:41,web,10266,7,284,589,1038,61.3
2026-08-31 15:41,api,7186,4,259,549,978,63.7
2026-08-31 15:41,db,21558,0,73,161,256,32.9
2026-08-31 15:42,web,10445,7,290,601,1058,62.4
2026-08-31 15:42,api,7311,3,265,561,998,64.3
2026-08-31 15:42,db,21933,0,75,165,263,34.3
2026-08-31 15:43,web,10979,6,289,597,1051,59.9
2026-08-31 15:43,api,7685,3,264,557,991,65.8
2026-08-31 15:43,db,23055,0,75,164,261,35.8
2026-08-31 15:44,web,10145,7,291,601,1058,59.6
2026-08-31 15:44,api,7102,3,266,561,998,62.6
2026-08-31 15:44,db,21306,0,75,166,263,33.4
2026-08-31 15:45,web,10190,9,291,603,1061,61.1
2026-08-31 15:45,api,7133,5,266,563,1001,65.7
2026-08-31 15:45,db,21399,0,75,166,264,33.6
2026-08-31 15:46,web,10003,7,293,605,1064,60.6
2026-08-31 15:46,api,7002,3,268,565,1004,62.8
2026-08-31 15:46,db,21006,0,76,167,266,33.2
2026-08-31 15:47,web,10306,5,292,603,1061,58.8
2026-08-31 15:47,api,7214,3,267,563,1001,65
2026-08-31 15:47,db,21642,0,76,166,264,34
2026-08-31 15:48,web,10016,5,288,597,1051,61.2
2026-08-31 15:48,api,7011,2,263,557,991,62.7
2026-08-31 15:48,db,21033,0,74,164,261,32.6
2026-08-31 15:49,web,10725,7,287,595,1048,59.3
2026-08-31 15:49,api,7507,4,262,555,988,65
2026-08-31 15:49,db,22521,0,74,163,259,34.8
2026-08-31 15:50,web,10076,8,283,587,1035,59.9
2026-08-31 15:50,api,7053,5,258,547,975,64.2
2026-08-31 15:50,db,21159,0,73,160,255,32.1
2026-08-31 15:51,web,10011,6,287,593,1045,61.3
2026-08-31 15:51,api,7008,3,262,553,985,65
2026-08-31 15:51,db,21024,0,74,163,259,32.4
2026-08-31 15:52,web,10572,8,289,599,1054,59.1
2026-08-31 15:52,api,7400,4,264,559,994,63.6
2026-08-31 15:52,db,22200,0,75,165,262,34.6
2026-08-31 15:53,web,10735,6,284,588,1037,57.7
2026-08-31 15:53,api,7514,3,259,548,977,63.5
2026-08-31 15:53,db,22542,0,73,160,255,34.3
2026-08-31 15:54,web,9771,4,284,587,1035,59
2026-08-31 15:54,api,6840,2,259,547,975,60.9
2026-08-31 15:54,db,20520,0,73,160,255,31.2
2026-08-31 15:55,web,10630,9,287,595,1048,59.1
2026-08-31 15:55,api,7441,5,262,555,988,62.9
2026-08-31 15:55,db,22323,0,74,163,259,34.5
2026-08-31 15:56,web,10234,7,286,592,1043,57.6
2026-08-31 15:56,api,7164,3,261,552,983,64.5
2026-08-31 15:56,db,21492,0,74,162,258,33
2026-08-31 15:57,web,10268,8,283,586,1034,58.1
2026-08-31 15:57,api,7188,5,258,546,974,61.5
2026-08-31 15:57,db,21564,0,73,160,254,32.6
2026-08-31 15:58,web,9714,7,282,585,1032,58.5
2026-08-31 15:58,api,6800,4,257,545,972,61.3
2026-08-31 15:58,db,20400,0,72,159,253,30.8
2026-08-31 15:59,web,10399,8,288,596,1050,57.2
2026-08-31 15:59,api,7279,4,263,556,990,61.8
2026-08-31 15:59,db,21837,0,74,164,260,33.8
2026-08-31 16:00,web,9811,5,285,589,1038,59.3
2026-08-31 16:00,api,6868,2,260,549,978,62.5
2026-08-31 16:00,db,20604,0,73,161,256,31.4
2026-08-31 16:01,web,10442,8,286,592,1043,57.4
2026-08-31 16:01,api,7309,4,261,552,983,62.3
2026-08-31 16:01,db,21927,0,74,162,258,33.6
2026-08-31 16:02,web,9899,6,289,598,1053,60.1
2026-08-31 16:02,api,6929,4,264,558,993,62.9
2026-08-31 16:02,db,20787,0,75,164,261,32.3
2026-08-31 16:03,web,10110,7,288,595,1048,58.2
2026-08-31 16:03,api,7077,4,263,555,988,63.8
2026-08-31 16:03,db,21231,0,74,163,260,32.8
2026-08-31 16:04,web,9606,7,281,581,1026,57.6
2026-08-31 16:04,api,6724,5,256,541,966,60.2
2026-08-31 16:04,db,20172,0,72,158,252,30.2
2026-08-31 16:05,web,10174,5,283,585,1032,58.1
2026-08-31 16:05,api,7122,3,258,545,972,62.5
2026-08-31 16:05,db,21366,0,73,160,254,32.3
2026-08-31 16:06,web,10054,6,283,586,1034,56.6
2026-08-31 16:06,api,7038,3,258,546,974,61.8
2026-08-31 16:06,db,21114,0,73,160,255,32
2026-08-31 16:07,web,9519,4,279,579,1022,58.6
2026-08-31 16:07,api,6663,2,254,539,962,60
2026-08-31 16:07,db,19989,0,71,157,250,29.8
2026-08-31 16:08,web,9623,5,279,578,1021,57.2
2026-08-31 16:08,api,6736,2,254,538,961,61
2026-08-31 16:08,db,20208,0,71,157,249,30
2026-08-31 16:09,web,9565,5,284,588,1037,57.1
2026-08-31 16:09,api,6696,2,259,548,977,62.9
2026-08-31 16:09,db,20088,0,73,161,255,30.5
2026-08-31 16:10,web,9584,5,278,576,1018,55.7
2026-08-31 16:10,api,6709,2,253,536,958,61.8
2026-08-31 16:10,db,20127,0,71,156,249,29.8
2026-08-31 16:11,web,10171,6,287,594,1046,59.3
2026-08-31 16:11,api,7120,4,262,554,986,60.2
2026-08-31 16:11,db,21360,0,74,163,259,32.9
2026-08-31 16:12,web,9572,8,280,579,1022,58
2026-08-31 16:12,api,6700,4,255,539,962,60
2026-08-31 16:12,db,20100,0,72,157,251,30
2026-08-31 16:13,web,9684,7,282,584,1030,57.1
2026-08-31 16:13,api,6779,3,257,544,970,60.6
2026-08-31 16:13,db,20337,0,72,159,253,30.6
2026-08-31 16:14,web,9992,5,279,579,1022,58.8
2026-08-31 16:14,api,6994,3,254,539,962,60.3
2026-08-31 16:14,db,20982,0,71,157,250,31.2
2026-08-31 16:15,web,9470,7,280,580,1024,54.9
2026-08-31 16:15,api,6629,4,255,540,964,59.5
2026-08-31 16:15,db,19887,0,72,158,251,29.7
2026-08-31 16:16,web,9344,5,278,576,1018,55.7
2026-08-31 16:16,api,6541,3,253,536,958,58.5
2026-08-31 16:16,db,19623,0,71,156,248,29
2026-08-31 16:17,web,9236,7,280,580,1024,56.5
2026-08-31 16:17,api,6465,4,255,540,964,59.2
2026-08-31 16:17,db,19395,0,72,158,251,29
2026-08-31 16:18,web,9172,5,280,581,1026,54.7
2026-08-31 16:18,api,6420,2,255,541,966,59.4
2026-08-31 16:18,db,19260,0,72,158,251,28.8
2026-08-31 16:19,web,9653,5,282,584,1030,58.3
2026-08-31 16:19,api,6757,2,257,544,970,60.9
2026-08-31 16:19,db,20271,0,72,159,253,30.6
2026-08-31 16:20,web,9449,6,276,573,1013,55.1
2026-08-31 16:20,api,6614,4,251,533,953,60.8
2026-08-31 16:20,db,19842,0,70,155,247,29.1
2026-08-31 16:21,web,9411,6,279,577,1019,55.7
2026-08-31 16:21,api,6588,3,254,537,959,57.7
2026-08-31 16:21,db,19764,0,71,157,249,29.3
2026-08-31 16:22,web,9433,6,281,581,1026,57
2026-08-31 16:22,api,6603,3,256,541,966,58.2
2026-08-31 16:22,db,19809,0,72,158,251,29.6
2026-08-31 16:23,web,9246,6,281,582,1027,56.7
2026-08-31 16:23,api,6472,3,256,542,967,59.7
2026-08-31 16:23,db,19416,0,72,158,252,29.1
2026-08-31 16:24,web,9265,4,279,578,1021,56
2026-08-31 16:24,api,6486,2,254,538,961,59.5
2026-08-31 16:24,db,19458,0,71,157,249,28.9
2026-08-31 16:25,web,9871,7,278,576,1018,57.3
2026-08-31 16:25,api,6910,3,253,536,958,58.8
2026-08-31 16:25,db,20730,0,71,156,248,30.6
2026-08-31 16:26,web,9469,5,279,578,1021,55.9
2026-08-31 16:26,api,6628,2,254,538,961,57.6
2026-08-31 16:26,db,19884,0,71,157,250,29.6
2026-08-31 16:27,web,9088,7,276,572,1011,56.7
2026-08-31 16:27,api,6362,4,251,532,951,56.7
2026-08-31 16:27,db,19086,0,70,155,246,28
2026-08-31 16:28,web,9737,8,280,581,1026,53.3
2026-08-31 16:28,api,6816,4,255,541,966,56.2
2026-08-31 16:28,db,20448,0,72,158,251,30.6
2026-08-31 16:29,web,9090,7,276,571,1010,55.8
2026-08-31 16:29,api,6363,4,251,531,950,59.3
2026-08-31 16:29,db,19089,0,70,154,246,27.9
2026-08-31 16:30,web,9057,6,275,570,1008,54.3
2026-08-31 16:30,api,6340,3,250,530,948,57.9
2026-08-31 16:30,db,19020,0,70,154,245,27.7
2026-08-31 16:31,web,9328,6,279,578,1021,53.1
2026-08-31 16:31,api,6530,4,254,538,961,56.1
2026-08-31 16:31,db,19590,0,71,157,249,29.1
2026-08-31 16:32,web,9471,7,280,581,1026,54.8
2026-08-31 16:32,api,6630,4,255,541,966,57.2
2026-08-31 16:32,db,19890,0,72,158,251,29.7
2026-08-31 16:33,web,9551,5,273,567,1003,53.3
2026-08-31 16:33,api,6686,3,248,527,943,56.2
2026-08-31 16:33,db,20058,0,69,153,243,29
2026-08-31 16:34,web,9094,4,276,571,1010,55.9
2026-08-31 16:34,api,6366,2,251,531,950,57.5
2026-08-31 16:34,db,19098,0,70,155,246,27.9
2026-08-31 16:35,web,8678,6,273,567,1003,54.1
2026-08-31 16:35,api,6075,3,248,527,943,56.4
2026-08-31 16:35,db,18225,0,69,153,243,26.4
2026-08-31 16:36,web,9414,6,274,568,1005,54.8
2026-08-31 16:36,api,6590,3,249,528,945,55.5
2026-08-31 16:36,db,19770,0,70,153,244,28.7
2026-08-31 16:37,web,9447,6,274,569,1006,52.8
2026-08-31 16:37,api,6613,3,249,529,946,58.6
2026-08-31 16:37,db,19839,0,70,154,244,28.9
2026-08-31 16:38,web,9054,5,273,567,1003,53.5
2026-08-31 16:38,api,6338,3,248,527,943,55.6
2026-08-31 16:38,db,19014,0,69,153,243,27.5
2026-08-31 16:39,web,8911,5,275,569,1006,53.9
2026-08-31 16:39,api,6238,3,250,529,946,57.4
2026-08-31 16:39,db,18714,0,70,154,244,27.2
2026-08-31 16:40,web,8869,7,271,562,995,54.8
2026-08-31 16:40,api,6208,4,246,522,935,56.8
2026-08-31 16:40,db,18624,0,69,151,240,26.7
2026-08-31 16:41,web,8894,4,270,559,990,53.6
2026-08-31 16:41,api,6226,2,245,519,930,57.7
2026-08-31 16:41,db,18678,0,68,150,239,26.6
2026-08-31 16:42,web,8722,5,278,575,1016,54.6
2026-08-31 16:42,api,6105,3,253,535,956,56.4
2026-08-31 16:42,db,18315,0,71,156,248,27
2026-08-31 16:43,web,9133,4,272,564,998,54.2
2026-08-31 16:43,api,6393,2,247,524,938,56.9
2026-08-31 16:43,db,19179,0,69,152,242,27.6
2026-08-31 16:44,web,9219,5,272,563,997,54.4
2026-08-31 16:44,api,6453,2,247,523,937,56.8
2026-08-31 16:44,db,19359,0,69,151,241,27.8
2026-08-31 16:45,web,8830,5,274,569,1006,54.6
2026-08-31 16:45,api,6181,3,249,529,946,55.9
2026-08-31 16:45,db,18543,0,70,154,244,27
2026-08-31 16:46,web,8576,6,272,564,998,53.7
2026-08-31 16:46,api,6003,3,247,524,938,53.5
2026-08-31 16:46,db,18009,0,69,152,242,25.9
2026-08-31 16:47,web,8409,5,271,562,995,54
2026-08-31 16:47,api,5886,2,246,522,935,54.2
2026-08-31 16:47,db,17658,0,69,151,240,25.3
2026-08-31 16:48,web,8730,5,269,558,989,53.5
2026-08-31 16:48,api,6111,2,244,518,929,55.2
2026-08-31 16:48,db,18333,0,68,150,238,26
2026-08-31 16:49,web,8646,6,270,560,992,52.4
2026-08-31 16:49,api,6052,4,245,520,932,54.3
2026-08-31 16:49,db,18156,0,68,150,239,25.9
2026-08-31 16:50,web,8951,8,270,560,992,51.9
2026-08-31 16:50,api,6266,4,245,520,932,54.6
2026-08-31 16:50,db,18798,0,68,151,239,26.8
2026-08-31 16:51,web,8896,6,273,566,1002,51.2
2026-08-31 16:51,api,6227,3,248,526,942,54.4
2026-08-31 16:51,db,18681,0,69,152,242,27
2026-08-31 16:52,web,8424,7,274,567,1003,51.7
2026-08-31 16:52,api,5897,4,249,527,943,53.5
2026-08-31 16:52,db,17691,0,70,153,243,25.6
2026-08-31 16:53,web,8425,4,269,557,987,51.9
2026-08-31 16:53,api,5898,2,244,517,927,52.5
2026-08-31 16:53,db,17694,0,68,149,237,25
2026-08-31 16:54,web,8482,6,274,569,1006,52.6
2026-08-31 16:54,api,5937,3,249,529,946,54.3
2026-08-31 16:54,db,17811,0,70,154,244,25.9
2026-08-31 16:55,web,8152,6,274,568,1005,49.9
2026-08-31 16:55,api,5706,3,249,528,945,52.9
2026-08-31 16:55,db,17118,0,70,153,244,24.8
2026-08-31 16:56,web,8451,7,271,562,995,49.6
2026-08-31 16:56,api,5916,4,246,522,935,53.1
2026-08-31 16:56,db,17748,0,69,151,240,25.4
2026-08-31 16:57,web,8103,6,272,563,997,49.9
2026-08-31 16:57,api,5672,4,247,523,937,54.6
2026-08-31 16:57,db,17016,0,69,151,241,24.4
2026-08-31 16:58,web,8289,7,272,565,1000,49.8
2026-08-31 16:58,api,5802,4,247,525,940,52.4
2026-08-31 16:58,db,17406,0,69,152,242,25.1
2026-08-31 16:59,web,8440,5,273,566,1002,52
2026-08-31 16:59,api,5908,2,248,526,942,53.3
2026-08-31 16:59,db,17724,0,69,153,243,25.6
2026-08-31 17:00,web,8409,5,268,556,986,51.6
2026-08-31 17:00,api,5886,2,243,516,926,54.1
2026-08-31 17:00,db,17658,0,68,149,237,24.9
2026-08-31 17:01,web,8017,6,268,556,986,48.6
2026-08-31 17:01,api,5612,4,243,516,926,52.5
2026-08-31 17:01,db,16836,0,68,149,237,23.7
2026-08-31 17:02,web,8549,6,266,553,981,52.3
2026-08-31 17:02,api,5984,3,241,513,921,51.8
2026-08-31 17:02,db,17952,0,67,148,235,25.1
2026-08-31 17:03,web,8576,4,262,544,966,50.8
2026-08-31 17:03,api,6003,2,237,504,906,50.8
2026-08-31 17:03,db,18009,0,66,144,230,24.6
2026-08-31 17:04,web,8295,6,269,558,989,48.9
2026-08-31 17:04,api,5807,4,244,518,929,51
2026-08-31 17:04,db,17421,0,68,149,238,24.7
2026-08-31 17:05,web,8180,5,263,545,968,47.7
2026-08-31 17:05,api,5726,3,238,505,908,50.6
2026-08-31 17:05,db,17178,0,66,145,230,23.6
2026-08-31 17:06,web,8045,6,269,558,989,47.7
2026-08-31 17:06,api,5632,4,244,518,929,53.2
2026-08-31 17:06,db,16896,0,68,149,238,23.9
2026-08-31 17:07,web,7958,5,267,555,984,48.3
2026-08-31 17:07,api,5571,2,242,515,924,51.9
2026-08-31 17:07,db,16713,0,67,148,236,23.5
2026-08-31 17:08,web,7861,4,265,551,978,48.3
2026-08-31 17:08,api,5503,2,240,511,918,52.8
2026-08-31 17:08,db,16509,0,67,147,234,23
2026-08-31 17:09,web,7776,6,262,544,966,50.9
2026-08-31 17:09,api,5443,4,237,504,906,50.4
2026-08-31 17:09,db,16329,0,66,144,230,22.3
2026-08-31 17:10,web,8230,5,262,545,968,50.6
2026-08-31 17:10,api,5761,3,237,505,908,50.2
2026-08-31 17:10,db,17283,0,66,145,230,23.7
2026-08-31 17:11,web,8089,5,262,544,966,46.8
2026-08-31 17:11,api,5662,3,237,504,906,53
2026-08-31 17:11,db,16986,0,66,145,230,23.2
2026-08-31 17:12,web,8128,4,266,551,978,48.1
2026-08-31 17:12,api,5690,2,241,511,918,51.3
2026-08-31 17:12,db,17070,0,67,147,234,23.8
2026-08-31 17:13,web,7904,4,266,551,978,49.7
2026-08-31 17:13,api,5533,2,241,511,918,52.6
2026-08-31 17:13,db,16599,0,67,147,234,23.1
2026-08-31 17:14,web,7933,4,266,552,979,48.3
2026-08-31 17:14,api,5553,2,241,512,919,51.6
2026-08-31 17:14,db,16659,0,67,147,235,23.3
2026-08-31 17:15,web,7484,5,264,549,974,47.6
2026-08-31 17:15,api,5239,3,239,509,914,48.9
2026-08-31 17:15,db,15717,0,66,146,232,21.7
2026-08-31 17:16,web,7375,6,264,548,973,47.4
2026-08-31 17:16,api,5163,3,239,508,913,49.5
2026-08-31 17:16,db,15489,0,66,146,232,21.4
2026-08-31 17:17,web,7962,5,265,550,976,47.6
2026-08-31 17:17,api,5573,3,240,510,916,50.8
2026-08-31 17:17,db,16719,0,67,147,234,23.2
2026-08-31 17:18,web,7519,6,258,536,954,48.8
2026-08-31 17:18,api,5263,3,233,496,894,49
2026-08-31 17:18,db,15789,0,64,141,225,21.1
2026-08-31 17:19,web,7754,5,262,545,968,46.5
2026-08-31 17:19,api,5428,3,237,505,908,50.4
2026-08-31 17:19,db,16284,0,66,145,230,22.3
2026-08-31 17:20,web,7631,7,258,536,954,46.1
2026-08-31 17:20,api,5342,4,233,496,894,49.8
2026-08-31 17:20,db,16026,0,64,142,225,21.5
2026-08-31 17:21,web,7551,5,261,541,962,44.8
2026-08-31 17:21,api,5286,2,236,501,902,50.7
2026-08-31 17:21,db,15858,0,65,143,228,21.5
2026-08-31 17:22,web,7206,5,256,532,947,46.6
2026-08-31 17:22,api,5044,3,231,492,887,49.5
2026-08-31 17:22,db,15132,0,64,140,223,20.1
2026-08-31 17:23,web,7415,4,260,540,960,45.8
2026-08-31 17:23,api,5191,2,235,500,900,47
2026-08-31 17:23,db,15573,0,65,143,227,21.1
2026-08-31 17:24,web,7458,6,261,542,963,46
2026-08-31 17:24,api,5221,3,236,502,903,49
2026-08-31 17:24,db,15663,0,65,144,229,21.3
2026-08-31 17:25,web,7400,5,262,544,966,46.3
2026-08-31 17:25,api,5180,3,237,504,906,48.8
2026-08-31 17:25,db,15540,0,66,145,230,21.3
2026-08-31 17:26,web,7418,4,261,541,962,46.4
2026-08-31 17:26,api,5193,2,236,501,902,48
2026-08-31 17:26,db,15579,0,65,144,228,21.2
2026-08-31 17:27,web,7066,4,253,525,936,44.5
2026-08-31 17:27,api,4946,2,228,485,876,47.2
2026-08-31 17:27,db,14838,0,63,138,219,19.3
2026-08-31 17:28,web,7248,4,259,539,958,44.3
2026-08-31 17:28,api,5074,2,234,499,898,49.4
2026-08-31 17:28,db,15222,0,65,143,227,20.5
2026-08-31 17:29,web,7019,6,252,524,934,43.3
2026-08-31 17:29,api,4913,3,227,484,874,46.1
2026-08-31 17:29,db,14739,0,62,137,218,19.2
2026-08-31 17:30,web,7244,4,260,539,958,46.9
2026-08-31 17:30,api,5071,2,235,499,898,47.7
2026-08-31 17:30,db,15213,0,65,143,227,20.6
2026-08-31 17:31,web,6885,3,257,534,950,45.2
2026-08-31 17:31,api,4820,2,232,494,890,47
2026-08-31 17:31,db,14460,0,64,141,224,19.3
2026-08-31 17:32,web,7046,4,258,537,955,45.2
2026-08-31 17:32,api,4932,2,233,497,895,46
2026-08-31 17:32,db,14796,0,64,142,226,19.9
2026-08-31 17:33,web,6852,6,251,523,933,42.8
2026-08-31 17:33,api,4796,3,226,483,873,45
2026-08-31 17:33,db,14388,0,62,137,217,18.6
2026-08-31 17:34,web,6827,3,257,534,950,42.7
2026-08-31 17:34,api,4779,2,232,494,890,46.4
2026-08-31 17:34,db,14337,0,64,141,224,19.1
2026-08-31 17:35,web,7205,6,250,519,926,43.6
2026-08-31 17:35,api,5044,3,225,479,866,47
2026-08-31 17:35,db,15132,0,62,135,215,19.4
2026-08-31 17:36,web,6628,4,257,534,950,42.9
2026-08-31 17:36,api,4640,2,232,494,890,46.2
2026-08-31 17:36,db,13920,0,64,141,224,18.6
2026-08-31 17:37,web,6776,5,254,528,941,45.7
2026-08-31 17:37,api,4743,3,229,488,881,44.4
2026-08-31 17:37,db,14229,0,63,139,221,18.7
2026-08-31 17:38,web,6662,4,248,517,923,43.4
2026-08-31 17:38,api,4663,2,223,477,863,47.6
2026-08-31 17:38,db,13989,0,61,134,214,17.8
2026-08-31 17:39,web,6521,5,254,527,939,44.8
2026-08-31 17:39,api,4565,3,229,487,879,46.9
2026-08-31 17:39,db,13695,0,63,138,220,17.9
2026-08-31 17:40,web,7043,5,253,525,936,42.8
2026-08-31 17:40,api,4930,2,228,485,876,46.7
2026-08-31 17:40,db,14790,0,63,138,219,19.3
2026-08-31 17:41,web,7075,5,254,528,941,44.4
2026-08-31 17:41,api,4953,3,229,488,881,46
2026-08-31 17:41,db,14859,0,63,139,221,19.5
2026-08-31 17:42,web,6442,3,253,526,938,43.7
2026-08-31 17:42,api,4509,2,228,486,878,47
2026-08-31 17:42,db,13527,0,63,138,219,17.6
2026-08-31 17:43,web,6367,3,252,523,933,43.3
2026-08-31 17:43,api,4457,1,227,483,873,45.4
2026-08-31 17:43,db,13371,0,62,137,218,17.3
2026-08-31 17:44,web,6935,5,252,523,933,43.1
2026-08-31 17:44,api,4855,3,227,483,873,43.7
2026-08-31 17:44,db,14565,0,62,137,218,18.9
2026-08-31 17:45,web,6837,5,253,526,938,40.7
2026-08-31 17:45,api,4786,3,228,486,878,46.5
2026-08-31 17:45,db,14358,0,63,138,219,18.7
2026-08-31 17:46,web,6875,4,249,518,925,40.3
2026-08-31 17:46,api,4813,2,224,478,865,43.3
2026-08-31 17:46,db,14439,0,61,135,214,18.4
2026-08-31 17:47,web,6296,4,247,514,918,41.4
2026-08-31 17:47,api,4407,2,222,474,858,45.3
2026-08-31 17:47,db,13221,0,61,134,212,16.7
2026-08-31 17:48,web,6593,4,252,524,934,42.7
2026-08-31 17:48,api,4615,2,227,484,874,42.9
2026-08-31 17:48,db,13845,0,62,137,218,18
2026-08-31 17:49,web,6664,4,250,520,928,43.5
2026-08-31 17:49,api,4665,2,225,480,868,44.1
2026-08-31 17:49,db,13995,0,62,136,216,18
2026-08-31 17:50,web,6654,5,248,516,922,40.1
2026-08-31 17:50,api,4658,3,223,476,862,44.8
2026-08-31 17:50,db,13974,0,61,134,214,17.8
2026-08-31 17:51,web,6615,3,245,510,912,41
2026-08-31 17:51,api,4631,2,220,470,852,41.8
2026-08-31 17:51,db,13893,0,60,132,210,17.4
2026-08-31 17:52,web,6037,4,245,509,910,41
2026-08-31 17:52,api,4226,2,220,469,850,44.5
2026-08-31 17:52,db,12678,0,60,132,210,15.8
2026-08-31 17:53,web,6328,3,242,505,904,39
2026-08-31 17:53,api,4430,2,217,465,844,42.8
2026-08-31 17:53,db,13290,0,59,130,207,16.4
2026-08-31 17:54,web,6075,4,247,515,920,41.5
2026-08-31 17:54,api,4253,3,222,475,860,43.3
2026-08-31 17:54,db,12759,0,61,134,213,16.2
2026-08-31 17:55,web,6294,4,248,516,922,41
2026-08-31 17:55,api,4406,2,223,476,862,43.5
2026-08-31 17:55,db,13218,0,61,134,213,16.8
2026-08-31 17:56,web,6273,4,247,514,918,41.3
2026-08-31 17:56,api,4391,2,222,474,858,43
2026-08-31 17:56,db,13173,0,61,133,212,16.6
2026-08-31 17:57,web,6053,2,242,504,902,39.8
2026-08-31 17:57,api,4237,1,217,464,842,42.7
2026-08-31 17:57,db,12711,0,59,130,206,15.6
2026-08-31 17:58,web,6291,3,244,507,907,40.9
2026-08-31 17:58,api,4404,1,219,467,847,42.6
2026-08-31 17:58,db,13212,0,60,131,208,16.4
2026-08-31 17:59,web,5970,5,244,508,909,41
2026-08-31 17:59,api,4179,3,219,468,849,41
2026-08-31 17:59,db,12537,0,60,131,209,15.6
2026-08-31 18:00,web,6057,3,241,502,899,39.2
2026-08-31 18:00,api,4240,1,216,462,839,42.9
2026-08-31 18:00,db,12720,0,59,129,206,15.6
2026-08-31 18:01,web,6181,5,248,516,922,40.9
2026-08-31 18:01,api,4327,3,223,476,862,40.8
2026-08-31 18:01,db,12981,0,61,134,214,16.5
2026-08-31 18:02,web,5867,2,248,516,922,40.1
2026-08-31 18:02,api,4107,1,223,476,862,42.5
2026-08-31 18:02,db,12321,0,61,134,214,15.7
2026-08-31 18:03,web,5789,3,248,516,922,39
2026-08-31 18:03,api,4052,2,223,476,862,42.3
2026-08-31 18:03,db,12156,0,61,134,214,15.5
2026-08-31 18:04,web,5713,3,246,512,915,40.3
2026-08-31 18:04,api,3999,1,221,472,855,39.9
2026-08-31 18:04,db,11997,0,60,133,211,15.1
2026-08-31 18:05,web,5601,4,239,498,893,40.6
2026-08-31 18:05,api,3921,2,214,458,833,39.7
2026-08-31 18:05,db,11763,0,58,128,203,14.2
2026-08-31 18:06,web,5630,3,246,512,915,37.7
2026-08-31 18:06,api,3941,2,221,472,855,39.2
2026-08-31 18:06,db,11823,0,60,133,211,14.9
2026-08-31 18:07,web,5632,3,244,508,909,38.5
2026-08-31 18:07,api,3942,2,219,468,849,42.5
2026-08-31 18:07,db,11826,0,60,131,209,14.7
2026-08-31 18:08,web,5893,3,238,496,890,37.2
2026-08-31 18:08,api,4125,2,213,456,830,41.6
2026-08-31 18:08,db,12375,0,58,127,202,14.9
2026-08-31 18:09,web,5584,4,244,509,910,39.3
2026-08-31 18:09,api,3909,2,219,469,850,40.4
2026-08-31 18:09,db,11727,0,60,132,209,14.6
2026-08-31 18:10,web,5672,3,242,505,904,37.3
2026-08-31 18:10,api,3970,1,217,465,844,38.4
2026-08-31 18:10,db,11910,0,59,130,207,14.7
2026-08-31 18:11,web,5777,3,242,503,901,37.3
2026-08-31 18:11,api,4044,1,217,463,841,38.6
2026-08-31 18:11,db,12132,0,59,129,206,14.9
2026-08-31 18:12,web,5450,3,242,505,904,39.3
2026-08-31 18:12,api,3815,2,217,465,844,39
2026-08-31 18:12,db,11445,0,59,130,207,14.1
2026-08-31 18:13,web,5894,2,239,498,893,37.9
2026-08-31 18:13,api,4126,1,214,458,833,38.3
2026-08-31 18:13,db,12378,0,58,127,203,14.9
2026-08-31 18:14,web,5762,2,240,500,896,38.6
2026-08-31 18:14,api,4033,1,215,460,836,37.6
2026-08-31 18:14,db,12099,0,58,128,204,14.7
2026-08-31 18:15,web,5455,2,241,502,899,36
2026-08-31 18:15,api,3818,1,216,462,839,41.3
2026-08-31 18:15,db,11454,0,59,129,206,14
2026-08-31 18:16,web,5752,4,243,506,906,35.9
2026-08-31 18:16,api,4026,2,218,466,846,37.3
2026-08-31 18:16,db,12078,0,59,130,208,14.9
2026-08-31 18:17,web,5666,4,242,504,902,37.9
2026-08-31 18:17,api,3966,2,217,464,842,39.3
2026-08-31 18:17,db,11898,0,59,130,206,14.6
2026-08-31 18:18,web,5227,2,234,489,878,39
2026-08-31 18:18,api,3659,1,209,449,818,39.3
2026-08-31 18:18,db,10977,0,56,124,197,12.9
2026-08-31 18:19,web,5609,3,243,505,904,38.6
2026-08-31 18:19,api,3926,1,218,465,844,40.2
2026-08-31 18:19,db,11778,0,59,130,207,14.5
2026-08-31 18:20,web,5652,3,242,505,904,35.9
2026-08-31 18:20,api,3956,1,217,465,844,37.7
2026-08-31 18:20,db,11868,0,59,130,207,14.6
2026-08-31 18:21,web,5581,4,237,494,886,37.2
2026-08-31 18:21,api,3907,2,212,454,826,38.7
2026-08-31 18:21,db,11721,0,57,126,200,14
2026-08-31 18:22,web,5616,2,234,488,877,35.3
2026-08-31 18:22,api,3931,1,209,448,817,39.2
2026-08-31 18:22,db,11793,0,56,124,197,13.8
2026-08-31 18:23,web,5308,3,242,504,902,38
2026-08-31 18:23,api,3716,1,217,464,842,37.8
2026-08-31 18:23,db,11148,0,59,130,207,13.7
2026-08-31 18:24,web,5126,4,241,501,898,38.2
2026-08-31 18:24,api,3588,2,216,461,838,39.5
2026-08-31 18:24,db,10764,0,59,129,205,13.1
2026-08-31 18:25,web,5137,4,232,484,870,37.4
2026-08-31 18:25,api,3596,2,207,444,810,38.5
2026-08-31 18:25,db,10788,0,56,123,195,12.5
2026-08-31 18:26,web,5409,3,236,491,882,34.3
2026-08-31 18:26,api,3786,1,211,451,822,38
2026-08-31 18:26,db,11358,0,57,125,199,13.5
2026-08-31 18:27,web,5404,4,234,487,875,35.2
2026-08-31 18:27,api,3783,2,209,447,815,38.3
2026-08-31 18:27,db,11349,0,56,124,197,13.3
2026-08-31 18:28,web,5088,3,238,496,890,36.7
2026-08-31 18:28,api,3562,2,213,456,830,37.5
2026-08-31 18:28,db,10686,0,58,127,202,12.8
2026-08-31 18:29,web,5037,3,237,494,886,37
2026-08-31 18:29,api,3526,2,212,454,826,38.2
2026-08-31 18:29,db,10578,0,57,126,200,12.6
2026-08-31 18:30,web,4988,4,236,493,885,36.4
2026-08-31 18:30,api,3492,2,211,453,825,38.9
2026-08-31 18:30,db,10476,0,57,126,200,12.5
2026-08-31 18:31,web,5113,4,232,483,869,34.6
2026-08-31 18:31,api,3579,2,207,443,809,35.4
2026-08-31 18:31,db,10737,0,56,122,194,12.4
2026-08-31 18:32,web,5067,3,237,495,888,33.8
2026-08-31 18:32,api,3547,1,212,455,828,37.6
2026-08-31 18:32,db,10641,0,57,126,201,12.7
2026-08-31 18:33,web,5092,4,237,494,886,36.3
2026-08-31 18:33,api,3564,2,212,454,826,34.9
2026-08-31 18:33,db,10692,0,57,126,200,12.8
2026-08-31 18:34,web,5247,4,233,487,875,36.7
2026-08-31 18:34,api,3673,2,208,447,815,37
2026-08-31 18:34,db,11019,0,56,124,197,12.9
2026-08-31 18:35,web,5154,3,234,489,878,34
2026-08-31 18:35,api,3608,1,209,449,818,37.4
2026-08-31 18:35,db,10824,0,56,124,197,12.7
2026-08-31 18:36,web,4970,3,233,486,874,34
2026-08-31 18:36,api,3479,2,208,446,814,37.1
2026-08-31 18:36,db,10437,0,56,123,196,12.2
2026-08-31 18:37,web,4791,3,230,481,866,34.3
2026-08-31 18:37,api,3354,2,205,441,806,34.3
2026-08-31 18:37,db,10062,0,55,121,193,11.5
2026-08-31 18:38,web,4789,3,231,482,867,34.5
2026-08-31 18:38,api,3352,2,206,442,807,35
2026-08-31 18:38,db,10056,0,55,122,193,11.6
2026-08-31 18:39,web,5084,3,232,485,872,35.8
2026-08-31 18:39,api,3559,1,207,445,812,34
2026-08-31 18:39,db,10677,0,56,123,195,12.4
2026-08-31 18:40,web,4974,3,236,492,883,34.9
2026-08-31 18:40,api,3482,2,211,452,823,36.2
2026-08-31 18:40,db,10446,0,57,125,200,12.4
2026-08-31 18:41,web,4843,3,236,492,883,33.7
2026-08-31 18:41,api,3390,2,211,452,823,35.2
2026-08-31 18:41,db,10170,0,57,125,200,12.1
2026-08-31 18:42,web,4898,4,229,479,862,34.5
2026-08-31 18:42,api,3429,2,204,439,802,37
2026-08-31 18:42,db,10287,0,55,121,192,11.8
2026-08-31 18:43,web,4570,3,229,478,861,34.9
2026-08-31 18:43,api,3199,2,204,438,801,35.7
2026-08-31 18:43,db,9597,0,55,120,192,10.9
2026-08-31 18:44,web,4699,4,227,473,853,35.5
2026-08-31 18:44,api,3289,2,202,433,793,34.3
2026-08-31 18:44,db,9867,0,54,119,189,11.1
2026-08-31 18:45,web,4562,2,229,478,861,34.2
2026-08-31 18:45,api,3193,1,204,438,801,36.6
2026-08-31 18:45,db,9579,0,55,120,192,10.9
2026-08-31 18:46,web,4585,3,229,478,861,33.7
2026-08-31 18:46,api,3210,2,204,438,801,33.9
2026-08-31 18:46,db,9630,0,55,120,192,11
2026-08-31 18:47,web,4598,3,235,489,878,32.1
2026-08-31 18:47,api,3219,2,210,449,818,35.6
2026-08-31 18:47,db,9657,0,57,124,198,11.4
2026-08-31 18:48,web,4454,3,228,475,856,32.8
2026-08-31 18:48,api,3118,2,203,435,796,34.8
2026-08-31 18:48,db,9354,0,54,119,190,10.6
2026-08-31 18:49,web,4684,2,228,476,858,34.7
2026-08-31 18:49,api,3279,1,203,436,798,33.1
2026-08-31 18:49,db,9837,0,54,120,190,11.1
2026-08-31 18:50,web,4559,3,224,469,846,33.7
2026-08-31 18:50,api,3191,2,199,429,786,34.7
2026-08-31 18:50,db,9573,0,53,117,186,10.6
2026-08-31 18:51,web,4289,3,227,474,854,34.1
2026-08-31 18:51,api,3002,2,202,434,794,35.1
2026-08-31 18:51,db,9006,0,54,119,189,10.1
2026-08-31 18:52,web,4472,4,225,470,848,32.8
2026-08-31 18:52,api,3130,2,200,430,788,35.2
2026-08-31 18:52,db,9390,0,53,117,187,10.4
2026-08-31 18:53,web,4655,3,230,480,864,31.6
2026-08-31 18:53,api,3259,1,205,440,804,34
2026-08-31 18:53,db,9777,0,55,121,193,11.2
2026-08-31 18:54,web,4449,4,228,476,858,32.7
2026-08-31 18:54,api,3114,2,203,436,798,34.2
2026-08-31 18:54,db,9342,0,54,119,190,10.6
2026-08-31 18:55,web,4329,2,224,467,843,32.7
2026-08-31 18:55,api,3030,1,199,427,783,34.1
2026-08-31 18:55,db,9090,0,53,116,185,10
2026-08-31 18:56,web,4255,2,226,472,851,32.4
2026-08-31 18:56,api,2979,1,201,432,791,33
2026-08-31 18:56,db,8937,0,54,118,188,10
2026-08-31 18:57,web,4445,3,228,475,856,32.4
2026-08-31 18:57,api,3112,2,203,435,796,33.1
2026-08-31 18:57,db,9336,0,54,119,190,10.5
2026-08-31 18:58,web,4470,3,223,465,840,31.3
2026-08-31 18:58,api,3129,2,198,425,780,34.6
2026-08-31 18:58,db,9387,0,53,116,184,10.3
2026-08-31 18:59,web,4192,2,226,471,850,33
2026-08-31 18:59,api,2934,1,201,431,790,32.6
2026-08-31 18:59,db,8802,0,54,118,187,9.8
2026-08-31 19:00,web,4070,2,230,480,864,31.1
2026-08-31 19:00,api,2849,1,205,440,804,33.7
2026-08-31 19:00,db,8547,0,55,121,192,9.8
2026-08-31 19:01,web,4248,2,224,468,845,32.7
2026-08-31 19:01,api,2974,1,199,428,785,32.3
2026-08-31 19:01,db,8922,0,53,116,185,9.8
2026-08-31 19:02,web,4315,3,230,480,864,32.1
2026-08-31 19:02,api,3021,2,205,440,804,33.9
2026-08-31 19:02,db,9063,0,55,121,192,10.4
2026-08-31 19:03,web,3987,3,221,463,837,32.7
2026-08-31 19:03,api,2791,2,196,423,777,31.8
2026-08-31 19:03,db,8373,0,52,115,182,9.1
2026-08-31 19:04,web,4121,2,228,476,858,30.1
2026-08-31 19:04,api,2885,1,203,436,798,33.4
2026-08-31 19:04,db,8655,0,54,119,190,9.8
2026-08-31 19:05,web,4033,2,225,469,846,29.8
2026-08-31 19:05,api,2823,1,200,429,786,30.2
2026-08-31 19:05,db,8469,0,53,117,186,9.4
2026-08-31 19:06,web,4033,2,226,471,850,32.1
2026-08-31 19:06,api,2823,1,201,431,790,31.9
2026-08-31 19:06,db,8469,0,54,118,188,9.5
2026-08-31 19:07,web,3950,2,228,476,858,32.2
2026-08-31 19:07,api,2765,1,203,436,798,30.2
2026-08-31 19:07,db,8295,0,54,120,190,9.4
2026-08-31 19:08,web,4088,3,223,466,842,30.6
2026-08-31 19:08,api,2862,1,198,426,782,31.9
2026-08-31 19:08,db,8586,0,53,116,185,9.4
2026-08-31 19:09,web,4026,2,229,478,861,31.9
2026-08-31 19:09,api,2818,1,204,438,801,33
2026-08-31 19:09,db,8454,0,55,120,191,9.6
2026-08-31 19:10,web,3997,2,224,469,846,32
2026-08-31 19:10,api,2798,1,199,429,786,29.9
2026-08-31 19:10,db,8394,0,53,117,186,9.3
2026-08-31 19:11,web,4212,3,223,465,840,31.3
2026-08-31 19:11,api,2948,1,198,425,780,32.1
2026-08-31 19:11,db,8844,0,53,116,184,9.7
2026-08-31 19:12,web,3835,4,223,465,840,30.2
2026-08-31 19:12,api,2685,2,198,425,780,30.7
2026-08-31 19:12,db,8055,0,53,116,184,8.8
2026-08-31 19:13,web,4111,2,228,476,858,31.2
2026-08-31 19:13,api,2878,1,203,436,798,32.8
2026-08-31 19:13,db,8634,0,54,119,190,9.8
2026-08-31 19:14,web,4106,2,228,476,858,31.1
2026-08-31 19:14,api,2874,1,203,436,798,29.9
2026-08-31 19:14,db,8622,0,54,119,190,9.8
2026-08-31 19:15,web,3889,3,225,471,850,30.7
2026-08-31 19:15,api,2722,2,200,431,790,32.1
2026-08-31 19:15,db,8166,0,53,118,187,9.1
2026-08-31 19:16,web,3917,2,220,460,832,31.5
2026-08-31 19:16,api,2742,1,195,420,772,32.3
2026-08-31 19:16,db,8226,0,52,114,181,8.9
2026-08-31 19:17,web,3761,2,219,459,830,29.8
2026-08-31 19:17,api,2633,1,194,419,770,31.1
2026-08-31 19:17,db,7899,0,51,113,180,8.5
2026-08-31 19:18,web,3853,2,222,464,838,27.9
2026-08-31 19:18,api,2697,1,197,424,778,30.7
2026-08-31 19:18,db,8091,0,52,115,183,8.8
2026-08-31 19:19,web,3915,3,225,471,850,28.2
2026-08-31 19:19,api,2741,2,200,431,790,31.2
2026-08-31 19:19,db,8223,0,53,118,187,9.2
2026-08-31 19:20,web,3886,3,218,455,824,28.4
2026-08-31 19:20,api,2720,1,193,415,764,30.6
2026-08-31 19:20,db,8160,0,51,112,178,8.6
2026-08-31 19:21,web,3850,2,225,470,848,27.9
2026-08-31 19:21,api,2695,1,200,430,788,30.9
2026-08-31 19:21,db,8085,0,53,117,187,9
2026-08-31 19:22,web,3897,3,223,465,840,27.8
2026-08-31 19:22,api,2728,1,198,425,780,29.5
2026-08-31 19:22,db,8184,0,53,116,184,9
2026-08-31 19:23,web,3793,2,219,458,829,27.7
2026-08-31 19:23,api,2655,1,194,418,769,29.4
2026-08-31 19:23,db,7965,0,51,113,180,8.5
2026-08-31 19:24,web,3846,2,225,470,848,29.6
2026-08-31 19:24,api,2692,1,200,430,788,30
2026-08-31 19:24,db,8076,0,53,117,187,9
2026-08-31 19:25,web,3923,3,222,464,838,30.8
2026-08-31 19:25,api,2746,2,197,424,778,31.5
2026-08-31 19:25,db,8238,0,52,115,183,9
2026-08-31 19:26,web,3865,2,224,469,846,30.9
2026-08-31 19:26,api,2706,1,199,429,786,28.4
2026-08-31 19:26,db,8118,0,53,117,186,9
2026-08-31 19:27,web,3678,2,218,457,827,27
2026-08-31 19:27,api,2575,1,193,417,767,29.7
2026-08-31 19:27,db,7725,0,51,112,179,8.2
2026-08-31 19:28,web,3787,2,224,468,845,27.5
2026-08-31 19:28,api,2651,1,199,428,785,29.4
2026-08-31 19:28,db,7953,0,53,117,186,8.8
2026-08-31 19:29,web,3758,2,224,468,845,27
2026-08-31 19:29,api,2631,1,199,428,785,30.3
2026-08-31 19:29,db,7893,0,53,116,185,8.7
2026-08-31 19:30,web,3607,3,222,464,838,28.1
2026-08-31 19:30,api,2525,2,197,424,778,29.5
2026-08-31 19:30,db,7575,0,52,115,183,8.3
2026-08-31 19:31,web,3498,2,223,465,840,29.2
2026-08-31 19:31,api,2449,1,198,425,780,28.2
2026-08-31 19:31,db,7347,0,53,116,184,8
2026-08-31 19:32,web,3509,3,222,464,838,29.5
2026-08-31 19:32,api,2456,2,197,424,778,29.6
2026-08-31 19:32,db,7368,0,52,115,183,8
2026-08-31 19:33,web,3635,3,217,455,824,29.4
2026-08-31 19:33,api,2545,2,192,415,764,28.5
2026-08-31 19:33,db,7635,0,51,112,178,8.1
2026-08-31 19:34,web,3729,2,221,462,835,26.4
2026-08-31 19:34,api,2610,1,196,422,775,30.2
2026-08-31 19:34,db,7830,0,52,114,182,8.5
2026-08-31 19:35,web,3524,2,219,458,829,29.7
2026-08-31 19:35,api,2467,1,194,418,769,30.6
2026-08-31 19:35,db,7401,0,51,113,180,7.9
2026-08-31 19:36,web,3519,2,222,465,840,27.4
2026-08-31 19:36,api,2463,1,197,425,780,30.8
2026-08-31 19:36,db,7389,0,52,115,183,8.1
2026-08-31 19:37,web,3460,2,222,464,838,26.1
2026-08-31 19:37,api,2422,1,197,424,778,28.1
2026-08-31 19:37,db,7266,0,52,115,183,7.9
2026-08-31 19:38,web,3439,2,220,460,832,28.8
2026-08-31 19:38,api,2407,1,195,420,772,30.2
2026-08-31 19:38,db,7221,0,52,114,181,7.8
2026-08-31 19:39,web,3360,2,219,458,829,28.1
2026-08-31 19:39,api,2352,1,194,418,769,29.9
2026-08-31 19:39,db,7056,0,51,113,180,7.5
2026-08-31 19:40,web,3571,2,222,463,837,29.1
2026-08-31 19:40,api,2500,1,197,423,777,28.1
2026-08-31 19:40,db,7500,0,52,115,183,8.2
2026-08-31 19:41,web,3447,2,218,455,824,27.8
2026-08-31 19:41,api,2413,1,193,415,764,28
2026-08-31 19:41,db,7239,0,51,112,178,7.7
2026-08-31 19:42,web,3536,2,220,461,834,26.5
2026-08-31 19:42,api,2475,1,195,421,774,28.6
2026-08-31 19:42,db,7425,0,52,114,181,8
2026-08-31 19:43,web,3303,2,215,449,814,27.2
2026-08-31 19:43,api,2312,1,190,409,754,30.4
2026-08-31 19:43,db,6936,0,50,110,174,7.2
2026-08-31 19:44,web,3263,2,216,452,819,28.5
2026-08-31 19:44,api,2284,1,191,412,759,26.6
2026-08-31 19:44,db,6852,0,50,111,176,7.2
2026-08-31 19:45,web,3269,2,222,464,838,28.5
2026-08-31 19:45,api,2288,1,197,424,778,29.3
2026-08-31 19:45,db,6864,0,52,115,183,7.5
2026-08-31 19:46,web,3303,2,217,455,824,27.8
2026-08-31 19:46,api,2312,1,192,415,764,29.5
2026-08-31 19:46,db,6936,0,51,112,178,7.3
2026-08-31 19:47,web,3289,2,220,460,832,28
2026-08-31 19:47,api,2302,1,195,420,772,28.3
2026-08-31 19:47,db,6906,0,52,114,181,7.4
2026-08-31 19:48,web,3389,2,215,450,816,27.9
2026-08-31 19:48,api,2372,1,190,410,756,29.4
2026-08-31 19:48,db,7116,0,50,110,175,7.4
2026-08-31 19:49,web,3392,3,221,462,835,27
2026-08-31 19:49,api,2374,2,196,422,775,28.6
2026-08-31 19:49,db,7122,0,52,114,182,7.7
2026-08-31 19:50,web,3248,2,219,457,827,26
2026-08-31 19:50,api,2274,1,194,417,767,29.3
2026-08-31 19:50,db,6822,0,51,113,179,7.3
2026-08-31 19:51,web,3319,2,220,460,832,26.2
2026-08-31 19:51,api,2323,1,195,420,772,26.3
2026-08-31 19:51,db,6969,0,52,114,181,7.5
2026-08-31 19:52,web,3116,2,220,459,830,27.4
2026-08-31 19:52,api,2181,1,195,419,770,28.8
2026-08-31 19:52,db,6543,0,52,113,180,7
2026-08-31 19:53,web,3308,2,213,446,810,26.6
2026-08-31 19:53,api,2316,1,188,406,750,28.5
2026-08-31 19:53,db,6948,0,49,108,173,7.1
2026-08-31 19:54,web,3173,2,217,455,824,24.5
2026-08-31 19:54,api,2221,1,192,415,764,27.1
2026-08-31 19:54,db,6663,0,51,112,178,7
2026-08-31 19:55,web,3182,2,213,445,808,25.3
2026-08-31 19:55,api,2227,1,188,405,748,26.5
2026-08-31 19:55,db,6681,0,49,108,172,6.9
2026-08-31 19:56,web,3127,2,218,456,826,26.2
2026-08-31 19:56,api,2189,1,193,416,766,27.2
2026-08-31 19:56,db,6567,0,51,112,178,7
2026-08-31 19:57,web,3142,2,217,455,824,27.9
2026-08-31 19:57,api,2199,1,192,415,764,28.7
2026-08-31 19:57,db,6597,0,51,112,178,7
2026-08-31 19:58,web,3147,2,219,459,830,26.9
2026-08-31 19:58,api,2203,1,194,419,770,25.2
2026-08-31 19:58,db,6609,0,51,113,180,7.1
2026-08-31 19:59,web,3063,2,215,451,818,25.7
2026-08-31 19:59,api,2144,1,190,411,758,28.5
2026-08-31 19:59,db,6432,0,50,110,175,6.7
2026-08-31 20:00,web,3030,2,213,445,808,26.1
2026-08-31 20:00,api,2121,1,188,405,748,27.4
2026-08-31 20:00,db,6363,0,49,108,172,6.5
2026-08-31 20:01,web,2947,2,214,448,813,25.9
2026-08-31 20:01,api,2063,1,189,408,753,26.5
2026-08-31 20:01,db,6189,0,50,109,174,6.4
2026-08-31 20:02,web,3091,2,215,450,816,24.2
2026-08-31 20:02,api,2164,1,190,410,756,24.8
2026-08-31 20:02,db,6492,0,50,110,175,6.8
2026-08-31 20:03,web,2957,2,214,449,814,24.4
2026-08-31 20:03,api,2070,1,189,409,754,25.8
2026-08-31 20:03,db,6210,0,50,110,174,6.4
2026-08-31 20:04,web,2970,2,219,457,827,26.5
2026-08-31 20:04,api,2079,1,194,417,767,25.3
2026-08-31 20:04,db,6237,0,51,113,179,6.7
2026-08-31 20:05,web,2960,2,210,439,798,27.2
2026-08-31 20:05,api,2072,1,185,399,738,24.6
2026-08-31 20:05,db,6216,0,48,106,169,6.2
2026-08-31 20:06,web,2949,2,215,450,816,24.4
2026-08-31 20:06,api,2064,1,190,410,756,27.8
2026-08-31 20:06,db,6192,0,50,110,175,6.5
2026-08-31 20:07,web,3008,2,214,447,811,23.5
2026-08-31 20:07,api,2106,1,189,407,751,25.4
2026-08-31 20:07,db,6318,0,50,109,173,6.5
2026-08-31 20:08,web,2863,2,216,452,819,24.3
2026-08-31 20:08,api,2004,1,191,412,759,25
2026-08-31 20:08,db,6012,0,50,111,176,6.3
2026-08-31 20:09,web,2816,2,209,438,797,24
2026-08-31 20:09,api,1971,1,184,398,737,25.2
2026-08-31 20:09,db,5913,0,48,106,168,5.9
2026-08-31 20:10,web,2892,2,216,452,819,24
2026-08-31 20:10,api,2024,1,191,412,759,27
2026-08-31 20:10,db,6072,0,50,111,176,6.4
2026-08-31 20:11,web,2789,2,216,452,819,23.7
2026-08-31 20:11,api,1952,1,191,412,759,27.4
2026-08-31 20:11,db,5856,0,50,111,176,6.1
2026-08-31 20:12,web,2909,2,214,448,813,23.8
2026-08-31 20:12,api,2036,1,189,408,753,25.9
2026-08-31 20:12,db,6108,0,50,109,174,6.3
2026-08-31 20:13,web,2846,2,210,441,802,25.4
2026-08-31 20:13,api,1992,1,185,401,742,24.7
2026-08-31 20:13,db,5976,0,48,107,170,6
2026-08-31 20:14,web,2846,2,216,452,819,23
2026-08-31 20:14,api,1992,1,191,412,759,27.1
2026-08-31 20:14,db,5976,0,50,111,176,6.3
2026-08-31 20:15,web,2733,2,216,452,819,22.5
2026-08-31 20:15,api,1913,1,191,412,759,23.3
2026-08-31 20:15,db,5739,0,50,111,176,6
2026-08-31 20:16,web,2620,2,214,447,811,26.1
2026-08-31 20:16,api,1834,1,189,407,751,26.7
2026-08-31 20:16,db,5502,0,50,109,174,5.7
2026-08-31 20:17,web,2638,2,211,441,802,22.7
2026-08-31 20:17,api,1847,1,186,401,742,25
2026-08-31 20:17,db,5541,0,49,107,170,5.6
2026-08-31 20:18,web,2735,2,211,443,805,25.2
2026-08-31 20:18,api,1914,1,186,403,745,23.6
2026-08-31 20:18,db,5742,0,49,107,171,5.8
2026-08-31 20:19,web,2699,2,215,451,818,23.2
2026-08-31 20:19,api,1889,1,190,411,758,24.5
2026-08-31 20:19,db,5667,0,50,110,175,5.9
2026-08-31 20:20,web,2775,2,214,448,813,25.2
2026-08-31 20:20,api,1942,1,189,408,753,24.9
2026-08-31 20:20,db,5826,0,50,109,174,6
2026-08-31 20:21,web,2752,2,212,444,806,25.2
2026-08-31 20:21,api,1926,1,187,404,746,22.9
2026-08-31 20:21,db,5778,0,49,108,172,5.9
2026-08-31 20:22,web,2541,2,206,431,786,23.5
2026-08-31 20:22,api,1779,1,181,391,726,23.6
2026-08-31 20:22,db,5337,0,47,103,164,5.2
2026-08-31 20:23,web,2717,2,214,448,813,25.4
2026-08-31 20:23,api,1902,1,189,408,753,25.1
2026-08-31 20:23,db,5706,0,50,109,174,5.9
2026-08-31 20:24,web,2471,2,210,440,800,24.1
2026-08-31 20:24,api,1730,1,185,400,740,23
2026-08-31 20:24,db,5190,0,48,106,169,5.2
2026-08-31 20:25,web,2528,2,205,431,786,24.8
2026-08-31 20:25,api,1770,1,180,391,726,23.5
2026-08-31 20:25,db,5310,0,47,103,164,5.2
2026-08-31 20:26,web,2506,2,211,442,803,23.3
2026-08-31 20:26,api,1754,1,186,402,743,24.2
2026-08-31 20:26,db,5262,0,49,107,170,5.3
2026-08-31 20:27,web,2563,2,207,435,792,23.7
2026-08-31 20:27,api,1794,1,182,395,732,26
2026-08-31 20:27,db,5382,0,47,104,166,5.3
2026-08-31 20:28,web,2438,2,206,433,789,23.5
2026-08-31 20:28,api,1707,1,181,393,729,24
2026-08-31 20:28,db,5121,0,47,104,165,5
2026-08-31 20:29,web,2489,2,210,440,800,24.7
2026-08-31 20:29,api,1742,1,185,400,740,22.5
2026-08-31 20:29,db,5226,0,48,106,169,5.3
2026-08-31 20:30,web,2507,2,205,429,782,21.9
2026-08-31 20:30,api,1755,1,180,389,722,23
2026-08-31 20:30,db,5265,0,47,102,163,5.1
2026-08-31 20:31,web,2528,2,210,440,800,22.4
2026-08-31 20:31,api,1770,1,185,400,740,25.2
2026-08-31 20:31,db,5310,0,48,106,169,5.3
2026-08-31 20:32,web,2493,2,211,442,803,24.2
2026-08-31 20:32,api,1745,1,186,402,743,23.2
2026-08-31 20:32,db,5235,0,49,107,171,5.3
2026-08-31 20:33,web,2489,2,205,429,782,23.7
2026-08-31 20:33,api,1742,1,180,389,722,23.4
2026-08-31 20:33,db,5226,0,47,102,163,5.1
2026-08-31 20:34,web,2339,2,203,426,778,21.4
2026-08-31 20:34,api,1637,1,178,386,718,25.2
2026-08-31 20:34,db,4911,0,46,101,161,4.7
2026-08-31 20:35,web,2256,2,203,426,778,23.9
2026-08-31 20:35,api,1579,1,178,386,718,21.8
2026-08-31 20:35,db,4737,0,46,101,161,4.5
2026-08-31 20:36,web,2386,2,205,429,782,23.1
2026-08-31 20:36,api,1670,1,180,389,722,22.3
2026-08-31 20:36,db,5010,0,47,102,163,4.9
2026-08-31 20:37,web,2281,2,207,433,789,24.4
2026-08-31 20:37,api,1597,1,182,393,729,23.1
2026-08-31 20:37,db,4791,0,47,104,165,4.7
2026-08-31 20:38,web,2317,2,209,437,795,20.4
2026-08-31 20:38,api,1622,1,184,397,735,21.9
2026-08-31 20:38,db,4866,0,48,105,167,4.9
2026-08-31 20:39,web,2316,1,207,435,792,23.4
2026-08-31 20:39,api,1621,1,182,395,732,24.9
2026-08-31 20:39,db,4863,0,47,104,166,4.8
2026-08-31 20:40,web,2166,2,209,438,797,23.5
2026-08-31 20:40,api,1516,1,184,398,737,21.6
2026-08-31 20:40,db,4548,0,48,106,168,4.5
2026-08-31 20:41,web,2188,2,203,426,778,23.8
2026-08-31 20:41,api,1532,1,178,386,718,22.6
2026-08-31 20:41,db,4596,0,46,101,161,4.4
2026-08-31 20:42,web,2233,2,202,425,776,23.1
2026-08-31 20:42,api,1563,1,177,385,716,20.9
2026-08-31 20:42,db,4689,0,46,101,160,4.5
2026-08-31 20:43,web,2197,2,205,429,782,23.8
2026-08-31 20:43,api,1538,1,180,389,722,21.7
2026-08-31 20:43,db,4614,0,47,102,163,4.5
2026-08-31 20:44,web,2089,2,205,429,782,20.4
2026-08-31 20:44,api,1462,1,180,389,722,23.4
2026-08-31 20:44,db,4386,0,47,102,163,4.3
2026-08-31 20:45,web,2260,1,204,427,779,23.4
2026-08-31 20:45,api,1582,0,179,387,719,20.7
2026-08-31 20:45,db,4746,0,46,102,162,4.6
2026-08-31 20:46,web,2141,2,203,427,779,23.1
2026-08-31 20:46,api,1499,1,178,387,719,23
2026-08-31 20:46,db,4497,0,46,102,161,4.3
2026-08-31 20:47,web,2079,2,204,428,781,21.8
2026-08-31 20:47,api,1455,1,179,388,721,21.7
2026-08-31 20:47,db,4365,0,46,102,162,4.2
2026-08-31 20:48,web,2102,1,203,425,776,23.1
2026-08-31 20:48,api,1471,1,178,385,716,22.2
2026-08-31 20:48,db,4413,0,46,101,161,4.2
2026-08-31 20:49,web,2121,2,202,424,774,20.8
2026-08-31 20:49,api,1485,1,177,384,714,22.4
2026-08-31 20:49,db,4455,0,46,100,160,4.2
2026-08-31 20:50,web,2153,1,206,433,789,21.9
2026-08-31 20:50,api,1507,1,181,393,729,21.1
2026-08-31 20:50,db,4521,0,47,104,165,4.4
2026-08-31 20:51,web,1998,2,207,435,792,21.9
2026-08-31 20:51,api,1399,1,182,395,732,22.7
2026-08-31 20:51,db,4197,0,47,104,166,4.2
2026-08-31 20:52,web,2110,1,205,431,786,20.7
2026-08-31 20:52,api,1477,0,180,391,726,20.7
2026-08-31 20:52,db,4431,0,47,103,164,4.3
2026-08-31 20:53,web,2004,2,202,424,774,21.8
2026-08-31 20:53,api,1403,1,177,384,714,22
2026-08-31 20:53,db,4209,0,46,101,160,4
2026-08-31 20:54,web,2010,1,201,422,771,21.8
2026-08-31 20:54,api,1407,1,176,382,711,19.7
2026-08-31 20:54,db,4221,0,45,100,158,4
2026-08-31 20:55,web,1937,1,204,428,781,19.2
2026-08-31 20:55,api,1356,1,179,388,721,21.5
2026-08-31 20:55,db,4068,0,46,102,162,3.9
2026-08-31 20:56,web,1878,2,204,428,781,19.4
2026-08-31 20:56,api,1315,1,179,388,721,21.1
2026-08-31 20:56,db,3945,0,46,102,162,3.8
2026-08-31 20:57,web,1960,1,203,426,778,20.8
2026-08-31 20:57,api,1372,1,178,386,718,21.4
2026-08-31 20:57,db,4116,0,46,101,161,3.9
2026-08-31 20:58,web,1841,2,203,426,778,19.8
2026-08-31 20:58,api,1289,1,178,386,718,22.1
2026-08-31 20:58,db,3867,0,46,101,161,3.7
2026-08-31 20:59,web,1934,1,203,426,778,18.7
2026-08-31 20:59,api,1354,0,178,386,718,21
2026-08-31 20:59,db,4062,0,46,101,161,3.9
2026-08-31 21:00,web,1826,2,205,429,782,20.5
2026-08-31 21:00,api,1278,1,180,389,722,21.5
2026-08-31 21:00,db,3834,0,47,102,163,3.7
2026-08-31 21:01,web,1809,1,206,431,786,18.3
2026-08-31 21:01,api,1266,1,181,391,726,21.7
2026-08-31 21:01,db,3798,0,47,103,164,3.7
2026-08-31 21:02,web,1914,1,205,429,782,20.7
2026-08-31 21:02,api,1340,1,180,389,722,19.8
2026-08-31 21:02,db,4020,0,47,102,163,3.9
2026-08-31 21:03,web,1848,1,201,423,773,19.2
2026-08-31 21:03,api,1294,1,176,383,713,20.4
2026-08-31 21:03,db,3882,0,45,100,159,3.7
2026-08-31 21:04,web,1788,2,201,422,771,21.1
2026-08-31 21:04,api,1252,1,176,382,711,21.4
2026-08-31 21:04,db,3756,0,45,100,159,3.6
2026-08-31 21:05,web,1859,2,202,424,774,21
2026-08-31 21:05,api,1301,1,177,384,714,21.9
2026-08-31 21:05,db,3903,0,46,100,160,3.7
2026-08-31 21:06,web,1724,2,198,415,760,20.9
2026-08-31 21:06,api,1207,1,173,375,700,19.4
2026-08-31 21:06,db,3621,0,44,97,155,3.3
2026-08-31 21:07,web,1712,1,203,427,779,19.6
2026-08-31 21:07,api,1198,1,178,387,719,19.2
2026-08-31 21:07,db,3594,0,46,102,162,3.5
2026-08-31 21:08,web,1801,2,199,419,766,19.6
2026-08-31 21:08,api,1261,1,174,379,706,20.6
2026-08-31 21:08,db,3783,0,45,98,157,3.5
2026-08-31 21:09,web,1735,1,204,429,782,18.6
2026-08-31 21:09,api,1215,1,179,389,722,20.3
2026-08-31 21:09,db,3645,0,46,102,163,3.5
2026-08-31 21:10,web,1664,1,202,424,774,17.7
2026-08-31 21:10,api,1165,0,177,384,714,20.1
2026-08-31 21:10,db,3495,0,46,100,160,3.3
2026-08-31 21:11,web,1658,0,200,420,768,19.2
2026-08-31 21:11,api,1161,0,175,380,708,20.9
2026-08-31 21:11,db,3483,0,45,99,158,3.3
2026-08-31 21:12,web,1744,2,203,427,779,20.9
2026-08-31 21:12,api,1221,1,178,387,719,20.7
2026-08-31 21:12,db,3663,0,46,102,162,3.5
2026-08-31 21:13,web,1712,1,202,423,773,20.7
2026-08-31 21:13,api,1198,1,177,383,713,19
2026-08-31 21:13,db,3594,0,46,100,159,3.4
2026-08-31 21:14,web,1715,1,200,421,770,20.5
2026-08-31 21:14,api,1201,1,175,381,710,18.3
2026-08-31 21:14,db,3603,0,45,99,158,3.4
2026-08-31 21:15,web,1724,1,203,427,779,18.1
2026-08-31 21:15,api,1207,1,178,387,719,21.5
2026-08-31 21:15,db,3621,0,46,102,162,3.5
2026-08-31 21:16,web,1622,1,199,417,763,21.2
2026-08-31 21:16,api,1135,1,174,377,703,20.6
2026-08-31 21:16,db,3405,0,45,98,156,3.2
2026-08-31 21:17,web,1695,1,199,418,765,18.2
2026-08-31 21:17,api,1187,1,174,378,705,21.2
2026-08-31 21:17,db,3561,0,45,98,156,3.3
2026-08-31 21:18,web,1561,1,201,422,771,19
2026-08-31 21:18,api,1093,1,176,382,711,21
2026-08-31 21:18,db,3279,0,45,100,159,3.1
2026-08-31 21:19,web,1555,1,202,423,773,19.9
2026-08-31 21:19,api,1089,0,177,383,713,19.4
2026-08-31 21:19,db,3267,0,46,100,159,3.1
2026-08-31 21:20,web,1662,1,201,422,771,19
2026-08-31 21:20,api,1163,0,176,382,711,19.8
2026-08-31 21:20,db,3489,0,45,100,158,3.3
2026-08-31 21:21,web,1587,1,202,424,774,17.8
2026-08-31 21:21,api,1111,1,177,384,714,18.5
2026-08-31 21:21,db,3333,0,46,100,160,3.2
2026-08-31 21:22,web,1578,0,197,415,760,17.4
2026-08-31 21:22,api,1105,0,172,375,700,19.7
2026-08-31 21:22,db,3315,0,44,97,154,3
2026-08-31 21:23,web,1536,0,202,424,774,17.8
2026-08-31 21:23,api,1075,0,177,384,714,19.2
2026-08-31 21:23,db,3225,0,46,100,160,3.1
2026-08-31 21:24,web,1590,2,195,409,750,18.1
2026-08-31 21:24,api,1113,1,170,369,690,17.5
2026-08-31 21:24,db,3339,0,43,95,151,3
2026-08-31 21:25,web,1529,2,196,412,755,18.2
2026-08-31 21:25,api,1070,1,171,372,695,19.4
2026-08-31 21:25,db,3210,0,44,96,153,2.9
2026-08-31 21:26,web,1510,1,203,426,778,19.9
2026-08-31 21:26,api,1057,0,178,386,718,21
2026-08-31 21:26,db,3171,0,46,101,161,3
2026-08-31 21:27,web,1499,0,194,409,750,18.1
2026-08-31 21:27,api,1049,0,169,369,690,17.7
2026-08-31 21:27,db,3147,0,43,95,151,2.8
2026-08-31 21:28,web,1515,0,200,420,768,16.5
2026-08-31 21:28,api,1061,0,175,380,708,18.5
2026-08-31 21:28,db,3183,0,45,99,157,3
2026-08-31 21:29,web,1482,0,198,416,762,17.7
2026-08-31 21:29,api,1037,0,173,376,702,20.1
2026-08-31 21:29,db,3111,0,44,98,155,2.9
2026-08-31 21:30,web,1446,1,202,423,773,17.2
2026-08-31 21:30,api,1012,1,177,383,713,19.6
2026-08-31 21:30,db,3036,0,46,100,160,2.9
2026-08-31 21:31,web,1495,1,202,424,774,18.2
2026-08-31 21:31,api,1047,1,177,384,714,19
2026-08-31 21:31,db,3141,0,46,101,160,3
2026-08-31 21:32,web,1474,2,193,407,747,18.8
2026-08-31 21:32,api,1032,1,168,367,687,16.8
2026-08-31 21:32,db,3096,0,43,94,150,2.8
2026-08-31 21:33,web,1445,2,194,408,749,19.7
2026-08-31 21:33,api,1011,1,169,368,689,17.1
2026-08-31 21:33,db,3033,0,43,94,150,2.7
2026-08-31 21:34,web,1413,1,203,425,776,19.6
2026-08-31 21:34,api,989,1,178,385,716,16.7
2026-08-31 21:34,db,2967,0,46,101,161,2.8
2026-08-31 21:35,web,1456,1,201,422,771,17.4
2026-08-31 21:35,api,1019,1,176,382,711,17.4
2026-08-31 21:35,db,3057,0,45,100,159,2.9
2026-08-31 21:36,web,1440,2,194,408,749,17.6
2026-08-31 21:36,api,1008,1,169,368,689,18.1
2026-08-31 21:36,db,3024,0,43,95,151,2.7
2026-08-31 21:37,web,1341,0,202,425,776,18.4
2026-08-31 21:37,api,939,0,177,385,716,18.8
2026-08-31 21:37,db,2817,0,46,101,160,2.7
2026-08-31 21:38,web,1355,1,202,423,773,17.8
2026-08-31 21:38,api,948,1,177,383,713,18.7
2026-08-31 21:38,db,2844,0,46,100,160,2.7
2026-08-31 21:39,web,1308,1,198,416,762,17.2
2026-08-31 21:39,api,916,1,173,376,702,18.5
2026-08-31 21:39,db,2748,0,44,98,155,2.5
2026-08-31 21:40,web,1311,0,194,407,747,19.4
2026-08-31 21:40,api,918,0,169,367,687,19.2
2026-08-31 21:40,db,2754,0,43,94,150,2.5
2026-08-31 21:41,web,1297,1,198,417,763,16.3
2026-08-31 21:41,api,908,1,173,377,703,19
2026-08-31 21:41,db,2724,0,44,98,156,2.5
2026-08-31 21:42,web,1250,1,199,419,766,17.1
2026-08-31 21:42,api,875,1,174,379,706,18.1
2026-08-31 21:42,db,2625,0,45,98,157,2.4
2026-08-31 21:43,web,1252,0,200,421,770,18.7
2026-08-31 21:43,api,876,0,175,381,710,19.1
2026-08-31 21:43,db,2628,0,45,99,158,2.5
2026-08-31 21:44,web,1291,0,197,415,760,16.2
2026-08-31 21:44,api,904,0,172,375,700,18.9
2026-08-31 21:44,db,2712,0,44,97,154,2.5
2026-08-31 21:45,web,1245,0,194,408,749,19.1
2026-08-31 21:45,api,872,0,169,368,689,19.2
2026-08-31 21:45,db,2616,0,43,95,151,2.3
2026-08-31 21:46,web,1279,0,195,409,750,18
2026-08-31 21:46,api,895,0,170,369,690,17.8
2026-08-31 21:46,db,2685,0,43,95,151,2.4
2026-08-31 21:47,web,1258,1,197,415,760,16.5
2026-08-31 21:47,api,881,1,172,375,700,18.4
2026-08-31 21:47,db,2643,0,44,97,154,2.4
2026-08-31 21:48,web,1160,0,193,406,746,16.6
2026-08-31 21:48,api,812,0,168,366,686,18.4
2026-08-31 21:48,db,2436,0,43,94,149,2.2
2026-08-31 21:49,web,1199,1,200,421,770,17.2
2026-08-31 21:49,api,839,1,175,381,710,17.8
2026-08-31 21:49,db,2517,0,45,99,158,2.4
2026-08-31 21:50,web,1150,0,192,405,744,15.9
2026-08-31 21:50,api,805,0,167,365,684,16.2
2026-08-31 21:50,db,2415,0,42,93,149,2.1
2026-08-31 21:51,web,1204,0,195,409,750,19
2026-08-31 21:51,api,843,0,170,369,690,19.1
2026-08-31 21:51,db,2529,0,43,95,151,2.3
2026-08-31 21:52,web,1156,1,197,414,758,16.1
2026-08-31 21:52,api,809,1,172,374,698,17.7
2026-08-31 21:52,db,2427,0,44,97,154,2.2
2026-08-31 21:53,web,1178,1,197,414,758,16.7
2026-08-31 21:53,api,825,1,172,374,698,16.3
2026-08-31 21:53,db,2475,0,44,97,154,2.3
2026-08-31 21:54,web,1094,0,200,420,768,16.1
2026-08-31 21:54,api,766,0,175,380,708,18.3
2026-08-31 21:54,db,2298,0,45,99,157,2.2
2026-08-31 21:55,web,1090,0,199,418,765,16.3
2026-08-31 21:55,api,763,0,174,378,705,15.7
2026-08-31 21:55,db,2289,0,45,98,156,2.1
2026-08-31 21:56,web,1065,0,194,407,747,15.7
2026-08-31 21:56,api,746,0,169,367,687,15
2026-08-31 21:56,db,2238,0,43,94,150,2
2026-08-31 21:57,web,1127,0,193,406,746,15.5
2026-08-31 21:57,api,789,0,168,366,686,15.6
2026-08-31 21:57,db,2367,0,43,94,149,2.1
2026-08-31 21:58,web,1118,0,197,414,758,18.1
2026-08-31 21:58,api,783,0,172,374,698,16.9
2026-08-31 21:58,db,2349,0,44,97,154,2.2
2026-08-31 21:59,web,1079,0,194,408,749,17.2
2026-08-31 21:59,api,755,0,169,368,689,17.1
2026-08-31 21:59,db,2265,0,43,95,150,2
2026-08-31 22:00,web,1018,0,191,403,741,16.6
2026-08-31 22:00,api,713,0,166,363,681,16.2
2026-08-31 22:00,db,2139,0,42,93,147,1.9
2026-08-31 22:01,web,1054,0,193,406,746,16.1
2026-08-31 22:01,api,738,0,168,366,686,15
2026-08-31 22:01,db,2214,0,43,94,149,2
2026-08-31 22:02,web,1023,0,197,415,760,17.8
2026-08-31 22:02,api,716,0,172,375,700,17
2026-08-31 22:02,db,2148,0,44,97,155,2
2026-08-31 22:03,web,1063,0,190,401,738,17.2
2026-08-31 22:03,api,744,0,165,361,678,18.4
2026-08-31 22:03,db,2232,0,42,92,146,1.9
2026-08-31 22:04,web,1050,0,197,414,758,17.2
2026-08-31 22:04,api,735,0,172,374,698,15.7
2026-08-31 22:04,db,2205,0,44,97,154,2
2026-08-31 22:05,web,981,0,194,407,747,17.8
2026-08-31 22:05,api,687,0,169,367,687,14.7
2026-08-31 22:05,db,2061,0,43,94,150,1.8
2026-08-31 22:06,web,1056,0,196,413,757,17.6
2026-08-31 22:06,api,739,0,171,373,697,17.8
2026-08-31 22:06,db,2217,0,44,96,153,2
2026-08-31 22:07,web,1013,0,193,405,744,16.3
2026-08-31 22:07,api,709,0,168,365,684,18.5
2026-08-31 22:07,db,2127,0,43,94,149,1.9
2026-08-31 22:08,web,993,0,194,408,749,15.6
2026-08-31 22:08,api,695,0,169,368,689,14.8
2026-08-31 22:08,db,2085,0,43,95,151,1.9
2026-08-31 22:09,web,1034,0,195,410,752,15.7
2026-08-31 22:09,api,724,0,170,370,692,16
2026-08-31 22:09,db,2172,0,43,95,152,2
2026-08-31 22:10,web,997,0,192,404,742,17.4
2026-08-31 22:10,api,698,0,167,364,682,14.8
2026-08-31 22:10,db,2094,0,42,93,148,1.8
2026-08-31 22:11,web,965,0,198,415,760,14.3
2026-08-31 22:11,api,676,0,173,375,700,16.9
2026-08-31 22:11,db,2028,0,44,97,155,1.9
2026-08-31 22:12,web,1010,0,198,417,763,15.1
2026-08-31 22:12,api,707,0,173,377,703,18
2026-08-31 22:12,db,2121,0,44,98,156,2
2026-08-31 22:13,web,937,0,198,416,762,15.8
2026-08-31 22:13,api,656,0,173,376,702,16.6
2026-08-31 22:13,db,1968,0,44,97,155,1.8
2026-08-31 22:14,web,1007,0,196,413,757,14.2
2026-08-31 22:14,api,705,0,171,373,697,15.4
2026-08-31 22:14,db,2115,0,44,96,153,1.9
2026-08-31 22:15,web,929,0,189,398,733,17
2026-08-31 22:15,api,650,0,164,358,673,16.2
2026-08-31 22:15,db,1950,0,41,91,145,1.7
2026-08-31 22:16,web,960,0,189,397,731,16.4
2026-08-31 22:16,api,672,0,164,357,671,15.6
2026-08-31 22:16,db,2016,0,41,91,144,1.7
2026-08-31 22:17,web,913,0,190,401,738,15.2
2026-08-31 22:17,api,639,0,165,361,678,16.7
2026-08-31 22:17,db,1917,0,42,92,146,1.7
2026-08-31 22:18,web,965,0,195,410,752,17.7
2026-08-31 22:18,api,676,0,170,370,692,17.2
2026-08-31 22:18,db,2028,0,43,95,152,1.8
2026-08-31 22:19,web,909,0,197,413,757,17.7
2026-08-31 22:19,api,636,0,172,373,697,14.3
2026-08-31 22:19,db,1908,0,44,97,154,1.7
2026-08-31 22:20,web,909,0,193,406,746,17.6
2026-08-31 22:20,api,636,0,168,366,686,16.8
2026-08-31 22:20,db,1908,0,43,94,150,1.7
2026-08-31 22:21,web,882,0,189,398,733,13.9
2026-08-31 22:21,api,617,0,164,358,673,16.4
2026-08-31 22:21,db,1851,0,41,91,144,1.6
2026-08-31 22:22,web,904,0,193,407,747,17.4
2026-08-31 22:22,api,633,0,168,367,687,16.3
2026-08-31 22:22,db,1899,0,43,94,150,1.7
2026-08-31 22:23,web,930,0,192,404,742,17.7
2026-08-31 22:23,api,651,0,167,364,682,15.2
2026-08-31 22:23,db,1953,0,42,93,148,1.7
2026-08-31 22:24,web,866,0,195,410,752,14.5
2026-08-31 22:24,api,606,0,170,370,692,14.3
2026-08-31 22:24,db,1818,0,43,95,151,1.6
2026-08-31 22:25,web,860,0,196,411,754,17.5
2026-08-31 22:25,api,602,0,171,371,694,15.2
2026-08-31 22:25,db,1806,0,44,96,152,1.6
2026-08-31 22:26,web,884,0,194,408,749,17.4
2026-08-31 22:26,api,619,0,169,368,689,15.6
2026-08-31 22:26,db,1857,0,43,95,150,1.7
2026-08-31 22:27,web,895,0,193,406,746,17.5
2026-08-31 22:27,api,627,0,168,366,686,16.6
2026-08-31 22:27,db,1881,0,43,94,149,1.7
2026-08-31 22:28,web,883,0,197,415,760,14.6
2026-08-31 22:28,api,618,0,172,375,700,16.5
2026-08-31 22:28,db,1854,0,44,97,154,1.7
2026-08-31 22:29,web,905,0,190,400,736,16.1
2026-08-31 22:29,api,634,0,165,360,676,15
2026-08-31 22:29,db,1902,0,42,92,146,1.6
2026-08-31 22:30,web,882,0,190,399,734,13.6
2026-08-31 22:30,api,617,0,165,359,674,15.5
2026-08-31 22:30,db,1851,0,42,91,145,1.6
2026-08-31 22:31,web,853,0,192,404,742,13.7
2026-08-31 22:31,api,597,0,167,364,682,16.2
2026-08-31 22:31,db,1791,0,42,93,148,1.6
2026-08-31 22:32,web,890,0,189,399,734,14.6
2026-08-31 22:32,api,623,0,164,359,674,14.5
2026-08-31 22:32,db,1869,0,41,91,145,1.6
2026-08-31 22:33,web,850,0,190,401,738,14.6
2026-08-31 22:33,api,595,0,165,361,678,15.1
2026-08-31 22:33,db,1785,0,42,92,146,1.6
2026-08-31 22:34,web,824,0,194,409,750,14.2
2026-08-31 22:34,api,577,0,169,369,690,16.7
2026-08-31 22:34,db,1731,0,43,95,151,1.6
2026-08-31 22:35,web,843,0,194,407,747,14.1
2026-08-31 22:35,api,590,0,169,367,687,13.9
2026-08-31 22:35,db,1770,0,43,94,150,1.6
2026-08-31 22:36,web,820,0,192,405,744,16.3
2026-08-31 22:36,api,574,0,167,365,684,15.7
2026-08-31 22:36,db,1722,0,42,93,149,1.5
2026-08-31 22:37,web,863,0,190,401,738,17
2026-08-31 22:37,api,604,0,165,361,678,17
2026-08-31 22:37,db,1812,0,42,92,146,1.6
2026-08-31 22:38,web,818,0,191,402,739,16.1
2026-08-31 22:38,api,573,0,166,362,679,14.1
2026-08-31 22:38,db,1719,0,42,92,147,1.5
2026-08-31 22:39,web,782,0,196,412,755,15.8
2026-08-31 22:39,api,547,0,171,372,695,17.3
2026-08-31 22:39,db,1641,0,44,96,153,1.5
2026-08-31 22:40,web,820,0,190,400,736,16.3
2026-08-31 22:40,api,574,0,165,360,676,16.2
2026-08-31 22:40,db,1722,0,42,91,146,1.5
2026-08-31 22:41,web,817,0,191,402,739,13.6
2026-08-31 22:41,api,572,0,166,362,679,14
2026-08-31 22:41,db,1716,0,42,92,147,1.5
2026-08-31 22:42,web,763,0,189,399,734,14.3
2026-08-31 22:42,api,534,0,164,359,674,15.4
2026-08-31 22:42,db,1602,0,41,91,145,1.4
2026-08-31 22:43,web,778,0,187,395,728,14.5
2026-08-31 22:43,api,545,0,162,355,668,14.1
2026-08-31 22:43,db,1635,0,41,90,143,1.4
2026-08-31 22:44,web,779,0,196,411,754,15.3
2026-08-31 22:44,api,545,0,171,371,694,13.7
2026-08-31 22:44,db,1635,0,44,96,152,1.5
2026-08-31 22:45,web,763,0,188,395,728,15
2026-08-31 22:45,api,534,0,163,355,668,14.1
2026-08-31 22:45,db,1602,0,41,90,143,1.4
2026-08-31 22:46,web,754,0,190,401,738,15.5
2026-08-31 22:46,api,528,0,165,361,678,14.5
2026-08-31 22:46,db,1584,0,42,92,146,1.4
2026-08-31 22:47,web,772,0,195,409,750,14.6
2026-08-31 22:47,api,540,0,170,369,690,16.5
2026-08-31 22:47,db,1620,0,43,95,151,1.5
2026-08-31 22:48,web,789,0,195,410,752,15.8
2026-08-31 22:48,api,552,0,170,370,692,16.9
2026-08-31 22:48,db,1656,0,43,96,152,1.5
2026-08-31 22:49,web,735,0,193,407,747,15.7
2026-08-31 22:49,api,515,0,168,367,687,17.2
2026-08-31 22:49,db,1545,0,43,94,150,1.4
2026-08-31 22:50,web,766,0,196,411,754,16.2
2026-08-31 22:50,api,536,0,171,371,694,17
2026-08-31 22:50,db,1608,0,44,96,152,1.5
2026-08-31 22:51,web,760,0,192,404,742,13.6
2026-08-31 22:51,api,532,0,167,364,682,15.3
2026-08-31 22:51,db,1596,0,42,93,148,1.4
2026-08-31 22:52,web,736,0,189,398,733,16.5
2026-08-31 22:52,api,515,0,164,358,673,16.1
2026-08-31 22:52,db,1545,0,41,91,145,1.3
2026-08-31 22:53,web,702,0,191,401,738,15.7
2026-08-31 22:53,api,491,0,166,361,678,14.7
2026-08-31 22:53,db,1473,0,42,92,147,1.3
2026-08-31 22:54,web,727,0,187,394,726,14.1
2026-08-31 22:54,api,509,0,162,354,666,13.4
2026-08-31 22:54,db,1527,0,41,89,142,1.3
2026-08-31 22:55,web,728,0,193,407,747,16
2026-08-31 22:55,api,510,0,168,367,687,15.5
2026-08-31 22:55,db,1530,0,43,94,150,1.4
2026-08-31 22:56,web,699,0,191,402,739,15.4
2026-08-31 22:56,api,489,0,166,362,679,17
2026-08-31 22:56,db,1467,0,42,92,147,1.3
2026-08-31 22:57,web,693,0,195,410,752,14.7
2026-08-31 22:57,api,485,0,170,370,692,14.9
2026-08-31 22:57,db,1455,0,43,95,152,1.3
2026-08-31 22:58,web,685,0,187,394,726,14.9
2026-08-31 22:58,api,479,0,162,354,666,16.6
2026-08-31 22:58,db,1437,0,41,89,142,1.2
2026-08-31 22:59,web,681,0,195,409,750,16.3
2026-08-31 22:59,api,477,0,170,369,690,13.7
2026-08-31 22:59,db,1431,0,43,95,151,1.3
2026-08-31 23:00,web,687,0,192,404,742,12.9
2026-08-31 23:00,api,481,0,167,364,682,14
2026-08-31 23:00,db,1443,0,42,93,148,1.3
2026-08-31 23:01,web,662,0,192,405,744,13.3
2026-08-31 23:01,api,463,0,167,365,684,13.3
2026-08-31 23:01,db,1389,0,42,93,149,1.2
2026-08-31 23:02,web,708,0,195,410,752,14
2026-08-31 23:02,api,496,0,170,370,692,13
2026-08-31 23:02,db,1488,0,43,95,152,1.3
2026-08-31 23:03,web,662,0,195,411,754,16
2026-08-31 23:03,api,463,0,170,371,694,15.2
2026-08-31 23:03,db,1389,0,43,96,152,1.3
2026-08-31 23:04,web,692,0,187,393,725,14.7
2026-08-31 23:04,api,484,0,162,353,665,15.7
2026-08-31 23:04,db,1452,0,41,89,142,1.2
2026-08-31 23:05,web,678,0,188,396,730,14
2026-08-31 23:05,api,475,0,163,356,670,16.3
2026-08-31 23:05,db,1425,0,41,90,144,1.2
2026-08-31 23:06,web,653,0,193,407,747,12.7
2026-08-31 23:06,api,457,0,168,367,687,16.5
2026-08-31 23:06,db,1371,0,43,94,150,1.2
2026-08-31 23:07,web,656,0,186,393,725,14
2026-08-31 23:07,api,459,0,161,353,665,13.1
2026-08-31 23:07,db,1377,0,40,89,142,1.2
2026-08-31 23:08,web,666,0,194,407,747,16.6
2026-08-31 23:08,api,466,0,169,367,687,16.2
2026-08-31 23:08,db,1398,0,43,94,150,1.2
2026-08-31 23:09,web,637,0,188,396,730,12.9
2026-08-31 23:09,api,446,0,163,356,670,13.7
2026-08-31 23:09,db,1338,0,41,90,144,1.1
2026-08-31 23:10,web,650,0,192,404,742,14.6
2026-08-31 23:10,api,455,0,167,364,682,14
2026-08-31 23:10,db,1365,0,42,93,148,1.2
2026-08-31 23:11,web,646,0,188,395,728,15.4
2026-08-31 23:11,api,452,0,163,355,668,14.7
2026-08-31 23:11,db,1356,0,41,90,143,1.2
2026-08-31 23:12,web,647,0,195,410,752,15.4
2026-08-31 23:12,api,453,0,170,370,692,15.8
2026-08-31 23:12,db,1359,0,43,95,152,1.2
2026-08-31 23:13,web,643,0,191,401,738,14.4
2026-08-31 23:13,api,450,0,166,361,678,15.6
2026-08-31 23:13,db,1350,0,42,92,146,1.2
2026-08-31 23:14,web,639,0,187,394,726,14.1
2026-08-31 23:14,api,447,0,162,354,666,13.8
2026-08-31 23:14,db,1341,0,41,89,142,1.1
2026-08-31 23:15,web,651,0,194,409,750,16.4
2026-08-31 23:15,api,456,0,169,369,690,14.3
2026-08-31 23:15,db,1368,0,43,95,151,1.2
2026-08-31 23:16,web,623,0,190,400,736,15.6
2026-08-31 23:16,api,436,0,165,360,676,13.8
2026-08-31 23:16,db,1308,0,42,92,146,1.1
2026-08-31 23:17,web,635,0,191,401,738,13.1
2026-08-31 23:17,api,445,0,166,361,678,13
2026-08-31 23:17,db,1335,0,42,92,147,1.2
2026-08-31 23:18,web,628,0,191,401,738,14.8
2026-08-31 23:18,api,440,0,166,361,678,14.4
2026-08-31 23:18,db,1320,0,42,92,146,1.2
2026-08-31 23:19,web,639,0,192,404,742,14.3
2026-08-31 23:19,api,447,0,167,364,682,16
2026-08-31 23:19,db,1341,0,42,93,148,1.2
2026-08-31 23:20,web,629,0,192,403,741,13.2
2026-08-31 23:20,api,440,0,167,363,681,12.6
2026-08-31 23:20,db,1320,0,42,93,148,1.2
2026-08-31 23:21,web,633,0,188,397,731,14.8
2026-08-31 23:21,api,443,0,163,357,671,13.3
2026-08-31 23:21,db,1329,0,41,90,144,1.1
2026-08-31 23:22,web,613,0,193,407,747,13.4
2026-08-31 23:22,api,429,0,168,367,687,14.1
2026-08-31 23:22,db,1287,0,43,94,150,1.1
2026-08-31 23:23,web,620,0,189,398,733,14.5
2026-08-31 23:23,api,434,0,164,358,673,12.9
2026-08-31 23:23,db,1302,0,41,91,144,1.1
2026-08-31 23:24,web,591,0,187,394,726,13.8
2026-08-31 23:24,api,414,0,162,354,666,13.8
2026-08-31 23:24,db,1242,0,41,89,142,1.1
2026-08-31 23:25,web,615,0,186,392,723,14.8
2026-08-31 23:25,api,431,0,161,352,663,14.3
2026-08-31 23:25,db,1293,0,40,89,141,1.1
2026-08-31 23:26,web,567,0,191,403,741,12.6
2026-08-31 23:26,api,397,0,166,363,681,14.3
2026-08-31 23:26,db,1191,0,42,93,147,1
2026-08-31 23:27,web,564,0,187,394,726,14.3
2026-08-31 23:27,api,395,0,162,354,666,12.5
2026-08-31 23:27,db,1185,0,41,90,142,1
2026-08-31 23:28,web,595,0,189,399,734,13.5
2026-08-31 23:28,api,417,0,164,359,674,13.7
2026-08-31 23:28,db,1251,0,41,91,145,1.1
2026-08-31 23:29,web,574,0,194,408,749,13.3
2026-08-31 23:29,api,402,0,169,368,689,13.3
2026-08-31 23:29,db,1206,0,43,94,150,1.1
2026-08-31 23:30,web,574,0,186,393,725,13.1
2026-08-31 23:30,api,402,0,161,353,665,13.6
2026-08-31 23:30,db,1206,0,40,89,142,1
2026-08-31 23:31,web,563,0,186,392,723,13.7
2026-08-31 23:31,api,394,0,161,352,663,14
2026-08-31 23:31,db,1182,0,40,89,141,1
2026-08-31 23:32,web,558,0,185,390,720,14.8
2026-08-31 23:32,api,391,0,160,350,660,15.4
2026-08-31 23:32,db,1173,0,40,88,140,1
2026-08-31 23:33,web,565,0,191,401,738,13.9
2026-08-31 23:33,api,396,0,166,361,678,13.7
2026-08-31 23:33,db,1188,0,42,92,147,1
2026-08-31 23:34,web,552,0,188,397,731,13.8
2026-08-31 23:34,api,386,0,163,357,671,15.9
2026-08-31 23:34,db,1158,0,41,90,144,1
2026-08-31 23:35,web,575,0,189,398,733,13.4
2026-08-31 23:35,api,403,0,164,358,673,12.7
2026-08-31 23:35,db,1209,0,41,91,144,1
2026-08-31 23:36,web,563,0,187,393,725,15.1
2026-08-31 23:36,api,394,0,162,353,665,12.9
2026-08-31 23:36,db,1182,0,41,89,142,1
2026-08-31 23:37,web,536,0,191,401,738,13.1
2026-08-31 23:37,api,375,0,166,361,678,13.1
2026-08-31 23:37,db,1125,0,42,92,147,1
2026-08-31 23:38,web,539,0,186,392,723,14.8
2026-08-31 23:38,api,377,0,161,352,663,13.1
2026-08-31 23:38,db,1131,0,40,89,141,0.9
2026-08-31 23:39,web,548,0,189,397,731,15.4
2026-08-31 23:39,api,384,0,164,357,671,13.8
2026-08-31 23:39,db,1152,0,41,91,144,1
2026-08-31 23:40,web,553,0,191,402,739,14.6
2026-08-31 23:40,api,387,0,166,362,679,12.4
2026-08-31 23:40,db,1161,0,42,92,147,1
2026-08-31 23:41,web,510,0,194,408,749,13.4
2026-08-31 23:41,api,357,0,169,368,689,15.6
2026-08-31 23:41,db,1071,0,43,95,150,1
2026-08-31 23:42,web,535,0,194,407,747,14
2026-08-31 23:42,api,375,0,169,367,687,12.2
2026-08-31 23:42,db,1125,0,43,94,150,1
2026-08-31 23:43,web,518,0,185,390,720,14
2026-08-31 23:43,api,363,0,160,350,660,13.5
2026-08-31 23:43,db,1089,0,40,88,140,0.9
2026-08-31 23:44,web,525,0,187,394,726,12.2
2026-08-31 23:44,api,368,0,162,354,666,14.3
2026-08-31 23:44,db,1104,0,41,90,143,0.9
2026-08-31 23:45,web,497,0,189,398,733,13.3
2026-08-31 23:45,api,348,0,164,358,673,13.2
2026-08-31 23:45,db,1044,0,41,91,145,0.9
2026-08-31 23:46,web,530,0,193,406,746,13.5
2026-08-31 23:46,api,371,0,168,366,686,14.1
2026-08-31 23:46,db,1113,0,43,94,150,1
2026-08-31 23:47,web,492,0,188,397,731,13.4
2026-08-31 23:47,api,344,0,163,357,671,15.2
2026-08-31 23:47,db,1032,0,41,90,144,0.9
2026-08-31 23:48,web,509,0,194,408,749,13.6
2026-08-31 23:48,api,356,0,169,368,689,15.6
2026-08-31 23:48,db,1068,0,43,95,150,1
2026-08-31 23:49,web,482,0,188,396,730,14
2026-08-31 23:49,api,337,0,163,356,670,13.3
2026-08-31 23:49,db,1011,0,41,90,144,0.9
2026-08-31 23:50,web,481,0,185,390,720,13.8
2026-08-31 23:50,api,337,0,160,350,660,14.9
2026-08-31 23:50,db,1011,0,40,88,140,0.8
2026-08-31 23:51,web,498,0,193,405,744,13.3
2026-08-31 23:51,api,349,0,168,365,684,13.9
2026-08-31 23:51,db,1047,0,43,94,149,0.9
2026-08-31 23:52,web,487,0,192,404,742,12.6
2026-08-31 23:52,api,341,0,167,364,682,12
2026-08-31 23:52,db,1023,0,42,93,148,0.9
2026-08-31 23:53,web,497,0,191,401,738,13.1
2026-08-31 23:53,api,348,0,166,361,678,15.9
2026-08-31 23:53,db,1044,0,42,92,147,0.9
2026-08-31 23:54,web,475,0,185,389,718,15.1
2026-08-31 23:54,api,333,0,160,349,658,13
2026-08-31 23:54,db,999,0,40,88,140,0.8
2026-08-31 23:55,web,459,0,192,404,742,14.4
2026-08-31 23:55,api,321,0,167,364,682,15.4
2026-08-31 23:55,db,963,0,42,93,148,0.8
2026-08-31 23:56,web,480,0,192,403,741,13
2026-08-31 23:56,api,336,0,167,363,681,12.4
2026-08-31 23:56,db,1008,0,42,93,148,0.9
2026-08-31 23:57,web,455,0,187,395,728,15
2026-08-31 23:57,api,319,0,162,355,668,13.8
2026-08-31 23:57,db,957,0,41,90,143,0.8
2026-08-31 23:58,web,463,0,192,404,742,15.2
2026-08-31 23:58,api,324,0,167,364,682,12.3
2026-08-31 23:58,db,972,0,42,93,148,0.9
2026-08-31 23:59,web,476,0,184,388,717,15.6
2026-08-31 23:59,api,333,0,159,348,657,14.1
2026-08-31 23:59,db,999,0,40,87,139,0.8
