date,resource_id,service,environment,team,cost_usd
2026-06-01,r-0001,Compute,production,platform,2.4
2026-06-01,r-0002,Block storage,production,platform,0.3288
2026-06-01,r-0003,Compute,production,platform,2.4
2026-06-01,r-0004,Block storage,production,platform,0.3288
2026-06-01,r-0005,Compute,production,platform,2.4
2026-06-01,r-0006,Block storage,production,platform,0.3288
2026-06-01,r-0007,Compute,production,platform,2.4
2026-06-01,r-0008,Block storage,production,platform,0.3288
2026-06-01,r-0009,Compute,production,platform,2.4
2026-06-01,r-0010,Block storage,production,platform,0.6576
2026-06-01,r-0011,Compute,production,platform,2.4
2026-06-01,r-0012,Block storage,production,platform,0.3288
2026-06-01,r-0013,Compute,production,platform,4.8
2026-06-01,r-0014,Block storage,production,platform,0.3288
2026-06-01,r-0015,Compute,production,platform,4.8
2026-06-01,r-0016,Block storage,production,platform,0.1644
2026-06-01,r-0017,Compute,production,platform,4.8
2026-06-01,r-0018,Block storage,production,platform,0.3288
2026-06-01,r-0019,Compute,production,platform,4.8
2026-06-01,r-0020,Block storage,production,platform,0.3288
2026-06-01,r-0021,Compute,production,invoicing,2.4
2026-06-01,r-0022,Block storage,production,invoicing,0.1644
2026-06-01,r-0023,Compute,production,invoicing,2.4
2026-06-01,r-0024,Block storage,production,invoicing,0.6576
2026-06-01,r-0025,Compute,production,invoicing,2.4
2026-06-01,r-0026,Block storage,production,invoicing,0.6576
2026-06-01,r-0027,Compute,staging,platform,1.2
2026-06-01,r-0028,Block storage,staging,platform,0.3288
2026-06-01,r-0029,Compute,staging,platform,1.2
2026-06-01,r-0030,Block storage,staging,platform,0.3288
2026-06-01,r-0031,Compute,staging,platform,1.2
2026-06-01,r-0032,Block storage,staging,platform,0.6576
2026-06-01,r-0033,Compute,staging,platform,1.2
2026-06-01,r-0034,Block storage,staging,platform,0.6576
2026-06-01,r-0035,Compute,staging,platform,1.2
2026-06-01,r-0036,Block storage,staging,platform,0.1644
2026-06-01,r-0037,Compute,staging,platform,1.2
2026-06-01,r-0038,Block storage,staging,platform,0.3288
2026-06-01,r-0039,Compute,development,invoicing,1.2
2026-06-01,r-0040,Block storage,development,invoicing,0.3288
2026-06-01,r-0041,Compute,development,invoicing,1.2
2026-06-01,r-0042,Block storage,development,invoicing,0.6576
2026-06-01,r-0043,Compute,development,invoicing,2.4
2026-06-01,r-0044,Block storage,development,invoicing,0.1644
2026-06-01,r-0045,Compute,development,invoicing,1.2
2026-06-01,r-0046,Block storage,development,invoicing,0.3288
2026-06-01,r-0047,Compute,development,invoicing,1.2
2026-06-01,r-0048,Block storage,development,invoicing,0.1644
2026-06-01,r-0049,Compute,development,invoicing,2.4
2026-06-01,r-0050,Block storage,development,invoicing,0.3288
2026-06-01,r-0051,Compute,development,payments,1.2
2026-06-01,r-0052,Block storage,development,payments,0.3288
2026-06-01,r-0053,Compute,development,payments,1.2
2026-06-01,r-0054,Block storage,development,payments,0.3288
2026-06-01,r-0063,Compute,development,,4.8
2026-06-01,r-0064,Block storage,development,,1.6438
2026-06-01,r-0065,Compute,,,2.4
2026-06-01,r-0066,Block storage,,,0.3288
2026-06-01,r-0067,Compute,development,,2.4
2026-06-01,r-0068,Block storage,development,,0.1644
2026-06-01,r-0070,Block storage,development,platform,0.3288
2026-06-01,r-0072,Block storage,development,,0.3288
2026-06-01,r-0074,Block storage,development,,0.1644
2026-06-01,r-0076,Block storage,development,,0.3288
2026-06-01,r-0077,Block storage,,,0.6576
2026-06-01,r-0078,Block storage,development,,3.2878
2026-06-01,r-0079,Block storage,development,platform,0.6576
2026-06-01,r-0080,Block storage,,,3.2878
2026-06-01,r-0081,Block storage,staging,,1.6438
2026-06-01,r-0082,Block storage,,,0.6576
2026-06-01,r-0083,Block storage,,,1.6438
2026-06-01,r-0084,Block storage,staging,,0.6576
2026-06-01,r-0085,Snapshots,production,,0.3288
2026-06-01,r-0086,Snapshots,development,platform,0.822
2026-06-01,r-0087,Snapshots,production,platform,0.3288
2026-06-01,r-0089,Snapshots,production,platform,0.3288
2026-06-01,r-0090,Snapshots,production,platform,0.1644
2026-06-01,r-0091,Snapshots,production,platform,0.1644
2026-06-01,r-0092,Snapshots,staging,platform,0.0821
2026-06-01,r-0094,Snapshots,production,platform,0.3288
2026-06-01,r-0095,Snapshots,production,platform,0.822
2026-06-01,r-0096,Snapshots,staging,platform,0.1644
2026-06-01,r-0097,Snapshots,development,,0.0821
2026-06-01,r-0098,Snapshots,development,,0.3288
2026-06-01,r-0099,Snapshots,production,platform,0.3288
2026-06-01,r-0100,Snapshots,production,platform,0.0821
2026-06-01,r-0101,Snapshots,development,platform,0.3288
2026-06-01,r-0102,Snapshots,production,platform,0.0821
2026-06-01,r-0103,Snapshots,development,,0.822
2026-06-01,r-0105,Snapshots,staging,platform,0.0821
2026-06-01,r-0106,Snapshots,production,,0.3288
2026-06-01,r-0107,Snapshots,production,platform,0.1644
2026-06-01,r-0108,Snapshots,production,platform,0.0821
2026-06-01,r-0109,Snapshots,development,platform,0.3288
2026-06-01,r-0110,Snapshots,development,,0.0821
2026-06-01,r-0112,Snapshots,production,platform,0.822
2026-06-01,r-0113,Snapshots,production,platform,0.1644
2026-06-01,r-0114,Snapshots,development,,0.1644
2026-06-01,r-0115,Snapshots,staging,,0.1644
2026-06-01,r-0116,Snapshots,staging,platform,0.0821
2026-06-01,r-0117,Snapshots,production,,0.1644
2026-06-01,r-0118,Snapshots,production,platform,0.1644
2026-06-01,r-0119,Snapshots,development,platform,0.0821
2026-06-01,r-0120,Snapshots,production,,0.822
2026-06-01,r-0121,Object storage,production,invoicing,1.361
2026-06-01,r-0122,Object storage,production,platform,3.0247
2026-06-01,r-0123,Object storage,production,marketing,0.0302
2026-06-01,r-0124,Object storage,production,,0.2647
2026-06-01,r-0125,Object storage,production,platform,1.8905
2026-06-01,r-0126,Object storage,development,,0.4536
2026-06-01,r-0127,Managed database,production,platform,10.8
2026-06-01,r-0128,Managed database,staging,platform,5.52
2026-06-01,r-0129,Load balancing,production,platform,0.6
2026-06-01,r-0130,Load balancing,staging,platform,0.6
2026-06-01,r-0131,Public IPs,,,0.12
2026-06-01,r-0132,Public IPs,,,0.12
2026-06-01,r-0133,Public IPs,,,0.12
2026-06-01,,Data transfer,production,platform,30.892
2026-06-02,r-0001,Compute,production,platform,2.4
2026-06-02,r-0002,Block storage,production,platform,0.3288
2026-06-02,r-0003,Compute,production,platform,2.4
2026-06-02,r-0004,Block storage,production,platform,0.3288
2026-06-02,r-0005,Compute,production,platform,2.4
2026-06-02,r-0006,Block storage,production,platform,0.3288
2026-06-02,r-0007,Compute,production,platform,2.4
2026-06-02,r-0008,Block storage,production,platform,0.3288
2026-06-02,r-0009,Compute,production,platform,2.4
2026-06-02,r-0010,Block storage,production,platform,0.6576
2026-06-02,r-0011,Compute,production,platform,2.4
2026-06-02,r-0012,Block storage,production,platform,0.3288
2026-06-02,r-0013,Compute,production,platform,4.8
2026-06-02,r-0014,Block storage,production,platform,0.3288
2026-06-02,r-0015,Compute,production,platform,4.8
2026-06-02,r-0016,Block storage,production,platform,0.1644
2026-06-02,r-0017,Compute,production,platform,4.8
2026-06-02,r-0018,Block storage,production,platform,0.3288
2026-06-02,r-0019,Compute,production,platform,4.8
2026-06-02,r-0020,Block storage,production,platform,0.3288
2026-06-02,r-0021,Compute,production,invoicing,2.4
2026-06-02,r-0022,Block storage,production,invoicing,0.1644
2026-06-02,r-0023,Compute,production,invoicing,2.4
2026-06-02,r-0024,Block storage,production,invoicing,0.6576
2026-06-02,r-0025,Compute,production,invoicing,2.4
2026-06-02,r-0026,Block storage,production,invoicing,0.6576
2026-06-02,r-0027,Compute,staging,platform,1.2
2026-06-02,r-0028,Block storage,staging,platform,0.3288
2026-06-02,r-0029,Compute,staging,platform,1.2
2026-06-02,r-0030,Block storage,staging,platform,0.3288
2026-06-02,r-0031,Compute,staging,platform,1.2
2026-06-02,r-0032,Block storage,staging,platform,0.6576
2026-06-02,r-0033,Compute,staging,platform,1.2
2026-06-02,r-0034,Block storage,staging,platform,0.6576
2026-06-02,r-0035,Compute,staging,platform,1.2
2026-06-02,r-0036,Block storage,staging,platform,0.1644
2026-06-02,r-0037,Compute,staging,platform,1.2
2026-06-02,r-0038,Block storage,staging,platform,0.3288
2026-06-02,r-0039,Compute,development,invoicing,1.2
2026-06-02,r-0040,Block storage,development,invoicing,0.3288
2026-06-02,r-0041,Compute,development,invoicing,1.2
2026-06-02,r-0042,Block storage,development,invoicing,0.6576
2026-06-02,r-0043,Compute,development,invoicing,2.4
2026-06-02,r-0044,Block storage,development,invoicing,0.1644
2026-06-02,r-0045,Compute,development,invoicing,1.2
2026-06-02,r-0046,Block storage,development,invoicing,0.3288
2026-06-02,r-0047,Compute,development,invoicing,1.2
2026-06-02,r-0048,Block storage,development,invoicing,0.1644
2026-06-02,r-0049,Compute,development,invoicing,2.4
2026-06-02,r-0050,Block storage,development,invoicing,0.3288
2026-06-02,r-0051,Compute,development,payments,1.2
2026-06-02,r-0052,Block storage,development,payments,0.3288
2026-06-02,r-0053,Compute,development,payments,1.2
2026-06-02,r-0054,Block storage,development,payments,0.3288
2026-06-02,r-0063,Compute,development,,4.8
2026-06-02,r-0064,Block storage,development,,1.6438
2026-06-02,r-0065,Compute,,,2.4
2026-06-02,r-0066,Block storage,,,0.3288
2026-06-02,r-0067,Compute,development,,2.4
2026-06-02,r-0068,Block storage,development,,0.1644
2026-06-02,r-0070,Block storage,development,platform,0.3288
2026-06-02,r-0072,Block storage,development,,0.3288
2026-06-02,r-0074,Block storage,development,,0.1644
2026-06-02,r-0076,Block storage,development,,0.3288
2026-06-02,r-0077,Block storage,,,0.6576
2026-06-02,r-0078,Block storage,development,,3.2878
2026-06-02,r-0079,Block storage,development,platform,0.6576
2026-06-02,r-0080,Block storage,,,3.2878
2026-06-02,r-0081,Block storage,staging,,1.6438
2026-06-02,r-0082,Block storage,,,0.6576
2026-06-02,r-0083,Block storage,,,1.6438
2026-06-02,r-0084,Block storage,staging,,0.6576
2026-06-02,r-0085,Snapshots,production,,0.3288
2026-06-02,r-0086,Snapshots,development,platform,0.822
2026-06-02,r-0087,Snapshots,production,platform,0.3288
2026-06-02,r-0089,Snapshots,production,platform,0.3288
2026-06-02,r-0090,Snapshots,production,platform,0.1644
2026-06-02,r-0091,Snapshots,production,platform,0.1644
2026-06-02,r-0092,Snapshots,staging,platform,0.0821
2026-06-02,r-0094,Snapshots,production,platform,0.3288
2026-06-02,r-0095,Snapshots,production,platform,0.822
2026-06-02,r-0096,Snapshots,staging,platform,0.1644
2026-06-02,r-0097,Snapshots,development,,0.0821
2026-06-02,r-0098,Snapshots,development,,0.3288
2026-06-02,r-0099,Snapshots,production,platform,0.3288
2026-06-02,r-0100,Snapshots,production,platform,0.0821
2026-06-02,r-0101,Snapshots,development,platform,0.3288
2026-06-02,r-0102,Snapshots,production,platform,0.0821
2026-06-02,r-0103,Snapshots,development,,0.822
2026-06-02,r-0105,Snapshots,staging,platform,0.0821
2026-06-02,r-0106,Snapshots,production,,0.3288
2026-06-02,r-0107,Snapshots,production,platform,0.1644
2026-06-02,r-0108,Snapshots,production,platform,0.0821
2026-06-02,r-0109,Snapshots,development,platform,0.3288
2026-06-02,r-0110,Snapshots,development,,0.0821
2026-06-02,r-0112,Snapshots,production,platform,0.822
2026-06-02,r-0113,Snapshots,production,platform,0.1644
2026-06-02,r-0114,Snapshots,development,,0.1644
2026-06-02,r-0115,Snapshots,staging,,0.1644
2026-06-02,r-0116,Snapshots,staging,platform,0.0821
2026-06-02,r-0117,Snapshots,production,,0.1644
2026-06-02,r-0118,Snapshots,production,platform,0.1644
2026-06-02,r-0119,Snapshots,development,platform,0.0821
2026-06-02,r-0120,Snapshots,production,,0.822
2026-06-02,r-0121,Object storage,production,invoicing,1.361
2026-06-02,r-0122,Object storage,production,platform,3.0247
2026-06-02,r-0123,Object storage,production,marketing,0.0302
2026-06-02,r-0124,Object storage,production,,0.2647
2026-06-02,r-0125,Object storage,production,platform,1.8905
2026-06-02,r-0126,Object storage,development,,0.4536
2026-06-02,r-0127,Managed database,production,platform,10.8
2026-06-02,r-0128,Managed database,staging,platform,5.52
2026-06-02,r-0129,Load balancing,production,platform,0.6
2026-06-02,r-0130,Load balancing,staging,platform,0.6
2026-06-02,r-0131,Public IPs,,,0.12
2026-06-02,r-0132,Public IPs,,,0.12
2026-06-02,r-0133,Public IPs,,,0.12
2026-06-02,,Data transfer,production,platform,33.051
2026-06-03,r-0001,Compute,production,platform,2.4
2026-06-03,r-0002,Block storage,production,platform,0.3288
2026-06-03,r-0003,Compute,production,platform,2.4
2026-06-03,r-0004,Block storage,production,platform,0.3288
2026-06-03,r-0005,Compute,production,platform,2.4
2026-06-03,r-0006,Block storage,production,platform,0.3288
2026-06-03,r-0007,Compute,production,platform,2.4
2026-06-03,r-0008,Block storage,production,platform,0.3288
2026-06-03,r-0009,Compute,production,platform,2.4
2026-06-03,r-0010,Block storage,production,platform,0.6576
2026-06-03,r-0011,Compute,production,platform,2.4
2026-06-03,r-0012,Block storage,production,platform,0.3288
2026-06-03,r-0013,Compute,production,platform,4.8
2026-06-03,r-0014,Block storage,production,platform,0.3288
2026-06-03,r-0015,Compute,production,platform,4.8
2026-06-03,r-0016,Block storage,production,platform,0.1644
2026-06-03,r-0017,Compute,production,platform,4.8
2026-06-03,r-0018,Block storage,production,platform,0.3288
2026-06-03,r-0019,Compute,production,platform,4.8
2026-06-03,r-0020,Block storage,production,platform,0.3288
2026-06-03,r-0021,Compute,production,invoicing,2.4
2026-06-03,r-0022,Block storage,production,invoicing,0.1644
2026-06-03,r-0023,Compute,production,invoicing,2.4
2026-06-03,r-0024,Block storage,production,invoicing,0.6576
2026-06-03,r-0025,Compute,production,invoicing,2.4
2026-06-03,r-0026,Block storage,production,invoicing,0.6576
2026-06-03,r-0027,Compute,staging,platform,1.2
2026-06-03,r-0028,Block storage,staging,platform,0.3288
2026-06-03,r-0029,Compute,staging,platform,1.2
2026-06-03,r-0030,Block storage,staging,platform,0.3288
2026-06-03,r-0031,Compute,staging,platform,1.2
2026-06-03,r-0032,Block storage,staging,platform,0.6576
2026-06-03,r-0033,Compute,staging,platform,1.2
2026-06-03,r-0034,Block storage,staging,platform,0.6576
2026-06-03,r-0035,Compute,staging,platform,1.2
2026-06-03,r-0036,Block storage,staging,platform,0.1644
2026-06-03,r-0037,Compute,staging,platform,1.2
2026-06-03,r-0038,Block storage,staging,platform,0.3288
2026-06-03,r-0039,Compute,development,invoicing,1.2
2026-06-03,r-0040,Block storage,development,invoicing,0.3288
2026-06-03,r-0041,Compute,development,invoicing,1.2
2026-06-03,r-0042,Block storage,development,invoicing,0.6576
2026-06-03,r-0043,Compute,development,invoicing,2.4
2026-06-03,r-0044,Block storage,development,invoicing,0.1644
2026-06-03,r-0045,Compute,development,invoicing,1.2
2026-06-03,r-0046,Block storage,development,invoicing,0.3288
2026-06-03,r-0047,Compute,development,invoicing,1.2
2026-06-03,r-0048,Block storage,development,invoicing,0.1644
2026-06-03,r-0049,Compute,development,invoicing,2.4
2026-06-03,r-0050,Block storage,development,invoicing,0.3288
2026-06-03,r-0051,Compute,development,payments,1.2
2026-06-03,r-0052,Block storage,development,payments,0.3288
2026-06-03,r-0053,Compute,development,payments,1.2
2026-06-03,r-0054,Block storage,development,payments,0.3288
2026-06-03,r-0063,Compute,development,,4.8
2026-06-03,r-0064,Block storage,development,,1.6438
2026-06-03,r-0065,Compute,,,2.4
2026-06-03,r-0066,Block storage,,,0.3288
2026-06-03,r-0067,Compute,development,,2.4
2026-06-03,r-0068,Block storage,development,,0.1644
2026-06-03,r-0070,Block storage,development,platform,0.3288
2026-06-03,r-0072,Block storage,development,,0.3288
2026-06-03,r-0074,Block storage,development,,0.1644
2026-06-03,r-0076,Block storage,development,,0.3288
2026-06-03,r-0077,Block storage,,,0.6576
2026-06-03,r-0078,Block storage,development,,3.2878
2026-06-03,r-0079,Block storage,development,platform,0.6576
2026-06-03,r-0080,Block storage,,,3.2878
2026-06-03,r-0081,Block storage,staging,,1.6438
2026-06-03,r-0082,Block storage,,,0.6576
2026-06-03,r-0083,Block storage,,,1.6438
2026-06-03,r-0084,Block storage,staging,,0.6576
2026-06-03,r-0085,Snapshots,production,,0.3288
2026-06-03,r-0086,Snapshots,development,platform,0.822
2026-06-03,r-0087,Snapshots,production,platform,0.3288
2026-06-03,r-0089,Snapshots,production,platform,0.3288
2026-06-03,r-0090,Snapshots,production,platform,0.1644
2026-06-03,r-0091,Snapshots,production,platform,0.1644
2026-06-03,r-0092,Snapshots,staging,platform,0.0821
2026-06-03,r-0094,Snapshots,production,platform,0.3288
2026-06-03,r-0095,Snapshots,production,platform,0.822
2026-06-03,r-0096,Snapshots,staging,platform,0.1644
2026-06-03,r-0097,Snapshots,development,,0.0821
2026-06-03,r-0098,Snapshots,development,,0.3288
2026-06-03,r-0099,Snapshots,production,platform,0.3288
2026-06-03,r-0100,Snapshots,production,platform,0.0821
2026-06-03,r-0101,Snapshots,development,platform,0.3288
2026-06-03,r-0102,Snapshots,production,platform,0.0821
2026-06-03,r-0103,Snapshots,development,,0.822
2026-06-03,r-0105,Snapshots,staging,platform,0.0821
2026-06-03,r-0106,Snapshots,production,,0.3288
2026-06-03,r-0107,Snapshots,production,platform,0.1644
2026-06-03,r-0108,Snapshots,production,platform,0.0821
2026-06-03,r-0109,Snapshots,development,platform,0.3288
2026-06-03,r-0110,Snapshots,development,,0.0821
2026-06-03,r-0112,Snapshots,production,platform,0.822
2026-06-03,r-0113,Snapshots,production,platform,0.1644
2026-06-03,r-0114,Snapshots,development,,0.1644
2026-06-03,r-0115,Snapshots,staging,,0.1644
2026-06-03,r-0116,Snapshots,staging,platform,0.0821
2026-06-03,r-0117,Snapshots,production,,0.1644
2026-06-03,r-0118,Snapshots,production,platform,0.1644
2026-06-03,r-0119,Snapshots,development,platform,0.0821
2026-06-03,r-0120,Snapshots,production,,0.822
2026-06-03,r-0121,Object storage,production,invoicing,1.361
2026-06-03,r-0122,Object storage,production,platform,3.0247
2026-06-03,r-0123,Object storage,production,marketing,0.0302
2026-06-03,r-0124,Object storage,production,,0.2647
2026-06-03,r-0125,Object storage,production,platform,1.8905
2026-06-03,r-0126,Object storage,development,,0.4536
2026-06-03,r-0127,Managed database,production,platform,10.8
2026-06-03,r-0128,Managed database,staging,platform,5.52
2026-06-03,r-0129,Load balancing,production,platform,0.6
2026-06-03,r-0130,Load balancing,staging,platform,0.6
2026-06-03,r-0131,Public IPs,,,0.12
2026-06-03,r-0132,Public IPs,,,0.12
2026-06-03,r-0133,Public IPs,,,0.12
2026-06-03,,Data transfer,production,platform,28.0604
2026-06-04,r-0001,Compute,production,platform,2.4
2026-06-04,r-0002,Block storage,production,platform,0.3288
2026-06-04,r-0003,Compute,production,platform,2.4
2026-06-04,r-0004,Block storage,production,platform,0.3288
2026-06-04,r-0005,Compute,production,platform,2.4
2026-06-04,r-0006,Block storage,production,platform,0.3288
2026-06-04,r-0007,Compute,production,platform,2.4
2026-06-04,r-0008,Block storage,production,platform,0.3288
2026-06-04,r-0009,Compute,production,platform,2.4
2026-06-04,r-0010,Block storage,production,platform,0.6576
2026-06-04,r-0011,Compute,production,platform,2.4
2026-06-04,r-0012,Block storage,production,platform,0.3288
2026-06-04,r-0013,Compute,production,platform,4.8
2026-06-04,r-0014,Block storage,production,platform,0.3288
2026-06-04,r-0015,Compute,production,platform,4.8
2026-06-04,r-0016,Block storage,production,platform,0.1644
2026-06-04,r-0017,Compute,production,platform,4.8
2026-06-04,r-0018,Block storage,production,platform,0.3288
2026-06-04,r-0019,Compute,production,platform,4.8
2026-06-04,r-0020,Block storage,production,platform,0.3288
2026-06-04,r-0021,Compute,production,invoicing,2.4
2026-06-04,r-0022,Block storage,production,invoicing,0.1644
2026-06-04,r-0023,Compute,production,invoicing,2.4
2026-06-04,r-0024,Block storage,production,invoicing,0.6576
2026-06-04,r-0025,Compute,production,invoicing,2.4
2026-06-04,r-0026,Block storage,production,invoicing,0.6576
2026-06-04,r-0027,Compute,staging,platform,1.2
2026-06-04,r-0028,Block storage,staging,platform,0.3288
2026-06-04,r-0029,Compute,staging,platform,1.2
2026-06-04,r-0030,Block storage,staging,platform,0.3288
2026-06-04,r-0031,Compute,staging,platform,1.2
2026-06-04,r-0032,Block storage,staging,platform,0.6576
2026-06-04,r-0033,Compute,staging,platform,1.2
2026-06-04,r-0034,Block storage,staging,platform,0.6576
2026-06-04,r-0035,Compute,staging,platform,1.2
2026-06-04,r-0036,Block storage,staging,platform,0.1644
2026-06-04,r-0037,Compute,staging,platform,1.2
2026-06-04,r-0038,Block storage,staging,platform,0.3288
2026-06-04,r-0039,Compute,development,invoicing,1.2
2026-06-04,r-0040,Block storage,development,invoicing,0.3288
2026-06-04,r-0041,Compute,development,invoicing,1.2
2026-06-04,r-0042,Block storage,development,invoicing,0.6576
2026-06-04,r-0043,Compute,development,invoicing,2.4
2026-06-04,r-0044,Block storage,development,invoicing,0.1644
2026-06-04,r-0045,Compute,development,invoicing,1.2
2026-06-04,r-0046,Block storage,development,invoicing,0.3288
2026-06-04,r-0047,Compute,development,invoicing,1.2
2026-06-04,r-0048,Block storage,development,invoicing,0.1644
2026-06-04,r-0049,Compute,development,invoicing,2.4
2026-06-04,r-0050,Block storage,development,invoicing,0.3288
2026-06-04,r-0051,Compute,development,payments,1.2
2026-06-04,r-0052,Block storage,development,payments,0.3288
2026-06-04,r-0053,Compute,development,payments,1.2
2026-06-04,r-0054,Block storage,development,payments,0.3288
2026-06-04,r-0063,Compute,development,,4.8
2026-06-04,r-0064,Block storage,development,,1.6438
2026-06-04,r-0065,Compute,,,2.4
2026-06-04,r-0066,Block storage,,,0.3288
2026-06-04,r-0067,Compute,development,,2.4
2026-06-04,r-0068,Block storage,development,,0.1644
2026-06-04,r-0070,Block storage,development,platform,0.3288
2026-06-04,r-0072,Block storage,development,,0.3288
2026-06-04,r-0074,Block storage,development,,0.1644
2026-06-04,r-0076,Block storage,development,,0.3288
2026-06-04,r-0077,Block storage,,,0.6576
2026-06-04,r-0078,Block storage,development,,3.2878
2026-06-04,r-0079,Block storage,development,platform,0.6576
2026-06-04,r-0080,Block storage,,,3.2878
2026-06-04,r-0081,Block storage,staging,,1.6438
2026-06-04,r-0082,Block storage,,,0.6576
2026-06-04,r-0083,Block storage,,,1.6438
2026-06-04,r-0084,Block storage,staging,,0.6576
2026-06-04,r-0085,Snapshots,production,,0.3288
2026-06-04,r-0086,Snapshots,development,platform,0.822
2026-06-04,r-0087,Snapshots,production,platform,0.3288
2026-06-04,r-0089,Snapshots,production,platform,0.3288
2026-06-04,r-0090,Snapshots,production,platform,0.1644
2026-06-04,r-0091,Snapshots,production,platform,0.1644
2026-06-04,r-0092,Snapshots,staging,platform,0.0821
2026-06-04,r-0094,Snapshots,production,platform,0.3288
2026-06-04,r-0095,Snapshots,production,platform,0.822
2026-06-04,r-0096,Snapshots,staging,platform,0.1644
2026-06-04,r-0097,Snapshots,development,,0.0821
2026-06-04,r-0098,Snapshots,development,,0.3288
2026-06-04,r-0099,Snapshots,production,platform,0.3288
2026-06-04,r-0100,Snapshots,production,platform,0.0821
2026-06-04,r-0101,Snapshots,development,platform,0.3288
2026-06-04,r-0102,Snapshots,production,platform,0.0821
2026-06-04,r-0103,Snapshots,development,,0.822
2026-06-04,r-0105,Snapshots,staging,platform,0.0821
2026-06-04,r-0106,Snapshots,production,,0.3288
2026-06-04,r-0107,Snapshots,production,platform,0.1644
2026-06-04,r-0108,Snapshots,production,platform,0.0821
2026-06-04,r-0109,Snapshots,development,platform,0.3288
2026-06-04,r-0110,Snapshots,development,,0.0821
2026-06-04,r-0112,Snapshots,production,platform,0.822
2026-06-04,r-0113,Snapshots,production,platform,0.1644
2026-06-04,r-0114,Snapshots,development,,0.1644
2026-06-04,r-0115,Snapshots,staging,,0.1644
2026-06-04,r-0116,Snapshots,staging,platform,0.0821
2026-06-04,r-0117,Snapshots,production,,0.1644
2026-06-04,r-0118,Snapshots,production,platform,0.1644
2026-06-04,r-0119,Snapshots,development,platform,0.0821
2026-06-04,r-0120,Snapshots,production,,0.822
2026-06-04,r-0121,Object storage,production,invoicing,1.361
2026-06-04,r-0122,Object storage,production,platform,3.0247
2026-06-04,r-0123,Object storage,production,marketing,0.0302
2026-06-04,r-0124,Object storage,production,,0.2647
2026-06-04,r-0125,Object storage,production,platform,1.8905
2026-06-04,r-0126,Object storage,development,,0.4536
2026-06-04,r-0127,Managed database,production,platform,10.8
2026-06-04,r-0128,Managed database,staging,platform,5.52
2026-06-04,r-0129,Load balancing,production,platform,0.6
2026-06-04,r-0130,Load balancing,staging,platform,0.6
2026-06-04,r-0131,Public IPs,,,0.12
2026-06-04,r-0132,Public IPs,,,0.12
2026-06-04,r-0133,Public IPs,,,0.12
2026-06-04,,Data transfer,production,platform,33.6656
2026-06-05,r-0001,Compute,production,platform,2.4
2026-06-05,r-0002,Block storage,production,platform,0.3288
2026-06-05,r-0003,Compute,production,platform,2.4
2026-06-05,r-0004,Block storage,production,platform,0.3288
2026-06-05,r-0005,Compute,production,platform,2.4
2026-06-05,r-0006,Block storage,production,platform,0.3288
2026-06-05,r-0007,Compute,production,platform,2.4
2026-06-05,r-0008,Block storage,production,platform,0.3288
2026-06-05,r-0009,Compute,production,platform,2.4
2026-06-05,r-0010,Block storage,production,platform,0.6576
2026-06-05,r-0011,Compute,production,platform,2.4
2026-06-05,r-0012,Block storage,production,platform,0.3288
2026-06-05,r-0013,Compute,production,platform,4.8
2026-06-05,r-0014,Block storage,production,platform,0.3288
2026-06-05,r-0015,Compute,production,platform,4.8
2026-06-05,r-0016,Block storage,production,platform,0.1644
2026-06-05,r-0017,Compute,production,platform,4.8
2026-06-05,r-0018,Block storage,production,platform,0.3288
2026-06-05,r-0019,Compute,production,platform,4.8
2026-06-05,r-0020,Block storage,production,platform,0.3288
2026-06-05,r-0021,Compute,production,invoicing,2.4
2026-06-05,r-0022,Block storage,production,invoicing,0.1644
2026-06-05,r-0023,Compute,production,invoicing,2.4
2026-06-05,r-0024,Block storage,production,invoicing,0.6576
2026-06-05,r-0025,Compute,production,invoicing,2.4
2026-06-05,r-0026,Block storage,production,invoicing,0.6576
2026-06-05,r-0027,Compute,staging,platform,1.2
2026-06-05,r-0028,Block storage,staging,platform,0.3288
2026-06-05,r-0029,Compute,staging,platform,1.2
2026-06-05,r-0030,Block storage,staging,platform,0.3288
2026-06-05,r-0031,Compute,staging,platform,1.2
2026-06-05,r-0032,Block storage,staging,platform,0.6576
2026-06-05,r-0033,Compute,staging,platform,1.2
2026-06-05,r-0034,Block storage,staging,platform,0.6576
2026-06-05,r-0035,Compute,staging,platform,1.2
2026-06-05,r-0036,Block storage,staging,platform,0.1644
2026-06-05,r-0037,Compute,staging,platform,1.2
2026-06-05,r-0038,Block storage,staging,platform,0.3288
2026-06-05,r-0039,Compute,development,invoicing,1.2
2026-06-05,r-0040,Block storage,development,invoicing,0.3288
2026-06-05,r-0041,Compute,development,invoicing,1.2
2026-06-05,r-0042,Block storage,development,invoicing,0.6576
2026-06-05,r-0043,Compute,development,invoicing,2.4
2026-06-05,r-0044,Block storage,development,invoicing,0.1644
2026-06-05,r-0045,Compute,development,invoicing,1.2
2026-06-05,r-0046,Block storage,development,invoicing,0.3288
2026-06-05,r-0047,Compute,development,invoicing,1.2
2026-06-05,r-0048,Block storage,development,invoicing,0.1644
2026-06-05,r-0049,Compute,development,invoicing,2.4
2026-06-05,r-0050,Block storage,development,invoicing,0.3288
2026-06-05,r-0051,Compute,development,payments,1.2
2026-06-05,r-0052,Block storage,development,payments,0.3288
2026-06-05,r-0053,Compute,development,payments,1.2
2026-06-05,r-0054,Block storage,development,payments,0.3288
2026-06-05,r-0063,Compute,development,,4.8
2026-06-05,r-0064,Block storage,development,,1.6438
2026-06-05,r-0065,Compute,,,2.4
2026-06-05,r-0066,Block storage,,,0.3288
2026-06-05,r-0067,Compute,development,,2.4
2026-06-05,r-0068,Block storage,development,,0.1644
2026-06-05,r-0070,Block storage,development,platform,0.3288
2026-06-05,r-0072,Block storage,development,,0.3288
2026-06-05,r-0074,Block storage,development,,0.1644
2026-06-05,r-0076,Block storage,development,,0.3288
2026-06-05,r-0077,Block storage,,,0.6576
2026-06-05,r-0078,Block storage,development,,3.2878
2026-06-05,r-0079,Block storage,development,platform,0.6576
2026-06-05,r-0080,Block storage,,,3.2878
2026-06-05,r-0081,Block storage,staging,,1.6438
2026-06-05,r-0082,Block storage,,,0.6576
2026-06-05,r-0083,Block storage,,,1.6438
2026-06-05,r-0084,Block storage,staging,,0.6576
2026-06-05,r-0085,Snapshots,production,,0.3288
2026-06-05,r-0086,Snapshots,development,platform,0.822
2026-06-05,r-0087,Snapshots,production,platform,0.3288
2026-06-05,r-0089,Snapshots,production,platform,0.3288
2026-06-05,r-0090,Snapshots,production,platform,0.1644
2026-06-05,r-0091,Snapshots,production,platform,0.1644
2026-06-05,r-0092,Snapshots,staging,platform,0.0821
2026-06-05,r-0094,Snapshots,production,platform,0.3288
2026-06-05,r-0095,Snapshots,production,platform,0.822
2026-06-05,r-0096,Snapshots,staging,platform,0.1644
2026-06-05,r-0097,Snapshots,development,,0.0821
2026-06-05,r-0098,Snapshots,development,,0.3288
2026-06-05,r-0099,Snapshots,production,platform,0.3288
2026-06-05,r-0100,Snapshots,production,platform,0.0821
2026-06-05,r-0101,Snapshots,development,platform,0.3288
2026-06-05,r-0102,Snapshots,production,platform,0.0821
2026-06-05,r-0103,Snapshots,development,,0.822
2026-06-05,r-0105,Snapshots,staging,platform,0.0821
2026-06-05,r-0106,Snapshots,production,,0.3288
2026-06-05,r-0107,Snapshots,production,platform,0.1644
2026-06-05,r-0108,Snapshots,production,platform,0.0821
2026-06-05,r-0109,Snapshots,development,platform,0.3288
2026-06-05,r-0110,Snapshots,development,,0.0821
2026-06-05,r-0112,Snapshots,production,platform,0.822
2026-06-05,r-0113,Snapshots,production,platform,0.1644
2026-06-05,r-0114,Snapshots,development,,0.1644
2026-06-05,r-0115,Snapshots,staging,,0.1644
2026-06-05,r-0116,Snapshots,staging,platform,0.0821
2026-06-05,r-0117,Snapshots,production,,0.1644
2026-06-05,r-0118,Snapshots,production,platform,0.1644
2026-06-05,r-0119,Snapshots,development,platform,0.0821
2026-06-05,r-0120,Snapshots,production,,0.822
2026-06-05,r-0121,Object storage,production,invoicing,1.361
2026-06-05,r-0122,Object storage,production,platform,3.0247
2026-06-05,r-0123,Object storage,production,marketing,0.0302
2026-06-05,r-0124,Object storage,production,,0.2647
2026-06-05,r-0125,Object storage,production,platform,1.8905
2026-06-05,r-0126,Object storage,development,,0.4536
2026-06-05,r-0127,Managed database,production,platform,10.8
2026-06-05,r-0128,Managed database,staging,platform,5.52
2026-06-05,r-0129,Load balancing,production,platform,0.6
2026-06-05,r-0130,Load balancing,staging,platform,0.6
2026-06-05,r-0131,Public IPs,,,0.12
2026-06-05,r-0132,Public IPs,,,0.12
2026-06-05,r-0133,Public IPs,,,0.12
2026-06-05,,Data transfer,production,platform,31.9191
2026-06-06,r-0001,Compute,production,platform,2.4
2026-06-06,r-0002,Block storage,production,platform,0.3288
2026-06-06,r-0003,Compute,production,platform,2.4
2026-06-06,r-0004,Block storage,production,platform,0.3288
2026-06-06,r-0005,Compute,production,platform,2.4
2026-06-06,r-0006,Block storage,production,platform,0.3288
2026-06-06,r-0007,Compute,production,platform,2.4
2026-06-06,r-0008,Block storage,production,platform,0.3288
2026-06-06,r-0009,Compute,production,platform,2.4
2026-06-06,r-0010,Block storage,production,platform,0.6576
2026-06-06,r-0011,Compute,production,platform,2.4
2026-06-06,r-0012,Block storage,production,platform,0.3288
2026-06-06,r-0013,Compute,production,platform,4.8
2026-06-06,r-0014,Block storage,production,platform,0.3288
2026-06-06,r-0015,Compute,production,platform,4.8
2026-06-06,r-0016,Block storage,production,platform,0.1644
2026-06-06,r-0017,Compute,production,platform,4.8
2026-06-06,r-0018,Block storage,production,platform,0.3288
2026-06-06,r-0019,Compute,production,platform,4.8
2026-06-06,r-0020,Block storage,production,platform,0.3288
2026-06-06,r-0021,Compute,production,invoicing,2.4
2026-06-06,r-0022,Block storage,production,invoicing,0.1644
2026-06-06,r-0023,Compute,production,invoicing,2.4
2026-06-06,r-0024,Block storage,production,invoicing,0.6576
2026-06-06,r-0025,Compute,production,invoicing,2.4
2026-06-06,r-0026,Block storage,production,invoicing,0.6576
2026-06-06,r-0027,Compute,staging,platform,1.2
2026-06-06,r-0028,Block storage,staging,platform,0.3288
2026-06-06,r-0029,Compute,staging,platform,1.2
2026-06-06,r-0030,Block storage,staging,platform,0.3288
2026-06-06,r-0031,Compute,staging,platform,1.2
2026-06-06,r-0032,Block storage,staging,platform,0.6576
2026-06-06,r-0033,Compute,staging,platform,1.2
2026-06-06,r-0034,Block storage,staging,platform,0.6576
2026-06-06,r-0035,Compute,staging,platform,1.2
2026-06-06,r-0036,Block storage,staging,platform,0.1644
2026-06-06,r-0037,Compute,staging,platform,1.2
2026-06-06,r-0038,Block storage,staging,platform,0.3288
2026-06-06,r-0039,Compute,development,invoicing,1.2
2026-06-06,r-0040,Block storage,development,invoicing,0.3288
2026-06-06,r-0041,Compute,development,invoicing,1.2
2026-06-06,r-0042,Block storage,development,invoicing,0.6576
2026-06-06,r-0043,Compute,development,invoicing,2.4
2026-06-06,r-0044,Block storage,development,invoicing,0.1644
2026-06-06,r-0045,Compute,development,invoicing,1.2
2026-06-06,r-0046,Block storage,development,invoicing,0.3288
2026-06-06,r-0047,Compute,development,invoicing,1.2
2026-06-06,r-0048,Block storage,development,invoicing,0.1644
2026-06-06,r-0049,Compute,development,invoicing,2.4
2026-06-06,r-0050,Block storage,development,invoicing,0.3288
2026-06-06,r-0051,Compute,development,payments,1.2
2026-06-06,r-0052,Block storage,development,payments,0.3288
2026-06-06,r-0053,Compute,development,payments,1.2
2026-06-06,r-0054,Block storage,development,payments,0.3288
2026-06-06,r-0063,Compute,development,,4.8
2026-06-06,r-0064,Block storage,development,,1.6438
2026-06-06,r-0065,Compute,,,2.4
2026-06-06,r-0066,Block storage,,,0.3288
2026-06-06,r-0067,Compute,development,,2.4
2026-06-06,r-0068,Block storage,development,,0.1644
2026-06-06,r-0070,Block storage,development,platform,0.3288
2026-06-06,r-0072,Block storage,development,,0.3288
2026-06-06,r-0074,Block storage,development,,0.1644
2026-06-06,r-0076,Block storage,development,,0.3288
2026-06-06,r-0077,Block storage,,,0.6576
2026-06-06,r-0078,Block storage,development,,3.2878
2026-06-06,r-0079,Block storage,development,platform,0.6576
2026-06-06,r-0080,Block storage,,,3.2878
2026-06-06,r-0081,Block storage,staging,,1.6438
2026-06-06,r-0082,Block storage,,,0.6576
2026-06-06,r-0083,Block storage,,,1.6438
2026-06-06,r-0084,Block storage,staging,,0.6576
2026-06-06,r-0085,Snapshots,production,,0.3288
2026-06-06,r-0086,Snapshots,development,platform,0.822
2026-06-06,r-0087,Snapshots,production,platform,0.3288
2026-06-06,r-0089,Snapshots,production,platform,0.3288
2026-06-06,r-0090,Snapshots,production,platform,0.1644
2026-06-06,r-0091,Snapshots,production,platform,0.1644
2026-06-06,r-0092,Snapshots,staging,platform,0.0821
2026-06-06,r-0094,Snapshots,production,platform,0.3288
2026-06-06,r-0095,Snapshots,production,platform,0.822
2026-06-06,r-0096,Snapshots,staging,platform,0.1644
2026-06-06,r-0097,Snapshots,development,,0.0821
2026-06-06,r-0098,Snapshots,development,,0.3288
2026-06-06,r-0099,Snapshots,production,platform,0.3288
2026-06-06,r-0100,Snapshots,production,platform,0.0821
2026-06-06,r-0101,Snapshots,development,platform,0.3288
2026-06-06,r-0102,Snapshots,production,platform,0.0821
2026-06-06,r-0103,Snapshots,development,,0.822
2026-06-06,r-0105,Snapshots,staging,platform,0.0821
2026-06-06,r-0106,Snapshots,production,,0.3288
2026-06-06,r-0107,Snapshots,production,platform,0.1644
2026-06-06,r-0108,Snapshots,production,platform,0.0821
2026-06-06,r-0109,Snapshots,development,platform,0.3288
2026-06-06,r-0110,Snapshots,development,,0.0821
2026-06-06,r-0112,Snapshots,production,platform,0.822
2026-06-06,r-0113,Snapshots,production,platform,0.1644
2026-06-06,r-0114,Snapshots,development,,0.1644
2026-06-06,r-0115,Snapshots,staging,,0.1644
2026-06-06,r-0116,Snapshots,staging,platform,0.0821
2026-06-06,r-0117,Snapshots,production,,0.1644
2026-06-06,r-0118,Snapshots,production,platform,0.1644
2026-06-06,r-0119,Snapshots,development,platform,0.0821
2026-06-06,r-0120,Snapshots,production,,0.822
2026-06-06,r-0121,Object storage,production,invoicing,1.361
2026-06-06,r-0122,Object storage,production,platform,3.0247
2026-06-06,r-0123,Object storage,production,marketing,0.0302
2026-06-06,r-0124,Object storage,production,,0.2647
2026-06-06,r-0125,Object storage,production,platform,1.8905
2026-06-06,r-0126,Object storage,development,,0.4536
2026-06-06,r-0127,Managed database,production,platform,10.8
2026-06-06,r-0128,Managed database,staging,platform,5.52
2026-06-06,r-0129,Load balancing,production,platform,0.6
2026-06-06,r-0130,Load balancing,staging,platform,0.6
2026-06-06,r-0131,Public IPs,,,0.12
2026-06-06,r-0132,Public IPs,,,0.12
2026-06-06,r-0133,Public IPs,,,0.12
2026-06-06,,Data transfer,production,platform,32.2046
2026-06-07,r-0001,Compute,production,platform,2.4
2026-06-07,r-0002,Block storage,production,platform,0.3288
2026-06-07,r-0003,Compute,production,platform,2.4
2026-06-07,r-0004,Block storage,production,platform,0.3288
2026-06-07,r-0005,Compute,production,platform,2.4
2026-06-07,r-0006,Block storage,production,platform,0.3288
2026-06-07,r-0007,Compute,production,platform,2.4
2026-06-07,r-0008,Block storage,production,platform,0.3288
2026-06-07,r-0009,Compute,production,platform,2.4
2026-06-07,r-0010,Block storage,production,platform,0.6576
2026-06-07,r-0011,Compute,production,platform,2.4
2026-06-07,r-0012,Block storage,production,platform,0.3288
2026-06-07,r-0013,Compute,production,platform,4.8
2026-06-07,r-0014,Block storage,production,platform,0.3288
2026-06-07,r-0015,Compute,production,platform,4.8
2026-06-07,r-0016,Block storage,production,platform,0.1644
2026-06-07,r-0017,Compute,production,platform,4.8
2026-06-07,r-0018,Block storage,production,platform,0.3288
2026-06-07,r-0019,Compute,production,platform,4.8
2026-06-07,r-0020,Block storage,production,platform,0.3288
2026-06-07,r-0021,Compute,production,invoicing,2.4
2026-06-07,r-0022,Block storage,production,invoicing,0.1644
2026-06-07,r-0023,Compute,production,invoicing,2.4
2026-06-07,r-0024,Block storage,production,invoicing,0.6576
2026-06-07,r-0025,Compute,production,invoicing,2.4
2026-06-07,r-0026,Block storage,production,invoicing,0.6576
2026-06-07,r-0027,Compute,staging,platform,1.2
2026-06-07,r-0028,Block storage,staging,platform,0.3288
2026-06-07,r-0029,Compute,staging,platform,1.2
2026-06-07,r-0030,Block storage,staging,platform,0.3288
2026-06-07,r-0031,Compute,staging,platform,1.2
2026-06-07,r-0032,Block storage,staging,platform,0.6576
2026-06-07,r-0033,Compute,staging,platform,1.2
2026-06-07,r-0034,Block storage,staging,platform,0.6576
2026-06-07,r-0035,Compute,staging,platform,1.2
2026-06-07,r-0036,Block storage,staging,platform,0.1644
2026-06-07,r-0037,Compute,staging,platform,1.2
2026-06-07,r-0038,Block storage,staging,platform,0.3288
2026-06-07,r-0039,Compute,development,invoicing,1.2
2026-06-07,r-0040,Block storage,development,invoicing,0.3288
2026-06-07,r-0041,Compute,development,invoicing,1.2
2026-06-07,r-0042,Block storage,development,invoicing,0.6576
2026-06-07,r-0043,Compute,development,invoicing,2.4
2026-06-07,r-0044,Block storage,development,invoicing,0.1644
2026-06-07,r-0045,Compute,development,invoicing,1.2
2026-06-07,r-0046,Block storage,development,invoicing,0.3288
2026-06-07,r-0047,Compute,development,invoicing,1.2
2026-06-07,r-0048,Block storage,development,invoicing,0.1644
2026-06-07,r-0049,Compute,development,invoicing,2.4
2026-06-07,r-0050,Block storage,development,invoicing,0.3288
2026-06-07,r-0051,Compute,development,payments,1.2
2026-06-07,r-0052,Block storage,development,payments,0.3288
2026-06-07,r-0053,Compute,development,payments,1.2
2026-06-07,r-0054,Block storage,development,payments,0.3288
2026-06-07,r-0063,Compute,development,,4.8
2026-06-07,r-0064,Block storage,development,,1.6438
2026-06-07,r-0065,Compute,,,2.4
2026-06-07,r-0066,Block storage,,,0.3288
2026-06-07,r-0067,Compute,development,,2.4
2026-06-07,r-0068,Block storage,development,,0.1644
2026-06-07,r-0070,Block storage,development,platform,0.3288
2026-06-07,r-0072,Block storage,development,,0.3288
2026-06-07,r-0074,Block storage,development,,0.1644
2026-06-07,r-0076,Block storage,development,,0.3288
2026-06-07,r-0077,Block storage,,,0.6576
2026-06-07,r-0078,Block storage,development,,3.2878
2026-06-07,r-0079,Block storage,development,platform,0.6576
2026-06-07,r-0080,Block storage,,,3.2878
2026-06-07,r-0081,Block storage,staging,,1.6438
2026-06-07,r-0082,Block storage,,,0.6576
2026-06-07,r-0083,Block storage,,,1.6438
2026-06-07,r-0084,Block storage,staging,,0.6576
2026-06-07,r-0085,Snapshots,production,,0.3288
2026-06-07,r-0086,Snapshots,development,platform,0.822
2026-06-07,r-0087,Snapshots,production,platform,0.3288
2026-06-07,r-0089,Snapshots,production,platform,0.3288
2026-06-07,r-0090,Snapshots,production,platform,0.1644
2026-06-07,r-0091,Snapshots,production,platform,0.1644
2026-06-07,r-0092,Snapshots,staging,platform,0.0821
2026-06-07,r-0094,Snapshots,production,platform,0.3288
2026-06-07,r-0095,Snapshots,production,platform,0.822
2026-06-07,r-0096,Snapshots,staging,platform,0.1644
2026-06-07,r-0097,Snapshots,development,,0.0821
2026-06-07,r-0098,Snapshots,development,,0.3288
2026-06-07,r-0099,Snapshots,production,platform,0.3288
2026-06-07,r-0100,Snapshots,production,platform,0.0821
2026-06-07,r-0101,Snapshots,development,platform,0.3288
2026-06-07,r-0102,Snapshots,production,platform,0.0821
2026-06-07,r-0103,Snapshots,development,,0.822
2026-06-07,r-0105,Snapshots,staging,platform,0.0821
2026-06-07,r-0106,Snapshots,production,,0.3288
2026-06-07,r-0107,Snapshots,production,platform,0.1644
2026-06-07,r-0108,Snapshots,production,platform,0.0821
2026-06-07,r-0109,Snapshots,development,platform,0.3288
2026-06-07,r-0110,Snapshots,development,,0.0821
2026-06-07,r-0112,Snapshots,production,platform,0.822
2026-06-07,r-0113,Snapshots,production,platform,0.1644
2026-06-07,r-0114,Snapshots,development,,0.1644
2026-06-07,r-0115,Snapshots,staging,,0.1644
2026-06-07,r-0116,Snapshots,staging,platform,0.0821
2026-06-07,r-0117,Snapshots,production,,0.1644
2026-06-07,r-0118,Snapshots,production,platform,0.1644
2026-06-07,r-0119,Snapshots,development,platform,0.0821
2026-06-07,r-0120,Snapshots,production,,0.822
2026-06-07,r-0121,Object storage,production,invoicing,1.361
2026-06-07,r-0122,Object storage,production,platform,3.0247
2026-06-07,r-0123,Object storage,production,marketing,0.0302
2026-06-07,r-0124,Object storage,production,,0.2647
2026-06-07,r-0125,Object storage,production,platform,1.8905
2026-06-07,r-0126,Object storage,development,,0.4536
2026-06-07,r-0127,Managed database,production,platform,10.8
2026-06-07,r-0128,Managed database,staging,platform,5.52
2026-06-07,r-0129,Load balancing,production,platform,0.6
2026-06-07,r-0130,Load balancing,staging,platform,0.6
2026-06-07,r-0131,Public IPs,,,0.12
2026-06-07,r-0132,Public IPs,,,0.12
2026-06-07,r-0133,Public IPs,,,0.12
2026-06-07,,Data transfer,production,platform,30.9507
2026-06-08,r-0001,Compute,production,platform,2.4
2026-06-08,r-0002,Block storage,production,platform,0.3288
2026-06-08,r-0003,Compute,production,platform,2.4
2026-06-08,r-0004,Block storage,production,platform,0.3288
2026-06-08,r-0005,Compute,production,platform,2.4
2026-06-08,r-0006,Block storage,production,platform,0.3288
2026-06-08,r-0007,Compute,production,platform,2.4
2026-06-08,r-0008,Block storage,production,platform,0.3288
2026-06-08,r-0009,Compute,production,platform,2.4
2026-06-08,r-0010,Block storage,production,platform,0.6576
2026-06-08,r-0011,Compute,production,platform,2.4
2026-06-08,r-0012,Block storage,production,platform,0.3288
2026-06-08,r-0013,Compute,production,platform,4.8
2026-06-08,r-0014,Block storage,production,platform,0.3288
2026-06-08,r-0015,Compute,production,platform,4.8
2026-06-08,r-0016,Block storage,production,platform,0.1644
2026-06-08,r-0017,Compute,production,platform,4.8
2026-06-08,r-0018,Block storage,production,platform,0.3288
2026-06-08,r-0019,Compute,production,platform,4.8
2026-06-08,r-0020,Block storage,production,platform,0.3288
2026-06-08,r-0021,Compute,production,invoicing,2.4
2026-06-08,r-0022,Block storage,production,invoicing,0.1644
2026-06-08,r-0023,Compute,production,invoicing,2.4
2026-06-08,r-0024,Block storage,production,invoicing,0.6576
2026-06-08,r-0025,Compute,production,invoicing,2.4
2026-06-08,r-0026,Block storage,production,invoicing,0.6576
2026-06-08,r-0027,Compute,staging,platform,1.2
2026-06-08,r-0028,Block storage,staging,platform,0.3288
2026-06-08,r-0029,Compute,staging,platform,1.2
2026-06-08,r-0030,Block storage,staging,platform,0.3288
2026-06-08,r-0031,Compute,staging,platform,1.2
2026-06-08,r-0032,Block storage,staging,platform,0.6576
2026-06-08,r-0033,Compute,staging,platform,1.2
2026-06-08,r-0034,Block storage,staging,platform,0.6576
2026-06-08,r-0035,Compute,staging,platform,1.2
2026-06-08,r-0036,Block storage,staging,platform,0.1644
2026-06-08,r-0037,Compute,staging,platform,1.2
2026-06-08,r-0038,Block storage,staging,platform,0.3288
2026-06-08,r-0039,Compute,development,invoicing,1.2
2026-06-08,r-0040,Block storage,development,invoicing,0.3288
2026-06-08,r-0041,Compute,development,invoicing,1.2
2026-06-08,r-0042,Block storage,development,invoicing,0.6576
2026-06-08,r-0043,Compute,development,invoicing,2.4
2026-06-08,r-0044,Block storage,development,invoicing,0.1644
2026-06-08,r-0045,Compute,development,invoicing,1.2
2026-06-08,r-0046,Block storage,development,invoicing,0.3288
2026-06-08,r-0047,Compute,development,invoicing,1.2
2026-06-08,r-0048,Block storage,development,invoicing,0.1644
2026-06-08,r-0049,Compute,development,invoicing,2.4
2026-06-08,r-0050,Block storage,development,invoicing,0.3288
2026-06-08,r-0051,Compute,development,payments,1.2
2026-06-08,r-0052,Block storage,development,payments,0.3288
2026-06-08,r-0053,Compute,development,payments,1.2
2026-06-08,r-0054,Block storage,development,payments,0.3288
2026-06-08,r-0063,Compute,development,,4.8
2026-06-08,r-0064,Block storage,development,,1.6438
2026-06-08,r-0065,Compute,,,2.4
2026-06-08,r-0066,Block storage,,,0.3288
2026-06-08,r-0067,Compute,development,,2.4
2026-06-08,r-0068,Block storage,development,,0.1644
2026-06-08,r-0070,Block storage,development,platform,0.3288
2026-06-08,r-0072,Block storage,development,,0.3288
2026-06-08,r-0074,Block storage,development,,0.1644
2026-06-08,r-0076,Block storage,development,,0.3288
2026-06-08,r-0077,Block storage,,,0.6576
2026-06-08,r-0078,Block storage,development,,3.2878
2026-06-08,r-0079,Block storage,development,platform,0.6576
2026-06-08,r-0080,Block storage,,,3.2878
2026-06-08,r-0081,Block storage,staging,,1.6438
2026-06-08,r-0082,Block storage,,,0.6576
2026-06-08,r-0083,Block storage,,,1.6438
2026-06-08,r-0084,Block storage,staging,,0.6576
2026-06-08,r-0085,Snapshots,production,,0.3288
2026-06-08,r-0086,Snapshots,development,platform,0.822
2026-06-08,r-0087,Snapshots,production,platform,0.3288
2026-06-08,r-0089,Snapshots,production,platform,0.3288
2026-06-08,r-0090,Snapshots,production,platform,0.1644
2026-06-08,r-0091,Snapshots,production,platform,0.1644
2026-06-08,r-0092,Snapshots,staging,platform,0.0821
2026-06-08,r-0094,Snapshots,production,platform,0.3288
2026-06-08,r-0095,Snapshots,production,platform,0.822
2026-06-08,r-0096,Snapshots,staging,platform,0.1644
2026-06-08,r-0097,Snapshots,development,,0.0821
2026-06-08,r-0098,Snapshots,development,,0.3288
2026-06-08,r-0099,Snapshots,production,platform,0.3288
2026-06-08,r-0100,Snapshots,production,platform,0.0821
2026-06-08,r-0101,Snapshots,development,platform,0.3288
2026-06-08,r-0102,Snapshots,production,platform,0.0821
2026-06-08,r-0103,Snapshots,development,,0.822
2026-06-08,r-0105,Snapshots,staging,platform,0.0821
2026-06-08,r-0106,Snapshots,production,,0.3288
2026-06-08,r-0107,Snapshots,production,platform,0.1644
2026-06-08,r-0108,Snapshots,production,platform,0.0821
2026-06-08,r-0109,Snapshots,development,platform,0.3288
2026-06-08,r-0110,Snapshots,development,,0.0821
2026-06-08,r-0112,Snapshots,production,platform,0.822
2026-06-08,r-0113,Snapshots,production,platform,0.1644
2026-06-08,r-0114,Snapshots,development,,0.1644
2026-06-08,r-0115,Snapshots,staging,,0.1644
2026-06-08,r-0116,Snapshots,staging,platform,0.0821
2026-06-08,r-0117,Snapshots,production,,0.1644
2026-06-08,r-0118,Snapshots,production,platform,0.1644
2026-06-08,r-0119,Snapshots,development,platform,0.0821
2026-06-08,r-0120,Snapshots,production,,0.822
2026-06-08,r-0121,Object storage,production,invoicing,1.361
2026-06-08,r-0122,Object storage,production,platform,3.0247
2026-06-08,r-0123,Object storage,production,marketing,0.0302
2026-06-08,r-0124,Object storage,production,,0.2647
2026-06-08,r-0125,Object storage,production,platform,1.8905
2026-06-08,r-0126,Object storage,development,,0.4536
2026-06-08,r-0127,Managed database,production,platform,10.8
2026-06-08,r-0128,Managed database,staging,platform,5.52
2026-06-08,r-0129,Load balancing,production,platform,0.6
2026-06-08,r-0130,Load balancing,staging,platform,0.6
2026-06-08,r-0131,Public IPs,,,0.12
2026-06-08,r-0132,Public IPs,,,0.12
2026-06-08,r-0133,Public IPs,,,0.12
2026-06-08,,Data transfer,production,platform,28.9319
2026-06-09,r-0001,Compute,production,platform,2.4
2026-06-09,r-0002,Block storage,production,platform,0.3288
2026-06-09,r-0003,Compute,production,platform,2.4
2026-06-09,r-0004,Block storage,production,platform,0.3288
2026-06-09,r-0005,Compute,production,platform,2.4
2026-06-09,r-0006,Block storage,production,platform,0.3288
2026-06-09,r-0007,Compute,production,platform,2.4
2026-06-09,r-0008,Block storage,production,platform,0.3288
2026-06-09,r-0009,Compute,production,platform,2.4
2026-06-09,r-0010,Block storage,production,platform,0.6576
2026-06-09,r-0011,Compute,production,platform,2.4
2026-06-09,r-0012,Block storage,production,platform,0.3288
2026-06-09,r-0013,Compute,production,platform,4.8
2026-06-09,r-0014,Block storage,production,platform,0.3288
2026-06-09,r-0015,Compute,production,platform,4.8
2026-06-09,r-0016,Block storage,production,platform,0.1644
2026-06-09,r-0017,Compute,production,platform,4.8
2026-06-09,r-0018,Block storage,production,platform,0.3288
2026-06-09,r-0019,Compute,production,platform,4.8
2026-06-09,r-0020,Block storage,production,platform,0.3288
2026-06-09,r-0021,Compute,production,invoicing,2.4
2026-06-09,r-0022,Block storage,production,invoicing,0.1644
2026-06-09,r-0023,Compute,production,invoicing,2.4
2026-06-09,r-0024,Block storage,production,invoicing,0.6576
2026-06-09,r-0025,Compute,production,invoicing,2.4
2026-06-09,r-0026,Block storage,production,invoicing,0.6576
2026-06-09,r-0027,Compute,staging,platform,1.2
2026-06-09,r-0028,Block storage,staging,platform,0.3288
2026-06-09,r-0029,Compute,staging,platform,1.2
2026-06-09,r-0030,Block storage,staging,platform,0.3288
2026-06-09,r-0031,Compute,staging,platform,1.2
2026-06-09,r-0032,Block storage,staging,platform,0.6576
2026-06-09,r-0033,Compute,staging,platform,1.2
2026-06-09,r-0034,Block storage,staging,platform,0.6576
2026-06-09,r-0035,Compute,staging,platform,1.2
2026-06-09,r-0036,Block storage,staging,platform,0.1644
2026-06-09,r-0037,Compute,staging,platform,1.2
2026-06-09,r-0038,Block storage,staging,platform,0.3288
2026-06-09,r-0039,Compute,development,invoicing,1.2
2026-06-09,r-0040,Block storage,development,invoicing,0.3288
2026-06-09,r-0041,Compute,development,invoicing,1.2
2026-06-09,r-0042,Block storage,development,invoicing,0.6576
2026-06-09,r-0043,Compute,development,invoicing,2.4
2026-06-09,r-0044,Block storage,development,invoicing,0.1644
2026-06-09,r-0045,Compute,development,invoicing,1.2
2026-06-09,r-0046,Block storage,development,invoicing,0.3288
2026-06-09,r-0047,Compute,development,invoicing,1.2
2026-06-09,r-0048,Block storage,development,invoicing,0.1644
2026-06-09,r-0049,Compute,development,invoicing,2.4
2026-06-09,r-0050,Block storage,development,invoicing,0.3288
2026-06-09,r-0051,Compute,development,payments,1.2
2026-06-09,r-0052,Block storage,development,payments,0.3288
2026-06-09,r-0053,Compute,development,payments,1.2
2026-06-09,r-0054,Block storage,development,payments,0.3288
2026-06-09,r-0063,Compute,development,,4.8
2026-06-09,r-0064,Block storage,development,,1.6438
2026-06-09,r-0065,Compute,,,2.4
2026-06-09,r-0066,Block storage,,,0.3288
2026-06-09,r-0067,Compute,development,,2.4
2026-06-09,r-0068,Block storage,development,,0.1644
2026-06-09,r-0070,Block storage,development,platform,0.3288
2026-06-09,r-0072,Block storage,development,,0.3288
2026-06-09,r-0074,Block storage,development,,0.1644
2026-06-09,r-0076,Block storage,development,,0.3288
2026-06-09,r-0077,Block storage,,,0.6576
2026-06-09,r-0078,Block storage,development,,3.2878
2026-06-09,r-0079,Block storage,development,platform,0.6576
2026-06-09,r-0080,Block storage,,,3.2878
2026-06-09,r-0081,Block storage,staging,,1.6438
2026-06-09,r-0082,Block storage,,,0.6576
2026-06-09,r-0083,Block storage,,,1.6438
2026-06-09,r-0084,Block storage,staging,,0.6576
2026-06-09,r-0085,Snapshots,production,,0.3288
2026-06-09,r-0086,Snapshots,development,platform,0.822
2026-06-09,r-0087,Snapshots,production,platform,0.3288
2026-06-09,r-0089,Snapshots,production,platform,0.3288
2026-06-09,r-0090,Snapshots,production,platform,0.1644
2026-06-09,r-0091,Snapshots,production,platform,0.1644
2026-06-09,r-0092,Snapshots,staging,platform,0.0821
2026-06-09,r-0094,Snapshots,production,platform,0.3288
2026-06-09,r-0095,Snapshots,production,platform,0.822
2026-06-09,r-0096,Snapshots,staging,platform,0.1644
2026-06-09,r-0097,Snapshots,development,,0.0821
2026-06-09,r-0098,Snapshots,development,,0.3288
2026-06-09,r-0099,Snapshots,production,platform,0.3288
2026-06-09,r-0100,Snapshots,production,platform,0.0821
2026-06-09,r-0101,Snapshots,development,platform,0.3288
2026-06-09,r-0102,Snapshots,production,platform,0.0821
2026-06-09,r-0103,Snapshots,development,,0.822
2026-06-09,r-0105,Snapshots,staging,platform,0.0821
2026-06-09,r-0106,Snapshots,production,,0.3288
2026-06-09,r-0107,Snapshots,production,platform,0.1644
2026-06-09,r-0108,Snapshots,production,platform,0.0821
2026-06-09,r-0109,Snapshots,development,platform,0.3288
2026-06-09,r-0110,Snapshots,development,,0.0821
2026-06-09,r-0112,Snapshots,production,platform,0.822
2026-06-09,r-0113,Snapshots,production,platform,0.1644
2026-06-09,r-0114,Snapshots,development,,0.1644
2026-06-09,r-0115,Snapshots,staging,,0.1644
2026-06-09,r-0116,Snapshots,staging,platform,0.0821
2026-06-09,r-0117,Snapshots,production,,0.1644
2026-06-09,r-0118,Snapshots,production,platform,0.1644
2026-06-09,r-0119,Snapshots,development,platform,0.0821
2026-06-09,r-0120,Snapshots,production,,0.822
2026-06-09,r-0121,Object storage,production,invoicing,1.361
2026-06-09,r-0122,Object storage,production,platform,3.0247
2026-06-09,r-0123,Object storage,production,marketing,0.0302
2026-06-09,r-0124,Object storage,production,,0.2647
2026-06-09,r-0125,Object storage,production,platform,1.8905
2026-06-09,r-0126,Object storage,development,,0.4536
2026-06-09,r-0127,Managed database,production,platform,10.8
2026-06-09,r-0128,Managed database,staging,platform,5.52
2026-06-09,r-0129,Load balancing,production,platform,0.6
2026-06-09,r-0130,Load balancing,staging,platform,0.6
2026-06-09,r-0131,Public IPs,,,0.12
2026-06-09,r-0132,Public IPs,,,0.12
2026-06-09,r-0133,Public IPs,,,0.12
2026-06-09,,Data transfer,production,platform,32.788
2026-06-10,r-0001,Compute,production,platform,2.4
2026-06-10,r-0002,Block storage,production,platform,0.3288
2026-06-10,r-0003,Compute,production,platform,2.4
2026-06-10,r-0004,Block storage,production,platform,0.3288
2026-06-10,r-0005,Compute,production,platform,2.4
2026-06-10,r-0006,Block storage,production,platform,0.3288
2026-06-10,r-0007,Compute,production,platform,2.4
2026-06-10,r-0008,Block storage,production,platform,0.3288
2026-06-10,r-0009,Compute,production,platform,2.4
2026-06-10,r-0010,Block storage,production,platform,0.6576
2026-06-10,r-0011,Compute,production,platform,2.4
2026-06-10,r-0012,Block storage,production,platform,0.3288
2026-06-10,r-0013,Compute,production,platform,4.8
2026-06-10,r-0014,Block storage,production,platform,0.3288
2026-06-10,r-0015,Compute,production,platform,4.8
2026-06-10,r-0016,Block storage,production,platform,0.1644
2026-06-10,r-0017,Compute,production,platform,4.8
2026-06-10,r-0018,Block storage,production,platform,0.3288
2026-06-10,r-0019,Compute,production,platform,4.8
2026-06-10,r-0020,Block storage,production,platform,0.3288
2026-06-10,r-0021,Compute,production,invoicing,2.4
2026-06-10,r-0022,Block storage,production,invoicing,0.1644
2026-06-10,r-0023,Compute,production,invoicing,2.4
2026-06-10,r-0024,Block storage,production,invoicing,0.6576
2026-06-10,r-0025,Compute,production,invoicing,2.4
2026-06-10,r-0026,Block storage,production,invoicing,0.6576
2026-06-10,r-0027,Compute,staging,platform,1.2
2026-06-10,r-0028,Block storage,staging,platform,0.3288
2026-06-10,r-0029,Compute,staging,platform,1.2
2026-06-10,r-0030,Block storage,staging,platform,0.3288
2026-06-10,r-0031,Compute,staging,platform,1.2
2026-06-10,r-0032,Block storage,staging,platform,0.6576
2026-06-10,r-0033,Compute,staging,platform,1.2
2026-06-10,r-0034,Block storage,staging,platform,0.6576
2026-06-10,r-0035,Compute,staging,platform,1.2
2026-06-10,r-0036,Block storage,staging,platform,0.1644
2026-06-10,r-0037,Compute,staging,platform,1.2
2026-06-10,r-0038,Block storage,staging,platform,0.3288
2026-06-10,r-0039,Compute,development,invoicing,1.2
2026-06-10,r-0040,Block storage,development,invoicing,0.3288
2026-06-10,r-0041,Compute,development,invoicing,1.2
2026-06-10,r-0042,Block storage,development,invoicing,0.6576
2026-06-10,r-0043,Compute,development,invoicing,2.4
2026-06-10,r-0044,Block storage,development,invoicing,0.1644
2026-06-10,r-0045,Compute,development,invoicing,1.2
2026-06-10,r-0046,Block storage,development,invoicing,0.3288
2026-06-10,r-0047,Compute,development,invoicing,1.2
2026-06-10,r-0048,Block storage,development,invoicing,0.1644
2026-06-10,r-0049,Compute,development,invoicing,2.4
2026-06-10,r-0050,Block storage,development,invoicing,0.3288
2026-06-10,r-0051,Compute,development,payments,1.2
2026-06-10,r-0052,Block storage,development,payments,0.3288
2026-06-10,r-0053,Compute,development,payments,1.2
2026-06-10,r-0054,Block storage,development,payments,0.3288
2026-06-10,r-0063,Compute,development,,4.8
2026-06-10,r-0064,Block storage,development,,1.6438
2026-06-10,r-0065,Compute,,,2.4
2026-06-10,r-0066,Block storage,,,0.3288
2026-06-10,r-0067,Compute,development,,2.4
2026-06-10,r-0068,Block storage,development,,0.1644
2026-06-10,r-0070,Block storage,development,platform,0.3288
2026-06-10,r-0072,Block storage,development,,0.3288
2026-06-10,r-0074,Block storage,development,,0.1644
2026-06-10,r-0076,Block storage,development,,0.3288
2026-06-10,r-0077,Block storage,,,0.6576
2026-06-10,r-0078,Block storage,development,,3.2878
2026-06-10,r-0079,Block storage,development,platform,0.6576
2026-06-10,r-0080,Block storage,,,3.2878
2026-06-10,r-0081,Block storage,staging,,1.6438
2026-06-10,r-0082,Block storage,,,0.6576
2026-06-10,r-0083,Block storage,,,1.6438
2026-06-10,r-0084,Block storage,staging,,0.6576
2026-06-10,r-0085,Snapshots,production,,0.3288
2026-06-10,r-0086,Snapshots,development,platform,0.822
2026-06-10,r-0087,Snapshots,production,platform,0.3288
2026-06-10,r-0089,Snapshots,production,platform,0.3288
2026-06-10,r-0090,Snapshots,production,platform,0.1644
2026-06-10,r-0091,Snapshots,production,platform,0.1644
2026-06-10,r-0092,Snapshots,staging,platform,0.0821
2026-06-10,r-0094,Snapshots,production,platform,0.3288
2026-06-10,r-0095,Snapshots,production,platform,0.822
2026-06-10,r-0096,Snapshots,staging,platform,0.1644
2026-06-10,r-0097,Snapshots,development,,0.0821
2026-06-10,r-0098,Snapshots,development,,0.3288
2026-06-10,r-0099,Snapshots,production,platform,0.3288
2026-06-10,r-0100,Snapshots,production,platform,0.0821
2026-06-10,r-0101,Snapshots,development,platform,0.3288
2026-06-10,r-0102,Snapshots,production,platform,0.0821
2026-06-10,r-0103,Snapshots,development,,0.822
2026-06-10,r-0105,Snapshots,staging,platform,0.0821
2026-06-10,r-0106,Snapshots,production,,0.3288
2026-06-10,r-0107,Snapshots,production,platform,0.1644
2026-06-10,r-0108,Snapshots,production,platform,0.0821
2026-06-10,r-0109,Snapshots,development,platform,0.3288
2026-06-10,r-0110,Snapshots,development,,0.0821
2026-06-10,r-0112,Snapshots,production,platform,0.822
2026-06-10,r-0113,Snapshots,production,platform,0.1644
2026-06-10,r-0114,Snapshots,development,,0.1644
2026-06-10,r-0115,Snapshots,staging,,0.1644
2026-06-10,r-0116,Snapshots,staging,platform,0.0821
2026-06-10,r-0117,Snapshots,production,,0.1644
2026-06-10,r-0118,Snapshots,production,platform,0.1644
2026-06-10,r-0119,Snapshots,development,platform,0.0821
2026-06-10,r-0120,Snapshots,production,,0.822
2026-06-10,r-0121,Object storage,production,invoicing,1.361
2026-06-10,r-0122,Object storage,production,platform,3.0247
2026-06-10,r-0123,Object storage,production,marketing,0.0302
2026-06-10,r-0124,Object storage,production,,0.2647
2026-06-10,r-0125,Object storage,production,platform,1.8905
2026-06-10,r-0126,Object storage,development,,0.4536
2026-06-10,r-0127,Managed database,production,platform,10.8
2026-06-10,r-0128,Managed database,staging,platform,5.52
2026-06-10,r-0129,Load balancing,production,platform,0.6
2026-06-10,r-0130,Load balancing,staging,platform,0.6
2026-06-10,r-0131,Public IPs,,,0.12
2026-06-10,r-0132,Public IPs,,,0.12
2026-06-10,r-0133,Public IPs,,,0.12
2026-06-10,,Data transfer,production,platform,34.781
2026-06-11,r-0001,Compute,production,platform,2.4
2026-06-11,r-0002,Block storage,production,platform,0.3288
2026-06-11,r-0003,Compute,production,platform,2.4
2026-06-11,r-0004,Block storage,production,platform,0.3288
2026-06-11,r-0005,Compute,production,platform,2.4
2026-06-11,r-0006,Block storage,production,platform,0.3288
2026-06-11,r-0007,Compute,production,platform,2.4
2026-06-11,r-0008,Block storage,production,platform,0.3288
2026-06-11,r-0009,Compute,production,platform,2.4
2026-06-11,r-0010,Block storage,production,platform,0.6576
2026-06-11,r-0011,Compute,production,platform,2.4
2026-06-11,r-0012,Block storage,production,platform,0.3288
2026-06-11,r-0013,Compute,production,platform,4.8
2026-06-11,r-0014,Block storage,production,platform,0.3288
2026-06-11,r-0015,Compute,production,platform,4.8
2026-06-11,r-0016,Block storage,production,platform,0.1644
2026-06-11,r-0017,Compute,production,platform,4.8
2026-06-11,r-0018,Block storage,production,platform,0.3288
2026-06-11,r-0019,Compute,production,platform,4.8
2026-06-11,r-0020,Block storage,production,platform,0.3288
2026-06-11,r-0021,Compute,production,invoicing,2.4
2026-06-11,r-0022,Block storage,production,invoicing,0.1644
2026-06-11,r-0023,Compute,production,invoicing,2.4
2026-06-11,r-0024,Block storage,production,invoicing,0.6576
2026-06-11,r-0025,Compute,production,invoicing,2.4
2026-06-11,r-0026,Block storage,production,invoicing,0.6576
2026-06-11,r-0027,Compute,staging,platform,1.2
2026-06-11,r-0028,Block storage,staging,platform,0.3288
2026-06-11,r-0029,Compute,staging,platform,1.2
2026-06-11,r-0030,Block storage,staging,platform,0.3288
2026-06-11,r-0031,Compute,staging,platform,1.2
2026-06-11,r-0032,Block storage,staging,platform,0.6576
2026-06-11,r-0033,Compute,staging,platform,1.2
2026-06-11,r-0034,Block storage,staging,platform,0.6576
2026-06-11,r-0035,Compute,staging,platform,1.2
2026-06-11,r-0036,Block storage,staging,platform,0.1644
2026-06-11,r-0037,Compute,staging,platform,1.2
2026-06-11,r-0038,Block storage,staging,platform,0.3288
2026-06-11,r-0039,Compute,development,invoicing,1.2
2026-06-11,r-0040,Block storage,development,invoicing,0.3288
2026-06-11,r-0041,Compute,development,invoicing,1.2
2026-06-11,r-0042,Block storage,development,invoicing,0.6576
2026-06-11,r-0043,Compute,development,invoicing,2.4
2026-06-11,r-0044,Block storage,development,invoicing,0.1644
2026-06-11,r-0045,Compute,development,invoicing,1.2
2026-06-11,r-0046,Block storage,development,invoicing,0.3288
2026-06-11,r-0047,Compute,development,invoicing,1.2
2026-06-11,r-0048,Block storage,development,invoicing,0.1644
2026-06-11,r-0049,Compute,development,invoicing,2.4
2026-06-11,r-0050,Block storage,development,invoicing,0.3288
2026-06-11,r-0051,Compute,development,payments,1.2
2026-06-11,r-0052,Block storage,development,payments,0.3288
2026-06-11,r-0053,Compute,development,payments,1.2
2026-06-11,r-0054,Block storage,development,payments,0.3288
2026-06-11,r-0063,Compute,development,,4.8
2026-06-11,r-0064,Block storage,development,,1.6438
2026-06-11,r-0065,Compute,,,2.4
2026-06-11,r-0066,Block storage,,,0.3288
2026-06-11,r-0067,Compute,development,,2.4
2026-06-11,r-0068,Block storage,development,,0.1644
2026-06-11,r-0070,Block storage,development,platform,0.3288
2026-06-11,r-0072,Block storage,development,,0.3288
2026-06-11,r-0074,Block storage,development,,0.1644
2026-06-11,r-0076,Block storage,development,,0.3288
2026-06-11,r-0077,Block storage,,,0.6576
2026-06-11,r-0078,Block storage,development,,3.2878
2026-06-11,r-0079,Block storage,development,platform,0.6576
2026-06-11,r-0080,Block storage,,,3.2878
2026-06-11,r-0081,Block storage,staging,,1.6438
2026-06-11,r-0082,Block storage,,,0.6576
2026-06-11,r-0083,Block storage,,,1.6438
2026-06-11,r-0084,Block storage,staging,,0.6576
2026-06-11,r-0085,Snapshots,production,,0.3288
2026-06-11,r-0086,Snapshots,development,platform,0.822
2026-06-11,r-0087,Snapshots,production,platform,0.3288
2026-06-11,r-0089,Snapshots,production,platform,0.3288
2026-06-11,r-0090,Snapshots,production,platform,0.1644
2026-06-11,r-0091,Snapshots,production,platform,0.1644
2026-06-11,r-0092,Snapshots,staging,platform,0.0821
2026-06-11,r-0094,Snapshots,production,platform,0.3288
2026-06-11,r-0095,Snapshots,production,platform,0.822
2026-06-11,r-0096,Snapshots,staging,platform,0.1644
2026-06-11,r-0097,Snapshots,development,,0.0821
2026-06-11,r-0098,Snapshots,development,,0.3288
2026-06-11,r-0099,Snapshots,production,platform,0.3288
2026-06-11,r-0100,Snapshots,production,platform,0.0821
2026-06-11,r-0101,Snapshots,development,platform,0.3288
2026-06-11,r-0102,Snapshots,production,platform,0.0821
2026-06-11,r-0103,Snapshots,development,,0.822
2026-06-11,r-0105,Snapshots,staging,platform,0.0821
2026-06-11,r-0106,Snapshots,production,,0.3288
2026-06-11,r-0107,Snapshots,production,platform,0.1644
2026-06-11,r-0108,Snapshots,production,platform,0.0821
2026-06-11,r-0109,Snapshots,development,platform,0.3288
2026-06-11,r-0110,Snapshots,development,,0.0821
2026-06-11,r-0112,Snapshots,production,platform,0.822
2026-06-11,r-0113,Snapshots,production,platform,0.1644
2026-06-11,r-0114,Snapshots,development,,0.1644
2026-06-11,r-0115,Snapshots,staging,,0.1644
2026-06-11,r-0116,Snapshots,staging,platform,0.0821
2026-06-11,r-0117,Snapshots,production,,0.1644
2026-06-11,r-0118,Snapshots,production,platform,0.1644
2026-06-11,r-0119,Snapshots,development,platform,0.0821
2026-06-11,r-0120,Snapshots,production,,0.822
2026-06-11,r-0121,Object storage,production,invoicing,1.361
2026-06-11,r-0122,Object storage,production,platform,3.0247
2026-06-11,r-0123,Object storage,production,marketing,0.0302
2026-06-11,r-0124,Object storage,production,,0.2647
2026-06-11,r-0125,Object storage,production,platform,1.8905
2026-06-11,r-0126,Object storage,development,,0.4536
2026-06-11,r-0127,Managed database,production,platform,10.8
2026-06-11,r-0128,Managed database,staging,platform,5.52
2026-06-11,r-0129,Load balancing,production,platform,0.6
2026-06-11,r-0130,Load balancing,staging,platform,0.6
2026-06-11,r-0131,Public IPs,,,0.12
2026-06-11,r-0132,Public IPs,,,0.12
2026-06-11,r-0133,Public IPs,,,0.12
2026-06-11,,Data transfer,production,platform,33.1554
2026-06-12,r-0001,Compute,production,platform,2.4
2026-06-12,r-0002,Block storage,production,platform,0.3288
2026-06-12,r-0003,Compute,production,platform,2.4
2026-06-12,r-0004,Block storage,production,platform,0.3288
2026-06-12,r-0005,Compute,production,platform,2.4
2026-06-12,r-0006,Block storage,production,platform,0.3288
2026-06-12,r-0007,Compute,production,platform,2.4
2026-06-12,r-0008,Block storage,production,platform,0.3288
2026-06-12,r-0009,Compute,production,platform,2.4
2026-06-12,r-0010,Block storage,production,platform,0.6576
2026-06-12,r-0011,Compute,production,platform,2.4
2026-06-12,r-0012,Block storage,production,platform,0.3288
2026-06-12,r-0013,Compute,production,platform,4.8
2026-06-12,r-0014,Block storage,production,platform,0.3288
2026-06-12,r-0015,Compute,production,platform,4.8
2026-06-12,r-0016,Block storage,production,platform,0.1644
2026-06-12,r-0017,Compute,production,platform,4.8
2026-06-12,r-0018,Block storage,production,platform,0.3288
2026-06-12,r-0019,Compute,production,platform,4.8
2026-06-12,r-0020,Block storage,production,platform,0.3288
2026-06-12,r-0021,Compute,production,invoicing,2.4
2026-06-12,r-0022,Block storage,production,invoicing,0.1644
2026-06-12,r-0023,Compute,production,invoicing,2.4
2026-06-12,r-0024,Block storage,production,invoicing,0.6576
2026-06-12,r-0025,Compute,production,invoicing,2.4
2026-06-12,r-0026,Block storage,production,invoicing,0.6576
2026-06-12,r-0027,Compute,staging,platform,1.2
2026-06-12,r-0028,Block storage,staging,platform,0.3288
2026-06-12,r-0029,Compute,staging,platform,1.2
2026-06-12,r-0030,Block storage,staging,platform,0.3288
2026-06-12,r-0031,Compute,staging,platform,1.2
2026-06-12,r-0032,Block storage,staging,platform,0.6576
2026-06-12,r-0033,Compute,staging,platform,1.2
2026-06-12,r-0034,Block storage,staging,platform,0.6576
2026-06-12,r-0035,Compute,staging,platform,1.2
2026-06-12,r-0036,Block storage,staging,platform,0.1644
2026-06-12,r-0037,Compute,staging,platform,1.2
2026-06-12,r-0038,Block storage,staging,platform,0.3288
2026-06-12,r-0039,Compute,development,invoicing,1.2
2026-06-12,r-0040,Block storage,development,invoicing,0.3288
2026-06-12,r-0041,Compute,development,invoicing,1.2
2026-06-12,r-0042,Block storage,development,invoicing,0.6576
2026-06-12,r-0043,Compute,development,invoicing,2.4
2026-06-12,r-0044,Block storage,development,invoicing,0.1644
2026-06-12,r-0045,Compute,development,invoicing,1.2
2026-06-12,r-0046,Block storage,development,invoicing,0.3288
2026-06-12,r-0047,Compute,development,invoicing,1.2
2026-06-12,r-0048,Block storage,development,invoicing,0.1644
2026-06-12,r-0049,Compute,development,invoicing,2.4
2026-06-12,r-0050,Block storage,development,invoicing,0.3288
2026-06-12,r-0051,Compute,development,payments,1.2
2026-06-12,r-0052,Block storage,development,payments,0.3288
2026-06-12,r-0053,Compute,development,payments,1.2
2026-06-12,r-0054,Block storage,development,payments,0.3288
2026-06-12,r-0063,Compute,development,,4.8
2026-06-12,r-0064,Block storage,development,,1.6438
2026-06-12,r-0065,Compute,,,2.4
2026-06-12,r-0066,Block storage,,,0.3288
2026-06-12,r-0067,Compute,development,,2.4
2026-06-12,r-0068,Block storage,development,,0.1644
2026-06-12,r-0070,Block storage,development,platform,0.3288
2026-06-12,r-0072,Block storage,development,,0.3288
2026-06-12,r-0074,Block storage,development,,0.1644
2026-06-12,r-0076,Block storage,development,,0.3288
2026-06-12,r-0077,Block storage,,,0.6576
2026-06-12,r-0078,Block storage,development,,3.2878
2026-06-12,r-0079,Block storage,development,platform,0.6576
2026-06-12,r-0080,Block storage,,,3.2878
2026-06-12,r-0081,Block storage,staging,,1.6438
2026-06-12,r-0082,Block storage,,,0.6576
2026-06-12,r-0083,Block storage,,,1.6438
2026-06-12,r-0084,Block storage,staging,,0.6576
2026-06-12,r-0085,Snapshots,production,,0.3288
2026-06-12,r-0086,Snapshots,development,platform,0.822
2026-06-12,r-0087,Snapshots,production,platform,0.3288
2026-06-12,r-0089,Snapshots,production,platform,0.3288
2026-06-12,r-0090,Snapshots,production,platform,0.1644
2026-06-12,r-0091,Snapshots,production,platform,0.1644
2026-06-12,r-0092,Snapshots,staging,platform,0.0821
2026-06-12,r-0094,Snapshots,production,platform,0.3288
2026-06-12,r-0095,Snapshots,production,platform,0.822
2026-06-12,r-0096,Snapshots,staging,platform,0.1644
2026-06-12,r-0097,Snapshots,development,,0.0821
2026-06-12,r-0098,Snapshots,development,,0.3288
2026-06-12,r-0099,Snapshots,production,platform,0.3288
2026-06-12,r-0100,Snapshots,production,platform,0.0821
2026-06-12,r-0101,Snapshots,development,platform,0.3288
2026-06-12,r-0102,Snapshots,production,platform,0.0821
2026-06-12,r-0103,Snapshots,development,,0.822
2026-06-12,r-0105,Snapshots,staging,platform,0.0821
2026-06-12,r-0106,Snapshots,production,,0.3288
2026-06-12,r-0107,Snapshots,production,platform,0.1644
2026-06-12,r-0108,Snapshots,production,platform,0.0821
2026-06-12,r-0109,Snapshots,development,platform,0.3288
2026-06-12,r-0110,Snapshots,development,,0.0821
2026-06-12,r-0112,Snapshots,production,platform,0.822
2026-06-12,r-0113,Snapshots,production,platform,0.1644
2026-06-12,r-0114,Snapshots,development,,0.1644
2026-06-12,r-0115,Snapshots,staging,,0.1644
2026-06-12,r-0116,Snapshots,staging,platform,0.0821
2026-06-12,r-0117,Snapshots,production,,0.1644
2026-06-12,r-0118,Snapshots,production,platform,0.1644
2026-06-12,r-0119,Snapshots,development,platform,0.0821
2026-06-12,r-0120,Snapshots,production,,0.822
2026-06-12,r-0121,Object storage,production,invoicing,1.361
2026-06-12,r-0122,Object storage,production,platform,3.0247
2026-06-12,r-0123,Object storage,production,marketing,0.0302
2026-06-12,r-0124,Object storage,production,,0.2647
2026-06-12,r-0125,Object storage,production,platform,1.8905
2026-06-12,r-0126,Object storage,development,,0.4536
2026-06-12,r-0127,Managed database,production,platform,10.8
2026-06-12,r-0128,Managed database,staging,platform,5.52
2026-06-12,r-0129,Load balancing,production,platform,0.6
2026-06-12,r-0130,Load balancing,staging,platform,0.6
2026-06-12,r-0131,Public IPs,,,0.12
2026-06-12,r-0132,Public IPs,,,0.12
2026-06-12,r-0133,Public IPs,,,0.12
2026-06-12,,Data transfer,production,platform,32.9074
2026-06-13,r-0001,Compute,production,platform,2.4
2026-06-13,r-0002,Block storage,production,platform,0.3288
2026-06-13,r-0003,Compute,production,platform,2.4
2026-06-13,r-0004,Block storage,production,platform,0.3288
2026-06-13,r-0005,Compute,production,platform,2.4
2026-06-13,r-0006,Block storage,production,platform,0.3288
2026-06-13,r-0007,Compute,production,platform,2.4
2026-06-13,r-0008,Block storage,production,platform,0.3288
2026-06-13,r-0009,Compute,production,platform,2.4
2026-06-13,r-0010,Block storage,production,platform,0.6576
2026-06-13,r-0011,Compute,production,platform,2.4
2026-06-13,r-0012,Block storage,production,platform,0.3288
2026-06-13,r-0013,Compute,production,platform,4.8
2026-06-13,r-0014,Block storage,production,platform,0.3288
2026-06-13,r-0015,Compute,production,platform,4.8
2026-06-13,r-0016,Block storage,production,platform,0.1644
2026-06-13,r-0017,Compute,production,platform,4.8
2026-06-13,r-0018,Block storage,production,platform,0.3288
2026-06-13,r-0019,Compute,production,platform,4.8
2026-06-13,r-0020,Block storage,production,platform,0.3288
2026-06-13,r-0021,Compute,production,invoicing,2.4
2026-06-13,r-0022,Block storage,production,invoicing,0.1644
2026-06-13,r-0023,Compute,production,invoicing,2.4
2026-06-13,r-0024,Block storage,production,invoicing,0.6576
2026-06-13,r-0025,Compute,production,invoicing,2.4
2026-06-13,r-0026,Block storage,production,invoicing,0.6576
2026-06-13,r-0027,Compute,staging,platform,1.2
2026-06-13,r-0028,Block storage,staging,platform,0.3288
2026-06-13,r-0029,Compute,staging,platform,1.2
2026-06-13,r-0030,Block storage,staging,platform,0.3288
2026-06-13,r-0031,Compute,staging,platform,1.2
2026-06-13,r-0032,Block storage,staging,platform,0.6576
2026-06-13,r-0033,Compute,staging,platform,1.2
2026-06-13,r-0034,Block storage,staging,platform,0.6576
2026-06-13,r-0035,Compute,staging,platform,1.2
2026-06-13,r-0036,Block storage,staging,platform,0.1644
2026-06-13,r-0037,Compute,staging,platform,1.2
2026-06-13,r-0038,Block storage,staging,platform,0.3288
2026-06-13,r-0039,Compute,development,invoicing,1.2
2026-06-13,r-0040,Block storage,development,invoicing,0.3288
2026-06-13,r-0041,Compute,development,invoicing,1.2
2026-06-13,r-0042,Block storage,development,invoicing,0.6576
2026-06-13,r-0043,Compute,development,invoicing,2.4
2026-06-13,r-0044,Block storage,development,invoicing,0.1644
2026-06-13,r-0045,Compute,development,invoicing,1.2
2026-06-13,r-0046,Block storage,development,invoicing,0.3288
2026-06-13,r-0047,Compute,development,invoicing,1.2
2026-06-13,r-0048,Block storage,development,invoicing,0.1644
2026-06-13,r-0049,Compute,development,invoicing,2.4
2026-06-13,r-0050,Block storage,development,invoicing,0.3288
2026-06-13,r-0051,Compute,development,payments,1.2
2026-06-13,r-0052,Block storage,development,payments,0.3288
2026-06-13,r-0053,Compute,development,payments,1.2
2026-06-13,r-0054,Block storage,development,payments,0.3288
2026-06-13,r-0063,Compute,development,,4.8
2026-06-13,r-0064,Block storage,development,,1.6438
2026-06-13,r-0065,Compute,,,2.4
2026-06-13,r-0066,Block storage,,,0.3288
2026-06-13,r-0067,Compute,development,,2.4
2026-06-13,r-0068,Block storage,development,,0.1644
2026-06-13,r-0070,Block storage,development,platform,0.3288
2026-06-13,r-0072,Block storage,development,,0.3288
2026-06-13,r-0074,Block storage,development,,0.1644
2026-06-13,r-0076,Block storage,development,,0.3288
2026-06-13,r-0077,Block storage,,,0.6576
2026-06-13,r-0078,Block storage,development,,3.2878
2026-06-13,r-0079,Block storage,development,platform,0.6576
2026-06-13,r-0080,Block storage,,,3.2878
2026-06-13,r-0081,Block storage,staging,,1.6438
2026-06-13,r-0082,Block storage,,,0.6576
2026-06-13,r-0083,Block storage,,,1.6438
2026-06-13,r-0084,Block storage,staging,,0.6576
2026-06-13,r-0085,Snapshots,production,,0.3288
2026-06-13,r-0086,Snapshots,development,platform,0.822
2026-06-13,r-0087,Snapshots,production,platform,0.3288
2026-06-13,r-0089,Snapshots,production,platform,0.3288
2026-06-13,r-0090,Snapshots,production,platform,0.1644
2026-06-13,r-0091,Snapshots,production,platform,0.1644
2026-06-13,r-0092,Snapshots,staging,platform,0.0821
2026-06-13,r-0094,Snapshots,production,platform,0.3288
2026-06-13,r-0095,Snapshots,production,platform,0.822
2026-06-13,r-0096,Snapshots,staging,platform,0.1644
2026-06-13,r-0097,Snapshots,development,,0.0821
2026-06-13,r-0098,Snapshots,development,,0.3288
2026-06-13,r-0099,Snapshots,production,platform,0.3288
2026-06-13,r-0100,Snapshots,production,platform,0.0821
2026-06-13,r-0101,Snapshots,development,platform,0.3288
2026-06-13,r-0102,Snapshots,production,platform,0.0821
2026-06-13,r-0103,Snapshots,development,,0.822
2026-06-13,r-0105,Snapshots,staging,platform,0.0821
2026-06-13,r-0106,Snapshots,production,,0.3288
2026-06-13,r-0107,Snapshots,production,platform,0.1644
2026-06-13,r-0108,Snapshots,production,platform,0.0821
2026-06-13,r-0109,Snapshots,development,platform,0.3288
2026-06-13,r-0110,Snapshots,development,,0.0821
2026-06-13,r-0112,Snapshots,production,platform,0.822
2026-06-13,r-0113,Snapshots,production,platform,0.1644
2026-06-13,r-0114,Snapshots,development,,0.1644
2026-06-13,r-0115,Snapshots,staging,,0.1644
2026-06-13,r-0116,Snapshots,staging,platform,0.0821
2026-06-13,r-0117,Snapshots,production,,0.1644
2026-06-13,r-0118,Snapshots,production,platform,0.1644
2026-06-13,r-0119,Snapshots,development,platform,0.0821
2026-06-13,r-0120,Snapshots,production,,0.822
2026-06-13,r-0121,Object storage,production,invoicing,1.361
2026-06-13,r-0122,Object storage,production,platform,3.0247
2026-06-13,r-0123,Object storage,production,marketing,0.0302
2026-06-13,r-0124,Object storage,production,,0.2647
2026-06-13,r-0125,Object storage,production,platform,1.8905
2026-06-13,r-0126,Object storage,development,,0.4536
2026-06-13,r-0127,Managed database,production,platform,10.8
2026-06-13,r-0128,Managed database,staging,platform,5.52
2026-06-13,r-0129,Load balancing,production,platform,0.6
2026-06-13,r-0130,Load balancing,staging,platform,0.6
2026-06-13,r-0131,Public IPs,,,0.12
2026-06-13,r-0132,Public IPs,,,0.12
2026-06-13,r-0133,Public IPs,,,0.12
2026-06-13,,Data transfer,production,platform,30.0705
2026-06-14,r-0001,Compute,production,platform,2.4
2026-06-14,r-0002,Block storage,production,platform,0.3288
2026-06-14,r-0003,Compute,production,platform,2.4
2026-06-14,r-0004,Block storage,production,platform,0.3288
2026-06-14,r-0005,Compute,production,platform,2.4
2026-06-14,r-0006,Block storage,production,platform,0.3288
2026-06-14,r-0007,Compute,production,platform,2.4
2026-06-14,r-0008,Block storage,production,platform,0.3288
2026-06-14,r-0009,Compute,production,platform,2.4
2026-06-14,r-0010,Block storage,production,platform,0.6576
2026-06-14,r-0011,Compute,production,platform,2.4
2026-06-14,r-0012,Block storage,production,platform,0.3288
2026-06-14,r-0013,Compute,production,platform,4.8
2026-06-14,r-0014,Block storage,production,platform,0.3288
2026-06-14,r-0015,Compute,production,platform,4.8
2026-06-14,r-0016,Block storage,production,platform,0.1644
2026-06-14,r-0017,Compute,production,platform,4.8
2026-06-14,r-0018,Block storage,production,platform,0.3288
2026-06-14,r-0019,Compute,production,platform,4.8
2026-06-14,r-0020,Block storage,production,platform,0.3288
2026-06-14,r-0021,Compute,production,invoicing,2.4
2026-06-14,r-0022,Block storage,production,invoicing,0.1644
2026-06-14,r-0023,Compute,production,invoicing,2.4
2026-06-14,r-0024,Block storage,production,invoicing,0.6576
2026-06-14,r-0025,Compute,production,invoicing,2.4
2026-06-14,r-0026,Block storage,production,invoicing,0.6576
2026-06-14,r-0027,Compute,staging,platform,1.2
2026-06-14,r-0028,Block storage,staging,platform,0.3288
2026-06-14,r-0029,Compute,staging,platform,1.2
2026-06-14,r-0030,Block storage,staging,platform,0.3288
2026-06-14,r-0031,Compute,staging,platform,1.2
2026-06-14,r-0032,Block storage,staging,platform,0.6576
2026-06-14,r-0033,Compute,staging,platform,1.2
2026-06-14,r-0034,Block storage,staging,platform,0.6576
2026-06-14,r-0035,Compute,staging,platform,1.2
2026-06-14,r-0036,Block storage,staging,platform,0.1644
2026-06-14,r-0037,Compute,staging,platform,1.2
2026-06-14,r-0038,Block storage,staging,platform,0.3288
2026-06-14,r-0039,Compute,development,invoicing,1.2
2026-06-14,r-0040,Block storage,development,invoicing,0.3288
2026-06-14,r-0041,Compute,development,invoicing,1.2
2026-06-14,r-0042,Block storage,development,invoicing,0.6576
2026-06-14,r-0043,Compute,development,invoicing,2.4
2026-06-14,r-0044,Block storage,development,invoicing,0.1644
2026-06-14,r-0045,Compute,development,invoicing,1.2
2026-06-14,r-0046,Block storage,development,invoicing,0.3288
2026-06-14,r-0047,Compute,development,invoicing,1.2
2026-06-14,r-0048,Block storage,development,invoicing,0.1644
2026-06-14,r-0049,Compute,development,invoicing,2.4
2026-06-14,r-0050,Block storage,development,invoicing,0.3288
2026-06-14,r-0051,Compute,development,payments,1.2
2026-06-14,r-0052,Block storage,development,payments,0.3288
2026-06-14,r-0053,Compute,development,payments,1.2
2026-06-14,r-0054,Block storage,development,payments,0.3288
2026-06-14,r-0063,Compute,development,,4.8
2026-06-14,r-0064,Block storage,development,,1.6438
2026-06-14,r-0065,Compute,,,2.4
2026-06-14,r-0066,Block storage,,,0.3288
2026-06-14,r-0067,Compute,development,,2.4
2026-06-14,r-0068,Block storage,development,,0.1644
2026-06-14,r-0070,Block storage,development,platform,0.3288
2026-06-14,r-0072,Block storage,development,,0.3288
2026-06-14,r-0074,Block storage,development,,0.1644
2026-06-14,r-0076,Block storage,development,,0.3288
2026-06-14,r-0077,Block storage,,,0.6576
2026-06-14,r-0078,Block storage,development,,3.2878
2026-06-14,r-0079,Block storage,development,platform,0.6576
2026-06-14,r-0080,Block storage,,,3.2878
2026-06-14,r-0081,Block storage,staging,,1.6438
2026-06-14,r-0082,Block storage,,,0.6576
2026-06-14,r-0083,Block storage,,,1.6438
2026-06-14,r-0084,Block storage,staging,,0.6576
2026-06-14,r-0085,Snapshots,production,,0.3288
2026-06-14,r-0086,Snapshots,development,platform,0.822
2026-06-14,r-0087,Snapshots,production,platform,0.3288
2026-06-14,r-0089,Snapshots,production,platform,0.3288
2026-06-14,r-0090,Snapshots,production,platform,0.1644
2026-06-14,r-0091,Snapshots,production,platform,0.1644
2026-06-14,r-0092,Snapshots,staging,platform,0.0821
2026-06-14,r-0094,Snapshots,production,platform,0.3288
2026-06-14,r-0095,Snapshots,production,platform,0.822
2026-06-14,r-0096,Snapshots,staging,platform,0.1644
2026-06-14,r-0097,Snapshots,development,,0.0821
2026-06-14,r-0098,Snapshots,development,,0.3288
2026-06-14,r-0099,Snapshots,production,platform,0.3288
2026-06-14,r-0100,Snapshots,production,platform,0.0821
2026-06-14,r-0101,Snapshots,development,platform,0.3288
2026-06-14,r-0102,Snapshots,production,platform,0.0821
2026-06-14,r-0103,Snapshots,development,,0.822
2026-06-14,r-0105,Snapshots,staging,platform,0.0821
2026-06-14,r-0106,Snapshots,production,,0.3288
2026-06-14,r-0107,Snapshots,production,platform,0.1644
2026-06-14,r-0108,Snapshots,production,platform,0.0821
2026-06-14,r-0109,Snapshots,development,platform,0.3288
2026-06-14,r-0110,Snapshots,development,,0.0821
2026-06-14,r-0112,Snapshots,production,platform,0.822
2026-06-14,r-0113,Snapshots,production,platform,0.1644
2026-06-14,r-0114,Snapshots,development,,0.1644
2026-06-14,r-0115,Snapshots,staging,,0.1644
2026-06-14,r-0116,Snapshots,staging,platform,0.0821
2026-06-14,r-0117,Snapshots,production,,0.1644
2026-06-14,r-0118,Snapshots,production,platform,0.1644
2026-06-14,r-0119,Snapshots,development,platform,0.0821
2026-06-14,r-0120,Snapshots,production,,0.822
2026-06-14,r-0121,Object storage,production,invoicing,1.361
2026-06-14,r-0122,Object storage,production,platform,3.0247
2026-06-14,r-0123,Object storage,production,marketing,0.0302
2026-06-14,r-0124,Object storage,production,,0.2647
2026-06-14,r-0125,Object storage,production,platform,1.8905
2026-06-14,r-0126,Object storage,development,,0.4536
2026-06-14,r-0127,Managed database,production,platform,10.8
2026-06-14,r-0128,Managed database,staging,platform,5.52
2026-06-14,r-0129,Load balancing,production,platform,0.6
2026-06-14,r-0130,Load balancing,staging,platform,0.6
2026-06-14,r-0131,Public IPs,,,0.12
2026-06-14,r-0132,Public IPs,,,0.12
2026-06-14,r-0133,Public IPs,,,0.12
2026-06-14,,Data transfer,production,platform,35.5414
2026-06-15,r-0001,Compute,production,platform,2.4
2026-06-15,r-0002,Block storage,production,platform,0.3288
2026-06-15,r-0003,Compute,production,platform,2.4
2026-06-15,r-0004,Block storage,production,platform,0.3288
2026-06-15,r-0005,Compute,production,platform,2.4
2026-06-15,r-0006,Block storage,production,platform,0.3288
2026-06-15,r-0007,Compute,production,platform,2.4
2026-06-15,r-0008,Block storage,production,platform,0.3288
2026-06-15,r-0009,Compute,production,platform,2.4
2026-06-15,r-0010,Block storage,production,platform,0.6576
2026-06-15,r-0011,Compute,production,platform,2.4
2026-06-15,r-0012,Block storage,production,platform,0.3288
2026-06-15,r-0013,Compute,production,platform,4.8
2026-06-15,r-0014,Block storage,production,platform,0.3288
2026-06-15,r-0015,Compute,production,platform,4.8
2026-06-15,r-0016,Block storage,production,platform,0.1644
2026-06-15,r-0017,Compute,production,platform,4.8
2026-06-15,r-0018,Block storage,production,platform,0.3288
2026-06-15,r-0019,Compute,production,platform,4.8
2026-06-15,r-0020,Block storage,production,platform,0.3288
2026-06-15,r-0021,Compute,production,invoicing,2.4
2026-06-15,r-0022,Block storage,production,invoicing,0.1644
2026-06-15,r-0023,Compute,production,invoicing,2.4
2026-06-15,r-0024,Block storage,production,invoicing,0.6576
2026-06-15,r-0025,Compute,production,invoicing,2.4
2026-06-15,r-0026,Block storage,production,invoicing,0.6576
2026-06-15,r-0027,Compute,staging,platform,1.2
2026-06-15,r-0028,Block storage,staging,platform,0.3288
2026-06-15,r-0029,Compute,staging,platform,1.2
2026-06-15,r-0030,Block storage,staging,platform,0.3288
2026-06-15,r-0031,Compute,staging,platform,1.2
2026-06-15,r-0032,Block storage,staging,platform,0.6576
2026-06-15,r-0033,Compute,staging,platform,1.2
2026-06-15,r-0034,Block storage,staging,platform,0.6576
2026-06-15,r-0035,Compute,staging,platform,1.2
2026-06-15,r-0036,Block storage,staging,platform,0.1644
2026-06-15,r-0037,Compute,staging,platform,1.2
2026-06-15,r-0038,Block storage,staging,platform,0.3288
2026-06-15,r-0039,Compute,development,invoicing,1.2
2026-06-15,r-0040,Block storage,development,invoicing,0.3288
2026-06-15,r-0041,Compute,development,invoicing,1.2
2026-06-15,r-0042,Block storage,development,invoicing,0.6576
2026-06-15,r-0043,Compute,development,invoicing,2.4
2026-06-15,r-0044,Block storage,development,invoicing,0.1644
2026-06-15,r-0045,Compute,development,invoicing,1.2
2026-06-15,r-0046,Block storage,development,invoicing,0.3288
2026-06-15,r-0047,Compute,development,invoicing,1.2
2026-06-15,r-0048,Block storage,development,invoicing,0.1644
2026-06-15,r-0049,Compute,development,invoicing,2.4
2026-06-15,r-0050,Block storage,development,invoicing,0.3288
2026-06-15,r-0051,Compute,development,payments,1.2
2026-06-15,r-0052,Block storage,development,payments,0.3288
2026-06-15,r-0053,Compute,development,payments,1.2
2026-06-15,r-0054,Block storage,development,payments,0.3288
2026-06-15,r-0063,Compute,development,,4.8
2026-06-15,r-0064,Block storage,development,,1.6438
2026-06-15,r-0065,Compute,,,2.4
2026-06-15,r-0066,Block storage,,,0.3288
2026-06-15,r-0067,Compute,development,,2.4
2026-06-15,r-0068,Block storage,development,,0.1644
2026-06-15,r-0070,Block storage,development,platform,0.3288
2026-06-15,r-0072,Block storage,development,,0.3288
2026-06-15,r-0074,Block storage,development,,0.1644
2026-06-15,r-0076,Block storage,development,,0.3288
2026-06-15,r-0077,Block storage,,,0.6576
2026-06-15,r-0078,Block storage,development,,3.2878
2026-06-15,r-0079,Block storage,development,platform,0.6576
2026-06-15,r-0080,Block storage,,,3.2878
2026-06-15,r-0081,Block storage,staging,,1.6438
2026-06-15,r-0082,Block storage,,,0.6576
2026-06-15,r-0083,Block storage,,,1.6438
2026-06-15,r-0084,Block storage,staging,,0.6576
2026-06-15,r-0085,Snapshots,production,,0.3288
2026-06-15,r-0086,Snapshots,development,platform,0.822
2026-06-15,r-0087,Snapshots,production,platform,0.3288
2026-06-15,r-0089,Snapshots,production,platform,0.3288
2026-06-15,r-0090,Snapshots,production,platform,0.1644
2026-06-15,r-0091,Snapshots,production,platform,0.1644
2026-06-15,r-0092,Snapshots,staging,platform,0.0821
2026-06-15,r-0094,Snapshots,production,platform,0.3288
2026-06-15,r-0095,Snapshots,production,platform,0.822
2026-06-15,r-0096,Snapshots,staging,platform,0.1644
2026-06-15,r-0097,Snapshots,development,,0.0821
2026-06-15,r-0098,Snapshots,development,,0.3288
2026-06-15,r-0099,Snapshots,production,platform,0.3288
2026-06-15,r-0100,Snapshots,production,platform,0.0821
2026-06-15,r-0101,Snapshots,development,platform,0.3288
2026-06-15,r-0102,Snapshots,production,platform,0.0821
2026-06-15,r-0103,Snapshots,development,,0.822
2026-06-15,r-0105,Snapshots,staging,platform,0.0821
2026-06-15,r-0106,Snapshots,production,,0.3288
2026-06-15,r-0107,Snapshots,production,platform,0.1644
2026-06-15,r-0108,Snapshots,production,platform,0.0821
2026-06-15,r-0109,Snapshots,development,platform,0.3288
2026-06-15,r-0110,Snapshots,development,,0.0821
2026-06-15,r-0112,Snapshots,production,platform,0.822
2026-06-15,r-0113,Snapshots,production,platform,0.1644
2026-06-15,r-0114,Snapshots,development,,0.1644
2026-06-15,r-0115,Snapshots,staging,,0.1644
2026-06-15,r-0116,Snapshots,staging,platform,0.0821
2026-06-15,r-0117,Snapshots,production,,0.1644
2026-06-15,r-0118,Snapshots,production,platform,0.1644
2026-06-15,r-0119,Snapshots,development,platform,0.0821
2026-06-15,r-0120,Snapshots,production,,0.822
2026-06-15,r-0121,Object storage,production,invoicing,1.361
2026-06-15,r-0122,Object storage,production,platform,3.0247
2026-06-15,r-0123,Object storage,production,marketing,0.0302
2026-06-15,r-0124,Object storage,production,,0.2647
2026-06-15,r-0125,Object storage,production,platform,1.8905
2026-06-15,r-0126,Object storage,development,,0.4536
2026-06-15,r-0127,Managed database,production,platform,10.8
2026-06-15,r-0128,Managed database,staging,platform,5.52
2026-06-15,r-0129,Load balancing,production,platform,0.6
2026-06-15,r-0130,Load balancing,staging,platform,0.6
2026-06-15,r-0131,Public IPs,,,0.12
2026-06-15,r-0132,Public IPs,,,0.12
2026-06-15,r-0133,Public IPs,,,0.12
2026-06-15,,Data transfer,production,platform,30.06
2026-06-16,r-0001,Compute,production,platform,2.4
2026-06-16,r-0002,Block storage,production,platform,0.3288
2026-06-16,r-0003,Compute,production,platform,2.4
2026-06-16,r-0004,Block storage,production,platform,0.3288
2026-06-16,r-0005,Compute,production,platform,2.4
2026-06-16,r-0006,Block storage,production,platform,0.3288
2026-06-16,r-0007,Compute,production,platform,2.4
2026-06-16,r-0008,Block storage,production,platform,0.3288
2026-06-16,r-0009,Compute,production,platform,2.4
2026-06-16,r-0010,Block storage,production,platform,0.6576
2026-06-16,r-0011,Compute,production,platform,2.4
2026-06-16,r-0012,Block storage,production,platform,0.3288
2026-06-16,r-0013,Compute,production,platform,4.8
2026-06-16,r-0014,Block storage,production,platform,0.3288
2026-06-16,r-0015,Compute,production,platform,4.8
2026-06-16,r-0016,Block storage,production,platform,0.1644
2026-06-16,r-0017,Compute,production,platform,4.8
2026-06-16,r-0018,Block storage,production,platform,0.3288
2026-06-16,r-0019,Compute,production,platform,4.8
2026-06-16,r-0020,Block storage,production,platform,0.3288
2026-06-16,r-0021,Compute,production,invoicing,2.4
2026-06-16,r-0022,Block storage,production,invoicing,0.1644
2026-06-16,r-0023,Compute,production,invoicing,2.4
2026-06-16,r-0024,Block storage,production,invoicing,0.6576
2026-06-16,r-0025,Compute,production,invoicing,2.4
2026-06-16,r-0026,Block storage,production,invoicing,0.6576
2026-06-16,r-0027,Compute,staging,platform,1.2
2026-06-16,r-0028,Block storage,staging,platform,0.3288
2026-06-16,r-0029,Compute,staging,platform,1.2
2026-06-16,r-0030,Block storage,staging,platform,0.3288
2026-06-16,r-0031,Compute,staging,platform,1.2
2026-06-16,r-0032,Block storage,staging,platform,0.6576
2026-06-16,r-0033,Compute,staging,platform,1.2
2026-06-16,r-0034,Block storage,staging,platform,0.6576
2026-06-16,r-0035,Compute,staging,platform,1.2
2026-06-16,r-0036,Block storage,staging,platform,0.1644
2026-06-16,r-0037,Compute,staging,platform,1.2
2026-06-16,r-0038,Block storage,staging,platform,0.3288
2026-06-16,r-0039,Compute,development,invoicing,1.2
2026-06-16,r-0040,Block storage,development,invoicing,0.3288
2026-06-16,r-0041,Compute,development,invoicing,1.2
2026-06-16,r-0042,Block storage,development,invoicing,0.6576
2026-06-16,r-0043,Compute,development,invoicing,2.4
2026-06-16,r-0044,Block storage,development,invoicing,0.1644
2026-06-16,r-0045,Compute,development,invoicing,1.2
2026-06-16,r-0046,Block storage,development,invoicing,0.3288
2026-06-16,r-0047,Compute,development,invoicing,1.2
2026-06-16,r-0048,Block storage,development,invoicing,0.1644
2026-06-16,r-0049,Compute,development,invoicing,2.4
2026-06-16,r-0050,Block storage,development,invoicing,0.3288
2026-06-16,r-0051,Compute,development,payments,1.2
2026-06-16,r-0052,Block storage,development,payments,0.3288
2026-06-16,r-0053,Compute,development,payments,1.2
2026-06-16,r-0054,Block storage,development,payments,0.3288
2026-06-16,r-0063,Compute,development,,4.8
2026-06-16,r-0064,Block storage,development,,1.6438
2026-06-16,r-0065,Compute,,,2.4
2026-06-16,r-0066,Block storage,,,0.3288
2026-06-16,r-0067,Compute,development,,2.4
2026-06-16,r-0068,Block storage,development,,0.1644
2026-06-16,r-0070,Block storage,development,platform,0.3288
2026-06-16,r-0072,Block storage,development,,0.3288
2026-06-16,r-0074,Block storage,development,,0.1644
2026-06-16,r-0076,Block storage,development,,0.3288
2026-06-16,r-0077,Block storage,,,0.6576
2026-06-16,r-0078,Block storage,development,,3.2878
2026-06-16,r-0079,Block storage,development,platform,0.6576
2026-06-16,r-0080,Block storage,,,3.2878
2026-06-16,r-0081,Block storage,staging,,1.6438
2026-06-16,r-0082,Block storage,,,0.6576
2026-06-16,r-0083,Block storage,,,1.6438
2026-06-16,r-0084,Block storage,staging,,0.6576
2026-06-16,r-0085,Snapshots,production,,0.3288
2026-06-16,r-0086,Snapshots,development,platform,0.822
2026-06-16,r-0087,Snapshots,production,platform,0.3288
2026-06-16,r-0089,Snapshots,production,platform,0.3288
2026-06-16,r-0090,Snapshots,production,platform,0.1644
2026-06-16,r-0091,Snapshots,production,platform,0.1644
2026-06-16,r-0092,Snapshots,staging,platform,0.0821
2026-06-16,r-0094,Snapshots,production,platform,0.3288
2026-06-16,r-0095,Snapshots,production,platform,0.822
2026-06-16,r-0096,Snapshots,staging,platform,0.1644
2026-06-16,r-0097,Snapshots,development,,0.0821
2026-06-16,r-0098,Snapshots,development,,0.3288
2026-06-16,r-0099,Snapshots,production,platform,0.3288
2026-06-16,r-0100,Snapshots,production,platform,0.0821
2026-06-16,r-0101,Snapshots,development,platform,0.3288
2026-06-16,r-0102,Snapshots,production,platform,0.0821
2026-06-16,r-0103,Snapshots,development,,0.822
2026-06-16,r-0105,Snapshots,staging,platform,0.0821
2026-06-16,r-0106,Snapshots,production,,0.3288
2026-06-16,r-0107,Snapshots,production,platform,0.1644
2026-06-16,r-0108,Snapshots,production,platform,0.0821
2026-06-16,r-0109,Snapshots,development,platform,0.3288
2026-06-16,r-0110,Snapshots,development,,0.0821
2026-06-16,r-0112,Snapshots,production,platform,0.822
2026-06-16,r-0113,Snapshots,production,platform,0.1644
2026-06-16,r-0114,Snapshots,development,,0.1644
2026-06-16,r-0115,Snapshots,staging,,0.1644
2026-06-16,r-0116,Snapshots,staging,platform,0.0821
2026-06-16,r-0117,Snapshots,production,,0.1644
2026-06-16,r-0118,Snapshots,production,platform,0.1644
2026-06-16,r-0119,Snapshots,development,platform,0.0821
2026-06-16,r-0120,Snapshots,production,,0.822
2026-06-16,r-0121,Object storage,production,invoicing,1.361
2026-06-16,r-0122,Object storage,production,platform,3.0247
2026-06-16,r-0123,Object storage,production,marketing,0.0302
2026-06-16,r-0124,Object storage,production,,0.2647
2026-06-16,r-0125,Object storage,production,platform,1.8905
2026-06-16,r-0126,Object storage,development,,0.4536
2026-06-16,r-0127,Managed database,production,platform,10.8
2026-06-16,r-0128,Managed database,staging,platform,5.52
2026-06-16,r-0129,Load balancing,production,platform,0.6
2026-06-16,r-0130,Load balancing,staging,platform,0.6
2026-06-16,r-0131,Public IPs,,,0.12
2026-06-16,r-0132,Public IPs,,,0.12
2026-06-16,r-0133,Public IPs,,,0.12
2026-06-16,,Data transfer,production,platform,34.0466
2026-06-17,r-0001,Compute,production,platform,2.4
2026-06-17,r-0002,Block storage,production,platform,0.3288
2026-06-17,r-0003,Compute,production,platform,2.4
2026-06-17,r-0004,Block storage,production,platform,0.3288
2026-06-17,r-0005,Compute,production,platform,2.4
2026-06-17,r-0006,Block storage,production,platform,0.3288
2026-06-17,r-0007,Compute,production,platform,2.4
2026-06-17,r-0008,Block storage,production,platform,0.3288
2026-06-17,r-0009,Compute,production,platform,2.4
2026-06-17,r-0010,Block storage,production,platform,0.6576
2026-06-17,r-0011,Compute,production,platform,2.4
2026-06-17,r-0012,Block storage,production,platform,0.3288
2026-06-17,r-0013,Compute,production,platform,4.8
2026-06-17,r-0014,Block storage,production,platform,0.3288
2026-06-17,r-0015,Compute,production,platform,4.8
2026-06-17,r-0016,Block storage,production,platform,0.1644
2026-06-17,r-0017,Compute,production,platform,4.8
2026-06-17,r-0018,Block storage,production,platform,0.3288
2026-06-17,r-0019,Compute,production,platform,4.8
2026-06-17,r-0020,Block storage,production,platform,0.3288
2026-06-17,r-0021,Compute,production,invoicing,2.4
2026-06-17,r-0022,Block storage,production,invoicing,0.1644
2026-06-17,r-0023,Compute,production,invoicing,2.4
2026-06-17,r-0024,Block storage,production,invoicing,0.6576
2026-06-17,r-0025,Compute,production,invoicing,2.4
2026-06-17,r-0026,Block storage,production,invoicing,0.6576
2026-06-17,r-0027,Compute,staging,platform,1.2
2026-06-17,r-0028,Block storage,staging,platform,0.3288
2026-06-17,r-0029,Compute,staging,platform,1.2
2026-06-17,r-0030,Block storage,staging,platform,0.3288
2026-06-17,r-0031,Compute,staging,platform,1.2
2026-06-17,r-0032,Block storage,staging,platform,0.6576
2026-06-17,r-0033,Compute,staging,platform,1.2
2026-06-17,r-0034,Block storage,staging,platform,0.6576
2026-06-17,r-0035,Compute,staging,platform,1.2
2026-06-17,r-0036,Block storage,staging,platform,0.1644
2026-06-17,r-0037,Compute,staging,platform,1.2
2026-06-17,r-0038,Block storage,staging,platform,0.3288
2026-06-17,r-0039,Compute,development,invoicing,1.2
2026-06-17,r-0040,Block storage,development,invoicing,0.3288
2026-06-17,r-0041,Compute,development,invoicing,1.2
2026-06-17,r-0042,Block storage,development,invoicing,0.6576
2026-06-17,r-0043,Compute,development,invoicing,2.4
2026-06-17,r-0044,Block storage,development,invoicing,0.1644
2026-06-17,r-0045,Compute,development,invoicing,1.2
2026-06-17,r-0046,Block storage,development,invoicing,0.3288
2026-06-17,r-0047,Compute,development,invoicing,1.2
2026-06-17,r-0048,Block storage,development,invoicing,0.1644
2026-06-17,r-0049,Compute,development,invoicing,2.4
2026-06-17,r-0050,Block storage,development,invoicing,0.3288
2026-06-17,r-0051,Compute,development,payments,1.2
2026-06-17,r-0052,Block storage,development,payments,0.3288
2026-06-17,r-0053,Compute,development,payments,1.2
2026-06-17,r-0054,Block storage,development,payments,0.3288
2026-06-17,r-0063,Compute,development,,4.8
2026-06-17,r-0064,Block storage,development,,1.6438
2026-06-17,r-0065,Compute,,,2.4
2026-06-17,r-0066,Block storage,,,0.3288
2026-06-17,r-0067,Compute,development,,2.4
2026-06-17,r-0068,Block storage,development,,0.1644
2026-06-17,r-0070,Block storage,development,platform,0.3288
2026-06-17,r-0072,Block storage,development,,0.3288
2026-06-17,r-0074,Block storage,development,,0.1644
2026-06-17,r-0076,Block storage,development,,0.3288
2026-06-17,r-0077,Block storage,,,0.6576
2026-06-17,r-0078,Block storage,development,,3.2878
2026-06-17,r-0079,Block storage,development,platform,0.6576
2026-06-17,r-0080,Block storage,,,3.2878
2026-06-17,r-0081,Block storage,staging,,1.6438
2026-06-17,r-0082,Block storage,,,0.6576
2026-06-17,r-0083,Block storage,,,1.6438
2026-06-17,r-0084,Block storage,staging,,0.6576
2026-06-17,r-0085,Snapshots,production,,0.3288
2026-06-17,r-0086,Snapshots,development,platform,0.822
2026-06-17,r-0087,Snapshots,production,platform,0.3288
2026-06-17,r-0089,Snapshots,production,platform,0.3288
2026-06-17,r-0090,Snapshots,production,platform,0.1644
2026-06-17,r-0091,Snapshots,production,platform,0.1644
2026-06-17,r-0092,Snapshots,staging,platform,0.0821
2026-06-17,r-0094,Snapshots,production,platform,0.3288
2026-06-17,r-0095,Snapshots,production,platform,0.822
2026-06-17,r-0096,Snapshots,staging,platform,0.1644
2026-06-17,r-0097,Snapshots,development,,0.0821
2026-06-17,r-0098,Snapshots,development,,0.3288
2026-06-17,r-0099,Snapshots,production,platform,0.3288
2026-06-17,r-0100,Snapshots,production,platform,0.0821
2026-06-17,r-0101,Snapshots,development,platform,0.3288
2026-06-17,r-0102,Snapshots,production,platform,0.0821
2026-06-17,r-0103,Snapshots,development,,0.822
2026-06-17,r-0105,Snapshots,staging,platform,0.0821
2026-06-17,r-0106,Snapshots,production,,0.3288
2026-06-17,r-0107,Snapshots,production,platform,0.1644
2026-06-17,r-0108,Snapshots,production,platform,0.0821
2026-06-17,r-0109,Snapshots,development,platform,0.3288
2026-06-17,r-0110,Snapshots,development,,0.0821
2026-06-17,r-0112,Snapshots,production,platform,0.822
2026-06-17,r-0113,Snapshots,production,platform,0.1644
2026-06-17,r-0114,Snapshots,development,,0.1644
2026-06-17,r-0115,Snapshots,staging,,0.1644
2026-06-17,r-0116,Snapshots,staging,platform,0.0821
2026-06-17,r-0117,Snapshots,production,,0.1644
2026-06-17,r-0118,Snapshots,production,platform,0.1644
2026-06-17,r-0119,Snapshots,development,platform,0.0821
2026-06-17,r-0120,Snapshots,production,,0.822
2026-06-17,r-0121,Object storage,production,invoicing,1.361
2026-06-17,r-0122,Object storage,production,platform,3.0247
2026-06-17,r-0123,Object storage,production,marketing,0.0302
2026-06-17,r-0124,Object storage,production,,0.2647
2026-06-17,r-0125,Object storage,production,platform,1.8905
2026-06-17,r-0126,Object storage,development,,0.4536
2026-06-17,r-0127,Managed database,production,platform,10.8
2026-06-17,r-0128,Managed database,staging,platform,5.52
2026-06-17,r-0129,Load balancing,production,platform,0.6
2026-06-17,r-0130,Load balancing,staging,platform,0.6
2026-06-17,r-0131,Public IPs,,,0.12
2026-06-17,r-0132,Public IPs,,,0.12
2026-06-17,r-0133,Public IPs,,,0.12
2026-06-17,,Data transfer,production,platform,35.9874
2026-06-18,r-0001,Compute,production,platform,2.4
2026-06-18,r-0002,Block storage,production,platform,0.3288
2026-06-18,r-0003,Compute,production,platform,2.4
2026-06-18,r-0004,Block storage,production,platform,0.3288
2026-06-18,r-0005,Compute,production,platform,2.4
2026-06-18,r-0006,Block storage,production,platform,0.3288
2026-06-18,r-0007,Compute,production,platform,2.4
2026-06-18,r-0008,Block storage,production,platform,0.3288
2026-06-18,r-0009,Compute,production,platform,2.4
2026-06-18,r-0010,Block storage,production,platform,0.6576
2026-06-18,r-0011,Compute,production,platform,2.4
2026-06-18,r-0012,Block storage,production,platform,0.3288
2026-06-18,r-0013,Compute,production,platform,4.8
2026-06-18,r-0014,Block storage,production,platform,0.3288
2026-06-18,r-0015,Compute,production,platform,4.8
2026-06-18,r-0016,Block storage,production,platform,0.1644
2026-06-18,r-0017,Compute,production,platform,4.8
2026-06-18,r-0018,Block storage,production,platform,0.3288
2026-06-18,r-0019,Compute,production,platform,4.8
2026-06-18,r-0020,Block storage,production,platform,0.3288
2026-06-18,r-0021,Compute,production,invoicing,2.4
2026-06-18,r-0022,Block storage,production,invoicing,0.1644
2026-06-18,r-0023,Compute,production,invoicing,2.4
2026-06-18,r-0024,Block storage,production,invoicing,0.6576
2026-06-18,r-0025,Compute,production,invoicing,2.4
2026-06-18,r-0026,Block storage,production,invoicing,0.6576
2026-06-18,r-0027,Compute,staging,platform,1.2
2026-06-18,r-0028,Block storage,staging,platform,0.3288
2026-06-18,r-0029,Compute,staging,platform,1.2
2026-06-18,r-0030,Block storage,staging,platform,0.3288
2026-06-18,r-0031,Compute,staging,platform,1.2
2026-06-18,r-0032,Block storage,staging,platform,0.6576
2026-06-18,r-0033,Compute,staging,platform,1.2
2026-06-18,r-0034,Block storage,staging,platform,0.6576
2026-06-18,r-0035,Compute,staging,platform,1.2
2026-06-18,r-0036,Block storage,staging,platform,0.1644
2026-06-18,r-0037,Compute,staging,platform,1.2
2026-06-18,r-0038,Block storage,staging,platform,0.3288
2026-06-18,r-0039,Compute,development,invoicing,1.2
2026-06-18,r-0040,Block storage,development,invoicing,0.3288
2026-06-18,r-0041,Compute,development,invoicing,1.2
2026-06-18,r-0042,Block storage,development,invoicing,0.6576
2026-06-18,r-0043,Compute,development,invoicing,2.4
2026-06-18,r-0044,Block storage,development,invoicing,0.1644
2026-06-18,r-0045,Compute,development,invoicing,1.2
2026-06-18,r-0046,Block storage,development,invoicing,0.3288
2026-06-18,r-0047,Compute,development,invoicing,1.2
2026-06-18,r-0048,Block storage,development,invoicing,0.1644
2026-06-18,r-0049,Compute,development,invoicing,2.4
2026-06-18,r-0050,Block storage,development,invoicing,0.3288
2026-06-18,r-0051,Compute,development,payments,1.2
2026-06-18,r-0052,Block storage,development,payments,0.3288
2026-06-18,r-0053,Compute,development,payments,1.2
2026-06-18,r-0054,Block storage,development,payments,0.3288
2026-06-18,r-0063,Compute,development,,4.8
2026-06-18,r-0064,Block storage,development,,1.6438
2026-06-18,r-0065,Compute,,,2.4
2026-06-18,r-0066,Block storage,,,0.3288
2026-06-18,r-0067,Compute,development,,2.4
2026-06-18,r-0068,Block storage,development,,0.1644
2026-06-18,r-0070,Block storage,development,platform,0.3288
2026-06-18,r-0072,Block storage,development,,0.3288
2026-06-18,r-0074,Block storage,development,,0.1644
2026-06-18,r-0076,Block storage,development,,0.3288
2026-06-18,r-0077,Block storage,,,0.6576
2026-06-18,r-0078,Block storage,development,,3.2878
2026-06-18,r-0079,Block storage,development,platform,0.6576
2026-06-18,r-0080,Block storage,,,3.2878
2026-06-18,r-0081,Block storage,staging,,1.6438
2026-06-18,r-0082,Block storage,,,0.6576
2026-06-18,r-0083,Block storage,,,1.6438
2026-06-18,r-0084,Block storage,staging,,0.6576
2026-06-18,r-0085,Snapshots,production,,0.3288
2026-06-18,r-0086,Snapshots,development,platform,0.822
2026-06-18,r-0087,Snapshots,production,platform,0.3288
2026-06-18,r-0089,Snapshots,production,platform,0.3288
2026-06-18,r-0090,Snapshots,production,platform,0.1644
2026-06-18,r-0091,Snapshots,production,platform,0.1644
2026-06-18,r-0092,Snapshots,staging,platform,0.0821
2026-06-18,r-0094,Snapshots,production,platform,0.3288
2026-06-18,r-0095,Snapshots,production,platform,0.822
2026-06-18,r-0096,Snapshots,staging,platform,0.1644
2026-06-18,r-0097,Snapshots,development,,0.0821
2026-06-18,r-0098,Snapshots,development,,0.3288
2026-06-18,r-0099,Snapshots,production,platform,0.3288
2026-06-18,r-0100,Snapshots,production,platform,0.0821
2026-06-18,r-0101,Snapshots,development,platform,0.3288
2026-06-18,r-0102,Snapshots,production,platform,0.0821
2026-06-18,r-0103,Snapshots,development,,0.822
2026-06-18,r-0105,Snapshots,staging,platform,0.0821
2026-06-18,r-0106,Snapshots,production,,0.3288
2026-06-18,r-0107,Snapshots,production,platform,0.1644
2026-06-18,r-0108,Snapshots,production,platform,0.0821
2026-06-18,r-0109,Snapshots,development,platform,0.3288
2026-06-18,r-0110,Snapshots,development,,0.0821
2026-06-18,r-0112,Snapshots,production,platform,0.822
2026-06-18,r-0113,Snapshots,production,platform,0.1644
2026-06-18,r-0114,Snapshots,development,,0.1644
2026-06-18,r-0115,Snapshots,staging,,0.1644
2026-06-18,r-0116,Snapshots,staging,platform,0.0821
2026-06-18,r-0117,Snapshots,production,,0.1644
2026-06-18,r-0118,Snapshots,production,platform,0.1644
2026-06-18,r-0119,Snapshots,development,platform,0.0821
2026-06-18,r-0120,Snapshots,production,,0.822
2026-06-18,r-0121,Object storage,production,invoicing,1.361
2026-06-18,r-0122,Object storage,production,platform,3.0247
2026-06-18,r-0123,Object storage,production,marketing,0.0302
2026-06-18,r-0124,Object storage,production,,0.2647
2026-06-18,r-0125,Object storage,production,platform,1.8905
2026-06-18,r-0126,Object storage,development,,0.4536
2026-06-18,r-0127,Managed database,production,platform,10.8
2026-06-18,r-0128,Managed database,staging,platform,5.52
2026-06-18,r-0129,Load balancing,production,platform,0.6
2026-06-18,r-0130,Load balancing,staging,platform,0.6
2026-06-18,r-0131,Public IPs,,,0.12
2026-06-18,r-0132,Public IPs,,,0.12
2026-06-18,r-0133,Public IPs,,,0.12
2026-06-18,,Data transfer,production,platform,30.7085
2026-06-19,r-0001,Compute,production,platform,2.4
2026-06-19,r-0002,Block storage,production,platform,0.3288
2026-06-19,r-0003,Compute,production,platform,2.4
2026-06-19,r-0004,Block storage,production,platform,0.3288
2026-06-19,r-0005,Compute,production,platform,2.4
2026-06-19,r-0006,Block storage,production,platform,0.3288
2026-06-19,r-0007,Compute,production,platform,2.4
2026-06-19,r-0008,Block storage,production,platform,0.3288
2026-06-19,r-0009,Compute,production,platform,2.4
2026-06-19,r-0010,Block storage,production,platform,0.6576
2026-06-19,r-0011,Compute,production,platform,2.4
2026-06-19,r-0012,Block storage,production,platform,0.3288
2026-06-19,r-0013,Compute,production,platform,4.8
2026-06-19,r-0014,Block storage,production,platform,0.3288
2026-06-19,r-0015,Compute,production,platform,4.8
2026-06-19,r-0016,Block storage,production,platform,0.1644
2026-06-19,r-0017,Compute,production,platform,4.8
2026-06-19,r-0018,Block storage,production,platform,0.3288
2026-06-19,r-0019,Compute,production,platform,4.8
2026-06-19,r-0020,Block storage,production,platform,0.3288
2026-06-19,r-0021,Compute,production,invoicing,2.4
2026-06-19,r-0022,Block storage,production,invoicing,0.1644
2026-06-19,r-0023,Compute,production,invoicing,2.4
2026-06-19,r-0024,Block storage,production,invoicing,0.6576
2026-06-19,r-0025,Compute,production,invoicing,2.4
2026-06-19,r-0026,Block storage,production,invoicing,0.6576
2026-06-19,r-0027,Compute,staging,platform,1.2
2026-06-19,r-0028,Block storage,staging,platform,0.3288
2026-06-19,r-0029,Compute,staging,platform,1.2
2026-06-19,r-0030,Block storage,staging,platform,0.3288
2026-06-19,r-0031,Compute,staging,platform,1.2
2026-06-19,r-0032,Block storage,staging,platform,0.6576
2026-06-19,r-0033,Compute,staging,platform,1.2
2026-06-19,r-0034,Block storage,staging,platform,0.6576
2026-06-19,r-0035,Compute,staging,platform,1.2
2026-06-19,r-0036,Block storage,staging,platform,0.1644
2026-06-19,r-0037,Compute,staging,platform,1.2
2026-06-19,r-0038,Block storage,staging,platform,0.3288
2026-06-19,r-0039,Compute,development,invoicing,1.2
2026-06-19,r-0040,Block storage,development,invoicing,0.3288
2026-06-19,r-0041,Compute,development,invoicing,1.2
2026-06-19,r-0042,Block storage,development,invoicing,0.6576
2026-06-19,r-0043,Compute,development,invoicing,2.4
2026-06-19,r-0044,Block storage,development,invoicing,0.1644
2026-06-19,r-0045,Compute,development,invoicing,1.2
2026-06-19,r-0046,Block storage,development,invoicing,0.3288
2026-06-19,r-0047,Compute,development,invoicing,1.2
2026-06-19,r-0048,Block storage,development,invoicing,0.1644
2026-06-19,r-0049,Compute,development,invoicing,2.4
2026-06-19,r-0050,Block storage,development,invoicing,0.3288
2026-06-19,r-0051,Compute,development,payments,1.2
2026-06-19,r-0052,Block storage,development,payments,0.3288
2026-06-19,r-0053,Compute,development,payments,1.2
2026-06-19,r-0054,Block storage,development,payments,0.3288
2026-06-19,r-0063,Compute,development,,4.8
2026-06-19,r-0064,Block storage,development,,1.6438
2026-06-19,r-0065,Compute,,,2.4
2026-06-19,r-0066,Block storage,,,0.3288
2026-06-19,r-0067,Compute,development,,2.4
2026-06-19,r-0068,Block storage,development,,0.1644
2026-06-19,r-0070,Block storage,development,platform,0.3288
2026-06-19,r-0072,Block storage,development,,0.3288
2026-06-19,r-0074,Block storage,development,,0.1644
2026-06-19,r-0076,Block storage,development,,0.3288
2026-06-19,r-0077,Block storage,,,0.6576
2026-06-19,r-0078,Block storage,development,,3.2878
2026-06-19,r-0079,Block storage,development,platform,0.6576
2026-06-19,r-0080,Block storage,,,3.2878
2026-06-19,r-0081,Block storage,staging,,1.6438
2026-06-19,r-0082,Block storage,,,0.6576
2026-06-19,r-0083,Block storage,,,1.6438
2026-06-19,r-0084,Block storage,staging,,0.6576
2026-06-19,r-0085,Snapshots,production,,0.3288
2026-06-19,r-0086,Snapshots,development,platform,0.822
2026-06-19,r-0087,Snapshots,production,platform,0.3288
2026-06-19,r-0089,Snapshots,production,platform,0.3288
2026-06-19,r-0090,Snapshots,production,platform,0.1644
2026-06-19,r-0091,Snapshots,production,platform,0.1644
2026-06-19,r-0092,Snapshots,staging,platform,0.0821
2026-06-19,r-0094,Snapshots,production,platform,0.3288
2026-06-19,r-0095,Snapshots,production,platform,0.822
2026-06-19,r-0096,Snapshots,staging,platform,0.1644
2026-06-19,r-0097,Snapshots,development,,0.0821
2026-06-19,r-0098,Snapshots,development,,0.3288
2026-06-19,r-0099,Snapshots,production,platform,0.3288
2026-06-19,r-0100,Snapshots,production,platform,0.0821
2026-06-19,r-0101,Snapshots,development,platform,0.3288
2026-06-19,r-0102,Snapshots,production,platform,0.0821
2026-06-19,r-0103,Snapshots,development,,0.822
2026-06-19,r-0105,Snapshots,staging,platform,0.0821
2026-06-19,r-0106,Snapshots,production,,0.3288
2026-06-19,r-0107,Snapshots,production,platform,0.1644
2026-06-19,r-0108,Snapshots,production,platform,0.0821
2026-06-19,r-0109,Snapshots,development,platform,0.3288
2026-06-19,r-0110,Snapshots,development,,0.0821
2026-06-19,r-0112,Snapshots,production,platform,0.822
2026-06-19,r-0113,Snapshots,production,platform,0.1644
2026-06-19,r-0114,Snapshots,development,,0.1644
2026-06-19,r-0115,Snapshots,staging,,0.1644
2026-06-19,r-0116,Snapshots,staging,platform,0.0821
2026-06-19,r-0117,Snapshots,production,,0.1644
2026-06-19,r-0118,Snapshots,production,platform,0.1644
2026-06-19,r-0119,Snapshots,development,platform,0.0821
2026-06-19,r-0120,Snapshots,production,,0.822
2026-06-19,r-0121,Object storage,production,invoicing,1.361
2026-06-19,r-0122,Object storage,production,platform,3.0247
2026-06-19,r-0123,Object storage,production,marketing,0.0302
2026-06-19,r-0124,Object storage,production,,0.2647
2026-06-19,r-0125,Object storage,production,platform,1.8905
2026-06-19,r-0126,Object storage,development,,0.4536
2026-06-19,r-0127,Managed database,production,platform,10.8
2026-06-19,r-0128,Managed database,staging,platform,5.52
2026-06-19,r-0129,Load balancing,production,platform,0.6
2026-06-19,r-0130,Load balancing,staging,platform,0.6
2026-06-19,r-0131,Public IPs,,,0.12
2026-06-19,r-0132,Public IPs,,,0.12
2026-06-19,r-0133,Public IPs,,,0.12
2026-06-19,,Data transfer,production,platform,31.7425
2026-06-20,r-0001,Compute,production,platform,2.4
2026-06-20,r-0002,Block storage,production,platform,0.3288
2026-06-20,r-0003,Compute,production,platform,2.4
2026-06-20,r-0004,Block storage,production,platform,0.3288
2026-06-20,r-0005,Compute,production,platform,2.4
2026-06-20,r-0006,Block storage,production,platform,0.3288
2026-06-20,r-0007,Compute,production,platform,2.4
2026-06-20,r-0008,Block storage,production,platform,0.3288
2026-06-20,r-0009,Compute,production,platform,2.4
2026-06-20,r-0010,Block storage,production,platform,0.6576
2026-06-20,r-0011,Compute,production,platform,2.4
2026-06-20,r-0012,Block storage,production,platform,0.3288
2026-06-20,r-0013,Compute,production,platform,4.8
2026-06-20,r-0014,Block storage,production,platform,0.3288
2026-06-20,r-0015,Compute,production,platform,4.8
2026-06-20,r-0016,Block storage,production,platform,0.1644
2026-06-20,r-0017,Compute,production,platform,4.8
2026-06-20,r-0018,Block storage,production,platform,0.3288
2026-06-20,r-0019,Compute,production,platform,4.8
2026-06-20,r-0020,Block storage,production,platform,0.3288
2026-06-20,r-0021,Compute,production,invoicing,2.4
2026-06-20,r-0022,Block storage,production,invoicing,0.1644
2026-06-20,r-0023,Compute,production,invoicing,2.4
2026-06-20,r-0024,Block storage,production,invoicing,0.6576
2026-06-20,r-0025,Compute,production,invoicing,2.4
2026-06-20,r-0026,Block storage,production,invoicing,0.6576
2026-06-20,r-0027,Compute,staging,platform,1.2
2026-06-20,r-0028,Block storage,staging,platform,0.3288
2026-06-20,r-0029,Compute,staging,platform,1.2
2026-06-20,r-0030,Block storage,staging,platform,0.3288
2026-06-20,r-0031,Compute,staging,platform,1.2
2026-06-20,r-0032,Block storage,staging,platform,0.6576
2026-06-20,r-0033,Compute,staging,platform,1.2
2026-06-20,r-0034,Block storage,staging,platform,0.6576
2026-06-20,r-0035,Compute,staging,platform,1.2
2026-06-20,r-0036,Block storage,staging,platform,0.1644
2026-06-20,r-0037,Compute,staging,platform,1.2
2026-06-20,r-0038,Block storage,staging,platform,0.3288
2026-06-20,r-0039,Compute,development,invoicing,1.2
2026-06-20,r-0040,Block storage,development,invoicing,0.3288
2026-06-20,r-0041,Compute,development,invoicing,1.2
2026-06-20,r-0042,Block storage,development,invoicing,0.6576
2026-06-20,r-0043,Compute,development,invoicing,2.4
2026-06-20,r-0044,Block storage,development,invoicing,0.1644
2026-06-20,r-0045,Compute,development,invoicing,1.2
2026-06-20,r-0046,Block storage,development,invoicing,0.3288
2026-06-20,r-0047,Compute,development,invoicing,1.2
2026-06-20,r-0048,Block storage,development,invoicing,0.1644
2026-06-20,r-0049,Compute,development,invoicing,2.4
2026-06-20,r-0050,Block storage,development,invoicing,0.3288
2026-06-20,r-0051,Compute,development,payments,1.2
2026-06-20,r-0052,Block storage,development,payments,0.3288
2026-06-20,r-0053,Compute,development,payments,1.2
2026-06-20,r-0054,Block storage,development,payments,0.3288
2026-06-20,r-0063,Compute,development,,4.8
2026-06-20,r-0064,Block storage,development,,1.6438
2026-06-20,r-0065,Compute,,,2.4
2026-06-20,r-0066,Block storage,,,0.3288
2026-06-20,r-0067,Compute,development,,2.4
2026-06-20,r-0068,Block storage,development,,0.1644
2026-06-20,r-0070,Block storage,development,platform,0.3288
2026-06-20,r-0072,Block storage,development,,0.3288
2026-06-20,r-0074,Block storage,development,,0.1644
2026-06-20,r-0076,Block storage,development,,0.3288
2026-06-20,r-0077,Block storage,,,0.6576
2026-06-20,r-0078,Block storage,development,,3.2878
2026-06-20,r-0079,Block storage,development,platform,0.6576
2026-06-20,r-0080,Block storage,,,3.2878
2026-06-20,r-0081,Block storage,staging,,1.6438
2026-06-20,r-0082,Block storage,,,0.6576
2026-06-20,r-0083,Block storage,,,1.6438
2026-06-20,r-0084,Block storage,staging,,0.6576
2026-06-20,r-0085,Snapshots,production,,0.3288
2026-06-20,r-0086,Snapshots,development,platform,0.822
2026-06-20,r-0087,Snapshots,production,platform,0.3288
2026-06-20,r-0089,Snapshots,production,platform,0.3288
2026-06-20,r-0090,Snapshots,production,platform,0.1644
2026-06-20,r-0091,Snapshots,production,platform,0.1644
2026-06-20,r-0092,Snapshots,staging,platform,0.0821
2026-06-20,r-0094,Snapshots,production,platform,0.3288
2026-06-20,r-0095,Snapshots,production,platform,0.822
2026-06-20,r-0096,Snapshots,staging,platform,0.1644
2026-06-20,r-0097,Snapshots,development,,0.0821
2026-06-20,r-0098,Snapshots,development,,0.3288
2026-06-20,r-0099,Snapshots,production,platform,0.3288
2026-06-20,r-0100,Snapshots,production,platform,0.0821
2026-06-20,r-0101,Snapshots,development,platform,0.3288
2026-06-20,r-0102,Snapshots,production,platform,0.0821
2026-06-20,r-0103,Snapshots,development,,0.822
2026-06-20,r-0105,Snapshots,staging,platform,0.0821
2026-06-20,r-0106,Snapshots,production,,0.3288
2026-06-20,r-0107,Snapshots,production,platform,0.1644
2026-06-20,r-0108,Snapshots,production,platform,0.0821
2026-06-20,r-0109,Snapshots,development,platform,0.3288
2026-06-20,r-0110,Snapshots,development,,0.0821
2026-06-20,r-0112,Snapshots,production,platform,0.822
2026-06-20,r-0113,Snapshots,production,platform,0.1644
2026-06-20,r-0114,Snapshots,development,,0.1644
2026-06-20,r-0115,Snapshots,staging,,0.1644
2026-06-20,r-0116,Snapshots,staging,platform,0.0821
2026-06-20,r-0117,Snapshots,production,,0.1644
2026-06-20,r-0118,Snapshots,production,platform,0.1644
2026-06-20,r-0119,Snapshots,development,platform,0.0821
2026-06-20,r-0120,Snapshots,production,,0.822
2026-06-20,r-0121,Object storage,production,invoicing,1.361
2026-06-20,r-0122,Object storage,production,platform,3.0247
2026-06-20,r-0123,Object storage,production,marketing,0.0302
2026-06-20,r-0124,Object storage,production,,0.2647
2026-06-20,r-0125,Object storage,production,platform,1.8905
2026-06-20,r-0126,Object storage,development,,0.4536
2026-06-20,r-0127,Managed database,production,platform,10.8
2026-06-20,r-0128,Managed database,staging,platform,5.52
2026-06-20,r-0129,Load balancing,production,platform,0.6
2026-06-20,r-0130,Load balancing,staging,platform,0.6
2026-06-20,r-0131,Public IPs,,,0.12
2026-06-20,r-0132,Public IPs,,,0.12
2026-06-20,r-0133,Public IPs,,,0.12
2026-06-20,,Data transfer,production,platform,30.1944
2026-06-21,r-0001,Compute,production,platform,2.4
2026-06-21,r-0002,Block storage,production,platform,0.3288
2026-06-21,r-0003,Compute,production,platform,2.4
2026-06-21,r-0004,Block storage,production,platform,0.3288
2026-06-21,r-0005,Compute,production,platform,2.4
2026-06-21,r-0006,Block storage,production,platform,0.3288
2026-06-21,r-0007,Compute,production,platform,2.4
2026-06-21,r-0008,Block storage,production,platform,0.3288
2026-06-21,r-0009,Compute,production,platform,2.4
2026-06-21,r-0010,Block storage,production,platform,0.6576
2026-06-21,r-0011,Compute,production,platform,2.4
2026-06-21,r-0012,Block storage,production,platform,0.3288
2026-06-21,r-0013,Compute,production,platform,4.8
2026-06-21,r-0014,Block storage,production,platform,0.3288
2026-06-21,r-0015,Compute,production,platform,4.8
2026-06-21,r-0016,Block storage,production,platform,0.1644
2026-06-21,r-0017,Compute,production,platform,4.8
2026-06-21,r-0018,Block storage,production,platform,0.3288
2026-06-21,r-0019,Compute,production,platform,4.8
2026-06-21,r-0020,Block storage,production,platform,0.3288
2026-06-21,r-0021,Compute,production,invoicing,2.4
2026-06-21,r-0022,Block storage,production,invoicing,0.1644
2026-06-21,r-0023,Compute,production,invoicing,2.4
2026-06-21,r-0024,Block storage,production,invoicing,0.6576
2026-06-21,r-0025,Compute,production,invoicing,2.4
2026-06-21,r-0026,Block storage,production,invoicing,0.6576
2026-06-21,r-0027,Compute,staging,platform,1.2
2026-06-21,r-0028,Block storage,staging,platform,0.3288
2026-06-21,r-0029,Compute,staging,platform,1.2
2026-06-21,r-0030,Block storage,staging,platform,0.3288
2026-06-21,r-0031,Compute,staging,platform,1.2
2026-06-21,r-0032,Block storage,staging,platform,0.6576
2026-06-21,r-0033,Compute,staging,platform,1.2
2026-06-21,r-0034,Block storage,staging,platform,0.6576
2026-06-21,r-0035,Compute,staging,platform,1.2
2026-06-21,r-0036,Block storage,staging,platform,0.1644
2026-06-21,r-0037,Compute,staging,platform,1.2
2026-06-21,r-0038,Block storage,staging,platform,0.3288
2026-06-21,r-0039,Compute,development,invoicing,1.2
2026-06-21,r-0040,Block storage,development,invoicing,0.3288
2026-06-21,r-0041,Compute,development,invoicing,1.2
2026-06-21,r-0042,Block storage,development,invoicing,0.6576
2026-06-21,r-0043,Compute,development,invoicing,2.4
2026-06-21,r-0044,Block storage,development,invoicing,0.1644
2026-06-21,r-0045,Compute,development,invoicing,1.2
2026-06-21,r-0046,Block storage,development,invoicing,0.3288
2026-06-21,r-0047,Compute,development,invoicing,1.2
2026-06-21,r-0048,Block storage,development,invoicing,0.1644
2026-06-21,r-0049,Compute,development,invoicing,2.4
2026-06-21,r-0050,Block storage,development,invoicing,0.3288
2026-06-21,r-0051,Compute,development,payments,1.2
2026-06-21,r-0052,Block storage,development,payments,0.3288
2026-06-21,r-0053,Compute,development,payments,1.2
2026-06-21,r-0054,Block storage,development,payments,0.3288
2026-06-21,r-0063,Compute,development,,4.8
2026-06-21,r-0064,Block storage,development,,1.6438
2026-06-21,r-0065,Compute,,,2.4
2026-06-21,r-0066,Block storage,,,0.3288
2026-06-21,r-0067,Compute,development,,2.4
2026-06-21,r-0068,Block storage,development,,0.1644
2026-06-21,r-0070,Block storage,development,platform,0.3288
2026-06-21,r-0072,Block storage,development,,0.3288
2026-06-21,r-0074,Block storage,development,,0.1644
2026-06-21,r-0076,Block storage,development,,0.3288
2026-06-21,r-0077,Block storage,,,0.6576
2026-06-21,r-0078,Block storage,development,,3.2878
2026-06-21,r-0079,Block storage,development,platform,0.6576
2026-06-21,r-0080,Block storage,,,3.2878
2026-06-21,r-0081,Block storage,staging,,1.6438
2026-06-21,r-0082,Block storage,,,0.6576
2026-06-21,r-0083,Block storage,,,1.6438
2026-06-21,r-0084,Block storage,staging,,0.6576
2026-06-21,r-0085,Snapshots,production,,0.3288
2026-06-21,r-0086,Snapshots,development,platform,0.822
2026-06-21,r-0087,Snapshots,production,platform,0.3288
2026-06-21,r-0089,Snapshots,production,platform,0.3288
2026-06-21,r-0090,Snapshots,production,platform,0.1644
2026-06-21,r-0091,Snapshots,production,platform,0.1644
2026-06-21,r-0092,Snapshots,staging,platform,0.0821
2026-06-21,r-0094,Snapshots,production,platform,0.3288
2026-06-21,r-0095,Snapshots,production,platform,0.822
2026-06-21,r-0096,Snapshots,staging,platform,0.1644
2026-06-21,r-0097,Snapshots,development,,0.0821
2026-06-21,r-0098,Snapshots,development,,0.3288
2026-06-21,r-0099,Snapshots,production,platform,0.3288
2026-06-21,r-0100,Snapshots,production,platform,0.0821
2026-06-21,r-0101,Snapshots,development,platform,0.3288
2026-06-21,r-0102,Snapshots,production,platform,0.0821
2026-06-21,r-0103,Snapshots,development,,0.822
2026-06-21,r-0105,Snapshots,staging,platform,0.0821
2026-06-21,r-0106,Snapshots,production,,0.3288
2026-06-21,r-0107,Snapshots,production,platform,0.1644
2026-06-21,r-0108,Snapshots,production,platform,0.0821
2026-06-21,r-0109,Snapshots,development,platform,0.3288
2026-06-21,r-0110,Snapshots,development,,0.0821
2026-06-21,r-0112,Snapshots,production,platform,0.822
2026-06-21,r-0113,Snapshots,production,platform,0.1644
2026-06-21,r-0114,Snapshots,development,,0.1644
2026-06-21,r-0115,Snapshots,staging,,0.1644
2026-06-21,r-0116,Snapshots,staging,platform,0.0821
2026-06-21,r-0117,Snapshots,production,,0.1644
2026-06-21,r-0118,Snapshots,production,platform,0.1644
2026-06-21,r-0119,Snapshots,development,platform,0.0821
2026-06-21,r-0120,Snapshots,production,,0.822
2026-06-21,r-0121,Object storage,production,invoicing,1.361
2026-06-21,r-0122,Object storage,production,platform,3.0247
2026-06-21,r-0123,Object storage,production,marketing,0.0302
2026-06-21,r-0124,Object storage,production,,0.2647
2026-06-21,r-0125,Object storage,production,platform,1.8905
2026-06-21,r-0126,Object storage,development,,0.4536
2026-06-21,r-0127,Managed database,production,platform,10.8
2026-06-21,r-0128,Managed database,staging,platform,5.52
2026-06-21,r-0129,Load balancing,production,platform,0.6
2026-06-21,r-0130,Load balancing,staging,platform,0.6
2026-06-21,r-0131,Public IPs,,,0.12
2026-06-21,r-0132,Public IPs,,,0.12
2026-06-21,r-0133,Public IPs,,,0.12
2026-06-21,,Data transfer,production,platform,35.9317
2026-06-22,r-0001,Compute,production,platform,2.4
2026-06-22,r-0002,Block storage,production,platform,0.3288
2026-06-22,r-0003,Compute,production,platform,2.4
2026-06-22,r-0004,Block storage,production,platform,0.3288
2026-06-22,r-0005,Compute,production,platform,2.4
2026-06-22,r-0006,Block storage,production,platform,0.3288
2026-06-22,r-0007,Compute,production,platform,2.4
2026-06-22,r-0008,Block storage,production,platform,0.3288
2026-06-22,r-0009,Compute,production,platform,2.4
2026-06-22,r-0010,Block storage,production,platform,0.6576
2026-06-22,r-0011,Compute,production,platform,2.4
2026-06-22,r-0012,Block storage,production,platform,0.3288
2026-06-22,r-0013,Compute,production,platform,4.8
2026-06-22,r-0014,Block storage,production,platform,0.3288
2026-06-22,r-0015,Compute,production,platform,4.8
2026-06-22,r-0016,Block storage,production,platform,0.1644
2026-06-22,r-0017,Compute,production,platform,4.8
2026-06-22,r-0018,Block storage,production,platform,0.3288
2026-06-22,r-0019,Compute,production,platform,4.8
2026-06-22,r-0020,Block storage,production,platform,0.3288
2026-06-22,r-0021,Compute,production,invoicing,2.4
2026-06-22,r-0022,Block storage,production,invoicing,0.1644
2026-06-22,r-0023,Compute,production,invoicing,2.4
2026-06-22,r-0024,Block storage,production,invoicing,0.6576
2026-06-22,r-0025,Compute,production,invoicing,2.4
2026-06-22,r-0026,Block storage,production,invoicing,0.6576
2026-06-22,r-0027,Compute,staging,platform,1.2
2026-06-22,r-0028,Block storage,staging,platform,0.3288
2026-06-22,r-0029,Compute,staging,platform,1.2
2026-06-22,r-0030,Block storage,staging,platform,0.3288
2026-06-22,r-0031,Compute,staging,platform,1.2
2026-06-22,r-0032,Block storage,staging,platform,0.6576
2026-06-22,r-0033,Compute,staging,platform,1.2
2026-06-22,r-0034,Block storage,staging,platform,0.6576
2026-06-22,r-0035,Compute,staging,platform,1.2
2026-06-22,r-0036,Block storage,staging,platform,0.1644
2026-06-22,r-0037,Compute,staging,platform,1.2
2026-06-22,r-0038,Block storage,staging,platform,0.3288
2026-06-22,r-0039,Compute,development,invoicing,1.2
2026-06-22,r-0040,Block storage,development,invoicing,0.3288
2026-06-22,r-0041,Compute,development,invoicing,1.2
2026-06-22,r-0042,Block storage,development,invoicing,0.6576
2026-06-22,r-0043,Compute,development,invoicing,2.4
2026-06-22,r-0044,Block storage,development,invoicing,0.1644
2026-06-22,r-0045,Compute,development,invoicing,1.2
2026-06-22,r-0046,Block storage,development,invoicing,0.3288
2026-06-22,r-0047,Compute,development,invoicing,1.2
2026-06-22,r-0048,Block storage,development,invoicing,0.1644
2026-06-22,r-0049,Compute,development,invoicing,2.4
2026-06-22,r-0050,Block storage,development,invoicing,0.3288
2026-06-22,r-0051,Compute,development,payments,1.2
2026-06-22,r-0052,Block storage,development,payments,0.3288
2026-06-22,r-0053,Compute,development,payments,1.2
2026-06-22,r-0054,Block storage,development,payments,0.3288
2026-06-22,r-0063,Compute,development,,4.8
2026-06-22,r-0064,Block storage,development,,1.6438
2026-06-22,r-0065,Compute,,,2.4
2026-06-22,r-0066,Block storage,,,0.3288
2026-06-22,r-0067,Compute,development,,2.4
2026-06-22,r-0068,Block storage,development,,0.1644
2026-06-22,r-0070,Block storage,development,platform,0.3288
2026-06-22,r-0072,Block storage,development,,0.3288
2026-06-22,r-0074,Block storage,development,,0.1644
2026-06-22,r-0076,Block storage,development,,0.3288
2026-06-22,r-0077,Block storage,,,0.6576
2026-06-22,r-0078,Block storage,development,,3.2878
2026-06-22,r-0079,Block storage,development,platform,0.6576
2026-06-22,r-0080,Block storage,,,3.2878
2026-06-22,r-0081,Block storage,staging,,1.6438
2026-06-22,r-0082,Block storage,,,0.6576
2026-06-22,r-0083,Block storage,,,1.6438
2026-06-22,r-0084,Block storage,staging,,0.6576
2026-06-22,r-0085,Snapshots,production,,0.3288
2026-06-22,r-0086,Snapshots,development,platform,0.822
2026-06-22,r-0087,Snapshots,production,platform,0.3288
2026-06-22,r-0089,Snapshots,production,platform,0.3288
2026-06-22,r-0090,Snapshots,production,platform,0.1644
2026-06-22,r-0091,Snapshots,production,platform,0.1644
2026-06-22,r-0092,Snapshots,staging,platform,0.0821
2026-06-22,r-0094,Snapshots,production,platform,0.3288
2026-06-22,r-0095,Snapshots,production,platform,0.822
2026-06-22,r-0096,Snapshots,staging,platform,0.1644
2026-06-22,r-0097,Snapshots,development,,0.0821
2026-06-22,r-0098,Snapshots,development,,0.3288
2026-06-22,r-0099,Snapshots,production,platform,0.3288
2026-06-22,r-0100,Snapshots,production,platform,0.0821
2026-06-22,r-0101,Snapshots,development,platform,0.3288
2026-06-22,r-0102,Snapshots,production,platform,0.0821
2026-06-22,r-0103,Snapshots,development,,0.822
2026-06-22,r-0105,Snapshots,staging,platform,0.0821
2026-06-22,r-0106,Snapshots,production,,0.3288
2026-06-22,r-0107,Snapshots,production,platform,0.1644
2026-06-22,r-0108,Snapshots,production,platform,0.0821
2026-06-22,r-0109,Snapshots,development,platform,0.3288
2026-06-22,r-0110,Snapshots,development,,0.0821
2026-06-22,r-0112,Snapshots,production,platform,0.822
2026-06-22,r-0113,Snapshots,production,platform,0.1644
2026-06-22,r-0114,Snapshots,development,,0.1644
2026-06-22,r-0115,Snapshots,staging,,0.1644
2026-06-22,r-0116,Snapshots,staging,platform,0.0821
2026-06-22,r-0117,Snapshots,production,,0.1644
2026-06-22,r-0118,Snapshots,production,platform,0.1644
2026-06-22,r-0119,Snapshots,development,platform,0.0821
2026-06-22,r-0120,Snapshots,production,,0.822
2026-06-22,r-0121,Object storage,production,invoicing,1.361
2026-06-22,r-0122,Object storage,production,platform,3.0247
2026-06-22,r-0123,Object storage,production,marketing,0.0302
2026-06-22,r-0124,Object storage,production,,0.2647
2026-06-22,r-0125,Object storage,production,platform,1.8905
2026-06-22,r-0126,Object storage,development,,0.4536
2026-06-22,r-0127,Managed database,production,platform,10.8
2026-06-22,r-0128,Managed database,staging,platform,5.52
2026-06-22,r-0129,Load balancing,production,platform,0.6
2026-06-22,r-0130,Load balancing,staging,platform,0.6
2026-06-22,r-0131,Public IPs,,,0.12
2026-06-22,r-0132,Public IPs,,,0.12
2026-06-22,r-0133,Public IPs,,,0.12
2026-06-22,,Data transfer,production,platform,30.1217
2026-06-23,r-0001,Compute,production,platform,2.4
2026-06-23,r-0002,Block storage,production,platform,0.3288
2026-06-23,r-0003,Compute,production,platform,2.4
2026-06-23,r-0004,Block storage,production,platform,0.3288
2026-06-23,r-0005,Compute,production,platform,2.4
2026-06-23,r-0006,Block storage,production,platform,0.3288
2026-06-23,r-0007,Compute,production,platform,2.4
2026-06-23,r-0008,Block storage,production,platform,0.3288
2026-06-23,r-0009,Compute,production,platform,2.4
2026-06-23,r-0010,Block storage,production,platform,0.6576
2026-06-23,r-0011,Compute,production,platform,2.4
2026-06-23,r-0012,Block storage,production,platform,0.3288
2026-06-23,r-0013,Compute,production,platform,4.8
2026-06-23,r-0014,Block storage,production,platform,0.3288
2026-06-23,r-0015,Compute,production,platform,4.8
2026-06-23,r-0016,Block storage,production,platform,0.1644
2026-06-23,r-0017,Compute,production,platform,4.8
2026-06-23,r-0018,Block storage,production,platform,0.3288
2026-06-23,r-0019,Compute,production,platform,4.8
2026-06-23,r-0020,Block storage,production,platform,0.3288
2026-06-23,r-0021,Compute,production,invoicing,2.4
2026-06-23,r-0022,Block storage,production,invoicing,0.1644
2026-06-23,r-0023,Compute,production,invoicing,2.4
2026-06-23,r-0024,Block storage,production,invoicing,0.6576
2026-06-23,r-0025,Compute,production,invoicing,2.4
2026-06-23,r-0026,Block storage,production,invoicing,0.6576
2026-06-23,r-0027,Compute,staging,platform,1.2
2026-06-23,r-0028,Block storage,staging,platform,0.3288
2026-06-23,r-0029,Compute,staging,platform,1.2
2026-06-23,r-0030,Block storage,staging,platform,0.3288
2026-06-23,r-0031,Compute,staging,platform,1.2
2026-06-23,r-0032,Block storage,staging,platform,0.6576
2026-06-23,r-0033,Compute,staging,platform,1.2
2026-06-23,r-0034,Block storage,staging,platform,0.6576
2026-06-23,r-0035,Compute,staging,platform,1.2
2026-06-23,r-0036,Block storage,staging,platform,0.1644
2026-06-23,r-0037,Compute,staging,platform,1.2
2026-06-23,r-0038,Block storage,staging,platform,0.3288
2026-06-23,r-0039,Compute,development,invoicing,1.2
2026-06-23,r-0040,Block storage,development,invoicing,0.3288
2026-06-23,r-0041,Compute,development,invoicing,1.2
2026-06-23,r-0042,Block storage,development,invoicing,0.6576
2026-06-23,r-0043,Compute,development,invoicing,2.4
2026-06-23,r-0044,Block storage,development,invoicing,0.1644
2026-06-23,r-0045,Compute,development,invoicing,1.2
2026-06-23,r-0046,Block storage,development,invoicing,0.3288
2026-06-23,r-0047,Compute,development,invoicing,1.2
2026-06-23,r-0048,Block storage,development,invoicing,0.1644
2026-06-23,r-0049,Compute,development,invoicing,2.4
2026-06-23,r-0050,Block storage,development,invoicing,0.3288
2026-06-23,r-0051,Compute,development,payments,1.2
2026-06-23,r-0052,Block storage,development,payments,0.3288
2026-06-23,r-0053,Compute,development,payments,1.2
2026-06-23,r-0054,Block storage,development,payments,0.3288
2026-06-23,r-0063,Compute,development,,4.8
2026-06-23,r-0064,Block storage,development,,1.6438
2026-06-23,r-0065,Compute,,,2.4
2026-06-23,r-0066,Block storage,,,0.3288
2026-06-23,r-0067,Compute,development,,2.4
2026-06-23,r-0068,Block storage,development,,0.1644
2026-06-23,r-0070,Block storage,development,platform,0.3288
2026-06-23,r-0072,Block storage,development,,0.3288
2026-06-23,r-0074,Block storage,development,,0.1644
2026-06-23,r-0076,Block storage,development,,0.3288
2026-06-23,r-0077,Block storage,,,0.6576
2026-06-23,r-0078,Block storage,development,,3.2878
2026-06-23,r-0079,Block storage,development,platform,0.6576
2026-06-23,r-0080,Block storage,,,3.2878
2026-06-23,r-0081,Block storage,staging,,1.6438
2026-06-23,r-0082,Block storage,,,0.6576
2026-06-23,r-0083,Block storage,,,1.6438
2026-06-23,r-0084,Block storage,staging,,0.6576
2026-06-23,r-0085,Snapshots,production,,0.3288
2026-06-23,r-0086,Snapshots,development,platform,0.822
2026-06-23,r-0087,Snapshots,production,platform,0.3288
2026-06-23,r-0089,Snapshots,production,platform,0.3288
2026-06-23,r-0090,Snapshots,production,platform,0.1644
2026-06-23,r-0091,Snapshots,production,platform,0.1644
2026-06-23,r-0092,Snapshots,staging,platform,0.0821
2026-06-23,r-0094,Snapshots,production,platform,0.3288
2026-06-23,r-0095,Snapshots,production,platform,0.822
2026-06-23,r-0096,Snapshots,staging,platform,0.1644
2026-06-23,r-0097,Snapshots,development,,0.0821
2026-06-23,r-0098,Snapshots,development,,0.3288
2026-06-23,r-0099,Snapshots,production,platform,0.3288
2026-06-23,r-0100,Snapshots,production,platform,0.0821
2026-06-23,r-0101,Snapshots,development,platform,0.3288
2026-06-23,r-0102,Snapshots,production,platform,0.0821
2026-06-23,r-0103,Snapshots,development,,0.822
2026-06-23,r-0105,Snapshots,staging,platform,0.0821
2026-06-23,r-0106,Snapshots,production,,0.3288
2026-06-23,r-0107,Snapshots,production,platform,0.1644
2026-06-23,r-0108,Snapshots,production,platform,0.0821
2026-06-23,r-0109,Snapshots,development,platform,0.3288
2026-06-23,r-0110,Snapshots,development,,0.0821
2026-06-23,r-0112,Snapshots,production,platform,0.822
2026-06-23,r-0113,Snapshots,production,platform,0.1644
2026-06-23,r-0114,Snapshots,development,,0.1644
2026-06-23,r-0115,Snapshots,staging,,0.1644
2026-06-23,r-0116,Snapshots,staging,platform,0.0821
2026-06-23,r-0117,Snapshots,production,,0.1644
2026-06-23,r-0118,Snapshots,production,platform,0.1644
2026-06-23,r-0119,Snapshots,development,platform,0.0821
2026-06-23,r-0120,Snapshots,production,,0.822
2026-06-23,r-0121,Object storage,production,invoicing,1.361
2026-06-23,r-0122,Object storage,production,platform,3.0247
2026-06-23,r-0123,Object storage,production,marketing,0.0302
2026-06-23,r-0124,Object storage,production,,0.2647
2026-06-23,r-0125,Object storage,production,platform,1.8905
2026-06-23,r-0126,Object storage,development,,0.4536
2026-06-23,r-0127,Managed database,production,platform,10.8
2026-06-23,r-0128,Managed database,staging,platform,5.52
2026-06-23,r-0129,Load balancing,production,platform,0.6
2026-06-23,r-0130,Load balancing,staging,platform,0.6
2026-06-23,r-0131,Public IPs,,,0.12
2026-06-23,r-0132,Public IPs,,,0.12
2026-06-23,r-0133,Public IPs,,,0.12
2026-06-23,,Data transfer,production,platform,30.4485
2026-06-24,r-0001,Compute,production,platform,2.4
2026-06-24,r-0002,Block storage,production,platform,0.3288
2026-06-24,r-0003,Compute,production,platform,2.4
2026-06-24,r-0004,Block storage,production,platform,0.3288
2026-06-24,r-0005,Compute,production,platform,2.4
2026-06-24,r-0006,Block storage,production,platform,0.3288
2026-06-24,r-0007,Compute,production,platform,2.4
2026-06-24,r-0008,Block storage,production,platform,0.3288
2026-06-24,r-0009,Compute,production,platform,2.4
2026-06-24,r-0010,Block storage,production,platform,0.6576
2026-06-24,r-0011,Compute,production,platform,2.4
2026-06-24,r-0012,Block storage,production,platform,0.3288
2026-06-24,r-0013,Compute,production,platform,4.8
2026-06-24,r-0014,Block storage,production,platform,0.3288
2026-06-24,r-0015,Compute,production,platform,4.8
2026-06-24,r-0016,Block storage,production,platform,0.1644
2026-06-24,r-0017,Compute,production,platform,4.8
2026-06-24,r-0018,Block storage,production,platform,0.3288
2026-06-24,r-0019,Compute,production,platform,4.8
2026-06-24,r-0020,Block storage,production,platform,0.3288
2026-06-24,r-0021,Compute,production,invoicing,2.4
2026-06-24,r-0022,Block storage,production,invoicing,0.1644
2026-06-24,r-0023,Compute,production,invoicing,2.4
2026-06-24,r-0024,Block storage,production,invoicing,0.6576
2026-06-24,r-0025,Compute,production,invoicing,2.4
2026-06-24,r-0026,Block storage,production,invoicing,0.6576
2026-06-24,r-0027,Compute,staging,platform,1.2
2026-06-24,r-0028,Block storage,staging,platform,0.3288
2026-06-24,r-0029,Compute,staging,platform,1.2
2026-06-24,r-0030,Block storage,staging,platform,0.3288
2026-06-24,r-0031,Compute,staging,platform,1.2
2026-06-24,r-0032,Block storage,staging,platform,0.6576
2026-06-24,r-0033,Compute,staging,platform,1.2
2026-06-24,r-0034,Block storage,staging,platform,0.6576
2026-06-24,r-0035,Compute,staging,platform,1.2
2026-06-24,r-0036,Block storage,staging,platform,0.1644
2026-06-24,r-0037,Compute,staging,platform,1.2
2026-06-24,r-0038,Block storage,staging,platform,0.3288
2026-06-24,r-0039,Compute,development,invoicing,1.2
2026-06-24,r-0040,Block storage,development,invoicing,0.3288
2026-06-24,r-0041,Compute,development,invoicing,1.2
2026-06-24,r-0042,Block storage,development,invoicing,0.6576
2026-06-24,r-0043,Compute,development,invoicing,2.4
2026-06-24,r-0044,Block storage,development,invoicing,0.1644
2026-06-24,r-0045,Compute,development,invoicing,1.2
2026-06-24,r-0046,Block storage,development,invoicing,0.3288
2026-06-24,r-0047,Compute,development,invoicing,1.2
2026-06-24,r-0048,Block storage,development,invoicing,0.1644
2026-06-24,r-0049,Compute,development,invoicing,2.4
2026-06-24,r-0050,Block storage,development,invoicing,0.3288
2026-06-24,r-0051,Compute,development,payments,1.2
2026-06-24,r-0052,Block storage,development,payments,0.3288
2026-06-24,r-0053,Compute,development,payments,1.2
2026-06-24,r-0054,Block storage,development,payments,0.3288
2026-06-24,r-0063,Compute,development,,4.8
2026-06-24,r-0064,Block storage,development,,1.6438
2026-06-24,r-0065,Compute,,,2.4
2026-06-24,r-0066,Block storage,,,0.3288
2026-06-24,r-0067,Compute,development,,2.4
2026-06-24,r-0068,Block storage,development,,0.1644
2026-06-24,r-0070,Block storage,development,platform,0.3288
2026-06-24,r-0072,Block storage,development,,0.3288
2026-06-24,r-0074,Block storage,development,,0.1644
2026-06-24,r-0076,Block storage,development,,0.3288
2026-06-24,r-0077,Block storage,,,0.6576
2026-06-24,r-0078,Block storage,development,,3.2878
2026-06-24,r-0079,Block storage,development,platform,0.6576
2026-06-24,r-0080,Block storage,,,3.2878
2026-06-24,r-0081,Block storage,staging,,1.6438
2026-06-24,r-0082,Block storage,,,0.6576
2026-06-24,r-0083,Block storage,,,1.6438
2026-06-24,r-0084,Block storage,staging,,0.6576
2026-06-24,r-0085,Snapshots,production,,0.3288
2026-06-24,r-0086,Snapshots,development,platform,0.822
2026-06-24,r-0087,Snapshots,production,platform,0.3288
2026-06-24,r-0089,Snapshots,production,platform,0.3288
2026-06-24,r-0090,Snapshots,production,platform,0.1644
2026-06-24,r-0091,Snapshots,production,platform,0.1644
2026-06-24,r-0092,Snapshots,staging,platform,0.0821
2026-06-24,r-0094,Snapshots,production,platform,0.3288
2026-06-24,r-0095,Snapshots,production,platform,0.822
2026-06-24,r-0096,Snapshots,staging,platform,0.1644
2026-06-24,r-0097,Snapshots,development,,0.0821
2026-06-24,r-0098,Snapshots,development,,0.3288
2026-06-24,r-0099,Snapshots,production,platform,0.3288
2026-06-24,r-0100,Snapshots,production,platform,0.0821
2026-06-24,r-0101,Snapshots,development,platform,0.3288
2026-06-24,r-0102,Snapshots,production,platform,0.0821
2026-06-24,r-0103,Snapshots,development,,0.822
2026-06-24,r-0105,Snapshots,staging,platform,0.0821
2026-06-24,r-0106,Snapshots,production,,0.3288
2026-06-24,r-0107,Snapshots,production,platform,0.1644
2026-06-24,r-0108,Snapshots,production,platform,0.0821
2026-06-24,r-0109,Snapshots,development,platform,0.3288
2026-06-24,r-0110,Snapshots,development,,0.0821
2026-06-24,r-0112,Snapshots,production,platform,0.822
2026-06-24,r-0113,Snapshots,production,platform,0.1644
2026-06-24,r-0114,Snapshots,development,,0.1644
2026-06-24,r-0115,Snapshots,staging,,0.1644
2026-06-24,r-0116,Snapshots,staging,platform,0.0821
2026-06-24,r-0117,Snapshots,production,,0.1644
2026-06-24,r-0118,Snapshots,production,platform,0.1644
2026-06-24,r-0119,Snapshots,development,platform,0.0821
2026-06-24,r-0120,Snapshots,production,,0.822
2026-06-24,r-0121,Object storage,production,invoicing,1.361
2026-06-24,r-0122,Object storage,production,platform,3.0247
2026-06-24,r-0123,Object storage,production,marketing,0.0302
2026-06-24,r-0124,Object storage,production,,0.2647
2026-06-24,r-0125,Object storage,production,platform,1.8905
2026-06-24,r-0126,Object storage,development,,0.4536
2026-06-24,r-0127,Managed database,production,platform,10.8
2026-06-24,r-0128,Managed database,staging,platform,5.52
2026-06-24,r-0129,Load balancing,production,platform,0.6
2026-06-24,r-0130,Load balancing,staging,platform,0.6
2026-06-24,r-0131,Public IPs,,,0.12
2026-06-24,r-0132,Public IPs,,,0.12
2026-06-24,r-0133,Public IPs,,,0.12
2026-06-24,,Data transfer,production,platform,31.9478
2026-06-25,r-0001,Compute,production,platform,2.4
2026-06-25,r-0002,Block storage,production,platform,0.3288
2026-06-25,r-0003,Compute,production,platform,2.4
2026-06-25,r-0004,Block storage,production,platform,0.3288
2026-06-25,r-0005,Compute,production,platform,2.4
2026-06-25,r-0006,Block storage,production,platform,0.3288
2026-06-25,r-0007,Compute,production,platform,2.4
2026-06-25,r-0008,Block storage,production,platform,0.3288
2026-06-25,r-0009,Compute,production,platform,2.4
2026-06-25,r-0010,Block storage,production,platform,0.6576
2026-06-25,r-0011,Compute,production,platform,2.4
2026-06-25,r-0012,Block storage,production,platform,0.3288
2026-06-25,r-0013,Compute,production,platform,4.8
2026-06-25,r-0014,Block storage,production,platform,0.3288
2026-06-25,r-0015,Compute,production,platform,4.8
2026-06-25,r-0016,Block storage,production,platform,0.1644
2026-06-25,r-0017,Compute,production,platform,4.8
2026-06-25,r-0018,Block storage,production,platform,0.3288
2026-06-25,r-0019,Compute,production,platform,4.8
2026-06-25,r-0020,Block storage,production,platform,0.3288
2026-06-25,r-0021,Compute,production,invoicing,2.4
2026-06-25,r-0022,Block storage,production,invoicing,0.1644
2026-06-25,r-0023,Compute,production,invoicing,2.4
2026-06-25,r-0024,Block storage,production,invoicing,0.6576
2026-06-25,r-0025,Compute,production,invoicing,2.4
2026-06-25,r-0026,Block storage,production,invoicing,0.6576
2026-06-25,r-0027,Compute,staging,platform,1.2
2026-06-25,r-0028,Block storage,staging,platform,0.3288
2026-06-25,r-0029,Compute,staging,platform,1.2
2026-06-25,r-0030,Block storage,staging,platform,0.3288
2026-06-25,r-0031,Compute,staging,platform,1.2
2026-06-25,r-0032,Block storage,staging,platform,0.6576
2026-06-25,r-0033,Compute,staging,platform,1.2
2026-06-25,r-0034,Block storage,staging,platform,0.6576
2026-06-25,r-0035,Compute,staging,platform,1.2
2026-06-25,r-0036,Block storage,staging,platform,0.1644
2026-06-25,r-0037,Compute,staging,platform,1.2
2026-06-25,r-0038,Block storage,staging,platform,0.3288
2026-06-25,r-0039,Compute,development,invoicing,1.2
2026-06-25,r-0040,Block storage,development,invoicing,0.3288
2026-06-25,r-0041,Compute,development,invoicing,1.2
2026-06-25,r-0042,Block storage,development,invoicing,0.6576
2026-06-25,r-0043,Compute,development,invoicing,2.4
2026-06-25,r-0044,Block storage,development,invoicing,0.1644
2026-06-25,r-0045,Compute,development,invoicing,1.2
2026-06-25,r-0046,Block storage,development,invoicing,0.3288
2026-06-25,r-0047,Compute,development,invoicing,1.2
2026-06-25,r-0048,Block storage,development,invoicing,0.1644
2026-06-25,r-0049,Compute,development,invoicing,2.4
2026-06-25,r-0050,Block storage,development,invoicing,0.3288
2026-06-25,r-0051,Compute,development,payments,1.2
2026-06-25,r-0052,Block storage,development,payments,0.3288
2026-06-25,r-0053,Compute,development,payments,1.2
2026-06-25,r-0054,Block storage,development,payments,0.3288
2026-06-25,r-0063,Compute,development,,4.8
2026-06-25,r-0064,Block storage,development,,1.6438
2026-06-25,r-0065,Compute,,,2.4
2026-06-25,r-0066,Block storage,,,0.3288
2026-06-25,r-0067,Compute,development,,2.4
2026-06-25,r-0068,Block storage,development,,0.1644
2026-06-25,r-0070,Block storage,development,platform,0.3288
2026-06-25,r-0072,Block storage,development,,0.3288
2026-06-25,r-0074,Block storage,development,,0.1644
2026-06-25,r-0076,Block storage,development,,0.3288
2026-06-25,r-0077,Block storage,,,0.6576
2026-06-25,r-0078,Block storage,development,,3.2878
2026-06-25,r-0079,Block storage,development,platform,0.6576
2026-06-25,r-0080,Block storage,,,3.2878
2026-06-25,r-0081,Block storage,staging,,1.6438
2026-06-25,r-0082,Block storage,,,0.6576
2026-06-25,r-0083,Block storage,,,1.6438
2026-06-25,r-0084,Block storage,staging,,0.6576
2026-06-25,r-0085,Snapshots,production,,0.3288
2026-06-25,r-0086,Snapshots,development,platform,0.822
2026-06-25,r-0087,Snapshots,production,platform,0.3288
2026-06-25,r-0089,Snapshots,production,platform,0.3288
2026-06-25,r-0090,Snapshots,production,platform,0.1644
2026-06-25,r-0091,Snapshots,production,platform,0.1644
2026-06-25,r-0092,Snapshots,staging,platform,0.0821
2026-06-25,r-0094,Snapshots,production,platform,0.3288
2026-06-25,r-0095,Snapshots,production,platform,0.822
2026-06-25,r-0096,Snapshots,staging,platform,0.1644
2026-06-25,r-0097,Snapshots,development,,0.0821
2026-06-25,r-0098,Snapshots,development,,0.3288
2026-06-25,r-0099,Snapshots,production,platform,0.3288
2026-06-25,r-0100,Snapshots,production,platform,0.0821
2026-06-25,r-0101,Snapshots,development,platform,0.3288
2026-06-25,r-0102,Snapshots,production,platform,0.0821
2026-06-25,r-0103,Snapshots,development,,0.822
2026-06-25,r-0105,Snapshots,staging,platform,0.0821
2026-06-25,r-0106,Snapshots,production,,0.3288
2026-06-25,r-0107,Snapshots,production,platform,0.1644
2026-06-25,r-0108,Snapshots,production,platform,0.0821
2026-06-25,r-0109,Snapshots,development,platform,0.3288
2026-06-25,r-0110,Snapshots,development,,0.0821
2026-06-25,r-0112,Snapshots,production,platform,0.822
2026-06-25,r-0113,Snapshots,production,platform,0.1644
2026-06-25,r-0114,Snapshots,development,,0.1644
2026-06-25,r-0115,Snapshots,staging,,0.1644
2026-06-25,r-0116,Snapshots,staging,platform,0.0821
2026-06-25,r-0117,Snapshots,production,,0.1644
2026-06-25,r-0118,Snapshots,production,platform,0.1644
2026-06-25,r-0119,Snapshots,development,platform,0.0821
2026-06-25,r-0120,Snapshots,production,,0.822
2026-06-25,r-0121,Object storage,production,invoicing,1.361
2026-06-25,r-0122,Object storage,production,platform,3.0247
2026-06-25,r-0123,Object storage,production,marketing,0.0302
2026-06-25,r-0124,Object storage,production,,0.2647
2026-06-25,r-0125,Object storage,production,platform,1.8905
2026-06-25,r-0126,Object storage,development,,0.4536
2026-06-25,r-0127,Managed database,production,platform,10.8
2026-06-25,r-0128,Managed database,staging,platform,5.52
2026-06-25,r-0129,Load balancing,production,platform,0.6
2026-06-25,r-0130,Load balancing,staging,platform,0.6
2026-06-25,r-0131,Public IPs,,,0.12
2026-06-25,r-0132,Public IPs,,,0.12
2026-06-25,r-0133,Public IPs,,,0.12
2026-06-25,,Data transfer,production,platform,34.7526
2026-06-26,r-0001,Compute,production,platform,2.4
2026-06-26,r-0002,Block storage,production,platform,0.3288
2026-06-26,r-0003,Compute,production,platform,2.4
2026-06-26,r-0004,Block storage,production,platform,0.3288
2026-06-26,r-0005,Compute,production,platform,2.4
2026-06-26,r-0006,Block storage,production,platform,0.3288
2026-06-26,r-0007,Compute,production,platform,2.4
2026-06-26,r-0008,Block storage,production,platform,0.3288
2026-06-26,r-0009,Compute,production,platform,2.4
2026-06-26,r-0010,Block storage,production,platform,0.6576
2026-06-26,r-0011,Compute,production,platform,2.4
2026-06-26,r-0012,Block storage,production,platform,0.3288
2026-06-26,r-0013,Compute,production,platform,4.8
2026-06-26,r-0014,Block storage,production,platform,0.3288
2026-06-26,r-0015,Compute,production,platform,4.8
2026-06-26,r-0016,Block storage,production,platform,0.1644
2026-06-26,r-0017,Compute,production,platform,4.8
2026-06-26,r-0018,Block storage,production,platform,0.3288
2026-06-26,r-0019,Compute,production,platform,4.8
2026-06-26,r-0020,Block storage,production,platform,0.3288
2026-06-26,r-0021,Compute,production,invoicing,2.4
2026-06-26,r-0022,Block storage,production,invoicing,0.1644
2026-06-26,r-0023,Compute,production,invoicing,2.4
2026-06-26,r-0024,Block storage,production,invoicing,0.6576
2026-06-26,r-0025,Compute,production,invoicing,2.4
2026-06-26,r-0026,Block storage,production,invoicing,0.6576
2026-06-26,r-0027,Compute,staging,platform,1.2
2026-06-26,r-0028,Block storage,staging,platform,0.3288
2026-06-26,r-0029,Compute,staging,platform,1.2
2026-06-26,r-0030,Block storage,staging,platform,0.3288
2026-06-26,r-0031,Compute,staging,platform,1.2
2026-06-26,r-0032,Block storage,staging,platform,0.6576
2026-06-26,r-0033,Compute,staging,platform,1.2
2026-06-26,r-0034,Block storage,staging,platform,0.6576
2026-06-26,r-0035,Compute,staging,platform,1.2
2026-06-26,r-0036,Block storage,staging,platform,0.1644
2026-06-26,r-0037,Compute,staging,platform,1.2
2026-06-26,r-0038,Block storage,staging,platform,0.3288
2026-06-26,r-0039,Compute,development,invoicing,1.2
2026-06-26,r-0040,Block storage,development,invoicing,0.3288
2026-06-26,r-0041,Compute,development,invoicing,1.2
2026-06-26,r-0042,Block storage,development,invoicing,0.6576
2026-06-26,r-0043,Compute,development,invoicing,2.4
2026-06-26,r-0044,Block storage,development,invoicing,0.1644
2026-06-26,r-0045,Compute,development,invoicing,1.2
2026-06-26,r-0046,Block storage,development,invoicing,0.3288
2026-06-26,r-0047,Compute,development,invoicing,1.2
2026-06-26,r-0048,Block storage,development,invoicing,0.1644
2026-06-26,r-0049,Compute,development,invoicing,2.4
2026-06-26,r-0050,Block storage,development,invoicing,0.3288
2026-06-26,r-0051,Compute,development,payments,1.2
2026-06-26,r-0052,Block storage,development,payments,0.3288
2026-06-26,r-0053,Compute,development,payments,1.2
2026-06-26,r-0054,Block storage,development,payments,0.3288
2026-06-26,r-0063,Compute,development,,4.8
2026-06-26,r-0064,Block storage,development,,1.6438
2026-06-26,r-0065,Compute,,,2.4
2026-06-26,r-0066,Block storage,,,0.3288
2026-06-26,r-0067,Compute,development,,2.4
2026-06-26,r-0068,Block storage,development,,0.1644
2026-06-26,r-0070,Block storage,development,platform,0.3288
2026-06-26,r-0072,Block storage,development,,0.3288
2026-06-26,r-0074,Block storage,development,,0.1644
2026-06-26,r-0076,Block storage,development,,0.3288
2026-06-26,r-0077,Block storage,,,0.6576
2026-06-26,r-0078,Block storage,development,,3.2878
2026-06-26,r-0079,Block storage,development,platform,0.6576
2026-06-26,r-0080,Block storage,,,3.2878
2026-06-26,r-0081,Block storage,staging,,1.6438
2026-06-26,r-0082,Block storage,,,0.6576
2026-06-26,r-0083,Block storage,,,1.6438
2026-06-26,r-0084,Block storage,staging,,0.6576
2026-06-26,r-0085,Snapshots,production,,0.3288
2026-06-26,r-0086,Snapshots,development,platform,0.822
2026-06-26,r-0087,Snapshots,production,platform,0.3288
2026-06-26,r-0089,Snapshots,production,platform,0.3288
2026-06-26,r-0090,Snapshots,production,platform,0.1644
2026-06-26,r-0091,Snapshots,production,platform,0.1644
2026-06-26,r-0092,Snapshots,staging,platform,0.0821
2026-06-26,r-0094,Snapshots,production,platform,0.3288
2026-06-26,r-0095,Snapshots,production,platform,0.822
2026-06-26,r-0096,Snapshots,staging,platform,0.1644
2026-06-26,r-0097,Snapshots,development,,0.0821
2026-06-26,r-0098,Snapshots,development,,0.3288
2026-06-26,r-0099,Snapshots,production,platform,0.3288
2026-06-26,r-0100,Snapshots,production,platform,0.0821
2026-06-26,r-0101,Snapshots,development,platform,0.3288
2026-06-26,r-0102,Snapshots,production,platform,0.0821
2026-06-26,r-0103,Snapshots,development,,0.822
2026-06-26,r-0105,Snapshots,staging,platform,0.0821
2026-06-26,r-0106,Snapshots,production,,0.3288
2026-06-26,r-0107,Snapshots,production,platform,0.1644
2026-06-26,r-0108,Snapshots,production,platform,0.0821
2026-06-26,r-0109,Snapshots,development,platform,0.3288
2026-06-26,r-0110,Snapshots,development,,0.0821
2026-06-26,r-0112,Snapshots,production,platform,0.822
2026-06-26,r-0113,Snapshots,production,platform,0.1644
2026-06-26,r-0114,Snapshots,development,,0.1644
2026-06-26,r-0115,Snapshots,staging,,0.1644
2026-06-26,r-0116,Snapshots,staging,platform,0.0821
2026-06-26,r-0117,Snapshots,production,,0.1644
2026-06-26,r-0118,Snapshots,production,platform,0.1644
2026-06-26,r-0119,Snapshots,development,platform,0.0821
2026-06-26,r-0120,Snapshots,production,,0.822
2026-06-26,r-0121,Object storage,production,invoicing,1.361
2026-06-26,r-0122,Object storage,production,platform,3.0247
2026-06-26,r-0123,Object storage,production,marketing,0.0302
2026-06-26,r-0124,Object storage,production,,0.2647
2026-06-26,r-0125,Object storage,production,platform,1.8905
2026-06-26,r-0126,Object storage,development,,0.4536
2026-06-26,r-0127,Managed database,production,platform,10.8
2026-06-26,r-0128,Managed database,staging,platform,5.52
2026-06-26,r-0129,Load balancing,production,platform,0.6
2026-06-26,r-0130,Load balancing,staging,platform,0.6
2026-06-26,r-0131,Public IPs,,,0.12
2026-06-26,r-0132,Public IPs,,,0.12
2026-06-26,r-0133,Public IPs,,,0.12
2026-06-26,,Data transfer,production,platform,35.4141
2026-06-27,r-0001,Compute,production,platform,2.4
2026-06-27,r-0002,Block storage,production,platform,0.3288
2026-06-27,r-0003,Compute,production,platform,2.4
2026-06-27,r-0004,Block storage,production,platform,0.3288
2026-06-27,r-0005,Compute,production,platform,2.4
2026-06-27,r-0006,Block storage,production,platform,0.3288
2026-06-27,r-0007,Compute,production,platform,2.4
2026-06-27,r-0008,Block storage,production,platform,0.3288
2026-06-27,r-0009,Compute,production,platform,2.4
2026-06-27,r-0010,Block storage,production,platform,0.6576
2026-06-27,r-0011,Compute,production,platform,2.4
2026-06-27,r-0012,Block storage,production,platform,0.3288
2026-06-27,r-0013,Compute,production,platform,4.8
2026-06-27,r-0014,Block storage,production,platform,0.3288
2026-06-27,r-0015,Compute,production,platform,4.8
2026-06-27,r-0016,Block storage,production,platform,0.1644
2026-06-27,r-0017,Compute,production,platform,4.8
2026-06-27,r-0018,Block storage,production,platform,0.3288
2026-06-27,r-0019,Compute,production,platform,4.8
2026-06-27,r-0020,Block storage,production,platform,0.3288
2026-06-27,r-0021,Compute,production,invoicing,2.4
2026-06-27,r-0022,Block storage,production,invoicing,0.1644
2026-06-27,r-0023,Compute,production,invoicing,2.4
2026-06-27,r-0024,Block storage,production,invoicing,0.6576
2026-06-27,r-0025,Compute,production,invoicing,2.4
2026-06-27,r-0026,Block storage,production,invoicing,0.6576
2026-06-27,r-0027,Compute,staging,platform,1.2
2026-06-27,r-0028,Block storage,staging,platform,0.3288
2026-06-27,r-0029,Compute,staging,platform,1.2
2026-06-27,r-0030,Block storage,staging,platform,0.3288
2026-06-27,r-0031,Compute,staging,platform,1.2
2026-06-27,r-0032,Block storage,staging,platform,0.6576
2026-06-27,r-0033,Compute,staging,platform,1.2
2026-06-27,r-0034,Block storage,staging,platform,0.6576
2026-06-27,r-0035,Compute,staging,platform,1.2
2026-06-27,r-0036,Block storage,staging,platform,0.1644
2026-06-27,r-0037,Compute,staging,platform,1.2
2026-06-27,r-0038,Block storage,staging,platform,0.3288
2026-06-27,r-0039,Compute,development,invoicing,1.2
2026-06-27,r-0040,Block storage,development,invoicing,0.3288
2026-06-27,r-0041,Compute,development,invoicing,1.2
2026-06-27,r-0042,Block storage,development,invoicing,0.6576
2026-06-27,r-0043,Compute,development,invoicing,2.4
2026-06-27,r-0044,Block storage,development,invoicing,0.1644
2026-06-27,r-0045,Compute,development,invoicing,1.2
2026-06-27,r-0046,Block storage,development,invoicing,0.3288
2026-06-27,r-0047,Compute,development,invoicing,1.2
2026-06-27,r-0048,Block storage,development,invoicing,0.1644
2026-06-27,r-0049,Compute,development,invoicing,2.4
2026-06-27,r-0050,Block storage,development,invoicing,0.3288
2026-06-27,r-0051,Compute,development,payments,1.2
2026-06-27,r-0052,Block storage,development,payments,0.3288
2026-06-27,r-0053,Compute,development,payments,1.2
2026-06-27,r-0054,Block storage,development,payments,0.3288
2026-06-27,r-0063,Compute,development,,4.8
2026-06-27,r-0064,Block storage,development,,1.6438
2026-06-27,r-0065,Compute,,,2.4
2026-06-27,r-0066,Block storage,,,0.3288
2026-06-27,r-0067,Compute,development,,2.4
2026-06-27,r-0068,Block storage,development,,0.1644
2026-06-27,r-0070,Block storage,development,platform,0.3288
2026-06-27,r-0072,Block storage,development,,0.3288
2026-06-27,r-0074,Block storage,development,,0.1644
2026-06-27,r-0076,Block storage,development,,0.3288
2026-06-27,r-0077,Block storage,,,0.6576
2026-06-27,r-0078,Block storage,development,,3.2878
2026-06-27,r-0079,Block storage,development,platform,0.6576
2026-06-27,r-0080,Block storage,,,3.2878
2026-06-27,r-0081,Block storage,staging,,1.6438
2026-06-27,r-0082,Block storage,,,0.6576
2026-06-27,r-0083,Block storage,,,1.6438
2026-06-27,r-0084,Block storage,staging,,0.6576
2026-06-27,r-0085,Snapshots,production,,0.3288
2026-06-27,r-0086,Snapshots,development,platform,0.822
2026-06-27,r-0087,Snapshots,production,platform,0.3288
2026-06-27,r-0089,Snapshots,production,platform,0.3288
2026-06-27,r-0090,Snapshots,production,platform,0.1644
2026-06-27,r-0091,Snapshots,production,platform,0.1644
2026-06-27,r-0092,Snapshots,staging,platform,0.0821
2026-06-27,r-0094,Snapshots,production,platform,0.3288
2026-06-27,r-0095,Snapshots,production,platform,0.822
2026-06-27,r-0096,Snapshots,staging,platform,0.1644
2026-06-27,r-0097,Snapshots,development,,0.0821
2026-06-27,r-0098,Snapshots,development,,0.3288
2026-06-27,r-0099,Snapshots,production,platform,0.3288
2026-06-27,r-0100,Snapshots,production,platform,0.0821
2026-06-27,r-0101,Snapshots,development,platform,0.3288
2026-06-27,r-0102,Snapshots,production,platform,0.0821
2026-06-27,r-0103,Snapshots,development,,0.822
2026-06-27,r-0105,Snapshots,staging,platform,0.0821
2026-06-27,r-0106,Snapshots,production,,0.3288
2026-06-27,r-0107,Snapshots,production,platform,0.1644
2026-06-27,r-0108,Snapshots,production,platform,0.0821
2026-06-27,r-0109,Snapshots,development,platform,0.3288
2026-06-27,r-0110,Snapshots,development,,0.0821
2026-06-27,r-0112,Snapshots,production,platform,0.822
2026-06-27,r-0113,Snapshots,production,platform,0.1644
2026-06-27,r-0114,Snapshots,development,,0.1644
2026-06-27,r-0115,Snapshots,staging,,0.1644
2026-06-27,r-0116,Snapshots,staging,platform,0.0821
2026-06-27,r-0117,Snapshots,production,,0.1644
2026-06-27,r-0118,Snapshots,production,platform,0.1644
2026-06-27,r-0119,Snapshots,development,platform,0.0821
2026-06-27,r-0120,Snapshots,production,,0.822
2026-06-27,r-0121,Object storage,production,invoicing,1.361
2026-06-27,r-0122,Object storage,production,platform,3.0247
2026-06-27,r-0123,Object storage,production,marketing,0.0302
2026-06-27,r-0124,Object storage,production,,0.2647
2026-06-27,r-0125,Object storage,production,platform,1.8905
2026-06-27,r-0126,Object storage,development,,0.4536
2026-06-27,r-0127,Managed database,production,platform,10.8
2026-06-27,r-0128,Managed database,staging,platform,5.52
2026-06-27,r-0129,Load balancing,production,platform,0.6
2026-06-27,r-0130,Load balancing,staging,platform,0.6
2026-06-27,r-0131,Public IPs,,,0.12
2026-06-27,r-0132,Public IPs,,,0.12
2026-06-27,r-0133,Public IPs,,,0.12
2026-06-27,,Data transfer,production,platform,30.5476
2026-06-28,r-0001,Compute,production,platform,2.4
2026-06-28,r-0002,Block storage,production,platform,0.3288
2026-06-28,r-0003,Compute,production,platform,2.4
2026-06-28,r-0004,Block storage,production,platform,0.3288
2026-06-28,r-0005,Compute,production,platform,2.4
2026-06-28,r-0006,Block storage,production,platform,0.3288
2026-06-28,r-0007,Compute,production,platform,2.4
2026-06-28,r-0008,Block storage,production,platform,0.3288
2026-06-28,r-0009,Compute,production,platform,2.4
2026-06-28,r-0010,Block storage,production,platform,0.6576
2026-06-28,r-0011,Compute,production,platform,2.4
2026-06-28,r-0012,Block storage,production,platform,0.3288
2026-06-28,r-0013,Compute,production,platform,4.8
2026-06-28,r-0014,Block storage,production,platform,0.3288
2026-06-28,r-0015,Compute,production,platform,4.8
2026-06-28,r-0016,Block storage,production,platform,0.1644
2026-06-28,r-0017,Compute,production,platform,4.8
2026-06-28,r-0018,Block storage,production,platform,0.3288
2026-06-28,r-0019,Compute,production,platform,4.8
2026-06-28,r-0020,Block storage,production,platform,0.3288
2026-06-28,r-0021,Compute,production,invoicing,2.4
2026-06-28,r-0022,Block storage,production,invoicing,0.1644
2026-06-28,r-0023,Compute,production,invoicing,2.4
2026-06-28,r-0024,Block storage,production,invoicing,0.6576
2026-06-28,r-0025,Compute,production,invoicing,2.4
2026-06-28,r-0026,Block storage,production,invoicing,0.6576
2026-06-28,r-0027,Compute,staging,platform,1.2
2026-06-28,r-0028,Block storage,staging,platform,0.3288
2026-06-28,r-0029,Compute,staging,platform,1.2
2026-06-28,r-0030,Block storage,staging,platform,0.3288
2026-06-28,r-0031,Compute,staging,platform,1.2
2026-06-28,r-0032,Block storage,staging,platform,0.6576
2026-06-28,r-0033,Compute,staging,platform,1.2
2026-06-28,r-0034,Block storage,staging,platform,0.6576
2026-06-28,r-0035,Compute,staging,platform,1.2
2026-06-28,r-0036,Block storage,staging,platform,0.1644
2026-06-28,r-0037,Compute,staging,platform,1.2
2026-06-28,r-0038,Block storage,staging,platform,0.3288
2026-06-28,r-0039,Compute,development,invoicing,1.2
2026-06-28,r-0040,Block storage,development,invoicing,0.3288
2026-06-28,r-0041,Compute,development,invoicing,1.2
2026-06-28,r-0042,Block storage,development,invoicing,0.6576
2026-06-28,r-0043,Compute,development,invoicing,2.4
2026-06-28,r-0044,Block storage,development,invoicing,0.1644
2026-06-28,r-0045,Compute,development,invoicing,1.2
2026-06-28,r-0046,Block storage,development,invoicing,0.3288
2026-06-28,r-0047,Compute,development,invoicing,1.2
2026-06-28,r-0048,Block storage,development,invoicing,0.1644
2026-06-28,r-0049,Compute,development,invoicing,2.4
2026-06-28,r-0050,Block storage,development,invoicing,0.3288
2026-06-28,r-0051,Compute,development,payments,1.2
2026-06-28,r-0052,Block storage,development,payments,0.3288
2026-06-28,r-0053,Compute,development,payments,1.2
2026-06-28,r-0054,Block storage,development,payments,0.3288
2026-06-28,r-0063,Compute,development,,4.8
2026-06-28,r-0064,Block storage,development,,1.6438
2026-06-28,r-0065,Compute,,,2.4
2026-06-28,r-0066,Block storage,,,0.3288
2026-06-28,r-0067,Compute,development,,2.4
2026-06-28,r-0068,Block storage,development,,0.1644
2026-06-28,r-0070,Block storage,development,platform,0.3288
2026-06-28,r-0072,Block storage,development,,0.3288
2026-06-28,r-0074,Block storage,development,,0.1644
2026-06-28,r-0076,Block storage,development,,0.3288
2026-06-28,r-0077,Block storage,,,0.6576
2026-06-28,r-0078,Block storage,development,,3.2878
2026-06-28,r-0079,Block storage,development,platform,0.6576
2026-06-28,r-0080,Block storage,,,3.2878
2026-06-28,r-0081,Block storage,staging,,1.6438
2026-06-28,r-0082,Block storage,,,0.6576
2026-06-28,r-0083,Block storage,,,1.6438
2026-06-28,r-0084,Block storage,staging,,0.6576
2026-06-28,r-0085,Snapshots,production,,0.3288
2026-06-28,r-0086,Snapshots,development,platform,0.822
2026-06-28,r-0087,Snapshots,production,platform,0.3288
2026-06-28,r-0089,Snapshots,production,platform,0.3288
2026-06-28,r-0090,Snapshots,production,platform,0.1644
2026-06-28,r-0091,Snapshots,production,platform,0.1644
2026-06-28,r-0092,Snapshots,staging,platform,0.0821
2026-06-28,r-0094,Snapshots,production,platform,0.3288
2026-06-28,r-0095,Snapshots,production,platform,0.822
2026-06-28,r-0096,Snapshots,staging,platform,0.1644
2026-06-28,r-0097,Snapshots,development,,0.0821
2026-06-28,r-0098,Snapshots,development,,0.3288
2026-06-28,r-0099,Snapshots,production,platform,0.3288
2026-06-28,r-0100,Snapshots,production,platform,0.0821
2026-06-28,r-0101,Snapshots,development,platform,0.3288
2026-06-28,r-0102,Snapshots,production,platform,0.0821
2026-06-28,r-0103,Snapshots,development,,0.822
2026-06-28,r-0105,Snapshots,staging,platform,0.0821
2026-06-28,r-0106,Snapshots,production,,0.3288
2026-06-28,r-0107,Snapshots,production,platform,0.1644
2026-06-28,r-0108,Snapshots,production,platform,0.0821
2026-06-28,r-0109,Snapshots,development,platform,0.3288
2026-06-28,r-0110,Snapshots,development,,0.0821
2026-06-28,r-0112,Snapshots,production,platform,0.822
2026-06-28,r-0113,Snapshots,production,platform,0.1644
2026-06-28,r-0114,Snapshots,development,,0.1644
2026-06-28,r-0115,Snapshots,staging,,0.1644
2026-06-28,r-0116,Snapshots,staging,platform,0.0821
2026-06-28,r-0117,Snapshots,production,,0.1644
2026-06-28,r-0118,Snapshots,production,platform,0.1644
2026-06-28,r-0119,Snapshots,development,platform,0.0821
2026-06-28,r-0120,Snapshots,production,,0.822
2026-06-28,r-0121,Object storage,production,invoicing,1.361
2026-06-28,r-0122,Object storage,production,platform,3.0247
2026-06-28,r-0123,Object storage,production,marketing,0.0302
2026-06-28,r-0124,Object storage,production,,0.2647
2026-06-28,r-0125,Object storage,production,platform,1.8905
2026-06-28,r-0126,Object storage,development,,0.4536
2026-06-28,r-0127,Managed database,production,platform,10.8
2026-06-28,r-0128,Managed database,staging,platform,5.52
2026-06-28,r-0129,Load balancing,production,platform,0.6
2026-06-28,r-0130,Load balancing,staging,platform,0.6
2026-06-28,r-0131,Public IPs,,,0.12
2026-06-28,r-0132,Public IPs,,,0.12
2026-06-28,r-0133,Public IPs,,,0.12
2026-06-28,,Data transfer,production,platform,58.6346
2026-06-29,r-0001,Compute,production,platform,2.4
2026-06-29,r-0002,Block storage,production,platform,0.3288
2026-06-29,r-0003,Compute,production,platform,2.4
2026-06-29,r-0004,Block storage,production,platform,0.3288
2026-06-29,r-0005,Compute,production,platform,2.4
2026-06-29,r-0006,Block storage,production,platform,0.3288
2026-06-29,r-0007,Compute,production,platform,2.4
2026-06-29,r-0008,Block storage,production,platform,0.3288
2026-06-29,r-0009,Compute,production,platform,2.4
2026-06-29,r-0010,Block storage,production,platform,0.6576
2026-06-29,r-0011,Compute,production,platform,2.4
2026-06-29,r-0012,Block storage,production,platform,0.3288
2026-06-29,r-0013,Compute,production,platform,4.8
2026-06-29,r-0014,Block storage,production,platform,0.3288
2026-06-29,r-0015,Compute,production,platform,4.8
2026-06-29,r-0016,Block storage,production,platform,0.1644
2026-06-29,r-0017,Compute,production,platform,4.8
2026-06-29,r-0018,Block storage,production,platform,0.3288
2026-06-29,r-0019,Compute,production,platform,4.8
2026-06-29,r-0020,Block storage,production,platform,0.3288
2026-06-29,r-0021,Compute,production,invoicing,2.4
2026-06-29,r-0022,Block storage,production,invoicing,0.1644
2026-06-29,r-0023,Compute,production,invoicing,2.4
2026-06-29,r-0024,Block storage,production,invoicing,0.6576
2026-06-29,r-0025,Compute,production,invoicing,2.4
2026-06-29,r-0026,Block storage,production,invoicing,0.6576
2026-06-29,r-0027,Compute,staging,platform,1.2
2026-06-29,r-0028,Block storage,staging,platform,0.3288
2026-06-29,r-0029,Compute,staging,platform,1.2
2026-06-29,r-0030,Block storage,staging,platform,0.3288
2026-06-29,r-0031,Compute,staging,platform,1.2
2026-06-29,r-0032,Block storage,staging,platform,0.6576
2026-06-29,r-0033,Compute,staging,platform,1.2
2026-06-29,r-0034,Block storage,staging,platform,0.6576
2026-06-29,r-0035,Compute,staging,platform,1.2
2026-06-29,r-0036,Block storage,staging,platform,0.1644
2026-06-29,r-0037,Compute,staging,platform,1.2
2026-06-29,r-0038,Block storage,staging,platform,0.3288
2026-06-29,r-0039,Compute,development,invoicing,1.2
2026-06-29,r-0040,Block storage,development,invoicing,0.3288
2026-06-29,r-0041,Compute,development,invoicing,1.2
2026-06-29,r-0042,Block storage,development,invoicing,0.6576
2026-06-29,r-0043,Compute,development,invoicing,2.4
2026-06-29,r-0044,Block storage,development,invoicing,0.1644
2026-06-29,r-0045,Compute,development,invoicing,1.2
2026-06-29,r-0046,Block storage,development,invoicing,0.3288
2026-06-29,r-0047,Compute,development,invoicing,1.2
2026-06-29,r-0048,Block storage,development,invoicing,0.1644
2026-06-29,r-0049,Compute,development,invoicing,2.4
2026-06-29,r-0050,Block storage,development,invoicing,0.3288
2026-06-29,r-0051,Compute,development,payments,1.2
2026-06-29,r-0052,Block storage,development,payments,0.3288
2026-06-29,r-0053,Compute,development,payments,1.2
2026-06-29,r-0054,Block storage,development,payments,0.3288
2026-06-29,r-0063,Compute,development,,4.8
2026-06-29,r-0064,Block storage,development,,1.6438
2026-06-29,r-0065,Compute,,,2.4
2026-06-29,r-0066,Block storage,,,0.3288
2026-06-29,r-0067,Compute,development,,2.4
2026-06-29,r-0068,Block storage,development,,0.1644
2026-06-29,r-0070,Block storage,development,platform,0.3288
2026-06-29,r-0072,Block storage,development,,0.3288
2026-06-29,r-0074,Block storage,development,,0.1644
2026-06-29,r-0076,Block storage,development,,0.3288
2026-06-29,r-0077,Block storage,,,0.6576
2026-06-29,r-0078,Block storage,development,,3.2878
2026-06-29,r-0079,Block storage,development,platform,0.6576
2026-06-29,r-0080,Block storage,,,3.2878
2026-06-29,r-0081,Block storage,staging,,1.6438
2026-06-29,r-0082,Block storage,,,0.6576
2026-06-29,r-0083,Block storage,,,1.6438
2026-06-29,r-0084,Block storage,staging,,0.6576
2026-06-29,r-0085,Snapshots,production,,0.3288
2026-06-29,r-0086,Snapshots,development,platform,0.822
2026-06-29,r-0087,Snapshots,production,platform,0.3288
2026-06-29,r-0089,Snapshots,production,platform,0.3288
2026-06-29,r-0090,Snapshots,production,platform,0.1644
2026-06-29,r-0091,Snapshots,production,platform,0.1644
2026-06-29,r-0092,Snapshots,staging,platform,0.0821
2026-06-29,r-0094,Snapshots,production,platform,0.3288
2026-06-29,r-0095,Snapshots,production,platform,0.822
2026-06-29,r-0096,Snapshots,staging,platform,0.1644
2026-06-29,r-0097,Snapshots,development,,0.0821
2026-06-29,r-0098,Snapshots,development,,0.3288
2026-06-29,r-0099,Snapshots,production,platform,0.3288
2026-06-29,r-0100,Snapshots,production,platform,0.0821
2026-06-29,r-0101,Snapshots,development,platform,0.3288
2026-06-29,r-0102,Snapshots,production,platform,0.0821
2026-06-29,r-0103,Snapshots,development,,0.822
2026-06-29,r-0105,Snapshots,staging,platform,0.0821
2026-06-29,r-0106,Snapshots,production,,0.3288
2026-06-29,r-0107,Snapshots,production,platform,0.1644
2026-06-29,r-0108,Snapshots,production,platform,0.0821
2026-06-29,r-0109,Snapshots,development,platform,0.3288
2026-06-29,r-0110,Snapshots,development,,0.0821
2026-06-29,r-0112,Snapshots,production,platform,0.822
2026-06-29,r-0113,Snapshots,production,platform,0.1644
2026-06-29,r-0114,Snapshots,development,,0.1644
2026-06-29,r-0115,Snapshots,staging,,0.1644
2026-06-29,r-0116,Snapshots,staging,platform,0.0821
2026-06-29,r-0117,Snapshots,production,,0.1644
2026-06-29,r-0118,Snapshots,production,platform,0.1644
2026-06-29,r-0119,Snapshots,development,platform,0.0821
2026-06-29,r-0120,Snapshots,production,,0.822
2026-06-29,r-0121,Object storage,production,invoicing,1.361
2026-06-29,r-0122,Object storage,production,platform,3.0247
2026-06-29,r-0123,Object storage,production,marketing,0.0302
2026-06-29,r-0124,Object storage,production,,0.2647
2026-06-29,r-0125,Object storage,production,platform,1.8905
2026-06-29,r-0126,Object storage,development,,0.4536
2026-06-29,r-0127,Managed database,production,platform,10.8
2026-06-29,r-0128,Managed database,staging,platform,5.52
2026-06-29,r-0129,Load balancing,production,platform,0.6
2026-06-29,r-0130,Load balancing,staging,platform,0.6
2026-06-29,r-0131,Public IPs,,,0.12
2026-06-29,r-0132,Public IPs,,,0.12
2026-06-29,r-0133,Public IPs,,,0.12
2026-06-29,,Data transfer,production,platform,36.7422
2026-06-30,r-0001,Compute,production,platform,2.4
2026-06-30,r-0002,Block storage,production,platform,0.3288
2026-06-30,r-0003,Compute,production,platform,2.4
2026-06-30,r-0004,Block storage,production,platform,0.3288
2026-06-30,r-0005,Compute,production,platform,2.4
2026-06-30,r-0006,Block storage,production,platform,0.3288
2026-06-30,r-0007,Compute,production,platform,2.4
2026-06-30,r-0008,Block storage,production,platform,0.3288
2026-06-30,r-0009,Compute,production,platform,2.4
2026-06-30,r-0010,Block storage,production,platform,0.6576
2026-06-30,r-0011,Compute,production,platform,2.4
2026-06-30,r-0012,Block storage,production,platform,0.3288
2026-06-30,r-0013,Compute,production,platform,4.8
2026-06-30,r-0014,Block storage,production,platform,0.3288
2026-06-30,r-0015,Compute,production,platform,4.8
2026-06-30,r-0016,Block storage,production,platform,0.1644
2026-06-30,r-0017,Compute,production,platform,4.8
2026-06-30,r-0018,Block storage,production,platform,0.3288
2026-06-30,r-0019,Compute,production,platform,4.8
2026-06-30,r-0020,Block storage,production,platform,0.3288
2026-06-30,r-0021,Compute,production,invoicing,2.4
2026-06-30,r-0022,Block storage,production,invoicing,0.1644
2026-06-30,r-0023,Compute,production,invoicing,2.4
2026-06-30,r-0024,Block storage,production,invoicing,0.6576
2026-06-30,r-0025,Compute,production,invoicing,2.4
2026-06-30,r-0026,Block storage,production,invoicing,0.6576
2026-06-30,r-0027,Compute,staging,platform,1.2
2026-06-30,r-0028,Block storage,staging,platform,0.3288
2026-06-30,r-0029,Compute,staging,platform,1.2
2026-06-30,r-0030,Block storage,staging,platform,0.3288
2026-06-30,r-0031,Compute,staging,platform,1.2
2026-06-30,r-0032,Block storage,staging,platform,0.6576
2026-06-30,r-0033,Compute,staging,platform,1.2
2026-06-30,r-0034,Block storage,staging,platform,0.6576
2026-06-30,r-0035,Compute,staging,platform,1.2
2026-06-30,r-0036,Block storage,staging,platform,0.1644
2026-06-30,r-0037,Compute,staging,platform,1.2
2026-06-30,r-0038,Block storage,staging,platform,0.3288
2026-06-30,r-0039,Compute,development,invoicing,1.2
2026-06-30,r-0040,Block storage,development,invoicing,0.3288
2026-06-30,r-0041,Compute,development,invoicing,1.2
2026-06-30,r-0042,Block storage,development,invoicing,0.6576
2026-06-30,r-0043,Compute,development,invoicing,2.4
2026-06-30,r-0044,Block storage,development,invoicing,0.1644
2026-06-30,r-0045,Compute,development,invoicing,1.2
2026-06-30,r-0046,Block storage,development,invoicing,0.3288
2026-06-30,r-0047,Compute,development,invoicing,1.2
2026-06-30,r-0048,Block storage,development,invoicing,0.1644
2026-06-30,r-0049,Compute,development,invoicing,2.4
2026-06-30,r-0050,Block storage,development,invoicing,0.3288
2026-06-30,r-0051,Compute,development,payments,1.2
2026-06-30,r-0052,Block storage,development,payments,0.3288
2026-06-30,r-0053,Compute,development,payments,1.2
2026-06-30,r-0054,Block storage,development,payments,0.3288
2026-06-30,r-0063,Compute,development,,4.8
2026-06-30,r-0064,Block storage,development,,1.6438
2026-06-30,r-0065,Compute,,,2.4
2026-06-30,r-0066,Block storage,,,0.3288
2026-06-30,r-0067,Compute,development,,2.4
2026-06-30,r-0068,Block storage,development,,0.1644
2026-06-30,r-0070,Block storage,development,platform,0.3288
2026-06-30,r-0072,Block storage,development,,0.3288
2026-06-30,r-0074,Block storage,development,,0.1644
2026-06-30,r-0076,Block storage,development,,0.3288
2026-06-30,r-0077,Block storage,,,0.6576
2026-06-30,r-0078,Block storage,development,,3.2878
2026-06-30,r-0079,Block storage,development,platform,0.6576
2026-06-30,r-0080,Block storage,,,3.2878
2026-06-30,r-0081,Block storage,staging,,1.6438
2026-06-30,r-0082,Block storage,,,0.6576
2026-06-30,r-0083,Block storage,,,1.6438
2026-06-30,r-0084,Block storage,staging,,0.6576
2026-06-30,r-0085,Snapshots,production,,0.3288
2026-06-30,r-0086,Snapshots,development,platform,0.822
2026-06-30,r-0087,Snapshots,production,platform,0.3288
2026-06-30,r-0089,Snapshots,production,platform,0.3288
2026-06-30,r-0090,Snapshots,production,platform,0.1644
2026-06-30,r-0091,Snapshots,production,platform,0.1644
2026-06-30,r-0092,Snapshots,staging,platform,0.0821
2026-06-30,r-0094,Snapshots,production,platform,0.3288
2026-06-30,r-0095,Snapshots,production,platform,0.822
2026-06-30,r-0096,Snapshots,staging,platform,0.1644
2026-06-30,r-0097,Snapshots,development,,0.0821
2026-06-30,r-0098,Snapshots,development,,0.3288
2026-06-30,r-0099,Snapshots,production,platform,0.3288
2026-06-30,r-0100,Snapshots,production,platform,0.0821
2026-06-30,r-0101,Snapshots,development,platform,0.3288
2026-06-30,r-0102,Snapshots,production,platform,0.0821
2026-06-30,r-0103,Snapshots,development,,0.822
2026-06-30,r-0105,Snapshots,staging,platform,0.0821
2026-06-30,r-0106,Snapshots,production,,0.3288
2026-06-30,r-0107,Snapshots,production,platform,0.1644
2026-06-30,r-0108,Snapshots,production,platform,0.0821
2026-06-30,r-0109,Snapshots,development,platform,0.3288
2026-06-30,r-0110,Snapshots,development,,0.0821
2026-06-30,r-0112,Snapshots,production,platform,0.822
2026-06-30,r-0113,Snapshots,production,platform,0.1644
2026-06-30,r-0114,Snapshots,development,,0.1644
2026-06-30,r-0115,Snapshots,staging,,0.1644
2026-06-30,r-0116,Snapshots,staging,platform,0.0821
2026-06-30,r-0117,Snapshots,production,,0.1644
2026-06-30,r-0118,Snapshots,production,platform,0.1644
2026-06-30,r-0119,Snapshots,development,platform,0.0821
2026-06-30,r-0120,Snapshots,production,,0.822
2026-06-30,r-0121,Object storage,production,invoicing,1.361
2026-06-30,r-0122,Object storage,production,platform,3.0247
2026-06-30,r-0123,Object storage,production,marketing,0.0302
2026-06-30,r-0124,Object storage,production,,0.2647
2026-06-30,r-0125,Object storage,production,platform,1.8905
2026-06-30,r-0126,Object storage,development,,0.4536
2026-06-30,r-0127,Managed database,production,platform,10.8
2026-06-30,r-0128,Managed database,staging,platform,5.52
2026-06-30,r-0129,Load balancing,production,platform,0.6
2026-06-30,r-0130,Load balancing,staging,platform,0.6
2026-06-30,r-0131,Public IPs,,,0.12
2026-06-30,r-0132,Public IPs,,,0.12
2026-06-30,r-0133,Public IPs,,,0.12
2026-06-30,,Data transfer,production,platform,54.0331
2026-07-01,r-0001,Compute,production,platform,2.4
2026-07-01,r-0002,Block storage,production,platform,0.3288
2026-07-01,r-0003,Compute,production,platform,2.4
2026-07-01,r-0004,Block storage,production,platform,0.3288
2026-07-01,r-0005,Compute,production,platform,2.4
2026-07-01,r-0006,Block storage,production,platform,0.3288
2026-07-01,r-0007,Compute,production,platform,2.4
2026-07-01,r-0008,Block storage,production,platform,0.3288
2026-07-01,r-0009,Compute,production,platform,2.4
2026-07-01,r-0010,Block storage,production,platform,0.6576
2026-07-01,r-0011,Compute,production,platform,2.4
2026-07-01,r-0012,Block storage,production,platform,0.3288
2026-07-01,r-0013,Compute,production,platform,4.8
2026-07-01,r-0014,Block storage,production,platform,0.3288
2026-07-01,r-0015,Compute,production,platform,4.8
2026-07-01,r-0016,Block storage,production,platform,0.1644
2026-07-01,r-0017,Compute,production,platform,4.8
2026-07-01,r-0018,Block storage,production,platform,0.3288
2026-07-01,r-0019,Compute,production,platform,4.8
2026-07-01,r-0020,Block storage,production,platform,0.3288
2026-07-01,r-0021,Compute,production,invoicing,2.4
2026-07-01,r-0022,Block storage,production,invoicing,0.1644
2026-07-01,r-0023,Compute,production,invoicing,2.4
2026-07-01,r-0024,Block storage,production,invoicing,0.6576
2026-07-01,r-0025,Compute,production,invoicing,2.4
2026-07-01,r-0026,Block storage,production,invoicing,0.6576
2026-07-01,r-0027,Compute,staging,platform,1.2
2026-07-01,r-0028,Block storage,staging,platform,0.3288
2026-07-01,r-0029,Compute,staging,platform,1.2
2026-07-01,r-0030,Block storage,staging,platform,0.3288
2026-07-01,r-0031,Compute,staging,platform,1.2
2026-07-01,r-0032,Block storage,staging,platform,0.6576
2026-07-01,r-0033,Compute,staging,platform,1.2
2026-07-01,r-0034,Block storage,staging,platform,0.6576
2026-07-01,r-0035,Compute,staging,platform,1.2
2026-07-01,r-0036,Block storage,staging,platform,0.1644
2026-07-01,r-0037,Compute,staging,platform,1.2
2026-07-01,r-0038,Block storage,staging,platform,0.3288
2026-07-01,r-0039,Compute,development,invoicing,1.2
2026-07-01,r-0040,Block storage,development,invoicing,0.3288
2026-07-01,r-0041,Compute,development,invoicing,1.2
2026-07-01,r-0042,Block storage,development,invoicing,0.6576
2026-07-01,r-0043,Compute,development,invoicing,2.4
2026-07-01,r-0044,Block storage,development,invoicing,0.1644
2026-07-01,r-0045,Compute,development,invoicing,1.2
2026-07-01,r-0046,Block storage,development,invoicing,0.3288
2026-07-01,r-0047,Compute,development,invoicing,1.2
2026-07-01,r-0048,Block storage,development,invoicing,0.1644
2026-07-01,r-0049,Compute,development,invoicing,2.4
2026-07-01,r-0050,Block storage,development,invoicing,0.3288
2026-07-01,r-0051,Compute,development,payments,1.2
2026-07-01,r-0052,Block storage,development,payments,0.3288
2026-07-01,r-0053,Compute,development,payments,1.2
2026-07-01,r-0054,Block storage,development,payments,0.3288
2026-07-01,r-0063,Compute,development,,4.8
2026-07-01,r-0064,Block storage,development,,1.6438
2026-07-01,r-0065,Compute,,,2.4
2026-07-01,r-0066,Block storage,,,0.3288
2026-07-01,r-0067,Compute,development,,2.4
2026-07-01,r-0068,Block storage,development,,0.1644
2026-07-01,r-0070,Block storage,development,platform,0.3288
2026-07-01,r-0072,Block storage,development,,0.3288
2026-07-01,r-0074,Block storage,development,,0.1644
2026-07-01,r-0076,Block storage,development,,0.3288
2026-07-01,r-0077,Block storage,,,0.6576
2026-07-01,r-0078,Block storage,development,,3.2878
2026-07-01,r-0079,Block storage,development,platform,0.6576
2026-07-01,r-0080,Block storage,,,3.2878
2026-07-01,r-0081,Block storage,staging,,1.6438
2026-07-01,r-0082,Block storage,,,0.6576
2026-07-01,r-0083,Block storage,,,1.6438
2026-07-01,r-0084,Block storage,staging,,0.6576
2026-07-01,r-0085,Snapshots,production,,0.3288
2026-07-01,r-0086,Snapshots,development,platform,0.822
2026-07-01,r-0087,Snapshots,production,platform,0.3288
2026-07-01,r-0089,Snapshots,production,platform,0.3288
2026-07-01,r-0090,Snapshots,production,platform,0.1644
2026-07-01,r-0091,Snapshots,production,platform,0.1644
2026-07-01,r-0092,Snapshots,staging,platform,0.0821
2026-07-01,r-0094,Snapshots,production,platform,0.3288
2026-07-01,r-0095,Snapshots,production,platform,0.822
2026-07-01,r-0096,Snapshots,staging,platform,0.1644
2026-07-01,r-0097,Snapshots,development,,0.0821
2026-07-01,r-0098,Snapshots,development,,0.3288
2026-07-01,r-0099,Snapshots,production,platform,0.3288
2026-07-01,r-0100,Snapshots,production,platform,0.0821
2026-07-01,r-0101,Snapshots,development,platform,0.3288
2026-07-01,r-0102,Snapshots,production,platform,0.0821
2026-07-01,r-0103,Snapshots,development,,0.822
2026-07-01,r-0105,Snapshots,staging,platform,0.0821
2026-07-01,r-0106,Snapshots,production,,0.3288
2026-07-01,r-0107,Snapshots,production,platform,0.1644
2026-07-01,r-0108,Snapshots,production,platform,0.0821
2026-07-01,r-0109,Snapshots,development,platform,0.3288
2026-07-01,r-0110,Snapshots,development,,0.0821
2026-07-01,r-0112,Snapshots,production,platform,0.822
2026-07-01,r-0113,Snapshots,production,platform,0.1644
2026-07-01,r-0114,Snapshots,development,,0.1644
2026-07-01,r-0115,Snapshots,staging,,0.1644
2026-07-01,r-0116,Snapshots,staging,platform,0.0821
2026-07-01,r-0117,Snapshots,production,,0.1644
2026-07-01,r-0118,Snapshots,production,platform,0.1644
2026-07-01,r-0119,Snapshots,development,platform,0.0821
2026-07-01,r-0120,Snapshots,production,,0.822
2026-07-01,r-0121,Object storage,production,invoicing,1.361
2026-07-01,r-0122,Object storage,production,platform,3.0247
2026-07-01,r-0123,Object storage,production,marketing,0.0302
2026-07-01,r-0124,Object storage,production,,0.2647
2026-07-01,r-0125,Object storage,production,platform,1.8905
2026-07-01,r-0126,Object storage,development,,0.4536
2026-07-01,r-0127,Managed database,production,platform,10.8
2026-07-01,r-0128,Managed database,staging,platform,5.52
2026-07-01,r-0129,Load balancing,production,platform,0.6
2026-07-01,r-0130,Load balancing,staging,platform,0.6
2026-07-01,r-0131,Public IPs,,,0.12
2026-07-01,r-0132,Public IPs,,,0.12
2026-07-01,r-0133,Public IPs,,,0.12
2026-07-01,,Data transfer,production,platform,32.1693
2026-07-02,r-0001,Compute,production,platform,2.4
2026-07-02,r-0002,Block storage,production,platform,0.3288
2026-07-02,r-0003,Compute,production,platform,2.4
2026-07-02,r-0004,Block storage,production,platform,0.3288
2026-07-02,r-0005,Compute,production,platform,2.4
2026-07-02,r-0006,Block storage,production,platform,0.3288
2026-07-02,r-0007,Compute,production,platform,2.4
2026-07-02,r-0008,Block storage,production,platform,0.3288
2026-07-02,r-0009,Compute,production,platform,2.4
2026-07-02,r-0010,Block storage,production,platform,0.6576
2026-07-02,r-0011,Compute,production,platform,2.4
2026-07-02,r-0012,Block storage,production,platform,0.3288
2026-07-02,r-0013,Compute,production,platform,4.8
2026-07-02,r-0014,Block storage,production,platform,0.3288
2026-07-02,r-0015,Compute,production,platform,4.8
2026-07-02,r-0016,Block storage,production,platform,0.1644
2026-07-02,r-0017,Compute,production,platform,4.8
2026-07-02,r-0018,Block storage,production,platform,0.3288
2026-07-02,r-0019,Compute,production,platform,4.8
2026-07-02,r-0020,Block storage,production,platform,0.3288
2026-07-02,r-0021,Compute,production,invoicing,2.4
2026-07-02,r-0022,Block storage,production,invoicing,0.1644
2026-07-02,r-0023,Compute,production,invoicing,2.4
2026-07-02,r-0024,Block storage,production,invoicing,0.6576
2026-07-02,r-0025,Compute,production,invoicing,2.4
2026-07-02,r-0026,Block storage,production,invoicing,0.6576
2026-07-02,r-0027,Compute,staging,platform,1.2
2026-07-02,r-0028,Block storage,staging,platform,0.3288
2026-07-02,r-0029,Compute,staging,platform,1.2
2026-07-02,r-0030,Block storage,staging,platform,0.3288
2026-07-02,r-0031,Compute,staging,platform,1.2
2026-07-02,r-0032,Block storage,staging,platform,0.6576
2026-07-02,r-0033,Compute,staging,platform,1.2
2026-07-02,r-0034,Block storage,staging,platform,0.6576
2026-07-02,r-0035,Compute,staging,platform,1.2
2026-07-02,r-0036,Block storage,staging,platform,0.1644
2026-07-02,r-0037,Compute,staging,platform,1.2
2026-07-02,r-0038,Block storage,staging,platform,0.3288
2026-07-02,r-0039,Compute,development,invoicing,1.2
2026-07-02,r-0040,Block storage,development,invoicing,0.3288
2026-07-02,r-0041,Compute,development,invoicing,1.2
2026-07-02,r-0042,Block storage,development,invoicing,0.6576
2026-07-02,r-0043,Compute,development,invoicing,2.4
2026-07-02,r-0044,Block storage,development,invoicing,0.1644
2026-07-02,r-0045,Compute,development,invoicing,1.2
2026-07-02,r-0046,Block storage,development,invoicing,0.3288
2026-07-02,r-0047,Compute,development,invoicing,1.2
2026-07-02,r-0048,Block storage,development,invoicing,0.1644
2026-07-02,r-0049,Compute,development,invoicing,2.4
2026-07-02,r-0050,Block storage,development,invoicing,0.3288
2026-07-02,r-0051,Compute,development,payments,1.2
2026-07-02,r-0052,Block storage,development,payments,0.3288
2026-07-02,r-0053,Compute,development,payments,1.2
2026-07-02,r-0054,Block storage,development,payments,0.3288
2026-07-02,r-0063,Compute,development,,4.8
2026-07-02,r-0064,Block storage,development,,1.6438
2026-07-02,r-0065,Compute,,,2.4
2026-07-02,r-0066,Block storage,,,0.3288
2026-07-02,r-0067,Compute,development,,2.4
2026-07-02,r-0068,Block storage,development,,0.1644
2026-07-02,r-0070,Block storage,development,platform,0.3288
2026-07-02,r-0072,Block storage,development,,0.3288
2026-07-02,r-0074,Block storage,development,,0.1644
2026-07-02,r-0076,Block storage,development,,0.3288
2026-07-02,r-0077,Block storage,,,0.6576
2026-07-02,r-0078,Block storage,development,,3.2878
2026-07-02,r-0079,Block storage,development,platform,0.6576
2026-07-02,r-0080,Block storage,,,3.2878
2026-07-02,r-0081,Block storage,staging,,1.6438
2026-07-02,r-0082,Block storage,,,0.6576
2026-07-02,r-0083,Block storage,,,1.6438
2026-07-02,r-0084,Block storage,staging,,0.6576
2026-07-02,r-0085,Snapshots,production,,0.3288
2026-07-02,r-0086,Snapshots,development,platform,0.822
2026-07-02,r-0087,Snapshots,production,platform,0.3288
2026-07-02,r-0089,Snapshots,production,platform,0.3288
2026-07-02,r-0090,Snapshots,production,platform,0.1644
2026-07-02,r-0091,Snapshots,production,platform,0.1644
2026-07-02,r-0092,Snapshots,staging,platform,0.0821
2026-07-02,r-0094,Snapshots,production,platform,0.3288
2026-07-02,r-0095,Snapshots,production,platform,0.822
2026-07-02,r-0096,Snapshots,staging,platform,0.1644
2026-07-02,r-0097,Snapshots,development,,0.0821
2026-07-02,r-0098,Snapshots,development,,0.3288
2026-07-02,r-0099,Snapshots,production,platform,0.3288
2026-07-02,r-0100,Snapshots,production,platform,0.0821
2026-07-02,r-0101,Snapshots,development,platform,0.3288
2026-07-02,r-0102,Snapshots,production,platform,0.0821
2026-07-02,r-0103,Snapshots,development,,0.822
2026-07-02,r-0105,Snapshots,staging,platform,0.0821
2026-07-02,r-0106,Snapshots,production,,0.3288
2026-07-02,r-0107,Snapshots,production,platform,0.1644
2026-07-02,r-0108,Snapshots,production,platform,0.0821
2026-07-02,r-0109,Snapshots,development,platform,0.3288
2026-07-02,r-0110,Snapshots,development,,0.0821
2026-07-02,r-0111,Snapshots,staging,,0.1644
2026-07-02,r-0112,Snapshots,production,platform,0.822
2026-07-02,r-0113,Snapshots,production,platform,0.1644
2026-07-02,r-0114,Snapshots,development,,0.1644
2026-07-02,r-0115,Snapshots,staging,,0.1644
2026-07-02,r-0116,Snapshots,staging,platform,0.0821
2026-07-02,r-0117,Snapshots,production,,0.1644
2026-07-02,r-0118,Snapshots,production,platform,0.1644
2026-07-02,r-0119,Snapshots,development,platform,0.0821
2026-07-02,r-0120,Snapshots,production,,0.822
2026-07-02,r-0121,Object storage,production,invoicing,1.361
2026-07-02,r-0122,Object storage,production,platform,3.0247
2026-07-02,r-0123,Object storage,production,marketing,0.0302
2026-07-02,r-0124,Object storage,production,,0.2647
2026-07-02,r-0125,Object storage,production,platform,1.8905
2026-07-02,r-0126,Object storage,development,,0.4536
2026-07-02,r-0127,Managed database,production,platform,10.8
2026-07-02,r-0128,Managed database,staging,platform,5.52
2026-07-02,r-0129,Load balancing,production,platform,0.6
2026-07-02,r-0130,Load balancing,staging,platform,0.6
2026-07-02,r-0131,Public IPs,,,0.12
2026-07-02,r-0132,Public IPs,,,0.12
2026-07-02,r-0133,Public IPs,,,0.12
2026-07-02,,Data transfer,production,platform,34.8167
2026-07-03,r-0001,Compute,production,platform,2.4
2026-07-03,r-0002,Block storage,production,platform,0.3288
2026-07-03,r-0003,Compute,production,platform,2.4
2026-07-03,r-0004,Block storage,production,platform,0.3288
2026-07-03,r-0005,Compute,production,platform,2.4
2026-07-03,r-0006,Block storage,production,platform,0.3288
2026-07-03,r-0007,Compute,production,platform,2.4
2026-07-03,r-0008,Block storage,production,platform,0.3288
2026-07-03,r-0009,Compute,production,platform,2.4
2026-07-03,r-0010,Block storage,production,platform,0.6576
2026-07-03,r-0011,Compute,production,platform,2.4
2026-07-03,r-0012,Block storage,production,platform,0.3288
2026-07-03,r-0013,Compute,production,platform,4.8
2026-07-03,r-0014,Block storage,production,platform,0.3288
2026-07-03,r-0015,Compute,production,platform,4.8
2026-07-03,r-0016,Block storage,production,platform,0.1644
2026-07-03,r-0017,Compute,production,platform,4.8
2026-07-03,r-0018,Block storage,production,platform,0.3288
2026-07-03,r-0019,Compute,production,platform,4.8
2026-07-03,r-0020,Block storage,production,platform,0.3288
2026-07-03,r-0021,Compute,production,invoicing,2.4
2026-07-03,r-0022,Block storage,production,invoicing,0.1644
2026-07-03,r-0023,Compute,production,invoicing,2.4
2026-07-03,r-0024,Block storage,production,invoicing,0.6576
2026-07-03,r-0025,Compute,production,invoicing,2.4
2026-07-03,r-0026,Block storage,production,invoicing,0.6576
2026-07-03,r-0027,Compute,staging,platform,1.2
2026-07-03,r-0028,Block storage,staging,platform,0.3288
2026-07-03,r-0029,Compute,staging,platform,1.2
2026-07-03,r-0030,Block storage,staging,platform,0.3288
2026-07-03,r-0031,Compute,staging,platform,1.2
2026-07-03,r-0032,Block storage,staging,platform,0.6576
2026-07-03,r-0033,Compute,staging,platform,1.2
2026-07-03,r-0034,Block storage,staging,platform,0.6576
2026-07-03,r-0035,Compute,staging,platform,1.2
2026-07-03,r-0036,Block storage,staging,platform,0.1644
2026-07-03,r-0037,Compute,staging,platform,1.2
2026-07-03,r-0038,Block storage,staging,platform,0.3288
2026-07-03,r-0039,Compute,development,invoicing,1.2
2026-07-03,r-0040,Block storage,development,invoicing,0.3288
2026-07-03,r-0041,Compute,development,invoicing,1.2
2026-07-03,r-0042,Block storage,development,invoicing,0.6576
2026-07-03,r-0043,Compute,development,invoicing,2.4
2026-07-03,r-0044,Block storage,development,invoicing,0.1644
2026-07-03,r-0045,Compute,development,invoicing,1.2
2026-07-03,r-0046,Block storage,development,invoicing,0.3288
2026-07-03,r-0047,Compute,development,invoicing,1.2
2026-07-03,r-0048,Block storage,development,invoicing,0.1644
2026-07-03,r-0049,Compute,development,invoicing,2.4
2026-07-03,r-0050,Block storage,development,invoicing,0.3288
2026-07-03,r-0051,Compute,development,payments,1.2
2026-07-03,r-0052,Block storage,development,payments,0.3288
2026-07-03,r-0053,Compute,development,payments,1.2
2026-07-03,r-0054,Block storage,development,payments,0.3288
2026-07-03,r-0063,Compute,development,,4.8
2026-07-03,r-0064,Block storage,development,,1.6438
2026-07-03,r-0065,Compute,,,2.4
2026-07-03,r-0066,Block storage,,,0.3288
2026-07-03,r-0067,Compute,development,,2.4
2026-07-03,r-0068,Block storage,development,,0.1644
2026-07-03,r-0070,Block storage,development,platform,0.3288
2026-07-03,r-0072,Block storage,development,,0.3288
2026-07-03,r-0074,Block storage,development,,0.1644
2026-07-03,r-0076,Block storage,development,,0.3288
2026-07-03,r-0077,Block storage,,,0.6576
2026-07-03,r-0078,Block storage,development,,3.2878
2026-07-03,r-0079,Block storage,development,platform,0.6576
2026-07-03,r-0080,Block storage,,,3.2878
2026-07-03,r-0081,Block storage,staging,,1.6438
2026-07-03,r-0082,Block storage,,,0.6576
2026-07-03,r-0083,Block storage,,,1.6438
2026-07-03,r-0084,Block storage,staging,,0.6576
2026-07-03,r-0085,Snapshots,production,,0.3288
2026-07-03,r-0086,Snapshots,development,platform,0.822
2026-07-03,r-0087,Snapshots,production,platform,0.3288
2026-07-03,r-0089,Snapshots,production,platform,0.3288
2026-07-03,r-0090,Snapshots,production,platform,0.1644
2026-07-03,r-0091,Snapshots,production,platform,0.1644
2026-07-03,r-0092,Snapshots,staging,platform,0.0821
2026-07-03,r-0094,Snapshots,production,platform,0.3288
2026-07-03,r-0095,Snapshots,production,platform,0.822
2026-07-03,r-0096,Snapshots,staging,platform,0.1644
2026-07-03,r-0097,Snapshots,development,,0.0821
2026-07-03,r-0098,Snapshots,development,,0.3288
2026-07-03,r-0099,Snapshots,production,platform,0.3288
2026-07-03,r-0100,Snapshots,production,platform,0.0821
2026-07-03,r-0101,Snapshots,development,platform,0.3288
2026-07-03,r-0102,Snapshots,production,platform,0.0821
2026-07-03,r-0103,Snapshots,development,,0.822
2026-07-03,r-0105,Snapshots,staging,platform,0.0821
2026-07-03,r-0106,Snapshots,production,,0.3288
2026-07-03,r-0107,Snapshots,production,platform,0.1644
2026-07-03,r-0108,Snapshots,production,platform,0.0821
2026-07-03,r-0109,Snapshots,development,platform,0.3288
2026-07-03,r-0110,Snapshots,development,,0.0821
2026-07-03,r-0111,Snapshots,staging,,0.1644
2026-07-03,r-0112,Snapshots,production,platform,0.822
2026-07-03,r-0113,Snapshots,production,platform,0.1644
2026-07-03,r-0114,Snapshots,development,,0.1644
2026-07-03,r-0115,Snapshots,staging,,0.1644
2026-07-03,r-0116,Snapshots,staging,platform,0.0821
2026-07-03,r-0117,Snapshots,production,,0.1644
2026-07-03,r-0118,Snapshots,production,platform,0.1644
2026-07-03,r-0119,Snapshots,development,platform,0.0821
2026-07-03,r-0120,Snapshots,production,,0.822
2026-07-03,r-0121,Object storage,production,invoicing,1.361
2026-07-03,r-0122,Object storage,production,platform,3.0247
2026-07-03,r-0123,Object storage,production,marketing,0.0302
2026-07-03,r-0124,Object storage,production,,0.2647
2026-07-03,r-0125,Object storage,production,platform,1.8905
2026-07-03,r-0126,Object storage,development,,0.4536
2026-07-03,r-0127,Managed database,production,platform,10.8
2026-07-03,r-0128,Managed database,staging,platform,5.52
2026-07-03,r-0129,Load balancing,production,platform,0.6
2026-07-03,r-0130,Load balancing,staging,platform,0.6
2026-07-03,r-0131,Public IPs,,,0.12
2026-07-03,r-0132,Public IPs,,,0.12
2026-07-03,r-0133,Public IPs,,,0.12
2026-07-03,,Data transfer,production,platform,37.7293
2026-07-04,r-0001,Compute,production,platform,2.4
2026-07-04,r-0002,Block storage,production,platform,0.3288
2026-07-04,r-0003,Compute,production,platform,2.4
2026-07-04,r-0004,Block storage,production,platform,0.3288
2026-07-04,r-0005,Compute,production,platform,2.4
2026-07-04,r-0006,Block storage,production,platform,0.3288
2026-07-04,r-0007,Compute,production,platform,2.4
2026-07-04,r-0008,Block storage,production,platform,0.3288
2026-07-04,r-0009,Compute,production,platform,2.4
2026-07-04,r-0010,Block storage,production,platform,0.6576
2026-07-04,r-0011,Compute,production,platform,2.4
2026-07-04,r-0012,Block storage,production,platform,0.3288
2026-07-04,r-0013,Compute,production,platform,4.8
2026-07-04,r-0014,Block storage,production,platform,0.3288
2026-07-04,r-0015,Compute,production,platform,4.8
2026-07-04,r-0016,Block storage,production,platform,0.1644
2026-07-04,r-0017,Compute,production,platform,4.8
2026-07-04,r-0018,Block storage,production,platform,0.3288
2026-07-04,r-0019,Compute,production,platform,4.8
2026-07-04,r-0020,Block storage,production,platform,0.3288
2026-07-04,r-0021,Compute,production,invoicing,2.4
2026-07-04,r-0022,Block storage,production,invoicing,0.1644
2026-07-04,r-0023,Compute,production,invoicing,2.4
2026-07-04,r-0024,Block storage,production,invoicing,0.6576
2026-07-04,r-0025,Compute,production,invoicing,2.4
2026-07-04,r-0026,Block storage,production,invoicing,0.6576
2026-07-04,r-0027,Compute,staging,platform,1.2
2026-07-04,r-0028,Block storage,staging,platform,0.3288
2026-07-04,r-0029,Compute,staging,platform,1.2
2026-07-04,r-0030,Block storage,staging,platform,0.3288
2026-07-04,r-0031,Compute,staging,platform,1.2
2026-07-04,r-0032,Block storage,staging,platform,0.6576
2026-07-04,r-0033,Compute,staging,platform,1.2
2026-07-04,r-0034,Block storage,staging,platform,0.6576
2026-07-04,r-0035,Compute,staging,platform,1.2
2026-07-04,r-0036,Block storage,staging,platform,0.1644
2026-07-04,r-0037,Compute,staging,platform,1.2
2026-07-04,r-0038,Block storage,staging,platform,0.3288
2026-07-04,r-0039,Compute,development,invoicing,1.2
2026-07-04,r-0040,Block storage,development,invoicing,0.3288
2026-07-04,r-0041,Compute,development,invoicing,1.2
2026-07-04,r-0042,Block storage,development,invoicing,0.6576
2026-07-04,r-0043,Compute,development,invoicing,2.4
2026-07-04,r-0044,Block storage,development,invoicing,0.1644
2026-07-04,r-0045,Compute,development,invoicing,1.2
2026-07-04,r-0046,Block storage,development,invoicing,0.3288
2026-07-04,r-0047,Compute,development,invoicing,1.2
2026-07-04,r-0048,Block storage,development,invoicing,0.1644
2026-07-04,r-0049,Compute,development,invoicing,2.4
2026-07-04,r-0050,Block storage,development,invoicing,0.3288
2026-07-04,r-0051,Compute,development,payments,1.2
2026-07-04,r-0052,Block storage,development,payments,0.3288
2026-07-04,r-0053,Compute,development,payments,1.2
2026-07-04,r-0054,Block storage,development,payments,0.3288
2026-07-04,r-0063,Compute,development,,4.8
2026-07-04,r-0064,Block storage,development,,1.6438
2026-07-04,r-0065,Compute,,,2.4
2026-07-04,r-0066,Block storage,,,0.3288
2026-07-04,r-0067,Compute,development,,2.4
2026-07-04,r-0068,Block storage,development,,0.1644
2026-07-04,r-0070,Block storage,development,platform,0.3288
2026-07-04,r-0072,Block storage,development,,0.3288
2026-07-04,r-0074,Block storage,development,,0.1644
2026-07-04,r-0076,Block storage,development,,0.3288
2026-07-04,r-0077,Block storage,,,0.6576
2026-07-04,r-0078,Block storage,development,,3.2878
2026-07-04,r-0079,Block storage,development,platform,0.6576
2026-07-04,r-0080,Block storage,,,3.2878
2026-07-04,r-0081,Block storage,staging,,1.6438
2026-07-04,r-0082,Block storage,,,0.6576
2026-07-04,r-0083,Block storage,,,1.6438
2026-07-04,r-0084,Block storage,staging,,0.6576
2026-07-04,r-0085,Snapshots,production,,0.3288
2026-07-04,r-0086,Snapshots,development,platform,0.822
2026-07-04,r-0087,Snapshots,production,platform,0.3288
2026-07-04,r-0089,Snapshots,production,platform,0.3288
2026-07-04,r-0090,Snapshots,production,platform,0.1644
2026-07-04,r-0091,Snapshots,production,platform,0.1644
2026-07-04,r-0092,Snapshots,staging,platform,0.0821
2026-07-04,r-0094,Snapshots,production,platform,0.3288
2026-07-04,r-0095,Snapshots,production,platform,0.822
2026-07-04,r-0096,Snapshots,staging,platform,0.1644
2026-07-04,r-0097,Snapshots,development,,0.0821
2026-07-04,r-0098,Snapshots,development,,0.3288
2026-07-04,r-0099,Snapshots,production,platform,0.3288
2026-07-04,r-0100,Snapshots,production,platform,0.0821
2026-07-04,r-0101,Snapshots,development,platform,0.3288
2026-07-04,r-0102,Snapshots,production,platform,0.0821
2026-07-04,r-0103,Snapshots,development,,0.822
2026-07-04,r-0105,Snapshots,staging,platform,0.0821
2026-07-04,r-0106,Snapshots,production,,0.3288
2026-07-04,r-0107,Snapshots,production,platform,0.1644
2026-07-04,r-0108,Snapshots,production,platform,0.0821
2026-07-04,r-0109,Snapshots,development,platform,0.3288
2026-07-04,r-0110,Snapshots,development,,0.0821
2026-07-04,r-0111,Snapshots,staging,,0.1644
2026-07-04,r-0112,Snapshots,production,platform,0.822
2026-07-04,r-0113,Snapshots,production,platform,0.1644
2026-07-04,r-0114,Snapshots,development,,0.1644
2026-07-04,r-0115,Snapshots,staging,,0.1644
2026-07-04,r-0116,Snapshots,staging,platform,0.0821
2026-07-04,r-0117,Snapshots,production,,0.1644
2026-07-04,r-0118,Snapshots,production,platform,0.1644
2026-07-04,r-0119,Snapshots,development,platform,0.0821
2026-07-04,r-0120,Snapshots,production,,0.822
2026-07-04,r-0121,Object storage,production,invoicing,1.361
2026-07-04,r-0122,Object storage,production,platform,3.0247
2026-07-04,r-0123,Object storage,production,marketing,0.0302
2026-07-04,r-0124,Object storage,production,,0.2647
2026-07-04,r-0125,Object storage,production,platform,1.8905
2026-07-04,r-0126,Object storage,development,,0.4536
2026-07-04,r-0127,Managed database,production,platform,10.8
2026-07-04,r-0128,Managed database,staging,platform,5.52
2026-07-04,r-0129,Load balancing,production,platform,0.6
2026-07-04,r-0130,Load balancing,staging,platform,0.6
2026-07-04,r-0131,Public IPs,,,0.12
2026-07-04,r-0132,Public IPs,,,0.12
2026-07-04,r-0133,Public IPs,,,0.12
2026-07-04,,Data transfer,production,platform,37.4415
2026-07-05,r-0001,Compute,production,platform,2.4
2026-07-05,r-0002,Block storage,production,platform,0.3288
2026-07-05,r-0003,Compute,production,platform,2.4
2026-07-05,r-0004,Block storage,production,platform,0.3288
2026-07-05,r-0005,Compute,production,platform,2.4
2026-07-05,r-0006,Block storage,production,platform,0.3288
2026-07-05,r-0007,Compute,production,platform,2.4
2026-07-05,r-0008,Block storage,production,platform,0.3288
2026-07-05,r-0009,Compute,production,platform,2.4
2026-07-05,r-0010,Block storage,production,platform,0.6576
2026-07-05,r-0011,Compute,production,platform,2.4
2026-07-05,r-0012,Block storage,production,platform,0.3288
2026-07-05,r-0013,Compute,production,platform,4.8
2026-07-05,r-0014,Block storage,production,platform,0.3288
2026-07-05,r-0015,Compute,production,platform,4.8
2026-07-05,r-0016,Block storage,production,platform,0.1644
2026-07-05,r-0017,Compute,production,platform,4.8
2026-07-05,r-0018,Block storage,production,platform,0.3288
2026-07-05,r-0019,Compute,production,platform,4.8
2026-07-05,r-0020,Block storage,production,platform,0.3288
2026-07-05,r-0021,Compute,production,invoicing,2.4
2026-07-05,r-0022,Block storage,production,invoicing,0.1644
2026-07-05,r-0023,Compute,production,invoicing,2.4
2026-07-05,r-0024,Block storage,production,invoicing,0.6576
2026-07-05,r-0025,Compute,production,invoicing,2.4
2026-07-05,r-0026,Block storage,production,invoicing,0.6576
2026-07-05,r-0027,Compute,staging,platform,1.2
2026-07-05,r-0028,Block storage,staging,platform,0.3288
2026-07-05,r-0029,Compute,staging,platform,1.2
2026-07-05,r-0030,Block storage,staging,platform,0.3288
2026-07-05,r-0031,Compute,staging,platform,1.2
2026-07-05,r-0032,Block storage,staging,platform,0.6576
2026-07-05,r-0033,Compute,staging,platform,1.2
2026-07-05,r-0034,Block storage,staging,platform,0.6576
2026-07-05,r-0035,Compute,staging,platform,1.2
2026-07-05,r-0036,Block storage,staging,platform,0.1644
2026-07-05,r-0037,Compute,staging,platform,1.2
2026-07-05,r-0038,Block storage,staging,platform,0.3288
2026-07-05,r-0039,Compute,development,invoicing,1.2
2026-07-05,r-0040,Block storage,development,invoicing,0.3288
2026-07-05,r-0041,Compute,development,invoicing,1.2
2026-07-05,r-0042,Block storage,development,invoicing,0.6576
2026-07-05,r-0043,Compute,development,invoicing,2.4
2026-07-05,r-0044,Block storage,development,invoicing,0.1644
2026-07-05,r-0045,Compute,development,invoicing,1.2
2026-07-05,r-0046,Block storage,development,invoicing,0.3288
2026-07-05,r-0047,Compute,development,invoicing,1.2
2026-07-05,r-0048,Block storage,development,invoicing,0.1644
2026-07-05,r-0049,Compute,development,invoicing,2.4
2026-07-05,r-0050,Block storage,development,invoicing,0.3288
2026-07-05,r-0051,Compute,development,payments,1.2
2026-07-05,r-0052,Block storage,development,payments,0.3288
2026-07-05,r-0053,Compute,development,payments,1.2
2026-07-05,r-0054,Block storage,development,payments,0.3288
2026-07-05,r-0063,Compute,development,,4.8
2026-07-05,r-0064,Block storage,development,,1.6438
2026-07-05,r-0065,Compute,,,2.4
2026-07-05,r-0066,Block storage,,,0.3288
2026-07-05,r-0067,Compute,development,,2.4
2026-07-05,r-0068,Block storage,development,,0.1644
2026-07-05,r-0070,Block storage,development,platform,0.3288
2026-07-05,r-0072,Block storage,development,,0.3288
2026-07-05,r-0074,Block storage,development,,0.1644
2026-07-05,r-0076,Block storage,development,,0.3288
2026-07-05,r-0077,Block storage,,,0.6576
2026-07-05,r-0078,Block storage,development,,3.2878
2026-07-05,r-0079,Block storage,development,platform,0.6576
2026-07-05,r-0080,Block storage,,,3.2878
2026-07-05,r-0081,Block storage,staging,,1.6438
2026-07-05,r-0082,Block storage,,,0.6576
2026-07-05,r-0083,Block storage,,,1.6438
2026-07-05,r-0084,Block storage,staging,,0.6576
2026-07-05,r-0085,Snapshots,production,,0.3288
2026-07-05,r-0086,Snapshots,development,platform,0.822
2026-07-05,r-0087,Snapshots,production,platform,0.3288
2026-07-05,r-0089,Snapshots,production,platform,0.3288
2026-07-05,r-0090,Snapshots,production,platform,0.1644
2026-07-05,r-0091,Snapshots,production,platform,0.1644
2026-07-05,r-0092,Snapshots,staging,platform,0.0821
2026-07-05,r-0094,Snapshots,production,platform,0.3288
2026-07-05,r-0095,Snapshots,production,platform,0.822
2026-07-05,r-0096,Snapshots,staging,platform,0.1644
2026-07-05,r-0097,Snapshots,development,,0.0821
2026-07-05,r-0098,Snapshots,development,,0.3288
2026-07-05,r-0099,Snapshots,production,platform,0.3288
2026-07-05,r-0100,Snapshots,production,platform,0.0821
2026-07-05,r-0101,Snapshots,development,platform,0.3288
2026-07-05,r-0102,Snapshots,production,platform,0.0821
2026-07-05,r-0103,Snapshots,development,,0.822
2026-07-05,r-0105,Snapshots,staging,platform,0.0821
2026-07-05,r-0106,Snapshots,production,,0.3288
2026-07-05,r-0107,Snapshots,production,platform,0.1644
2026-07-05,r-0108,Snapshots,production,platform,0.0821
2026-07-05,r-0109,Snapshots,development,platform,0.3288
2026-07-05,r-0110,Snapshots,development,,0.0821
2026-07-05,r-0111,Snapshots,staging,,0.1644
2026-07-05,r-0112,Snapshots,production,platform,0.822
2026-07-05,r-0113,Snapshots,production,platform,0.1644
2026-07-05,r-0114,Snapshots,development,,0.1644
2026-07-05,r-0115,Snapshots,staging,,0.1644
2026-07-05,r-0116,Snapshots,staging,platform,0.0821
2026-07-05,r-0117,Snapshots,production,,0.1644
2026-07-05,r-0118,Snapshots,production,platform,0.1644
2026-07-05,r-0119,Snapshots,development,platform,0.0821
2026-07-05,r-0120,Snapshots,production,,0.822
2026-07-05,r-0121,Object storage,production,invoicing,1.361
2026-07-05,r-0122,Object storage,production,platform,3.0247
2026-07-05,r-0123,Object storage,production,marketing,0.0302
2026-07-05,r-0124,Object storage,production,,0.2647
2026-07-05,r-0125,Object storage,production,platform,1.8905
2026-07-05,r-0126,Object storage,development,,0.4536
2026-07-05,r-0127,Managed database,production,platform,10.8
2026-07-05,r-0128,Managed database,staging,platform,5.52
2026-07-05,r-0129,Load balancing,production,platform,0.6
2026-07-05,r-0130,Load balancing,staging,platform,0.6
2026-07-05,r-0131,Public IPs,,,0.12
2026-07-05,r-0132,Public IPs,,,0.12
2026-07-05,r-0133,Public IPs,,,0.12
2026-07-05,,Data transfer,production,platform,34.3345
2026-07-06,r-0001,Compute,production,platform,2.4
2026-07-06,r-0002,Block storage,production,platform,0.3288
2026-07-06,r-0003,Compute,production,platform,2.4
2026-07-06,r-0004,Block storage,production,platform,0.3288
2026-07-06,r-0005,Compute,production,platform,2.4
2026-07-06,r-0006,Block storage,production,platform,0.3288
2026-07-06,r-0007,Compute,production,platform,2.4
2026-07-06,r-0008,Block storage,production,platform,0.3288
2026-07-06,r-0009,Compute,production,platform,2.4
2026-07-06,r-0010,Block storage,production,platform,0.6576
2026-07-06,r-0011,Compute,production,platform,2.4
2026-07-06,r-0012,Block storage,production,platform,0.3288
2026-07-06,r-0013,Compute,production,platform,4.8
2026-07-06,r-0014,Block storage,production,platform,0.3288
2026-07-06,r-0015,Compute,production,platform,4.8
2026-07-06,r-0016,Block storage,production,platform,0.1644
2026-07-06,r-0017,Compute,production,platform,4.8
2026-07-06,r-0018,Block storage,production,platform,0.3288
2026-07-06,r-0019,Compute,production,platform,4.8
2026-07-06,r-0020,Block storage,production,platform,0.3288
2026-07-06,r-0021,Compute,production,invoicing,2.4
2026-07-06,r-0022,Block storage,production,invoicing,0.1644
2026-07-06,r-0023,Compute,production,invoicing,2.4
2026-07-06,r-0024,Block storage,production,invoicing,0.6576
2026-07-06,r-0025,Compute,production,invoicing,2.4
2026-07-06,r-0026,Block storage,production,invoicing,0.6576
2026-07-06,r-0027,Compute,staging,platform,1.2
2026-07-06,r-0028,Block storage,staging,platform,0.3288
2026-07-06,r-0029,Compute,staging,platform,1.2
2026-07-06,r-0030,Block storage,staging,platform,0.3288
2026-07-06,r-0031,Compute,staging,platform,1.2
2026-07-06,r-0032,Block storage,staging,platform,0.6576
2026-07-06,r-0033,Compute,staging,platform,1.2
2026-07-06,r-0034,Block storage,staging,platform,0.6576
2026-07-06,r-0035,Compute,staging,platform,1.2
2026-07-06,r-0036,Block storage,staging,platform,0.1644
2026-07-06,r-0037,Compute,staging,platform,1.2
2026-07-06,r-0038,Block storage,staging,platform,0.3288
2026-07-06,r-0039,Compute,development,invoicing,1.2
2026-07-06,r-0040,Block storage,development,invoicing,0.3288
2026-07-06,r-0041,Compute,development,invoicing,1.2
2026-07-06,r-0042,Block storage,development,invoicing,0.6576
2026-07-06,r-0043,Compute,development,invoicing,2.4
2026-07-06,r-0044,Block storage,development,invoicing,0.1644
2026-07-06,r-0045,Compute,development,invoicing,1.2
2026-07-06,r-0046,Block storage,development,invoicing,0.3288
2026-07-06,r-0047,Compute,development,invoicing,1.2
2026-07-06,r-0048,Block storage,development,invoicing,0.1644
2026-07-06,r-0049,Compute,development,invoicing,2.4
2026-07-06,r-0050,Block storage,development,invoicing,0.3288
2026-07-06,r-0051,Compute,development,payments,1.2
2026-07-06,r-0052,Block storage,development,payments,0.3288
2026-07-06,r-0053,Compute,development,payments,1.2
2026-07-06,r-0054,Block storage,development,payments,0.3288
2026-07-06,r-0055,Compute,development,payments,2.4
2026-07-06,r-0056,Block storage,development,payments,0.1644
2026-07-06,r-0057,Compute,development,payments,1.2
2026-07-06,r-0058,Block storage,development,payments,0.1644
2026-07-06,r-0059,Compute,development,payments,1.2
2026-07-06,r-0060,Block storage,development,payments,0.3288
2026-07-06,r-0061,Compute,development,payments,2.4
2026-07-06,r-0062,Block storage,development,payments,0.3288
2026-07-06,r-0063,Compute,development,,4.8
2026-07-06,r-0064,Block storage,development,,1.6438
2026-07-06,r-0065,Compute,,,2.4
2026-07-06,r-0066,Block storage,,,0.3288
2026-07-06,r-0067,Compute,development,,2.4
2026-07-06,r-0068,Block storage,development,,0.1644
2026-07-06,r-0070,Block storage,development,platform,0.3288
2026-07-06,r-0072,Block storage,development,,0.3288
2026-07-06,r-0074,Block storage,development,,0.1644
2026-07-06,r-0076,Block storage,development,,0.3288
2026-07-06,r-0077,Block storage,,,0.6576
2026-07-06,r-0078,Block storage,development,,3.2878
2026-07-06,r-0079,Block storage,development,platform,0.6576
2026-07-06,r-0080,Block storage,,,3.2878
2026-07-06,r-0081,Block storage,staging,,1.6438
2026-07-06,r-0082,Block storage,,,0.6576
2026-07-06,r-0083,Block storage,,,1.6438
2026-07-06,r-0084,Block storage,staging,,0.6576
2026-07-06,r-0085,Snapshots,production,,0.3288
2026-07-06,r-0086,Snapshots,development,platform,0.822
2026-07-06,r-0087,Snapshots,production,platform,0.3288
2026-07-06,r-0089,Snapshots,production,platform,0.3288
2026-07-06,r-0090,Snapshots,production,platform,0.1644
2026-07-06,r-0091,Snapshots,production,platform,0.1644
2026-07-06,r-0092,Snapshots,staging,platform,0.0821
2026-07-06,r-0094,Snapshots,production,platform,0.3288
2026-07-06,r-0095,Snapshots,production,platform,0.822
2026-07-06,r-0096,Snapshots,staging,platform,0.1644
2026-07-06,r-0097,Snapshots,development,,0.0821
2026-07-06,r-0098,Snapshots,development,,0.3288
2026-07-06,r-0099,Snapshots,production,platform,0.3288
2026-07-06,r-0100,Snapshots,production,platform,0.0821
2026-07-06,r-0101,Snapshots,development,platform,0.3288
2026-07-06,r-0102,Snapshots,production,platform,0.0821
2026-07-06,r-0103,Snapshots,development,,0.822
2026-07-06,r-0105,Snapshots,staging,platform,0.0821
2026-07-06,r-0106,Snapshots,production,,0.3288
2026-07-06,r-0107,Snapshots,production,platform,0.1644
2026-07-06,r-0108,Snapshots,production,platform,0.0821
2026-07-06,r-0109,Snapshots,development,platform,0.3288
2026-07-06,r-0110,Snapshots,development,,0.0821
2026-07-06,r-0111,Snapshots,staging,,0.1644
2026-07-06,r-0112,Snapshots,production,platform,0.822
2026-07-06,r-0113,Snapshots,production,platform,0.1644
2026-07-06,r-0114,Snapshots,development,,0.1644
2026-07-06,r-0115,Snapshots,staging,,0.1644
2026-07-06,r-0116,Snapshots,staging,platform,0.0821
2026-07-06,r-0117,Snapshots,production,,0.1644
2026-07-06,r-0118,Snapshots,production,platform,0.1644
2026-07-06,r-0119,Snapshots,development,platform,0.0821
2026-07-06,r-0120,Snapshots,production,,0.822
2026-07-06,r-0121,Object storage,production,invoicing,1.361
2026-07-06,r-0122,Object storage,production,platform,3.0247
2026-07-06,r-0123,Object storage,production,marketing,0.0302
2026-07-06,r-0124,Object storage,production,,0.2647
2026-07-06,r-0125,Object storage,production,platform,1.8905
2026-07-06,r-0126,Object storage,development,,0.4536
2026-07-06,r-0127,Managed database,production,platform,10.8
2026-07-06,r-0128,Managed database,staging,platform,5.52
2026-07-06,r-0129,Load balancing,production,platform,0.6
2026-07-06,r-0130,Load balancing,staging,platform,0.6
2026-07-06,r-0131,Public IPs,,,0.12
2026-07-06,r-0132,Public IPs,,,0.12
2026-07-06,r-0133,Public IPs,,,0.12
2026-07-06,,Data transfer,production,platform,35.6739
2026-07-07,r-0001,Compute,production,platform,2.4
2026-07-07,r-0002,Block storage,production,platform,0.3288
2026-07-07,r-0003,Compute,production,platform,2.4
2026-07-07,r-0004,Block storage,production,platform,0.3288
2026-07-07,r-0005,Compute,production,platform,2.4
2026-07-07,r-0006,Block storage,production,platform,0.3288
2026-07-07,r-0007,Compute,production,platform,2.4
2026-07-07,r-0008,Block storage,production,platform,0.3288
2026-07-07,r-0009,Compute,production,platform,2.4
2026-07-07,r-0010,Block storage,production,platform,0.6576
2026-07-07,r-0011,Compute,production,platform,2.4
2026-07-07,r-0012,Block storage,production,platform,0.3288
2026-07-07,r-0013,Compute,production,platform,4.8
2026-07-07,r-0014,Block storage,production,platform,0.3288
2026-07-07,r-0015,Compute,production,platform,4.8
2026-07-07,r-0016,Block storage,production,platform,0.1644
2026-07-07,r-0017,Compute,production,platform,4.8
2026-07-07,r-0018,Block storage,production,platform,0.3288
2026-07-07,r-0019,Compute,production,platform,4.8
2026-07-07,r-0020,Block storage,production,platform,0.3288
2026-07-07,r-0021,Compute,production,invoicing,2.4
2026-07-07,r-0022,Block storage,production,invoicing,0.1644
2026-07-07,r-0023,Compute,production,invoicing,2.4
2026-07-07,r-0024,Block storage,production,invoicing,0.6576
2026-07-07,r-0025,Compute,production,invoicing,2.4
2026-07-07,r-0026,Block storage,production,invoicing,0.6576
2026-07-07,r-0027,Compute,staging,platform,1.2
2026-07-07,r-0028,Block storage,staging,platform,0.3288
2026-07-07,r-0029,Compute,staging,platform,1.2
2026-07-07,r-0030,Block storage,staging,platform,0.3288
2026-07-07,r-0031,Compute,staging,platform,1.2
2026-07-07,r-0032,Block storage,staging,platform,0.6576
2026-07-07,r-0033,Compute,staging,platform,1.2
2026-07-07,r-0034,Block storage,staging,platform,0.6576
2026-07-07,r-0035,Compute,staging,platform,1.2
2026-07-07,r-0036,Block storage,staging,platform,0.1644
2026-07-07,r-0037,Compute,staging,platform,1.2
2026-07-07,r-0038,Block storage,staging,platform,0.3288
2026-07-07,r-0039,Compute,development,invoicing,1.2
2026-07-07,r-0040,Block storage,development,invoicing,0.3288
2026-07-07,r-0041,Compute,development,invoicing,1.2
2026-07-07,r-0042,Block storage,development,invoicing,0.6576
2026-07-07,r-0043,Compute,development,invoicing,2.4
2026-07-07,r-0044,Block storage,development,invoicing,0.1644
2026-07-07,r-0045,Compute,development,invoicing,1.2
2026-07-07,r-0046,Block storage,development,invoicing,0.3288
2026-07-07,r-0047,Compute,development,invoicing,1.2
2026-07-07,r-0048,Block storage,development,invoicing,0.1644
2026-07-07,r-0049,Compute,development,invoicing,2.4
2026-07-07,r-0050,Block storage,development,invoicing,0.3288
2026-07-07,r-0051,Compute,development,payments,1.2
2026-07-07,r-0052,Block storage,development,payments,0.3288
2026-07-07,r-0053,Compute,development,payments,1.2
2026-07-07,r-0054,Block storage,development,payments,0.3288
2026-07-07,r-0055,Compute,development,payments,2.4
2026-07-07,r-0056,Block storage,development,payments,0.1644
2026-07-07,r-0057,Compute,development,payments,1.2
2026-07-07,r-0058,Block storage,development,payments,0.1644
2026-07-07,r-0059,Compute,development,payments,1.2
2026-07-07,r-0060,Block storage,development,payments,0.3288
2026-07-07,r-0061,Compute,development,payments,2.4
2026-07-07,r-0062,Block storage,development,payments,0.3288
2026-07-07,r-0063,Compute,development,,4.8
2026-07-07,r-0064,Block storage,development,,1.6438
2026-07-07,r-0065,Compute,,,2.4
2026-07-07,r-0066,Block storage,,,0.3288
2026-07-07,r-0067,Compute,development,,2.4
2026-07-07,r-0068,Block storage,development,,0.1644
2026-07-07,r-0070,Block storage,development,platform,0.3288
2026-07-07,r-0072,Block storage,development,,0.3288
2026-07-07,r-0074,Block storage,development,,0.1644
2026-07-07,r-0076,Block storage,development,,0.3288
2026-07-07,r-0077,Block storage,,,0.6576
2026-07-07,r-0078,Block storage,development,,3.2878
2026-07-07,r-0079,Block storage,development,platform,0.6576
2026-07-07,r-0080,Block storage,,,3.2878
2026-07-07,r-0081,Block storage,staging,,1.6438
2026-07-07,r-0082,Block storage,,,0.6576
2026-07-07,r-0083,Block storage,,,1.6438
2026-07-07,r-0084,Block storage,staging,,0.6576
2026-07-07,r-0085,Snapshots,production,,0.3288
2026-07-07,r-0086,Snapshots,development,platform,0.822
2026-07-07,r-0087,Snapshots,production,platform,0.3288
2026-07-07,r-0089,Snapshots,production,platform,0.3288
2026-07-07,r-0090,Snapshots,production,platform,0.1644
2026-07-07,r-0091,Snapshots,production,platform,0.1644
2026-07-07,r-0092,Snapshots,staging,platform,0.0821
2026-07-07,r-0094,Snapshots,production,platform,0.3288
2026-07-07,r-0095,Snapshots,production,platform,0.822
2026-07-07,r-0096,Snapshots,staging,platform,0.1644
2026-07-07,r-0097,Snapshots,development,,0.0821
2026-07-07,r-0098,Snapshots,development,,0.3288
2026-07-07,r-0099,Snapshots,production,platform,0.3288
2026-07-07,r-0100,Snapshots,production,platform,0.0821
2026-07-07,r-0101,Snapshots,development,platform,0.3288
2026-07-07,r-0102,Snapshots,production,platform,0.0821
2026-07-07,r-0103,Snapshots,development,,0.822
2026-07-07,r-0104,Snapshots,development,,0.1644
2026-07-07,r-0105,Snapshots,staging,platform,0.0821
2026-07-07,r-0106,Snapshots,production,,0.3288
2026-07-07,r-0107,Snapshots,production,platform,0.1644
2026-07-07,r-0108,Snapshots,production,platform,0.0821
2026-07-07,r-0109,Snapshots,development,platform,0.3288
2026-07-07,r-0110,Snapshots,development,,0.0821
2026-07-07,r-0111,Snapshots,staging,,0.1644
2026-07-07,r-0112,Snapshots,production,platform,0.822
2026-07-07,r-0113,Snapshots,production,platform,0.1644
2026-07-07,r-0114,Snapshots,development,,0.1644
2026-07-07,r-0115,Snapshots,staging,,0.1644
2026-07-07,r-0116,Snapshots,staging,platform,0.0821
2026-07-07,r-0117,Snapshots,production,,0.1644
2026-07-07,r-0118,Snapshots,production,platform,0.1644
2026-07-07,r-0119,Snapshots,development,platform,0.0821
2026-07-07,r-0120,Snapshots,production,,0.822
2026-07-07,r-0121,Object storage,production,invoicing,1.361
2026-07-07,r-0122,Object storage,production,platform,3.0247
2026-07-07,r-0123,Object storage,production,marketing,0.0302
2026-07-07,r-0124,Object storage,production,,0.2647
2026-07-07,r-0125,Object storage,production,platform,1.8905
2026-07-07,r-0126,Object storage,development,,0.4536
2026-07-07,r-0127,Managed database,production,platform,10.8
2026-07-07,r-0128,Managed database,staging,platform,5.52
2026-07-07,r-0129,Load balancing,production,platform,0.6
2026-07-07,r-0130,Load balancing,staging,platform,0.6
2026-07-07,r-0131,Public IPs,,,0.12
2026-07-07,r-0132,Public IPs,,,0.12
2026-07-07,r-0133,Public IPs,,,0.12
2026-07-07,,Data transfer,production,platform,32.48
2026-07-08,r-0001,Compute,production,platform,2.4
2026-07-08,r-0002,Block storage,production,platform,0.3288
2026-07-08,r-0003,Compute,production,platform,2.4
2026-07-08,r-0004,Block storage,production,platform,0.3288
2026-07-08,r-0005,Compute,production,platform,2.4
2026-07-08,r-0006,Block storage,production,platform,0.3288
2026-07-08,r-0007,Compute,production,platform,2.4
2026-07-08,r-0008,Block storage,production,platform,0.3288
2026-07-08,r-0009,Compute,production,platform,2.4
2026-07-08,r-0010,Block storage,production,platform,0.6576
2026-07-08,r-0011,Compute,production,platform,2.4
2026-07-08,r-0012,Block storage,production,platform,0.3288
2026-07-08,r-0013,Compute,production,platform,4.8
2026-07-08,r-0014,Block storage,production,platform,0.3288
2026-07-08,r-0015,Compute,production,platform,4.8
2026-07-08,r-0016,Block storage,production,platform,0.1644
2026-07-08,r-0017,Compute,production,platform,4.8
2026-07-08,r-0018,Block storage,production,platform,0.3288
2026-07-08,r-0019,Compute,production,platform,4.8
2026-07-08,r-0020,Block storage,production,platform,0.3288
2026-07-08,r-0021,Compute,production,invoicing,2.4
2026-07-08,r-0022,Block storage,production,invoicing,0.1644
2026-07-08,r-0023,Compute,production,invoicing,2.4
2026-07-08,r-0024,Block storage,production,invoicing,0.6576
2026-07-08,r-0025,Compute,production,invoicing,2.4
2026-07-08,r-0026,Block storage,production,invoicing,0.6576
2026-07-08,r-0027,Compute,staging,platform,1.2
2026-07-08,r-0028,Block storage,staging,platform,0.3288
2026-07-08,r-0029,Compute,staging,platform,1.2
2026-07-08,r-0030,Block storage,staging,platform,0.3288
2026-07-08,r-0031,Compute,staging,platform,1.2
2026-07-08,r-0032,Block storage,staging,platform,0.6576
2026-07-08,r-0033,Compute,staging,platform,1.2
2026-07-08,r-0034,Block storage,staging,platform,0.6576
2026-07-08,r-0035,Compute,staging,platform,1.2
2026-07-08,r-0036,Block storage,staging,platform,0.1644
2026-07-08,r-0037,Compute,staging,platform,1.2
2026-07-08,r-0038,Block storage,staging,platform,0.3288
2026-07-08,r-0039,Compute,development,invoicing,1.2
2026-07-08,r-0040,Block storage,development,invoicing,0.3288
2026-07-08,r-0041,Compute,development,invoicing,1.2
2026-07-08,r-0042,Block storage,development,invoicing,0.6576
2026-07-08,r-0043,Compute,development,invoicing,2.4
2026-07-08,r-0044,Block storage,development,invoicing,0.1644
2026-07-08,r-0045,Compute,development,invoicing,1.2
2026-07-08,r-0046,Block storage,development,invoicing,0.3288
2026-07-08,r-0047,Compute,development,invoicing,1.2
2026-07-08,r-0048,Block storage,development,invoicing,0.1644
2026-07-08,r-0049,Compute,development,invoicing,2.4
2026-07-08,r-0050,Block storage,development,invoicing,0.3288
2026-07-08,r-0051,Compute,development,payments,1.2
2026-07-08,r-0052,Block storage,development,payments,0.3288
2026-07-08,r-0053,Compute,development,payments,1.2
2026-07-08,r-0054,Block storage,development,payments,0.3288
2026-07-08,r-0055,Compute,development,payments,2.4
2026-07-08,r-0056,Block storage,development,payments,0.1644
2026-07-08,r-0057,Compute,development,payments,1.2
2026-07-08,r-0058,Block storage,development,payments,0.1644
2026-07-08,r-0059,Compute,development,payments,1.2
2026-07-08,r-0060,Block storage,development,payments,0.3288
2026-07-08,r-0061,Compute,development,payments,2.4
2026-07-08,r-0062,Block storage,development,payments,0.3288
2026-07-08,r-0063,Compute,development,,4.8
2026-07-08,r-0064,Block storage,development,,1.6438
2026-07-08,r-0065,Compute,,,2.4
2026-07-08,r-0066,Block storage,,,0.3288
2026-07-08,r-0067,Compute,development,,2.4
2026-07-08,r-0068,Block storage,development,,0.1644
2026-07-08,r-0070,Block storage,development,platform,0.3288
2026-07-08,r-0072,Block storage,development,,0.3288
2026-07-08,r-0074,Block storage,development,,0.1644
2026-07-08,r-0076,Block storage,development,,0.3288
2026-07-08,r-0077,Block storage,,,0.6576
2026-07-08,r-0078,Block storage,development,,3.2878
2026-07-08,r-0079,Block storage,development,platform,0.6576
2026-07-08,r-0080,Block storage,,,3.2878
2026-07-08,r-0081,Block storage,staging,,1.6438
2026-07-08,r-0082,Block storage,,,0.6576
2026-07-08,r-0083,Block storage,,,1.6438
2026-07-08,r-0084,Block storage,staging,,0.6576
2026-07-08,r-0085,Snapshots,production,,0.3288
2026-07-08,r-0086,Snapshots,development,platform,0.822
2026-07-08,r-0087,Snapshots,production,platform,0.3288
2026-07-08,r-0089,Snapshots,production,platform,0.3288
2026-07-08,r-0090,Snapshots,production,platform,0.1644
2026-07-08,r-0091,Snapshots,production,platform,0.1644
2026-07-08,r-0092,Snapshots,staging,platform,0.0821
2026-07-08,r-0094,Snapshots,production,platform,0.3288
2026-07-08,r-0095,Snapshots,production,platform,0.822
2026-07-08,r-0096,Snapshots,staging,platform,0.1644
2026-07-08,r-0097,Snapshots,development,,0.0821
2026-07-08,r-0098,Snapshots,development,,0.3288
2026-07-08,r-0099,Snapshots,production,platform,0.3288
2026-07-08,r-0100,Snapshots,production,platform,0.0821
2026-07-08,r-0101,Snapshots,development,platform,0.3288
2026-07-08,r-0102,Snapshots,production,platform,0.0821
2026-07-08,r-0103,Snapshots,development,,0.822
2026-07-08,r-0104,Snapshots,development,,0.1644
2026-07-08,r-0105,Snapshots,staging,platform,0.0821
2026-07-08,r-0106,Snapshots,production,,0.3288
2026-07-08,r-0107,Snapshots,production,platform,0.1644
2026-07-08,r-0108,Snapshots,production,platform,0.0821
2026-07-08,r-0109,Snapshots,development,platform,0.3288
2026-07-08,r-0110,Snapshots,development,,0.0821
2026-07-08,r-0111,Snapshots,staging,,0.1644
2026-07-08,r-0112,Snapshots,production,platform,0.822
2026-07-08,r-0113,Snapshots,production,platform,0.1644
2026-07-08,r-0114,Snapshots,development,,0.1644
2026-07-08,r-0115,Snapshots,staging,,0.1644
2026-07-08,r-0116,Snapshots,staging,platform,0.0821
2026-07-08,r-0117,Snapshots,production,,0.1644
2026-07-08,r-0118,Snapshots,production,platform,0.1644
2026-07-08,r-0119,Snapshots,development,platform,0.0821
2026-07-08,r-0120,Snapshots,production,,0.822
2026-07-08,r-0121,Object storage,production,invoicing,1.361
2026-07-08,r-0122,Object storage,production,platform,3.0247
2026-07-08,r-0123,Object storage,production,marketing,0.0302
2026-07-08,r-0124,Object storage,production,,0.2647
2026-07-08,r-0125,Object storage,production,platform,1.8905
2026-07-08,r-0126,Object storage,development,,0.4536
2026-07-08,r-0127,Managed database,production,platform,10.8
2026-07-08,r-0128,Managed database,staging,platform,5.52
2026-07-08,r-0129,Load balancing,production,platform,0.6
2026-07-08,r-0130,Load balancing,staging,platform,0.6
2026-07-08,r-0131,Public IPs,,,0.12
2026-07-08,r-0132,Public IPs,,,0.12
2026-07-08,r-0133,Public IPs,,,0.12
2026-07-08,,Data transfer,production,platform,35.2555
2026-07-09,r-0001,Compute,production,platform,2.4
2026-07-09,r-0002,Block storage,production,platform,0.3288
2026-07-09,r-0003,Compute,production,platform,2.4
2026-07-09,r-0004,Block storage,production,platform,0.3288
2026-07-09,r-0005,Compute,production,platform,2.4
2026-07-09,r-0006,Block storage,production,platform,0.3288
2026-07-09,r-0007,Compute,production,platform,2.4
2026-07-09,r-0008,Block storage,production,platform,0.3288
2026-07-09,r-0009,Compute,production,platform,2.4
2026-07-09,r-0010,Block storage,production,platform,0.6576
2026-07-09,r-0011,Compute,production,platform,2.4
2026-07-09,r-0012,Block storage,production,platform,0.3288
2026-07-09,r-0013,Compute,production,platform,4.8
2026-07-09,r-0014,Block storage,production,platform,0.3288
2026-07-09,r-0015,Compute,production,platform,4.8
2026-07-09,r-0016,Block storage,production,platform,0.1644
2026-07-09,r-0017,Compute,production,platform,4.8
2026-07-09,r-0018,Block storage,production,platform,0.3288
2026-07-09,r-0019,Compute,production,platform,4.8
2026-07-09,r-0020,Block storage,production,platform,0.3288
2026-07-09,r-0021,Compute,production,invoicing,2.4
2026-07-09,r-0022,Block storage,production,invoicing,0.1644
2026-07-09,r-0023,Compute,production,invoicing,2.4
2026-07-09,r-0024,Block storage,production,invoicing,0.6576
2026-07-09,r-0025,Compute,production,invoicing,2.4
2026-07-09,r-0026,Block storage,production,invoicing,0.6576
2026-07-09,r-0027,Compute,staging,platform,1.2
2026-07-09,r-0028,Block storage,staging,platform,0.3288
2026-07-09,r-0029,Compute,staging,platform,1.2
2026-07-09,r-0030,Block storage,staging,platform,0.3288
2026-07-09,r-0031,Compute,staging,platform,1.2
2026-07-09,r-0032,Block storage,staging,platform,0.6576
2026-07-09,r-0033,Compute,staging,platform,1.2
2026-07-09,r-0034,Block storage,staging,platform,0.6576
2026-07-09,r-0035,Compute,staging,platform,1.2
2026-07-09,r-0036,Block storage,staging,platform,0.1644
2026-07-09,r-0037,Compute,staging,platform,1.2
2026-07-09,r-0038,Block storage,staging,platform,0.3288
2026-07-09,r-0039,Compute,development,invoicing,1.2
2026-07-09,r-0040,Block storage,development,invoicing,0.3288
2026-07-09,r-0041,Compute,development,invoicing,1.2
2026-07-09,r-0042,Block storage,development,invoicing,0.6576
2026-07-09,r-0043,Compute,development,invoicing,2.4
2026-07-09,r-0044,Block storage,development,invoicing,0.1644
2026-07-09,r-0045,Compute,development,invoicing,1.2
2026-07-09,r-0046,Block storage,development,invoicing,0.3288
2026-07-09,r-0047,Compute,development,invoicing,1.2
2026-07-09,r-0048,Block storage,development,invoicing,0.1644
2026-07-09,r-0049,Compute,development,invoicing,2.4
2026-07-09,r-0050,Block storage,development,invoicing,0.3288
2026-07-09,r-0051,Compute,development,payments,1.2
2026-07-09,r-0052,Block storage,development,payments,0.3288
2026-07-09,r-0053,Compute,development,payments,1.2
2026-07-09,r-0054,Block storage,development,payments,0.3288
2026-07-09,r-0055,Compute,development,payments,2.4
2026-07-09,r-0056,Block storage,development,payments,0.1644
2026-07-09,r-0057,Compute,development,payments,1.2
2026-07-09,r-0058,Block storage,development,payments,0.1644
2026-07-09,r-0059,Compute,development,payments,1.2
2026-07-09,r-0060,Block storage,development,payments,0.3288
2026-07-09,r-0061,Compute,development,payments,2.4
2026-07-09,r-0062,Block storage,development,payments,0.3288
2026-07-09,r-0063,Compute,development,,4.8
2026-07-09,r-0064,Block storage,development,,1.6438
2026-07-09,r-0065,Compute,,,2.4
2026-07-09,r-0066,Block storage,,,0.3288
2026-07-09,r-0067,Compute,development,,2.4
2026-07-09,r-0068,Block storage,development,,0.1644
2026-07-09,r-0070,Block storage,development,platform,0.3288
2026-07-09,r-0072,Block storage,development,,0.3288
2026-07-09,r-0074,Block storage,development,,0.1644
2026-07-09,r-0076,Block storage,development,,0.3288
2026-07-09,r-0077,Block storage,,,0.6576
2026-07-09,r-0078,Block storage,development,,3.2878
2026-07-09,r-0079,Block storage,development,platform,0.6576
2026-07-09,r-0080,Block storage,,,3.2878
2026-07-09,r-0081,Block storage,staging,,1.6438
2026-07-09,r-0082,Block storage,,,0.6576
2026-07-09,r-0083,Block storage,,,1.6438
2026-07-09,r-0084,Block storage,staging,,0.6576
2026-07-09,r-0085,Snapshots,production,,0.3288
2026-07-09,r-0086,Snapshots,development,platform,0.822
2026-07-09,r-0087,Snapshots,production,platform,0.3288
2026-07-09,r-0089,Snapshots,production,platform,0.3288
2026-07-09,r-0090,Snapshots,production,platform,0.1644
2026-07-09,r-0091,Snapshots,production,platform,0.1644
2026-07-09,r-0092,Snapshots,staging,platform,0.0821
2026-07-09,r-0094,Snapshots,production,platform,0.3288
2026-07-09,r-0095,Snapshots,production,platform,0.822
2026-07-09,r-0096,Snapshots,staging,platform,0.1644
2026-07-09,r-0097,Snapshots,development,,0.0821
2026-07-09,r-0098,Snapshots,development,,0.3288
2026-07-09,r-0099,Snapshots,production,platform,0.3288
2026-07-09,r-0100,Snapshots,production,platform,0.0821
2026-07-09,r-0101,Snapshots,development,platform,0.3288
2026-07-09,r-0102,Snapshots,production,platform,0.0821
2026-07-09,r-0103,Snapshots,development,,0.822
2026-07-09,r-0104,Snapshots,development,,0.1644
2026-07-09,r-0105,Snapshots,staging,platform,0.0821
2026-07-09,r-0106,Snapshots,production,,0.3288
2026-07-09,r-0107,Snapshots,production,platform,0.1644
2026-07-09,r-0108,Snapshots,production,platform,0.0821
2026-07-09,r-0109,Snapshots,development,platform,0.3288
2026-07-09,r-0110,Snapshots,development,,0.0821
2026-07-09,r-0111,Snapshots,staging,,0.1644
2026-07-09,r-0112,Snapshots,production,platform,0.822
2026-07-09,r-0113,Snapshots,production,platform,0.1644
2026-07-09,r-0114,Snapshots,development,,0.1644
2026-07-09,r-0115,Snapshots,staging,,0.1644
2026-07-09,r-0116,Snapshots,staging,platform,0.0821
2026-07-09,r-0117,Snapshots,production,,0.1644
2026-07-09,r-0118,Snapshots,production,platform,0.1644
2026-07-09,r-0119,Snapshots,development,platform,0.0821
2026-07-09,r-0120,Snapshots,production,,0.822
2026-07-09,r-0121,Object storage,production,invoicing,1.361
2026-07-09,r-0122,Object storage,production,platform,3.0247
2026-07-09,r-0123,Object storage,production,marketing,0.0302
2026-07-09,r-0124,Object storage,production,,0.2647
2026-07-09,r-0125,Object storage,production,platform,1.8905
2026-07-09,r-0126,Object storage,development,,0.4536
2026-07-09,r-0127,Managed database,production,platform,10.8
2026-07-09,r-0128,Managed database,staging,platform,5.52
2026-07-09,r-0129,Load balancing,production,platform,0.6
2026-07-09,r-0130,Load balancing,staging,platform,0.6
2026-07-09,r-0131,Public IPs,,,0.12
2026-07-09,r-0132,Public IPs,,,0.12
2026-07-09,r-0133,Public IPs,,,0.12
2026-07-09,,Data transfer,production,platform,34.1673
2026-07-10,r-0001,Compute,production,platform,2.4
2026-07-10,r-0002,Block storage,production,platform,0.3288
2026-07-10,r-0003,Compute,production,platform,2.4
2026-07-10,r-0004,Block storage,production,platform,0.3288
2026-07-10,r-0005,Compute,production,platform,2.4
2026-07-10,r-0006,Block storage,production,platform,0.3288
2026-07-10,r-0007,Compute,production,platform,2.4
2026-07-10,r-0008,Block storage,production,platform,0.3288
2026-07-10,r-0009,Compute,production,platform,2.4
2026-07-10,r-0010,Block storage,production,platform,0.6576
2026-07-10,r-0011,Compute,production,platform,2.4
2026-07-10,r-0012,Block storage,production,platform,0.3288
2026-07-10,r-0013,Compute,production,platform,4.8
2026-07-10,r-0014,Block storage,production,platform,0.3288
2026-07-10,r-0015,Compute,production,platform,4.8
2026-07-10,r-0016,Block storage,production,platform,0.1644
2026-07-10,r-0017,Compute,production,platform,4.8
2026-07-10,r-0018,Block storage,production,platform,0.3288
2026-07-10,r-0019,Compute,production,platform,4.8
2026-07-10,r-0020,Block storage,production,platform,0.3288
2026-07-10,r-0021,Compute,production,invoicing,2.4
2026-07-10,r-0022,Block storage,production,invoicing,0.1644
2026-07-10,r-0023,Compute,production,invoicing,2.4
2026-07-10,r-0024,Block storage,production,invoicing,0.6576
2026-07-10,r-0025,Compute,production,invoicing,2.4
2026-07-10,r-0026,Block storage,production,invoicing,0.6576
2026-07-10,r-0027,Compute,staging,platform,1.2
2026-07-10,r-0028,Block storage,staging,platform,0.3288
2026-07-10,r-0029,Compute,staging,platform,1.2
2026-07-10,r-0030,Block storage,staging,platform,0.3288
2026-07-10,r-0031,Compute,staging,platform,1.2
2026-07-10,r-0032,Block storage,staging,platform,0.6576
2026-07-10,r-0033,Compute,staging,platform,1.2
2026-07-10,r-0034,Block storage,staging,platform,0.6576
2026-07-10,r-0035,Compute,staging,platform,1.2
2026-07-10,r-0036,Block storage,staging,platform,0.1644
2026-07-10,r-0037,Compute,staging,platform,1.2
2026-07-10,r-0038,Block storage,staging,platform,0.3288
2026-07-10,r-0039,Compute,development,invoicing,1.2
2026-07-10,r-0040,Block storage,development,invoicing,0.3288
2026-07-10,r-0041,Compute,development,invoicing,1.2
2026-07-10,r-0042,Block storage,development,invoicing,0.6576
2026-07-10,r-0043,Compute,development,invoicing,2.4
2026-07-10,r-0044,Block storage,development,invoicing,0.1644
2026-07-10,r-0045,Compute,development,invoicing,1.2
2026-07-10,r-0046,Block storage,development,invoicing,0.3288
2026-07-10,r-0047,Compute,development,invoicing,1.2
2026-07-10,r-0048,Block storage,development,invoicing,0.1644
2026-07-10,r-0049,Compute,development,invoicing,2.4
2026-07-10,r-0050,Block storage,development,invoicing,0.3288
2026-07-10,r-0051,Compute,development,payments,1.2
2026-07-10,r-0052,Block storage,development,payments,0.3288
2026-07-10,r-0053,Compute,development,payments,1.2
2026-07-10,r-0054,Block storage,development,payments,0.3288
2026-07-10,r-0055,Compute,development,payments,2.4
2026-07-10,r-0056,Block storage,development,payments,0.1644
2026-07-10,r-0057,Compute,development,payments,1.2
2026-07-10,r-0058,Block storage,development,payments,0.1644
2026-07-10,r-0059,Compute,development,payments,1.2
2026-07-10,r-0060,Block storage,development,payments,0.3288
2026-07-10,r-0061,Compute,development,payments,2.4
2026-07-10,r-0062,Block storage,development,payments,0.3288
2026-07-10,r-0063,Compute,development,,4.8
2026-07-10,r-0064,Block storage,development,,1.6438
2026-07-10,r-0065,Compute,,,2.4
2026-07-10,r-0066,Block storage,,,0.3288
2026-07-10,r-0067,Compute,development,,2.4
2026-07-10,r-0068,Block storage,development,,0.1644
2026-07-10,r-0070,Block storage,development,platform,0.3288
2026-07-10,r-0072,Block storage,development,,0.3288
2026-07-10,r-0074,Block storage,development,,0.1644
2026-07-10,r-0076,Block storage,development,,0.3288
2026-07-10,r-0077,Block storage,,,0.6576
2026-07-10,r-0078,Block storage,development,,3.2878
2026-07-10,r-0079,Block storage,development,platform,0.6576
2026-07-10,r-0080,Block storage,,,3.2878
2026-07-10,r-0081,Block storage,staging,,1.6438
2026-07-10,r-0082,Block storage,,,0.6576
2026-07-10,r-0083,Block storage,,,1.6438
2026-07-10,r-0084,Block storage,staging,,0.6576
2026-07-10,r-0085,Snapshots,production,,0.3288
2026-07-10,r-0086,Snapshots,development,platform,0.822
2026-07-10,r-0087,Snapshots,production,platform,0.3288
2026-07-10,r-0089,Snapshots,production,platform,0.3288
2026-07-10,r-0090,Snapshots,production,platform,0.1644
2026-07-10,r-0091,Snapshots,production,platform,0.1644
2026-07-10,r-0092,Snapshots,staging,platform,0.0821
2026-07-10,r-0094,Snapshots,production,platform,0.3288
2026-07-10,r-0095,Snapshots,production,platform,0.822
2026-07-10,r-0096,Snapshots,staging,platform,0.1644
2026-07-10,r-0097,Snapshots,development,,0.0821
2026-07-10,r-0098,Snapshots,development,,0.3288
2026-07-10,r-0099,Snapshots,production,platform,0.3288
2026-07-10,r-0100,Snapshots,production,platform,0.0821
2026-07-10,r-0101,Snapshots,development,platform,0.3288
2026-07-10,r-0102,Snapshots,production,platform,0.0821
2026-07-10,r-0103,Snapshots,development,,0.822
2026-07-10,r-0104,Snapshots,development,,0.1644
2026-07-10,r-0105,Snapshots,staging,platform,0.0821
2026-07-10,r-0106,Snapshots,production,,0.3288
2026-07-10,r-0107,Snapshots,production,platform,0.1644
2026-07-10,r-0108,Snapshots,production,platform,0.0821
2026-07-10,r-0109,Snapshots,development,platform,0.3288
2026-07-10,r-0110,Snapshots,development,,0.0821
2026-07-10,r-0111,Snapshots,staging,,0.1644
2026-07-10,r-0112,Snapshots,production,platform,0.822
2026-07-10,r-0113,Snapshots,production,platform,0.1644
2026-07-10,r-0114,Snapshots,development,,0.1644
2026-07-10,r-0115,Snapshots,staging,,0.1644
2026-07-10,r-0116,Snapshots,staging,platform,0.0821
2026-07-10,r-0117,Snapshots,production,,0.1644
2026-07-10,r-0118,Snapshots,production,platform,0.1644
2026-07-10,r-0119,Snapshots,development,platform,0.0821
2026-07-10,r-0120,Snapshots,production,,0.822
2026-07-10,r-0121,Object storage,production,invoicing,1.361
2026-07-10,r-0122,Object storage,production,platform,3.0247
2026-07-10,r-0123,Object storage,production,marketing,0.0302
2026-07-10,r-0124,Object storage,production,,0.2647
2026-07-10,r-0125,Object storage,production,platform,1.8905
2026-07-10,r-0126,Object storage,development,,0.4536
2026-07-10,r-0127,Managed database,production,platform,10.8
2026-07-10,r-0128,Managed database,staging,platform,5.52
2026-07-10,r-0129,Load balancing,production,platform,0.6
2026-07-10,r-0130,Load balancing,staging,platform,0.6
2026-07-10,r-0131,Public IPs,,,0.12
2026-07-10,r-0132,Public IPs,,,0.12
2026-07-10,r-0133,Public IPs,,,0.12
2026-07-10,,Data transfer,production,platform,34.8758
2026-07-11,r-0001,Compute,production,platform,2.4
2026-07-11,r-0002,Block storage,production,platform,0.3288
2026-07-11,r-0003,Compute,production,platform,2.4
2026-07-11,r-0004,Block storage,production,platform,0.3288
2026-07-11,r-0005,Compute,production,platform,2.4
2026-07-11,r-0006,Block storage,production,platform,0.3288
2026-07-11,r-0007,Compute,production,platform,2.4
2026-07-11,r-0008,Block storage,production,platform,0.3288
2026-07-11,r-0009,Compute,production,platform,2.4
2026-07-11,r-0010,Block storage,production,platform,0.6576
2026-07-11,r-0011,Compute,production,platform,2.4
2026-07-11,r-0012,Block storage,production,platform,0.3288
2026-07-11,r-0013,Compute,production,platform,4.8
2026-07-11,r-0014,Block storage,production,platform,0.3288
2026-07-11,r-0015,Compute,production,platform,4.8
2026-07-11,r-0016,Block storage,production,platform,0.1644
2026-07-11,r-0017,Compute,production,platform,4.8
2026-07-11,r-0018,Block storage,production,platform,0.3288
2026-07-11,r-0019,Compute,production,platform,4.8
2026-07-11,r-0020,Block storage,production,platform,0.3288
2026-07-11,r-0021,Compute,production,invoicing,2.4
2026-07-11,r-0022,Block storage,production,invoicing,0.1644
2026-07-11,r-0023,Compute,production,invoicing,2.4
2026-07-11,r-0024,Block storage,production,invoicing,0.6576
2026-07-11,r-0025,Compute,production,invoicing,2.4
2026-07-11,r-0026,Block storage,production,invoicing,0.6576
2026-07-11,r-0027,Compute,staging,platform,1.2
2026-07-11,r-0028,Block storage,staging,platform,0.3288
2026-07-11,r-0029,Compute,staging,platform,1.2
2026-07-11,r-0030,Block storage,staging,platform,0.3288
2026-07-11,r-0031,Compute,staging,platform,1.2
2026-07-11,r-0032,Block storage,staging,platform,0.6576
2026-07-11,r-0033,Compute,staging,platform,1.2
2026-07-11,r-0034,Block storage,staging,platform,0.6576
2026-07-11,r-0035,Compute,staging,platform,1.2
2026-07-11,r-0036,Block storage,staging,platform,0.1644
2026-07-11,r-0037,Compute,staging,platform,1.2
2026-07-11,r-0038,Block storage,staging,platform,0.3288
2026-07-11,r-0039,Compute,development,invoicing,1.2
2026-07-11,r-0040,Block storage,development,invoicing,0.3288
2026-07-11,r-0041,Compute,development,invoicing,1.2
2026-07-11,r-0042,Block storage,development,invoicing,0.6576
2026-07-11,r-0043,Compute,development,invoicing,2.4
2026-07-11,r-0044,Block storage,development,invoicing,0.1644
2026-07-11,r-0045,Compute,development,invoicing,1.2
2026-07-11,r-0046,Block storage,development,invoicing,0.3288
2026-07-11,r-0047,Compute,development,invoicing,1.2
2026-07-11,r-0048,Block storage,development,invoicing,0.1644
2026-07-11,r-0049,Compute,development,invoicing,2.4
2026-07-11,r-0050,Block storage,development,invoicing,0.3288
2026-07-11,r-0051,Compute,development,payments,1.2
2026-07-11,r-0052,Block storage,development,payments,0.3288
2026-07-11,r-0053,Compute,development,payments,1.2
2026-07-11,r-0054,Block storage,development,payments,0.3288
2026-07-11,r-0055,Compute,development,payments,2.4
2026-07-11,r-0056,Block storage,development,payments,0.1644
2026-07-11,r-0057,Compute,development,payments,1.2
2026-07-11,r-0058,Block storage,development,payments,0.1644
2026-07-11,r-0059,Compute,development,payments,1.2
2026-07-11,r-0060,Block storage,development,payments,0.3288
2026-07-11,r-0061,Compute,development,payments,2.4
2026-07-11,r-0062,Block storage,development,payments,0.3288
2026-07-11,r-0063,Compute,development,,4.8
2026-07-11,r-0064,Block storage,development,,1.6438
2026-07-11,r-0065,Compute,,,2.4
2026-07-11,r-0066,Block storage,,,0.3288
2026-07-11,r-0067,Compute,development,,2.4
2026-07-11,r-0068,Block storage,development,,0.1644
2026-07-11,r-0070,Block storage,development,platform,0.3288
2026-07-11,r-0072,Block storage,development,,0.3288
2026-07-11,r-0074,Block storage,development,,0.1644
2026-07-11,r-0076,Block storage,development,,0.3288
2026-07-11,r-0077,Block storage,,,0.6576
2026-07-11,r-0078,Block storage,development,,3.2878
2026-07-11,r-0079,Block storage,development,platform,0.6576
2026-07-11,r-0080,Block storage,,,3.2878
2026-07-11,r-0081,Block storage,staging,,1.6438
2026-07-11,r-0082,Block storage,,,0.6576
2026-07-11,r-0083,Block storage,,,1.6438
2026-07-11,r-0084,Block storage,staging,,0.6576
2026-07-11,r-0085,Snapshots,production,,0.3288
2026-07-11,r-0086,Snapshots,development,platform,0.822
2026-07-11,r-0087,Snapshots,production,platform,0.3288
2026-07-11,r-0089,Snapshots,production,platform,0.3288
2026-07-11,r-0090,Snapshots,production,platform,0.1644
2026-07-11,r-0091,Snapshots,production,platform,0.1644
2026-07-11,r-0092,Snapshots,staging,platform,0.0821
2026-07-11,r-0094,Snapshots,production,platform,0.3288
2026-07-11,r-0095,Snapshots,production,platform,0.822
2026-07-11,r-0096,Snapshots,staging,platform,0.1644
2026-07-11,r-0097,Snapshots,development,,0.0821
2026-07-11,r-0098,Snapshots,development,,0.3288
2026-07-11,r-0099,Snapshots,production,platform,0.3288
2026-07-11,r-0100,Snapshots,production,platform,0.0821
2026-07-11,r-0101,Snapshots,development,platform,0.3288
2026-07-11,r-0102,Snapshots,production,platform,0.0821
2026-07-11,r-0103,Snapshots,development,,0.822
2026-07-11,r-0104,Snapshots,development,,0.1644
2026-07-11,r-0105,Snapshots,staging,platform,0.0821
2026-07-11,r-0106,Snapshots,production,,0.3288
2026-07-11,r-0107,Snapshots,production,platform,0.1644
2026-07-11,r-0108,Snapshots,production,platform,0.0821
2026-07-11,r-0109,Snapshots,development,platform,0.3288
2026-07-11,r-0110,Snapshots,development,,0.0821
2026-07-11,r-0111,Snapshots,staging,,0.1644
2026-07-11,r-0112,Snapshots,production,platform,0.822
2026-07-11,r-0113,Snapshots,production,platform,0.1644
2026-07-11,r-0114,Snapshots,development,,0.1644
2026-07-11,r-0115,Snapshots,staging,,0.1644
2026-07-11,r-0116,Snapshots,staging,platform,0.0821
2026-07-11,r-0117,Snapshots,production,,0.1644
2026-07-11,r-0118,Snapshots,production,platform,0.1644
2026-07-11,r-0119,Snapshots,development,platform,0.0821
2026-07-11,r-0120,Snapshots,production,,0.822
2026-07-11,r-0121,Object storage,production,invoicing,1.361
2026-07-11,r-0122,Object storage,production,platform,3.0247
2026-07-11,r-0123,Object storage,production,marketing,0.0302
2026-07-11,r-0124,Object storage,production,,0.2647
2026-07-11,r-0125,Object storage,production,platform,1.8905
2026-07-11,r-0126,Object storage,development,,0.4536
2026-07-11,r-0127,Managed database,production,platform,10.8
2026-07-11,r-0128,Managed database,staging,platform,5.52
2026-07-11,r-0129,Load balancing,production,platform,0.6
2026-07-11,r-0130,Load balancing,staging,platform,0.6
2026-07-11,r-0131,Public IPs,,,0.12
2026-07-11,r-0132,Public IPs,,,0.12
2026-07-11,r-0133,Public IPs,,,0.12
2026-07-11,,Data transfer,production,platform,34.6372
2026-07-12,r-0001,Compute,production,platform,2.4
2026-07-12,r-0002,Block storage,production,platform,0.3288
2026-07-12,r-0003,Compute,production,platform,2.4
2026-07-12,r-0004,Block storage,production,platform,0.3288
2026-07-12,r-0005,Compute,production,platform,2.4
2026-07-12,r-0006,Block storage,production,platform,0.3288
2026-07-12,r-0007,Compute,production,platform,2.4
2026-07-12,r-0008,Block storage,production,platform,0.3288
2026-07-12,r-0009,Compute,production,platform,2.4
2026-07-12,r-0010,Block storage,production,platform,0.6576
2026-07-12,r-0011,Compute,production,platform,2.4
2026-07-12,r-0012,Block storage,production,platform,0.3288
2026-07-12,r-0013,Compute,production,platform,4.8
2026-07-12,r-0014,Block storage,production,platform,0.3288
2026-07-12,r-0015,Compute,production,platform,4.8
2026-07-12,r-0016,Block storage,production,platform,0.1644
2026-07-12,r-0017,Compute,production,platform,4.8
2026-07-12,r-0018,Block storage,production,platform,0.3288
2026-07-12,r-0019,Compute,production,platform,4.8
2026-07-12,r-0020,Block storage,production,platform,0.3288
2026-07-12,r-0021,Compute,production,invoicing,2.4
2026-07-12,r-0022,Block storage,production,invoicing,0.1644
2026-07-12,r-0023,Compute,production,invoicing,2.4
2026-07-12,r-0024,Block storage,production,invoicing,0.6576
2026-07-12,r-0025,Compute,production,invoicing,2.4
2026-07-12,r-0026,Block storage,production,invoicing,0.6576
2026-07-12,r-0027,Compute,staging,platform,1.2
2026-07-12,r-0028,Block storage,staging,platform,0.3288
2026-07-12,r-0029,Compute,staging,platform,1.2
2026-07-12,r-0030,Block storage,staging,platform,0.3288
2026-07-12,r-0031,Compute,staging,platform,1.2
2026-07-12,r-0032,Block storage,staging,platform,0.6576
2026-07-12,r-0033,Compute,staging,platform,1.2
2026-07-12,r-0034,Block storage,staging,platform,0.6576
2026-07-12,r-0035,Compute,staging,platform,1.2
2026-07-12,r-0036,Block storage,staging,platform,0.1644
2026-07-12,r-0037,Compute,staging,platform,1.2
2026-07-12,r-0038,Block storage,staging,platform,0.3288
2026-07-12,r-0039,Compute,development,invoicing,1.2
2026-07-12,r-0040,Block storage,development,invoicing,0.3288
2026-07-12,r-0041,Compute,development,invoicing,1.2
2026-07-12,r-0042,Block storage,development,invoicing,0.6576
2026-07-12,r-0043,Compute,development,invoicing,2.4
2026-07-12,r-0044,Block storage,development,invoicing,0.1644
2026-07-12,r-0045,Compute,development,invoicing,1.2
2026-07-12,r-0046,Block storage,development,invoicing,0.3288
2026-07-12,r-0047,Compute,development,invoicing,1.2
2026-07-12,r-0048,Block storage,development,invoicing,0.1644
2026-07-12,r-0049,Compute,development,invoicing,2.4
2026-07-12,r-0050,Block storage,development,invoicing,0.3288
2026-07-12,r-0051,Compute,development,payments,1.2
2026-07-12,r-0052,Block storage,development,payments,0.3288
2026-07-12,r-0053,Compute,development,payments,1.2
2026-07-12,r-0054,Block storage,development,payments,0.3288
2026-07-12,r-0055,Compute,development,payments,2.4
2026-07-12,r-0056,Block storage,development,payments,0.1644
2026-07-12,r-0057,Compute,development,payments,1.2
2026-07-12,r-0058,Block storage,development,payments,0.1644
2026-07-12,r-0059,Compute,development,payments,1.2
2026-07-12,r-0060,Block storage,development,payments,0.3288
2026-07-12,r-0061,Compute,development,payments,2.4
2026-07-12,r-0062,Block storage,development,payments,0.3288
2026-07-12,r-0063,Compute,development,,4.8
2026-07-12,r-0064,Block storage,development,,1.6438
2026-07-12,r-0065,Compute,,,2.4
2026-07-12,r-0066,Block storage,,,0.3288
2026-07-12,r-0067,Compute,development,,2.4
2026-07-12,r-0068,Block storage,development,,0.1644
2026-07-12,r-0070,Block storage,development,platform,0.3288
2026-07-12,r-0072,Block storage,development,,0.3288
2026-07-12,r-0074,Block storage,development,,0.1644
2026-07-12,r-0076,Block storage,development,,0.3288
2026-07-12,r-0077,Block storage,,,0.6576
2026-07-12,r-0078,Block storage,development,,3.2878
2026-07-12,r-0079,Block storage,development,platform,0.6576
2026-07-12,r-0080,Block storage,,,3.2878
2026-07-12,r-0081,Block storage,staging,,1.6438
2026-07-12,r-0082,Block storage,,,0.6576
2026-07-12,r-0083,Block storage,,,1.6438
2026-07-12,r-0084,Block storage,staging,,0.6576
2026-07-12,r-0085,Snapshots,production,,0.3288
2026-07-12,r-0086,Snapshots,development,platform,0.822
2026-07-12,r-0087,Snapshots,production,platform,0.3288
2026-07-12,r-0089,Snapshots,production,platform,0.3288
2026-07-12,r-0090,Snapshots,production,platform,0.1644
2026-07-12,r-0091,Snapshots,production,platform,0.1644
2026-07-12,r-0092,Snapshots,staging,platform,0.0821
2026-07-12,r-0093,Snapshots,development,platform,0.822
2026-07-12,r-0094,Snapshots,production,platform,0.3288
2026-07-12,r-0095,Snapshots,production,platform,0.822
2026-07-12,r-0096,Snapshots,staging,platform,0.1644
2026-07-12,r-0097,Snapshots,development,,0.0821
2026-07-12,r-0098,Snapshots,development,,0.3288
2026-07-12,r-0099,Snapshots,production,platform,0.3288
2026-07-12,r-0100,Snapshots,production,platform,0.0821
2026-07-12,r-0101,Snapshots,development,platform,0.3288
2026-07-12,r-0102,Snapshots,production,platform,0.0821
2026-07-12,r-0103,Snapshots,development,,0.822
2026-07-12,r-0104,Snapshots,development,,0.1644
2026-07-12,r-0105,Snapshots,staging,platform,0.0821
2026-07-12,r-0106,Snapshots,production,,0.3288
2026-07-12,r-0107,Snapshots,production,platform,0.1644
2026-07-12,r-0108,Snapshots,production,platform,0.0821
2026-07-12,r-0109,Snapshots,development,platform,0.3288
2026-07-12,r-0110,Snapshots,development,,0.0821
2026-07-12,r-0111,Snapshots,staging,,0.1644
2026-07-12,r-0112,Snapshots,production,platform,0.822
2026-07-12,r-0113,Snapshots,production,platform,0.1644
2026-07-12,r-0114,Snapshots,development,,0.1644
2026-07-12,r-0115,Snapshots,staging,,0.1644
2026-07-12,r-0116,Snapshots,staging,platform,0.0821
2026-07-12,r-0117,Snapshots,production,,0.1644
2026-07-12,r-0118,Snapshots,production,platform,0.1644
2026-07-12,r-0119,Snapshots,development,platform,0.0821
2026-07-12,r-0120,Snapshots,production,,0.822
2026-07-12,r-0121,Object storage,production,invoicing,1.361
2026-07-12,r-0122,Object storage,production,platform,3.0247
2026-07-12,r-0123,Object storage,production,marketing,0.0302
2026-07-12,r-0124,Object storage,production,,0.2647
2026-07-12,r-0125,Object storage,production,platform,1.8905
2026-07-12,r-0126,Object storage,development,,0.4536
2026-07-12,r-0127,Managed database,production,platform,10.8
2026-07-12,r-0128,Managed database,staging,platform,5.52
2026-07-12,r-0129,Load balancing,production,platform,0.6
2026-07-12,r-0130,Load balancing,staging,platform,0.6
2026-07-12,r-0131,Public IPs,,,0.12
2026-07-12,r-0132,Public IPs,,,0.12
2026-07-12,r-0133,Public IPs,,,0.12
2026-07-12,,Data transfer,production,platform,34.3579
2026-07-13,r-0001,Compute,production,platform,2.4
2026-07-13,r-0002,Block storage,production,platform,0.3288
2026-07-13,r-0003,Compute,production,platform,2.4
2026-07-13,r-0004,Block storage,production,platform,0.3288
2026-07-13,r-0005,Compute,production,platform,2.4
2026-07-13,r-0006,Block storage,production,platform,0.3288
2026-07-13,r-0007,Compute,production,platform,2.4
2026-07-13,r-0008,Block storage,production,platform,0.3288
2026-07-13,r-0009,Compute,production,platform,2.4
2026-07-13,r-0010,Block storage,production,platform,0.6576
2026-07-13,r-0011,Compute,production,platform,2.4
2026-07-13,r-0012,Block storage,production,platform,0.3288
2026-07-13,r-0013,Compute,production,platform,4.8
2026-07-13,r-0014,Block storage,production,platform,0.3288
2026-07-13,r-0015,Compute,production,platform,4.8
2026-07-13,r-0016,Block storage,production,platform,0.1644
2026-07-13,r-0017,Compute,production,platform,4.8
2026-07-13,r-0018,Block storage,production,platform,0.3288
2026-07-13,r-0019,Compute,production,platform,4.8
2026-07-13,r-0020,Block storage,production,platform,0.3288
2026-07-13,r-0021,Compute,production,invoicing,2.4
2026-07-13,r-0022,Block storage,production,invoicing,0.1644
2026-07-13,r-0023,Compute,production,invoicing,2.4
2026-07-13,r-0024,Block storage,production,invoicing,0.6576
2026-07-13,r-0025,Compute,production,invoicing,2.4
2026-07-13,r-0026,Block storage,production,invoicing,0.6576
2026-07-13,r-0027,Compute,staging,platform,1.2
2026-07-13,r-0028,Block storage,staging,platform,0.3288
2026-07-13,r-0029,Compute,staging,platform,1.2
2026-07-13,r-0030,Block storage,staging,platform,0.3288
2026-07-13,r-0031,Compute,staging,platform,1.2
2026-07-13,r-0032,Block storage,staging,platform,0.6576
2026-07-13,r-0033,Compute,staging,platform,1.2
2026-07-13,r-0034,Block storage,staging,platform,0.6576
2026-07-13,r-0035,Compute,staging,platform,1.2
2026-07-13,r-0036,Block storage,staging,platform,0.1644
2026-07-13,r-0037,Compute,staging,platform,1.2
2026-07-13,r-0038,Block storage,staging,platform,0.3288
2026-07-13,r-0039,Compute,development,invoicing,1.2
2026-07-13,r-0040,Block storage,development,invoicing,0.3288
2026-07-13,r-0041,Compute,development,invoicing,1.2
2026-07-13,r-0042,Block storage,development,invoicing,0.6576
2026-07-13,r-0043,Compute,development,invoicing,2.4
2026-07-13,r-0044,Block storage,development,invoicing,0.1644
2026-07-13,r-0045,Compute,development,invoicing,1.2
2026-07-13,r-0046,Block storage,development,invoicing,0.3288
2026-07-13,r-0047,Compute,development,invoicing,1.2
2026-07-13,r-0048,Block storage,development,invoicing,0.1644
2026-07-13,r-0049,Compute,development,invoicing,2.4
2026-07-13,r-0050,Block storage,development,invoicing,0.3288
2026-07-13,r-0051,Compute,development,payments,1.2
2026-07-13,r-0052,Block storage,development,payments,0.3288
2026-07-13,r-0053,Compute,development,payments,1.2
2026-07-13,r-0054,Block storage,development,payments,0.3288
2026-07-13,r-0055,Compute,development,payments,2.4
2026-07-13,r-0056,Block storage,development,payments,0.1644
2026-07-13,r-0057,Compute,development,payments,1.2
2026-07-13,r-0058,Block storage,development,payments,0.1644
2026-07-13,r-0059,Compute,development,payments,1.2
2026-07-13,r-0060,Block storage,development,payments,0.3288
2026-07-13,r-0061,Compute,development,payments,2.4
2026-07-13,r-0062,Block storage,development,payments,0.3288
2026-07-13,r-0063,Compute,development,,4.8
2026-07-13,r-0064,Block storage,development,,1.6438
2026-07-13,r-0065,Compute,,,2.4
2026-07-13,r-0066,Block storage,,,0.3288
2026-07-13,r-0067,Compute,development,,2.4
2026-07-13,r-0068,Block storage,development,,0.1644
2026-07-13,r-0070,Block storage,development,platform,0.3288
2026-07-13,r-0072,Block storage,development,,0.3288
2026-07-13,r-0074,Block storage,development,,0.1644
2026-07-13,r-0076,Block storage,development,,0.3288
2026-07-13,r-0077,Block storage,,,0.6576
2026-07-13,r-0078,Block storage,development,,3.2878
2026-07-13,r-0079,Block storage,development,platform,0.6576
2026-07-13,r-0080,Block storage,,,3.2878
2026-07-13,r-0081,Block storage,staging,,1.6438
2026-07-13,r-0082,Block storage,,,0.6576
2026-07-13,r-0083,Block storage,,,1.6438
2026-07-13,r-0084,Block storage,staging,,0.6576
2026-07-13,r-0085,Snapshots,production,,0.3288
2026-07-13,r-0086,Snapshots,development,platform,0.822
2026-07-13,r-0087,Snapshots,production,platform,0.3288
2026-07-13,r-0089,Snapshots,production,platform,0.3288
2026-07-13,r-0090,Snapshots,production,platform,0.1644
2026-07-13,r-0091,Snapshots,production,platform,0.1644
2026-07-13,r-0092,Snapshots,staging,platform,0.0821
2026-07-13,r-0093,Snapshots,development,platform,0.822
2026-07-13,r-0094,Snapshots,production,platform,0.3288
2026-07-13,r-0095,Snapshots,production,platform,0.822
2026-07-13,r-0096,Snapshots,staging,platform,0.1644
2026-07-13,r-0097,Snapshots,development,,0.0821
2026-07-13,r-0098,Snapshots,development,,0.3288
2026-07-13,r-0099,Snapshots,production,platform,0.3288
2026-07-13,r-0100,Snapshots,production,platform,0.0821
2026-07-13,r-0101,Snapshots,development,platform,0.3288
2026-07-13,r-0102,Snapshots,production,platform,0.0821
2026-07-13,r-0103,Snapshots,development,,0.822
2026-07-13,r-0104,Snapshots,development,,0.1644
2026-07-13,r-0105,Snapshots,staging,platform,0.0821
2026-07-13,r-0106,Snapshots,production,,0.3288
2026-07-13,r-0107,Snapshots,production,platform,0.1644
2026-07-13,r-0108,Snapshots,production,platform,0.0821
2026-07-13,r-0109,Snapshots,development,platform,0.3288
2026-07-13,r-0110,Snapshots,development,,0.0821
2026-07-13,r-0111,Snapshots,staging,,0.1644
2026-07-13,r-0112,Snapshots,production,platform,0.822
2026-07-13,r-0113,Snapshots,production,platform,0.1644
2026-07-13,r-0114,Snapshots,development,,0.1644
2026-07-13,r-0115,Snapshots,staging,,0.1644
2026-07-13,r-0116,Snapshots,staging,platform,0.0821
2026-07-13,r-0117,Snapshots,production,,0.1644
2026-07-13,r-0118,Snapshots,production,platform,0.1644
2026-07-13,r-0119,Snapshots,development,platform,0.0821
2026-07-13,r-0120,Snapshots,production,,0.822
2026-07-13,r-0121,Object storage,production,invoicing,1.361
2026-07-13,r-0122,Object storage,production,platform,3.0247
2026-07-13,r-0123,Object storage,production,marketing,0.0302
2026-07-13,r-0124,Object storage,production,,0.2647
2026-07-13,r-0125,Object storage,production,platform,1.8905
2026-07-13,r-0126,Object storage,development,,0.4536
2026-07-13,r-0127,Managed database,production,platform,10.8
2026-07-13,r-0128,Managed database,staging,platform,5.52
2026-07-13,r-0129,Load balancing,production,platform,0.6
2026-07-13,r-0130,Load balancing,staging,platform,0.6
2026-07-13,r-0131,Public IPs,,,0.12
2026-07-13,r-0132,Public IPs,,,0.12
2026-07-13,r-0133,Public IPs,,,0.12
2026-07-13,,Data transfer,production,platform,36.0101
2026-07-14,r-0001,Compute,production,platform,2.4
2026-07-14,r-0002,Block storage,production,platform,0.3288
2026-07-14,r-0003,Compute,production,platform,2.4
2026-07-14,r-0004,Block storage,production,platform,0.3288
2026-07-14,r-0005,Compute,production,platform,2.4
2026-07-14,r-0006,Block storage,production,platform,0.3288
2026-07-14,r-0007,Compute,production,platform,2.4
2026-07-14,r-0008,Block storage,production,platform,0.3288
2026-07-14,r-0009,Compute,production,platform,2.4
2026-07-14,r-0010,Block storage,production,platform,0.6576
2026-07-14,r-0011,Compute,production,platform,2.4
2026-07-14,r-0012,Block storage,production,platform,0.3288
2026-07-14,r-0013,Compute,production,platform,4.8
2026-07-14,r-0014,Block storage,production,platform,0.3288
2026-07-14,r-0015,Compute,production,platform,4.8
2026-07-14,r-0016,Block storage,production,platform,0.1644
2026-07-14,r-0017,Compute,production,platform,4.8
2026-07-14,r-0018,Block storage,production,platform,0.3288
2026-07-14,r-0019,Compute,production,platform,4.8
2026-07-14,r-0020,Block storage,production,platform,0.3288
2026-07-14,r-0021,Compute,production,invoicing,2.4
2026-07-14,r-0022,Block storage,production,invoicing,0.1644
2026-07-14,r-0023,Compute,production,invoicing,2.4
2026-07-14,r-0024,Block storage,production,invoicing,0.6576
2026-07-14,r-0025,Compute,production,invoicing,2.4
2026-07-14,r-0026,Block storage,production,invoicing,0.6576
2026-07-14,r-0027,Compute,staging,platform,1.2
2026-07-14,r-0028,Block storage,staging,platform,0.3288
2026-07-14,r-0029,Compute,staging,platform,1.2
2026-07-14,r-0030,Block storage,staging,platform,0.3288
2026-07-14,r-0031,Compute,staging,platform,1.2
2026-07-14,r-0032,Block storage,staging,platform,0.6576
2026-07-14,r-0033,Compute,staging,platform,1.2
2026-07-14,r-0034,Block storage,staging,platform,0.6576
2026-07-14,r-0035,Compute,staging,platform,1.2
2026-07-14,r-0036,Block storage,staging,platform,0.1644
2026-07-14,r-0037,Compute,staging,platform,1.2
2026-07-14,r-0038,Block storage,staging,platform,0.3288
2026-07-14,r-0039,Compute,development,invoicing,1.2
2026-07-14,r-0040,Block storage,development,invoicing,0.3288
2026-07-14,r-0041,Compute,development,invoicing,1.2
2026-07-14,r-0042,Block storage,development,invoicing,0.6576
2026-07-14,r-0043,Compute,development,invoicing,2.4
2026-07-14,r-0044,Block storage,development,invoicing,0.1644
2026-07-14,r-0045,Compute,development,invoicing,1.2
2026-07-14,r-0046,Block storage,development,invoicing,0.3288
2026-07-14,r-0047,Compute,development,invoicing,1.2
2026-07-14,r-0048,Block storage,development,invoicing,0.1644
2026-07-14,r-0049,Compute,development,invoicing,2.4
2026-07-14,r-0050,Block storage,development,invoicing,0.3288
2026-07-14,r-0051,Compute,development,payments,1.2
2026-07-14,r-0052,Block storage,development,payments,0.3288
2026-07-14,r-0053,Compute,development,payments,1.2
2026-07-14,r-0054,Block storage,development,payments,0.3288
2026-07-14,r-0055,Compute,development,payments,2.4
2026-07-14,r-0056,Block storage,development,payments,0.1644
2026-07-14,r-0057,Compute,development,payments,1.2
2026-07-14,r-0058,Block storage,development,payments,0.1644
2026-07-14,r-0059,Compute,development,payments,1.2
2026-07-14,r-0060,Block storage,development,payments,0.3288
2026-07-14,r-0061,Compute,development,payments,2.4
2026-07-14,r-0062,Block storage,development,payments,0.3288
2026-07-14,r-0063,Compute,development,,4.8
2026-07-14,r-0064,Block storage,development,,1.6438
2026-07-14,r-0065,Compute,,,2.4
2026-07-14,r-0066,Block storage,,,0.3288
2026-07-14,r-0067,Compute,development,,2.4
2026-07-14,r-0068,Block storage,development,,0.1644
2026-07-14,r-0070,Block storage,development,platform,0.3288
2026-07-14,r-0072,Block storage,development,,0.3288
2026-07-14,r-0074,Block storage,development,,0.1644
2026-07-14,r-0076,Block storage,development,,0.3288
2026-07-14,r-0077,Block storage,,,0.6576
2026-07-14,r-0078,Block storage,development,,3.2878
2026-07-14,r-0079,Block storage,development,platform,0.6576
2026-07-14,r-0080,Block storage,,,3.2878
2026-07-14,r-0081,Block storage,staging,,1.6438
2026-07-14,r-0082,Block storage,,,0.6576
2026-07-14,r-0083,Block storage,,,1.6438
2026-07-14,r-0084,Block storage,staging,,0.6576
2026-07-14,r-0085,Snapshots,production,,0.3288
2026-07-14,r-0086,Snapshots,development,platform,0.822
2026-07-14,r-0087,Snapshots,production,platform,0.3288
2026-07-14,r-0089,Snapshots,production,platform,0.3288
2026-07-14,r-0090,Snapshots,production,platform,0.1644
2026-07-14,r-0091,Snapshots,production,platform,0.1644
2026-07-14,r-0092,Snapshots,staging,platform,0.0821
2026-07-14,r-0093,Snapshots,development,platform,0.822
2026-07-14,r-0094,Snapshots,production,platform,0.3288
2026-07-14,r-0095,Snapshots,production,platform,0.822
2026-07-14,r-0096,Snapshots,staging,platform,0.1644
2026-07-14,r-0097,Snapshots,development,,0.0821
2026-07-14,r-0098,Snapshots,development,,0.3288
2026-07-14,r-0099,Snapshots,production,platform,0.3288
2026-07-14,r-0100,Snapshots,production,platform,0.0821
2026-07-14,r-0101,Snapshots,development,platform,0.3288
2026-07-14,r-0102,Snapshots,production,platform,0.0821
2026-07-14,r-0103,Snapshots,development,,0.822
2026-07-14,r-0104,Snapshots,development,,0.1644
2026-07-14,r-0105,Snapshots,staging,platform,0.0821
2026-07-14,r-0106,Snapshots,production,,0.3288
2026-07-14,r-0107,Snapshots,production,platform,0.1644
2026-07-14,r-0108,Snapshots,production,platform,0.0821
2026-07-14,r-0109,Snapshots,development,platform,0.3288
2026-07-14,r-0110,Snapshots,development,,0.0821
2026-07-14,r-0111,Snapshots,staging,,0.1644
2026-07-14,r-0112,Snapshots,production,platform,0.822
2026-07-14,r-0113,Snapshots,production,platform,0.1644
2026-07-14,r-0114,Snapshots,development,,0.1644
2026-07-14,r-0115,Snapshots,staging,,0.1644
2026-07-14,r-0116,Snapshots,staging,platform,0.0821
2026-07-14,r-0117,Snapshots,production,,0.1644
2026-07-14,r-0118,Snapshots,production,platform,0.1644
2026-07-14,r-0119,Snapshots,development,platform,0.0821
2026-07-14,r-0120,Snapshots,production,,0.822
2026-07-14,r-0121,Object storage,production,invoicing,1.361
2026-07-14,r-0122,Object storage,production,platform,3.0247
2026-07-14,r-0123,Object storage,production,marketing,0.0302
2026-07-14,r-0124,Object storage,production,,0.2647
2026-07-14,r-0125,Object storage,production,platform,1.8905
2026-07-14,r-0126,Object storage,development,,0.4536
2026-07-14,r-0127,Managed database,production,platform,10.8
2026-07-14,r-0128,Managed database,staging,platform,5.52
2026-07-14,r-0129,Load balancing,production,platform,0.6
2026-07-14,r-0130,Load balancing,staging,platform,0.6
2026-07-14,r-0131,Public IPs,,,0.12
2026-07-14,r-0132,Public IPs,,,0.12
2026-07-14,r-0133,Public IPs,,,0.12
2026-07-14,,Data transfer,production,platform,39.2512
2026-07-15,r-0001,Compute,production,platform,2.4
2026-07-15,r-0002,Block storage,production,platform,0.3288
2026-07-15,r-0003,Compute,production,platform,2.4
2026-07-15,r-0004,Block storage,production,platform,0.3288
2026-07-15,r-0005,Compute,production,platform,2.4
2026-07-15,r-0006,Block storage,production,platform,0.3288
2026-07-15,r-0007,Compute,production,platform,2.4
2026-07-15,r-0008,Block storage,production,platform,0.3288
2026-07-15,r-0009,Compute,production,platform,2.4
2026-07-15,r-0010,Block storage,production,platform,0.6576
2026-07-15,r-0011,Compute,production,platform,2.4
2026-07-15,r-0012,Block storage,production,platform,0.3288
2026-07-15,r-0013,Compute,production,platform,4.8
2026-07-15,r-0014,Block storage,production,platform,0.3288
2026-07-15,r-0015,Compute,production,platform,4.8
2026-07-15,r-0016,Block storage,production,platform,0.1644
2026-07-15,r-0017,Compute,production,platform,4.8
2026-07-15,r-0018,Block storage,production,platform,0.3288
2026-07-15,r-0019,Compute,production,platform,4.8
2026-07-15,r-0020,Block storage,production,platform,0.3288
2026-07-15,r-0021,Compute,production,invoicing,2.4
2026-07-15,r-0022,Block storage,production,invoicing,0.1644
2026-07-15,r-0023,Compute,production,invoicing,2.4
2026-07-15,r-0024,Block storage,production,invoicing,0.6576
2026-07-15,r-0025,Compute,production,invoicing,2.4
2026-07-15,r-0026,Block storage,production,invoicing,0.6576
2026-07-15,r-0027,Compute,staging,platform,1.2
2026-07-15,r-0028,Block storage,staging,platform,0.3288
2026-07-15,r-0029,Compute,staging,platform,1.2
2026-07-15,r-0030,Block storage,staging,platform,0.3288
2026-07-15,r-0031,Compute,staging,platform,1.2
2026-07-15,r-0032,Block storage,staging,platform,0.6576
2026-07-15,r-0033,Compute,staging,platform,1.2
2026-07-15,r-0034,Block storage,staging,platform,0.6576
2026-07-15,r-0035,Compute,staging,platform,1.2
2026-07-15,r-0036,Block storage,staging,platform,0.1644
2026-07-15,r-0037,Compute,staging,platform,1.2
2026-07-15,r-0038,Block storage,staging,platform,0.3288
2026-07-15,r-0039,Compute,development,invoicing,1.2
2026-07-15,r-0040,Block storage,development,invoicing,0.3288
2026-07-15,r-0041,Compute,development,invoicing,1.2
2026-07-15,r-0042,Block storage,development,invoicing,0.6576
2026-07-15,r-0043,Compute,development,invoicing,2.4
2026-07-15,r-0044,Block storage,development,invoicing,0.1644
2026-07-15,r-0045,Compute,development,invoicing,1.2
2026-07-15,r-0046,Block storage,development,invoicing,0.3288
2026-07-15,r-0047,Compute,development,invoicing,1.2
2026-07-15,r-0048,Block storage,development,invoicing,0.1644
2026-07-15,r-0049,Compute,development,invoicing,2.4
2026-07-15,r-0050,Block storage,development,invoicing,0.3288
2026-07-15,r-0051,Compute,development,payments,1.2
2026-07-15,r-0052,Block storage,development,payments,0.3288
2026-07-15,r-0053,Compute,development,payments,1.2
2026-07-15,r-0054,Block storage,development,payments,0.3288
2026-07-15,r-0055,Compute,development,payments,2.4
2026-07-15,r-0056,Block storage,development,payments,0.1644
2026-07-15,r-0057,Compute,development,payments,1.2
2026-07-15,r-0058,Block storage,development,payments,0.1644
2026-07-15,r-0059,Compute,development,payments,1.2
2026-07-15,r-0060,Block storage,development,payments,0.3288
2026-07-15,r-0061,Compute,development,payments,2.4
2026-07-15,r-0062,Block storage,development,payments,0.3288
2026-07-15,r-0063,Compute,development,,4.8
2026-07-15,r-0064,Block storage,development,,1.6438
2026-07-15,r-0065,Compute,,,2.4
2026-07-15,r-0066,Block storage,,,0.3288
2026-07-15,r-0067,Compute,development,,2.4
2026-07-15,r-0068,Block storage,development,,0.1644
2026-07-15,r-0070,Block storage,development,platform,0.3288
2026-07-15,r-0072,Block storage,development,,0.3288
2026-07-15,r-0074,Block storage,development,,0.1644
2026-07-15,r-0076,Block storage,development,,0.3288
2026-07-15,r-0077,Block storage,,,0.6576
2026-07-15,r-0078,Block storage,development,,3.2878
2026-07-15,r-0079,Block storage,development,platform,0.6576
2026-07-15,r-0080,Block storage,,,3.2878
2026-07-15,r-0081,Block storage,staging,,1.6438
2026-07-15,r-0082,Block storage,,,0.6576
2026-07-15,r-0083,Block storage,,,1.6438
2026-07-15,r-0084,Block storage,staging,,0.6576
2026-07-15,r-0085,Snapshots,production,,0.3288
2026-07-15,r-0086,Snapshots,development,platform,0.822
2026-07-15,r-0087,Snapshots,production,platform,0.3288
2026-07-15,r-0089,Snapshots,production,platform,0.3288
2026-07-15,r-0090,Snapshots,production,platform,0.1644
2026-07-15,r-0091,Snapshots,production,platform,0.1644
2026-07-15,r-0092,Snapshots,staging,platform,0.0821
2026-07-15,r-0093,Snapshots,development,platform,0.822
2026-07-15,r-0094,Snapshots,production,platform,0.3288
2026-07-15,r-0095,Snapshots,production,platform,0.822
2026-07-15,r-0096,Snapshots,staging,platform,0.1644
2026-07-15,r-0097,Snapshots,development,,0.0821
2026-07-15,r-0098,Snapshots,development,,0.3288
2026-07-15,r-0099,Snapshots,production,platform,0.3288
2026-07-15,r-0100,Snapshots,production,platform,0.0821
2026-07-15,r-0101,Snapshots,development,platform,0.3288
2026-07-15,r-0102,Snapshots,production,platform,0.0821
2026-07-15,r-0103,Snapshots,development,,0.822
2026-07-15,r-0104,Snapshots,development,,0.1644
2026-07-15,r-0105,Snapshots,staging,platform,0.0821
2026-07-15,r-0106,Snapshots,production,,0.3288
2026-07-15,r-0107,Snapshots,production,platform,0.1644
2026-07-15,r-0108,Snapshots,production,platform,0.0821
2026-07-15,r-0109,Snapshots,development,platform,0.3288
2026-07-15,r-0110,Snapshots,development,,0.0821
2026-07-15,r-0111,Snapshots,staging,,0.1644
2026-07-15,r-0112,Snapshots,production,platform,0.822
2026-07-15,r-0113,Snapshots,production,platform,0.1644
2026-07-15,r-0114,Snapshots,development,,0.1644
2026-07-15,r-0115,Snapshots,staging,,0.1644
2026-07-15,r-0116,Snapshots,staging,platform,0.0821
2026-07-15,r-0117,Snapshots,production,,0.1644
2026-07-15,r-0118,Snapshots,production,platform,0.1644
2026-07-15,r-0119,Snapshots,development,platform,0.0821
2026-07-15,r-0120,Snapshots,production,,0.822
2026-07-15,r-0121,Object storage,production,invoicing,1.361
2026-07-15,r-0122,Object storage,production,platform,3.0247
2026-07-15,r-0123,Object storage,production,marketing,0.0302
2026-07-15,r-0124,Object storage,production,,0.2647
2026-07-15,r-0125,Object storage,production,platform,1.8905
2026-07-15,r-0126,Object storage,development,,0.4536
2026-07-15,r-0127,Managed database,production,platform,10.8
2026-07-15,r-0128,Managed database,staging,platform,5.52
2026-07-15,r-0129,Load balancing,production,platform,0.6
2026-07-15,r-0130,Load balancing,staging,platform,0.6
2026-07-15,r-0131,Public IPs,,,0.12
2026-07-15,r-0132,Public IPs,,,0.12
2026-07-15,r-0133,Public IPs,,,0.12
2026-07-15,,Data transfer,production,platform,39.8083
2026-07-16,r-0001,Compute,production,platform,2.4
2026-07-16,r-0002,Block storage,production,platform,0.3288
2026-07-16,r-0003,Compute,production,platform,2.4
2026-07-16,r-0004,Block storage,production,platform,0.3288
2026-07-16,r-0005,Compute,production,platform,2.4
2026-07-16,r-0006,Block storage,production,platform,0.3288
2026-07-16,r-0007,Compute,production,platform,2.4
2026-07-16,r-0008,Block storage,production,platform,0.3288
2026-07-16,r-0009,Compute,production,platform,2.4
2026-07-16,r-0010,Block storage,production,platform,0.6576
2026-07-16,r-0011,Compute,production,platform,2.4
2026-07-16,r-0012,Block storage,production,platform,0.3288
2026-07-16,r-0013,Compute,production,platform,4.8
2026-07-16,r-0014,Block storage,production,platform,0.3288
2026-07-16,r-0015,Compute,production,platform,4.8
2026-07-16,r-0016,Block storage,production,platform,0.1644
2026-07-16,r-0017,Compute,production,platform,4.8
2026-07-16,r-0018,Block storage,production,platform,0.3288
2026-07-16,r-0019,Compute,production,platform,4.8
2026-07-16,r-0020,Block storage,production,platform,0.3288
2026-07-16,r-0021,Compute,production,invoicing,2.4
2026-07-16,r-0022,Block storage,production,invoicing,0.1644
2026-07-16,r-0023,Compute,production,invoicing,2.4
2026-07-16,r-0024,Block storage,production,invoicing,0.6576
2026-07-16,r-0025,Compute,production,invoicing,2.4
2026-07-16,r-0026,Block storage,production,invoicing,0.6576
2026-07-16,r-0027,Compute,staging,platform,1.2
2026-07-16,r-0028,Block storage,staging,platform,0.3288
2026-07-16,r-0029,Compute,staging,platform,1.2
2026-07-16,r-0030,Block storage,staging,platform,0.3288
2026-07-16,r-0031,Compute,staging,platform,1.2
2026-07-16,r-0032,Block storage,staging,platform,0.6576
2026-07-16,r-0033,Compute,staging,platform,1.2
2026-07-16,r-0034,Block storage,staging,platform,0.6576
2026-07-16,r-0035,Compute,staging,platform,1.2
2026-07-16,r-0036,Block storage,staging,platform,0.1644
2026-07-16,r-0037,Compute,staging,platform,1.2
2026-07-16,r-0038,Block storage,staging,platform,0.3288
2026-07-16,r-0039,Compute,development,invoicing,1.2
2026-07-16,r-0040,Block storage,development,invoicing,0.3288
2026-07-16,r-0041,Compute,development,invoicing,1.2
2026-07-16,r-0042,Block storage,development,invoicing,0.6576
2026-07-16,r-0043,Compute,development,invoicing,2.4
2026-07-16,r-0044,Block storage,development,invoicing,0.1644
2026-07-16,r-0045,Compute,development,invoicing,1.2
2026-07-16,r-0046,Block storage,development,invoicing,0.3288
2026-07-16,r-0047,Compute,development,invoicing,1.2
2026-07-16,r-0048,Block storage,development,invoicing,0.1644
2026-07-16,r-0049,Compute,development,invoicing,2.4
2026-07-16,r-0050,Block storage,development,invoicing,0.3288
2026-07-16,r-0051,Compute,development,payments,1.2
2026-07-16,r-0052,Block storage,development,payments,0.3288
2026-07-16,r-0053,Compute,development,payments,1.2
2026-07-16,r-0054,Block storage,development,payments,0.3288
2026-07-16,r-0055,Compute,development,payments,2.4
2026-07-16,r-0056,Block storage,development,payments,0.1644
2026-07-16,r-0057,Compute,development,payments,1.2
2026-07-16,r-0058,Block storage,development,payments,0.1644
2026-07-16,r-0059,Compute,development,payments,1.2
2026-07-16,r-0060,Block storage,development,payments,0.3288
2026-07-16,r-0061,Compute,development,payments,2.4
2026-07-16,r-0062,Block storage,development,payments,0.3288
2026-07-16,r-0063,Compute,development,,4.8
2026-07-16,r-0064,Block storage,development,,1.6438
2026-07-16,r-0065,Compute,,,2.4
2026-07-16,r-0066,Block storage,,,0.3288
2026-07-16,r-0067,Compute,development,,2.4
2026-07-16,r-0068,Block storage,development,,0.1644
2026-07-16,r-0070,Block storage,development,platform,0.3288
2026-07-16,r-0072,Block storage,development,,0.3288
2026-07-16,r-0074,Block storage,development,,0.1644
2026-07-16,r-0076,Block storage,development,,0.3288
2026-07-16,r-0077,Block storage,,,0.6576
2026-07-16,r-0078,Block storage,development,,3.2878
2026-07-16,r-0079,Block storage,development,platform,0.6576
2026-07-16,r-0080,Block storage,,,3.2878
2026-07-16,r-0081,Block storage,staging,,1.6438
2026-07-16,r-0082,Block storage,,,0.6576
2026-07-16,r-0083,Block storage,,,1.6438
2026-07-16,r-0084,Block storage,staging,,0.6576
2026-07-16,r-0085,Snapshots,production,,0.3288
2026-07-16,r-0086,Snapshots,development,platform,0.822
2026-07-16,r-0087,Snapshots,production,platform,0.3288
2026-07-16,r-0089,Snapshots,production,platform,0.3288
2026-07-16,r-0090,Snapshots,production,platform,0.1644
2026-07-16,r-0091,Snapshots,production,platform,0.1644
2026-07-16,r-0092,Snapshots,staging,platform,0.0821
2026-07-16,r-0093,Snapshots,development,platform,0.822
2026-07-16,r-0094,Snapshots,production,platform,0.3288
2026-07-16,r-0095,Snapshots,production,platform,0.822
2026-07-16,r-0096,Snapshots,staging,platform,0.1644
2026-07-16,r-0097,Snapshots,development,,0.0821
2026-07-16,r-0098,Snapshots,development,,0.3288
2026-07-16,r-0099,Snapshots,production,platform,0.3288
2026-07-16,r-0100,Snapshots,production,platform,0.0821
2026-07-16,r-0101,Snapshots,development,platform,0.3288
2026-07-16,r-0102,Snapshots,production,platform,0.0821
2026-07-16,r-0103,Snapshots,development,,0.822
2026-07-16,r-0104,Snapshots,development,,0.1644
2026-07-16,r-0105,Snapshots,staging,platform,0.0821
2026-07-16,r-0106,Snapshots,production,,0.3288
2026-07-16,r-0107,Snapshots,production,platform,0.1644
2026-07-16,r-0108,Snapshots,production,platform,0.0821
2026-07-16,r-0109,Snapshots,development,platform,0.3288
2026-07-16,r-0110,Snapshots,development,,0.0821
2026-07-16,r-0111,Snapshots,staging,,0.1644
2026-07-16,r-0112,Snapshots,production,platform,0.822
2026-07-16,r-0113,Snapshots,production,platform,0.1644
2026-07-16,r-0114,Snapshots,development,,0.1644
2026-07-16,r-0115,Snapshots,staging,,0.1644
2026-07-16,r-0116,Snapshots,staging,platform,0.0821
2026-07-16,r-0117,Snapshots,production,,0.1644
2026-07-16,r-0118,Snapshots,production,platform,0.1644
2026-07-16,r-0119,Snapshots,development,platform,0.0821
2026-07-16,r-0120,Snapshots,production,,0.822
2026-07-16,r-0121,Object storage,production,invoicing,1.361
2026-07-16,r-0122,Object storage,production,platform,3.0247
2026-07-16,r-0123,Object storage,production,marketing,0.0302
2026-07-16,r-0124,Object storage,production,,0.2647
2026-07-16,r-0125,Object storage,production,platform,1.8905
2026-07-16,r-0126,Object storage,development,,0.4536
2026-07-16,r-0127,Managed database,production,platform,10.8
2026-07-16,r-0128,Managed database,staging,platform,5.52
2026-07-16,r-0129,Load balancing,production,platform,0.6
2026-07-16,r-0130,Load balancing,staging,platform,0.6
2026-07-16,r-0131,Public IPs,,,0.12
2026-07-16,r-0132,Public IPs,,,0.12
2026-07-16,r-0133,Public IPs,,,0.12
2026-07-16,,Data transfer,production,platform,38.097
2026-07-17,r-0001,Compute,production,platform,2.4
2026-07-17,r-0002,Block storage,production,platform,0.3288
2026-07-17,r-0003,Compute,production,platform,2.4
2026-07-17,r-0004,Block storage,production,platform,0.3288
2026-07-17,r-0005,Compute,production,platform,2.4
2026-07-17,r-0006,Block storage,production,platform,0.3288
2026-07-17,r-0007,Compute,production,platform,2.4
2026-07-17,r-0008,Block storage,production,platform,0.3288
2026-07-17,r-0009,Compute,production,platform,2.4
2026-07-17,r-0010,Block storage,production,platform,0.6576
2026-07-17,r-0011,Compute,production,platform,2.4
2026-07-17,r-0012,Block storage,production,platform,0.3288
2026-07-17,r-0013,Compute,production,platform,4.8
2026-07-17,r-0014,Block storage,production,platform,0.3288
2026-07-17,r-0015,Compute,production,platform,4.8
2026-07-17,r-0016,Block storage,production,platform,0.1644
2026-07-17,r-0017,Compute,production,platform,4.8
2026-07-17,r-0018,Block storage,production,platform,0.3288
2026-07-17,r-0019,Compute,production,platform,4.8
2026-07-17,r-0020,Block storage,production,platform,0.3288
2026-07-17,r-0021,Compute,production,invoicing,2.4
2026-07-17,r-0022,Block storage,production,invoicing,0.1644
2026-07-17,r-0023,Compute,production,invoicing,2.4
2026-07-17,r-0024,Block storage,production,invoicing,0.6576
2026-07-17,r-0025,Compute,production,invoicing,2.4
2026-07-17,r-0026,Block storage,production,invoicing,0.6576
2026-07-17,r-0027,Compute,staging,platform,1.2
2026-07-17,r-0028,Block storage,staging,platform,0.3288
2026-07-17,r-0029,Compute,staging,platform,1.2
2026-07-17,r-0030,Block storage,staging,platform,0.3288
2026-07-17,r-0031,Compute,staging,platform,1.2
2026-07-17,r-0032,Block storage,staging,platform,0.6576
2026-07-17,r-0033,Compute,staging,platform,1.2
2026-07-17,r-0034,Block storage,staging,platform,0.6576
2026-07-17,r-0035,Compute,staging,platform,1.2
2026-07-17,r-0036,Block storage,staging,platform,0.1644
2026-07-17,r-0037,Compute,staging,platform,1.2
2026-07-17,r-0038,Block storage,staging,platform,0.3288
2026-07-17,r-0039,Compute,development,invoicing,1.2
2026-07-17,r-0040,Block storage,development,invoicing,0.3288
2026-07-17,r-0041,Compute,development,invoicing,1.2
2026-07-17,r-0042,Block storage,development,invoicing,0.6576
2026-07-17,r-0043,Compute,development,invoicing,2.4
2026-07-17,r-0044,Block storage,development,invoicing,0.1644
2026-07-17,r-0045,Compute,development,invoicing,1.2
2026-07-17,r-0046,Block storage,development,invoicing,0.3288
2026-07-17,r-0047,Compute,development,invoicing,1.2
2026-07-17,r-0048,Block storage,development,invoicing,0.1644
2026-07-17,r-0049,Compute,development,invoicing,2.4
2026-07-17,r-0050,Block storage,development,invoicing,0.3288
2026-07-17,r-0051,Compute,development,payments,1.2
2026-07-17,r-0052,Block storage,development,payments,0.3288
2026-07-17,r-0053,Compute,development,payments,1.2
2026-07-17,r-0054,Block storage,development,payments,0.3288
2026-07-17,r-0055,Compute,development,payments,2.4
2026-07-17,r-0056,Block storage,development,payments,0.1644
2026-07-17,r-0057,Compute,development,payments,1.2
2026-07-17,r-0058,Block storage,development,payments,0.1644
2026-07-17,r-0059,Compute,development,payments,1.2
2026-07-17,r-0060,Block storage,development,payments,0.3288
2026-07-17,r-0061,Compute,development,payments,2.4
2026-07-17,r-0062,Block storage,development,payments,0.3288
2026-07-17,r-0063,Compute,development,,4.8
2026-07-17,r-0064,Block storage,development,,1.6438
2026-07-17,r-0065,Compute,,,2.4
2026-07-17,r-0066,Block storage,,,0.3288
2026-07-17,r-0067,Compute,development,,2.4
2026-07-17,r-0068,Block storage,development,,0.1644
2026-07-17,r-0070,Block storage,development,platform,0.3288
2026-07-17,r-0072,Block storage,development,,0.3288
2026-07-17,r-0074,Block storage,development,,0.1644
2026-07-17,r-0076,Block storage,development,,0.3288
2026-07-17,r-0077,Block storage,,,0.6576
2026-07-17,r-0078,Block storage,development,,3.2878
2026-07-17,r-0079,Block storage,development,platform,0.6576
2026-07-17,r-0080,Block storage,,,3.2878
2026-07-17,r-0081,Block storage,staging,,1.6438
2026-07-17,r-0082,Block storage,,,0.6576
2026-07-17,r-0083,Block storage,,,1.6438
2026-07-17,r-0084,Block storage,staging,,0.6576
2026-07-17,r-0085,Snapshots,production,,0.3288
2026-07-17,r-0086,Snapshots,development,platform,0.822
2026-07-17,r-0087,Snapshots,production,platform,0.3288
2026-07-17,r-0089,Snapshots,production,platform,0.3288
2026-07-17,r-0090,Snapshots,production,platform,0.1644
2026-07-17,r-0091,Snapshots,production,platform,0.1644
2026-07-17,r-0092,Snapshots,staging,platform,0.0821
2026-07-17,r-0093,Snapshots,development,platform,0.822
2026-07-17,r-0094,Snapshots,production,platform,0.3288
2026-07-17,r-0095,Snapshots,production,platform,0.822
2026-07-17,r-0096,Snapshots,staging,platform,0.1644
2026-07-17,r-0097,Snapshots,development,,0.0821
2026-07-17,r-0098,Snapshots,development,,0.3288
2026-07-17,r-0099,Snapshots,production,platform,0.3288
2026-07-17,r-0100,Snapshots,production,platform,0.0821
2026-07-17,r-0101,Snapshots,development,platform,0.3288
2026-07-17,r-0102,Snapshots,production,platform,0.0821
2026-07-17,r-0103,Snapshots,development,,0.822
2026-07-17,r-0104,Snapshots,development,,0.1644
2026-07-17,r-0105,Snapshots,staging,platform,0.0821
2026-07-17,r-0106,Snapshots,production,,0.3288
2026-07-17,r-0107,Snapshots,production,platform,0.1644
2026-07-17,r-0108,Snapshots,production,platform,0.0821
2026-07-17,r-0109,Snapshots,development,platform,0.3288
2026-07-17,r-0110,Snapshots,development,,0.0821
2026-07-17,r-0111,Snapshots,staging,,0.1644
2026-07-17,r-0112,Snapshots,production,platform,0.822
2026-07-17,r-0113,Snapshots,production,platform,0.1644
2026-07-17,r-0114,Snapshots,development,,0.1644
2026-07-17,r-0115,Snapshots,staging,,0.1644
2026-07-17,r-0116,Snapshots,staging,platform,0.0821
2026-07-17,r-0117,Snapshots,production,,0.1644
2026-07-17,r-0118,Snapshots,production,platform,0.1644
2026-07-17,r-0119,Snapshots,development,platform,0.0821
2026-07-17,r-0120,Snapshots,production,,0.822
2026-07-17,r-0121,Object storage,production,invoicing,1.361
2026-07-17,r-0122,Object storage,production,platform,3.0247
2026-07-17,r-0123,Object storage,production,marketing,0.0302
2026-07-17,r-0124,Object storage,production,,0.2647
2026-07-17,r-0125,Object storage,production,platform,1.8905
2026-07-17,r-0126,Object storage,development,,0.4536
2026-07-17,r-0127,Managed database,production,platform,10.8
2026-07-17,r-0128,Managed database,staging,platform,5.52
2026-07-17,r-0129,Load balancing,production,platform,0.6
2026-07-17,r-0130,Load balancing,staging,platform,0.6
2026-07-17,r-0131,Public IPs,,,0.12
2026-07-17,r-0132,Public IPs,,,0.12
2026-07-17,r-0133,Public IPs,,,0.12
2026-07-17,,Data transfer,production,platform,35.2222
2026-07-18,r-0001,Compute,production,platform,2.4
2026-07-18,r-0002,Block storage,production,platform,0.3288
2026-07-18,r-0003,Compute,production,platform,2.4
2026-07-18,r-0004,Block storage,production,platform,0.3288
2026-07-18,r-0005,Compute,production,platform,2.4
2026-07-18,r-0006,Block storage,production,platform,0.3288
2026-07-18,r-0007,Compute,production,platform,2.4
2026-07-18,r-0008,Block storage,production,platform,0.3288
2026-07-18,r-0009,Compute,production,platform,2.4
2026-07-18,r-0010,Block storage,production,platform,0.6576
2026-07-18,r-0011,Compute,production,platform,2.4
2026-07-18,r-0012,Block storage,production,platform,0.3288
2026-07-18,r-0013,Compute,production,platform,4.8
2026-07-18,r-0014,Block storage,production,platform,0.3288
2026-07-18,r-0015,Compute,production,platform,4.8
2026-07-18,r-0016,Block storage,production,platform,0.1644
2026-07-18,r-0017,Compute,production,platform,4.8
2026-07-18,r-0018,Block storage,production,platform,0.3288
2026-07-18,r-0019,Compute,production,platform,4.8
2026-07-18,r-0020,Block storage,production,platform,0.3288
2026-07-18,r-0021,Compute,production,invoicing,2.4
2026-07-18,r-0022,Block storage,production,invoicing,0.1644
2026-07-18,r-0023,Compute,production,invoicing,2.4
2026-07-18,r-0024,Block storage,production,invoicing,0.6576
2026-07-18,r-0025,Compute,production,invoicing,2.4
2026-07-18,r-0026,Block storage,production,invoicing,0.6576
2026-07-18,r-0027,Compute,staging,platform,1.2
2026-07-18,r-0028,Block storage,staging,platform,0.3288
2026-07-18,r-0029,Compute,staging,platform,1.2
2026-07-18,r-0030,Block storage,staging,platform,0.3288
2026-07-18,r-0031,Compute,staging,platform,1.2
2026-07-18,r-0032,Block storage,staging,platform,0.6576
2026-07-18,r-0033,Compute,staging,platform,1.2
2026-07-18,r-0034,Block storage,staging,platform,0.6576
2026-07-18,r-0035,Compute,staging,platform,1.2
2026-07-18,r-0036,Block storage,staging,platform,0.1644
2026-07-18,r-0037,Compute,staging,platform,1.2
2026-07-18,r-0038,Block storage,staging,platform,0.3288
2026-07-18,r-0039,Compute,development,invoicing,1.2
2026-07-18,r-0040,Block storage,development,invoicing,0.3288
2026-07-18,r-0041,Compute,development,invoicing,1.2
2026-07-18,r-0042,Block storage,development,invoicing,0.6576
2026-07-18,r-0043,Compute,development,invoicing,2.4
2026-07-18,r-0044,Block storage,development,invoicing,0.1644
2026-07-18,r-0045,Compute,development,invoicing,1.2
2026-07-18,r-0046,Block storage,development,invoicing,0.3288
2026-07-18,r-0047,Compute,development,invoicing,1.2
2026-07-18,r-0048,Block storage,development,invoicing,0.1644
2026-07-18,r-0049,Compute,development,invoicing,2.4
2026-07-18,r-0050,Block storage,development,invoicing,0.3288
2026-07-18,r-0051,Compute,development,payments,1.2
2026-07-18,r-0052,Block storage,development,payments,0.3288
2026-07-18,r-0053,Compute,development,payments,1.2
2026-07-18,r-0054,Block storage,development,payments,0.3288
2026-07-18,r-0055,Compute,development,payments,2.4
2026-07-18,r-0056,Block storage,development,payments,0.1644
2026-07-18,r-0057,Compute,development,payments,1.2
2026-07-18,r-0058,Block storage,development,payments,0.1644
2026-07-18,r-0059,Compute,development,payments,1.2
2026-07-18,r-0060,Block storage,development,payments,0.3288
2026-07-18,r-0061,Compute,development,payments,2.4
2026-07-18,r-0062,Block storage,development,payments,0.3288
2026-07-18,r-0063,Compute,development,,4.8
2026-07-18,r-0064,Block storage,development,,1.6438
2026-07-18,r-0065,Compute,,,2.4
2026-07-18,r-0066,Block storage,,,0.3288
2026-07-18,r-0067,Compute,development,,2.4
2026-07-18,r-0068,Block storage,development,,0.1644
2026-07-18,r-0070,Block storage,development,platform,0.3288
2026-07-18,r-0072,Block storage,development,,0.3288
2026-07-18,r-0074,Block storage,development,,0.1644
2026-07-18,r-0076,Block storage,development,,0.3288
2026-07-18,r-0077,Block storage,,,0.6576
2026-07-18,r-0078,Block storage,development,,3.2878
2026-07-18,r-0079,Block storage,development,platform,0.6576
2026-07-18,r-0080,Block storage,,,3.2878
2026-07-18,r-0081,Block storage,staging,,1.6438
2026-07-18,r-0082,Block storage,,,0.6576
2026-07-18,r-0083,Block storage,,,1.6438
2026-07-18,r-0084,Block storage,staging,,0.6576
2026-07-18,r-0085,Snapshots,production,,0.3288
2026-07-18,r-0086,Snapshots,development,platform,0.822
2026-07-18,r-0087,Snapshots,production,platform,0.3288
2026-07-18,r-0089,Snapshots,production,platform,0.3288
2026-07-18,r-0090,Snapshots,production,platform,0.1644
2026-07-18,r-0091,Snapshots,production,platform,0.1644
2026-07-18,r-0092,Snapshots,staging,platform,0.0821
2026-07-18,r-0093,Snapshots,development,platform,0.822
2026-07-18,r-0094,Snapshots,production,platform,0.3288
2026-07-18,r-0095,Snapshots,production,platform,0.822
2026-07-18,r-0096,Snapshots,staging,platform,0.1644
2026-07-18,r-0097,Snapshots,development,,0.0821
2026-07-18,r-0098,Snapshots,development,,0.3288
2026-07-18,r-0099,Snapshots,production,platform,0.3288
2026-07-18,r-0100,Snapshots,production,platform,0.0821
2026-07-18,r-0101,Snapshots,development,platform,0.3288
2026-07-18,r-0102,Snapshots,production,platform,0.0821
2026-07-18,r-0103,Snapshots,development,,0.822
2026-07-18,r-0104,Snapshots,development,,0.1644
2026-07-18,r-0105,Snapshots,staging,platform,0.0821
2026-07-18,r-0106,Snapshots,production,,0.3288
2026-07-18,r-0107,Snapshots,production,platform,0.1644
2026-07-18,r-0108,Snapshots,production,platform,0.0821
2026-07-18,r-0109,Snapshots,development,platform,0.3288
2026-07-18,r-0110,Snapshots,development,,0.0821
2026-07-18,r-0111,Snapshots,staging,,0.1644
2026-07-18,r-0112,Snapshots,production,platform,0.822
2026-07-18,r-0113,Snapshots,production,platform,0.1644
2026-07-18,r-0114,Snapshots,development,,0.1644
2026-07-18,r-0115,Snapshots,staging,,0.1644
2026-07-18,r-0116,Snapshots,staging,platform,0.0821
2026-07-18,r-0117,Snapshots,production,,0.1644
2026-07-18,r-0118,Snapshots,production,platform,0.1644
2026-07-18,r-0119,Snapshots,development,platform,0.0821
2026-07-18,r-0120,Snapshots,production,,0.822
2026-07-18,r-0121,Object storage,production,invoicing,1.361
2026-07-18,r-0122,Object storage,production,platform,3.0247
2026-07-18,r-0123,Object storage,production,marketing,0.0302
2026-07-18,r-0124,Object storage,production,,0.2647
2026-07-18,r-0125,Object storage,production,platform,1.8905
2026-07-18,r-0126,Object storage,development,,0.4536
2026-07-18,r-0127,Managed database,production,platform,10.8
2026-07-18,r-0128,Managed database,staging,platform,5.52
2026-07-18,r-0129,Load balancing,production,platform,0.6
2026-07-18,r-0130,Load balancing,staging,platform,0.6
2026-07-18,r-0131,Public IPs,,,0.12
2026-07-18,r-0132,Public IPs,,,0.12
2026-07-18,r-0133,Public IPs,,,0.12
2026-07-18,,Data transfer,production,platform,39.8734
2026-07-19,r-0001,Compute,production,platform,2.4
2026-07-19,r-0002,Block storage,production,platform,0.3288
2026-07-19,r-0003,Compute,production,platform,2.4
2026-07-19,r-0004,Block storage,production,platform,0.3288
2026-07-19,r-0005,Compute,production,platform,2.4
2026-07-19,r-0006,Block storage,production,platform,0.3288
2026-07-19,r-0007,Compute,production,platform,2.4
2026-07-19,r-0008,Block storage,production,platform,0.3288
2026-07-19,r-0009,Compute,production,platform,2.4
2026-07-19,r-0010,Block storage,production,platform,0.6576
2026-07-19,r-0011,Compute,production,platform,2.4
2026-07-19,r-0012,Block storage,production,platform,0.3288
2026-07-19,r-0013,Compute,production,platform,4.8
2026-07-19,r-0014,Block storage,production,platform,0.3288
2026-07-19,r-0015,Compute,production,platform,4.8
2026-07-19,r-0016,Block storage,production,platform,0.1644
2026-07-19,r-0017,Compute,production,platform,4.8
2026-07-19,r-0018,Block storage,production,platform,0.3288
2026-07-19,r-0019,Compute,production,platform,4.8
2026-07-19,r-0020,Block storage,production,platform,0.3288
2026-07-19,r-0021,Compute,production,invoicing,2.4
2026-07-19,r-0022,Block storage,production,invoicing,0.1644
2026-07-19,r-0023,Compute,production,invoicing,2.4
2026-07-19,r-0024,Block storage,production,invoicing,0.6576
2026-07-19,r-0025,Compute,production,invoicing,2.4
2026-07-19,r-0026,Block storage,production,invoicing,0.6576
2026-07-19,r-0027,Compute,staging,platform,1.2
2026-07-19,r-0028,Block storage,staging,platform,0.3288
2026-07-19,r-0029,Compute,staging,platform,1.2
2026-07-19,r-0030,Block storage,staging,platform,0.3288
2026-07-19,r-0031,Compute,staging,platform,1.2
2026-07-19,r-0032,Block storage,staging,platform,0.6576
2026-07-19,r-0033,Compute,staging,platform,1.2
2026-07-19,r-0034,Block storage,staging,platform,0.6576
2026-07-19,r-0035,Compute,staging,platform,1.2
2026-07-19,r-0036,Block storage,staging,platform,0.1644
2026-07-19,r-0037,Compute,staging,platform,1.2
2026-07-19,r-0038,Block storage,staging,platform,0.3288
2026-07-19,r-0039,Compute,development,invoicing,1.2
2026-07-19,r-0040,Block storage,development,invoicing,0.3288
2026-07-19,r-0041,Compute,development,invoicing,1.2
2026-07-19,r-0042,Block storage,development,invoicing,0.6576
2026-07-19,r-0043,Compute,development,invoicing,2.4
2026-07-19,r-0044,Block storage,development,invoicing,0.1644
2026-07-19,r-0045,Compute,development,invoicing,1.2
2026-07-19,r-0046,Block storage,development,invoicing,0.3288
2026-07-19,r-0047,Compute,development,invoicing,1.2
2026-07-19,r-0048,Block storage,development,invoicing,0.1644
2026-07-19,r-0049,Compute,development,invoicing,2.4
2026-07-19,r-0050,Block storage,development,invoicing,0.3288
2026-07-19,r-0051,Compute,development,payments,1.2
2026-07-19,r-0052,Block storage,development,payments,0.3288
2026-07-19,r-0053,Compute,development,payments,1.2
2026-07-19,r-0054,Block storage,development,payments,0.3288
2026-07-19,r-0055,Compute,development,payments,2.4
2026-07-19,r-0056,Block storage,development,payments,0.1644
2026-07-19,r-0057,Compute,development,payments,1.2
2026-07-19,r-0058,Block storage,development,payments,0.1644
2026-07-19,r-0059,Compute,development,payments,1.2
2026-07-19,r-0060,Block storage,development,payments,0.3288
2026-07-19,r-0061,Compute,development,payments,2.4
2026-07-19,r-0062,Block storage,development,payments,0.3288
2026-07-19,r-0063,Compute,development,,4.8
2026-07-19,r-0064,Block storage,development,,1.6438
2026-07-19,r-0065,Compute,,,2.4
2026-07-19,r-0066,Block storage,,,0.3288
2026-07-19,r-0067,Compute,development,,2.4
2026-07-19,r-0068,Block storage,development,,0.1644
2026-07-19,r-0070,Block storage,development,platform,0.3288
2026-07-19,r-0072,Block storage,development,,0.3288
2026-07-19,r-0074,Block storage,development,,0.1644
2026-07-19,r-0076,Block storage,development,,0.3288
2026-07-19,r-0077,Block storage,,,0.6576
2026-07-19,r-0078,Block storage,development,,3.2878
2026-07-19,r-0079,Block storage,development,platform,0.6576
2026-07-19,r-0080,Block storage,,,3.2878
2026-07-19,r-0081,Block storage,staging,,1.6438
2026-07-19,r-0082,Block storage,,,0.6576
2026-07-19,r-0083,Block storage,,,1.6438
2026-07-19,r-0084,Block storage,staging,,0.6576
2026-07-19,r-0085,Snapshots,production,,0.3288
2026-07-19,r-0086,Snapshots,development,platform,0.822
2026-07-19,r-0087,Snapshots,production,platform,0.3288
2026-07-19,r-0089,Snapshots,production,platform,0.3288
2026-07-19,r-0090,Snapshots,production,platform,0.1644
2026-07-19,r-0091,Snapshots,production,platform,0.1644
2026-07-19,r-0092,Snapshots,staging,platform,0.0821
2026-07-19,r-0093,Snapshots,development,platform,0.822
2026-07-19,r-0094,Snapshots,production,platform,0.3288
2026-07-19,r-0095,Snapshots,production,platform,0.822
2026-07-19,r-0096,Snapshots,staging,platform,0.1644
2026-07-19,r-0097,Snapshots,development,,0.0821
2026-07-19,r-0098,Snapshots,development,,0.3288
2026-07-19,r-0099,Snapshots,production,platform,0.3288
2026-07-19,r-0100,Snapshots,production,platform,0.0821
2026-07-19,r-0101,Snapshots,development,platform,0.3288
2026-07-19,r-0102,Snapshots,production,platform,0.0821
2026-07-19,r-0103,Snapshots,development,,0.822
2026-07-19,r-0104,Snapshots,development,,0.1644
2026-07-19,r-0105,Snapshots,staging,platform,0.0821
2026-07-19,r-0106,Snapshots,production,,0.3288
2026-07-19,r-0107,Snapshots,production,platform,0.1644
2026-07-19,r-0108,Snapshots,production,platform,0.0821
2026-07-19,r-0109,Snapshots,development,platform,0.3288
2026-07-19,r-0110,Snapshots,development,,0.0821
2026-07-19,r-0111,Snapshots,staging,,0.1644
2026-07-19,r-0112,Snapshots,production,platform,0.822
2026-07-19,r-0113,Snapshots,production,platform,0.1644
2026-07-19,r-0114,Snapshots,development,,0.1644
2026-07-19,r-0115,Snapshots,staging,,0.1644
2026-07-19,r-0116,Snapshots,staging,platform,0.0821
2026-07-19,r-0117,Snapshots,production,,0.1644
2026-07-19,r-0118,Snapshots,production,platform,0.1644
2026-07-19,r-0119,Snapshots,development,platform,0.0821
2026-07-19,r-0120,Snapshots,production,,0.822
2026-07-19,r-0121,Object storage,production,invoicing,1.361
2026-07-19,r-0122,Object storage,production,platform,3.0247
2026-07-19,r-0123,Object storage,production,marketing,0.0302
2026-07-19,r-0124,Object storage,production,,0.2647
2026-07-19,r-0125,Object storage,production,platform,1.8905
2026-07-19,r-0126,Object storage,development,,0.4536
2026-07-19,r-0127,Managed database,production,platform,10.8
2026-07-19,r-0128,Managed database,staging,platform,5.52
2026-07-19,r-0129,Load balancing,production,platform,0.6
2026-07-19,r-0130,Load balancing,staging,platform,0.6
2026-07-19,r-0131,Public IPs,,,0.12
2026-07-19,r-0132,Public IPs,,,0.12
2026-07-19,r-0133,Public IPs,,,0.12
2026-07-19,,Data transfer,production,platform,40.6554
2026-07-20,r-0001,Compute,production,platform,2.4
2026-07-20,r-0002,Block storage,production,platform,0.3288
2026-07-20,r-0003,Compute,production,platform,2.4
2026-07-20,r-0004,Block storage,production,platform,0.3288
2026-07-20,r-0005,Compute,production,platform,2.4
2026-07-20,r-0006,Block storage,production,platform,0.3288
2026-07-20,r-0007,Compute,production,platform,2.4
2026-07-20,r-0008,Block storage,production,platform,0.3288
2026-07-20,r-0009,Compute,production,platform,2.4
2026-07-20,r-0010,Block storage,production,platform,0.6576
2026-07-20,r-0011,Compute,production,platform,2.4
2026-07-20,r-0012,Block storage,production,platform,0.3288
2026-07-20,r-0013,Compute,production,platform,4.8
2026-07-20,r-0014,Block storage,production,platform,0.3288
2026-07-20,r-0015,Compute,production,platform,4.8
2026-07-20,r-0016,Block storage,production,platform,0.1644
2026-07-20,r-0017,Compute,production,platform,4.8
2026-07-20,r-0018,Block storage,production,platform,0.3288
2026-07-20,r-0019,Compute,production,platform,4.8
2026-07-20,r-0020,Block storage,production,platform,0.3288
2026-07-20,r-0021,Compute,production,invoicing,2.4
2026-07-20,r-0022,Block storage,production,invoicing,0.1644
2026-07-20,r-0023,Compute,production,invoicing,2.4
2026-07-20,r-0024,Block storage,production,invoicing,0.6576
2026-07-20,r-0025,Compute,production,invoicing,2.4
2026-07-20,r-0026,Block storage,production,invoicing,0.6576
2026-07-20,r-0027,Compute,staging,platform,1.2
2026-07-20,r-0028,Block storage,staging,platform,0.3288
2026-07-20,r-0029,Compute,staging,platform,1.2
2026-07-20,r-0030,Block storage,staging,platform,0.3288
2026-07-20,r-0031,Compute,staging,platform,1.2
2026-07-20,r-0032,Block storage,staging,platform,0.6576
2026-07-20,r-0033,Compute,staging,platform,1.2
2026-07-20,r-0034,Block storage,staging,platform,0.6576
2026-07-20,r-0035,Compute,staging,platform,1.2
2026-07-20,r-0036,Block storage,staging,platform,0.1644
2026-07-20,r-0037,Compute,staging,platform,1.2
2026-07-20,r-0038,Block storage,staging,platform,0.3288
2026-07-20,r-0039,Compute,development,invoicing,1.2
2026-07-20,r-0040,Block storage,development,invoicing,0.3288
2026-07-20,r-0041,Compute,development,invoicing,1.2
2026-07-20,r-0042,Block storage,development,invoicing,0.6576
2026-07-20,r-0043,Compute,development,invoicing,2.4
2026-07-20,r-0044,Block storage,development,invoicing,0.1644
2026-07-20,r-0045,Compute,development,invoicing,1.2
2026-07-20,r-0046,Block storage,development,invoicing,0.3288
2026-07-20,r-0047,Compute,development,invoicing,1.2
2026-07-20,r-0048,Block storage,development,invoicing,0.1644
2026-07-20,r-0049,Compute,development,invoicing,2.4
2026-07-20,r-0050,Block storage,development,invoicing,0.3288
2026-07-20,r-0051,Compute,development,payments,1.2
2026-07-20,r-0052,Block storage,development,payments,0.3288
2026-07-20,r-0053,Compute,development,payments,1.2
2026-07-20,r-0054,Block storage,development,payments,0.3288
2026-07-20,r-0055,Compute,development,payments,2.4
2026-07-20,r-0056,Block storage,development,payments,0.1644
2026-07-20,r-0057,Compute,development,payments,1.2
2026-07-20,r-0058,Block storage,development,payments,0.1644
2026-07-20,r-0059,Compute,development,payments,1.2
2026-07-20,r-0060,Block storage,development,payments,0.3288
2026-07-20,r-0061,Compute,development,payments,2.4
2026-07-20,r-0062,Block storage,development,payments,0.3288
2026-07-20,r-0063,Compute,development,,4.8
2026-07-20,r-0064,Block storage,development,,1.6438
2026-07-20,r-0065,Compute,,,2.4
2026-07-20,r-0066,Block storage,,,0.3288
2026-07-20,r-0067,Compute,development,,2.4
2026-07-20,r-0068,Block storage,development,,0.1644
2026-07-20,r-0070,Block storage,development,platform,0.3288
2026-07-20,r-0072,Block storage,development,,0.3288
2026-07-20,r-0074,Block storage,development,,0.1644
2026-07-20,r-0076,Block storage,development,,0.3288
2026-07-20,r-0077,Block storage,,,0.6576
2026-07-20,r-0078,Block storage,development,,3.2878
2026-07-20,r-0079,Block storage,development,platform,0.6576
2026-07-20,r-0080,Block storage,,,3.2878
2026-07-20,r-0081,Block storage,staging,,1.6438
2026-07-20,r-0082,Block storage,,,0.6576
2026-07-20,r-0083,Block storage,,,1.6438
2026-07-20,r-0084,Block storage,staging,,0.6576
2026-07-20,r-0085,Snapshots,production,,0.3288
2026-07-20,r-0086,Snapshots,development,platform,0.822
2026-07-20,r-0087,Snapshots,production,platform,0.3288
2026-07-20,r-0089,Snapshots,production,platform,0.3288
2026-07-20,r-0090,Snapshots,production,platform,0.1644
2026-07-20,r-0091,Snapshots,production,platform,0.1644
2026-07-20,r-0092,Snapshots,staging,platform,0.0821
2026-07-20,r-0093,Snapshots,development,platform,0.822
2026-07-20,r-0094,Snapshots,production,platform,0.3288
2026-07-20,r-0095,Snapshots,production,platform,0.822
2026-07-20,r-0096,Snapshots,staging,platform,0.1644
2026-07-20,r-0097,Snapshots,development,,0.0821
2026-07-20,r-0098,Snapshots,development,,0.3288
2026-07-20,r-0099,Snapshots,production,platform,0.3288
2026-07-20,r-0100,Snapshots,production,platform,0.0821
2026-07-20,r-0101,Snapshots,development,platform,0.3288
2026-07-20,r-0102,Snapshots,production,platform,0.0821
2026-07-20,r-0103,Snapshots,development,,0.822
2026-07-20,r-0104,Snapshots,development,,0.1644
2026-07-20,r-0105,Snapshots,staging,platform,0.0821
2026-07-20,r-0106,Snapshots,production,,0.3288
2026-07-20,r-0107,Snapshots,production,platform,0.1644
2026-07-20,r-0108,Snapshots,production,platform,0.0821
2026-07-20,r-0109,Snapshots,development,platform,0.3288
2026-07-20,r-0110,Snapshots,development,,0.0821
2026-07-20,r-0111,Snapshots,staging,,0.1644
2026-07-20,r-0112,Snapshots,production,platform,0.822
2026-07-20,r-0113,Snapshots,production,platform,0.1644
2026-07-20,r-0114,Snapshots,development,,0.1644
2026-07-20,r-0115,Snapshots,staging,,0.1644
2026-07-20,r-0116,Snapshots,staging,platform,0.0821
2026-07-20,r-0117,Snapshots,production,,0.1644
2026-07-20,r-0118,Snapshots,production,platform,0.1644
2026-07-20,r-0119,Snapshots,development,platform,0.0821
2026-07-20,r-0120,Snapshots,production,,0.822
2026-07-20,r-0121,Object storage,production,invoicing,1.361
2026-07-20,r-0122,Object storage,production,platform,3.0247
2026-07-20,r-0123,Object storage,production,marketing,0.0302
2026-07-20,r-0124,Object storage,production,,0.2647
2026-07-20,r-0125,Object storage,production,platform,1.8905
2026-07-20,r-0126,Object storage,development,,0.4536
2026-07-20,r-0127,Managed database,production,platform,10.8
2026-07-20,r-0128,Managed database,staging,platform,5.52
2026-07-20,r-0129,Load balancing,production,platform,0.6
2026-07-20,r-0130,Load balancing,staging,platform,0.6
2026-07-20,r-0131,Public IPs,,,0.12
2026-07-20,r-0132,Public IPs,,,0.12
2026-07-20,r-0133,Public IPs,,,0.12
2026-07-20,,Data transfer,production,platform,34.6765
2026-07-21,r-0001,Compute,production,platform,2.4
2026-07-21,r-0002,Block storage,production,platform,0.3288
2026-07-21,r-0003,Compute,production,platform,2.4
2026-07-21,r-0004,Block storage,production,platform,0.3288
2026-07-21,r-0005,Compute,production,platform,2.4
2026-07-21,r-0006,Block storage,production,platform,0.3288
2026-07-21,r-0007,Compute,production,platform,2.4
2026-07-21,r-0008,Block storage,production,platform,0.3288
2026-07-21,r-0009,Compute,production,platform,2.4
2026-07-21,r-0010,Block storage,production,platform,0.6576
2026-07-21,r-0011,Compute,production,platform,2.4
2026-07-21,r-0012,Block storage,production,platform,0.3288
2026-07-21,r-0013,Compute,production,platform,4.8
2026-07-21,r-0014,Block storage,production,platform,0.3288
2026-07-21,r-0015,Compute,production,platform,4.8
2026-07-21,r-0016,Block storage,production,platform,0.1644
2026-07-21,r-0017,Compute,production,platform,4.8
2026-07-21,r-0018,Block storage,production,platform,0.3288
2026-07-21,r-0019,Compute,production,platform,4.8
2026-07-21,r-0020,Block storage,production,platform,0.3288
2026-07-21,r-0021,Compute,production,invoicing,2.4
2026-07-21,r-0022,Block storage,production,invoicing,0.1644
2026-07-21,r-0023,Compute,production,invoicing,2.4
2026-07-21,r-0024,Block storage,production,invoicing,0.6576
2026-07-21,r-0025,Compute,production,invoicing,2.4
2026-07-21,r-0026,Block storage,production,invoicing,0.6576
2026-07-21,r-0027,Compute,staging,platform,1.2
2026-07-21,r-0028,Block storage,staging,platform,0.3288
2026-07-21,r-0029,Compute,staging,platform,1.2
2026-07-21,r-0030,Block storage,staging,platform,0.3288
2026-07-21,r-0031,Compute,staging,platform,1.2
2026-07-21,r-0032,Block storage,staging,platform,0.6576
2026-07-21,r-0033,Compute,staging,platform,1.2
2026-07-21,r-0034,Block storage,staging,platform,0.6576
2026-07-21,r-0035,Compute,staging,platform,1.2
2026-07-21,r-0036,Block storage,staging,platform,0.1644
2026-07-21,r-0037,Compute,staging,platform,1.2
2026-07-21,r-0038,Block storage,staging,platform,0.3288
2026-07-21,r-0039,Compute,development,invoicing,1.2
2026-07-21,r-0040,Block storage,development,invoicing,0.3288
2026-07-21,r-0041,Compute,development,invoicing,1.2
2026-07-21,r-0042,Block storage,development,invoicing,0.6576
2026-07-21,r-0043,Compute,development,invoicing,2.4
2026-07-21,r-0044,Block storage,development,invoicing,0.1644
2026-07-21,r-0045,Compute,development,invoicing,1.2
2026-07-21,r-0046,Block storage,development,invoicing,0.3288
2026-07-21,r-0047,Compute,development,invoicing,1.2
2026-07-21,r-0048,Block storage,development,invoicing,0.1644
2026-07-21,r-0049,Compute,development,invoicing,2.4
2026-07-21,r-0050,Block storage,development,invoicing,0.3288
2026-07-21,r-0051,Compute,development,payments,1.2
2026-07-21,r-0052,Block storage,development,payments,0.3288
2026-07-21,r-0053,Compute,development,payments,1.2
2026-07-21,r-0054,Block storage,development,payments,0.3288
2026-07-21,r-0055,Compute,development,payments,2.4
2026-07-21,r-0056,Block storage,development,payments,0.1644
2026-07-21,r-0057,Compute,development,payments,1.2
2026-07-21,r-0058,Block storage,development,payments,0.1644
2026-07-21,r-0059,Compute,development,payments,1.2
2026-07-21,r-0060,Block storage,development,payments,0.3288
2026-07-21,r-0061,Compute,development,payments,2.4
2026-07-21,r-0062,Block storage,development,payments,0.3288
2026-07-21,r-0063,Compute,development,,4.8
2026-07-21,r-0064,Block storage,development,,1.6438
2026-07-21,r-0065,Compute,,,2.4
2026-07-21,r-0066,Block storage,,,0.3288
2026-07-21,r-0067,Compute,development,,2.4
2026-07-21,r-0068,Block storage,development,,0.1644
2026-07-21,r-0070,Block storage,development,platform,0.3288
2026-07-21,r-0072,Block storage,development,,0.3288
2026-07-21,r-0074,Block storage,development,,0.1644
2026-07-21,r-0076,Block storage,development,,0.3288
2026-07-21,r-0077,Block storage,,,0.6576
2026-07-21,r-0078,Block storage,development,,3.2878
2026-07-21,r-0079,Block storage,development,platform,0.6576
2026-07-21,r-0080,Block storage,,,3.2878
2026-07-21,r-0081,Block storage,staging,,1.6438
2026-07-21,r-0082,Block storage,,,0.6576
2026-07-21,r-0083,Block storage,,,1.6438
2026-07-21,r-0084,Block storage,staging,,0.6576
2026-07-21,r-0085,Snapshots,production,,0.3288
2026-07-21,r-0086,Snapshots,development,platform,0.822
2026-07-21,r-0087,Snapshots,production,platform,0.3288
2026-07-21,r-0088,Snapshots,production,platform,0.1644
2026-07-21,r-0089,Snapshots,production,platform,0.3288
2026-07-21,r-0090,Snapshots,production,platform,0.1644
2026-07-21,r-0091,Snapshots,production,platform,0.1644
2026-07-21,r-0092,Snapshots,staging,platform,0.0821
2026-07-21,r-0093,Snapshots,development,platform,0.822
2026-07-21,r-0094,Snapshots,production,platform,0.3288
2026-07-21,r-0095,Snapshots,production,platform,0.822
2026-07-21,r-0096,Snapshots,staging,platform,0.1644
2026-07-21,r-0097,Snapshots,development,,0.0821
2026-07-21,r-0098,Snapshots,development,,0.3288
2026-07-21,r-0099,Snapshots,production,platform,0.3288
2026-07-21,r-0100,Snapshots,production,platform,0.0821
2026-07-21,r-0101,Snapshots,development,platform,0.3288
2026-07-21,r-0102,Snapshots,production,platform,0.0821
2026-07-21,r-0103,Snapshots,development,,0.822
2026-07-21,r-0104,Snapshots,development,,0.1644
2026-07-21,r-0105,Snapshots,staging,platform,0.0821
2026-07-21,r-0106,Snapshots,production,,0.3288
2026-07-21,r-0107,Snapshots,production,platform,0.1644
2026-07-21,r-0108,Snapshots,production,platform,0.0821
2026-07-21,r-0109,Snapshots,development,platform,0.3288
2026-07-21,r-0110,Snapshots,development,,0.0821
2026-07-21,r-0111,Snapshots,staging,,0.1644
2026-07-21,r-0112,Snapshots,production,platform,0.822
2026-07-21,r-0113,Snapshots,production,platform,0.1644
2026-07-21,r-0114,Snapshots,development,,0.1644
2026-07-21,r-0115,Snapshots,staging,,0.1644
2026-07-21,r-0116,Snapshots,staging,platform,0.0821
2026-07-21,r-0117,Snapshots,production,,0.1644
2026-07-21,r-0118,Snapshots,production,platform,0.1644
2026-07-21,r-0119,Snapshots,development,platform,0.0821
2026-07-21,r-0120,Snapshots,production,,0.822
2026-07-21,r-0121,Object storage,production,invoicing,1.361
2026-07-21,r-0122,Object storage,production,platform,3.0247
2026-07-21,r-0123,Object storage,production,marketing,0.0302
2026-07-21,r-0124,Object storage,production,,0.2647
2026-07-21,r-0125,Object storage,production,platform,1.8905
2026-07-21,r-0126,Object storage,development,,0.4536
2026-07-21,r-0127,Managed database,production,platform,10.8
2026-07-21,r-0128,Managed database,staging,platform,5.52
2026-07-21,r-0129,Load balancing,production,platform,0.6
2026-07-21,r-0130,Load balancing,staging,platform,0.6
2026-07-21,r-0131,Public IPs,,,0.12
2026-07-21,r-0132,Public IPs,,,0.12
2026-07-21,r-0133,Public IPs,,,0.12
2026-07-21,,Data transfer,production,platform,38.0072
2026-07-22,r-0001,Compute,production,platform,2.4
2026-07-22,r-0002,Block storage,production,platform,0.3288
2026-07-22,r-0003,Compute,production,platform,2.4
2026-07-22,r-0004,Block storage,production,platform,0.3288
2026-07-22,r-0005,Compute,production,platform,2.4
2026-07-22,r-0006,Block storage,production,platform,0.3288
2026-07-22,r-0007,Compute,production,platform,2.4
2026-07-22,r-0008,Block storage,production,platform,0.3288
2026-07-22,r-0009,Compute,production,platform,2.4
2026-07-22,r-0010,Block storage,production,platform,0.6576
2026-07-22,r-0011,Compute,production,platform,2.4
2026-07-22,r-0012,Block storage,production,platform,0.3288
2026-07-22,r-0013,Compute,production,platform,4.8
2026-07-22,r-0014,Block storage,production,platform,0.3288
2026-07-22,r-0015,Compute,production,platform,4.8
2026-07-22,r-0016,Block storage,production,platform,0.1644
2026-07-22,r-0017,Compute,production,platform,4.8
2026-07-22,r-0018,Block storage,production,platform,0.3288
2026-07-22,r-0019,Compute,production,platform,4.8
2026-07-22,r-0020,Block storage,production,platform,0.3288
2026-07-22,r-0021,Compute,production,invoicing,2.4
2026-07-22,r-0022,Block storage,production,invoicing,0.1644
2026-07-22,r-0023,Compute,production,invoicing,2.4
2026-07-22,r-0024,Block storage,production,invoicing,0.6576
2026-07-22,r-0025,Compute,production,invoicing,2.4
2026-07-22,r-0026,Block storage,production,invoicing,0.6576
2026-07-22,r-0027,Compute,staging,platform,1.2
2026-07-22,r-0028,Block storage,staging,platform,0.3288
2026-07-22,r-0029,Compute,staging,platform,1.2
2026-07-22,r-0030,Block storage,staging,platform,0.3288
2026-07-22,r-0031,Compute,staging,platform,1.2
2026-07-22,r-0032,Block storage,staging,platform,0.6576
2026-07-22,r-0033,Compute,staging,platform,1.2
2026-07-22,r-0034,Block storage,staging,platform,0.6576
2026-07-22,r-0035,Compute,staging,platform,1.2
2026-07-22,r-0036,Block storage,staging,platform,0.1644
2026-07-22,r-0037,Compute,staging,platform,1.2
2026-07-22,r-0038,Block storage,staging,platform,0.3288
2026-07-22,r-0039,Compute,development,invoicing,1.2
2026-07-22,r-0040,Block storage,development,invoicing,0.3288
2026-07-22,r-0041,Compute,development,invoicing,1.2
2026-07-22,r-0042,Block storage,development,invoicing,0.6576
2026-07-22,r-0043,Compute,development,invoicing,2.4
2026-07-22,r-0044,Block storage,development,invoicing,0.1644
2026-07-22,r-0045,Compute,development,invoicing,1.2
2026-07-22,r-0046,Block storage,development,invoicing,0.3288
2026-07-22,r-0047,Compute,development,invoicing,1.2
2026-07-22,r-0048,Block storage,development,invoicing,0.1644
2026-07-22,r-0049,Compute,development,invoicing,2.4
2026-07-22,r-0050,Block storage,development,invoicing,0.3288
2026-07-22,r-0051,Compute,development,payments,1.2
2026-07-22,r-0052,Block storage,development,payments,0.3288
2026-07-22,r-0053,Compute,development,payments,1.2
2026-07-22,r-0054,Block storage,development,payments,0.3288
2026-07-22,r-0055,Compute,development,payments,2.4
2026-07-22,r-0056,Block storage,development,payments,0.1644
2026-07-22,r-0057,Compute,development,payments,1.2
2026-07-22,r-0058,Block storage,development,payments,0.1644
2026-07-22,r-0059,Compute,development,payments,1.2
2026-07-22,r-0060,Block storage,development,payments,0.3288
2026-07-22,r-0061,Compute,development,payments,2.4
2026-07-22,r-0062,Block storage,development,payments,0.3288
2026-07-22,r-0063,Compute,development,,4.8
2026-07-22,r-0064,Block storage,development,,1.6438
2026-07-22,r-0065,Compute,,,2.4
2026-07-22,r-0066,Block storage,,,0.3288
2026-07-22,r-0067,Compute,development,,2.4
2026-07-22,r-0068,Block storage,development,,0.1644
2026-07-22,r-0070,Block storage,development,platform,0.3288
2026-07-22,r-0072,Block storage,development,,0.3288
2026-07-22,r-0074,Block storage,development,,0.1644
2026-07-22,r-0076,Block storage,development,,0.3288
2026-07-22,r-0077,Block storage,,,0.6576
2026-07-22,r-0078,Block storage,development,,3.2878
2026-07-22,r-0079,Block storage,development,platform,0.6576
2026-07-22,r-0080,Block storage,,,3.2878
2026-07-22,r-0081,Block storage,staging,,1.6438
2026-07-22,r-0082,Block storage,,,0.6576
2026-07-22,r-0083,Block storage,,,1.6438
2026-07-22,r-0084,Block storage,staging,,0.6576
2026-07-22,r-0085,Snapshots,production,,0.3288
2026-07-22,r-0086,Snapshots,development,platform,0.822
2026-07-22,r-0087,Snapshots,production,platform,0.3288
2026-07-22,r-0088,Snapshots,production,platform,0.1644
2026-07-22,r-0089,Snapshots,production,platform,0.3288
2026-07-22,r-0090,Snapshots,production,platform,0.1644
2026-07-22,r-0091,Snapshots,production,platform,0.1644
2026-07-22,r-0092,Snapshots,staging,platform,0.0821
2026-07-22,r-0093,Snapshots,development,platform,0.822
2026-07-22,r-0094,Snapshots,production,platform,0.3288
2026-07-22,r-0095,Snapshots,production,platform,0.822
2026-07-22,r-0096,Snapshots,staging,platform,0.1644
2026-07-22,r-0097,Snapshots,development,,0.0821
2026-07-22,r-0098,Snapshots,development,,0.3288
2026-07-22,r-0099,Snapshots,production,platform,0.3288
2026-07-22,r-0100,Snapshots,production,platform,0.0821
2026-07-22,r-0101,Snapshots,development,platform,0.3288
2026-07-22,r-0102,Snapshots,production,platform,0.0821
2026-07-22,r-0103,Snapshots,development,,0.822
2026-07-22,r-0104,Snapshots,development,,0.1644
2026-07-22,r-0105,Snapshots,staging,platform,0.0821
2026-07-22,r-0106,Snapshots,production,,0.3288
2026-07-22,r-0107,Snapshots,production,platform,0.1644
2026-07-22,r-0108,Snapshots,production,platform,0.0821
2026-07-22,r-0109,Snapshots,development,platform,0.3288
2026-07-22,r-0110,Snapshots,development,,0.0821
2026-07-22,r-0111,Snapshots,staging,,0.1644
2026-07-22,r-0112,Snapshots,production,platform,0.822
2026-07-22,r-0113,Snapshots,production,platform,0.1644
2026-07-22,r-0114,Snapshots,development,,0.1644
2026-07-22,r-0115,Snapshots,staging,,0.1644
2026-07-22,r-0116,Snapshots,staging,platform,0.0821
2026-07-22,r-0117,Snapshots,production,,0.1644
2026-07-22,r-0118,Snapshots,production,platform,0.1644
2026-07-22,r-0119,Snapshots,development,platform,0.0821
2026-07-22,r-0120,Snapshots,production,,0.822
2026-07-22,r-0121,Object storage,production,invoicing,1.361
2026-07-22,r-0122,Object storage,production,platform,3.0247
2026-07-22,r-0123,Object storage,production,marketing,0.0302
2026-07-22,r-0124,Object storage,production,,0.2647
2026-07-22,r-0125,Object storage,production,platform,1.8905
2026-07-22,r-0126,Object storage,development,,0.4536
2026-07-22,r-0127,Managed database,production,platform,10.8
2026-07-22,r-0128,Managed database,staging,platform,5.52
2026-07-22,r-0129,Load balancing,production,platform,0.6
2026-07-22,r-0130,Load balancing,staging,platform,0.6
2026-07-22,r-0131,Public IPs,,,0.12
2026-07-22,r-0132,Public IPs,,,0.12
2026-07-22,r-0133,Public IPs,,,0.12
2026-07-22,,Data transfer,production,platform,40.5915
2026-07-23,r-0001,Compute,production,platform,2.4
2026-07-23,r-0002,Block storage,production,platform,0.3288
2026-07-23,r-0003,Compute,production,platform,2.4
2026-07-23,r-0004,Block storage,production,platform,0.3288
2026-07-23,r-0005,Compute,production,platform,2.4
2026-07-23,r-0006,Block storage,production,platform,0.3288
2026-07-23,r-0007,Compute,production,platform,2.4
2026-07-23,r-0008,Block storage,production,platform,0.3288
2026-07-23,r-0009,Compute,production,platform,2.4
2026-07-23,r-0010,Block storage,production,platform,0.6576
2026-07-23,r-0011,Compute,production,platform,2.4
2026-07-23,r-0012,Block storage,production,platform,0.3288
2026-07-23,r-0013,Compute,production,platform,4.8
2026-07-23,r-0014,Block storage,production,platform,0.3288
2026-07-23,r-0015,Compute,production,platform,4.8
2026-07-23,r-0016,Block storage,production,platform,0.1644
2026-07-23,r-0017,Compute,production,platform,4.8
2026-07-23,r-0018,Block storage,production,platform,0.3288
2026-07-23,r-0019,Compute,production,platform,4.8
2026-07-23,r-0020,Block storage,production,platform,0.3288
2026-07-23,r-0021,Compute,production,invoicing,2.4
2026-07-23,r-0022,Block storage,production,invoicing,0.1644
2026-07-23,r-0023,Compute,production,invoicing,2.4
2026-07-23,r-0024,Block storage,production,invoicing,0.6576
2026-07-23,r-0025,Compute,production,invoicing,2.4
2026-07-23,r-0026,Block storage,production,invoicing,0.6576
2026-07-23,r-0027,Compute,staging,platform,1.2
2026-07-23,r-0028,Block storage,staging,platform,0.3288
2026-07-23,r-0029,Compute,staging,platform,1.2
2026-07-23,r-0030,Block storage,staging,platform,0.3288
2026-07-23,r-0031,Compute,staging,platform,1.2
2026-07-23,r-0032,Block storage,staging,platform,0.6576
2026-07-23,r-0033,Compute,staging,platform,1.2
2026-07-23,r-0034,Block storage,staging,platform,0.6576
2026-07-23,r-0035,Compute,staging,platform,1.2
2026-07-23,r-0036,Block storage,staging,platform,0.1644
2026-07-23,r-0037,Compute,staging,platform,1.2
2026-07-23,r-0038,Block storage,staging,platform,0.3288
2026-07-23,r-0039,Compute,development,invoicing,1.2
2026-07-23,r-0040,Block storage,development,invoicing,0.3288
2026-07-23,r-0041,Compute,development,invoicing,1.2
2026-07-23,r-0042,Block storage,development,invoicing,0.6576
2026-07-23,r-0043,Compute,development,invoicing,2.4
2026-07-23,r-0044,Block storage,development,invoicing,0.1644
2026-07-23,r-0045,Compute,development,invoicing,1.2
2026-07-23,r-0046,Block storage,development,invoicing,0.3288
2026-07-23,r-0047,Compute,development,invoicing,1.2
2026-07-23,r-0048,Block storage,development,invoicing,0.1644
2026-07-23,r-0049,Compute,development,invoicing,2.4
2026-07-23,r-0050,Block storage,development,invoicing,0.3288
2026-07-23,r-0051,Compute,development,payments,1.2
2026-07-23,r-0052,Block storage,development,payments,0.3288
2026-07-23,r-0053,Compute,development,payments,1.2
2026-07-23,r-0054,Block storage,development,payments,0.3288
2026-07-23,r-0055,Compute,development,payments,2.4
2026-07-23,r-0056,Block storage,development,payments,0.1644
2026-07-23,r-0057,Compute,development,payments,1.2
2026-07-23,r-0058,Block storage,development,payments,0.1644
2026-07-23,r-0059,Compute,development,payments,1.2
2026-07-23,r-0060,Block storage,development,payments,0.3288
2026-07-23,r-0061,Compute,development,payments,2.4
2026-07-23,r-0062,Block storage,development,payments,0.3288
2026-07-23,r-0063,Compute,development,,4.8
2026-07-23,r-0064,Block storage,development,,1.6438
2026-07-23,r-0065,Compute,,,2.4
2026-07-23,r-0066,Block storage,,,0.3288
2026-07-23,r-0067,Compute,development,,2.4
2026-07-23,r-0068,Block storage,development,,0.1644
2026-07-23,r-0070,Block storage,development,platform,0.3288
2026-07-23,r-0072,Block storage,development,,0.3288
2026-07-23,r-0074,Block storage,development,,0.1644
2026-07-23,r-0076,Block storage,development,,0.3288
2026-07-23,r-0077,Block storage,,,0.6576
2026-07-23,r-0078,Block storage,development,,3.2878
2026-07-23,r-0079,Block storage,development,platform,0.6576
2026-07-23,r-0080,Block storage,,,3.2878
2026-07-23,r-0081,Block storage,staging,,1.6438
2026-07-23,r-0082,Block storage,,,0.6576
2026-07-23,r-0083,Block storage,,,1.6438
2026-07-23,r-0084,Block storage,staging,,0.6576
2026-07-23,r-0085,Snapshots,production,,0.3288
2026-07-23,r-0086,Snapshots,development,platform,0.822
2026-07-23,r-0087,Snapshots,production,platform,0.3288
2026-07-23,r-0088,Snapshots,production,platform,0.1644
2026-07-23,r-0089,Snapshots,production,platform,0.3288
2026-07-23,r-0090,Snapshots,production,platform,0.1644
2026-07-23,r-0091,Snapshots,production,platform,0.1644
2026-07-23,r-0092,Snapshots,staging,platform,0.0821
2026-07-23,r-0093,Snapshots,development,platform,0.822
2026-07-23,r-0094,Snapshots,production,platform,0.3288
2026-07-23,r-0095,Snapshots,production,platform,0.822
2026-07-23,r-0096,Snapshots,staging,platform,0.1644
2026-07-23,r-0097,Snapshots,development,,0.0821
2026-07-23,r-0098,Snapshots,development,,0.3288
2026-07-23,r-0099,Snapshots,production,platform,0.3288
2026-07-23,r-0100,Snapshots,production,platform,0.0821
2026-07-23,r-0101,Snapshots,development,platform,0.3288
2026-07-23,r-0102,Snapshots,production,platform,0.0821
2026-07-23,r-0103,Snapshots,development,,0.822
2026-07-23,r-0104,Snapshots,development,,0.1644
2026-07-23,r-0105,Snapshots,staging,platform,0.0821
2026-07-23,r-0106,Snapshots,production,,0.3288
2026-07-23,r-0107,Snapshots,production,platform,0.1644
2026-07-23,r-0108,Snapshots,production,platform,0.0821
2026-07-23,r-0109,Snapshots,development,platform,0.3288
2026-07-23,r-0110,Snapshots,development,,0.0821
2026-07-23,r-0111,Snapshots,staging,,0.1644
2026-07-23,r-0112,Snapshots,production,platform,0.822
2026-07-23,r-0113,Snapshots,production,platform,0.1644
2026-07-23,r-0114,Snapshots,development,,0.1644
2026-07-23,r-0115,Snapshots,staging,,0.1644
2026-07-23,r-0116,Snapshots,staging,platform,0.0821
2026-07-23,r-0117,Snapshots,production,,0.1644
2026-07-23,r-0118,Snapshots,production,platform,0.1644
2026-07-23,r-0119,Snapshots,development,platform,0.0821
2026-07-23,r-0120,Snapshots,production,,0.822
2026-07-23,r-0121,Object storage,production,invoicing,1.361
2026-07-23,r-0122,Object storage,production,platform,3.0247
2026-07-23,r-0123,Object storage,production,marketing,0.0302
2026-07-23,r-0124,Object storage,production,,0.2647
2026-07-23,r-0125,Object storage,production,platform,1.8905
2026-07-23,r-0126,Object storage,development,,0.4536
2026-07-23,r-0127,Managed database,production,platform,10.8
2026-07-23,r-0128,Managed database,staging,platform,5.52
2026-07-23,r-0129,Load balancing,production,platform,0.6
2026-07-23,r-0130,Load balancing,staging,platform,0.6
2026-07-23,r-0131,Public IPs,,,0.12
2026-07-23,r-0132,Public IPs,,,0.12
2026-07-23,r-0133,Public IPs,,,0.12
2026-07-23,,Data transfer,production,platform,37.9344
2026-07-24,r-0001,Compute,production,platform,2.4
2026-07-24,r-0002,Block storage,production,platform,0.3288
2026-07-24,r-0003,Compute,production,platform,2.4
2026-07-24,r-0004,Block storage,production,platform,0.3288
2026-07-24,r-0005,Compute,production,platform,2.4
2026-07-24,r-0006,Block storage,production,platform,0.3288
2026-07-24,r-0007,Compute,production,platform,2.4
2026-07-24,r-0008,Block storage,production,platform,0.3288
2026-07-24,r-0009,Compute,production,platform,2.4
2026-07-24,r-0010,Block storage,production,platform,0.6576
2026-07-24,r-0011,Compute,production,platform,2.4
2026-07-24,r-0012,Block storage,production,platform,0.3288
2026-07-24,r-0013,Compute,production,platform,4.8
2026-07-24,r-0014,Block storage,production,platform,0.3288
2026-07-24,r-0015,Compute,production,platform,4.8
2026-07-24,r-0016,Block storage,production,platform,0.1644
2026-07-24,r-0017,Compute,production,platform,4.8
2026-07-24,r-0018,Block storage,production,platform,0.3288
2026-07-24,r-0019,Compute,production,platform,4.8
2026-07-24,r-0020,Block storage,production,platform,0.3288
2026-07-24,r-0021,Compute,production,invoicing,2.4
2026-07-24,r-0022,Block storage,production,invoicing,0.1644
2026-07-24,r-0023,Compute,production,invoicing,2.4
2026-07-24,r-0024,Block storage,production,invoicing,0.6576
2026-07-24,r-0025,Compute,production,invoicing,2.4
2026-07-24,r-0026,Block storage,production,invoicing,0.6576
2026-07-24,r-0027,Compute,staging,platform,1.2
2026-07-24,r-0028,Block storage,staging,platform,0.3288
2026-07-24,r-0029,Compute,staging,platform,1.2
2026-07-24,r-0030,Block storage,staging,platform,0.3288
2026-07-24,r-0031,Compute,staging,platform,1.2
2026-07-24,r-0032,Block storage,staging,platform,0.6576
2026-07-24,r-0033,Compute,staging,platform,1.2
2026-07-24,r-0034,Block storage,staging,platform,0.6576
2026-07-24,r-0035,Compute,staging,platform,1.2
2026-07-24,r-0036,Block storage,staging,platform,0.1644
2026-07-24,r-0037,Compute,staging,platform,1.2
2026-07-24,r-0038,Block storage,staging,platform,0.3288
2026-07-24,r-0039,Compute,development,invoicing,1.2
2026-07-24,r-0040,Block storage,development,invoicing,0.3288
2026-07-24,r-0041,Compute,development,invoicing,1.2
2026-07-24,r-0042,Block storage,development,invoicing,0.6576
2026-07-24,r-0043,Compute,development,invoicing,2.4
2026-07-24,r-0044,Block storage,development,invoicing,0.1644
2026-07-24,r-0045,Compute,development,invoicing,1.2
2026-07-24,r-0046,Block storage,development,invoicing,0.3288
2026-07-24,r-0047,Compute,development,invoicing,1.2
2026-07-24,r-0048,Block storage,development,invoicing,0.1644
2026-07-24,r-0049,Compute,development,invoicing,2.4
2026-07-24,r-0050,Block storage,development,invoicing,0.3288
2026-07-24,r-0051,Compute,development,payments,1.2
2026-07-24,r-0052,Block storage,development,payments,0.3288
2026-07-24,r-0053,Compute,development,payments,1.2
2026-07-24,r-0054,Block storage,development,payments,0.3288
2026-07-24,r-0055,Compute,development,payments,2.4
2026-07-24,r-0056,Block storage,development,payments,0.1644
2026-07-24,r-0057,Compute,development,payments,1.2
2026-07-24,r-0058,Block storage,development,payments,0.1644
2026-07-24,r-0059,Compute,development,payments,1.2
2026-07-24,r-0060,Block storage,development,payments,0.3288
2026-07-24,r-0061,Compute,development,payments,2.4
2026-07-24,r-0062,Block storage,development,payments,0.3288
2026-07-24,r-0063,Compute,development,,4.8
2026-07-24,r-0064,Block storage,development,,1.6438
2026-07-24,r-0065,Compute,,,2.4
2026-07-24,r-0066,Block storage,,,0.3288
2026-07-24,r-0067,Compute,development,,2.4
2026-07-24,r-0068,Block storage,development,,0.1644
2026-07-24,r-0070,Block storage,development,platform,0.3288
2026-07-24,r-0072,Block storage,development,,0.3288
2026-07-24,r-0074,Block storage,development,,0.1644
2026-07-24,r-0076,Block storage,development,,0.3288
2026-07-24,r-0077,Block storage,,,0.6576
2026-07-24,r-0078,Block storage,development,,3.2878
2026-07-24,r-0079,Block storage,development,platform,0.6576
2026-07-24,r-0080,Block storage,,,3.2878
2026-07-24,r-0081,Block storage,staging,,1.6438
2026-07-24,r-0082,Block storage,,,0.6576
2026-07-24,r-0083,Block storage,,,1.6438
2026-07-24,r-0084,Block storage,staging,,0.6576
2026-07-24,r-0085,Snapshots,production,,0.3288
2026-07-24,r-0086,Snapshots,development,platform,0.822
2026-07-24,r-0087,Snapshots,production,platform,0.3288
2026-07-24,r-0088,Snapshots,production,platform,0.1644
2026-07-24,r-0089,Snapshots,production,platform,0.3288
2026-07-24,r-0090,Snapshots,production,platform,0.1644
2026-07-24,r-0091,Snapshots,production,platform,0.1644
2026-07-24,r-0092,Snapshots,staging,platform,0.0821
2026-07-24,r-0093,Snapshots,development,platform,0.822
2026-07-24,r-0094,Snapshots,production,platform,0.3288
2026-07-24,r-0095,Snapshots,production,platform,0.822
2026-07-24,r-0096,Snapshots,staging,platform,0.1644
2026-07-24,r-0097,Snapshots,development,,0.0821
2026-07-24,r-0098,Snapshots,development,,0.3288
2026-07-24,r-0099,Snapshots,production,platform,0.3288
2026-07-24,r-0100,Snapshots,production,platform,0.0821
2026-07-24,r-0101,Snapshots,development,platform,0.3288
2026-07-24,r-0102,Snapshots,production,platform,0.0821
2026-07-24,r-0103,Snapshots,development,,0.822
2026-07-24,r-0104,Snapshots,development,,0.1644
2026-07-24,r-0105,Snapshots,staging,platform,0.0821
2026-07-24,r-0106,Snapshots,production,,0.3288
2026-07-24,r-0107,Snapshots,production,platform,0.1644
2026-07-24,r-0108,Snapshots,production,platform,0.0821
2026-07-24,r-0109,Snapshots,development,platform,0.3288
2026-07-24,r-0110,Snapshots,development,,0.0821
2026-07-24,r-0111,Snapshots,staging,,0.1644
2026-07-24,r-0112,Snapshots,production,platform,0.822
2026-07-24,r-0113,Snapshots,production,platform,0.1644
2026-07-24,r-0114,Snapshots,development,,0.1644
2026-07-24,r-0115,Snapshots,staging,,0.1644
2026-07-24,r-0116,Snapshots,staging,platform,0.0821
2026-07-24,r-0117,Snapshots,production,,0.1644
2026-07-24,r-0118,Snapshots,production,platform,0.1644
2026-07-24,r-0119,Snapshots,development,platform,0.0821
2026-07-24,r-0120,Snapshots,production,,0.822
2026-07-24,r-0121,Object storage,production,invoicing,1.361
2026-07-24,r-0122,Object storage,production,platform,3.0247
2026-07-24,r-0123,Object storage,production,marketing,0.0302
2026-07-24,r-0124,Object storage,production,,0.2647
2026-07-24,r-0125,Object storage,production,platform,1.8905
2026-07-24,r-0126,Object storage,development,,0.4536
2026-07-24,r-0127,Managed database,production,platform,10.8
2026-07-24,r-0128,Managed database,staging,platform,5.52
2026-07-24,r-0129,Load balancing,production,platform,0.6
2026-07-24,r-0130,Load balancing,staging,platform,0.6
2026-07-24,r-0131,Public IPs,,,0.12
2026-07-24,r-0132,Public IPs,,,0.12
2026-07-24,r-0133,Public IPs,,,0.12
2026-07-24,,Data transfer,production,platform,36.9848
2026-07-25,r-0001,Compute,production,platform,2.4
2026-07-25,r-0002,Block storage,production,platform,0.3288
2026-07-25,r-0003,Compute,production,platform,2.4
2026-07-25,r-0004,Block storage,production,platform,0.3288
2026-07-25,r-0005,Compute,production,platform,2.4
2026-07-25,r-0006,Block storage,production,platform,0.3288
2026-07-25,r-0007,Compute,production,platform,2.4
2026-07-25,r-0008,Block storage,production,platform,0.3288
2026-07-25,r-0009,Compute,production,platform,2.4
2026-07-25,r-0010,Block storage,production,platform,0.6576
2026-07-25,r-0011,Compute,production,platform,2.4
2026-07-25,r-0012,Block storage,production,platform,0.3288
2026-07-25,r-0013,Compute,production,platform,4.8
2026-07-25,r-0014,Block storage,production,platform,0.3288
2026-07-25,r-0015,Compute,production,platform,4.8
2026-07-25,r-0016,Block storage,production,platform,0.1644
2026-07-25,r-0017,Compute,production,platform,4.8
2026-07-25,r-0018,Block storage,production,platform,0.3288
2026-07-25,r-0019,Compute,production,platform,4.8
2026-07-25,r-0020,Block storage,production,platform,0.3288
2026-07-25,r-0021,Compute,production,invoicing,2.4
2026-07-25,r-0022,Block storage,production,invoicing,0.1644
2026-07-25,r-0023,Compute,production,invoicing,2.4
2026-07-25,r-0024,Block storage,production,invoicing,0.6576
2026-07-25,r-0025,Compute,production,invoicing,2.4
2026-07-25,r-0026,Block storage,production,invoicing,0.6576
2026-07-25,r-0027,Compute,staging,platform,1.2
2026-07-25,r-0028,Block storage,staging,platform,0.3288
2026-07-25,r-0029,Compute,staging,platform,1.2
2026-07-25,r-0030,Block storage,staging,platform,0.3288
2026-07-25,r-0031,Compute,staging,platform,1.2
2026-07-25,r-0032,Block storage,staging,platform,0.6576
2026-07-25,r-0033,Compute,staging,platform,1.2
2026-07-25,r-0034,Block storage,staging,platform,0.6576
2026-07-25,r-0035,Compute,staging,platform,1.2
2026-07-25,r-0036,Block storage,staging,platform,0.1644
2026-07-25,r-0037,Compute,staging,platform,1.2
2026-07-25,r-0038,Block storage,staging,platform,0.3288
2026-07-25,r-0039,Compute,development,invoicing,1.2
2026-07-25,r-0040,Block storage,development,invoicing,0.3288
2026-07-25,r-0041,Compute,development,invoicing,1.2
2026-07-25,r-0042,Block storage,development,invoicing,0.6576
2026-07-25,r-0043,Compute,development,invoicing,2.4
2026-07-25,r-0044,Block storage,development,invoicing,0.1644
2026-07-25,r-0045,Compute,development,invoicing,1.2
2026-07-25,r-0046,Block storage,development,invoicing,0.3288
2026-07-25,r-0047,Compute,development,invoicing,1.2
2026-07-25,r-0048,Block storage,development,invoicing,0.1644
2026-07-25,r-0049,Compute,development,invoicing,2.4
2026-07-25,r-0050,Block storage,development,invoicing,0.3288
2026-07-25,r-0051,Compute,development,payments,1.2
2026-07-25,r-0052,Block storage,development,payments,0.3288
2026-07-25,r-0053,Compute,development,payments,1.2
2026-07-25,r-0054,Block storage,development,payments,0.3288
2026-07-25,r-0055,Compute,development,payments,2.4
2026-07-25,r-0056,Block storage,development,payments,0.1644
2026-07-25,r-0057,Compute,development,payments,1.2
2026-07-25,r-0058,Block storage,development,payments,0.1644
2026-07-25,r-0059,Compute,development,payments,1.2
2026-07-25,r-0060,Block storage,development,payments,0.3288
2026-07-25,r-0061,Compute,development,payments,2.4
2026-07-25,r-0062,Block storage,development,payments,0.3288
2026-07-25,r-0063,Compute,development,,4.8
2026-07-25,r-0064,Block storage,development,,1.6438
2026-07-25,r-0065,Compute,,,2.4
2026-07-25,r-0066,Block storage,,,0.3288
2026-07-25,r-0067,Compute,development,,2.4
2026-07-25,r-0068,Block storage,development,,0.1644
2026-07-25,r-0070,Block storage,development,platform,0.3288
2026-07-25,r-0072,Block storage,development,,0.3288
2026-07-25,r-0074,Block storage,development,,0.1644
2026-07-25,r-0076,Block storage,development,,0.3288
2026-07-25,r-0077,Block storage,,,0.6576
2026-07-25,r-0078,Block storage,development,,3.2878
2026-07-25,r-0079,Block storage,development,platform,0.6576
2026-07-25,r-0080,Block storage,,,3.2878
2026-07-25,r-0081,Block storage,staging,,1.6438
2026-07-25,r-0082,Block storage,,,0.6576
2026-07-25,r-0083,Block storage,,,1.6438
2026-07-25,r-0084,Block storage,staging,,0.6576
2026-07-25,r-0085,Snapshots,production,,0.3288
2026-07-25,r-0086,Snapshots,development,platform,0.822
2026-07-25,r-0087,Snapshots,production,platform,0.3288
2026-07-25,r-0088,Snapshots,production,platform,0.1644
2026-07-25,r-0089,Snapshots,production,platform,0.3288
2026-07-25,r-0090,Snapshots,production,platform,0.1644
2026-07-25,r-0091,Snapshots,production,platform,0.1644
2026-07-25,r-0092,Snapshots,staging,platform,0.0821
2026-07-25,r-0093,Snapshots,development,platform,0.822
2026-07-25,r-0094,Snapshots,production,platform,0.3288
2026-07-25,r-0095,Snapshots,production,platform,0.822
2026-07-25,r-0096,Snapshots,staging,platform,0.1644
2026-07-25,r-0097,Snapshots,development,,0.0821
2026-07-25,r-0098,Snapshots,development,,0.3288
2026-07-25,r-0099,Snapshots,production,platform,0.3288
2026-07-25,r-0100,Snapshots,production,platform,0.0821
2026-07-25,r-0101,Snapshots,development,platform,0.3288
2026-07-25,r-0102,Snapshots,production,platform,0.0821
2026-07-25,r-0103,Snapshots,development,,0.822
2026-07-25,r-0104,Snapshots,development,,0.1644
2026-07-25,r-0105,Snapshots,staging,platform,0.0821
2026-07-25,r-0106,Snapshots,production,,0.3288
2026-07-25,r-0107,Snapshots,production,platform,0.1644
2026-07-25,r-0108,Snapshots,production,platform,0.0821
2026-07-25,r-0109,Snapshots,development,platform,0.3288
2026-07-25,r-0110,Snapshots,development,,0.0821
2026-07-25,r-0111,Snapshots,staging,,0.1644
2026-07-25,r-0112,Snapshots,production,platform,0.822
2026-07-25,r-0113,Snapshots,production,platform,0.1644
2026-07-25,r-0114,Snapshots,development,,0.1644
2026-07-25,r-0115,Snapshots,staging,,0.1644
2026-07-25,r-0116,Snapshots,staging,platform,0.0821
2026-07-25,r-0117,Snapshots,production,,0.1644
2026-07-25,r-0118,Snapshots,production,platform,0.1644
2026-07-25,r-0119,Snapshots,development,platform,0.0821
2026-07-25,r-0120,Snapshots,production,,0.822
2026-07-25,r-0121,Object storage,production,invoicing,1.361
2026-07-25,r-0122,Object storage,production,platform,3.0247
2026-07-25,r-0123,Object storage,production,marketing,0.0302
2026-07-25,r-0124,Object storage,production,,0.2647
2026-07-25,r-0125,Object storage,production,platform,1.8905
2026-07-25,r-0126,Object storage,development,,0.4536
2026-07-25,r-0127,Managed database,production,platform,10.8
2026-07-25,r-0128,Managed database,staging,platform,5.52
2026-07-25,r-0129,Load balancing,production,platform,0.6
2026-07-25,r-0130,Load balancing,staging,platform,0.6
2026-07-25,r-0131,Public IPs,,,0.12
2026-07-25,r-0132,Public IPs,,,0.12
2026-07-25,r-0133,Public IPs,,,0.12
2026-07-25,,Data transfer,production,platform,36.1142
2026-07-26,r-0001,Compute,production,platform,2.4
2026-07-26,r-0002,Block storage,production,platform,0.3288
2026-07-26,r-0003,Compute,production,platform,2.4
2026-07-26,r-0004,Block storage,production,platform,0.3288
2026-07-26,r-0005,Compute,production,platform,2.4
2026-07-26,r-0006,Block storage,production,platform,0.3288
2026-07-26,r-0007,Compute,production,platform,2.4
2026-07-26,r-0008,Block storage,production,platform,0.3288
2026-07-26,r-0009,Compute,production,platform,2.4
2026-07-26,r-0010,Block storage,production,platform,0.6576
2026-07-26,r-0011,Compute,production,platform,2.4
2026-07-26,r-0012,Block storage,production,platform,0.3288
2026-07-26,r-0013,Compute,production,platform,4.8
2026-07-26,r-0014,Block storage,production,platform,0.3288
2026-07-26,r-0015,Compute,production,platform,4.8
2026-07-26,r-0016,Block storage,production,platform,0.1644
2026-07-26,r-0017,Compute,production,platform,4.8
2026-07-26,r-0018,Block storage,production,platform,0.3288
2026-07-26,r-0019,Compute,production,platform,4.8
2026-07-26,r-0020,Block storage,production,platform,0.3288
2026-07-26,r-0021,Compute,production,invoicing,2.4
2026-07-26,r-0022,Block storage,production,invoicing,0.1644
2026-07-26,r-0023,Compute,production,invoicing,2.4
2026-07-26,r-0024,Block storage,production,invoicing,0.6576
2026-07-26,r-0025,Compute,production,invoicing,2.4
2026-07-26,r-0026,Block storage,production,invoicing,0.6576
2026-07-26,r-0027,Compute,staging,platform,1.2
2026-07-26,r-0028,Block storage,staging,platform,0.3288
2026-07-26,r-0029,Compute,staging,platform,1.2
2026-07-26,r-0030,Block storage,staging,platform,0.3288
2026-07-26,r-0031,Compute,staging,platform,1.2
2026-07-26,r-0032,Block storage,staging,platform,0.6576
2026-07-26,r-0033,Compute,staging,platform,1.2
2026-07-26,r-0034,Block storage,staging,platform,0.6576
2026-07-26,r-0035,Compute,staging,platform,1.2
2026-07-26,r-0036,Block storage,staging,platform,0.1644
2026-07-26,r-0037,Compute,staging,platform,1.2
2026-07-26,r-0038,Block storage,staging,platform,0.3288
2026-07-26,r-0039,Compute,development,invoicing,1.2
2026-07-26,r-0040,Block storage,development,invoicing,0.3288
2026-07-26,r-0041,Compute,development,invoicing,1.2
2026-07-26,r-0042,Block storage,development,invoicing,0.6576
2026-07-26,r-0043,Compute,development,invoicing,2.4
2026-07-26,r-0044,Block storage,development,invoicing,0.1644
2026-07-26,r-0045,Compute,development,invoicing,1.2
2026-07-26,r-0046,Block storage,development,invoicing,0.3288
2026-07-26,r-0047,Compute,development,invoicing,1.2
2026-07-26,r-0048,Block storage,development,invoicing,0.1644
2026-07-26,r-0049,Compute,development,invoicing,2.4
2026-07-26,r-0050,Block storage,development,invoicing,0.3288
2026-07-26,r-0051,Compute,development,payments,1.2
2026-07-26,r-0052,Block storage,development,payments,0.3288
2026-07-26,r-0053,Compute,development,payments,1.2
2026-07-26,r-0054,Block storage,development,payments,0.3288
2026-07-26,r-0055,Compute,development,payments,2.4
2026-07-26,r-0056,Block storage,development,payments,0.1644
2026-07-26,r-0057,Compute,development,payments,1.2
2026-07-26,r-0058,Block storage,development,payments,0.1644
2026-07-26,r-0059,Compute,development,payments,1.2
2026-07-26,r-0060,Block storage,development,payments,0.3288
2026-07-26,r-0061,Compute,development,payments,2.4
2026-07-26,r-0062,Block storage,development,payments,0.3288
2026-07-26,r-0063,Compute,development,,4.8
2026-07-26,r-0064,Block storage,development,,1.6438
2026-07-26,r-0065,Compute,,,2.4
2026-07-26,r-0066,Block storage,,,0.3288
2026-07-26,r-0067,Compute,development,,2.4
2026-07-26,r-0068,Block storage,development,,0.1644
2026-07-26,r-0070,Block storage,development,platform,0.3288
2026-07-26,r-0072,Block storage,development,,0.3288
2026-07-26,r-0074,Block storage,development,,0.1644
2026-07-26,r-0076,Block storage,development,,0.3288
2026-07-26,r-0077,Block storage,,,0.6576
2026-07-26,r-0078,Block storage,development,,3.2878
2026-07-26,r-0079,Block storage,development,platform,0.6576
2026-07-26,r-0080,Block storage,,,3.2878
2026-07-26,r-0081,Block storage,staging,,1.6438
2026-07-26,r-0082,Block storage,,,0.6576
2026-07-26,r-0083,Block storage,,,1.6438
2026-07-26,r-0084,Block storage,staging,,0.6576
2026-07-26,r-0085,Snapshots,production,,0.3288
2026-07-26,r-0086,Snapshots,development,platform,0.822
2026-07-26,r-0087,Snapshots,production,platform,0.3288
2026-07-26,r-0088,Snapshots,production,platform,0.1644
2026-07-26,r-0089,Snapshots,production,platform,0.3288
2026-07-26,r-0090,Snapshots,production,platform,0.1644
2026-07-26,r-0091,Snapshots,production,platform,0.1644
2026-07-26,r-0092,Snapshots,staging,platform,0.0821
2026-07-26,r-0093,Snapshots,development,platform,0.822
2026-07-26,r-0094,Snapshots,production,platform,0.3288
2026-07-26,r-0095,Snapshots,production,platform,0.822
2026-07-26,r-0096,Snapshots,staging,platform,0.1644
2026-07-26,r-0097,Snapshots,development,,0.0821
2026-07-26,r-0098,Snapshots,development,,0.3288
2026-07-26,r-0099,Snapshots,production,platform,0.3288
2026-07-26,r-0100,Snapshots,production,platform,0.0821
2026-07-26,r-0101,Snapshots,development,platform,0.3288
2026-07-26,r-0102,Snapshots,production,platform,0.0821
2026-07-26,r-0103,Snapshots,development,,0.822
2026-07-26,r-0104,Snapshots,development,,0.1644
2026-07-26,r-0105,Snapshots,staging,platform,0.0821
2026-07-26,r-0106,Snapshots,production,,0.3288
2026-07-26,r-0107,Snapshots,production,platform,0.1644
2026-07-26,r-0108,Snapshots,production,platform,0.0821
2026-07-26,r-0109,Snapshots,development,platform,0.3288
2026-07-26,r-0110,Snapshots,development,,0.0821
2026-07-26,r-0111,Snapshots,staging,,0.1644
2026-07-26,r-0112,Snapshots,production,platform,0.822
2026-07-26,r-0113,Snapshots,production,platform,0.1644
2026-07-26,r-0114,Snapshots,development,,0.1644
2026-07-26,r-0115,Snapshots,staging,,0.1644
2026-07-26,r-0116,Snapshots,staging,platform,0.0821
2026-07-26,r-0117,Snapshots,production,,0.1644
2026-07-26,r-0118,Snapshots,production,platform,0.1644
2026-07-26,r-0119,Snapshots,development,platform,0.0821
2026-07-26,r-0120,Snapshots,production,,0.822
2026-07-26,r-0121,Object storage,production,invoicing,1.361
2026-07-26,r-0122,Object storage,production,platform,3.0247
2026-07-26,r-0123,Object storage,production,marketing,0.0302
2026-07-26,r-0124,Object storage,production,,0.2647
2026-07-26,r-0125,Object storage,production,platform,1.8905
2026-07-26,r-0126,Object storage,development,,0.4536
2026-07-26,r-0127,Managed database,production,platform,10.8
2026-07-26,r-0128,Managed database,staging,platform,5.52
2026-07-26,r-0129,Load balancing,production,platform,0.6
2026-07-26,r-0130,Load balancing,staging,platform,0.6
2026-07-26,r-0131,Public IPs,,,0.12
2026-07-26,r-0132,Public IPs,,,0.12
2026-07-26,r-0133,Public IPs,,,0.12
2026-07-26,,Data transfer,production,platform,37.6528
2026-07-27,r-0001,Compute,production,platform,2.4
2026-07-27,r-0002,Block storage,production,platform,0.3288
2026-07-27,r-0003,Compute,production,platform,2.4
2026-07-27,r-0004,Block storage,production,platform,0.3288
2026-07-27,r-0005,Compute,production,platform,2.4
2026-07-27,r-0006,Block storage,production,platform,0.3288
2026-07-27,r-0007,Compute,production,platform,2.4
2026-07-27,r-0008,Block storage,production,platform,0.3288
2026-07-27,r-0009,Compute,production,platform,2.4
2026-07-27,r-0010,Block storage,production,platform,0.6576
2026-07-27,r-0011,Compute,production,platform,2.4
2026-07-27,r-0012,Block storage,production,platform,0.3288
2026-07-27,r-0013,Compute,production,platform,4.8
2026-07-27,r-0014,Block storage,production,platform,0.3288
2026-07-27,r-0015,Compute,production,platform,4.8
2026-07-27,r-0016,Block storage,production,platform,0.1644
2026-07-27,r-0017,Compute,production,platform,4.8
2026-07-27,r-0018,Block storage,production,platform,0.3288
2026-07-27,r-0019,Compute,production,platform,4.8
2026-07-27,r-0020,Block storage,production,platform,0.3288
2026-07-27,r-0021,Compute,production,invoicing,2.4
2026-07-27,r-0022,Block storage,production,invoicing,0.1644
2026-07-27,r-0023,Compute,production,invoicing,2.4
2026-07-27,r-0024,Block storage,production,invoicing,0.6576
2026-07-27,r-0025,Compute,production,invoicing,2.4
2026-07-27,r-0026,Block storage,production,invoicing,0.6576
2026-07-27,r-0027,Compute,staging,platform,1.2
2026-07-27,r-0028,Block storage,staging,platform,0.3288
2026-07-27,r-0029,Compute,staging,platform,1.2
2026-07-27,r-0030,Block storage,staging,platform,0.3288
2026-07-27,r-0031,Compute,staging,platform,1.2
2026-07-27,r-0032,Block storage,staging,platform,0.6576
2026-07-27,r-0033,Compute,staging,platform,1.2
2026-07-27,r-0034,Block storage,staging,platform,0.6576
2026-07-27,r-0035,Compute,staging,platform,1.2
2026-07-27,r-0036,Block storage,staging,platform,0.1644
2026-07-27,r-0037,Compute,staging,platform,1.2
2026-07-27,r-0038,Block storage,staging,platform,0.3288
2026-07-27,r-0039,Compute,development,invoicing,1.2
2026-07-27,r-0040,Block storage,development,invoicing,0.3288
2026-07-27,r-0041,Compute,development,invoicing,1.2
2026-07-27,r-0042,Block storage,development,invoicing,0.6576
2026-07-27,r-0043,Compute,development,invoicing,2.4
2026-07-27,r-0044,Block storage,development,invoicing,0.1644
2026-07-27,r-0045,Compute,development,invoicing,1.2
2026-07-27,r-0046,Block storage,development,invoicing,0.3288
2026-07-27,r-0047,Compute,development,invoicing,1.2
2026-07-27,r-0048,Block storage,development,invoicing,0.1644
2026-07-27,r-0049,Compute,development,invoicing,2.4
2026-07-27,r-0050,Block storage,development,invoicing,0.3288
2026-07-27,r-0051,Compute,development,payments,1.2
2026-07-27,r-0052,Block storage,development,payments,0.3288
2026-07-27,r-0053,Compute,development,payments,1.2
2026-07-27,r-0054,Block storage,development,payments,0.3288
2026-07-27,r-0055,Compute,development,payments,2.4
2026-07-27,r-0056,Block storage,development,payments,0.1644
2026-07-27,r-0057,Compute,development,payments,1.2
2026-07-27,r-0058,Block storage,development,payments,0.1644
2026-07-27,r-0059,Compute,development,payments,1.2
2026-07-27,r-0060,Block storage,development,payments,0.3288
2026-07-27,r-0061,Compute,development,payments,2.4
2026-07-27,r-0062,Block storage,development,payments,0.3288
2026-07-27,r-0063,Compute,development,,4.8
2026-07-27,r-0064,Block storage,development,,1.6438
2026-07-27,r-0065,Compute,,,2.4
2026-07-27,r-0066,Block storage,,,0.3288
2026-07-27,r-0067,Compute,development,,2.4
2026-07-27,r-0068,Block storage,development,,0.1644
2026-07-27,r-0070,Block storage,development,platform,0.3288
2026-07-27,r-0072,Block storage,development,,0.3288
2026-07-27,r-0074,Block storage,development,,0.1644
2026-07-27,r-0076,Block storage,development,,0.3288
2026-07-27,r-0077,Block storage,,,0.6576
2026-07-27,r-0078,Block storage,development,,3.2878
2026-07-27,r-0079,Block storage,development,platform,0.6576
2026-07-27,r-0080,Block storage,,,3.2878
2026-07-27,r-0081,Block storage,staging,,1.6438
2026-07-27,r-0082,Block storage,,,0.6576
2026-07-27,r-0083,Block storage,,,1.6438
2026-07-27,r-0084,Block storage,staging,,0.6576
2026-07-27,r-0085,Snapshots,production,,0.3288
2026-07-27,r-0086,Snapshots,development,platform,0.822
2026-07-27,r-0087,Snapshots,production,platform,0.3288
2026-07-27,r-0088,Snapshots,production,platform,0.1644
2026-07-27,r-0089,Snapshots,production,platform,0.3288
2026-07-27,r-0090,Snapshots,production,platform,0.1644
2026-07-27,r-0091,Snapshots,production,platform,0.1644
2026-07-27,r-0092,Snapshots,staging,platform,0.0821
2026-07-27,r-0093,Snapshots,development,platform,0.822
2026-07-27,r-0094,Snapshots,production,platform,0.3288
2026-07-27,r-0095,Snapshots,production,platform,0.822
2026-07-27,r-0096,Snapshots,staging,platform,0.1644
2026-07-27,r-0097,Snapshots,development,,0.0821
2026-07-27,r-0098,Snapshots,development,,0.3288
2026-07-27,r-0099,Snapshots,production,platform,0.3288
2026-07-27,r-0100,Snapshots,production,platform,0.0821
2026-07-27,r-0101,Snapshots,development,platform,0.3288
2026-07-27,r-0102,Snapshots,production,platform,0.0821
2026-07-27,r-0103,Snapshots,development,,0.822
2026-07-27,r-0104,Snapshots,development,,0.1644
2026-07-27,r-0105,Snapshots,staging,platform,0.0821
2026-07-27,r-0106,Snapshots,production,,0.3288
2026-07-27,r-0107,Snapshots,production,platform,0.1644
2026-07-27,r-0108,Snapshots,production,platform,0.0821
2026-07-27,r-0109,Snapshots,development,platform,0.3288
2026-07-27,r-0110,Snapshots,development,,0.0821
2026-07-27,r-0111,Snapshots,staging,,0.1644
2026-07-27,r-0112,Snapshots,production,platform,0.822
2026-07-27,r-0113,Snapshots,production,platform,0.1644
2026-07-27,r-0114,Snapshots,development,,0.1644
2026-07-27,r-0115,Snapshots,staging,,0.1644
2026-07-27,r-0116,Snapshots,staging,platform,0.0821
2026-07-27,r-0117,Snapshots,production,,0.1644
2026-07-27,r-0118,Snapshots,production,platform,0.1644
2026-07-27,r-0119,Snapshots,development,platform,0.0821
2026-07-27,r-0120,Snapshots,production,,0.822
2026-07-27,r-0121,Object storage,production,invoicing,1.361
2026-07-27,r-0122,Object storage,production,platform,3.0247
2026-07-27,r-0123,Object storage,production,marketing,0.0302
2026-07-27,r-0124,Object storage,production,,0.2647
2026-07-27,r-0125,Object storage,production,platform,1.8905
2026-07-27,r-0126,Object storage,development,,0.4536
2026-07-27,r-0127,Managed database,production,platform,10.8
2026-07-27,r-0128,Managed database,staging,platform,5.52
2026-07-27,r-0129,Load balancing,production,platform,0.6
2026-07-27,r-0130,Load balancing,staging,platform,0.6
2026-07-27,r-0131,Public IPs,,,0.12
2026-07-27,r-0132,Public IPs,,,0.12
2026-07-27,r-0133,Public IPs,,,0.12
2026-07-27,,Data transfer,production,platform,38.2982
2026-07-28,r-0001,Compute,production,platform,2.4
2026-07-28,r-0002,Block storage,production,platform,0.3288
2026-07-28,r-0003,Compute,production,platform,2.4
2026-07-28,r-0004,Block storage,production,platform,0.3288
2026-07-28,r-0005,Compute,production,platform,2.4
2026-07-28,r-0006,Block storage,production,platform,0.3288
2026-07-28,r-0007,Compute,production,platform,2.4
2026-07-28,r-0008,Block storage,production,platform,0.3288
2026-07-28,r-0009,Compute,production,platform,2.4
2026-07-28,r-0010,Block storage,production,platform,0.6576
2026-07-28,r-0011,Compute,production,platform,2.4
2026-07-28,r-0012,Block storage,production,platform,0.3288
2026-07-28,r-0013,Compute,production,platform,4.8
2026-07-28,r-0014,Block storage,production,platform,0.3288
2026-07-28,r-0015,Compute,production,platform,4.8
2026-07-28,r-0016,Block storage,production,platform,0.1644
2026-07-28,r-0017,Compute,production,platform,4.8
2026-07-28,r-0018,Block storage,production,platform,0.3288
2026-07-28,r-0019,Compute,production,platform,4.8
2026-07-28,r-0020,Block storage,production,platform,0.3288
2026-07-28,r-0021,Compute,production,invoicing,2.4
2026-07-28,r-0022,Block storage,production,invoicing,0.1644
2026-07-28,r-0023,Compute,production,invoicing,2.4
2026-07-28,r-0024,Block storage,production,invoicing,0.6576
2026-07-28,r-0025,Compute,production,invoicing,2.4
2026-07-28,r-0026,Block storage,production,invoicing,0.6576
2026-07-28,r-0027,Compute,staging,platform,1.2
2026-07-28,r-0028,Block storage,staging,platform,0.3288
2026-07-28,r-0029,Compute,staging,platform,1.2
2026-07-28,r-0030,Block storage,staging,platform,0.3288
2026-07-28,r-0031,Compute,staging,platform,1.2
2026-07-28,r-0032,Block storage,staging,platform,0.6576
2026-07-28,r-0033,Compute,staging,platform,1.2
2026-07-28,r-0034,Block storage,staging,platform,0.6576
2026-07-28,r-0035,Compute,staging,platform,1.2
2026-07-28,r-0036,Block storage,staging,platform,0.1644
2026-07-28,r-0037,Compute,staging,platform,1.2
2026-07-28,r-0038,Block storage,staging,platform,0.3288
2026-07-28,r-0039,Compute,development,invoicing,1.2
2026-07-28,r-0040,Block storage,development,invoicing,0.3288
2026-07-28,r-0041,Compute,development,invoicing,1.2
2026-07-28,r-0042,Block storage,development,invoicing,0.6576
2026-07-28,r-0043,Compute,development,invoicing,2.4
2026-07-28,r-0044,Block storage,development,invoicing,0.1644
2026-07-28,r-0045,Compute,development,invoicing,1.2
2026-07-28,r-0046,Block storage,development,invoicing,0.3288
2026-07-28,r-0047,Compute,development,invoicing,1.2
2026-07-28,r-0048,Block storage,development,invoicing,0.1644
2026-07-28,r-0049,Compute,development,invoicing,2.4
2026-07-28,r-0050,Block storage,development,invoicing,0.3288
2026-07-28,r-0051,Compute,development,payments,1.2
2026-07-28,r-0052,Block storage,development,payments,0.3288
2026-07-28,r-0053,Compute,development,payments,1.2
2026-07-28,r-0054,Block storage,development,payments,0.3288
2026-07-28,r-0055,Compute,development,payments,2.4
2026-07-28,r-0056,Block storage,development,payments,0.1644
2026-07-28,r-0057,Compute,development,payments,1.2
2026-07-28,r-0058,Block storage,development,payments,0.1644
2026-07-28,r-0059,Compute,development,payments,1.2
2026-07-28,r-0060,Block storage,development,payments,0.3288
2026-07-28,r-0061,Compute,development,payments,2.4
2026-07-28,r-0062,Block storage,development,payments,0.3288
2026-07-28,r-0063,Compute,development,,4.8
2026-07-28,r-0064,Block storage,development,,1.6438
2026-07-28,r-0065,Compute,,,2.4
2026-07-28,r-0066,Block storage,,,0.3288
2026-07-28,r-0067,Compute,development,,2.4
2026-07-28,r-0068,Block storage,development,,0.1644
2026-07-28,r-0070,Block storage,development,platform,0.3288
2026-07-28,r-0072,Block storage,development,,0.3288
2026-07-28,r-0074,Block storage,development,,0.1644
2026-07-28,r-0076,Block storage,development,,0.3288
2026-07-28,r-0077,Block storage,,,0.6576
2026-07-28,r-0078,Block storage,development,,3.2878
2026-07-28,r-0079,Block storage,development,platform,0.6576
2026-07-28,r-0080,Block storage,,,3.2878
2026-07-28,r-0081,Block storage,staging,,1.6438
2026-07-28,r-0082,Block storage,,,0.6576
2026-07-28,r-0083,Block storage,,,1.6438
2026-07-28,r-0084,Block storage,staging,,0.6576
2026-07-28,r-0085,Snapshots,production,,0.3288
2026-07-28,r-0086,Snapshots,development,platform,0.822
2026-07-28,r-0087,Snapshots,production,platform,0.3288
2026-07-28,r-0088,Snapshots,production,platform,0.1644
2026-07-28,r-0089,Snapshots,production,platform,0.3288
2026-07-28,r-0090,Snapshots,production,platform,0.1644
2026-07-28,r-0091,Snapshots,production,platform,0.1644
2026-07-28,r-0092,Snapshots,staging,platform,0.0821
2026-07-28,r-0093,Snapshots,development,platform,0.822
2026-07-28,r-0094,Snapshots,production,platform,0.3288
2026-07-28,r-0095,Snapshots,production,platform,0.822
2026-07-28,r-0096,Snapshots,staging,platform,0.1644
2026-07-28,r-0097,Snapshots,development,,0.0821
2026-07-28,r-0098,Snapshots,development,,0.3288
2026-07-28,r-0099,Snapshots,production,platform,0.3288
2026-07-28,r-0100,Snapshots,production,platform,0.0821
2026-07-28,r-0101,Snapshots,development,platform,0.3288
2026-07-28,r-0102,Snapshots,production,platform,0.0821
2026-07-28,r-0103,Snapshots,development,,0.822
2026-07-28,r-0104,Snapshots,development,,0.1644
2026-07-28,r-0105,Snapshots,staging,platform,0.0821
2026-07-28,r-0106,Snapshots,production,,0.3288
2026-07-28,r-0107,Snapshots,production,platform,0.1644
2026-07-28,r-0108,Snapshots,production,platform,0.0821
2026-07-28,r-0109,Snapshots,development,platform,0.3288
2026-07-28,r-0110,Snapshots,development,,0.0821
2026-07-28,r-0111,Snapshots,staging,,0.1644
2026-07-28,r-0112,Snapshots,production,platform,0.822
2026-07-28,r-0113,Snapshots,production,platform,0.1644
2026-07-28,r-0114,Snapshots,development,,0.1644
2026-07-28,r-0115,Snapshots,staging,,0.1644
2026-07-28,r-0116,Snapshots,staging,platform,0.0821
2026-07-28,r-0117,Snapshots,production,,0.1644
2026-07-28,r-0118,Snapshots,production,platform,0.1644
2026-07-28,r-0119,Snapshots,development,platform,0.0821
2026-07-28,r-0120,Snapshots,production,,0.822
2026-07-28,r-0121,Object storage,production,invoicing,1.361
2026-07-28,r-0122,Object storage,production,platform,3.0247
2026-07-28,r-0123,Object storage,production,marketing,0.0302
2026-07-28,r-0124,Object storage,production,,0.2647
2026-07-28,r-0125,Object storage,production,platform,1.8905
2026-07-28,r-0126,Object storage,development,,0.4536
2026-07-28,r-0127,Managed database,production,platform,10.8
2026-07-28,r-0128,Managed database,staging,platform,5.52
2026-07-28,r-0129,Load balancing,production,platform,0.6
2026-07-28,r-0130,Load balancing,staging,platform,0.6
2026-07-28,r-0131,Public IPs,,,0.12
2026-07-28,r-0132,Public IPs,,,0.12
2026-07-28,r-0133,Public IPs,,,0.12
2026-07-28,,Data transfer,production,platform,59.8225
2026-07-29,r-0001,Compute,production,platform,2.4
2026-07-29,r-0002,Block storage,production,platform,0.3288
2026-07-29,r-0003,Compute,production,platform,2.4
2026-07-29,r-0004,Block storage,production,platform,0.3288
2026-07-29,r-0005,Compute,production,platform,2.4
2026-07-29,r-0006,Block storage,production,platform,0.3288
2026-07-29,r-0007,Compute,production,platform,2.4
2026-07-29,r-0008,Block storage,production,platform,0.3288
2026-07-29,r-0009,Compute,production,platform,2.4
2026-07-29,r-0010,Block storage,production,platform,0.6576
2026-07-29,r-0011,Compute,production,platform,2.4
2026-07-29,r-0012,Block storage,production,platform,0.3288
2026-07-29,r-0013,Compute,production,platform,4.8
2026-07-29,r-0014,Block storage,production,platform,0.3288
2026-07-29,r-0015,Compute,production,platform,4.8
2026-07-29,r-0016,Block storage,production,platform,0.1644
2026-07-29,r-0017,Compute,production,platform,4.8
2026-07-29,r-0018,Block storage,production,platform,0.3288
2026-07-29,r-0019,Compute,production,platform,4.8
2026-07-29,r-0020,Block storage,production,platform,0.3288
2026-07-29,r-0021,Compute,production,invoicing,2.4
2026-07-29,r-0022,Block storage,production,invoicing,0.1644
2026-07-29,r-0023,Compute,production,invoicing,2.4
2026-07-29,r-0024,Block storage,production,invoicing,0.6576
2026-07-29,r-0025,Compute,production,invoicing,2.4
2026-07-29,r-0026,Block storage,production,invoicing,0.6576
2026-07-29,r-0027,Compute,staging,platform,1.2
2026-07-29,r-0028,Block storage,staging,platform,0.3288
2026-07-29,r-0029,Compute,staging,platform,1.2
2026-07-29,r-0030,Block storage,staging,platform,0.3288
2026-07-29,r-0031,Compute,staging,platform,1.2
2026-07-29,r-0032,Block storage,staging,platform,0.6576
2026-07-29,r-0033,Compute,staging,platform,1.2
2026-07-29,r-0034,Block storage,staging,platform,0.6576
2026-07-29,r-0035,Compute,staging,platform,1.2
2026-07-29,r-0036,Block storage,staging,platform,0.1644
2026-07-29,r-0037,Compute,staging,platform,1.2
2026-07-29,r-0038,Block storage,staging,platform,0.3288
2026-07-29,r-0039,Compute,development,invoicing,1.2
2026-07-29,r-0040,Block storage,development,invoicing,0.3288
2026-07-29,r-0041,Compute,development,invoicing,1.2
2026-07-29,r-0042,Block storage,development,invoicing,0.6576
2026-07-29,r-0043,Compute,development,invoicing,2.4
2026-07-29,r-0044,Block storage,development,invoicing,0.1644
2026-07-29,r-0045,Compute,development,invoicing,1.2
2026-07-29,r-0046,Block storage,development,invoicing,0.3288
2026-07-29,r-0047,Compute,development,invoicing,1.2
2026-07-29,r-0048,Block storage,development,invoicing,0.1644
2026-07-29,r-0049,Compute,development,invoicing,2.4
2026-07-29,r-0050,Block storage,development,invoicing,0.3288
2026-07-29,r-0051,Compute,development,payments,1.2
2026-07-29,r-0052,Block storage,development,payments,0.3288
2026-07-29,r-0053,Compute,development,payments,1.2
2026-07-29,r-0054,Block storage,development,payments,0.3288
2026-07-29,r-0055,Compute,development,payments,2.4
2026-07-29,r-0056,Block storage,development,payments,0.1644
2026-07-29,r-0057,Compute,development,payments,1.2
2026-07-29,r-0058,Block storage,development,payments,0.1644
2026-07-29,r-0059,Compute,development,payments,1.2
2026-07-29,r-0060,Block storage,development,payments,0.3288
2026-07-29,r-0061,Compute,development,payments,2.4
2026-07-29,r-0062,Block storage,development,payments,0.3288
2026-07-29,r-0063,Compute,development,,4.8
2026-07-29,r-0064,Block storage,development,,1.6438
2026-07-29,r-0065,Compute,,,2.4
2026-07-29,r-0066,Block storage,,,0.3288
2026-07-29,r-0067,Compute,development,,2.4
2026-07-29,r-0068,Block storage,development,,0.1644
2026-07-29,r-0070,Block storage,development,platform,0.3288
2026-07-29,r-0072,Block storage,development,,0.3288
2026-07-29,r-0074,Block storage,development,,0.1644
2026-07-29,r-0076,Block storage,development,,0.3288
2026-07-29,r-0077,Block storage,,,0.6576
2026-07-29,r-0078,Block storage,development,,3.2878
2026-07-29,r-0079,Block storage,development,platform,0.6576
2026-07-29,r-0080,Block storage,,,3.2878
2026-07-29,r-0081,Block storage,staging,,1.6438
2026-07-29,r-0082,Block storage,,,0.6576
2026-07-29,r-0083,Block storage,,,1.6438
2026-07-29,r-0084,Block storage,staging,,0.6576
2026-07-29,r-0085,Snapshots,production,,0.3288
2026-07-29,r-0086,Snapshots,development,platform,0.822
2026-07-29,r-0087,Snapshots,production,platform,0.3288
2026-07-29,r-0088,Snapshots,production,platform,0.1644
2026-07-29,r-0089,Snapshots,production,platform,0.3288
2026-07-29,r-0090,Snapshots,production,platform,0.1644
2026-07-29,r-0091,Snapshots,production,platform,0.1644
2026-07-29,r-0092,Snapshots,staging,platform,0.0821
2026-07-29,r-0093,Snapshots,development,platform,0.822
2026-07-29,r-0094,Snapshots,production,platform,0.3288
2026-07-29,r-0095,Snapshots,production,platform,0.822
2026-07-29,r-0096,Snapshots,staging,platform,0.1644
2026-07-29,r-0097,Snapshots,development,,0.0821
2026-07-29,r-0098,Snapshots,development,,0.3288
2026-07-29,r-0099,Snapshots,production,platform,0.3288
2026-07-29,r-0100,Snapshots,production,platform,0.0821
2026-07-29,r-0101,Snapshots,development,platform,0.3288
2026-07-29,r-0102,Snapshots,production,platform,0.0821
2026-07-29,r-0103,Snapshots,development,,0.822
2026-07-29,r-0104,Snapshots,development,,0.1644
2026-07-29,r-0105,Snapshots,staging,platform,0.0821
2026-07-29,r-0106,Snapshots,production,,0.3288
2026-07-29,r-0107,Snapshots,production,platform,0.1644
2026-07-29,r-0108,Snapshots,production,platform,0.0821
2026-07-29,r-0109,Snapshots,development,platform,0.3288
2026-07-29,r-0110,Snapshots,development,,0.0821
2026-07-29,r-0111,Snapshots,staging,,0.1644
2026-07-29,r-0112,Snapshots,production,platform,0.822
2026-07-29,r-0113,Snapshots,production,platform,0.1644
2026-07-29,r-0114,Snapshots,development,,0.1644
2026-07-29,r-0115,Snapshots,staging,,0.1644
2026-07-29,r-0116,Snapshots,staging,platform,0.0821
2026-07-29,r-0117,Snapshots,production,,0.1644
2026-07-29,r-0118,Snapshots,production,platform,0.1644
2026-07-29,r-0119,Snapshots,development,platform,0.0821
2026-07-29,r-0120,Snapshots,production,,0.822
2026-07-29,r-0121,Object storage,production,invoicing,1.361
2026-07-29,r-0122,Object storage,production,platform,3.0247
2026-07-29,r-0123,Object storage,production,marketing,0.0302
2026-07-29,r-0124,Object storage,production,,0.2647
2026-07-29,r-0125,Object storage,production,platform,1.8905
2026-07-29,r-0126,Object storage,development,,0.4536
2026-07-29,r-0127,Managed database,production,platform,10.8
2026-07-29,r-0128,Managed database,staging,platform,5.52
2026-07-29,r-0129,Load balancing,production,platform,0.6
2026-07-29,r-0130,Load balancing,staging,platform,0.6
2026-07-29,r-0131,Public IPs,,,0.12
2026-07-29,r-0132,Public IPs,,,0.12
2026-07-29,r-0133,Public IPs,,,0.12
2026-07-29,,Data transfer,production,platform,35.0003
2026-07-30,r-0001,Compute,production,platform,2.4
2026-07-30,r-0002,Block storage,production,platform,0.3288
2026-07-30,r-0003,Compute,production,platform,2.4
2026-07-30,r-0004,Block storage,production,platform,0.3288
2026-07-30,r-0005,Compute,production,platform,2.4
2026-07-30,r-0006,Block storage,production,platform,0.3288
2026-07-30,r-0007,Compute,production,platform,2.4
2026-07-30,r-0008,Block storage,production,platform,0.3288
2026-07-30,r-0009,Compute,production,platform,2.4
2026-07-30,r-0010,Block storage,production,platform,0.6576
2026-07-30,r-0011,Compute,production,platform,2.4
2026-07-30,r-0012,Block storage,production,platform,0.3288
2026-07-30,r-0013,Compute,production,platform,4.8
2026-07-30,r-0014,Block storage,production,platform,0.3288
2026-07-30,r-0015,Compute,production,platform,4.8
2026-07-30,r-0016,Block storage,production,platform,0.1644
2026-07-30,r-0017,Compute,production,platform,4.8
2026-07-30,r-0018,Block storage,production,platform,0.3288
2026-07-30,r-0019,Compute,production,platform,4.8
2026-07-30,r-0020,Block storage,production,platform,0.3288
2026-07-30,r-0021,Compute,production,invoicing,2.4
2026-07-30,r-0022,Block storage,production,invoicing,0.1644
2026-07-30,r-0023,Compute,production,invoicing,2.4
2026-07-30,r-0024,Block storage,production,invoicing,0.6576
2026-07-30,r-0025,Compute,production,invoicing,2.4
2026-07-30,r-0026,Block storage,production,invoicing,0.6576
2026-07-30,r-0027,Compute,staging,platform,1.2
2026-07-30,r-0028,Block storage,staging,platform,0.3288
2026-07-30,r-0029,Compute,staging,platform,1.2
2026-07-30,r-0030,Block storage,staging,platform,0.3288
2026-07-30,r-0031,Compute,staging,platform,1.2
2026-07-30,r-0032,Block storage,staging,platform,0.6576
2026-07-30,r-0033,Compute,staging,platform,1.2
2026-07-30,r-0034,Block storage,staging,platform,0.6576
2026-07-30,r-0035,Compute,staging,platform,1.2
2026-07-30,r-0036,Block storage,staging,platform,0.1644
2026-07-30,r-0037,Compute,staging,platform,1.2
2026-07-30,r-0038,Block storage,staging,platform,0.3288
2026-07-30,r-0039,Compute,development,invoicing,1.2
2026-07-30,r-0040,Block storage,development,invoicing,0.3288
2026-07-30,r-0041,Compute,development,invoicing,1.2
2026-07-30,r-0042,Block storage,development,invoicing,0.6576
2026-07-30,r-0043,Compute,development,invoicing,2.4
2026-07-30,r-0044,Block storage,development,invoicing,0.1644
2026-07-30,r-0045,Compute,development,invoicing,1.2
2026-07-30,r-0046,Block storage,development,invoicing,0.3288
2026-07-30,r-0047,Compute,development,invoicing,1.2
2026-07-30,r-0048,Block storage,development,invoicing,0.1644
2026-07-30,r-0049,Compute,development,invoicing,2.4
2026-07-30,r-0050,Block storage,development,invoicing,0.3288
2026-07-30,r-0051,Compute,development,payments,1.2
2026-07-30,r-0052,Block storage,development,payments,0.3288
2026-07-30,r-0053,Compute,development,payments,1.2
2026-07-30,r-0054,Block storage,development,payments,0.3288
2026-07-30,r-0055,Compute,development,payments,2.4
2026-07-30,r-0056,Block storage,development,payments,0.1644
2026-07-30,r-0057,Compute,development,payments,1.2
2026-07-30,r-0058,Block storage,development,payments,0.1644
2026-07-30,r-0059,Compute,development,payments,1.2
2026-07-30,r-0060,Block storage,development,payments,0.3288
2026-07-30,r-0061,Compute,development,payments,2.4
2026-07-30,r-0062,Block storage,development,payments,0.3288
2026-07-30,r-0063,Compute,development,,4.8
2026-07-30,r-0064,Block storage,development,,1.6438
2026-07-30,r-0065,Compute,,,2.4
2026-07-30,r-0066,Block storage,,,0.3288
2026-07-30,r-0067,Compute,development,,2.4
2026-07-30,r-0068,Block storage,development,,0.1644
2026-07-30,r-0070,Block storage,development,platform,0.3288
2026-07-30,r-0072,Block storage,development,,0.3288
2026-07-30,r-0074,Block storage,development,,0.1644
2026-07-30,r-0076,Block storage,development,,0.3288
2026-07-30,r-0077,Block storage,,,0.6576
2026-07-30,r-0078,Block storage,development,,3.2878
2026-07-30,r-0079,Block storage,development,platform,0.6576
2026-07-30,r-0080,Block storage,,,3.2878
2026-07-30,r-0081,Block storage,staging,,1.6438
2026-07-30,r-0082,Block storage,,,0.6576
2026-07-30,r-0083,Block storage,,,1.6438
2026-07-30,r-0084,Block storage,staging,,0.6576
2026-07-30,r-0085,Snapshots,production,,0.3288
2026-07-30,r-0086,Snapshots,development,platform,0.822
2026-07-30,r-0087,Snapshots,production,platform,0.3288
2026-07-30,r-0088,Snapshots,production,platform,0.1644
2026-07-30,r-0089,Snapshots,production,platform,0.3288
2026-07-30,r-0090,Snapshots,production,platform,0.1644
2026-07-30,r-0091,Snapshots,production,platform,0.1644
2026-07-30,r-0092,Snapshots,staging,platform,0.0821
2026-07-30,r-0093,Snapshots,development,platform,0.822
2026-07-30,r-0094,Snapshots,production,platform,0.3288
2026-07-30,r-0095,Snapshots,production,platform,0.822
2026-07-30,r-0096,Snapshots,staging,platform,0.1644
2026-07-30,r-0097,Snapshots,development,,0.0821
2026-07-30,r-0098,Snapshots,development,,0.3288
2026-07-30,r-0099,Snapshots,production,platform,0.3288
2026-07-30,r-0100,Snapshots,production,platform,0.0821
2026-07-30,r-0101,Snapshots,development,platform,0.3288
2026-07-30,r-0102,Snapshots,production,platform,0.0821
2026-07-30,r-0103,Snapshots,development,,0.822
2026-07-30,r-0104,Snapshots,development,,0.1644
2026-07-30,r-0105,Snapshots,staging,platform,0.0821
2026-07-30,r-0106,Snapshots,production,,0.3288
2026-07-30,r-0107,Snapshots,production,platform,0.1644
2026-07-30,r-0108,Snapshots,production,platform,0.0821
2026-07-30,r-0109,Snapshots,development,platform,0.3288
2026-07-30,r-0110,Snapshots,development,,0.0821
2026-07-30,r-0111,Snapshots,staging,,0.1644
2026-07-30,r-0112,Snapshots,production,platform,0.822
2026-07-30,r-0113,Snapshots,production,platform,0.1644
2026-07-30,r-0114,Snapshots,development,,0.1644
2026-07-30,r-0115,Snapshots,staging,,0.1644
2026-07-30,r-0116,Snapshots,staging,platform,0.0821
2026-07-30,r-0117,Snapshots,production,,0.1644
2026-07-30,r-0118,Snapshots,production,platform,0.1644
2026-07-30,r-0119,Snapshots,development,platform,0.0821
2026-07-30,r-0120,Snapshots,production,,0.822
2026-07-30,r-0121,Object storage,production,invoicing,1.361
2026-07-30,r-0122,Object storage,production,platform,3.0247
2026-07-30,r-0123,Object storage,production,marketing,0.0302
2026-07-30,r-0124,Object storage,production,,0.2647
2026-07-30,r-0125,Object storage,production,platform,1.8905
2026-07-30,r-0126,Object storage,development,,0.4536
2026-07-30,r-0127,Managed database,production,platform,10.8
2026-07-30,r-0128,Managed database,staging,platform,5.52
2026-07-30,r-0129,Load balancing,production,platform,0.6
2026-07-30,r-0130,Load balancing,staging,platform,0.6
2026-07-30,r-0131,Public IPs,,,0.12
2026-07-30,r-0132,Public IPs,,,0.12
2026-07-30,r-0133,Public IPs,,,0.12
2026-07-30,,Data transfer,production,platform,63.6512
2026-07-31,r-0001,Compute,production,platform,2.4
2026-07-31,r-0002,Block storage,production,platform,0.3288
2026-07-31,r-0003,Compute,production,platform,2.4
2026-07-31,r-0004,Block storage,production,platform,0.3288
2026-07-31,r-0005,Compute,production,platform,2.4
2026-07-31,r-0006,Block storage,production,platform,0.3288
2026-07-31,r-0007,Compute,production,platform,2.4
2026-07-31,r-0008,Block storage,production,platform,0.3288
2026-07-31,r-0009,Compute,production,platform,2.4
2026-07-31,r-0010,Block storage,production,platform,0.6576
2026-07-31,r-0011,Compute,production,platform,2.4
2026-07-31,r-0012,Block storage,production,platform,0.3288
2026-07-31,r-0013,Compute,production,platform,4.8
2026-07-31,r-0014,Block storage,production,platform,0.3288
2026-07-31,r-0015,Compute,production,platform,4.8
2026-07-31,r-0016,Block storage,production,platform,0.1644
2026-07-31,r-0017,Compute,production,platform,4.8
2026-07-31,r-0018,Block storage,production,platform,0.3288
2026-07-31,r-0019,Compute,production,platform,4.8
2026-07-31,r-0020,Block storage,production,platform,0.3288
2026-07-31,r-0021,Compute,production,invoicing,2.4
2026-07-31,r-0022,Block storage,production,invoicing,0.1644
2026-07-31,r-0023,Compute,production,invoicing,2.4
2026-07-31,r-0024,Block storage,production,invoicing,0.6576
2026-07-31,r-0025,Compute,production,invoicing,2.4
2026-07-31,r-0026,Block storage,production,invoicing,0.6576
2026-07-31,r-0027,Compute,staging,platform,1.2
2026-07-31,r-0028,Block storage,staging,platform,0.3288
2026-07-31,r-0029,Compute,staging,platform,1.2
2026-07-31,r-0030,Block storage,staging,platform,0.3288
2026-07-31,r-0031,Compute,staging,platform,1.2
2026-07-31,r-0032,Block storage,staging,platform,0.6576
2026-07-31,r-0033,Compute,staging,platform,1.2
2026-07-31,r-0034,Block storage,staging,platform,0.6576
2026-07-31,r-0035,Compute,staging,platform,1.2
2026-07-31,r-0036,Block storage,staging,platform,0.1644
2026-07-31,r-0037,Compute,staging,platform,1.2
2026-07-31,r-0038,Block storage,staging,platform,0.3288
2026-07-31,r-0039,Compute,development,invoicing,1.2
2026-07-31,r-0040,Block storage,development,invoicing,0.3288
2026-07-31,r-0041,Compute,development,invoicing,1.2
2026-07-31,r-0042,Block storage,development,invoicing,0.6576
2026-07-31,r-0043,Compute,development,invoicing,2.4
2026-07-31,r-0044,Block storage,development,invoicing,0.1644
2026-07-31,r-0045,Compute,development,invoicing,1.2
2026-07-31,r-0046,Block storage,development,invoicing,0.3288
2026-07-31,r-0047,Compute,development,invoicing,1.2
2026-07-31,r-0048,Block storage,development,invoicing,0.1644
2026-07-31,r-0049,Compute,development,invoicing,2.4
2026-07-31,r-0050,Block storage,development,invoicing,0.3288
2026-07-31,r-0051,Compute,development,payments,1.2
2026-07-31,r-0052,Block storage,development,payments,0.3288
2026-07-31,r-0053,Compute,development,payments,1.2
2026-07-31,r-0054,Block storage,development,payments,0.3288
2026-07-31,r-0055,Compute,development,payments,2.4
2026-07-31,r-0056,Block storage,development,payments,0.1644
2026-07-31,r-0057,Compute,development,payments,1.2
2026-07-31,r-0058,Block storage,development,payments,0.1644
2026-07-31,r-0059,Compute,development,payments,1.2
2026-07-31,r-0060,Block storage,development,payments,0.3288
2026-07-31,r-0061,Compute,development,payments,2.4
2026-07-31,r-0062,Block storage,development,payments,0.3288
2026-07-31,r-0063,Compute,development,,4.8
2026-07-31,r-0064,Block storage,development,,1.6438
2026-07-31,r-0065,Compute,,,2.4
2026-07-31,r-0066,Block storage,,,0.3288
2026-07-31,r-0067,Compute,development,,2.4
2026-07-31,r-0068,Block storage,development,,0.1644
2026-07-31,r-0070,Block storage,development,platform,0.3288
2026-07-31,r-0072,Block storage,development,,0.3288
2026-07-31,r-0074,Block storage,development,,0.1644
2026-07-31,r-0076,Block storage,development,,0.3288
2026-07-31,r-0077,Block storage,,,0.6576
2026-07-31,r-0078,Block storage,development,,3.2878
2026-07-31,r-0079,Block storage,development,platform,0.6576
2026-07-31,r-0080,Block storage,,,3.2878
2026-07-31,r-0081,Block storage,staging,,1.6438
2026-07-31,r-0082,Block storage,,,0.6576
2026-07-31,r-0083,Block storage,,,1.6438
2026-07-31,r-0084,Block storage,staging,,0.6576
2026-07-31,r-0085,Snapshots,production,,0.3288
2026-07-31,r-0086,Snapshots,development,platform,0.822
2026-07-31,r-0087,Snapshots,production,platform,0.3288
2026-07-31,r-0088,Snapshots,production,platform,0.1644
2026-07-31,r-0089,Snapshots,production,platform,0.3288
2026-07-31,r-0090,Snapshots,production,platform,0.1644
2026-07-31,r-0091,Snapshots,production,platform,0.1644
2026-07-31,r-0092,Snapshots,staging,platform,0.0821
2026-07-31,r-0093,Snapshots,development,platform,0.822
2026-07-31,r-0094,Snapshots,production,platform,0.3288
2026-07-31,r-0095,Snapshots,production,platform,0.822
2026-07-31,r-0096,Snapshots,staging,platform,0.1644
2026-07-31,r-0097,Snapshots,development,,0.0821
2026-07-31,r-0098,Snapshots,development,,0.3288
2026-07-31,r-0099,Snapshots,production,platform,0.3288
2026-07-31,r-0100,Snapshots,production,platform,0.0821
2026-07-31,r-0101,Snapshots,development,platform,0.3288
2026-07-31,r-0102,Snapshots,production,platform,0.0821
2026-07-31,r-0103,Snapshots,development,,0.822
2026-07-31,r-0104,Snapshots,development,,0.1644
2026-07-31,r-0105,Snapshots,staging,platform,0.0821
2026-07-31,r-0106,Snapshots,production,,0.3288
2026-07-31,r-0107,Snapshots,production,platform,0.1644
2026-07-31,r-0108,Snapshots,production,platform,0.0821
2026-07-31,r-0109,Snapshots,development,platform,0.3288
2026-07-31,r-0110,Snapshots,development,,0.0821
2026-07-31,r-0111,Snapshots,staging,,0.1644
2026-07-31,r-0112,Snapshots,production,platform,0.822
2026-07-31,r-0113,Snapshots,production,platform,0.1644
2026-07-31,r-0114,Snapshots,development,,0.1644
2026-07-31,r-0115,Snapshots,staging,,0.1644
2026-07-31,r-0116,Snapshots,staging,platform,0.0821
2026-07-31,r-0117,Snapshots,production,,0.1644
2026-07-31,r-0118,Snapshots,production,platform,0.1644
2026-07-31,r-0119,Snapshots,development,platform,0.0821
2026-07-31,r-0120,Snapshots,production,,0.822
2026-07-31,r-0121,Object storage,production,invoicing,1.361
2026-07-31,r-0122,Object storage,production,platform,3.0247
2026-07-31,r-0123,Object storage,production,marketing,0.0302
2026-07-31,r-0124,Object storage,production,,0.2647
2026-07-31,r-0125,Object storage,production,platform,1.8905
2026-07-31,r-0126,Object storage,development,,0.4536
2026-07-31,r-0127,Managed database,production,platform,10.8
2026-07-31,r-0128,Managed database,staging,platform,5.52
2026-07-31,r-0129,Load balancing,production,platform,0.6
2026-07-31,r-0130,Load balancing,staging,platform,0.6
2026-07-31,r-0131,Public IPs,,,0.12
2026-07-31,r-0132,Public IPs,,,0.12
2026-07-31,r-0133,Public IPs,,,0.12
2026-07-31,,Data transfer,production,platform,58.2169
2026-08-01,r-0001,Compute,production,platform,2.4
2026-08-01,r-0002,Block storage,production,platform,0.3288
2026-08-01,r-0003,Compute,production,platform,2.4
2026-08-01,r-0004,Block storage,production,platform,0.3288
2026-08-01,r-0005,Compute,production,platform,2.4
2026-08-01,r-0006,Block storage,production,platform,0.3288
2026-08-01,r-0007,Compute,production,platform,2.4
2026-08-01,r-0008,Block storage,production,platform,0.3288
2026-08-01,r-0009,Compute,production,platform,2.4
2026-08-01,r-0010,Block storage,production,platform,0.6576
2026-08-01,r-0011,Compute,production,platform,2.4
2026-08-01,r-0012,Block storage,production,platform,0.3288
2026-08-01,r-0013,Compute,production,platform,4.8
2026-08-01,r-0014,Block storage,production,platform,0.3288
2026-08-01,r-0015,Compute,production,platform,4.8
2026-08-01,r-0016,Block storage,production,platform,0.1644
2026-08-01,r-0017,Compute,production,platform,4.8
2026-08-01,r-0018,Block storage,production,platform,0.3288
2026-08-01,r-0019,Compute,production,platform,4.8
2026-08-01,r-0020,Block storage,production,platform,0.3288
2026-08-01,r-0021,Compute,production,invoicing,2.4
2026-08-01,r-0022,Block storage,production,invoicing,0.1644
2026-08-01,r-0023,Compute,production,invoicing,2.4
2026-08-01,r-0024,Block storage,production,invoicing,0.6576
2026-08-01,r-0025,Compute,production,invoicing,2.4
2026-08-01,r-0026,Block storage,production,invoicing,0.6576
2026-08-01,r-0027,Compute,staging,platform,1.2
2026-08-01,r-0028,Block storage,staging,platform,0.3288
2026-08-01,r-0029,Compute,staging,platform,1.2
2026-08-01,r-0030,Block storage,staging,platform,0.3288
2026-08-01,r-0031,Compute,staging,platform,1.2
2026-08-01,r-0032,Block storage,staging,platform,0.6576
2026-08-01,r-0033,Compute,staging,platform,1.2
2026-08-01,r-0034,Block storage,staging,platform,0.6576
2026-08-01,r-0035,Compute,staging,platform,1.2
2026-08-01,r-0036,Block storage,staging,platform,0.1644
2026-08-01,r-0037,Compute,staging,platform,1.2
2026-08-01,r-0038,Block storage,staging,platform,0.3288
2026-08-01,r-0039,Compute,development,invoicing,1.2
2026-08-01,r-0040,Block storage,development,invoicing,0.3288
2026-08-01,r-0041,Compute,development,invoicing,1.2
2026-08-01,r-0042,Block storage,development,invoicing,0.6576
2026-08-01,r-0043,Compute,development,invoicing,2.4
2026-08-01,r-0044,Block storage,development,invoicing,0.1644
2026-08-01,r-0045,Compute,development,invoicing,1.2
2026-08-01,r-0046,Block storage,development,invoicing,0.3288
2026-08-01,r-0047,Compute,development,invoicing,1.2
2026-08-01,r-0048,Block storage,development,invoicing,0.1644
2026-08-01,r-0049,Compute,development,invoicing,2.4
2026-08-01,r-0050,Block storage,development,invoicing,0.3288
2026-08-01,r-0051,Compute,development,payments,1.2
2026-08-01,r-0052,Block storage,development,payments,0.3288
2026-08-01,r-0053,Compute,development,payments,1.2
2026-08-01,r-0054,Block storage,development,payments,0.3288
2026-08-01,r-0055,Compute,development,payments,2.4
2026-08-01,r-0056,Block storage,development,payments,0.1644
2026-08-01,r-0057,Compute,development,payments,1.2
2026-08-01,r-0058,Block storage,development,payments,0.1644
2026-08-01,r-0059,Compute,development,payments,1.2
2026-08-01,r-0060,Block storage,development,payments,0.3288
2026-08-01,r-0061,Compute,development,payments,2.4
2026-08-01,r-0062,Block storage,development,payments,0.3288
2026-08-01,r-0063,Compute,development,,4.8
2026-08-01,r-0064,Block storage,development,,1.6438
2026-08-01,r-0065,Compute,,,2.4
2026-08-01,r-0066,Block storage,,,0.3288
2026-08-01,r-0067,Compute,development,,2.4
2026-08-01,r-0068,Block storage,development,,0.1644
2026-08-01,r-0070,Block storage,development,platform,0.3288
2026-08-01,r-0072,Block storage,development,,0.3288
2026-08-01,r-0074,Block storage,development,,0.1644
2026-08-01,r-0076,Block storage,development,,0.3288
2026-08-01,r-0077,Block storage,,,0.6576
2026-08-01,r-0078,Block storage,development,,3.2878
2026-08-01,r-0079,Block storage,development,platform,0.6576
2026-08-01,r-0080,Block storage,,,3.2878
2026-08-01,r-0081,Block storage,staging,,1.6438
2026-08-01,r-0082,Block storage,,,0.6576
2026-08-01,r-0083,Block storage,,,1.6438
2026-08-01,r-0084,Block storage,staging,,0.6576
2026-08-01,r-0085,Snapshots,production,,0.3288
2026-08-01,r-0086,Snapshots,development,platform,0.822
2026-08-01,r-0087,Snapshots,production,platform,0.3288
2026-08-01,r-0088,Snapshots,production,platform,0.1644
2026-08-01,r-0089,Snapshots,production,platform,0.3288
2026-08-01,r-0090,Snapshots,production,platform,0.1644
2026-08-01,r-0091,Snapshots,production,platform,0.1644
2026-08-01,r-0092,Snapshots,staging,platform,0.0821
2026-08-01,r-0093,Snapshots,development,platform,0.822
2026-08-01,r-0094,Snapshots,production,platform,0.3288
2026-08-01,r-0095,Snapshots,production,platform,0.822
2026-08-01,r-0096,Snapshots,staging,platform,0.1644
2026-08-01,r-0097,Snapshots,development,,0.0821
2026-08-01,r-0098,Snapshots,development,,0.3288
2026-08-01,r-0099,Snapshots,production,platform,0.3288
2026-08-01,r-0100,Snapshots,production,platform,0.0821
2026-08-01,r-0101,Snapshots,development,platform,0.3288
2026-08-01,r-0102,Snapshots,production,platform,0.0821
2026-08-01,r-0103,Snapshots,development,,0.822
2026-08-01,r-0104,Snapshots,development,,0.1644
2026-08-01,r-0105,Snapshots,staging,platform,0.0821
2026-08-01,r-0106,Snapshots,production,,0.3288
2026-08-01,r-0107,Snapshots,production,platform,0.1644
2026-08-01,r-0108,Snapshots,production,platform,0.0821
2026-08-01,r-0109,Snapshots,development,platform,0.3288
2026-08-01,r-0110,Snapshots,development,,0.0821
2026-08-01,r-0111,Snapshots,staging,,0.1644
2026-08-01,r-0112,Snapshots,production,platform,0.822
2026-08-01,r-0113,Snapshots,production,platform,0.1644
2026-08-01,r-0114,Snapshots,development,,0.1644
2026-08-01,r-0115,Snapshots,staging,,0.1644
2026-08-01,r-0116,Snapshots,staging,platform,0.0821
2026-08-01,r-0117,Snapshots,production,,0.1644
2026-08-01,r-0118,Snapshots,production,platform,0.1644
2026-08-01,r-0119,Snapshots,development,platform,0.0821
2026-08-01,r-0120,Snapshots,production,,0.822
2026-08-01,r-0121,Object storage,production,invoicing,1.361
2026-08-01,r-0122,Object storage,production,platform,3.0247
2026-08-01,r-0123,Object storage,production,marketing,0.0302
2026-08-01,r-0124,Object storage,production,,0.2647
2026-08-01,r-0125,Object storage,production,platform,1.8905
2026-08-01,r-0126,Object storage,development,,0.4536
2026-08-01,r-0127,Managed database,production,platform,10.8
2026-08-01,r-0128,Managed database,staging,platform,5.52
2026-08-01,r-0129,Load balancing,production,platform,0.6
2026-08-01,r-0130,Load balancing,staging,platform,0.6
2026-08-01,r-0131,Public IPs,,,0.12
2026-08-01,r-0132,Public IPs,,,0.12
2026-08-01,r-0133,Public IPs,,,0.12
2026-08-01,,Data transfer,production,platform,42.2913
2026-08-02,r-0001,Compute,production,platform,2.4
2026-08-02,r-0002,Block storage,production,platform,0.3288
2026-08-02,r-0003,Compute,production,platform,2.4
2026-08-02,r-0004,Block storage,production,platform,0.3288
2026-08-02,r-0005,Compute,production,platform,2.4
2026-08-02,r-0006,Block storage,production,platform,0.3288
2026-08-02,r-0007,Compute,production,platform,2.4
2026-08-02,r-0008,Block storage,production,platform,0.3288
2026-08-02,r-0009,Compute,production,platform,2.4
2026-08-02,r-0010,Block storage,production,platform,0.6576
2026-08-02,r-0011,Compute,production,platform,2.4
2026-08-02,r-0012,Block storage,production,platform,0.3288
2026-08-02,r-0013,Compute,production,platform,4.8
2026-08-02,r-0014,Block storage,production,platform,0.3288
2026-08-02,r-0015,Compute,production,platform,4.8
2026-08-02,r-0016,Block storage,production,platform,0.1644
2026-08-02,r-0017,Compute,production,platform,4.8
2026-08-02,r-0018,Block storage,production,platform,0.3288
2026-08-02,r-0019,Compute,production,platform,4.8
2026-08-02,r-0020,Block storage,production,platform,0.3288
2026-08-02,r-0021,Compute,production,invoicing,2.4
2026-08-02,r-0022,Block storage,production,invoicing,0.1644
2026-08-02,r-0023,Compute,production,invoicing,2.4
2026-08-02,r-0024,Block storage,production,invoicing,0.6576
2026-08-02,r-0025,Compute,production,invoicing,2.4
2026-08-02,r-0026,Block storage,production,invoicing,0.6576
2026-08-02,r-0027,Compute,staging,platform,1.2
2026-08-02,r-0028,Block storage,staging,platform,0.3288
2026-08-02,r-0029,Compute,staging,platform,1.2
2026-08-02,r-0030,Block storage,staging,platform,0.3288
2026-08-02,r-0031,Compute,staging,platform,1.2
2026-08-02,r-0032,Block storage,staging,platform,0.6576
2026-08-02,r-0033,Compute,staging,platform,1.2
2026-08-02,r-0034,Block storage,staging,platform,0.6576
2026-08-02,r-0035,Compute,staging,platform,1.2
2026-08-02,r-0036,Block storage,staging,platform,0.1644
2026-08-02,r-0037,Compute,staging,platform,1.2
2026-08-02,r-0038,Block storage,staging,platform,0.3288
2026-08-02,r-0039,Compute,development,invoicing,1.2
2026-08-02,r-0040,Block storage,development,invoicing,0.3288
2026-08-02,r-0041,Compute,development,invoicing,1.2
2026-08-02,r-0042,Block storage,development,invoicing,0.6576
2026-08-02,r-0043,Compute,development,invoicing,2.4
2026-08-02,r-0044,Block storage,development,invoicing,0.1644
2026-08-02,r-0045,Compute,development,invoicing,1.2
2026-08-02,r-0046,Block storage,development,invoicing,0.3288
2026-08-02,r-0047,Compute,development,invoicing,1.2
2026-08-02,r-0048,Block storage,development,invoicing,0.1644
2026-08-02,r-0049,Compute,development,invoicing,2.4
2026-08-02,r-0050,Block storage,development,invoicing,0.3288
2026-08-02,r-0051,Compute,development,payments,1.2
2026-08-02,r-0052,Block storage,development,payments,0.3288
2026-08-02,r-0053,Compute,development,payments,1.2
2026-08-02,r-0054,Block storage,development,payments,0.3288
2026-08-02,r-0055,Compute,development,payments,2.4
2026-08-02,r-0056,Block storage,development,payments,0.1644
2026-08-02,r-0057,Compute,development,payments,1.2
2026-08-02,r-0058,Block storage,development,payments,0.1644
2026-08-02,r-0059,Compute,development,payments,1.2
2026-08-02,r-0060,Block storage,development,payments,0.3288
2026-08-02,r-0061,Compute,development,payments,2.4
2026-08-02,r-0062,Block storage,development,payments,0.3288
2026-08-02,r-0063,Compute,development,,4.8
2026-08-02,r-0064,Block storage,development,,1.6438
2026-08-02,r-0065,Compute,,,2.4
2026-08-02,r-0066,Block storage,,,0.3288
2026-08-02,r-0067,Compute,development,,2.4
2026-08-02,r-0068,Block storage,development,,0.1644
2026-08-02,r-0070,Block storage,development,platform,0.3288
2026-08-02,r-0072,Block storage,development,,0.3288
2026-08-02,r-0074,Block storage,development,,0.1644
2026-08-02,r-0076,Block storage,development,,0.3288
2026-08-02,r-0077,Block storage,,,0.6576
2026-08-02,r-0078,Block storage,development,,3.2878
2026-08-02,r-0079,Block storage,development,platform,0.6576
2026-08-02,r-0080,Block storage,,,3.2878
2026-08-02,r-0081,Block storage,staging,,1.6438
2026-08-02,r-0082,Block storage,,,0.6576
2026-08-02,r-0083,Block storage,,,1.6438
2026-08-02,r-0084,Block storage,staging,,0.6576
2026-08-02,r-0085,Snapshots,production,,0.3288
2026-08-02,r-0086,Snapshots,development,platform,0.822
2026-08-02,r-0087,Snapshots,production,platform,0.3288
2026-08-02,r-0088,Snapshots,production,platform,0.1644
2026-08-02,r-0089,Snapshots,production,platform,0.3288
2026-08-02,r-0090,Snapshots,production,platform,0.1644
2026-08-02,r-0091,Snapshots,production,platform,0.1644
2026-08-02,r-0092,Snapshots,staging,platform,0.0821
2026-08-02,r-0093,Snapshots,development,platform,0.822
2026-08-02,r-0094,Snapshots,production,platform,0.3288
2026-08-02,r-0095,Snapshots,production,platform,0.822
2026-08-02,r-0096,Snapshots,staging,platform,0.1644
2026-08-02,r-0097,Snapshots,development,,0.0821
2026-08-02,r-0098,Snapshots,development,,0.3288
2026-08-02,r-0099,Snapshots,production,platform,0.3288
2026-08-02,r-0100,Snapshots,production,platform,0.0821
2026-08-02,r-0101,Snapshots,development,platform,0.3288
2026-08-02,r-0102,Snapshots,production,platform,0.0821
2026-08-02,r-0103,Snapshots,development,,0.822
2026-08-02,r-0104,Snapshots,development,,0.1644
2026-08-02,r-0105,Snapshots,staging,platform,0.0821
2026-08-02,r-0106,Snapshots,production,,0.3288
2026-08-02,r-0107,Snapshots,production,platform,0.1644
2026-08-02,r-0108,Snapshots,production,platform,0.0821
2026-08-02,r-0109,Snapshots,development,platform,0.3288
2026-08-02,r-0110,Snapshots,development,,0.0821
2026-08-02,r-0111,Snapshots,staging,,0.1644
2026-08-02,r-0112,Snapshots,production,platform,0.822
2026-08-02,r-0113,Snapshots,production,platform,0.1644
2026-08-02,r-0114,Snapshots,development,,0.1644
2026-08-02,r-0115,Snapshots,staging,,0.1644
2026-08-02,r-0116,Snapshots,staging,platform,0.0821
2026-08-02,r-0117,Snapshots,production,,0.1644
2026-08-02,r-0118,Snapshots,production,platform,0.1644
2026-08-02,r-0119,Snapshots,development,platform,0.0821
2026-08-02,r-0120,Snapshots,production,,0.822
2026-08-02,r-0121,Object storage,production,invoicing,1.361
2026-08-02,r-0122,Object storage,production,platform,3.0247
2026-08-02,r-0123,Object storage,production,marketing,0.0302
2026-08-02,r-0124,Object storage,production,,0.2647
2026-08-02,r-0125,Object storage,production,platform,1.8905
2026-08-02,r-0126,Object storage,development,,0.4536
2026-08-02,r-0127,Managed database,production,platform,10.8
2026-08-02,r-0128,Managed database,staging,platform,5.52
2026-08-02,r-0129,Load balancing,production,platform,0.6
2026-08-02,r-0130,Load balancing,staging,platform,0.6
2026-08-02,r-0131,Public IPs,,,0.12
2026-08-02,r-0132,Public IPs,,,0.12
2026-08-02,r-0133,Public IPs,,,0.12
2026-08-02,,Data transfer,production,platform,39.3086
2026-08-03,r-0001,Compute,production,platform,2.4
2026-08-03,r-0002,Block storage,production,platform,0.3288
2026-08-03,r-0003,Compute,production,platform,2.4
2026-08-03,r-0004,Block storage,production,platform,0.3288
2026-08-03,r-0005,Compute,production,platform,2.4
2026-08-03,r-0006,Block storage,production,platform,0.3288
2026-08-03,r-0007,Compute,production,platform,2.4
2026-08-03,r-0008,Block storage,production,platform,0.3288
2026-08-03,r-0009,Compute,production,platform,2.4
2026-08-03,r-0010,Block storage,production,platform,0.6576
2026-08-03,r-0011,Compute,production,platform,2.4
2026-08-03,r-0012,Block storage,production,platform,0.3288
2026-08-03,r-0013,Compute,production,platform,4.8
2026-08-03,r-0014,Block storage,production,platform,0.3288
2026-08-03,r-0015,Compute,production,platform,4.8
2026-08-03,r-0016,Block storage,production,platform,0.1644
2026-08-03,r-0017,Compute,production,platform,4.8
2026-08-03,r-0018,Block storage,production,platform,0.3288
2026-08-03,r-0019,Compute,production,platform,4.8
2026-08-03,r-0020,Block storage,production,platform,0.3288
2026-08-03,r-0021,Compute,production,invoicing,2.4
2026-08-03,r-0022,Block storage,production,invoicing,0.1644
2026-08-03,r-0023,Compute,production,invoicing,2.4
2026-08-03,r-0024,Block storage,production,invoicing,0.6576
2026-08-03,r-0025,Compute,production,invoicing,2.4
2026-08-03,r-0026,Block storage,production,invoicing,0.6576
2026-08-03,r-0027,Compute,staging,platform,1.2
2026-08-03,r-0028,Block storage,staging,platform,0.3288
2026-08-03,r-0029,Compute,staging,platform,1.2
2026-08-03,r-0030,Block storage,staging,platform,0.3288
2026-08-03,r-0031,Compute,staging,platform,1.2
2026-08-03,r-0032,Block storage,staging,platform,0.6576
2026-08-03,r-0033,Compute,staging,platform,1.2
2026-08-03,r-0034,Block storage,staging,platform,0.6576
2026-08-03,r-0035,Compute,staging,platform,1.2
2026-08-03,r-0036,Block storage,staging,platform,0.1644
2026-08-03,r-0037,Compute,staging,platform,1.2
2026-08-03,r-0038,Block storage,staging,platform,0.3288
2026-08-03,r-0039,Compute,development,invoicing,1.2
2026-08-03,r-0040,Block storage,development,invoicing,0.3288
2026-08-03,r-0041,Compute,development,invoicing,1.2
2026-08-03,r-0042,Block storage,development,invoicing,0.6576
2026-08-03,r-0043,Compute,development,invoicing,2.4
2026-08-03,r-0044,Block storage,development,invoicing,0.1644
2026-08-03,r-0045,Compute,development,invoicing,1.2
2026-08-03,r-0046,Block storage,development,invoicing,0.3288
2026-08-03,r-0047,Compute,development,invoicing,1.2
2026-08-03,r-0048,Block storage,development,invoicing,0.1644
2026-08-03,r-0049,Compute,development,invoicing,2.4
2026-08-03,r-0050,Block storage,development,invoicing,0.3288
2026-08-03,r-0051,Compute,development,payments,1.2
2026-08-03,r-0052,Block storage,development,payments,0.3288
2026-08-03,r-0053,Compute,development,payments,1.2
2026-08-03,r-0054,Block storage,development,payments,0.3288
2026-08-03,r-0055,Compute,development,payments,2.4
2026-08-03,r-0056,Block storage,development,payments,0.1644
2026-08-03,r-0057,Compute,development,payments,1.2
2026-08-03,r-0058,Block storage,development,payments,0.1644
2026-08-03,r-0059,Compute,development,payments,1.2
2026-08-03,r-0060,Block storage,development,payments,0.3288
2026-08-03,r-0061,Compute,development,payments,2.4
2026-08-03,r-0062,Block storage,development,payments,0.3288
2026-08-03,r-0063,Compute,development,,4.8
2026-08-03,r-0064,Block storage,development,,1.6438
2026-08-03,r-0065,Compute,,,2.4
2026-08-03,r-0066,Block storage,,,0.3288
2026-08-03,r-0067,Compute,development,,2.4
2026-08-03,r-0068,Block storage,development,,0.1644
2026-08-03,r-0070,Block storage,development,platform,0.3288
2026-08-03,r-0072,Block storage,development,,0.3288
2026-08-03,r-0074,Block storage,development,,0.1644
2026-08-03,r-0076,Block storage,development,,0.3288
2026-08-03,r-0077,Block storage,,,0.6576
2026-08-03,r-0078,Block storage,development,,3.2878
2026-08-03,r-0079,Block storage,development,platform,0.6576
2026-08-03,r-0080,Block storage,,,3.2878
2026-08-03,r-0081,Block storage,staging,,1.6438
2026-08-03,r-0082,Block storage,,,0.6576
2026-08-03,r-0083,Block storage,,,1.6438
2026-08-03,r-0084,Block storage,staging,,0.6576
2026-08-03,r-0085,Snapshots,production,,0.3288
2026-08-03,r-0086,Snapshots,development,platform,0.822
2026-08-03,r-0087,Snapshots,production,platform,0.3288
2026-08-03,r-0088,Snapshots,production,platform,0.1644
2026-08-03,r-0089,Snapshots,production,platform,0.3288
2026-08-03,r-0090,Snapshots,production,platform,0.1644
2026-08-03,r-0091,Snapshots,production,platform,0.1644
2026-08-03,r-0092,Snapshots,staging,platform,0.0821
2026-08-03,r-0093,Snapshots,development,platform,0.822
2026-08-03,r-0094,Snapshots,production,platform,0.3288
2026-08-03,r-0095,Snapshots,production,platform,0.822
2026-08-03,r-0096,Snapshots,staging,platform,0.1644
2026-08-03,r-0097,Snapshots,development,,0.0821
2026-08-03,r-0098,Snapshots,development,,0.3288
2026-08-03,r-0099,Snapshots,production,platform,0.3288
2026-08-03,r-0100,Snapshots,production,platform,0.0821
2026-08-03,r-0101,Snapshots,development,platform,0.3288
2026-08-03,r-0102,Snapshots,production,platform,0.0821
2026-08-03,r-0103,Snapshots,development,,0.822
2026-08-03,r-0104,Snapshots,development,,0.1644
2026-08-03,r-0105,Snapshots,staging,platform,0.0821
2026-08-03,r-0106,Snapshots,production,,0.3288
2026-08-03,r-0107,Snapshots,production,platform,0.1644
2026-08-03,r-0108,Snapshots,production,platform,0.0821
2026-08-03,r-0109,Snapshots,development,platform,0.3288
2026-08-03,r-0110,Snapshots,development,,0.0821
2026-08-03,r-0111,Snapshots,staging,,0.1644
2026-08-03,r-0112,Snapshots,production,platform,0.822
2026-08-03,r-0113,Snapshots,production,platform,0.1644
2026-08-03,r-0114,Snapshots,development,,0.1644
2026-08-03,r-0115,Snapshots,staging,,0.1644
2026-08-03,r-0116,Snapshots,staging,platform,0.0821
2026-08-03,r-0117,Snapshots,production,,0.1644
2026-08-03,r-0118,Snapshots,production,platform,0.1644
2026-08-03,r-0119,Snapshots,development,platform,0.0821
2026-08-03,r-0120,Snapshots,production,,0.822
2026-08-03,r-0121,Object storage,production,invoicing,1.361
2026-08-03,r-0122,Object storage,production,platform,3.0247
2026-08-03,r-0123,Object storage,production,marketing,0.0302
2026-08-03,r-0124,Object storage,production,,0.2647
2026-08-03,r-0125,Object storage,production,platform,1.8905
2026-08-03,r-0126,Object storage,development,,0.4536
2026-08-03,r-0127,Managed database,production,platform,10.8
2026-08-03,r-0128,Managed database,staging,platform,5.52
2026-08-03,r-0129,Load balancing,production,platform,0.6
2026-08-03,r-0130,Load balancing,staging,platform,0.6
2026-08-03,r-0131,Public IPs,,,0.12
2026-08-03,r-0132,Public IPs,,,0.12
2026-08-03,r-0133,Public IPs,,,0.12
2026-08-03,,Data transfer,production,platform,41.3083
2026-08-04,r-0001,Compute,production,platform,2.4
2026-08-04,r-0002,Block storage,production,platform,0.3288
2026-08-04,r-0003,Compute,production,platform,2.4
2026-08-04,r-0004,Block storage,production,platform,0.3288
2026-08-04,r-0005,Compute,production,platform,2.4
2026-08-04,r-0006,Block storage,production,platform,0.3288
2026-08-04,r-0007,Compute,production,platform,2.4
2026-08-04,r-0008,Block storage,production,platform,0.3288
2026-08-04,r-0009,Compute,production,platform,2.4
2026-08-04,r-0010,Block storage,production,platform,0.6576
2026-08-04,r-0011,Compute,production,platform,2.4
2026-08-04,r-0012,Block storage,production,platform,0.3288
2026-08-04,r-0013,Compute,production,platform,4.8
2026-08-04,r-0014,Block storage,production,platform,0.3288
2026-08-04,r-0015,Compute,production,platform,4.8
2026-08-04,r-0016,Block storage,production,platform,0.1644
2026-08-04,r-0017,Compute,production,platform,4.8
2026-08-04,r-0018,Block storage,production,platform,0.3288
2026-08-04,r-0019,Compute,production,platform,4.8
2026-08-04,r-0020,Block storage,production,platform,0.3288
2026-08-04,r-0021,Compute,production,invoicing,2.4
2026-08-04,r-0022,Block storage,production,invoicing,0.1644
2026-08-04,r-0023,Compute,production,invoicing,2.4
2026-08-04,r-0024,Block storage,production,invoicing,0.6576
2026-08-04,r-0025,Compute,production,invoicing,2.4
2026-08-04,r-0026,Block storage,production,invoicing,0.6576
2026-08-04,r-0027,Compute,staging,platform,1.2
2026-08-04,r-0028,Block storage,staging,platform,0.3288
2026-08-04,r-0029,Compute,staging,platform,1.2
2026-08-04,r-0030,Block storage,staging,platform,0.3288
2026-08-04,r-0031,Compute,staging,platform,1.2
2026-08-04,r-0032,Block storage,staging,platform,0.6576
2026-08-04,r-0033,Compute,staging,platform,1.2
2026-08-04,r-0034,Block storage,staging,platform,0.6576
2026-08-04,r-0035,Compute,staging,platform,1.2
2026-08-04,r-0036,Block storage,staging,platform,0.1644
2026-08-04,r-0037,Compute,staging,platform,1.2
2026-08-04,r-0038,Block storage,staging,platform,0.3288
2026-08-04,r-0039,Compute,development,invoicing,1.2
2026-08-04,r-0040,Block storage,development,invoicing,0.3288
2026-08-04,r-0041,Compute,development,invoicing,1.2
2026-08-04,r-0042,Block storage,development,invoicing,0.6576
2026-08-04,r-0043,Compute,development,invoicing,2.4
2026-08-04,r-0044,Block storage,development,invoicing,0.1644
2026-08-04,r-0045,Compute,development,invoicing,1.2
2026-08-04,r-0046,Block storage,development,invoicing,0.3288
2026-08-04,r-0047,Compute,development,invoicing,1.2
2026-08-04,r-0048,Block storage,development,invoicing,0.1644
2026-08-04,r-0049,Compute,development,invoicing,2.4
2026-08-04,r-0050,Block storage,development,invoicing,0.3288
2026-08-04,r-0051,Compute,development,payments,1.2
2026-08-04,r-0052,Block storage,development,payments,0.3288
2026-08-04,r-0053,Compute,development,payments,1.2
2026-08-04,r-0054,Block storage,development,payments,0.3288
2026-08-04,r-0055,Compute,development,payments,2.4
2026-08-04,r-0056,Block storage,development,payments,0.1644
2026-08-04,r-0057,Compute,development,payments,1.2
2026-08-04,r-0058,Block storage,development,payments,0.1644
2026-08-04,r-0059,Compute,development,payments,1.2
2026-08-04,r-0060,Block storage,development,payments,0.3288
2026-08-04,r-0061,Compute,development,payments,2.4
2026-08-04,r-0062,Block storage,development,payments,0.3288
2026-08-04,r-0063,Compute,development,,4.8
2026-08-04,r-0064,Block storage,development,,1.6438
2026-08-04,r-0065,Compute,,,2.4
2026-08-04,r-0066,Block storage,,,0.3288
2026-08-04,r-0067,Compute,development,,2.4
2026-08-04,r-0068,Block storage,development,,0.1644
2026-08-04,r-0070,Block storage,development,platform,0.3288
2026-08-04,r-0072,Block storage,development,,0.3288
2026-08-04,r-0074,Block storage,development,,0.1644
2026-08-04,r-0076,Block storage,development,,0.3288
2026-08-04,r-0077,Block storage,,,0.6576
2026-08-04,r-0078,Block storage,development,,3.2878
2026-08-04,r-0079,Block storage,development,platform,0.6576
2026-08-04,r-0080,Block storage,,,3.2878
2026-08-04,r-0081,Block storage,staging,,1.6438
2026-08-04,r-0082,Block storage,,,0.6576
2026-08-04,r-0083,Block storage,,,1.6438
2026-08-04,r-0084,Block storage,staging,,0.6576
2026-08-04,r-0085,Snapshots,production,,0.3288
2026-08-04,r-0086,Snapshots,development,platform,0.822
2026-08-04,r-0087,Snapshots,production,platform,0.3288
2026-08-04,r-0088,Snapshots,production,platform,0.1644
2026-08-04,r-0089,Snapshots,production,platform,0.3288
2026-08-04,r-0090,Snapshots,production,platform,0.1644
2026-08-04,r-0091,Snapshots,production,platform,0.1644
2026-08-04,r-0092,Snapshots,staging,platform,0.0821
2026-08-04,r-0093,Snapshots,development,platform,0.822
2026-08-04,r-0094,Snapshots,production,platform,0.3288
2026-08-04,r-0095,Snapshots,production,platform,0.822
2026-08-04,r-0096,Snapshots,staging,platform,0.1644
2026-08-04,r-0097,Snapshots,development,,0.0821
2026-08-04,r-0098,Snapshots,development,,0.3288
2026-08-04,r-0099,Snapshots,production,platform,0.3288
2026-08-04,r-0100,Snapshots,production,platform,0.0821
2026-08-04,r-0101,Snapshots,development,platform,0.3288
2026-08-04,r-0102,Snapshots,production,platform,0.0821
2026-08-04,r-0103,Snapshots,development,,0.822
2026-08-04,r-0104,Snapshots,development,,0.1644
2026-08-04,r-0105,Snapshots,staging,platform,0.0821
2026-08-04,r-0106,Snapshots,production,,0.3288
2026-08-04,r-0107,Snapshots,production,platform,0.1644
2026-08-04,r-0108,Snapshots,production,platform,0.0821
2026-08-04,r-0109,Snapshots,development,platform,0.3288
2026-08-04,r-0110,Snapshots,development,,0.0821
2026-08-04,r-0111,Snapshots,staging,,0.1644
2026-08-04,r-0112,Snapshots,production,platform,0.822
2026-08-04,r-0113,Snapshots,production,platform,0.1644
2026-08-04,r-0114,Snapshots,development,,0.1644
2026-08-04,r-0115,Snapshots,staging,,0.1644
2026-08-04,r-0116,Snapshots,staging,platform,0.0821
2026-08-04,r-0117,Snapshots,production,,0.1644
2026-08-04,r-0118,Snapshots,production,platform,0.1644
2026-08-04,r-0119,Snapshots,development,platform,0.0821
2026-08-04,r-0120,Snapshots,production,,0.822
2026-08-04,r-0121,Object storage,production,invoicing,1.361
2026-08-04,r-0122,Object storage,production,platform,3.0247
2026-08-04,r-0123,Object storage,production,marketing,0.0302
2026-08-04,r-0124,Object storage,production,,0.2647
2026-08-04,r-0125,Object storage,production,platform,1.8905
2026-08-04,r-0126,Object storage,development,,0.4536
2026-08-04,r-0127,Managed database,production,platform,10.8
2026-08-04,r-0128,Managed database,staging,platform,5.52
2026-08-04,r-0129,Load balancing,production,platform,0.6
2026-08-04,r-0130,Load balancing,staging,platform,0.6
2026-08-04,r-0131,Public IPs,,,0.12
2026-08-04,r-0132,Public IPs,,,0.12
2026-08-04,r-0133,Public IPs,,,0.12
2026-08-04,,Data transfer,production,platform,36.0987
2026-08-05,r-0001,Compute,production,platform,2.4
2026-08-05,r-0002,Block storage,production,platform,0.3288
2026-08-05,r-0003,Compute,production,platform,2.4
2026-08-05,r-0004,Block storage,production,platform,0.3288
2026-08-05,r-0005,Compute,production,platform,2.4
2026-08-05,r-0006,Block storage,production,platform,0.3288
2026-08-05,r-0007,Compute,production,platform,2.4
2026-08-05,r-0008,Block storage,production,platform,0.3288
2026-08-05,r-0009,Compute,production,platform,2.4
2026-08-05,r-0010,Block storage,production,platform,0.6576
2026-08-05,r-0011,Compute,production,platform,2.4
2026-08-05,r-0012,Block storage,production,platform,0.3288
2026-08-05,r-0013,Compute,production,platform,4.8
2026-08-05,r-0014,Block storage,production,platform,0.3288
2026-08-05,r-0015,Compute,production,platform,4.8
2026-08-05,r-0016,Block storage,production,platform,0.1644
2026-08-05,r-0017,Compute,production,platform,4.8
2026-08-05,r-0018,Block storage,production,platform,0.3288
2026-08-05,r-0019,Compute,production,platform,4.8
2026-08-05,r-0020,Block storage,production,platform,0.3288
2026-08-05,r-0021,Compute,production,invoicing,2.4
2026-08-05,r-0022,Block storage,production,invoicing,0.1644
2026-08-05,r-0023,Compute,production,invoicing,2.4
2026-08-05,r-0024,Block storage,production,invoicing,0.6576
2026-08-05,r-0025,Compute,production,invoicing,2.4
2026-08-05,r-0026,Block storage,production,invoicing,0.6576
2026-08-05,r-0027,Compute,staging,platform,1.2
2026-08-05,r-0028,Block storage,staging,platform,0.3288
2026-08-05,r-0029,Compute,staging,platform,1.2
2026-08-05,r-0030,Block storage,staging,platform,0.3288
2026-08-05,r-0031,Compute,staging,platform,1.2
2026-08-05,r-0032,Block storage,staging,platform,0.6576
2026-08-05,r-0033,Compute,staging,platform,1.2
2026-08-05,r-0034,Block storage,staging,platform,0.6576
2026-08-05,r-0035,Compute,staging,platform,1.2
2026-08-05,r-0036,Block storage,staging,platform,0.1644
2026-08-05,r-0037,Compute,staging,platform,1.2
2026-08-05,r-0038,Block storage,staging,platform,0.3288
2026-08-05,r-0039,Compute,development,invoicing,1.2
2026-08-05,r-0040,Block storage,development,invoicing,0.3288
2026-08-05,r-0041,Compute,development,invoicing,1.2
2026-08-05,r-0042,Block storage,development,invoicing,0.6576
2026-08-05,r-0043,Compute,development,invoicing,2.4
2026-08-05,r-0044,Block storage,development,invoicing,0.1644
2026-08-05,r-0045,Compute,development,invoicing,1.2
2026-08-05,r-0046,Block storage,development,invoicing,0.3288
2026-08-05,r-0047,Compute,development,invoicing,1.2
2026-08-05,r-0048,Block storage,development,invoicing,0.1644
2026-08-05,r-0049,Compute,development,invoicing,2.4
2026-08-05,r-0050,Block storage,development,invoicing,0.3288
2026-08-05,r-0051,Compute,development,payments,1.2
2026-08-05,r-0052,Block storage,development,payments,0.3288
2026-08-05,r-0053,Compute,development,payments,1.2
2026-08-05,r-0054,Block storage,development,payments,0.3288
2026-08-05,r-0055,Compute,development,payments,2.4
2026-08-05,r-0056,Block storage,development,payments,0.1644
2026-08-05,r-0057,Compute,development,payments,1.2
2026-08-05,r-0058,Block storage,development,payments,0.1644
2026-08-05,r-0059,Compute,development,payments,1.2
2026-08-05,r-0060,Block storage,development,payments,0.3288
2026-08-05,r-0061,Compute,development,payments,2.4
2026-08-05,r-0062,Block storage,development,payments,0.3288
2026-08-05,r-0063,Compute,development,,4.8
2026-08-05,r-0064,Block storage,development,,1.6438
2026-08-05,r-0065,Compute,,,2.4
2026-08-05,r-0066,Block storage,,,0.3288
2026-08-05,r-0067,Compute,development,,2.4
2026-08-05,r-0068,Block storage,development,,0.1644
2026-08-05,r-0070,Block storage,development,platform,0.3288
2026-08-05,r-0072,Block storage,development,,0.3288
2026-08-05,r-0074,Block storage,development,,0.1644
2026-08-05,r-0076,Block storage,development,,0.3288
2026-08-05,r-0077,Block storage,,,0.6576
2026-08-05,r-0078,Block storage,development,,3.2878
2026-08-05,r-0079,Block storage,development,platform,0.6576
2026-08-05,r-0080,Block storage,,,3.2878
2026-08-05,r-0081,Block storage,staging,,1.6438
2026-08-05,r-0082,Block storage,,,0.6576
2026-08-05,r-0083,Block storage,,,1.6438
2026-08-05,r-0084,Block storage,staging,,0.6576
2026-08-05,r-0085,Snapshots,production,,0.3288
2026-08-05,r-0086,Snapshots,development,platform,0.822
2026-08-05,r-0087,Snapshots,production,platform,0.3288
2026-08-05,r-0088,Snapshots,production,platform,0.1644
2026-08-05,r-0089,Snapshots,production,platform,0.3288
2026-08-05,r-0090,Snapshots,production,platform,0.1644
2026-08-05,r-0091,Snapshots,production,platform,0.1644
2026-08-05,r-0092,Snapshots,staging,platform,0.0821
2026-08-05,r-0093,Snapshots,development,platform,0.822
2026-08-05,r-0094,Snapshots,production,platform,0.3288
2026-08-05,r-0095,Snapshots,production,platform,0.822
2026-08-05,r-0096,Snapshots,staging,platform,0.1644
2026-08-05,r-0097,Snapshots,development,,0.0821
2026-08-05,r-0098,Snapshots,development,,0.3288
2026-08-05,r-0099,Snapshots,production,platform,0.3288
2026-08-05,r-0100,Snapshots,production,platform,0.0821
2026-08-05,r-0101,Snapshots,development,platform,0.3288
2026-08-05,r-0102,Snapshots,production,platform,0.0821
2026-08-05,r-0103,Snapshots,development,,0.822
2026-08-05,r-0104,Snapshots,development,,0.1644
2026-08-05,r-0105,Snapshots,staging,platform,0.0821
2026-08-05,r-0106,Snapshots,production,,0.3288
2026-08-05,r-0107,Snapshots,production,platform,0.1644
2026-08-05,r-0108,Snapshots,production,platform,0.0821
2026-08-05,r-0109,Snapshots,development,platform,0.3288
2026-08-05,r-0110,Snapshots,development,,0.0821
2026-08-05,r-0111,Snapshots,staging,,0.1644
2026-08-05,r-0112,Snapshots,production,platform,0.822
2026-08-05,r-0113,Snapshots,production,platform,0.1644
2026-08-05,r-0114,Snapshots,development,,0.1644
2026-08-05,r-0115,Snapshots,staging,,0.1644
2026-08-05,r-0116,Snapshots,staging,platform,0.0821
2026-08-05,r-0117,Snapshots,production,,0.1644
2026-08-05,r-0118,Snapshots,production,platform,0.1644
2026-08-05,r-0119,Snapshots,development,platform,0.0821
2026-08-05,r-0120,Snapshots,production,,0.822
2026-08-05,r-0121,Object storage,production,invoicing,1.361
2026-08-05,r-0122,Object storage,production,platform,3.0247
2026-08-05,r-0123,Object storage,production,marketing,0.0302
2026-08-05,r-0124,Object storage,production,,0.2647
2026-08-05,r-0125,Object storage,production,platform,1.8905
2026-08-05,r-0126,Object storage,development,,0.4536
2026-08-05,r-0127,Managed database,production,platform,10.8
2026-08-05,r-0128,Managed database,staging,platform,5.52
2026-08-05,r-0129,Load balancing,production,platform,0.6
2026-08-05,r-0130,Load balancing,staging,platform,0.6
2026-08-05,r-0131,Public IPs,,,0.12
2026-08-05,r-0132,Public IPs,,,0.12
2026-08-05,r-0133,Public IPs,,,0.12
2026-08-05,,Data transfer,production,platform,41.2702
2026-08-06,r-0001,Compute,production,platform,2.4
2026-08-06,r-0002,Block storage,production,platform,0.3288
2026-08-06,r-0003,Compute,production,platform,2.4
2026-08-06,r-0004,Block storage,production,platform,0.3288
2026-08-06,r-0005,Compute,production,platform,2.4
2026-08-06,r-0006,Block storage,production,platform,0.3288
2026-08-06,r-0007,Compute,production,platform,2.4
2026-08-06,r-0008,Block storage,production,platform,0.3288
2026-08-06,r-0009,Compute,production,platform,2.4
2026-08-06,r-0010,Block storage,production,platform,0.6576
2026-08-06,r-0011,Compute,production,platform,2.4
2026-08-06,r-0012,Block storage,production,platform,0.3288
2026-08-06,r-0013,Compute,production,platform,4.8
2026-08-06,r-0014,Block storage,production,platform,0.3288
2026-08-06,r-0015,Compute,production,platform,4.8
2026-08-06,r-0016,Block storage,production,platform,0.1644
2026-08-06,r-0017,Compute,production,platform,4.8
2026-08-06,r-0018,Block storage,production,platform,0.3288
2026-08-06,r-0019,Compute,production,platform,4.8
2026-08-06,r-0020,Block storage,production,platform,0.3288
2026-08-06,r-0021,Compute,production,invoicing,2.4
2026-08-06,r-0022,Block storage,production,invoicing,0.1644
2026-08-06,r-0023,Compute,production,invoicing,2.4
2026-08-06,r-0024,Block storage,production,invoicing,0.6576
2026-08-06,r-0025,Compute,production,invoicing,2.4
2026-08-06,r-0026,Block storage,production,invoicing,0.6576
2026-08-06,r-0027,Compute,staging,platform,1.2
2026-08-06,r-0028,Block storage,staging,platform,0.3288
2026-08-06,r-0029,Compute,staging,platform,1.2
2026-08-06,r-0030,Block storage,staging,platform,0.3288
2026-08-06,r-0031,Compute,staging,platform,1.2
2026-08-06,r-0032,Block storage,staging,platform,0.6576
2026-08-06,r-0033,Compute,staging,platform,1.2
2026-08-06,r-0034,Block storage,staging,platform,0.6576
2026-08-06,r-0035,Compute,staging,platform,1.2
2026-08-06,r-0036,Block storage,staging,platform,0.1644
2026-08-06,r-0037,Compute,staging,platform,1.2
2026-08-06,r-0038,Block storage,staging,platform,0.3288
2026-08-06,r-0039,Compute,development,invoicing,1.2
2026-08-06,r-0040,Block storage,development,invoicing,0.3288
2026-08-06,r-0041,Compute,development,invoicing,1.2
2026-08-06,r-0042,Block storage,development,invoicing,0.6576
2026-08-06,r-0043,Compute,development,invoicing,2.4
2026-08-06,r-0044,Block storage,development,invoicing,0.1644
2026-08-06,r-0045,Compute,development,invoicing,1.2
2026-08-06,r-0046,Block storage,development,invoicing,0.3288
2026-08-06,r-0047,Compute,development,invoicing,1.2
2026-08-06,r-0048,Block storage,development,invoicing,0.1644
2026-08-06,r-0049,Compute,development,invoicing,2.4
2026-08-06,r-0050,Block storage,development,invoicing,0.3288
2026-08-06,r-0051,Compute,development,payments,1.2
2026-08-06,r-0052,Block storage,development,payments,0.3288
2026-08-06,r-0053,Compute,development,payments,1.2
2026-08-06,r-0054,Block storage,development,payments,0.3288
2026-08-06,r-0055,Compute,development,payments,2.4
2026-08-06,r-0056,Block storage,development,payments,0.1644
2026-08-06,r-0057,Compute,development,payments,1.2
2026-08-06,r-0058,Block storage,development,payments,0.1644
2026-08-06,r-0059,Compute,development,payments,1.2
2026-08-06,r-0060,Block storage,development,payments,0.3288
2026-08-06,r-0061,Compute,development,payments,2.4
2026-08-06,r-0062,Block storage,development,payments,0.3288
2026-08-06,r-0063,Compute,development,,4.8
2026-08-06,r-0064,Block storage,development,,1.6438
2026-08-06,r-0065,Compute,,,2.4
2026-08-06,r-0066,Block storage,,,0.3288
2026-08-06,r-0067,Compute,development,,2.4
2026-08-06,r-0068,Block storage,development,,0.1644
2026-08-06,r-0070,Block storage,development,platform,0.3288
2026-08-06,r-0072,Block storage,development,,0.3288
2026-08-06,r-0074,Block storage,development,,0.1644
2026-08-06,r-0076,Block storage,development,,0.3288
2026-08-06,r-0077,Block storage,,,0.6576
2026-08-06,r-0078,Block storage,development,,3.2878
2026-08-06,r-0079,Block storage,development,platform,0.6576
2026-08-06,r-0080,Block storage,,,3.2878
2026-08-06,r-0081,Block storage,staging,,1.6438
2026-08-06,r-0082,Block storage,,,0.6576
2026-08-06,r-0083,Block storage,,,1.6438
2026-08-06,r-0084,Block storage,staging,,0.6576
2026-08-06,r-0085,Snapshots,production,,0.3288
2026-08-06,r-0086,Snapshots,development,platform,0.822
2026-08-06,r-0087,Snapshots,production,platform,0.3288
2026-08-06,r-0088,Snapshots,production,platform,0.1644
2026-08-06,r-0089,Snapshots,production,platform,0.3288
2026-08-06,r-0090,Snapshots,production,platform,0.1644
2026-08-06,r-0091,Snapshots,production,platform,0.1644
2026-08-06,r-0092,Snapshots,staging,platform,0.0821
2026-08-06,r-0093,Snapshots,development,platform,0.822
2026-08-06,r-0094,Snapshots,production,platform,0.3288
2026-08-06,r-0095,Snapshots,production,platform,0.822
2026-08-06,r-0096,Snapshots,staging,platform,0.1644
2026-08-06,r-0097,Snapshots,development,,0.0821
2026-08-06,r-0098,Snapshots,development,,0.3288
2026-08-06,r-0099,Snapshots,production,platform,0.3288
2026-08-06,r-0100,Snapshots,production,platform,0.0821
2026-08-06,r-0101,Snapshots,development,platform,0.3288
2026-08-06,r-0102,Snapshots,production,platform,0.0821
2026-08-06,r-0103,Snapshots,development,,0.822
2026-08-06,r-0104,Snapshots,development,,0.1644
2026-08-06,r-0105,Snapshots,staging,platform,0.0821
2026-08-06,r-0106,Snapshots,production,,0.3288
2026-08-06,r-0107,Snapshots,production,platform,0.1644
2026-08-06,r-0108,Snapshots,production,platform,0.0821
2026-08-06,r-0109,Snapshots,development,platform,0.3288
2026-08-06,r-0110,Snapshots,development,,0.0821
2026-08-06,r-0111,Snapshots,staging,,0.1644
2026-08-06,r-0112,Snapshots,production,platform,0.822
2026-08-06,r-0113,Snapshots,production,platform,0.1644
2026-08-06,r-0114,Snapshots,development,,0.1644
2026-08-06,r-0115,Snapshots,staging,,0.1644
2026-08-06,r-0116,Snapshots,staging,platform,0.0821
2026-08-06,r-0117,Snapshots,production,,0.1644
2026-08-06,r-0118,Snapshots,production,platform,0.1644
2026-08-06,r-0119,Snapshots,development,platform,0.0821
2026-08-06,r-0120,Snapshots,production,,0.822
2026-08-06,r-0121,Object storage,production,invoicing,1.361
2026-08-06,r-0122,Object storage,production,platform,3.0247
2026-08-06,r-0123,Object storage,production,marketing,0.0302
2026-08-06,r-0124,Object storage,production,,0.2647
2026-08-06,r-0125,Object storage,production,platform,1.8905
2026-08-06,r-0126,Object storage,development,,0.4536
2026-08-06,r-0127,Managed database,production,platform,10.8
2026-08-06,r-0128,Managed database,staging,platform,5.52
2026-08-06,r-0129,Load balancing,production,platform,0.6
2026-08-06,r-0130,Load balancing,staging,platform,0.6
2026-08-06,r-0131,Public IPs,,,0.12
2026-08-06,r-0132,Public IPs,,,0.12
2026-08-06,r-0133,Public IPs,,,0.12
2026-08-06,,Data transfer,production,platform,39.0297
2026-08-07,r-0001,Compute,production,platform,2.4
2026-08-07,r-0002,Block storage,production,platform,0.3288
2026-08-07,r-0003,Compute,production,platform,2.4
2026-08-07,r-0004,Block storage,production,platform,0.3288
2026-08-07,r-0005,Compute,production,platform,2.4
2026-08-07,r-0006,Block storage,production,platform,0.3288
2026-08-07,r-0007,Compute,production,platform,2.4
2026-08-07,r-0008,Block storage,production,platform,0.3288
2026-08-07,r-0009,Compute,production,platform,2.4
2026-08-07,r-0010,Block storage,production,platform,0.6576
2026-08-07,r-0011,Compute,production,platform,2.4
2026-08-07,r-0012,Block storage,production,platform,0.3288
2026-08-07,r-0013,Compute,production,platform,4.8
2026-08-07,r-0014,Block storage,production,platform,0.3288
2026-08-07,r-0015,Compute,production,platform,4.8
2026-08-07,r-0016,Block storage,production,platform,0.1644
2026-08-07,r-0017,Compute,production,platform,4.8
2026-08-07,r-0018,Block storage,production,platform,0.3288
2026-08-07,r-0019,Compute,production,platform,4.8
2026-08-07,r-0020,Block storage,production,platform,0.3288
2026-08-07,r-0021,Compute,production,invoicing,2.4
2026-08-07,r-0022,Block storage,production,invoicing,0.1644
2026-08-07,r-0023,Compute,production,invoicing,2.4
2026-08-07,r-0024,Block storage,production,invoicing,0.6576
2026-08-07,r-0025,Compute,production,invoicing,2.4
2026-08-07,r-0026,Block storage,production,invoicing,0.6576
2026-08-07,r-0027,Compute,staging,platform,1.2
2026-08-07,r-0028,Block storage,staging,platform,0.3288
2026-08-07,r-0029,Compute,staging,platform,1.2
2026-08-07,r-0030,Block storage,staging,platform,0.3288
2026-08-07,r-0031,Compute,staging,platform,1.2
2026-08-07,r-0032,Block storage,staging,platform,0.6576
2026-08-07,r-0033,Compute,staging,platform,1.2
2026-08-07,r-0034,Block storage,staging,platform,0.6576
2026-08-07,r-0035,Compute,staging,platform,1.2
2026-08-07,r-0036,Block storage,staging,platform,0.1644
2026-08-07,r-0037,Compute,staging,platform,1.2
2026-08-07,r-0038,Block storage,staging,platform,0.3288
2026-08-07,r-0039,Compute,development,invoicing,1.2
2026-08-07,r-0040,Block storage,development,invoicing,0.3288
2026-08-07,r-0041,Compute,development,invoicing,1.2
2026-08-07,r-0042,Block storage,development,invoicing,0.6576
2026-08-07,r-0043,Compute,development,invoicing,2.4
2026-08-07,r-0044,Block storage,development,invoicing,0.1644
2026-08-07,r-0045,Compute,development,invoicing,1.2
2026-08-07,r-0046,Block storage,development,invoicing,0.3288
2026-08-07,r-0047,Compute,development,invoicing,1.2
2026-08-07,r-0048,Block storage,development,invoicing,0.1644
2026-08-07,r-0049,Compute,development,invoicing,2.4
2026-08-07,r-0050,Block storage,development,invoicing,0.3288
2026-08-07,r-0051,Compute,development,payments,1.2
2026-08-07,r-0052,Block storage,development,payments,0.3288
2026-08-07,r-0053,Compute,development,payments,1.2
2026-08-07,r-0054,Block storage,development,payments,0.3288
2026-08-07,r-0055,Compute,development,payments,2.4
2026-08-07,r-0056,Block storage,development,payments,0.1644
2026-08-07,r-0057,Compute,development,payments,1.2
2026-08-07,r-0058,Block storage,development,payments,0.1644
2026-08-07,r-0059,Compute,development,payments,1.2
2026-08-07,r-0060,Block storage,development,payments,0.3288
2026-08-07,r-0061,Compute,development,payments,2.4
2026-08-07,r-0062,Block storage,development,payments,0.3288
2026-08-07,r-0063,Compute,development,,4.8
2026-08-07,r-0064,Block storage,development,,1.6438
2026-08-07,r-0065,Compute,,,2.4
2026-08-07,r-0066,Block storage,,,0.3288
2026-08-07,r-0067,Compute,development,,2.4
2026-08-07,r-0068,Block storage,development,,0.1644
2026-08-07,r-0070,Block storage,development,platform,0.3288
2026-08-07,r-0072,Block storage,development,,0.3288
2026-08-07,r-0074,Block storage,development,,0.1644
2026-08-07,r-0076,Block storage,development,,0.3288
2026-08-07,r-0077,Block storage,,,0.6576
2026-08-07,r-0078,Block storage,development,,3.2878
2026-08-07,r-0079,Block storage,development,platform,0.6576
2026-08-07,r-0080,Block storage,,,3.2878
2026-08-07,r-0081,Block storage,staging,,1.6438
2026-08-07,r-0082,Block storage,,,0.6576
2026-08-07,r-0083,Block storage,,,1.6438
2026-08-07,r-0084,Block storage,staging,,0.6576
2026-08-07,r-0085,Snapshots,production,,0.3288
2026-08-07,r-0086,Snapshots,development,platform,0.822
2026-08-07,r-0087,Snapshots,production,platform,0.3288
2026-08-07,r-0088,Snapshots,production,platform,0.1644
2026-08-07,r-0089,Snapshots,production,platform,0.3288
2026-08-07,r-0090,Snapshots,production,platform,0.1644
2026-08-07,r-0091,Snapshots,production,platform,0.1644
2026-08-07,r-0092,Snapshots,staging,platform,0.0821
2026-08-07,r-0093,Snapshots,development,platform,0.822
2026-08-07,r-0094,Snapshots,production,platform,0.3288
2026-08-07,r-0095,Snapshots,production,platform,0.822
2026-08-07,r-0096,Snapshots,staging,platform,0.1644
2026-08-07,r-0097,Snapshots,development,,0.0821
2026-08-07,r-0098,Snapshots,development,,0.3288
2026-08-07,r-0099,Snapshots,production,platform,0.3288
2026-08-07,r-0100,Snapshots,production,platform,0.0821
2026-08-07,r-0101,Snapshots,development,platform,0.3288
2026-08-07,r-0102,Snapshots,production,platform,0.0821
2026-08-07,r-0103,Snapshots,development,,0.822
2026-08-07,r-0104,Snapshots,development,,0.1644
2026-08-07,r-0105,Snapshots,staging,platform,0.0821
2026-08-07,r-0106,Snapshots,production,,0.3288
2026-08-07,r-0107,Snapshots,production,platform,0.1644
2026-08-07,r-0108,Snapshots,production,platform,0.0821
2026-08-07,r-0109,Snapshots,development,platform,0.3288
2026-08-07,r-0110,Snapshots,development,,0.0821
2026-08-07,r-0111,Snapshots,staging,,0.1644
2026-08-07,r-0112,Snapshots,production,platform,0.822
2026-08-07,r-0113,Snapshots,production,platform,0.1644
2026-08-07,r-0114,Snapshots,development,,0.1644
2026-08-07,r-0115,Snapshots,staging,,0.1644
2026-08-07,r-0116,Snapshots,staging,platform,0.0821
2026-08-07,r-0117,Snapshots,production,,0.1644
2026-08-07,r-0118,Snapshots,production,platform,0.1644
2026-08-07,r-0119,Snapshots,development,platform,0.0821
2026-08-07,r-0120,Snapshots,production,,0.822
2026-08-07,r-0121,Object storage,production,invoicing,1.361
2026-08-07,r-0122,Object storage,production,platform,3.0247
2026-08-07,r-0123,Object storage,production,marketing,0.0302
2026-08-07,r-0124,Object storage,production,,0.2647
2026-08-07,r-0125,Object storage,production,platform,1.8905
2026-08-07,r-0126,Object storage,development,,0.4536
2026-08-07,r-0127,Managed database,production,platform,10.8
2026-08-07,r-0128,Managed database,staging,platform,5.52
2026-08-07,r-0129,Load balancing,production,platform,0.6
2026-08-07,r-0130,Load balancing,staging,platform,0.6
2026-08-07,r-0131,Public IPs,,,0.12
2026-08-07,r-0132,Public IPs,,,0.12
2026-08-07,r-0133,Public IPs,,,0.12
2026-08-07,,Data transfer,production,platform,42.5309
2026-08-08,r-0001,Compute,production,platform,2.4
2026-08-08,r-0002,Block storage,production,platform,0.3288
2026-08-08,r-0003,Compute,production,platform,2.4
2026-08-08,r-0004,Block storage,production,platform,0.3288
2026-08-08,r-0005,Compute,production,platform,2.4
2026-08-08,r-0006,Block storage,production,platform,0.3288
2026-08-08,r-0007,Compute,production,platform,2.4
2026-08-08,r-0008,Block storage,production,platform,0.3288
2026-08-08,r-0009,Compute,production,platform,2.4
2026-08-08,r-0010,Block storage,production,platform,0.6576
2026-08-08,r-0011,Compute,production,platform,2.4
2026-08-08,r-0012,Block storage,production,platform,0.3288
2026-08-08,r-0013,Compute,production,platform,4.8
2026-08-08,r-0014,Block storage,production,platform,0.3288
2026-08-08,r-0015,Compute,production,platform,4.8
2026-08-08,r-0016,Block storage,production,platform,0.1644
2026-08-08,r-0017,Compute,production,platform,4.8
2026-08-08,r-0018,Block storage,production,platform,0.3288
2026-08-08,r-0019,Compute,production,platform,4.8
2026-08-08,r-0020,Block storage,production,platform,0.3288
2026-08-08,r-0021,Compute,production,invoicing,2.4
2026-08-08,r-0022,Block storage,production,invoicing,0.1644
2026-08-08,r-0023,Compute,production,invoicing,2.4
2026-08-08,r-0024,Block storage,production,invoicing,0.6576
2026-08-08,r-0025,Compute,production,invoicing,2.4
2026-08-08,r-0026,Block storage,production,invoicing,0.6576
2026-08-08,r-0027,Compute,staging,platform,1.2
2026-08-08,r-0028,Block storage,staging,platform,0.3288
2026-08-08,r-0029,Compute,staging,platform,1.2
2026-08-08,r-0030,Block storage,staging,platform,0.3288
2026-08-08,r-0031,Compute,staging,platform,1.2
2026-08-08,r-0032,Block storage,staging,platform,0.6576
2026-08-08,r-0033,Compute,staging,platform,1.2
2026-08-08,r-0034,Block storage,staging,platform,0.6576
2026-08-08,r-0035,Compute,staging,platform,1.2
2026-08-08,r-0036,Block storage,staging,platform,0.1644
2026-08-08,r-0037,Compute,staging,platform,1.2
2026-08-08,r-0038,Block storage,staging,platform,0.3288
2026-08-08,r-0039,Compute,development,invoicing,1.2
2026-08-08,r-0040,Block storage,development,invoicing,0.3288
2026-08-08,r-0041,Compute,development,invoicing,1.2
2026-08-08,r-0042,Block storage,development,invoicing,0.6576
2026-08-08,r-0043,Compute,development,invoicing,2.4
2026-08-08,r-0044,Block storage,development,invoicing,0.1644
2026-08-08,r-0045,Compute,development,invoicing,1.2
2026-08-08,r-0046,Block storage,development,invoicing,0.3288
2026-08-08,r-0047,Compute,development,invoicing,1.2
2026-08-08,r-0048,Block storage,development,invoicing,0.1644
2026-08-08,r-0049,Compute,development,invoicing,2.4
2026-08-08,r-0050,Block storage,development,invoicing,0.3288
2026-08-08,r-0051,Compute,development,payments,1.2
2026-08-08,r-0052,Block storage,development,payments,0.3288
2026-08-08,r-0053,Compute,development,payments,1.2
2026-08-08,r-0054,Block storage,development,payments,0.3288
2026-08-08,r-0055,Compute,development,payments,2.4
2026-08-08,r-0056,Block storage,development,payments,0.1644
2026-08-08,r-0057,Compute,development,payments,1.2
2026-08-08,r-0058,Block storage,development,payments,0.1644
2026-08-08,r-0059,Compute,development,payments,1.2
2026-08-08,r-0060,Block storage,development,payments,0.3288
2026-08-08,r-0061,Compute,development,payments,2.4
2026-08-08,r-0062,Block storage,development,payments,0.3288
2026-08-08,r-0063,Compute,development,,4.8
2026-08-08,r-0064,Block storage,development,,1.6438
2026-08-08,r-0065,Compute,,,2.4
2026-08-08,r-0066,Block storage,,,0.3288
2026-08-08,r-0067,Compute,development,,2.4
2026-08-08,r-0068,Block storage,development,,0.1644
2026-08-08,r-0070,Block storage,development,platform,0.3288
2026-08-08,r-0072,Block storage,development,,0.3288
2026-08-08,r-0074,Block storage,development,,0.1644
2026-08-08,r-0076,Block storage,development,,0.3288
2026-08-08,r-0077,Block storage,,,0.6576
2026-08-08,r-0078,Block storage,development,,3.2878
2026-08-08,r-0079,Block storage,development,platform,0.6576
2026-08-08,r-0080,Block storage,,,3.2878
2026-08-08,r-0081,Block storage,staging,,1.6438
2026-08-08,r-0082,Block storage,,,0.6576
2026-08-08,r-0083,Block storage,,,1.6438
2026-08-08,r-0084,Block storage,staging,,0.6576
2026-08-08,r-0085,Snapshots,production,,0.3288
2026-08-08,r-0086,Snapshots,development,platform,0.822
2026-08-08,r-0087,Snapshots,production,platform,0.3288
2026-08-08,r-0088,Snapshots,production,platform,0.1644
2026-08-08,r-0089,Snapshots,production,platform,0.3288
2026-08-08,r-0090,Snapshots,production,platform,0.1644
2026-08-08,r-0091,Snapshots,production,platform,0.1644
2026-08-08,r-0092,Snapshots,staging,platform,0.0821
2026-08-08,r-0093,Snapshots,development,platform,0.822
2026-08-08,r-0094,Snapshots,production,platform,0.3288
2026-08-08,r-0095,Snapshots,production,platform,0.822
2026-08-08,r-0096,Snapshots,staging,platform,0.1644
2026-08-08,r-0097,Snapshots,development,,0.0821
2026-08-08,r-0098,Snapshots,development,,0.3288
2026-08-08,r-0099,Snapshots,production,platform,0.3288
2026-08-08,r-0100,Snapshots,production,platform,0.0821
2026-08-08,r-0101,Snapshots,development,platform,0.3288
2026-08-08,r-0102,Snapshots,production,platform,0.0821
2026-08-08,r-0103,Snapshots,development,,0.822
2026-08-08,r-0104,Snapshots,development,,0.1644
2026-08-08,r-0105,Snapshots,staging,platform,0.0821
2026-08-08,r-0106,Snapshots,production,,0.3288
2026-08-08,r-0107,Snapshots,production,platform,0.1644
2026-08-08,r-0108,Snapshots,production,platform,0.0821
2026-08-08,r-0109,Snapshots,development,platform,0.3288
2026-08-08,r-0110,Snapshots,development,,0.0821
2026-08-08,r-0111,Snapshots,staging,,0.1644
2026-08-08,r-0112,Snapshots,production,platform,0.822
2026-08-08,r-0113,Snapshots,production,platform,0.1644
2026-08-08,r-0114,Snapshots,development,,0.1644
2026-08-08,r-0115,Snapshots,staging,,0.1644
2026-08-08,r-0116,Snapshots,staging,platform,0.0821
2026-08-08,r-0117,Snapshots,production,,0.1644
2026-08-08,r-0118,Snapshots,production,platform,0.1644
2026-08-08,r-0119,Snapshots,development,platform,0.0821
2026-08-08,r-0120,Snapshots,production,,0.822
2026-08-08,r-0121,Object storage,production,invoicing,1.361
2026-08-08,r-0122,Object storage,production,platform,3.0247
2026-08-08,r-0123,Object storage,production,marketing,0.0302
2026-08-08,r-0124,Object storage,production,,0.2647
2026-08-08,r-0125,Object storage,production,platform,1.8905
2026-08-08,r-0126,Object storage,development,,0.4536
2026-08-08,r-0127,Managed database,production,platform,10.8
2026-08-08,r-0128,Managed database,staging,platform,5.52
2026-08-08,r-0129,Load balancing,production,platform,0.6
2026-08-08,r-0130,Load balancing,staging,platform,0.6
2026-08-08,r-0131,Public IPs,,,0.12
2026-08-08,r-0132,Public IPs,,,0.12
2026-08-08,r-0133,Public IPs,,,0.12
2026-08-08,,Data transfer,production,platform,40.9792
2026-08-09,r-0001,Compute,production,platform,2.4
2026-08-09,r-0002,Block storage,production,platform,0.3288
2026-08-09,r-0003,Compute,production,platform,2.4
2026-08-09,r-0004,Block storage,production,platform,0.3288
2026-08-09,r-0005,Compute,production,platform,2.4
2026-08-09,r-0006,Block storage,production,platform,0.3288
2026-08-09,r-0007,Compute,production,platform,2.4
2026-08-09,r-0008,Block storage,production,platform,0.3288
2026-08-09,r-0009,Compute,production,platform,2.4
2026-08-09,r-0010,Block storage,production,platform,0.6576
2026-08-09,r-0011,Compute,production,platform,2.4
2026-08-09,r-0012,Block storage,production,platform,0.3288
2026-08-09,r-0013,Compute,production,platform,4.8
2026-08-09,r-0014,Block storage,production,platform,0.3288
2026-08-09,r-0015,Compute,production,platform,4.8
2026-08-09,r-0016,Block storage,production,platform,0.1644
2026-08-09,r-0017,Compute,production,platform,4.8
2026-08-09,r-0018,Block storage,production,platform,0.3288
2026-08-09,r-0019,Compute,production,platform,4.8
2026-08-09,r-0020,Block storage,production,platform,0.3288
2026-08-09,r-0021,Compute,production,invoicing,2.4
2026-08-09,r-0022,Block storage,production,invoicing,0.1644
2026-08-09,r-0023,Compute,production,invoicing,2.4
2026-08-09,r-0024,Block storage,production,invoicing,0.6576
2026-08-09,r-0025,Compute,production,invoicing,2.4
2026-08-09,r-0026,Block storage,production,invoicing,0.6576
2026-08-09,r-0027,Compute,staging,platform,1.2
2026-08-09,r-0028,Block storage,staging,platform,0.3288
2026-08-09,r-0029,Compute,staging,platform,1.2
2026-08-09,r-0030,Block storage,staging,platform,0.3288
2026-08-09,r-0031,Compute,staging,platform,1.2
2026-08-09,r-0032,Block storage,staging,platform,0.6576
2026-08-09,r-0033,Compute,staging,platform,1.2
2026-08-09,r-0034,Block storage,staging,platform,0.6576
2026-08-09,r-0035,Compute,staging,platform,1.2
2026-08-09,r-0036,Block storage,staging,platform,0.1644
2026-08-09,r-0037,Compute,staging,platform,1.2
2026-08-09,r-0038,Block storage,staging,platform,0.3288
2026-08-09,r-0039,Compute,development,invoicing,1.2
2026-08-09,r-0040,Block storage,development,invoicing,0.3288
2026-08-09,r-0041,Compute,development,invoicing,1.2
2026-08-09,r-0042,Block storage,development,invoicing,0.6576
2026-08-09,r-0043,Compute,development,invoicing,2.4
2026-08-09,r-0044,Block storage,development,invoicing,0.1644
2026-08-09,r-0045,Compute,development,invoicing,1.2
2026-08-09,r-0046,Block storage,development,invoicing,0.3288
2026-08-09,r-0047,Compute,development,invoicing,1.2
2026-08-09,r-0048,Block storage,development,invoicing,0.1644
2026-08-09,r-0049,Compute,development,invoicing,2.4
2026-08-09,r-0050,Block storage,development,invoicing,0.3288
2026-08-09,r-0051,Compute,development,payments,1.2
2026-08-09,r-0052,Block storage,development,payments,0.3288
2026-08-09,r-0053,Compute,development,payments,1.2
2026-08-09,r-0054,Block storage,development,payments,0.3288
2026-08-09,r-0055,Compute,development,payments,2.4
2026-08-09,r-0056,Block storage,development,payments,0.1644
2026-08-09,r-0057,Compute,development,payments,1.2
2026-08-09,r-0058,Block storage,development,payments,0.1644
2026-08-09,r-0059,Compute,development,payments,1.2
2026-08-09,r-0060,Block storage,development,payments,0.3288
2026-08-09,r-0061,Compute,development,payments,2.4
2026-08-09,r-0062,Block storage,development,payments,0.3288
2026-08-09,r-0063,Compute,development,,4.8
2026-08-09,r-0064,Block storage,development,,1.6438
2026-08-09,r-0065,Compute,,,2.4
2026-08-09,r-0066,Block storage,,,0.3288
2026-08-09,r-0067,Compute,development,,2.4
2026-08-09,r-0068,Block storage,development,,0.1644
2026-08-09,r-0070,Block storage,development,platform,0.3288
2026-08-09,r-0072,Block storage,development,,0.3288
2026-08-09,r-0074,Block storage,development,,0.1644
2026-08-09,r-0076,Block storage,development,,0.3288
2026-08-09,r-0077,Block storage,,,0.6576
2026-08-09,r-0078,Block storage,development,,3.2878
2026-08-09,r-0079,Block storage,development,platform,0.6576
2026-08-09,r-0080,Block storage,,,3.2878
2026-08-09,r-0081,Block storage,staging,,1.6438
2026-08-09,r-0082,Block storage,,,0.6576
2026-08-09,r-0083,Block storage,,,1.6438
2026-08-09,r-0084,Block storage,staging,,0.6576
2026-08-09,r-0085,Snapshots,production,,0.3288
2026-08-09,r-0086,Snapshots,development,platform,0.822
2026-08-09,r-0087,Snapshots,production,platform,0.3288
2026-08-09,r-0088,Snapshots,production,platform,0.1644
2026-08-09,r-0089,Snapshots,production,platform,0.3288
2026-08-09,r-0090,Snapshots,production,platform,0.1644
2026-08-09,r-0091,Snapshots,production,platform,0.1644
2026-08-09,r-0092,Snapshots,staging,platform,0.0821
2026-08-09,r-0093,Snapshots,development,platform,0.822
2026-08-09,r-0094,Snapshots,production,platform,0.3288
2026-08-09,r-0095,Snapshots,production,platform,0.822
2026-08-09,r-0096,Snapshots,staging,platform,0.1644
2026-08-09,r-0097,Snapshots,development,,0.0821
2026-08-09,r-0098,Snapshots,development,,0.3288
2026-08-09,r-0099,Snapshots,production,platform,0.3288
2026-08-09,r-0100,Snapshots,production,platform,0.0821
2026-08-09,r-0101,Snapshots,development,platform,0.3288
2026-08-09,r-0102,Snapshots,production,platform,0.0821
2026-08-09,r-0103,Snapshots,development,,0.822
2026-08-09,r-0104,Snapshots,development,,0.1644
2026-08-09,r-0105,Snapshots,staging,platform,0.0821
2026-08-09,r-0106,Snapshots,production,,0.3288
2026-08-09,r-0107,Snapshots,production,platform,0.1644
2026-08-09,r-0108,Snapshots,production,platform,0.0821
2026-08-09,r-0109,Snapshots,development,platform,0.3288
2026-08-09,r-0110,Snapshots,development,,0.0821
2026-08-09,r-0111,Snapshots,staging,,0.1644
2026-08-09,r-0112,Snapshots,production,platform,0.822
2026-08-09,r-0113,Snapshots,production,platform,0.1644
2026-08-09,r-0114,Snapshots,development,,0.1644
2026-08-09,r-0115,Snapshots,staging,,0.1644
2026-08-09,r-0116,Snapshots,staging,platform,0.0821
2026-08-09,r-0117,Snapshots,production,,0.1644
2026-08-09,r-0118,Snapshots,production,platform,0.1644
2026-08-09,r-0119,Snapshots,development,platform,0.0821
2026-08-09,r-0120,Snapshots,production,,0.822
2026-08-09,r-0121,Object storage,production,invoicing,1.361
2026-08-09,r-0122,Object storage,production,platform,3.0247
2026-08-09,r-0123,Object storage,production,marketing,0.0302
2026-08-09,r-0124,Object storage,production,,0.2647
2026-08-09,r-0125,Object storage,production,platform,1.8905
2026-08-09,r-0126,Object storage,development,,0.4536
2026-08-09,r-0127,Managed database,production,platform,10.8
2026-08-09,r-0128,Managed database,staging,platform,5.52
2026-08-09,r-0129,Load balancing,production,platform,0.6
2026-08-09,r-0130,Load balancing,staging,platform,0.6
2026-08-09,r-0131,Public IPs,,,0.12
2026-08-09,r-0132,Public IPs,,,0.12
2026-08-09,r-0133,Public IPs,,,0.12
2026-08-09,,Data transfer,production,platform,42.8298
2026-08-10,r-0001,Compute,production,platform,2.4
2026-08-10,r-0002,Block storage,production,platform,0.3288
2026-08-10,r-0003,Compute,production,platform,2.4
2026-08-10,r-0004,Block storage,production,platform,0.3288
2026-08-10,r-0005,Compute,production,platform,2.4
2026-08-10,r-0006,Block storage,production,platform,0.3288
2026-08-10,r-0007,Compute,production,platform,2.4
2026-08-10,r-0008,Block storage,production,platform,0.3288
2026-08-10,r-0009,Compute,production,platform,2.4
2026-08-10,r-0010,Block storage,production,platform,0.6576
2026-08-10,r-0011,Compute,production,platform,2.4
2026-08-10,r-0012,Block storage,production,platform,0.3288
2026-08-10,r-0013,Compute,production,platform,4.8
2026-08-10,r-0014,Block storage,production,platform,0.3288
2026-08-10,r-0015,Compute,production,platform,4.8
2026-08-10,r-0016,Block storage,production,platform,0.1644
2026-08-10,r-0017,Compute,production,platform,4.8
2026-08-10,r-0018,Block storage,production,platform,0.3288
2026-08-10,r-0019,Compute,production,platform,4.8
2026-08-10,r-0020,Block storage,production,platform,0.3288
2026-08-10,r-0021,Compute,production,invoicing,2.4
2026-08-10,r-0022,Block storage,production,invoicing,0.1644
2026-08-10,r-0023,Compute,production,invoicing,2.4
2026-08-10,r-0024,Block storage,production,invoicing,0.6576
2026-08-10,r-0025,Compute,production,invoicing,2.4
2026-08-10,r-0026,Block storage,production,invoicing,0.6576
2026-08-10,r-0027,Compute,staging,platform,1.2
2026-08-10,r-0028,Block storage,staging,platform,0.3288
2026-08-10,r-0029,Compute,staging,platform,1.2
2026-08-10,r-0030,Block storage,staging,platform,0.3288
2026-08-10,r-0031,Compute,staging,platform,1.2
2026-08-10,r-0032,Block storage,staging,platform,0.6576
2026-08-10,r-0033,Compute,staging,platform,1.2
2026-08-10,r-0034,Block storage,staging,platform,0.6576
2026-08-10,r-0035,Compute,staging,platform,1.2
2026-08-10,r-0036,Block storage,staging,platform,0.1644
2026-08-10,r-0037,Compute,staging,platform,1.2
2026-08-10,r-0038,Block storage,staging,platform,0.3288
2026-08-10,r-0039,Compute,development,invoicing,1.2
2026-08-10,r-0040,Block storage,development,invoicing,0.3288
2026-08-10,r-0041,Compute,development,invoicing,1.2
2026-08-10,r-0042,Block storage,development,invoicing,0.6576
2026-08-10,r-0043,Compute,development,invoicing,2.4
2026-08-10,r-0044,Block storage,development,invoicing,0.1644
2026-08-10,r-0045,Compute,development,invoicing,1.2
2026-08-10,r-0046,Block storage,development,invoicing,0.3288
2026-08-10,r-0047,Compute,development,invoicing,1.2
2026-08-10,r-0048,Block storage,development,invoicing,0.1644
2026-08-10,r-0049,Compute,development,invoicing,2.4
2026-08-10,r-0050,Block storage,development,invoicing,0.3288
2026-08-10,r-0051,Compute,development,payments,1.2
2026-08-10,r-0052,Block storage,development,payments,0.3288
2026-08-10,r-0053,Compute,development,payments,1.2
2026-08-10,r-0054,Block storage,development,payments,0.3288
2026-08-10,r-0055,Compute,development,payments,2.4
2026-08-10,r-0056,Block storage,development,payments,0.1644
2026-08-10,r-0057,Compute,development,payments,1.2
2026-08-10,r-0058,Block storage,development,payments,0.1644
2026-08-10,r-0059,Compute,development,payments,1.2
2026-08-10,r-0060,Block storage,development,payments,0.3288
2026-08-10,r-0061,Compute,development,payments,2.4
2026-08-10,r-0062,Block storage,development,payments,0.3288
2026-08-10,r-0063,Compute,development,,4.8
2026-08-10,r-0064,Block storage,development,,1.6438
2026-08-10,r-0065,Compute,,,2.4
2026-08-10,r-0066,Block storage,,,0.3288
2026-08-10,r-0067,Compute,development,,2.4
2026-08-10,r-0068,Block storage,development,,0.1644
2026-08-10,r-0070,Block storage,development,platform,0.3288
2026-08-10,r-0072,Block storage,development,,0.3288
2026-08-10,r-0074,Block storage,development,,0.1644
2026-08-10,r-0076,Block storage,development,,0.3288
2026-08-10,r-0077,Block storage,,,0.6576
2026-08-10,r-0078,Block storage,development,,3.2878
2026-08-10,r-0079,Block storage,development,platform,0.6576
2026-08-10,r-0080,Block storage,,,3.2878
2026-08-10,r-0081,Block storage,staging,,1.6438
2026-08-10,r-0082,Block storage,,,0.6576
2026-08-10,r-0083,Block storage,,,1.6438
2026-08-10,r-0084,Block storage,staging,,0.6576
2026-08-10,r-0085,Snapshots,production,,0.3288
2026-08-10,r-0086,Snapshots,development,platform,0.822
2026-08-10,r-0087,Snapshots,production,platform,0.3288
2026-08-10,r-0088,Snapshots,production,platform,0.1644
2026-08-10,r-0089,Snapshots,production,platform,0.3288
2026-08-10,r-0090,Snapshots,production,platform,0.1644
2026-08-10,r-0091,Snapshots,production,platform,0.1644
2026-08-10,r-0092,Snapshots,staging,platform,0.0821
2026-08-10,r-0093,Snapshots,development,platform,0.822
2026-08-10,r-0094,Snapshots,production,platform,0.3288
2026-08-10,r-0095,Snapshots,production,platform,0.822
2026-08-10,r-0096,Snapshots,staging,platform,0.1644
2026-08-10,r-0097,Snapshots,development,,0.0821
2026-08-10,r-0098,Snapshots,development,,0.3288
2026-08-10,r-0099,Snapshots,production,platform,0.3288
2026-08-10,r-0100,Snapshots,production,platform,0.0821
2026-08-10,r-0101,Snapshots,development,platform,0.3288
2026-08-10,r-0102,Snapshots,production,platform,0.0821
2026-08-10,r-0103,Snapshots,development,,0.822
2026-08-10,r-0104,Snapshots,development,,0.1644
2026-08-10,r-0105,Snapshots,staging,platform,0.0821
2026-08-10,r-0106,Snapshots,production,,0.3288
2026-08-10,r-0107,Snapshots,production,platform,0.1644
2026-08-10,r-0108,Snapshots,production,platform,0.0821
2026-08-10,r-0109,Snapshots,development,platform,0.3288
2026-08-10,r-0110,Snapshots,development,,0.0821
2026-08-10,r-0111,Snapshots,staging,,0.1644
2026-08-10,r-0112,Snapshots,production,platform,0.822
2026-08-10,r-0113,Snapshots,production,platform,0.1644
2026-08-10,r-0114,Snapshots,development,,0.1644
2026-08-10,r-0115,Snapshots,staging,,0.1644
2026-08-10,r-0116,Snapshots,staging,platform,0.0821
2026-08-10,r-0117,Snapshots,production,,0.1644
2026-08-10,r-0118,Snapshots,production,platform,0.1644
2026-08-10,r-0119,Snapshots,development,platform,0.0821
2026-08-10,r-0120,Snapshots,production,,0.822
2026-08-10,r-0121,Object storage,production,invoicing,1.361
2026-08-10,r-0122,Object storage,production,platform,3.0247
2026-08-10,r-0123,Object storage,production,marketing,0.0302
2026-08-10,r-0124,Object storage,production,,0.2647
2026-08-10,r-0125,Object storage,production,platform,1.8905
2026-08-10,r-0126,Object storage,development,,0.4536
2026-08-10,r-0127,Managed database,production,platform,10.8
2026-08-10,r-0128,Managed database,staging,platform,5.52
2026-08-10,r-0129,Load balancing,production,platform,0.6
2026-08-10,r-0130,Load balancing,staging,platform,0.6
2026-08-10,r-0131,Public IPs,,,0.12
2026-08-10,r-0132,Public IPs,,,0.12
2026-08-10,r-0133,Public IPs,,,0.12
2026-08-10,,Data transfer,production,platform,41.736
2026-08-11,r-0001,Compute,production,platform,2.4
2026-08-11,r-0002,Block storage,production,platform,0.3288
2026-08-11,r-0003,Compute,production,platform,2.4
2026-08-11,r-0004,Block storage,production,platform,0.3288
2026-08-11,r-0005,Compute,production,platform,2.4
2026-08-11,r-0006,Block storage,production,platform,0.3288
2026-08-11,r-0007,Compute,production,platform,2.4
2026-08-11,r-0008,Block storage,production,platform,0.3288
2026-08-11,r-0009,Compute,production,platform,2.4
2026-08-11,r-0010,Block storage,production,platform,0.6576
2026-08-11,r-0011,Compute,production,platform,2.4
2026-08-11,r-0012,Block storage,production,platform,0.3288
2026-08-11,r-0013,Compute,production,platform,4.8
2026-08-11,r-0014,Block storage,production,platform,0.3288
2026-08-11,r-0015,Compute,production,platform,4.8
2026-08-11,r-0016,Block storage,production,platform,0.1644
2026-08-11,r-0017,Compute,production,platform,4.8
2026-08-11,r-0018,Block storage,production,platform,0.3288
2026-08-11,r-0019,Compute,production,platform,4.8
2026-08-11,r-0020,Block storage,production,platform,0.3288
2026-08-11,r-0021,Compute,production,invoicing,2.4
2026-08-11,r-0022,Block storage,production,invoicing,0.1644
2026-08-11,r-0023,Compute,production,invoicing,2.4
2026-08-11,r-0024,Block storage,production,invoicing,0.6576
2026-08-11,r-0025,Compute,production,invoicing,2.4
2026-08-11,r-0026,Block storage,production,invoicing,0.6576
2026-08-11,r-0027,Compute,staging,platform,1.2
2026-08-11,r-0028,Block storage,staging,platform,0.3288
2026-08-11,r-0029,Compute,staging,platform,1.2
2026-08-11,r-0030,Block storage,staging,platform,0.3288
2026-08-11,r-0031,Compute,staging,platform,1.2
2026-08-11,r-0032,Block storage,staging,platform,0.6576
2026-08-11,r-0033,Compute,staging,platform,1.2
2026-08-11,r-0034,Block storage,staging,platform,0.6576
2026-08-11,r-0035,Compute,staging,platform,1.2
2026-08-11,r-0036,Block storage,staging,platform,0.1644
2026-08-11,r-0037,Compute,staging,platform,1.2
2026-08-11,r-0038,Block storage,staging,platform,0.3288
2026-08-11,r-0039,Compute,development,invoicing,1.2
2026-08-11,r-0040,Block storage,development,invoicing,0.3288
2026-08-11,r-0041,Compute,development,invoicing,1.2
2026-08-11,r-0042,Block storage,development,invoicing,0.6576
2026-08-11,r-0043,Compute,development,invoicing,2.4
2026-08-11,r-0044,Block storage,development,invoicing,0.1644
2026-08-11,r-0045,Compute,development,invoicing,1.2
2026-08-11,r-0046,Block storage,development,invoicing,0.3288
2026-08-11,r-0047,Compute,development,invoicing,1.2
2026-08-11,r-0048,Block storage,development,invoicing,0.1644
2026-08-11,r-0049,Compute,development,invoicing,2.4
2026-08-11,r-0050,Block storage,development,invoicing,0.3288
2026-08-11,r-0051,Compute,development,payments,1.2
2026-08-11,r-0052,Block storage,development,payments,0.3288
2026-08-11,r-0053,Compute,development,payments,1.2
2026-08-11,r-0054,Block storage,development,payments,0.3288
2026-08-11,r-0055,Compute,development,payments,2.4
2026-08-11,r-0056,Block storage,development,payments,0.1644
2026-08-11,r-0057,Compute,development,payments,1.2
2026-08-11,r-0058,Block storage,development,payments,0.1644
2026-08-11,r-0059,Compute,development,payments,1.2
2026-08-11,r-0060,Block storage,development,payments,0.3288
2026-08-11,r-0061,Compute,development,payments,2.4
2026-08-11,r-0062,Block storage,development,payments,0.3288
2026-08-11,r-0063,Compute,development,,4.8
2026-08-11,r-0064,Block storage,development,,1.6438
2026-08-11,r-0065,Compute,,,2.4
2026-08-11,r-0066,Block storage,,,0.3288
2026-08-11,r-0067,Compute,development,,2.4
2026-08-11,r-0068,Block storage,development,,0.1644
2026-08-11,r-0070,Block storage,development,platform,0.3288
2026-08-11,r-0072,Block storage,development,,0.3288
2026-08-11,r-0074,Block storage,development,,0.1644
2026-08-11,r-0076,Block storage,development,,0.3288
2026-08-11,r-0077,Block storage,,,0.6576
2026-08-11,r-0078,Block storage,development,,3.2878
2026-08-11,r-0079,Block storage,development,platform,0.6576
2026-08-11,r-0080,Block storage,,,3.2878
2026-08-11,r-0081,Block storage,staging,,1.6438
2026-08-11,r-0082,Block storage,,,0.6576
2026-08-11,r-0083,Block storage,,,1.6438
2026-08-11,r-0084,Block storage,staging,,0.6576
2026-08-11,r-0085,Snapshots,production,,0.3288
2026-08-11,r-0086,Snapshots,development,platform,0.822
2026-08-11,r-0087,Snapshots,production,platform,0.3288
2026-08-11,r-0088,Snapshots,production,platform,0.1644
2026-08-11,r-0089,Snapshots,production,platform,0.3288
2026-08-11,r-0090,Snapshots,production,platform,0.1644
2026-08-11,r-0091,Snapshots,production,platform,0.1644
2026-08-11,r-0092,Snapshots,staging,platform,0.0821
2026-08-11,r-0093,Snapshots,development,platform,0.822
2026-08-11,r-0094,Snapshots,production,platform,0.3288
2026-08-11,r-0095,Snapshots,production,platform,0.822
2026-08-11,r-0096,Snapshots,staging,platform,0.1644
2026-08-11,r-0097,Snapshots,development,,0.0821
2026-08-11,r-0098,Snapshots,development,,0.3288
2026-08-11,r-0099,Snapshots,production,platform,0.3288
2026-08-11,r-0100,Snapshots,production,platform,0.0821
2026-08-11,r-0101,Snapshots,development,platform,0.3288
2026-08-11,r-0102,Snapshots,production,platform,0.0821
2026-08-11,r-0103,Snapshots,development,,0.822
2026-08-11,r-0104,Snapshots,development,,0.1644
2026-08-11,r-0105,Snapshots,staging,platform,0.0821
2026-08-11,r-0106,Snapshots,production,,0.3288
2026-08-11,r-0107,Snapshots,production,platform,0.1644
2026-08-11,r-0108,Snapshots,production,platform,0.0821
2026-08-11,r-0109,Snapshots,development,platform,0.3288
2026-08-11,r-0110,Snapshots,development,,0.0821
2026-08-11,r-0111,Snapshots,staging,,0.1644
2026-08-11,r-0112,Snapshots,production,platform,0.822
2026-08-11,r-0113,Snapshots,production,platform,0.1644
2026-08-11,r-0114,Snapshots,development,,0.1644
2026-08-11,r-0115,Snapshots,staging,,0.1644
2026-08-11,r-0116,Snapshots,staging,platform,0.0821
2026-08-11,r-0117,Snapshots,production,,0.1644
2026-08-11,r-0118,Snapshots,production,platform,0.1644
2026-08-11,r-0119,Snapshots,development,platform,0.0821
2026-08-11,r-0120,Snapshots,production,,0.822
2026-08-11,r-0121,Object storage,production,invoicing,1.361
2026-08-11,r-0122,Object storage,production,platform,3.0247
2026-08-11,r-0123,Object storage,production,marketing,0.0302
2026-08-11,r-0124,Object storage,production,,0.2647
2026-08-11,r-0125,Object storage,production,platform,1.8905
2026-08-11,r-0126,Object storage,development,,0.4536
2026-08-11,r-0127,Managed database,production,platform,10.8
2026-08-11,r-0128,Managed database,staging,platform,5.52
2026-08-11,r-0129,Load balancing,production,platform,0.6
2026-08-11,r-0130,Load balancing,staging,platform,0.6
2026-08-11,r-0131,Public IPs,,,0.12
2026-08-11,r-0132,Public IPs,,,0.12
2026-08-11,r-0133,Public IPs,,,0.12
2026-08-11,,Data transfer,production,platform,37.9636
2026-08-12,r-0001,Compute,production,platform,2.4
2026-08-12,r-0002,Block storage,production,platform,0.3288
2026-08-12,r-0003,Compute,production,platform,2.4
2026-08-12,r-0004,Block storage,production,platform,0.3288
2026-08-12,r-0005,Compute,production,platform,2.4
2026-08-12,r-0006,Block storage,production,platform,0.3288
2026-08-12,r-0007,Compute,production,platform,2.4
2026-08-12,r-0008,Block storage,production,platform,0.3288
2026-08-12,r-0009,Compute,production,platform,2.4
2026-08-12,r-0010,Block storage,production,platform,0.6576
2026-08-12,r-0011,Compute,production,platform,2.4
2026-08-12,r-0012,Block storage,production,platform,0.3288
2026-08-12,r-0013,Compute,production,platform,4.8
2026-08-12,r-0014,Block storage,production,platform,0.3288
2026-08-12,r-0015,Compute,production,platform,4.8
2026-08-12,r-0016,Block storage,production,platform,0.1644
2026-08-12,r-0017,Compute,production,platform,4.8
2026-08-12,r-0018,Block storage,production,platform,0.3288
2026-08-12,r-0019,Compute,production,platform,4.8
2026-08-12,r-0020,Block storage,production,platform,0.3288
2026-08-12,r-0021,Compute,production,invoicing,2.4
2026-08-12,r-0022,Block storage,production,invoicing,0.1644
2026-08-12,r-0023,Compute,production,invoicing,2.4
2026-08-12,r-0024,Block storage,production,invoicing,0.6576
2026-08-12,r-0025,Compute,production,invoicing,2.4
2026-08-12,r-0026,Block storage,production,invoicing,0.6576
2026-08-12,r-0027,Compute,staging,platform,1.2
2026-08-12,r-0028,Block storage,staging,platform,0.3288
2026-08-12,r-0029,Compute,staging,platform,1.2
2026-08-12,r-0030,Block storage,staging,platform,0.3288
2026-08-12,r-0031,Compute,staging,platform,1.2
2026-08-12,r-0032,Block storage,staging,platform,0.6576
2026-08-12,r-0033,Compute,staging,platform,1.2
2026-08-12,r-0034,Block storage,staging,platform,0.6576
2026-08-12,r-0035,Compute,staging,platform,1.2
2026-08-12,r-0036,Block storage,staging,platform,0.1644
2026-08-12,r-0037,Compute,staging,platform,1.2
2026-08-12,r-0038,Block storage,staging,platform,0.3288
2026-08-12,r-0039,Compute,development,invoicing,1.2
2026-08-12,r-0040,Block storage,development,invoicing,0.3288
2026-08-12,r-0041,Compute,development,invoicing,1.2
2026-08-12,r-0042,Block storage,development,invoicing,0.6576
2026-08-12,r-0043,Compute,development,invoicing,2.4
2026-08-12,r-0044,Block storage,development,invoicing,0.1644
2026-08-12,r-0045,Compute,development,invoicing,1.2
2026-08-12,r-0046,Block storage,development,invoicing,0.3288
2026-08-12,r-0047,Compute,development,invoicing,1.2
2026-08-12,r-0048,Block storage,development,invoicing,0.1644
2026-08-12,r-0049,Compute,development,invoicing,2.4
2026-08-12,r-0050,Block storage,development,invoicing,0.3288
2026-08-12,r-0051,Compute,development,payments,1.2
2026-08-12,r-0052,Block storage,development,payments,0.3288
2026-08-12,r-0053,Compute,development,payments,1.2
2026-08-12,r-0054,Block storage,development,payments,0.3288
2026-08-12,r-0055,Compute,development,payments,2.4
2026-08-12,r-0056,Block storage,development,payments,0.1644
2026-08-12,r-0057,Compute,development,payments,1.2
2026-08-12,r-0058,Block storage,development,payments,0.1644
2026-08-12,r-0059,Compute,development,payments,1.2
2026-08-12,r-0060,Block storage,development,payments,0.3288
2026-08-12,r-0061,Compute,development,payments,2.4
2026-08-12,r-0062,Block storage,development,payments,0.3288
2026-08-12,r-0063,Compute,development,,4.8
2026-08-12,r-0064,Block storage,development,,1.6438
2026-08-12,r-0065,Compute,,,2.4
2026-08-12,r-0066,Block storage,,,0.3288
2026-08-12,r-0067,Compute,development,,2.4
2026-08-12,r-0068,Block storage,development,,0.1644
2026-08-12,r-0070,Block storage,development,platform,0.3288
2026-08-12,r-0072,Block storage,development,,0.3288
2026-08-12,r-0074,Block storage,development,,0.1644
2026-08-12,r-0076,Block storage,development,,0.3288
2026-08-12,r-0077,Block storage,,,0.6576
2026-08-12,r-0078,Block storage,development,,3.2878
2026-08-12,r-0079,Block storage,development,platform,0.6576
2026-08-12,r-0080,Block storage,,,3.2878
2026-08-12,r-0081,Block storage,staging,,1.6438
2026-08-12,r-0082,Block storage,,,0.6576
2026-08-12,r-0083,Block storage,,,1.6438
2026-08-12,r-0084,Block storage,staging,,0.6576
2026-08-12,r-0085,Snapshots,production,,0.3288
2026-08-12,r-0086,Snapshots,development,platform,0.822
2026-08-12,r-0087,Snapshots,production,platform,0.3288
2026-08-12,r-0088,Snapshots,production,platform,0.1644
2026-08-12,r-0089,Snapshots,production,platform,0.3288
2026-08-12,r-0090,Snapshots,production,platform,0.1644
2026-08-12,r-0091,Snapshots,production,platform,0.1644
2026-08-12,r-0092,Snapshots,staging,platform,0.0821
2026-08-12,r-0093,Snapshots,development,platform,0.822
2026-08-12,r-0094,Snapshots,production,platform,0.3288
2026-08-12,r-0095,Snapshots,production,platform,0.822
2026-08-12,r-0096,Snapshots,staging,platform,0.1644
2026-08-12,r-0097,Snapshots,development,,0.0821
2026-08-12,r-0098,Snapshots,development,,0.3288
2026-08-12,r-0099,Snapshots,production,platform,0.3288
2026-08-12,r-0100,Snapshots,production,platform,0.0821
2026-08-12,r-0101,Snapshots,development,platform,0.3288
2026-08-12,r-0102,Snapshots,production,platform,0.0821
2026-08-12,r-0103,Snapshots,development,,0.822
2026-08-12,r-0104,Snapshots,development,,0.1644
2026-08-12,r-0105,Snapshots,staging,platform,0.0821
2026-08-12,r-0106,Snapshots,production,,0.3288
2026-08-12,r-0107,Snapshots,production,platform,0.1644
2026-08-12,r-0108,Snapshots,production,platform,0.0821
2026-08-12,r-0109,Snapshots,development,platform,0.3288
2026-08-12,r-0110,Snapshots,development,,0.0821
2026-08-12,r-0111,Snapshots,staging,,0.1644
2026-08-12,r-0112,Snapshots,production,platform,0.822
2026-08-12,r-0113,Snapshots,production,platform,0.1644
2026-08-12,r-0114,Snapshots,development,,0.1644
2026-08-12,r-0115,Snapshots,staging,,0.1644
2026-08-12,r-0116,Snapshots,staging,platform,0.0821
2026-08-12,r-0117,Snapshots,production,,0.1644
2026-08-12,r-0118,Snapshots,production,platform,0.1644
2026-08-12,r-0119,Snapshots,development,platform,0.0821
2026-08-12,r-0120,Snapshots,production,,0.822
2026-08-12,r-0121,Object storage,production,invoicing,1.361
2026-08-12,r-0122,Object storage,production,platform,3.0247
2026-08-12,r-0123,Object storage,production,marketing,0.0302
2026-08-12,r-0124,Object storage,production,,0.2647
2026-08-12,r-0125,Object storage,production,platform,1.8905
2026-08-12,r-0126,Object storage,development,,0.4536
2026-08-12,r-0127,Managed database,production,platform,10.8
2026-08-12,r-0128,Managed database,staging,platform,5.52
2026-08-12,r-0129,Load balancing,production,platform,0.6
2026-08-12,r-0130,Load balancing,staging,platform,0.6
2026-08-12,r-0131,Public IPs,,,0.12
2026-08-12,r-0132,Public IPs,,,0.12
2026-08-12,r-0133,Public IPs,,,0.12
2026-08-12,,Data transfer,production,platform,43.7832
2026-08-13,r-0001,Compute,production,platform,2.4
2026-08-13,r-0002,Block storage,production,platform,0.3288
2026-08-13,r-0003,Compute,production,platform,2.4
2026-08-13,r-0004,Block storage,production,platform,0.3288
2026-08-13,r-0005,Compute,production,platform,2.4
2026-08-13,r-0006,Block storage,production,platform,0.3288
2026-08-13,r-0007,Compute,production,platform,2.4
2026-08-13,r-0008,Block storage,production,platform,0.3288
2026-08-13,r-0009,Compute,production,platform,2.4
2026-08-13,r-0010,Block storage,production,platform,0.6576
2026-08-13,r-0011,Compute,production,platform,2.4
2026-08-13,r-0012,Block storage,production,platform,0.3288
2026-08-13,r-0013,Compute,production,platform,4.8
2026-08-13,r-0014,Block storage,production,platform,0.3288
2026-08-13,r-0015,Compute,production,platform,4.8
2026-08-13,r-0016,Block storage,production,platform,0.1644
2026-08-13,r-0017,Compute,production,platform,4.8
2026-08-13,r-0018,Block storage,production,platform,0.3288
2026-08-13,r-0019,Compute,production,platform,4.8
2026-08-13,r-0020,Block storage,production,platform,0.3288
2026-08-13,r-0021,Compute,production,invoicing,2.4
2026-08-13,r-0022,Block storage,production,invoicing,0.1644
2026-08-13,r-0023,Compute,production,invoicing,2.4
2026-08-13,r-0024,Block storage,production,invoicing,0.6576
2026-08-13,r-0025,Compute,production,invoicing,2.4
2026-08-13,r-0026,Block storage,production,invoicing,0.6576
2026-08-13,r-0027,Compute,staging,platform,1.2
2026-08-13,r-0028,Block storage,staging,platform,0.3288
2026-08-13,r-0029,Compute,staging,platform,1.2
2026-08-13,r-0030,Block storage,staging,platform,0.3288
2026-08-13,r-0031,Compute,staging,platform,1.2
2026-08-13,r-0032,Block storage,staging,platform,0.6576
2026-08-13,r-0033,Compute,staging,platform,1.2
2026-08-13,r-0034,Block storage,staging,platform,0.6576
2026-08-13,r-0035,Compute,staging,platform,1.2
2026-08-13,r-0036,Block storage,staging,platform,0.1644
2026-08-13,r-0037,Compute,staging,platform,1.2
2026-08-13,r-0038,Block storage,staging,platform,0.3288
2026-08-13,r-0039,Compute,development,invoicing,1.2
2026-08-13,r-0040,Block storage,development,invoicing,0.3288
2026-08-13,r-0041,Compute,development,invoicing,1.2
2026-08-13,r-0042,Block storage,development,invoicing,0.6576
2026-08-13,r-0043,Compute,development,invoicing,2.4
2026-08-13,r-0044,Block storage,development,invoicing,0.1644
2026-08-13,r-0045,Compute,development,invoicing,1.2
2026-08-13,r-0046,Block storage,development,invoicing,0.3288
2026-08-13,r-0047,Compute,development,invoicing,1.2
2026-08-13,r-0048,Block storage,development,invoicing,0.1644
2026-08-13,r-0049,Compute,development,invoicing,2.4
2026-08-13,r-0050,Block storage,development,invoicing,0.3288
2026-08-13,r-0051,Compute,development,payments,1.2
2026-08-13,r-0052,Block storage,development,payments,0.3288
2026-08-13,r-0053,Compute,development,payments,1.2
2026-08-13,r-0054,Block storage,development,payments,0.3288
2026-08-13,r-0055,Compute,development,payments,2.4
2026-08-13,r-0056,Block storage,development,payments,0.1644
2026-08-13,r-0057,Compute,development,payments,1.2
2026-08-13,r-0058,Block storage,development,payments,0.1644
2026-08-13,r-0059,Compute,development,payments,1.2
2026-08-13,r-0060,Block storage,development,payments,0.3288
2026-08-13,r-0061,Compute,development,payments,2.4
2026-08-13,r-0062,Block storage,development,payments,0.3288
2026-08-13,r-0063,Compute,development,,4.8
2026-08-13,r-0064,Block storage,development,,1.6438
2026-08-13,r-0065,Compute,,,2.4
2026-08-13,r-0066,Block storage,,,0.3288
2026-08-13,r-0067,Compute,development,,2.4
2026-08-13,r-0068,Block storage,development,,0.1644
2026-08-13,r-0070,Block storage,development,platform,0.3288
2026-08-13,r-0072,Block storage,development,,0.3288
2026-08-13,r-0074,Block storage,development,,0.1644
2026-08-13,r-0076,Block storage,development,,0.3288
2026-08-13,r-0077,Block storage,,,0.6576
2026-08-13,r-0078,Block storage,development,,3.2878
2026-08-13,r-0079,Block storage,development,platform,0.6576
2026-08-13,r-0080,Block storage,,,3.2878
2026-08-13,r-0081,Block storage,staging,,1.6438
2026-08-13,r-0082,Block storage,,,0.6576
2026-08-13,r-0083,Block storage,,,1.6438
2026-08-13,r-0084,Block storage,staging,,0.6576
2026-08-13,r-0085,Snapshots,production,,0.3288
2026-08-13,r-0086,Snapshots,development,platform,0.822
2026-08-13,r-0087,Snapshots,production,platform,0.3288
2026-08-13,r-0088,Snapshots,production,platform,0.1644
2026-08-13,r-0089,Snapshots,production,platform,0.3288
2026-08-13,r-0090,Snapshots,production,platform,0.1644
2026-08-13,r-0091,Snapshots,production,platform,0.1644
2026-08-13,r-0092,Snapshots,staging,platform,0.0821
2026-08-13,r-0093,Snapshots,development,platform,0.822
2026-08-13,r-0094,Snapshots,production,platform,0.3288
2026-08-13,r-0095,Snapshots,production,platform,0.822
2026-08-13,r-0096,Snapshots,staging,platform,0.1644
2026-08-13,r-0097,Snapshots,development,,0.0821
2026-08-13,r-0098,Snapshots,development,,0.3288
2026-08-13,r-0099,Snapshots,production,platform,0.3288
2026-08-13,r-0100,Snapshots,production,platform,0.0821
2026-08-13,r-0101,Snapshots,development,platform,0.3288
2026-08-13,r-0102,Snapshots,production,platform,0.0821
2026-08-13,r-0103,Snapshots,development,,0.822
2026-08-13,r-0104,Snapshots,development,,0.1644
2026-08-13,r-0105,Snapshots,staging,platform,0.0821
2026-08-13,r-0106,Snapshots,production,,0.3288
2026-08-13,r-0107,Snapshots,production,platform,0.1644
2026-08-13,r-0108,Snapshots,production,platform,0.0821
2026-08-13,r-0109,Snapshots,development,platform,0.3288
2026-08-13,r-0110,Snapshots,development,,0.0821
2026-08-13,r-0111,Snapshots,staging,,0.1644
2026-08-13,r-0112,Snapshots,production,platform,0.822
2026-08-13,r-0113,Snapshots,production,platform,0.1644
2026-08-13,r-0114,Snapshots,development,,0.1644
2026-08-13,r-0115,Snapshots,staging,,0.1644
2026-08-13,r-0116,Snapshots,staging,platform,0.0821
2026-08-13,r-0117,Snapshots,production,,0.1644
2026-08-13,r-0118,Snapshots,production,platform,0.1644
2026-08-13,r-0119,Snapshots,development,platform,0.0821
2026-08-13,r-0120,Snapshots,production,,0.822
2026-08-13,r-0121,Object storage,production,invoicing,1.361
2026-08-13,r-0122,Object storage,production,platform,3.0247
2026-08-13,r-0123,Object storage,production,marketing,0.0302
2026-08-13,r-0124,Object storage,production,,0.2647
2026-08-13,r-0125,Object storage,production,platform,1.8905
2026-08-13,r-0126,Object storage,development,,0.4536
2026-08-13,r-0127,Managed database,production,platform,10.8
2026-08-13,r-0128,Managed database,staging,platform,5.52
2026-08-13,r-0129,Load balancing,production,platform,0.6
2026-08-13,r-0130,Load balancing,staging,platform,0.6
2026-08-13,r-0131,Public IPs,,,0.12
2026-08-13,r-0132,Public IPs,,,0.12
2026-08-13,r-0133,Public IPs,,,0.12
2026-08-13,,Data transfer,production,platform,42.6766
2026-08-14,r-0001,Compute,production,platform,2.4
2026-08-14,r-0002,Block storage,production,platform,0.3288
2026-08-14,r-0003,Compute,production,platform,2.4
2026-08-14,r-0004,Block storage,production,platform,0.3288
2026-08-14,r-0005,Compute,production,platform,2.4
2026-08-14,r-0006,Block storage,production,platform,0.3288
2026-08-14,r-0007,Compute,production,platform,2.4
2026-08-14,r-0008,Block storage,production,platform,0.3288
2026-08-14,r-0009,Compute,production,platform,2.4
2026-08-14,r-0010,Block storage,production,platform,0.6576
2026-08-14,r-0011,Compute,production,platform,2.4
2026-08-14,r-0012,Block storage,production,platform,0.3288
2026-08-14,r-0013,Compute,production,platform,4.8
2026-08-14,r-0014,Block storage,production,platform,0.3288
2026-08-14,r-0015,Compute,production,platform,4.8
2026-08-14,r-0016,Block storage,production,platform,0.1644
2026-08-14,r-0017,Compute,production,platform,4.8
2026-08-14,r-0018,Block storage,production,platform,0.3288
2026-08-14,r-0019,Compute,production,platform,4.8
2026-08-14,r-0020,Block storage,production,platform,0.3288
2026-08-14,r-0021,Compute,production,invoicing,2.4
2026-08-14,r-0022,Block storage,production,invoicing,0.1644
2026-08-14,r-0023,Compute,production,invoicing,2.4
2026-08-14,r-0024,Block storage,production,invoicing,0.6576
2026-08-14,r-0025,Compute,production,invoicing,2.4
2026-08-14,r-0026,Block storage,production,invoicing,0.6576
2026-08-14,r-0027,Compute,staging,platform,1.2
2026-08-14,r-0028,Block storage,staging,platform,0.3288
2026-08-14,r-0029,Compute,staging,platform,1.2
2026-08-14,r-0030,Block storage,staging,platform,0.3288
2026-08-14,r-0031,Compute,staging,platform,1.2
2026-08-14,r-0032,Block storage,staging,platform,0.6576
2026-08-14,r-0033,Compute,staging,platform,1.2
2026-08-14,r-0034,Block storage,staging,platform,0.6576
2026-08-14,r-0035,Compute,staging,platform,1.2
2026-08-14,r-0036,Block storage,staging,platform,0.1644
2026-08-14,r-0037,Compute,staging,platform,1.2
2026-08-14,r-0038,Block storage,staging,platform,0.3288
2026-08-14,r-0039,Compute,development,invoicing,1.2
2026-08-14,r-0040,Block storage,development,invoicing,0.3288
2026-08-14,r-0041,Compute,development,invoicing,1.2
2026-08-14,r-0042,Block storage,development,invoicing,0.6576
2026-08-14,r-0043,Compute,development,invoicing,2.4
2026-08-14,r-0044,Block storage,development,invoicing,0.1644
2026-08-14,r-0045,Compute,development,invoicing,1.2
2026-08-14,r-0046,Block storage,development,invoicing,0.3288
2026-08-14,r-0047,Compute,development,invoicing,1.2
2026-08-14,r-0048,Block storage,development,invoicing,0.1644
2026-08-14,r-0049,Compute,development,invoicing,2.4
2026-08-14,r-0050,Block storage,development,invoicing,0.3288
2026-08-14,r-0051,Compute,development,payments,1.2
2026-08-14,r-0052,Block storage,development,payments,0.3288
2026-08-14,r-0053,Compute,development,payments,1.2
2026-08-14,r-0054,Block storage,development,payments,0.3288
2026-08-14,r-0055,Compute,development,payments,2.4
2026-08-14,r-0056,Block storage,development,payments,0.1644
2026-08-14,r-0057,Compute,development,payments,1.2
2026-08-14,r-0058,Block storage,development,payments,0.1644
2026-08-14,r-0059,Compute,development,payments,1.2
2026-08-14,r-0060,Block storage,development,payments,0.3288
2026-08-14,r-0061,Compute,development,payments,2.4
2026-08-14,r-0062,Block storage,development,payments,0.3288
2026-08-14,r-0063,Compute,development,,4.8
2026-08-14,r-0064,Block storage,development,,1.6438
2026-08-14,r-0065,Compute,,,2.4
2026-08-14,r-0066,Block storage,,,0.3288
2026-08-14,r-0067,Compute,development,,2.4
2026-08-14,r-0068,Block storage,development,,0.1644
2026-08-14,r-0070,Block storage,development,platform,0.3288
2026-08-14,r-0072,Block storage,development,,0.3288
2026-08-14,r-0074,Block storage,development,,0.1644
2026-08-14,r-0076,Block storage,development,,0.3288
2026-08-14,r-0077,Block storage,,,0.6576
2026-08-14,r-0078,Block storage,development,,3.2878
2026-08-14,r-0079,Block storage,development,platform,0.6576
2026-08-14,r-0080,Block storage,,,3.2878
2026-08-14,r-0081,Block storage,staging,,1.6438
2026-08-14,r-0082,Block storage,,,0.6576
2026-08-14,r-0083,Block storage,,,1.6438
2026-08-14,r-0084,Block storage,staging,,0.6576
2026-08-14,r-0085,Snapshots,production,,0.3288
2026-08-14,r-0086,Snapshots,development,platform,0.822
2026-08-14,r-0087,Snapshots,production,platform,0.3288
2026-08-14,r-0088,Snapshots,production,platform,0.1644
2026-08-14,r-0089,Snapshots,production,platform,0.3288
2026-08-14,r-0090,Snapshots,production,platform,0.1644
2026-08-14,r-0091,Snapshots,production,platform,0.1644
2026-08-14,r-0092,Snapshots,staging,platform,0.0821
2026-08-14,r-0093,Snapshots,development,platform,0.822
2026-08-14,r-0094,Snapshots,production,platform,0.3288
2026-08-14,r-0095,Snapshots,production,platform,0.822
2026-08-14,r-0096,Snapshots,staging,platform,0.1644
2026-08-14,r-0097,Snapshots,development,,0.0821
2026-08-14,r-0098,Snapshots,development,,0.3288
2026-08-14,r-0099,Snapshots,production,platform,0.3288
2026-08-14,r-0100,Snapshots,production,platform,0.0821
2026-08-14,r-0101,Snapshots,development,platform,0.3288
2026-08-14,r-0102,Snapshots,production,platform,0.0821
2026-08-14,r-0103,Snapshots,development,,0.822
2026-08-14,r-0104,Snapshots,development,,0.1644
2026-08-14,r-0105,Snapshots,staging,platform,0.0821
2026-08-14,r-0106,Snapshots,production,,0.3288
2026-08-14,r-0107,Snapshots,production,platform,0.1644
2026-08-14,r-0108,Snapshots,production,platform,0.0821
2026-08-14,r-0109,Snapshots,development,platform,0.3288
2026-08-14,r-0110,Snapshots,development,,0.0821
2026-08-14,r-0111,Snapshots,staging,,0.1644
2026-08-14,r-0112,Snapshots,production,platform,0.822
2026-08-14,r-0113,Snapshots,production,platform,0.1644
2026-08-14,r-0114,Snapshots,development,,0.1644
2026-08-14,r-0115,Snapshots,staging,,0.1644
2026-08-14,r-0116,Snapshots,staging,platform,0.0821
2026-08-14,r-0117,Snapshots,production,,0.1644
2026-08-14,r-0118,Snapshots,production,platform,0.1644
2026-08-14,r-0119,Snapshots,development,platform,0.0821
2026-08-14,r-0120,Snapshots,production,,0.822
2026-08-14,r-0121,Object storage,production,invoicing,1.361
2026-08-14,r-0122,Object storage,production,platform,3.0247
2026-08-14,r-0123,Object storage,production,marketing,0.0302
2026-08-14,r-0124,Object storage,production,,0.2647
2026-08-14,r-0125,Object storage,production,platform,1.8905
2026-08-14,r-0126,Object storage,development,,0.4536
2026-08-14,r-0127,Managed database,production,platform,10.8
2026-08-14,r-0128,Managed database,staging,platform,5.52
2026-08-14,r-0129,Load balancing,production,platform,0.6
2026-08-14,r-0130,Load balancing,staging,platform,0.6
2026-08-14,r-0131,Public IPs,,,0.12
2026-08-14,r-0132,Public IPs,,,0.12
2026-08-14,r-0133,Public IPs,,,0.12
2026-08-14,,Data transfer,production,platform,37.6419
2026-08-15,r-0001,Compute,production,platform,2.4
2026-08-15,r-0002,Block storage,production,platform,0.3288
2026-08-15,r-0003,Compute,production,platform,2.4
2026-08-15,r-0004,Block storage,production,platform,0.3288
2026-08-15,r-0005,Compute,production,platform,2.4
2026-08-15,r-0006,Block storage,production,platform,0.3288
2026-08-15,r-0007,Compute,production,platform,2.4
2026-08-15,r-0008,Block storage,production,platform,0.3288
2026-08-15,r-0009,Compute,production,platform,2.4
2026-08-15,r-0010,Block storage,production,platform,0.6576
2026-08-15,r-0011,Compute,production,platform,2.4
2026-08-15,r-0012,Block storage,production,platform,0.3288
2026-08-15,r-0013,Compute,production,platform,4.8
2026-08-15,r-0014,Block storage,production,platform,0.3288
2026-08-15,r-0015,Compute,production,platform,4.8
2026-08-15,r-0016,Block storage,production,platform,0.1644
2026-08-15,r-0017,Compute,production,platform,4.8
2026-08-15,r-0018,Block storage,production,platform,0.3288
2026-08-15,r-0019,Compute,production,platform,4.8
2026-08-15,r-0020,Block storage,production,platform,0.3288
2026-08-15,r-0021,Compute,production,invoicing,2.4
2026-08-15,r-0022,Block storage,production,invoicing,0.1644
2026-08-15,r-0023,Compute,production,invoicing,2.4
2026-08-15,r-0024,Block storage,production,invoicing,0.6576
2026-08-15,r-0025,Compute,production,invoicing,2.4
2026-08-15,r-0026,Block storage,production,invoicing,0.6576
2026-08-15,r-0027,Compute,staging,platform,1.2
2026-08-15,r-0028,Block storage,staging,platform,0.3288
2026-08-15,r-0029,Compute,staging,platform,1.2
2026-08-15,r-0030,Block storage,staging,platform,0.3288
2026-08-15,r-0031,Compute,staging,platform,1.2
2026-08-15,r-0032,Block storage,staging,platform,0.6576
2026-08-15,r-0033,Compute,staging,platform,1.2
2026-08-15,r-0034,Block storage,staging,platform,0.6576
2026-08-15,r-0035,Compute,staging,platform,1.2
2026-08-15,r-0036,Block storage,staging,platform,0.1644
2026-08-15,r-0037,Compute,staging,platform,1.2
2026-08-15,r-0038,Block storage,staging,platform,0.3288
2026-08-15,r-0039,Compute,development,invoicing,1.2
2026-08-15,r-0040,Block storage,development,invoicing,0.3288
2026-08-15,r-0041,Compute,development,invoicing,1.2
2026-08-15,r-0042,Block storage,development,invoicing,0.6576
2026-08-15,r-0043,Compute,development,invoicing,2.4
2026-08-15,r-0044,Block storage,development,invoicing,0.1644
2026-08-15,r-0045,Compute,development,invoicing,1.2
2026-08-15,r-0046,Block storage,development,invoicing,0.3288
2026-08-15,r-0047,Compute,development,invoicing,1.2
2026-08-15,r-0048,Block storage,development,invoicing,0.1644
2026-08-15,r-0049,Compute,development,invoicing,2.4
2026-08-15,r-0050,Block storage,development,invoicing,0.3288
2026-08-15,r-0051,Compute,development,payments,1.2
2026-08-15,r-0052,Block storage,development,payments,0.3288
2026-08-15,r-0053,Compute,development,payments,1.2
2026-08-15,r-0054,Block storage,development,payments,0.3288
2026-08-15,r-0055,Compute,development,payments,2.4
2026-08-15,r-0056,Block storage,development,payments,0.1644
2026-08-15,r-0057,Compute,development,payments,1.2
2026-08-15,r-0058,Block storage,development,payments,0.1644
2026-08-15,r-0059,Compute,development,payments,1.2
2026-08-15,r-0060,Block storage,development,payments,0.3288
2026-08-15,r-0061,Compute,development,payments,2.4
2026-08-15,r-0062,Block storage,development,payments,0.3288
2026-08-15,r-0063,Compute,development,,4.8
2026-08-15,r-0064,Block storage,development,,1.6438
2026-08-15,r-0065,Compute,,,2.4
2026-08-15,r-0066,Block storage,,,0.3288
2026-08-15,r-0067,Compute,development,,2.4
2026-08-15,r-0068,Block storage,development,,0.1644
2026-08-15,r-0070,Block storage,development,platform,0.3288
2026-08-15,r-0072,Block storage,development,,0.3288
2026-08-15,r-0074,Block storage,development,,0.1644
2026-08-15,r-0076,Block storage,development,,0.3288
2026-08-15,r-0077,Block storage,,,0.6576
2026-08-15,r-0078,Block storage,development,,3.2878
2026-08-15,r-0079,Block storage,development,platform,0.6576
2026-08-15,r-0080,Block storage,,,3.2878
2026-08-15,r-0081,Block storage,staging,,1.6438
2026-08-15,r-0082,Block storage,,,0.6576
2026-08-15,r-0083,Block storage,,,1.6438
2026-08-15,r-0084,Block storage,staging,,0.6576
2026-08-15,r-0085,Snapshots,production,,0.3288
2026-08-15,r-0086,Snapshots,development,platform,0.822
2026-08-15,r-0087,Snapshots,production,platform,0.3288
2026-08-15,r-0088,Snapshots,production,platform,0.1644
2026-08-15,r-0089,Snapshots,production,platform,0.3288
2026-08-15,r-0090,Snapshots,production,platform,0.1644
2026-08-15,r-0091,Snapshots,production,platform,0.1644
2026-08-15,r-0092,Snapshots,staging,platform,0.0821
2026-08-15,r-0093,Snapshots,development,platform,0.822
2026-08-15,r-0094,Snapshots,production,platform,0.3288
2026-08-15,r-0095,Snapshots,production,platform,0.822
2026-08-15,r-0096,Snapshots,staging,platform,0.1644
2026-08-15,r-0097,Snapshots,development,,0.0821
2026-08-15,r-0098,Snapshots,development,,0.3288
2026-08-15,r-0099,Snapshots,production,platform,0.3288
2026-08-15,r-0100,Snapshots,production,platform,0.0821
2026-08-15,r-0101,Snapshots,development,platform,0.3288
2026-08-15,r-0102,Snapshots,production,platform,0.0821
2026-08-15,r-0103,Snapshots,development,,0.822
2026-08-15,r-0104,Snapshots,development,,0.1644
2026-08-15,r-0105,Snapshots,staging,platform,0.0821
2026-08-15,r-0106,Snapshots,production,,0.3288
2026-08-15,r-0107,Snapshots,production,platform,0.1644
2026-08-15,r-0108,Snapshots,production,platform,0.0821
2026-08-15,r-0109,Snapshots,development,platform,0.3288
2026-08-15,r-0110,Snapshots,development,,0.0821
2026-08-15,r-0111,Snapshots,staging,,0.1644
2026-08-15,r-0112,Snapshots,production,platform,0.822
2026-08-15,r-0113,Snapshots,production,platform,0.1644
2026-08-15,r-0114,Snapshots,development,,0.1644
2026-08-15,r-0115,Snapshots,staging,,0.1644
2026-08-15,r-0116,Snapshots,staging,platform,0.0821
2026-08-15,r-0117,Snapshots,production,,0.1644
2026-08-15,r-0118,Snapshots,production,platform,0.1644
2026-08-15,r-0119,Snapshots,development,platform,0.0821
2026-08-15,r-0120,Snapshots,production,,0.822
2026-08-15,r-0121,Object storage,production,invoicing,1.361
2026-08-15,r-0122,Object storage,production,platform,3.0247
2026-08-15,r-0123,Object storage,production,marketing,0.0302
2026-08-15,r-0124,Object storage,production,,0.2647
2026-08-15,r-0125,Object storage,production,platform,1.8905
2026-08-15,r-0126,Object storage,development,,0.4536
2026-08-15,r-0127,Managed database,production,platform,10.8
2026-08-15,r-0128,Managed database,staging,platform,5.52
2026-08-15,r-0129,Load balancing,production,platform,0.6
2026-08-15,r-0130,Load balancing,staging,platform,0.6
2026-08-15,r-0131,Public IPs,,,0.12
2026-08-15,r-0132,Public IPs,,,0.12
2026-08-15,r-0133,Public IPs,,,0.12
2026-08-15,,Data transfer,production,platform,38.4702
2026-08-16,r-0001,Compute,production,platform,2.4
2026-08-16,r-0002,Block storage,production,platform,0.3288
2026-08-16,r-0003,Compute,production,platform,2.4
2026-08-16,r-0004,Block storage,production,platform,0.3288
2026-08-16,r-0005,Compute,production,platform,2.4
2026-08-16,r-0006,Block storage,production,platform,0.3288
2026-08-16,r-0007,Compute,production,platform,2.4
2026-08-16,r-0008,Block storage,production,platform,0.3288
2026-08-16,r-0009,Compute,production,platform,2.4
2026-08-16,r-0010,Block storage,production,platform,0.6576
2026-08-16,r-0011,Compute,production,platform,2.4
2026-08-16,r-0012,Block storage,production,platform,0.3288
2026-08-16,r-0013,Compute,production,platform,4.8
2026-08-16,r-0014,Block storage,production,platform,0.3288
2026-08-16,r-0015,Compute,production,platform,4.8
2026-08-16,r-0016,Block storage,production,platform,0.1644
2026-08-16,r-0017,Compute,production,platform,4.8
2026-08-16,r-0018,Block storage,production,platform,0.3288
2026-08-16,r-0019,Compute,production,platform,4.8
2026-08-16,r-0020,Block storage,production,platform,0.3288
2026-08-16,r-0021,Compute,production,invoicing,2.4
2026-08-16,r-0022,Block storage,production,invoicing,0.1644
2026-08-16,r-0023,Compute,production,invoicing,2.4
2026-08-16,r-0024,Block storage,production,invoicing,0.6576
2026-08-16,r-0025,Compute,production,invoicing,2.4
2026-08-16,r-0026,Block storage,production,invoicing,0.6576
2026-08-16,r-0027,Compute,staging,platform,1.2
2026-08-16,r-0028,Block storage,staging,platform,0.3288
2026-08-16,r-0029,Compute,staging,platform,1.2
2026-08-16,r-0030,Block storage,staging,platform,0.3288
2026-08-16,r-0031,Compute,staging,platform,1.2
2026-08-16,r-0032,Block storage,staging,platform,0.6576
2026-08-16,r-0033,Compute,staging,platform,1.2
2026-08-16,r-0034,Block storage,staging,platform,0.6576
2026-08-16,r-0035,Compute,staging,platform,1.2
2026-08-16,r-0036,Block storage,staging,platform,0.1644
2026-08-16,r-0037,Compute,staging,platform,1.2
2026-08-16,r-0038,Block storage,staging,platform,0.3288
2026-08-16,r-0039,Compute,development,invoicing,1.2
2026-08-16,r-0040,Block storage,development,invoicing,0.3288
2026-08-16,r-0041,Compute,development,invoicing,1.2
2026-08-16,r-0042,Block storage,development,invoicing,0.6576
2026-08-16,r-0043,Compute,development,invoicing,2.4
2026-08-16,r-0044,Block storage,development,invoicing,0.1644
2026-08-16,r-0045,Compute,development,invoicing,1.2
2026-08-16,r-0046,Block storage,development,invoicing,0.3288
2026-08-16,r-0047,Compute,development,invoicing,1.2
2026-08-16,r-0048,Block storage,development,invoicing,0.1644
2026-08-16,r-0049,Compute,development,invoicing,2.4
2026-08-16,r-0050,Block storage,development,invoicing,0.3288
2026-08-16,r-0051,Compute,development,payments,1.2
2026-08-16,r-0052,Block storage,development,payments,0.3288
2026-08-16,r-0053,Compute,development,payments,1.2
2026-08-16,r-0054,Block storage,development,payments,0.3288
2026-08-16,r-0055,Compute,development,payments,2.4
2026-08-16,r-0056,Block storage,development,payments,0.1644
2026-08-16,r-0057,Compute,development,payments,1.2
2026-08-16,r-0058,Block storage,development,payments,0.1644
2026-08-16,r-0059,Compute,development,payments,1.2
2026-08-16,r-0060,Block storage,development,payments,0.3288
2026-08-16,r-0061,Compute,development,payments,2.4
2026-08-16,r-0062,Block storage,development,payments,0.3288
2026-08-16,r-0063,Compute,development,,4.8
2026-08-16,r-0064,Block storage,development,,1.6438
2026-08-16,r-0065,Compute,,,2.4
2026-08-16,r-0066,Block storage,,,0.3288
2026-08-16,r-0067,Compute,development,,2.4
2026-08-16,r-0068,Block storage,development,,0.1644
2026-08-16,r-0070,Block storage,development,platform,0.3288
2026-08-16,r-0072,Block storage,development,,0.3288
2026-08-16,r-0074,Block storage,development,,0.1644
2026-08-16,r-0076,Block storage,development,,0.3288
2026-08-16,r-0077,Block storage,,,0.6576
2026-08-16,r-0078,Block storage,development,,3.2878
2026-08-16,r-0079,Block storage,development,platform,0.6576
2026-08-16,r-0080,Block storage,,,3.2878
2026-08-16,r-0081,Block storage,staging,,1.6438
2026-08-16,r-0082,Block storage,,,0.6576
2026-08-16,r-0083,Block storage,,,1.6438
2026-08-16,r-0084,Block storage,staging,,0.6576
2026-08-16,r-0085,Snapshots,production,,0.3288
2026-08-16,r-0086,Snapshots,development,platform,0.822
2026-08-16,r-0087,Snapshots,production,platform,0.3288
2026-08-16,r-0088,Snapshots,production,platform,0.1644
2026-08-16,r-0089,Snapshots,production,platform,0.3288
2026-08-16,r-0090,Snapshots,production,platform,0.1644
2026-08-16,r-0091,Snapshots,production,platform,0.1644
2026-08-16,r-0092,Snapshots,staging,platform,0.0821
2026-08-16,r-0093,Snapshots,development,platform,0.822
2026-08-16,r-0094,Snapshots,production,platform,0.3288
2026-08-16,r-0095,Snapshots,production,platform,0.822
2026-08-16,r-0096,Snapshots,staging,platform,0.1644
2026-08-16,r-0097,Snapshots,development,,0.0821
2026-08-16,r-0098,Snapshots,development,,0.3288
2026-08-16,r-0099,Snapshots,production,platform,0.3288
2026-08-16,r-0100,Snapshots,production,platform,0.0821
2026-08-16,r-0101,Snapshots,development,platform,0.3288
2026-08-16,r-0102,Snapshots,production,platform,0.0821
2026-08-16,r-0103,Snapshots,development,,0.822
2026-08-16,r-0104,Snapshots,development,,0.1644
2026-08-16,r-0105,Snapshots,staging,platform,0.0821
2026-08-16,r-0106,Snapshots,production,,0.3288
2026-08-16,r-0107,Snapshots,production,platform,0.1644
2026-08-16,r-0108,Snapshots,production,platform,0.0821
2026-08-16,r-0109,Snapshots,development,platform,0.3288
2026-08-16,r-0110,Snapshots,development,,0.0821
2026-08-16,r-0111,Snapshots,staging,,0.1644
2026-08-16,r-0112,Snapshots,production,platform,0.822
2026-08-16,r-0113,Snapshots,production,platform,0.1644
2026-08-16,r-0114,Snapshots,development,,0.1644
2026-08-16,r-0115,Snapshots,staging,,0.1644
2026-08-16,r-0116,Snapshots,staging,platform,0.0821
2026-08-16,r-0117,Snapshots,production,,0.1644
2026-08-16,r-0118,Snapshots,production,platform,0.1644
2026-08-16,r-0119,Snapshots,development,platform,0.0821
2026-08-16,r-0120,Snapshots,production,,0.822
2026-08-16,r-0121,Object storage,production,invoicing,1.361
2026-08-16,r-0122,Object storage,production,platform,3.0247
2026-08-16,r-0123,Object storage,production,marketing,0.0302
2026-08-16,r-0124,Object storage,production,,0.2647
2026-08-16,r-0125,Object storage,production,platform,1.8905
2026-08-16,r-0126,Object storage,development,,0.4536
2026-08-16,r-0127,Managed database,production,platform,10.8
2026-08-16,r-0128,Managed database,staging,platform,5.52
2026-08-16,r-0129,Load balancing,production,platform,0.6
2026-08-16,r-0130,Load balancing,staging,platform,0.6
2026-08-16,r-0131,Public IPs,,,0.12
2026-08-16,r-0132,Public IPs,,,0.12
2026-08-16,r-0133,Public IPs,,,0.12
2026-08-16,,Data transfer,production,platform,40.188
2026-08-17,r-0001,Compute,production,platform,2.4
2026-08-17,r-0002,Block storage,production,platform,0.3288
2026-08-17,r-0003,Compute,production,platform,2.4
2026-08-17,r-0004,Block storage,production,platform,0.3288
2026-08-17,r-0005,Compute,production,platform,2.4
2026-08-17,r-0006,Block storage,production,platform,0.3288
2026-08-17,r-0007,Compute,production,platform,2.4
2026-08-17,r-0008,Block storage,production,platform,0.3288
2026-08-17,r-0009,Compute,production,platform,2.4
2026-08-17,r-0010,Block storage,production,platform,0.6576
2026-08-17,r-0011,Compute,production,platform,2.4
2026-08-17,r-0012,Block storage,production,platform,0.3288
2026-08-17,r-0013,Compute,production,platform,4.8
2026-08-17,r-0014,Block storage,production,platform,0.3288
2026-08-17,r-0015,Compute,production,platform,4.8
2026-08-17,r-0016,Block storage,production,platform,0.1644
2026-08-17,r-0017,Compute,production,platform,4.8
2026-08-17,r-0018,Block storage,production,platform,0.3288
2026-08-17,r-0019,Compute,production,platform,4.8
2026-08-17,r-0020,Block storage,production,platform,0.3288
2026-08-17,r-0021,Compute,production,invoicing,2.4
2026-08-17,r-0022,Block storage,production,invoicing,0.1644
2026-08-17,r-0023,Compute,production,invoicing,2.4
2026-08-17,r-0024,Block storage,production,invoicing,0.6576
2026-08-17,r-0025,Compute,production,invoicing,2.4
2026-08-17,r-0026,Block storage,production,invoicing,0.6576
2026-08-17,r-0027,Compute,staging,platform,1.2
2026-08-17,r-0028,Block storage,staging,platform,0.3288
2026-08-17,r-0029,Compute,staging,platform,1.2
2026-08-17,r-0030,Block storage,staging,platform,0.3288
2026-08-17,r-0031,Compute,staging,platform,1.2
2026-08-17,r-0032,Block storage,staging,platform,0.6576
2026-08-17,r-0033,Compute,staging,platform,1.2
2026-08-17,r-0034,Block storage,staging,platform,0.6576
2026-08-17,r-0035,Compute,staging,platform,1.2
2026-08-17,r-0036,Block storage,staging,platform,0.1644
2026-08-17,r-0037,Compute,staging,platform,1.2
2026-08-17,r-0038,Block storage,staging,platform,0.3288
2026-08-17,r-0039,Compute,development,invoicing,1.2
2026-08-17,r-0040,Block storage,development,invoicing,0.3288
2026-08-17,r-0041,Compute,development,invoicing,1.2
2026-08-17,r-0042,Block storage,development,invoicing,0.6576
2026-08-17,r-0043,Compute,development,invoicing,2.4
2026-08-17,r-0044,Block storage,development,invoicing,0.1644
2026-08-17,r-0045,Compute,development,invoicing,1.2
2026-08-17,r-0046,Block storage,development,invoicing,0.3288
2026-08-17,r-0047,Compute,development,invoicing,1.2
2026-08-17,r-0048,Block storage,development,invoicing,0.1644
2026-08-17,r-0049,Compute,development,invoicing,2.4
2026-08-17,r-0050,Block storage,development,invoicing,0.3288
2026-08-17,r-0051,Compute,development,payments,1.2
2026-08-17,r-0052,Block storage,development,payments,0.3288
2026-08-17,r-0053,Compute,development,payments,1.2
2026-08-17,r-0054,Block storage,development,payments,0.3288
2026-08-17,r-0055,Compute,development,payments,2.4
2026-08-17,r-0056,Block storage,development,payments,0.1644
2026-08-17,r-0057,Compute,development,payments,1.2
2026-08-17,r-0058,Block storage,development,payments,0.1644
2026-08-17,r-0059,Compute,development,payments,1.2
2026-08-17,r-0060,Block storage,development,payments,0.3288
2026-08-17,r-0061,Compute,development,payments,2.4
2026-08-17,r-0062,Block storage,development,payments,0.3288
2026-08-17,r-0063,Compute,development,,4.8
2026-08-17,r-0064,Block storage,development,,1.6438
2026-08-17,r-0065,Compute,,,2.4
2026-08-17,r-0066,Block storage,,,0.3288
2026-08-17,r-0067,Compute,development,,2.4
2026-08-17,r-0068,Block storage,development,,0.1644
2026-08-17,r-0070,Block storage,development,platform,0.3288
2026-08-17,r-0072,Block storage,development,,0.3288
2026-08-17,r-0074,Block storage,development,,0.1644
2026-08-17,r-0076,Block storage,development,,0.3288
2026-08-17,r-0077,Block storage,,,0.6576
2026-08-17,r-0078,Block storage,development,,3.2878
2026-08-17,r-0079,Block storage,development,platform,0.6576
2026-08-17,r-0080,Block storage,,,3.2878
2026-08-17,r-0081,Block storage,staging,,1.6438
2026-08-17,r-0082,Block storage,,,0.6576
2026-08-17,r-0083,Block storage,,,1.6438
2026-08-17,r-0084,Block storage,staging,,0.6576
2026-08-17,r-0085,Snapshots,production,,0.3288
2026-08-17,r-0086,Snapshots,development,platform,0.822
2026-08-17,r-0087,Snapshots,production,platform,0.3288
2026-08-17,r-0088,Snapshots,production,platform,0.1644
2026-08-17,r-0089,Snapshots,production,platform,0.3288
2026-08-17,r-0090,Snapshots,production,platform,0.1644
2026-08-17,r-0091,Snapshots,production,platform,0.1644
2026-08-17,r-0092,Snapshots,staging,platform,0.0821
2026-08-17,r-0093,Snapshots,development,platform,0.822
2026-08-17,r-0094,Snapshots,production,platform,0.3288
2026-08-17,r-0095,Snapshots,production,platform,0.822
2026-08-17,r-0096,Snapshots,staging,platform,0.1644
2026-08-17,r-0097,Snapshots,development,,0.0821
2026-08-17,r-0098,Snapshots,development,,0.3288
2026-08-17,r-0099,Snapshots,production,platform,0.3288
2026-08-17,r-0100,Snapshots,production,platform,0.0821
2026-08-17,r-0101,Snapshots,development,platform,0.3288
2026-08-17,r-0102,Snapshots,production,platform,0.0821
2026-08-17,r-0103,Snapshots,development,,0.822
2026-08-17,r-0104,Snapshots,development,,0.1644
2026-08-17,r-0105,Snapshots,staging,platform,0.0821
2026-08-17,r-0106,Snapshots,production,,0.3288
2026-08-17,r-0107,Snapshots,production,platform,0.1644
2026-08-17,r-0108,Snapshots,production,platform,0.0821
2026-08-17,r-0109,Snapshots,development,platform,0.3288
2026-08-17,r-0110,Snapshots,development,,0.0821
2026-08-17,r-0111,Snapshots,staging,,0.1644
2026-08-17,r-0112,Snapshots,production,platform,0.822
2026-08-17,r-0113,Snapshots,production,platform,0.1644
2026-08-17,r-0114,Snapshots,development,,0.1644
2026-08-17,r-0115,Snapshots,staging,,0.1644
2026-08-17,r-0116,Snapshots,staging,platform,0.0821
2026-08-17,r-0117,Snapshots,production,,0.1644
2026-08-17,r-0118,Snapshots,production,platform,0.1644
2026-08-17,r-0119,Snapshots,development,platform,0.0821
2026-08-17,r-0120,Snapshots,production,,0.822
2026-08-17,r-0121,Object storage,production,invoicing,1.361
2026-08-17,r-0122,Object storage,production,platform,3.0247
2026-08-17,r-0123,Object storage,production,marketing,0.0302
2026-08-17,r-0124,Object storage,production,,0.2647
2026-08-17,r-0125,Object storage,production,platform,1.8905
2026-08-17,r-0126,Object storage,development,,0.4536
2026-08-17,r-0127,Managed database,production,platform,10.8
2026-08-17,r-0128,Managed database,staging,platform,5.52
2026-08-17,r-0129,Load balancing,production,platform,0.6
2026-08-17,r-0130,Load balancing,staging,platform,0.6
2026-08-17,r-0131,Public IPs,,,0.12
2026-08-17,r-0132,Public IPs,,,0.12
2026-08-17,r-0133,Public IPs,,,0.12
2026-08-17,,Data transfer,production,platform,41.6654
2026-08-18,r-0001,Compute,production,platform,2.4
2026-08-18,r-0002,Block storage,production,platform,0.3288
2026-08-18,r-0003,Compute,production,platform,2.4
2026-08-18,r-0004,Block storage,production,platform,0.3288
2026-08-18,r-0005,Compute,production,platform,2.4
2026-08-18,r-0006,Block storage,production,platform,0.3288
2026-08-18,r-0007,Compute,production,platform,2.4
2026-08-18,r-0008,Block storage,production,platform,0.3288
2026-08-18,r-0009,Compute,production,platform,2.4
2026-08-18,r-0010,Block storage,production,platform,0.6576
2026-08-18,r-0011,Compute,production,platform,2.4
2026-08-18,r-0012,Block storage,production,platform,0.3288
2026-08-18,r-0013,Compute,production,platform,4.8
2026-08-18,r-0014,Block storage,production,platform,0.3288
2026-08-18,r-0015,Compute,production,platform,4.8
2026-08-18,r-0016,Block storage,production,platform,0.1644
2026-08-18,r-0017,Compute,production,platform,4.8
2026-08-18,r-0018,Block storage,production,platform,0.3288
2026-08-18,r-0019,Compute,production,platform,4.8
2026-08-18,r-0020,Block storage,production,platform,0.3288
2026-08-18,r-0021,Compute,production,invoicing,2.4
2026-08-18,r-0022,Block storage,production,invoicing,0.1644
2026-08-18,r-0023,Compute,production,invoicing,2.4
2026-08-18,r-0024,Block storage,production,invoicing,0.6576
2026-08-18,r-0025,Compute,production,invoicing,2.4
2026-08-18,r-0026,Block storage,production,invoicing,0.6576
2026-08-18,r-0027,Compute,staging,platform,1.2
2026-08-18,r-0028,Block storage,staging,platform,0.3288
2026-08-18,r-0029,Compute,staging,platform,1.2
2026-08-18,r-0030,Block storage,staging,platform,0.3288
2026-08-18,r-0031,Compute,staging,platform,1.2
2026-08-18,r-0032,Block storage,staging,platform,0.6576
2026-08-18,r-0033,Compute,staging,platform,1.2
2026-08-18,r-0034,Block storage,staging,platform,0.6576
2026-08-18,r-0035,Compute,staging,platform,1.2
2026-08-18,r-0036,Block storage,staging,platform,0.1644
2026-08-18,r-0037,Compute,staging,platform,1.2
2026-08-18,r-0038,Block storage,staging,platform,0.3288
2026-08-18,r-0039,Compute,development,invoicing,1.2
2026-08-18,r-0040,Block storage,development,invoicing,0.3288
2026-08-18,r-0041,Compute,development,invoicing,1.2
2026-08-18,r-0042,Block storage,development,invoicing,0.6576
2026-08-18,r-0043,Compute,development,invoicing,2.4
2026-08-18,r-0044,Block storage,development,invoicing,0.1644
2026-08-18,r-0045,Compute,development,invoicing,1.2
2026-08-18,r-0046,Block storage,development,invoicing,0.3288
2026-08-18,r-0047,Compute,development,invoicing,1.2
2026-08-18,r-0048,Block storage,development,invoicing,0.1644
2026-08-18,r-0049,Compute,development,invoicing,2.4
2026-08-18,r-0050,Block storage,development,invoicing,0.3288
2026-08-18,r-0051,Compute,development,payments,1.2
2026-08-18,r-0052,Block storage,development,payments,0.3288
2026-08-18,r-0053,Compute,development,payments,1.2
2026-08-18,r-0054,Block storage,development,payments,0.3288
2026-08-18,r-0055,Compute,development,payments,2.4
2026-08-18,r-0056,Block storage,development,payments,0.1644
2026-08-18,r-0057,Compute,development,payments,1.2
2026-08-18,r-0058,Block storage,development,payments,0.1644
2026-08-18,r-0059,Compute,development,payments,1.2
2026-08-18,r-0060,Block storage,development,payments,0.3288
2026-08-18,r-0061,Compute,development,payments,2.4
2026-08-18,r-0062,Block storage,development,payments,0.3288
2026-08-18,r-0063,Compute,development,,4.8
2026-08-18,r-0064,Block storage,development,,1.6438
2026-08-18,r-0065,Compute,,,2.4
2026-08-18,r-0066,Block storage,,,0.3288
2026-08-18,r-0067,Compute,development,,2.4
2026-08-18,r-0068,Block storage,development,,0.1644
2026-08-18,r-0070,Block storage,development,platform,0.3288
2026-08-18,r-0072,Block storage,development,,0.3288
2026-08-18,r-0074,Block storage,development,,0.1644
2026-08-18,r-0076,Block storage,development,,0.3288
2026-08-18,r-0077,Block storage,,,0.6576
2026-08-18,r-0078,Block storage,development,,3.2878
2026-08-18,r-0079,Block storage,development,platform,0.6576
2026-08-18,r-0080,Block storage,,,3.2878
2026-08-18,r-0081,Block storage,staging,,1.6438
2026-08-18,r-0082,Block storage,,,0.6576
2026-08-18,r-0083,Block storage,,,1.6438
2026-08-18,r-0084,Block storage,staging,,0.6576
2026-08-18,r-0085,Snapshots,production,,0.3288
2026-08-18,r-0086,Snapshots,development,platform,0.822
2026-08-18,r-0087,Snapshots,production,platform,0.3288
2026-08-18,r-0088,Snapshots,production,platform,0.1644
2026-08-18,r-0089,Snapshots,production,platform,0.3288
2026-08-18,r-0090,Snapshots,production,platform,0.1644
2026-08-18,r-0091,Snapshots,production,platform,0.1644
2026-08-18,r-0092,Snapshots,staging,platform,0.0821
2026-08-18,r-0093,Snapshots,development,platform,0.822
2026-08-18,r-0094,Snapshots,production,platform,0.3288
2026-08-18,r-0095,Snapshots,production,platform,0.822
2026-08-18,r-0096,Snapshots,staging,platform,0.1644
2026-08-18,r-0097,Snapshots,development,,0.0821
2026-08-18,r-0098,Snapshots,development,,0.3288
2026-08-18,r-0099,Snapshots,production,platform,0.3288
2026-08-18,r-0100,Snapshots,production,platform,0.0821
2026-08-18,r-0101,Snapshots,development,platform,0.3288
2026-08-18,r-0102,Snapshots,production,platform,0.0821
2026-08-18,r-0103,Snapshots,development,,0.822
2026-08-18,r-0104,Snapshots,development,,0.1644
2026-08-18,r-0105,Snapshots,staging,platform,0.0821
2026-08-18,r-0106,Snapshots,production,,0.3288
2026-08-18,r-0107,Snapshots,production,platform,0.1644
2026-08-18,r-0108,Snapshots,production,platform,0.0821
2026-08-18,r-0109,Snapshots,development,platform,0.3288
2026-08-18,r-0110,Snapshots,development,,0.0821
2026-08-18,r-0111,Snapshots,staging,,0.1644
2026-08-18,r-0112,Snapshots,production,platform,0.822
2026-08-18,r-0113,Snapshots,production,platform,0.1644
2026-08-18,r-0114,Snapshots,development,,0.1644
2026-08-18,r-0115,Snapshots,staging,,0.1644
2026-08-18,r-0116,Snapshots,staging,platform,0.0821
2026-08-18,r-0117,Snapshots,production,,0.1644
2026-08-18,r-0118,Snapshots,production,platform,0.1644
2026-08-18,r-0119,Snapshots,development,platform,0.0821
2026-08-18,r-0120,Snapshots,production,,0.822
2026-08-18,r-0121,Object storage,production,invoicing,1.361
2026-08-18,r-0122,Object storage,production,platform,3.0247
2026-08-18,r-0123,Object storage,production,marketing,0.0302
2026-08-18,r-0124,Object storage,production,,0.2647
2026-08-18,r-0125,Object storage,production,platform,1.8905
2026-08-18,r-0126,Object storage,development,,0.4536
2026-08-18,r-0127,Managed database,production,platform,10.8
2026-08-18,r-0128,Managed database,staging,platform,5.52
2026-08-18,r-0129,Load balancing,production,platform,0.6
2026-08-18,r-0130,Load balancing,staging,platform,0.6
2026-08-18,r-0131,Public IPs,,,0.12
2026-08-18,r-0132,Public IPs,,,0.12
2026-08-18,r-0133,Public IPs,,,0.12
2026-08-18,,Data transfer,production,platform,42.6604
2026-08-19,r-0001,Compute,production,platform,2.4
2026-08-19,r-0002,Block storage,production,platform,0.3288
2026-08-19,r-0003,Compute,production,platform,2.4
2026-08-19,r-0004,Block storage,production,platform,0.3288
2026-08-19,r-0005,Compute,production,platform,2.4
2026-08-19,r-0006,Block storage,production,platform,0.3288
2026-08-19,r-0007,Compute,production,platform,2.4
2026-08-19,r-0008,Block storage,production,platform,0.3288
2026-08-19,r-0009,Compute,production,platform,2.4
2026-08-19,r-0010,Block storage,production,platform,0.6576
2026-08-19,r-0011,Compute,production,platform,2.4
2026-08-19,r-0012,Block storage,production,platform,0.3288
2026-08-19,r-0013,Compute,production,platform,4.8
2026-08-19,r-0014,Block storage,production,platform,0.3288
2026-08-19,r-0015,Compute,production,platform,4.8
2026-08-19,r-0016,Block storage,production,platform,0.1644
2026-08-19,r-0017,Compute,production,platform,4.8
2026-08-19,r-0018,Block storage,production,platform,0.3288
2026-08-19,r-0019,Compute,production,platform,4.8
2026-08-19,r-0020,Block storage,production,platform,0.3288
2026-08-19,r-0021,Compute,production,invoicing,2.4
2026-08-19,r-0022,Block storage,production,invoicing,0.1644
2026-08-19,r-0023,Compute,production,invoicing,2.4
2026-08-19,r-0024,Block storage,production,invoicing,0.6576
2026-08-19,r-0025,Compute,production,invoicing,2.4
2026-08-19,r-0026,Block storage,production,invoicing,0.6576
2026-08-19,r-0027,Compute,staging,platform,1.2
2026-08-19,r-0028,Block storage,staging,platform,0.3288
2026-08-19,r-0029,Compute,staging,platform,1.2
2026-08-19,r-0030,Block storage,staging,platform,0.3288
2026-08-19,r-0031,Compute,staging,platform,1.2
2026-08-19,r-0032,Block storage,staging,platform,0.6576
2026-08-19,r-0033,Compute,staging,platform,1.2
2026-08-19,r-0034,Block storage,staging,platform,0.6576
2026-08-19,r-0035,Compute,staging,platform,1.2
2026-08-19,r-0036,Block storage,staging,platform,0.1644
2026-08-19,r-0037,Compute,staging,platform,1.2
2026-08-19,r-0038,Block storage,staging,platform,0.3288
2026-08-19,r-0039,Compute,development,invoicing,1.2
2026-08-19,r-0040,Block storage,development,invoicing,0.3288
2026-08-19,r-0041,Compute,development,invoicing,1.2
2026-08-19,r-0042,Block storage,development,invoicing,0.6576
2026-08-19,r-0043,Compute,development,invoicing,2.4
2026-08-19,r-0044,Block storage,development,invoicing,0.1644
2026-08-19,r-0045,Compute,development,invoicing,1.2
2026-08-19,r-0046,Block storage,development,invoicing,0.3288
2026-08-19,r-0047,Compute,development,invoicing,1.2
2026-08-19,r-0048,Block storage,development,invoicing,0.1644
2026-08-19,r-0049,Compute,development,invoicing,2.4
2026-08-19,r-0050,Block storage,development,invoicing,0.3288
2026-08-19,r-0051,Compute,development,payments,1.2
2026-08-19,r-0052,Block storage,development,payments,0.3288
2026-08-19,r-0053,Compute,development,payments,1.2
2026-08-19,r-0054,Block storage,development,payments,0.3288
2026-08-19,r-0055,Compute,development,payments,2.4
2026-08-19,r-0056,Block storage,development,payments,0.1644
2026-08-19,r-0057,Compute,development,payments,1.2
2026-08-19,r-0058,Block storage,development,payments,0.1644
2026-08-19,r-0059,Compute,development,payments,1.2
2026-08-19,r-0060,Block storage,development,payments,0.3288
2026-08-19,r-0061,Compute,development,payments,2.4
2026-08-19,r-0062,Block storage,development,payments,0.3288
2026-08-19,r-0063,Compute,development,,4.8
2026-08-19,r-0064,Block storage,development,,1.6438
2026-08-19,r-0065,Compute,,,2.4
2026-08-19,r-0066,Block storage,,,0.3288
2026-08-19,r-0067,Compute,development,,2.4
2026-08-19,r-0068,Block storage,development,,0.1644
2026-08-19,r-0070,Block storage,development,platform,0.3288
2026-08-19,r-0072,Block storage,development,,0.3288
2026-08-19,r-0074,Block storage,development,,0.1644
2026-08-19,r-0076,Block storage,development,,0.3288
2026-08-19,r-0077,Block storage,,,0.6576
2026-08-19,r-0078,Block storage,development,,3.2878
2026-08-19,r-0079,Block storage,development,platform,0.6576
2026-08-19,r-0080,Block storage,,,3.2878
2026-08-19,r-0081,Block storage,staging,,1.6438
2026-08-19,r-0082,Block storage,,,0.6576
2026-08-19,r-0083,Block storage,,,1.6438
2026-08-19,r-0084,Block storage,staging,,0.6576
2026-08-19,r-0085,Snapshots,production,,0.3288
2026-08-19,r-0086,Snapshots,development,platform,0.822
2026-08-19,r-0087,Snapshots,production,platform,0.3288
2026-08-19,r-0088,Snapshots,production,platform,0.1644
2026-08-19,r-0089,Snapshots,production,platform,0.3288
2026-08-19,r-0090,Snapshots,production,platform,0.1644
2026-08-19,r-0091,Snapshots,production,platform,0.1644
2026-08-19,r-0092,Snapshots,staging,platform,0.0821
2026-08-19,r-0093,Snapshots,development,platform,0.822
2026-08-19,r-0094,Snapshots,production,platform,0.3288
2026-08-19,r-0095,Snapshots,production,platform,0.822
2026-08-19,r-0096,Snapshots,staging,platform,0.1644
2026-08-19,r-0097,Snapshots,development,,0.0821
2026-08-19,r-0098,Snapshots,development,,0.3288
2026-08-19,r-0099,Snapshots,production,platform,0.3288
2026-08-19,r-0100,Snapshots,production,platform,0.0821
2026-08-19,r-0101,Snapshots,development,platform,0.3288
2026-08-19,r-0102,Snapshots,production,platform,0.0821
2026-08-19,r-0103,Snapshots,development,,0.822
2026-08-19,r-0104,Snapshots,development,,0.1644
2026-08-19,r-0105,Snapshots,staging,platform,0.0821
2026-08-19,r-0106,Snapshots,production,,0.3288
2026-08-19,r-0107,Snapshots,production,platform,0.1644
2026-08-19,r-0108,Snapshots,production,platform,0.0821
2026-08-19,r-0109,Snapshots,development,platform,0.3288
2026-08-19,r-0110,Snapshots,development,,0.0821
2026-08-19,r-0111,Snapshots,staging,,0.1644
2026-08-19,r-0112,Snapshots,production,platform,0.822
2026-08-19,r-0113,Snapshots,production,platform,0.1644
2026-08-19,r-0114,Snapshots,development,,0.1644
2026-08-19,r-0115,Snapshots,staging,,0.1644
2026-08-19,r-0116,Snapshots,staging,platform,0.0821
2026-08-19,r-0117,Snapshots,production,,0.1644
2026-08-19,r-0118,Snapshots,production,platform,0.1644
2026-08-19,r-0119,Snapshots,development,platform,0.0821
2026-08-19,r-0120,Snapshots,production,,0.822
2026-08-19,r-0121,Object storage,production,invoicing,1.361
2026-08-19,r-0122,Object storage,production,platform,3.0247
2026-08-19,r-0123,Object storage,production,marketing,0.0302
2026-08-19,r-0124,Object storage,production,,0.2647
2026-08-19,r-0125,Object storage,production,platform,1.8905
2026-08-19,r-0126,Object storage,development,,0.4536
2026-08-19,r-0127,Managed database,production,platform,10.8
2026-08-19,r-0128,Managed database,staging,platform,5.52
2026-08-19,r-0129,Load balancing,production,platform,0.6
2026-08-19,r-0130,Load balancing,staging,platform,0.6
2026-08-19,r-0131,Public IPs,,,0.12
2026-08-19,r-0132,Public IPs,,,0.12
2026-08-19,r-0133,Public IPs,,,0.12
2026-08-19,,Data transfer,production,platform,43.0084
2026-08-20,r-0001,Compute,production,platform,2.4
2026-08-20,r-0002,Block storage,production,platform,0.3288
2026-08-20,r-0003,Compute,production,platform,2.4
2026-08-20,r-0004,Block storage,production,platform,0.3288
2026-08-20,r-0005,Compute,production,platform,2.4
2026-08-20,r-0006,Block storage,production,platform,0.3288
2026-08-20,r-0007,Compute,production,platform,2.4
2026-08-20,r-0008,Block storage,production,platform,0.3288
2026-08-20,r-0009,Compute,production,platform,2.4
2026-08-20,r-0010,Block storage,production,platform,0.6576
2026-08-20,r-0011,Compute,production,platform,2.4
2026-08-20,r-0012,Block storage,production,platform,0.3288
2026-08-20,r-0013,Compute,production,platform,4.8
2026-08-20,r-0014,Block storage,production,platform,0.3288
2026-08-20,r-0015,Compute,production,platform,4.8
2026-08-20,r-0016,Block storage,production,platform,0.1644
2026-08-20,r-0017,Compute,production,platform,4.8
2026-08-20,r-0018,Block storage,production,platform,0.3288
2026-08-20,r-0019,Compute,production,platform,4.8
2026-08-20,r-0020,Block storage,production,platform,0.3288
2026-08-20,r-0021,Compute,production,invoicing,2.4
2026-08-20,r-0022,Block storage,production,invoicing,0.1644
2026-08-20,r-0023,Compute,production,invoicing,2.4
2026-08-20,r-0024,Block storage,production,invoicing,0.6576
2026-08-20,r-0025,Compute,production,invoicing,2.4
2026-08-20,r-0026,Block storage,production,invoicing,0.6576
2026-08-20,r-0027,Compute,staging,platform,1.2
2026-08-20,r-0028,Block storage,staging,platform,0.3288
2026-08-20,r-0029,Compute,staging,platform,1.2
2026-08-20,r-0030,Block storage,staging,platform,0.3288
2026-08-20,r-0031,Compute,staging,platform,1.2
2026-08-20,r-0032,Block storage,staging,platform,0.6576
2026-08-20,r-0033,Compute,staging,platform,1.2
2026-08-20,r-0034,Block storage,staging,platform,0.6576
2026-08-20,r-0035,Compute,staging,platform,1.2
2026-08-20,r-0036,Block storage,staging,platform,0.1644
2026-08-20,r-0037,Compute,staging,platform,1.2
2026-08-20,r-0038,Block storage,staging,platform,0.3288
2026-08-20,r-0039,Compute,development,invoicing,1.2
2026-08-20,r-0040,Block storage,development,invoicing,0.3288
2026-08-20,r-0041,Compute,development,invoicing,1.2
2026-08-20,r-0042,Block storage,development,invoicing,0.6576
2026-08-20,r-0043,Compute,development,invoicing,2.4
2026-08-20,r-0044,Block storage,development,invoicing,0.1644
2026-08-20,r-0045,Compute,development,invoicing,1.2
2026-08-20,r-0046,Block storage,development,invoicing,0.3288
2026-08-20,r-0047,Compute,development,invoicing,1.2
2026-08-20,r-0048,Block storage,development,invoicing,0.1644
2026-08-20,r-0049,Compute,development,invoicing,2.4
2026-08-20,r-0050,Block storage,development,invoicing,0.3288
2026-08-20,r-0051,Compute,development,payments,1.2
2026-08-20,r-0052,Block storage,development,payments,0.3288
2026-08-20,r-0053,Compute,development,payments,1.2
2026-08-20,r-0054,Block storage,development,payments,0.3288
2026-08-20,r-0055,Compute,development,payments,2.4
2026-08-20,r-0056,Block storage,development,payments,0.1644
2026-08-20,r-0057,Compute,development,payments,1.2
2026-08-20,r-0058,Block storage,development,payments,0.1644
2026-08-20,r-0059,Compute,development,payments,1.2
2026-08-20,r-0060,Block storage,development,payments,0.3288
2026-08-20,r-0061,Compute,development,payments,2.4
2026-08-20,r-0062,Block storage,development,payments,0.3288
2026-08-20,r-0063,Compute,development,,4.8
2026-08-20,r-0064,Block storage,development,,1.6438
2026-08-20,r-0065,Compute,,,2.4
2026-08-20,r-0066,Block storage,,,0.3288
2026-08-20,r-0067,Compute,development,,2.4
2026-08-20,r-0068,Block storage,development,,0.1644
2026-08-20,r-0070,Block storage,development,platform,0.3288
2026-08-20,r-0072,Block storage,development,,0.3288
2026-08-20,r-0074,Block storage,development,,0.1644
2026-08-20,r-0076,Block storage,development,,0.3288
2026-08-20,r-0077,Block storage,,,0.6576
2026-08-20,r-0078,Block storage,development,,3.2878
2026-08-20,r-0079,Block storage,development,platform,0.6576
2026-08-20,r-0080,Block storage,,,3.2878
2026-08-20,r-0081,Block storage,staging,,1.6438
2026-08-20,r-0082,Block storage,,,0.6576
2026-08-20,r-0083,Block storage,,,1.6438
2026-08-20,r-0084,Block storage,staging,,0.6576
2026-08-20,r-0085,Snapshots,production,,0.3288
2026-08-20,r-0086,Snapshots,development,platform,0.822
2026-08-20,r-0087,Snapshots,production,platform,0.3288
2026-08-20,r-0088,Snapshots,production,platform,0.1644
2026-08-20,r-0089,Snapshots,production,platform,0.3288
2026-08-20,r-0090,Snapshots,production,platform,0.1644
2026-08-20,r-0091,Snapshots,production,platform,0.1644
2026-08-20,r-0092,Snapshots,staging,platform,0.0821
2026-08-20,r-0093,Snapshots,development,platform,0.822
2026-08-20,r-0094,Snapshots,production,platform,0.3288
2026-08-20,r-0095,Snapshots,production,platform,0.822
2026-08-20,r-0096,Snapshots,staging,platform,0.1644
2026-08-20,r-0097,Snapshots,development,,0.0821
2026-08-20,r-0098,Snapshots,development,,0.3288
2026-08-20,r-0099,Snapshots,production,platform,0.3288
2026-08-20,r-0100,Snapshots,production,platform,0.0821
2026-08-20,r-0101,Snapshots,development,platform,0.3288
2026-08-20,r-0102,Snapshots,production,platform,0.0821
2026-08-20,r-0103,Snapshots,development,,0.822
2026-08-20,r-0104,Snapshots,development,,0.1644
2026-08-20,r-0105,Snapshots,staging,platform,0.0821
2026-08-20,r-0106,Snapshots,production,,0.3288
2026-08-20,r-0107,Snapshots,production,platform,0.1644
2026-08-20,r-0108,Snapshots,production,platform,0.0821
2026-08-20,r-0109,Snapshots,development,platform,0.3288
2026-08-20,r-0110,Snapshots,development,,0.0821
2026-08-20,r-0111,Snapshots,staging,,0.1644
2026-08-20,r-0112,Snapshots,production,platform,0.822
2026-08-20,r-0113,Snapshots,production,platform,0.1644
2026-08-20,r-0114,Snapshots,development,,0.1644
2026-08-20,r-0115,Snapshots,staging,,0.1644
2026-08-20,r-0116,Snapshots,staging,platform,0.0821
2026-08-20,r-0117,Snapshots,production,,0.1644
2026-08-20,r-0118,Snapshots,production,platform,0.1644
2026-08-20,r-0119,Snapshots,development,platform,0.0821
2026-08-20,r-0120,Snapshots,production,,0.822
2026-08-20,r-0121,Object storage,production,invoicing,1.361
2026-08-20,r-0122,Object storage,production,platform,3.0247
2026-08-20,r-0123,Object storage,production,marketing,0.0302
2026-08-20,r-0124,Object storage,production,,0.2647
2026-08-20,r-0125,Object storage,production,platform,1.8905
2026-08-20,r-0126,Object storage,development,,0.4536
2026-08-20,r-0127,Managed database,production,platform,10.8
2026-08-20,r-0128,Managed database,staging,platform,5.52
2026-08-20,r-0129,Load balancing,production,platform,0.6
2026-08-20,r-0130,Load balancing,staging,platform,0.6
2026-08-20,r-0131,Public IPs,,,0.12
2026-08-20,r-0132,Public IPs,,,0.12
2026-08-20,r-0133,Public IPs,,,0.12
2026-08-20,,Data transfer,production,platform,38.7105
2026-08-21,r-0001,Compute,production,platform,2.4
2026-08-21,r-0002,Block storage,production,platform,0.3288
2026-08-21,r-0003,Compute,production,platform,2.4
2026-08-21,r-0004,Block storage,production,platform,0.3288
2026-08-21,r-0005,Compute,production,platform,2.4
2026-08-21,r-0006,Block storage,production,platform,0.3288
2026-08-21,r-0007,Compute,production,platform,2.4
2026-08-21,r-0008,Block storage,production,platform,0.3288
2026-08-21,r-0009,Compute,production,platform,2.4
2026-08-21,r-0010,Block storage,production,platform,0.6576
2026-08-21,r-0011,Compute,production,platform,2.4
2026-08-21,r-0012,Block storage,production,platform,0.3288
2026-08-21,r-0013,Compute,production,platform,4.8
2026-08-21,r-0014,Block storage,production,platform,0.3288
2026-08-21,r-0015,Compute,production,platform,4.8
2026-08-21,r-0016,Block storage,production,platform,0.1644
2026-08-21,r-0017,Compute,production,platform,4.8
2026-08-21,r-0018,Block storage,production,platform,0.3288
2026-08-21,r-0019,Compute,production,platform,4.8
2026-08-21,r-0020,Block storage,production,platform,0.3288
2026-08-21,r-0021,Compute,production,invoicing,2.4
2026-08-21,r-0022,Block storage,production,invoicing,0.1644
2026-08-21,r-0023,Compute,production,invoicing,2.4
2026-08-21,r-0024,Block storage,production,invoicing,0.6576
2026-08-21,r-0025,Compute,production,invoicing,2.4
2026-08-21,r-0026,Block storage,production,invoicing,0.6576
2026-08-21,r-0027,Compute,staging,platform,1.2
2026-08-21,r-0028,Block storage,staging,platform,0.3288
2026-08-21,r-0029,Compute,staging,platform,1.2
2026-08-21,r-0030,Block storage,staging,platform,0.3288
2026-08-21,r-0031,Compute,staging,platform,1.2
2026-08-21,r-0032,Block storage,staging,platform,0.6576
2026-08-21,r-0033,Compute,staging,platform,1.2
2026-08-21,r-0034,Block storage,staging,platform,0.6576
2026-08-21,r-0035,Compute,staging,platform,1.2
2026-08-21,r-0036,Block storage,staging,platform,0.1644
2026-08-21,r-0037,Compute,staging,platform,1.2
2026-08-21,r-0038,Block storage,staging,platform,0.3288
2026-08-21,r-0039,Compute,development,invoicing,1.2
2026-08-21,r-0040,Block storage,development,invoicing,0.3288
2026-08-21,r-0041,Compute,development,invoicing,1.2
2026-08-21,r-0042,Block storage,development,invoicing,0.6576
2026-08-21,r-0043,Compute,development,invoicing,2.4
2026-08-21,r-0044,Block storage,development,invoicing,0.1644
2026-08-21,r-0045,Compute,development,invoicing,1.2
2026-08-21,r-0046,Block storage,development,invoicing,0.3288
2026-08-21,r-0047,Compute,development,invoicing,1.2
2026-08-21,r-0048,Block storage,development,invoicing,0.1644
2026-08-21,r-0049,Compute,development,invoicing,2.4
2026-08-21,r-0050,Block storage,development,invoicing,0.3288
2026-08-21,r-0051,Compute,development,payments,1.2
2026-08-21,r-0052,Block storage,development,payments,0.3288
2026-08-21,r-0053,Compute,development,payments,1.2
2026-08-21,r-0054,Block storage,development,payments,0.3288
2026-08-21,r-0055,Compute,development,payments,2.4
2026-08-21,r-0056,Block storage,development,payments,0.1644
2026-08-21,r-0057,Compute,development,payments,1.2
2026-08-21,r-0058,Block storage,development,payments,0.1644
2026-08-21,r-0059,Compute,development,payments,1.2
2026-08-21,r-0060,Block storage,development,payments,0.3288
2026-08-21,r-0061,Compute,development,payments,2.4
2026-08-21,r-0062,Block storage,development,payments,0.3288
2026-08-21,r-0063,Compute,development,,4.8
2026-08-21,r-0064,Block storage,development,,1.6438
2026-08-21,r-0065,Compute,,,2.4
2026-08-21,r-0066,Block storage,,,0.3288
2026-08-21,r-0067,Compute,development,,2.4
2026-08-21,r-0068,Block storage,development,,0.1644
2026-08-21,r-0070,Block storage,development,platform,0.3288
2026-08-21,r-0072,Block storage,development,,0.3288
2026-08-21,r-0074,Block storage,development,,0.1644
2026-08-21,r-0076,Block storage,development,,0.3288
2026-08-21,r-0077,Block storage,,,0.6576
2026-08-21,r-0078,Block storage,development,,3.2878
2026-08-21,r-0079,Block storage,development,platform,0.6576
2026-08-21,r-0080,Block storage,,,3.2878
2026-08-21,r-0081,Block storage,staging,,1.6438
2026-08-21,r-0082,Block storage,,,0.6576
2026-08-21,r-0083,Block storage,,,1.6438
2026-08-21,r-0084,Block storage,staging,,0.6576
2026-08-21,r-0085,Snapshots,production,,0.3288
2026-08-21,r-0086,Snapshots,development,platform,0.822
2026-08-21,r-0087,Snapshots,production,platform,0.3288
2026-08-21,r-0088,Snapshots,production,platform,0.1644
2026-08-21,r-0089,Snapshots,production,platform,0.3288
2026-08-21,r-0090,Snapshots,production,platform,0.1644
2026-08-21,r-0091,Snapshots,production,platform,0.1644
2026-08-21,r-0092,Snapshots,staging,platform,0.0821
2026-08-21,r-0093,Snapshots,development,platform,0.822
2026-08-21,r-0094,Snapshots,production,platform,0.3288
2026-08-21,r-0095,Snapshots,production,platform,0.822
2026-08-21,r-0096,Snapshots,staging,platform,0.1644
2026-08-21,r-0097,Snapshots,development,,0.0821
2026-08-21,r-0098,Snapshots,development,,0.3288
2026-08-21,r-0099,Snapshots,production,platform,0.3288
2026-08-21,r-0100,Snapshots,production,platform,0.0821
2026-08-21,r-0101,Snapshots,development,platform,0.3288
2026-08-21,r-0102,Snapshots,production,platform,0.0821
2026-08-21,r-0103,Snapshots,development,,0.822
2026-08-21,r-0104,Snapshots,development,,0.1644
2026-08-21,r-0105,Snapshots,staging,platform,0.0821
2026-08-21,r-0106,Snapshots,production,,0.3288
2026-08-21,r-0107,Snapshots,production,platform,0.1644
2026-08-21,r-0108,Snapshots,production,platform,0.0821
2026-08-21,r-0109,Snapshots,development,platform,0.3288
2026-08-21,r-0110,Snapshots,development,,0.0821
2026-08-21,r-0111,Snapshots,staging,,0.1644
2026-08-21,r-0112,Snapshots,production,platform,0.822
2026-08-21,r-0113,Snapshots,production,platform,0.1644
2026-08-21,r-0114,Snapshots,development,,0.1644
2026-08-21,r-0115,Snapshots,staging,,0.1644
2026-08-21,r-0116,Snapshots,staging,platform,0.0821
2026-08-21,r-0117,Snapshots,production,,0.1644
2026-08-21,r-0118,Snapshots,production,platform,0.1644
2026-08-21,r-0119,Snapshots,development,platform,0.0821
2026-08-21,r-0120,Snapshots,production,,0.822
2026-08-21,r-0121,Object storage,production,invoicing,1.361
2026-08-21,r-0122,Object storage,production,platform,3.0247
2026-08-21,r-0123,Object storage,production,marketing,0.0302
2026-08-21,r-0124,Object storage,production,,0.2647
2026-08-21,r-0125,Object storage,production,platform,1.8905
2026-08-21,r-0126,Object storage,development,,0.4536
2026-08-21,r-0127,Managed database,production,platform,10.8
2026-08-21,r-0128,Managed database,staging,platform,5.52
2026-08-21,r-0129,Load balancing,production,platform,0.6
2026-08-21,r-0130,Load balancing,staging,platform,0.6
2026-08-21,r-0131,Public IPs,,,0.12
2026-08-21,r-0132,Public IPs,,,0.12
2026-08-21,r-0133,Public IPs,,,0.12
2026-08-21,,Data transfer,production,platform,40.4069
2026-08-22,r-0001,Compute,production,platform,2.4
2026-08-22,r-0002,Block storage,production,platform,0.3288
2026-08-22,r-0003,Compute,production,platform,2.4
2026-08-22,r-0004,Block storage,production,platform,0.3288
2026-08-22,r-0005,Compute,production,platform,2.4
2026-08-22,r-0006,Block storage,production,platform,0.3288
2026-08-22,r-0007,Compute,production,platform,2.4
2026-08-22,r-0008,Block storage,production,platform,0.3288
2026-08-22,r-0009,Compute,production,platform,2.4
2026-08-22,r-0010,Block storage,production,platform,0.6576
2026-08-22,r-0011,Compute,production,platform,2.4
2026-08-22,r-0012,Block storage,production,platform,0.3288
2026-08-22,r-0013,Compute,production,platform,4.8
2026-08-22,r-0014,Block storage,production,platform,0.3288
2026-08-22,r-0015,Compute,production,platform,4.8
2026-08-22,r-0016,Block storage,production,platform,0.1644
2026-08-22,r-0017,Compute,production,platform,4.8
2026-08-22,r-0018,Block storage,production,platform,0.3288
2026-08-22,r-0019,Compute,production,platform,4.8
2026-08-22,r-0020,Block storage,production,platform,0.3288
2026-08-22,r-0021,Compute,production,invoicing,2.4
2026-08-22,r-0022,Block storage,production,invoicing,0.1644
2026-08-22,r-0023,Compute,production,invoicing,2.4
2026-08-22,r-0024,Block storage,production,invoicing,0.6576
2026-08-22,r-0025,Compute,production,invoicing,2.4
2026-08-22,r-0026,Block storage,production,invoicing,0.6576
2026-08-22,r-0027,Compute,staging,platform,1.2
2026-08-22,r-0028,Block storage,staging,platform,0.3288
2026-08-22,r-0029,Compute,staging,platform,1.2
2026-08-22,r-0030,Block storage,staging,platform,0.3288
2026-08-22,r-0031,Compute,staging,platform,1.2
2026-08-22,r-0032,Block storage,staging,platform,0.6576
2026-08-22,r-0033,Compute,staging,platform,1.2
2026-08-22,r-0034,Block storage,staging,platform,0.6576
2026-08-22,r-0035,Compute,staging,platform,1.2
2026-08-22,r-0036,Block storage,staging,platform,0.1644
2026-08-22,r-0037,Compute,staging,platform,1.2
2026-08-22,r-0038,Block storage,staging,platform,0.3288
2026-08-22,r-0039,Compute,development,invoicing,1.2
2026-08-22,r-0040,Block storage,development,invoicing,0.3288
2026-08-22,r-0041,Compute,development,invoicing,1.2
2026-08-22,r-0042,Block storage,development,invoicing,0.6576
2026-08-22,r-0043,Compute,development,invoicing,2.4
2026-08-22,r-0044,Block storage,development,invoicing,0.1644
2026-08-22,r-0045,Compute,development,invoicing,1.2
2026-08-22,r-0046,Block storage,development,invoicing,0.3288
2026-08-22,r-0047,Compute,development,invoicing,1.2
2026-08-22,r-0048,Block storage,development,invoicing,0.1644
2026-08-22,r-0049,Compute,development,invoicing,2.4
2026-08-22,r-0050,Block storage,development,invoicing,0.3288
2026-08-22,r-0051,Compute,development,payments,1.2
2026-08-22,r-0052,Block storage,development,payments,0.3288
2026-08-22,r-0053,Compute,development,payments,1.2
2026-08-22,r-0054,Block storage,development,payments,0.3288
2026-08-22,r-0055,Compute,development,payments,2.4
2026-08-22,r-0056,Block storage,development,payments,0.1644
2026-08-22,r-0057,Compute,development,payments,1.2
2026-08-22,r-0058,Block storage,development,payments,0.1644
2026-08-22,r-0059,Compute,development,payments,1.2
2026-08-22,r-0060,Block storage,development,payments,0.3288
2026-08-22,r-0061,Compute,development,payments,2.4
2026-08-22,r-0062,Block storage,development,payments,0.3288
2026-08-22,r-0063,Compute,development,,4.8
2026-08-22,r-0064,Block storage,development,,1.6438
2026-08-22,r-0065,Compute,,,2.4
2026-08-22,r-0066,Block storage,,,0.3288
2026-08-22,r-0067,Compute,development,,2.4
2026-08-22,r-0068,Block storage,development,,0.1644
2026-08-22,r-0070,Block storage,development,platform,0.3288
2026-08-22,r-0072,Block storage,development,,0.3288
2026-08-22,r-0074,Block storage,development,,0.1644
2026-08-22,r-0076,Block storage,development,,0.3288
2026-08-22,r-0077,Block storage,,,0.6576
2026-08-22,r-0078,Block storage,development,,3.2878
2026-08-22,r-0079,Block storage,development,platform,0.6576
2026-08-22,r-0080,Block storage,,,3.2878
2026-08-22,r-0081,Block storage,staging,,1.6438
2026-08-22,r-0082,Block storage,,,0.6576
2026-08-22,r-0083,Block storage,,,1.6438
2026-08-22,r-0084,Block storage,staging,,0.6576
2026-08-22,r-0085,Snapshots,production,,0.3288
2026-08-22,r-0086,Snapshots,development,platform,0.822
2026-08-22,r-0087,Snapshots,production,platform,0.3288
2026-08-22,r-0088,Snapshots,production,platform,0.1644
2026-08-22,r-0089,Snapshots,production,platform,0.3288
2026-08-22,r-0090,Snapshots,production,platform,0.1644
2026-08-22,r-0091,Snapshots,production,platform,0.1644
2026-08-22,r-0092,Snapshots,staging,platform,0.0821
2026-08-22,r-0093,Snapshots,development,platform,0.822
2026-08-22,r-0094,Snapshots,production,platform,0.3288
2026-08-22,r-0095,Snapshots,production,platform,0.822
2026-08-22,r-0096,Snapshots,staging,platform,0.1644
2026-08-22,r-0097,Snapshots,development,,0.0821
2026-08-22,r-0098,Snapshots,development,,0.3288
2026-08-22,r-0099,Snapshots,production,platform,0.3288
2026-08-22,r-0100,Snapshots,production,platform,0.0821
2026-08-22,r-0101,Snapshots,development,platform,0.3288
2026-08-22,r-0102,Snapshots,production,platform,0.0821
2026-08-22,r-0103,Snapshots,development,,0.822
2026-08-22,r-0104,Snapshots,development,,0.1644
2026-08-22,r-0105,Snapshots,staging,platform,0.0821
2026-08-22,r-0106,Snapshots,production,,0.3288
2026-08-22,r-0107,Snapshots,production,platform,0.1644
2026-08-22,r-0108,Snapshots,production,platform,0.0821
2026-08-22,r-0109,Snapshots,development,platform,0.3288
2026-08-22,r-0110,Snapshots,development,,0.0821
2026-08-22,r-0111,Snapshots,staging,,0.1644
2026-08-22,r-0112,Snapshots,production,platform,0.822
2026-08-22,r-0113,Snapshots,production,platform,0.1644
2026-08-22,r-0114,Snapshots,development,,0.1644
2026-08-22,r-0115,Snapshots,staging,,0.1644
2026-08-22,r-0116,Snapshots,staging,platform,0.0821
2026-08-22,r-0117,Snapshots,production,,0.1644
2026-08-22,r-0118,Snapshots,production,platform,0.1644
2026-08-22,r-0119,Snapshots,development,platform,0.0821
2026-08-22,r-0120,Snapshots,production,,0.822
2026-08-22,r-0121,Object storage,production,invoicing,1.361
2026-08-22,r-0122,Object storage,production,platform,3.0247
2026-08-22,r-0123,Object storage,production,marketing,0.0302
2026-08-22,r-0124,Object storage,production,,0.2647
2026-08-22,r-0125,Object storage,production,platform,1.8905
2026-08-22,r-0126,Object storage,development,,0.4536
2026-08-22,r-0127,Managed database,production,platform,10.8
2026-08-22,r-0128,Managed database,staging,platform,5.52
2026-08-22,r-0129,Load balancing,production,platform,0.6
2026-08-22,r-0130,Load balancing,staging,platform,0.6
2026-08-22,r-0131,Public IPs,,,0.12
2026-08-22,r-0132,Public IPs,,,0.12
2026-08-22,r-0133,Public IPs,,,0.12
2026-08-22,,Data transfer,production,platform,38.6507
2026-08-23,r-0001,Compute,production,platform,2.4
2026-08-23,r-0002,Block storage,production,platform,0.3288
2026-08-23,r-0003,Compute,production,platform,2.4
2026-08-23,r-0004,Block storage,production,platform,0.3288
2026-08-23,r-0005,Compute,production,platform,2.4
2026-08-23,r-0006,Block storage,production,platform,0.3288
2026-08-23,r-0007,Compute,production,platform,2.4
2026-08-23,r-0008,Block storage,production,platform,0.3288
2026-08-23,r-0009,Compute,production,platform,2.4
2026-08-23,r-0010,Block storage,production,platform,0.6576
2026-08-23,r-0011,Compute,production,platform,2.4
2026-08-23,r-0012,Block storage,production,platform,0.3288
2026-08-23,r-0013,Compute,production,platform,4.8
2026-08-23,r-0014,Block storage,production,platform,0.3288
2026-08-23,r-0015,Compute,production,platform,4.8
2026-08-23,r-0016,Block storage,production,platform,0.1644
2026-08-23,r-0017,Compute,production,platform,4.8
2026-08-23,r-0018,Block storage,production,platform,0.3288
2026-08-23,r-0019,Compute,production,platform,4.8
2026-08-23,r-0020,Block storage,production,platform,0.3288
2026-08-23,r-0021,Compute,production,invoicing,2.4
2026-08-23,r-0022,Block storage,production,invoicing,0.1644
2026-08-23,r-0023,Compute,production,invoicing,2.4
2026-08-23,r-0024,Block storage,production,invoicing,0.6576
2026-08-23,r-0025,Compute,production,invoicing,2.4
2026-08-23,r-0026,Block storage,production,invoicing,0.6576
2026-08-23,r-0027,Compute,staging,platform,1.2
2026-08-23,r-0028,Block storage,staging,platform,0.3288
2026-08-23,r-0029,Compute,staging,platform,1.2
2026-08-23,r-0030,Block storage,staging,platform,0.3288
2026-08-23,r-0031,Compute,staging,platform,1.2
2026-08-23,r-0032,Block storage,staging,platform,0.6576
2026-08-23,r-0033,Compute,staging,platform,1.2
2026-08-23,r-0034,Block storage,staging,platform,0.6576
2026-08-23,r-0035,Compute,staging,platform,1.2
2026-08-23,r-0036,Block storage,staging,platform,0.1644
2026-08-23,r-0037,Compute,staging,platform,1.2
2026-08-23,r-0038,Block storage,staging,platform,0.3288
2026-08-23,r-0039,Compute,development,invoicing,1.2
2026-08-23,r-0040,Block storage,development,invoicing,0.3288
2026-08-23,r-0041,Compute,development,invoicing,1.2
2026-08-23,r-0042,Block storage,development,invoicing,0.6576
2026-08-23,r-0043,Compute,development,invoicing,2.4
2026-08-23,r-0044,Block storage,development,invoicing,0.1644
2026-08-23,r-0045,Compute,development,invoicing,1.2
2026-08-23,r-0046,Block storage,development,invoicing,0.3288
2026-08-23,r-0047,Compute,development,invoicing,1.2
2026-08-23,r-0048,Block storage,development,invoicing,0.1644
2026-08-23,r-0049,Compute,development,invoicing,2.4
2026-08-23,r-0050,Block storage,development,invoicing,0.3288
2026-08-23,r-0051,Compute,development,payments,1.2
2026-08-23,r-0052,Block storage,development,payments,0.3288
2026-08-23,r-0053,Compute,development,payments,1.2
2026-08-23,r-0054,Block storage,development,payments,0.3288
2026-08-23,r-0055,Compute,development,payments,2.4
2026-08-23,r-0056,Block storage,development,payments,0.1644
2026-08-23,r-0057,Compute,development,payments,1.2
2026-08-23,r-0058,Block storage,development,payments,0.1644
2026-08-23,r-0059,Compute,development,payments,1.2
2026-08-23,r-0060,Block storage,development,payments,0.3288
2026-08-23,r-0061,Compute,development,payments,2.4
2026-08-23,r-0062,Block storage,development,payments,0.3288
2026-08-23,r-0063,Compute,development,,4.8
2026-08-23,r-0064,Block storage,development,,1.6438
2026-08-23,r-0065,Compute,,,2.4
2026-08-23,r-0066,Block storage,,,0.3288
2026-08-23,r-0067,Compute,development,,2.4
2026-08-23,r-0068,Block storage,development,,0.1644
2026-08-23,r-0070,Block storage,development,platform,0.3288
2026-08-23,r-0072,Block storage,development,,0.3288
2026-08-23,r-0074,Block storage,development,,0.1644
2026-08-23,r-0076,Block storage,development,,0.3288
2026-08-23,r-0077,Block storage,,,0.6576
2026-08-23,r-0078,Block storage,development,,3.2878
2026-08-23,r-0079,Block storage,development,platform,0.6576
2026-08-23,r-0080,Block storage,,,3.2878
2026-08-23,r-0081,Block storage,staging,,1.6438
2026-08-23,r-0082,Block storage,,,0.6576
2026-08-23,r-0083,Block storage,,,1.6438
2026-08-23,r-0084,Block storage,staging,,0.6576
2026-08-23,r-0085,Snapshots,production,,0.3288
2026-08-23,r-0086,Snapshots,development,platform,0.822
2026-08-23,r-0087,Snapshots,production,platform,0.3288
2026-08-23,r-0088,Snapshots,production,platform,0.1644
2026-08-23,r-0089,Snapshots,production,platform,0.3288
2026-08-23,r-0090,Snapshots,production,platform,0.1644
2026-08-23,r-0091,Snapshots,production,platform,0.1644
2026-08-23,r-0092,Snapshots,staging,platform,0.0821
2026-08-23,r-0093,Snapshots,development,platform,0.822
2026-08-23,r-0094,Snapshots,production,platform,0.3288
2026-08-23,r-0095,Snapshots,production,platform,0.822
2026-08-23,r-0096,Snapshots,staging,platform,0.1644
2026-08-23,r-0097,Snapshots,development,,0.0821
2026-08-23,r-0098,Snapshots,development,,0.3288
2026-08-23,r-0099,Snapshots,production,platform,0.3288
2026-08-23,r-0100,Snapshots,production,platform,0.0821
2026-08-23,r-0101,Snapshots,development,platform,0.3288
2026-08-23,r-0102,Snapshots,production,platform,0.0821
2026-08-23,r-0103,Snapshots,development,,0.822
2026-08-23,r-0104,Snapshots,development,,0.1644
2026-08-23,r-0105,Snapshots,staging,platform,0.0821
2026-08-23,r-0106,Snapshots,production,,0.3288
2026-08-23,r-0107,Snapshots,production,platform,0.1644
2026-08-23,r-0108,Snapshots,production,platform,0.0821
2026-08-23,r-0109,Snapshots,development,platform,0.3288
2026-08-23,r-0110,Snapshots,development,,0.0821
2026-08-23,r-0111,Snapshots,staging,,0.1644
2026-08-23,r-0112,Snapshots,production,platform,0.822
2026-08-23,r-0113,Snapshots,production,platform,0.1644
2026-08-23,r-0114,Snapshots,development,,0.1644
2026-08-23,r-0115,Snapshots,staging,,0.1644
2026-08-23,r-0116,Snapshots,staging,platform,0.0821
2026-08-23,r-0117,Snapshots,production,,0.1644
2026-08-23,r-0118,Snapshots,production,platform,0.1644
2026-08-23,r-0119,Snapshots,development,platform,0.0821
2026-08-23,r-0120,Snapshots,production,,0.822
2026-08-23,r-0121,Object storage,production,invoicing,1.361
2026-08-23,r-0122,Object storage,production,platform,3.0247
2026-08-23,r-0123,Object storage,production,marketing,0.0302
2026-08-23,r-0124,Object storage,production,,0.2647
2026-08-23,r-0125,Object storage,production,platform,1.8905
2026-08-23,r-0126,Object storage,development,,0.4536
2026-08-23,r-0127,Managed database,production,platform,10.8
2026-08-23,r-0128,Managed database,staging,platform,5.52
2026-08-23,r-0129,Load balancing,production,platform,0.6
2026-08-23,r-0130,Load balancing,staging,platform,0.6
2026-08-23,r-0131,Public IPs,,,0.12
2026-08-23,r-0132,Public IPs,,,0.12
2026-08-23,r-0133,Public IPs,,,0.12
2026-08-23,,Data transfer,production,platform,41.9238
2026-08-24,r-0001,Compute,production,platform,2.4
2026-08-24,r-0002,Block storage,production,platform,0.3288
2026-08-24,r-0003,Compute,production,platform,2.4
2026-08-24,r-0004,Block storage,production,platform,0.3288
2026-08-24,r-0005,Compute,production,platform,2.4
2026-08-24,r-0006,Block storage,production,platform,0.3288
2026-08-24,r-0007,Compute,production,platform,2.4
2026-08-24,r-0008,Block storage,production,platform,0.3288
2026-08-24,r-0009,Compute,production,platform,2.4
2026-08-24,r-0010,Block storage,production,platform,0.6576
2026-08-24,r-0011,Compute,production,platform,2.4
2026-08-24,r-0012,Block storage,production,platform,0.3288
2026-08-24,r-0013,Compute,production,platform,4.8
2026-08-24,r-0014,Block storage,production,platform,0.3288
2026-08-24,r-0015,Compute,production,platform,4.8
2026-08-24,r-0016,Block storage,production,platform,0.1644
2026-08-24,r-0017,Compute,production,platform,4.8
2026-08-24,r-0018,Block storage,production,platform,0.3288
2026-08-24,r-0019,Compute,production,platform,4.8
2026-08-24,r-0020,Block storage,production,platform,0.3288
2026-08-24,r-0021,Compute,production,invoicing,2.4
2026-08-24,r-0022,Block storage,production,invoicing,0.1644
2026-08-24,r-0023,Compute,production,invoicing,2.4
2026-08-24,r-0024,Block storage,production,invoicing,0.6576
2026-08-24,r-0025,Compute,production,invoicing,2.4
2026-08-24,r-0026,Block storage,production,invoicing,0.6576
2026-08-24,r-0027,Compute,staging,platform,1.2
2026-08-24,r-0028,Block storage,staging,platform,0.3288
2026-08-24,r-0029,Compute,staging,platform,1.2
2026-08-24,r-0030,Block storage,staging,platform,0.3288
2026-08-24,r-0031,Compute,staging,platform,1.2
2026-08-24,r-0032,Block storage,staging,platform,0.6576
2026-08-24,r-0033,Compute,staging,platform,1.2
2026-08-24,r-0034,Block storage,staging,platform,0.6576
2026-08-24,r-0035,Compute,staging,platform,1.2
2026-08-24,r-0036,Block storage,staging,platform,0.1644
2026-08-24,r-0037,Compute,staging,platform,1.2
2026-08-24,r-0038,Block storage,staging,platform,0.3288
2026-08-24,r-0039,Compute,development,invoicing,1.2
2026-08-24,r-0040,Block storage,development,invoicing,0.3288
2026-08-24,r-0041,Compute,development,invoicing,1.2
2026-08-24,r-0042,Block storage,development,invoicing,0.6576
2026-08-24,r-0043,Compute,development,invoicing,2.4
2026-08-24,r-0044,Block storage,development,invoicing,0.1644
2026-08-24,r-0045,Compute,development,invoicing,1.2
2026-08-24,r-0046,Block storage,development,invoicing,0.3288
2026-08-24,r-0047,Compute,development,invoicing,1.2
2026-08-24,r-0048,Block storage,development,invoicing,0.1644
2026-08-24,r-0049,Compute,development,invoicing,2.4
2026-08-24,r-0050,Block storage,development,invoicing,0.3288
2026-08-24,r-0051,Compute,development,payments,1.2
2026-08-24,r-0052,Block storage,development,payments,0.3288
2026-08-24,r-0053,Compute,development,payments,1.2
2026-08-24,r-0054,Block storage,development,payments,0.3288
2026-08-24,r-0055,Compute,development,payments,2.4
2026-08-24,r-0056,Block storage,development,payments,0.1644
2026-08-24,r-0057,Compute,development,payments,1.2
2026-08-24,r-0058,Block storage,development,payments,0.1644
2026-08-24,r-0059,Compute,development,payments,1.2
2026-08-24,r-0060,Block storage,development,payments,0.3288
2026-08-24,r-0061,Compute,development,payments,2.4
2026-08-24,r-0062,Block storage,development,payments,0.3288
2026-08-24,r-0063,Compute,development,,4.8
2026-08-24,r-0064,Block storage,development,,1.6438
2026-08-24,r-0065,Compute,,,2.4
2026-08-24,r-0066,Block storage,,,0.3288
2026-08-24,r-0067,Compute,development,,2.4
2026-08-24,r-0068,Block storage,development,,0.1644
2026-08-24,r-0070,Block storage,development,platform,0.3288
2026-08-24,r-0072,Block storage,development,,0.3288
2026-08-24,r-0074,Block storage,development,,0.1644
2026-08-24,r-0076,Block storage,development,,0.3288
2026-08-24,r-0077,Block storage,,,0.6576
2026-08-24,r-0078,Block storage,development,,3.2878
2026-08-24,r-0079,Block storage,development,platform,0.6576
2026-08-24,r-0080,Block storage,,,3.2878
2026-08-24,r-0081,Block storage,staging,,1.6438
2026-08-24,r-0082,Block storage,,,0.6576
2026-08-24,r-0083,Block storage,,,1.6438
2026-08-24,r-0084,Block storage,staging,,0.6576
2026-08-24,r-0085,Snapshots,production,,0.3288
2026-08-24,r-0086,Snapshots,development,platform,0.822
2026-08-24,r-0087,Snapshots,production,platform,0.3288
2026-08-24,r-0088,Snapshots,production,platform,0.1644
2026-08-24,r-0089,Snapshots,production,platform,0.3288
2026-08-24,r-0090,Snapshots,production,platform,0.1644
2026-08-24,r-0091,Snapshots,production,platform,0.1644
2026-08-24,r-0092,Snapshots,staging,platform,0.0821
2026-08-24,r-0093,Snapshots,development,platform,0.822
2026-08-24,r-0094,Snapshots,production,platform,0.3288
2026-08-24,r-0095,Snapshots,production,platform,0.822
2026-08-24,r-0096,Snapshots,staging,platform,0.1644
2026-08-24,r-0097,Snapshots,development,,0.0821
2026-08-24,r-0098,Snapshots,development,,0.3288
2026-08-24,r-0099,Snapshots,production,platform,0.3288
2026-08-24,r-0100,Snapshots,production,platform,0.0821
2026-08-24,r-0101,Snapshots,development,platform,0.3288
2026-08-24,r-0102,Snapshots,production,platform,0.0821
2026-08-24,r-0103,Snapshots,development,,0.822
2026-08-24,r-0104,Snapshots,development,,0.1644
2026-08-24,r-0105,Snapshots,staging,platform,0.0821
2026-08-24,r-0106,Snapshots,production,,0.3288
2026-08-24,r-0107,Snapshots,production,platform,0.1644
2026-08-24,r-0108,Snapshots,production,platform,0.0821
2026-08-24,r-0109,Snapshots,development,platform,0.3288
2026-08-24,r-0110,Snapshots,development,,0.0821
2026-08-24,r-0111,Snapshots,staging,,0.1644
2026-08-24,r-0112,Snapshots,production,platform,0.822
2026-08-24,r-0113,Snapshots,production,platform,0.1644
2026-08-24,r-0114,Snapshots,development,,0.1644
2026-08-24,r-0115,Snapshots,staging,,0.1644
2026-08-24,r-0116,Snapshots,staging,platform,0.0821
2026-08-24,r-0117,Snapshots,production,,0.1644
2026-08-24,r-0118,Snapshots,production,platform,0.1644
2026-08-24,r-0119,Snapshots,development,platform,0.0821
2026-08-24,r-0120,Snapshots,production,,0.822
2026-08-24,r-0121,Object storage,production,invoicing,1.361
2026-08-24,r-0122,Object storage,production,platform,3.0247
2026-08-24,r-0123,Object storage,production,marketing,0.0302
2026-08-24,r-0124,Object storage,production,,0.2647
2026-08-24,r-0125,Object storage,production,platform,1.8905
2026-08-24,r-0126,Object storage,development,,0.4536
2026-08-24,r-0127,Managed database,production,platform,10.8
2026-08-24,r-0128,Managed database,staging,platform,5.52
2026-08-24,r-0129,Load balancing,production,platform,0.6
2026-08-24,r-0130,Load balancing,staging,platform,0.6
2026-08-24,r-0131,Public IPs,,,0.12
2026-08-24,r-0132,Public IPs,,,0.12
2026-08-24,r-0133,Public IPs,,,0.12
2026-08-24,,Data transfer,production,platform,41.8396
2026-08-25,r-0001,Compute,production,platform,2.4
2026-08-25,r-0002,Block storage,production,platform,0.3288
2026-08-25,r-0003,Compute,production,platform,2.4
2026-08-25,r-0004,Block storage,production,platform,0.3288
2026-08-25,r-0005,Compute,production,platform,2.4
2026-08-25,r-0006,Block storage,production,platform,0.3288
2026-08-25,r-0007,Compute,production,platform,2.4
2026-08-25,r-0008,Block storage,production,platform,0.3288
2026-08-25,r-0009,Compute,production,platform,2.4
2026-08-25,r-0010,Block storage,production,platform,0.6576
2026-08-25,r-0011,Compute,production,platform,2.4
2026-08-25,r-0012,Block storage,production,platform,0.3288
2026-08-25,r-0013,Compute,production,platform,4.8
2026-08-25,r-0014,Block storage,production,platform,0.3288
2026-08-25,r-0015,Compute,production,platform,4.8
2026-08-25,r-0016,Block storage,production,platform,0.1644
2026-08-25,r-0017,Compute,production,platform,4.8
2026-08-25,r-0018,Block storage,production,platform,0.3288
2026-08-25,r-0019,Compute,production,platform,4.8
2026-08-25,r-0020,Block storage,production,platform,0.3288
2026-08-25,r-0021,Compute,production,invoicing,2.4
2026-08-25,r-0022,Block storage,production,invoicing,0.1644
2026-08-25,r-0023,Compute,production,invoicing,2.4
2026-08-25,r-0024,Block storage,production,invoicing,0.6576
2026-08-25,r-0025,Compute,production,invoicing,2.4
2026-08-25,r-0026,Block storage,production,invoicing,0.6576
2026-08-25,r-0027,Compute,staging,platform,1.2
2026-08-25,r-0028,Block storage,staging,platform,0.3288
2026-08-25,r-0029,Compute,staging,platform,1.2
2026-08-25,r-0030,Block storage,staging,platform,0.3288
2026-08-25,r-0031,Compute,staging,platform,1.2
2026-08-25,r-0032,Block storage,staging,platform,0.6576
2026-08-25,r-0033,Compute,staging,platform,1.2
2026-08-25,r-0034,Block storage,staging,platform,0.6576
2026-08-25,r-0035,Compute,staging,platform,1.2
2026-08-25,r-0036,Block storage,staging,platform,0.1644
2026-08-25,r-0037,Compute,staging,platform,1.2
2026-08-25,r-0038,Block storage,staging,platform,0.3288
2026-08-25,r-0039,Compute,development,invoicing,1.2
2026-08-25,r-0040,Block storage,development,invoicing,0.3288
2026-08-25,r-0041,Compute,development,invoicing,1.2
2026-08-25,r-0042,Block storage,development,invoicing,0.6576
2026-08-25,r-0043,Compute,development,invoicing,2.4
2026-08-25,r-0044,Block storage,development,invoicing,0.1644
2026-08-25,r-0045,Compute,development,invoicing,1.2
2026-08-25,r-0046,Block storage,development,invoicing,0.3288
2026-08-25,r-0047,Compute,development,invoicing,1.2
2026-08-25,r-0048,Block storage,development,invoicing,0.1644
2026-08-25,r-0049,Compute,development,invoicing,2.4
2026-08-25,r-0050,Block storage,development,invoicing,0.3288
2026-08-25,r-0051,Compute,development,payments,1.2
2026-08-25,r-0052,Block storage,development,payments,0.3288
2026-08-25,r-0053,Compute,development,payments,1.2
2026-08-25,r-0054,Block storage,development,payments,0.3288
2026-08-25,r-0055,Compute,development,payments,2.4
2026-08-25,r-0056,Block storage,development,payments,0.1644
2026-08-25,r-0057,Compute,development,payments,1.2
2026-08-25,r-0058,Block storage,development,payments,0.1644
2026-08-25,r-0059,Compute,development,payments,1.2
2026-08-25,r-0060,Block storage,development,payments,0.3288
2026-08-25,r-0061,Compute,development,payments,2.4
2026-08-25,r-0062,Block storage,development,payments,0.3288
2026-08-25,r-0063,Compute,development,,4.8
2026-08-25,r-0064,Block storage,development,,1.6438
2026-08-25,r-0065,Compute,,,2.4
2026-08-25,r-0066,Block storage,,,0.3288
2026-08-25,r-0067,Compute,development,,2.4
2026-08-25,r-0068,Block storage,development,,0.1644
2026-08-25,r-0070,Block storage,development,platform,0.3288
2026-08-25,r-0072,Block storage,development,,0.3288
2026-08-25,r-0074,Block storage,development,,0.1644
2026-08-25,r-0076,Block storage,development,,0.3288
2026-08-25,r-0077,Block storage,,,0.6576
2026-08-25,r-0078,Block storage,development,,3.2878
2026-08-25,r-0079,Block storage,development,platform,0.6576
2026-08-25,r-0080,Block storage,,,3.2878
2026-08-25,r-0081,Block storage,staging,,1.6438
2026-08-25,r-0082,Block storage,,,0.6576
2026-08-25,r-0083,Block storage,,,1.6438
2026-08-25,r-0084,Block storage,staging,,0.6576
2026-08-25,r-0085,Snapshots,production,,0.3288
2026-08-25,r-0086,Snapshots,development,platform,0.822
2026-08-25,r-0087,Snapshots,production,platform,0.3288
2026-08-25,r-0088,Snapshots,production,platform,0.1644
2026-08-25,r-0089,Snapshots,production,platform,0.3288
2026-08-25,r-0090,Snapshots,production,platform,0.1644
2026-08-25,r-0091,Snapshots,production,platform,0.1644
2026-08-25,r-0092,Snapshots,staging,platform,0.0821
2026-08-25,r-0093,Snapshots,development,platform,0.822
2026-08-25,r-0094,Snapshots,production,platform,0.3288
2026-08-25,r-0095,Snapshots,production,platform,0.822
2026-08-25,r-0096,Snapshots,staging,platform,0.1644
2026-08-25,r-0097,Snapshots,development,,0.0821
2026-08-25,r-0098,Snapshots,development,,0.3288
2026-08-25,r-0099,Snapshots,production,platform,0.3288
2026-08-25,r-0100,Snapshots,production,platform,0.0821
2026-08-25,r-0101,Snapshots,development,platform,0.3288
2026-08-25,r-0102,Snapshots,production,platform,0.0821
2026-08-25,r-0103,Snapshots,development,,0.822
2026-08-25,r-0104,Snapshots,development,,0.1644
2026-08-25,r-0105,Snapshots,staging,platform,0.0821
2026-08-25,r-0106,Snapshots,production,,0.3288
2026-08-25,r-0107,Snapshots,production,platform,0.1644
2026-08-25,r-0108,Snapshots,production,platform,0.0821
2026-08-25,r-0109,Snapshots,development,platform,0.3288
2026-08-25,r-0110,Snapshots,development,,0.0821
2026-08-25,r-0111,Snapshots,staging,,0.1644
2026-08-25,r-0112,Snapshots,production,platform,0.822
2026-08-25,r-0113,Snapshots,production,platform,0.1644
2026-08-25,r-0114,Snapshots,development,,0.1644
2026-08-25,r-0115,Snapshots,staging,,0.1644
2026-08-25,r-0116,Snapshots,staging,platform,0.0821
2026-08-25,r-0117,Snapshots,production,,0.1644
2026-08-25,r-0118,Snapshots,production,platform,0.1644
2026-08-25,r-0119,Snapshots,development,platform,0.0821
2026-08-25,r-0120,Snapshots,production,,0.822
2026-08-25,r-0121,Object storage,production,invoicing,1.361
2026-08-25,r-0122,Object storage,production,platform,3.0247
2026-08-25,r-0123,Object storage,production,marketing,0.0302
2026-08-25,r-0124,Object storage,production,,0.2647
2026-08-25,r-0125,Object storage,production,platform,1.8905
2026-08-25,r-0126,Object storage,development,,0.4536
2026-08-25,r-0127,Managed database,production,platform,10.8
2026-08-25,r-0128,Managed database,staging,platform,5.52
2026-08-25,r-0129,Load balancing,production,platform,0.6
2026-08-25,r-0130,Load balancing,staging,platform,0.6
2026-08-25,r-0131,Public IPs,,,0.12
2026-08-25,r-0132,Public IPs,,,0.12
2026-08-25,r-0133,Public IPs,,,0.12
2026-08-25,,Data transfer,production,platform,38.6438
2026-08-26,r-0001,Compute,production,platform,2.4
2026-08-26,r-0002,Block storage,production,platform,0.3288
2026-08-26,r-0003,Compute,production,platform,2.4
2026-08-26,r-0004,Block storage,production,platform,0.3288
2026-08-26,r-0005,Compute,production,platform,2.4
2026-08-26,r-0006,Block storage,production,platform,0.3288
2026-08-26,r-0007,Compute,production,platform,2.4
2026-08-26,r-0008,Block storage,production,platform,0.3288
2026-08-26,r-0009,Compute,production,platform,2.4
2026-08-26,r-0010,Block storage,production,platform,0.6576
2026-08-26,r-0011,Compute,production,platform,2.4
2026-08-26,r-0012,Block storage,production,platform,0.3288
2026-08-26,r-0013,Compute,production,platform,4.8
2026-08-26,r-0014,Block storage,production,platform,0.3288
2026-08-26,r-0015,Compute,production,platform,4.8
2026-08-26,r-0016,Block storage,production,platform,0.1644
2026-08-26,r-0017,Compute,production,platform,4.8
2026-08-26,r-0018,Block storage,production,platform,0.3288
2026-08-26,r-0019,Compute,production,platform,4.8
2026-08-26,r-0020,Block storage,production,platform,0.3288
2026-08-26,r-0021,Compute,production,invoicing,2.4
2026-08-26,r-0022,Block storage,production,invoicing,0.1644
2026-08-26,r-0023,Compute,production,invoicing,2.4
2026-08-26,r-0024,Block storage,production,invoicing,0.6576
2026-08-26,r-0025,Compute,production,invoicing,2.4
2026-08-26,r-0026,Block storage,production,invoicing,0.6576
2026-08-26,r-0027,Compute,staging,platform,1.2
2026-08-26,r-0028,Block storage,staging,platform,0.3288
2026-08-26,r-0029,Compute,staging,platform,1.2
2026-08-26,r-0030,Block storage,staging,platform,0.3288
2026-08-26,r-0031,Compute,staging,platform,1.2
2026-08-26,r-0032,Block storage,staging,platform,0.6576
2026-08-26,r-0033,Compute,staging,platform,1.2
2026-08-26,r-0034,Block storage,staging,platform,0.6576
2026-08-26,r-0035,Compute,staging,platform,1.2
2026-08-26,r-0036,Block storage,staging,platform,0.1644
2026-08-26,r-0037,Compute,staging,platform,1.2
2026-08-26,r-0038,Block storage,staging,platform,0.3288
2026-08-26,r-0039,Compute,development,invoicing,1.2
2026-08-26,r-0040,Block storage,development,invoicing,0.3288
2026-08-26,r-0041,Compute,development,invoicing,1.2
2026-08-26,r-0042,Block storage,development,invoicing,0.6576
2026-08-26,r-0043,Compute,development,invoicing,2.4
2026-08-26,r-0044,Block storage,development,invoicing,0.1644
2026-08-26,r-0045,Compute,development,invoicing,1.2
2026-08-26,r-0046,Block storage,development,invoicing,0.3288
2026-08-26,r-0047,Compute,development,invoicing,1.2
2026-08-26,r-0048,Block storage,development,invoicing,0.1644
2026-08-26,r-0049,Compute,development,invoicing,2.4
2026-08-26,r-0050,Block storage,development,invoicing,0.3288
2026-08-26,r-0051,Compute,development,payments,1.2
2026-08-26,r-0052,Block storage,development,payments,0.3288
2026-08-26,r-0053,Compute,development,payments,1.2
2026-08-26,r-0054,Block storage,development,payments,0.3288
2026-08-26,r-0055,Compute,development,payments,2.4
2026-08-26,r-0056,Block storage,development,payments,0.1644
2026-08-26,r-0057,Compute,development,payments,1.2
2026-08-26,r-0058,Block storage,development,payments,0.1644
2026-08-26,r-0059,Compute,development,payments,1.2
2026-08-26,r-0060,Block storage,development,payments,0.3288
2026-08-26,r-0061,Compute,development,payments,2.4
2026-08-26,r-0062,Block storage,development,payments,0.3288
2026-08-26,r-0063,Compute,development,,4.8
2026-08-26,r-0064,Block storage,development,,1.6438
2026-08-26,r-0065,Compute,,,2.4
2026-08-26,r-0066,Block storage,,,0.3288
2026-08-26,r-0067,Compute,development,,2.4
2026-08-26,r-0068,Block storage,development,,0.1644
2026-08-26,r-0070,Block storage,development,platform,0.3288
2026-08-26,r-0072,Block storage,development,,0.3288
2026-08-26,r-0074,Block storage,development,,0.1644
2026-08-26,r-0076,Block storage,development,,0.3288
2026-08-26,r-0077,Block storage,,,0.6576
2026-08-26,r-0078,Block storage,development,,3.2878
2026-08-26,r-0079,Block storage,development,platform,0.6576
2026-08-26,r-0080,Block storage,,,3.2878
2026-08-26,r-0081,Block storage,staging,,1.6438
2026-08-26,r-0082,Block storage,,,0.6576
2026-08-26,r-0083,Block storage,,,1.6438
2026-08-26,r-0084,Block storage,staging,,0.6576
2026-08-26,r-0085,Snapshots,production,,0.3288
2026-08-26,r-0086,Snapshots,development,platform,0.822
2026-08-26,r-0087,Snapshots,production,platform,0.3288
2026-08-26,r-0088,Snapshots,production,platform,0.1644
2026-08-26,r-0089,Snapshots,production,platform,0.3288
2026-08-26,r-0090,Snapshots,production,platform,0.1644
2026-08-26,r-0091,Snapshots,production,platform,0.1644
2026-08-26,r-0092,Snapshots,staging,platform,0.0821
2026-08-26,r-0093,Snapshots,development,platform,0.822
2026-08-26,r-0094,Snapshots,production,platform,0.3288
2026-08-26,r-0095,Snapshots,production,platform,0.822
2026-08-26,r-0096,Snapshots,staging,platform,0.1644
2026-08-26,r-0097,Snapshots,development,,0.0821
2026-08-26,r-0098,Snapshots,development,,0.3288
2026-08-26,r-0099,Snapshots,production,platform,0.3288
2026-08-26,r-0100,Snapshots,production,platform,0.0821
2026-08-26,r-0101,Snapshots,development,platform,0.3288
2026-08-26,r-0102,Snapshots,production,platform,0.0821
2026-08-26,r-0103,Snapshots,development,,0.822
2026-08-26,r-0104,Snapshots,development,,0.1644
2026-08-26,r-0105,Snapshots,staging,platform,0.0821
2026-08-26,r-0106,Snapshots,production,,0.3288
2026-08-26,r-0107,Snapshots,production,platform,0.1644
2026-08-26,r-0108,Snapshots,production,platform,0.0821
2026-08-26,r-0109,Snapshots,development,platform,0.3288
2026-08-26,r-0110,Snapshots,development,,0.0821
2026-08-26,r-0111,Snapshots,staging,,0.1644
2026-08-26,r-0112,Snapshots,production,platform,0.822
2026-08-26,r-0113,Snapshots,production,platform,0.1644
2026-08-26,r-0114,Snapshots,development,,0.1644
2026-08-26,r-0115,Snapshots,staging,,0.1644
2026-08-26,r-0116,Snapshots,staging,platform,0.0821
2026-08-26,r-0117,Snapshots,production,,0.1644
2026-08-26,r-0118,Snapshots,production,platform,0.1644
2026-08-26,r-0119,Snapshots,development,platform,0.0821
2026-08-26,r-0120,Snapshots,production,,0.822
2026-08-26,r-0121,Object storage,production,invoicing,1.361
2026-08-26,r-0122,Object storage,production,platform,3.0247
2026-08-26,r-0123,Object storage,production,marketing,0.0302
2026-08-26,r-0124,Object storage,production,,0.2647
2026-08-26,r-0125,Object storage,production,platform,1.8905
2026-08-26,r-0126,Object storage,development,,0.4536
2026-08-26,r-0127,Managed database,production,platform,10.8
2026-08-26,r-0128,Managed database,staging,platform,5.52
2026-08-26,r-0129,Load balancing,production,platform,0.6
2026-08-26,r-0130,Load balancing,staging,platform,0.6
2026-08-26,r-0131,Public IPs,,,0.12
2026-08-26,r-0132,Public IPs,,,0.12
2026-08-26,r-0133,Public IPs,,,0.12
2026-08-26,,Data transfer,production,platform,40.044
2026-08-27,r-0001,Compute,production,platform,2.4
2026-08-27,r-0002,Block storage,production,platform,0.3288
2026-08-27,r-0003,Compute,production,platform,2.4
2026-08-27,r-0004,Block storage,production,platform,0.3288
2026-08-27,r-0005,Compute,production,platform,2.4
2026-08-27,r-0006,Block storage,production,platform,0.3288
2026-08-27,r-0007,Compute,production,platform,2.4
2026-08-27,r-0008,Block storage,production,platform,0.3288
2026-08-27,r-0009,Compute,production,platform,2.4
2026-08-27,r-0010,Block storage,production,platform,0.6576
2026-08-27,r-0011,Compute,production,platform,2.4
2026-08-27,r-0012,Block storage,production,platform,0.3288
2026-08-27,r-0013,Compute,production,platform,4.8
2026-08-27,r-0014,Block storage,production,platform,0.3288
2026-08-27,r-0015,Compute,production,platform,4.8
2026-08-27,r-0016,Block storage,production,platform,0.1644
2026-08-27,r-0017,Compute,production,platform,4.8
2026-08-27,r-0018,Block storage,production,platform,0.3288
2026-08-27,r-0019,Compute,production,platform,4.8
2026-08-27,r-0020,Block storage,production,platform,0.3288
2026-08-27,r-0021,Compute,production,invoicing,2.4
2026-08-27,r-0022,Block storage,production,invoicing,0.1644
2026-08-27,r-0023,Compute,production,invoicing,2.4
2026-08-27,r-0024,Block storage,production,invoicing,0.6576
2026-08-27,r-0025,Compute,production,invoicing,2.4
2026-08-27,r-0026,Block storage,production,invoicing,0.6576
2026-08-27,r-0027,Compute,staging,platform,1.2
2026-08-27,r-0028,Block storage,staging,platform,0.3288
2026-08-27,r-0029,Compute,staging,platform,1.2
2026-08-27,r-0030,Block storage,staging,platform,0.3288
2026-08-27,r-0031,Compute,staging,platform,1.2
2026-08-27,r-0032,Block storage,staging,platform,0.6576
2026-08-27,r-0033,Compute,staging,platform,1.2
2026-08-27,r-0034,Block storage,staging,platform,0.6576
2026-08-27,r-0035,Compute,staging,platform,1.2
2026-08-27,r-0036,Block storage,staging,platform,0.1644
2026-08-27,r-0037,Compute,staging,platform,1.2
2026-08-27,r-0038,Block storage,staging,platform,0.3288
2026-08-27,r-0039,Compute,development,invoicing,1.2
2026-08-27,r-0040,Block storage,development,invoicing,0.3288
2026-08-27,r-0041,Compute,development,invoicing,1.2
2026-08-27,r-0042,Block storage,development,invoicing,0.6576
2026-08-27,r-0043,Compute,development,invoicing,2.4
2026-08-27,r-0044,Block storage,development,invoicing,0.1644
2026-08-27,r-0045,Compute,development,invoicing,1.2
2026-08-27,r-0046,Block storage,development,invoicing,0.3288
2026-08-27,r-0047,Compute,development,invoicing,1.2
2026-08-27,r-0048,Block storage,development,invoicing,0.1644
2026-08-27,r-0049,Compute,development,invoicing,2.4
2026-08-27,r-0050,Block storage,development,invoicing,0.3288
2026-08-27,r-0051,Compute,development,payments,1.2
2026-08-27,r-0052,Block storage,development,payments,0.3288
2026-08-27,r-0053,Compute,development,payments,1.2
2026-08-27,r-0054,Block storage,development,payments,0.3288
2026-08-27,r-0055,Compute,development,payments,2.4
2026-08-27,r-0056,Block storage,development,payments,0.1644
2026-08-27,r-0057,Compute,development,payments,1.2
2026-08-27,r-0058,Block storage,development,payments,0.1644
2026-08-27,r-0059,Compute,development,payments,1.2
2026-08-27,r-0060,Block storage,development,payments,0.3288
2026-08-27,r-0061,Compute,development,payments,2.4
2026-08-27,r-0062,Block storage,development,payments,0.3288
2026-08-27,r-0063,Compute,development,,4.8
2026-08-27,r-0064,Block storage,development,,1.6438
2026-08-27,r-0065,Compute,,,2.4
2026-08-27,r-0066,Block storage,,,0.3288
2026-08-27,r-0067,Compute,development,,2.4
2026-08-27,r-0068,Block storage,development,,0.1644
2026-08-27,r-0070,Block storage,development,platform,0.3288
2026-08-27,r-0072,Block storage,development,,0.3288
2026-08-27,r-0074,Block storage,development,,0.1644
2026-08-27,r-0076,Block storage,development,,0.3288
2026-08-27,r-0077,Block storage,,,0.6576
2026-08-27,r-0078,Block storage,development,,3.2878
2026-08-27,r-0079,Block storage,development,platform,0.6576
2026-08-27,r-0080,Block storage,,,3.2878
2026-08-27,r-0081,Block storage,staging,,1.6438
2026-08-27,r-0082,Block storage,,,0.6576
2026-08-27,r-0083,Block storage,,,1.6438
2026-08-27,r-0084,Block storage,staging,,0.6576
2026-08-27,r-0085,Snapshots,production,,0.3288
2026-08-27,r-0086,Snapshots,development,platform,0.822
2026-08-27,r-0087,Snapshots,production,platform,0.3288
2026-08-27,r-0088,Snapshots,production,platform,0.1644
2026-08-27,r-0089,Snapshots,production,platform,0.3288
2026-08-27,r-0090,Snapshots,production,platform,0.1644
2026-08-27,r-0091,Snapshots,production,platform,0.1644
2026-08-27,r-0092,Snapshots,staging,platform,0.0821
2026-08-27,r-0093,Snapshots,development,platform,0.822
2026-08-27,r-0094,Snapshots,production,platform,0.3288
2026-08-27,r-0095,Snapshots,production,platform,0.822
2026-08-27,r-0096,Snapshots,staging,platform,0.1644
2026-08-27,r-0097,Snapshots,development,,0.0821
2026-08-27,r-0098,Snapshots,development,,0.3288
2026-08-27,r-0099,Snapshots,production,platform,0.3288
2026-08-27,r-0100,Snapshots,production,platform,0.0821
2026-08-27,r-0101,Snapshots,development,platform,0.3288
2026-08-27,r-0102,Snapshots,production,platform,0.0821
2026-08-27,r-0103,Snapshots,development,,0.822
2026-08-27,r-0104,Snapshots,development,,0.1644
2026-08-27,r-0105,Snapshots,staging,platform,0.0821
2026-08-27,r-0106,Snapshots,production,,0.3288
2026-08-27,r-0107,Snapshots,production,platform,0.1644
2026-08-27,r-0108,Snapshots,production,platform,0.0821
2026-08-27,r-0109,Snapshots,development,platform,0.3288
2026-08-27,r-0110,Snapshots,development,,0.0821
2026-08-27,r-0111,Snapshots,staging,,0.1644
2026-08-27,r-0112,Snapshots,production,platform,0.822
2026-08-27,r-0113,Snapshots,production,platform,0.1644
2026-08-27,r-0114,Snapshots,development,,0.1644
2026-08-27,r-0115,Snapshots,staging,,0.1644
2026-08-27,r-0116,Snapshots,staging,platform,0.0821
2026-08-27,r-0117,Snapshots,production,,0.1644
2026-08-27,r-0118,Snapshots,production,platform,0.1644
2026-08-27,r-0119,Snapshots,development,platform,0.0821
2026-08-27,r-0120,Snapshots,production,,0.822
2026-08-27,r-0121,Object storage,production,invoicing,1.361
2026-08-27,r-0122,Object storage,production,platform,3.0247
2026-08-27,r-0123,Object storage,production,marketing,0.0302
2026-08-27,r-0124,Object storage,production,,0.2647
2026-08-27,r-0125,Object storage,production,platform,1.8905
2026-08-27,r-0126,Object storage,development,,0.4536
2026-08-27,r-0127,Managed database,production,platform,10.8
2026-08-27,r-0128,Managed database,staging,platform,5.52
2026-08-27,r-0129,Load balancing,production,platform,0.6
2026-08-27,r-0130,Load balancing,staging,platform,0.6
2026-08-27,r-0131,Public IPs,,,0.12
2026-08-27,r-0132,Public IPs,,,0.12
2026-08-27,r-0133,Public IPs,,,0.12
2026-08-27,,Data transfer,production,platform,42.5286
2026-08-28,r-0001,Compute,production,platform,2.4
2026-08-28,r-0002,Block storage,production,platform,0.3288
2026-08-28,r-0003,Compute,production,platform,2.4
2026-08-28,r-0004,Block storage,production,platform,0.3288
2026-08-28,r-0005,Compute,production,platform,2.4
2026-08-28,r-0006,Block storage,production,platform,0.3288
2026-08-28,r-0007,Compute,production,platform,2.4
2026-08-28,r-0008,Block storage,production,platform,0.3288
2026-08-28,r-0009,Compute,production,platform,2.4
2026-08-28,r-0010,Block storage,production,platform,0.6576
2026-08-28,r-0011,Compute,production,platform,2.4
2026-08-28,r-0012,Block storage,production,platform,0.3288
2026-08-28,r-0013,Compute,production,platform,4.8
2026-08-28,r-0014,Block storage,production,platform,0.3288
2026-08-28,r-0015,Compute,production,platform,4.8
2026-08-28,r-0016,Block storage,production,platform,0.1644
2026-08-28,r-0017,Compute,production,platform,4.8
2026-08-28,r-0018,Block storage,production,platform,0.3288
2026-08-28,r-0019,Compute,production,platform,4.8
2026-08-28,r-0020,Block storage,production,platform,0.3288
2026-08-28,r-0021,Compute,production,invoicing,2.4
2026-08-28,r-0022,Block storage,production,invoicing,0.1644
2026-08-28,r-0023,Compute,production,invoicing,2.4
2026-08-28,r-0024,Block storage,production,invoicing,0.6576
2026-08-28,r-0025,Compute,production,invoicing,2.4
2026-08-28,r-0026,Block storage,production,invoicing,0.6576
2026-08-28,r-0027,Compute,staging,platform,1.2
2026-08-28,r-0028,Block storage,staging,platform,0.3288
2026-08-28,r-0029,Compute,staging,platform,1.2
2026-08-28,r-0030,Block storage,staging,platform,0.3288
2026-08-28,r-0031,Compute,staging,platform,1.2
2026-08-28,r-0032,Block storage,staging,platform,0.6576
2026-08-28,r-0033,Compute,staging,platform,1.2
2026-08-28,r-0034,Block storage,staging,platform,0.6576
2026-08-28,r-0035,Compute,staging,platform,1.2
2026-08-28,r-0036,Block storage,staging,platform,0.1644
2026-08-28,r-0037,Compute,staging,platform,1.2
2026-08-28,r-0038,Block storage,staging,platform,0.3288
2026-08-28,r-0039,Compute,development,invoicing,1.2
2026-08-28,r-0040,Block storage,development,invoicing,0.3288
2026-08-28,r-0041,Compute,development,invoicing,1.2
2026-08-28,r-0042,Block storage,development,invoicing,0.6576
2026-08-28,r-0043,Compute,development,invoicing,2.4
2026-08-28,r-0044,Block storage,development,invoicing,0.1644
2026-08-28,r-0045,Compute,development,invoicing,1.2
2026-08-28,r-0046,Block storage,development,invoicing,0.3288
2026-08-28,r-0047,Compute,development,invoicing,1.2
2026-08-28,r-0048,Block storage,development,invoicing,0.1644
2026-08-28,r-0049,Compute,development,invoicing,2.4
2026-08-28,r-0050,Block storage,development,invoicing,0.3288
2026-08-28,r-0051,Compute,development,payments,1.2
2026-08-28,r-0052,Block storage,development,payments,0.3288
2026-08-28,r-0053,Compute,development,payments,1.2
2026-08-28,r-0054,Block storage,development,payments,0.3288
2026-08-28,r-0055,Compute,development,payments,2.4
2026-08-28,r-0056,Block storage,development,payments,0.1644
2026-08-28,r-0057,Compute,development,payments,1.2
2026-08-28,r-0058,Block storage,development,payments,0.1644
2026-08-28,r-0059,Compute,development,payments,1.2
2026-08-28,r-0060,Block storage,development,payments,0.3288
2026-08-28,r-0061,Compute,development,payments,2.4
2026-08-28,r-0062,Block storage,development,payments,0.3288
2026-08-28,r-0063,Compute,development,,4.8
2026-08-28,r-0064,Block storage,development,,1.6438
2026-08-28,r-0065,Compute,,,2.4
2026-08-28,r-0066,Block storage,,,0.3288
2026-08-28,r-0067,Compute,development,,2.4
2026-08-28,r-0068,Block storage,development,,0.1644
2026-08-28,r-0070,Block storage,development,platform,0.3288
2026-08-28,r-0072,Block storage,development,,0.3288
2026-08-28,r-0074,Block storage,development,,0.1644
2026-08-28,r-0076,Block storage,development,,0.3288
2026-08-28,r-0077,Block storage,,,0.6576
2026-08-28,r-0078,Block storage,development,,3.2878
2026-08-28,r-0079,Block storage,development,platform,0.6576
2026-08-28,r-0080,Block storage,,,3.2878
2026-08-28,r-0081,Block storage,staging,,1.6438
2026-08-28,r-0082,Block storage,,,0.6576
2026-08-28,r-0083,Block storage,,,1.6438
2026-08-28,r-0084,Block storage,staging,,0.6576
2026-08-28,r-0085,Snapshots,production,,0.3288
2026-08-28,r-0086,Snapshots,development,platform,0.822
2026-08-28,r-0087,Snapshots,production,platform,0.3288
2026-08-28,r-0088,Snapshots,production,platform,0.1644
2026-08-28,r-0089,Snapshots,production,platform,0.3288
2026-08-28,r-0090,Snapshots,production,platform,0.1644
2026-08-28,r-0091,Snapshots,production,platform,0.1644
2026-08-28,r-0092,Snapshots,staging,platform,0.0821
2026-08-28,r-0093,Snapshots,development,platform,0.822
2026-08-28,r-0094,Snapshots,production,platform,0.3288
2026-08-28,r-0095,Snapshots,production,platform,0.822
2026-08-28,r-0096,Snapshots,staging,platform,0.1644
2026-08-28,r-0097,Snapshots,development,,0.0821
2026-08-28,r-0098,Snapshots,development,,0.3288
2026-08-28,r-0099,Snapshots,production,platform,0.3288
2026-08-28,r-0100,Snapshots,production,platform,0.0821
2026-08-28,r-0101,Snapshots,development,platform,0.3288
2026-08-28,r-0102,Snapshots,production,platform,0.0821
2026-08-28,r-0103,Snapshots,development,,0.822
2026-08-28,r-0104,Snapshots,development,,0.1644
2026-08-28,r-0105,Snapshots,staging,platform,0.0821
2026-08-28,r-0106,Snapshots,production,,0.3288
2026-08-28,r-0107,Snapshots,production,platform,0.1644
2026-08-28,r-0108,Snapshots,production,platform,0.0821
2026-08-28,r-0109,Snapshots,development,platform,0.3288
2026-08-28,r-0110,Snapshots,development,,0.0821
2026-08-28,r-0111,Snapshots,staging,,0.1644
2026-08-28,r-0112,Snapshots,production,platform,0.822
2026-08-28,r-0113,Snapshots,production,platform,0.1644
2026-08-28,r-0114,Snapshots,development,,0.1644
2026-08-28,r-0115,Snapshots,staging,,0.1644
2026-08-28,r-0116,Snapshots,staging,platform,0.0821
2026-08-28,r-0117,Snapshots,production,,0.1644
2026-08-28,r-0118,Snapshots,production,platform,0.1644
2026-08-28,r-0119,Snapshots,development,platform,0.0821
2026-08-28,r-0120,Snapshots,production,,0.822
2026-08-28,r-0121,Object storage,production,invoicing,1.361
2026-08-28,r-0122,Object storage,production,platform,3.0247
2026-08-28,r-0123,Object storage,production,marketing,0.0302
2026-08-28,r-0124,Object storage,production,,0.2647
2026-08-28,r-0125,Object storage,production,platform,1.8905
2026-08-28,r-0126,Object storage,development,,0.4536
2026-08-28,r-0127,Managed database,production,platform,10.8
2026-08-28,r-0128,Managed database,staging,platform,5.52
2026-08-28,r-0129,Load balancing,production,platform,0.6
2026-08-28,r-0130,Load balancing,staging,platform,0.6
2026-08-28,r-0131,Public IPs,,,0.12
2026-08-28,r-0132,Public IPs,,,0.12
2026-08-28,r-0133,Public IPs,,,0.12
2026-08-28,,Data transfer,production,platform,63.8716
2026-08-29,r-0001,Compute,production,platform,2.4
2026-08-29,r-0002,Block storage,production,platform,0.3288
2026-08-29,r-0003,Compute,production,platform,2.4
2026-08-29,r-0004,Block storage,production,platform,0.3288
2026-08-29,r-0005,Compute,production,platform,2.4
2026-08-29,r-0006,Block storage,production,platform,0.3288
2026-08-29,r-0007,Compute,production,platform,2.4
2026-08-29,r-0008,Block storage,production,platform,0.3288
2026-08-29,r-0009,Compute,production,platform,2.4
2026-08-29,r-0010,Block storage,production,platform,0.6576
2026-08-29,r-0011,Compute,production,platform,2.4
2026-08-29,r-0012,Block storage,production,platform,0.3288
2026-08-29,r-0013,Compute,production,platform,4.8
2026-08-29,r-0014,Block storage,production,platform,0.3288
2026-08-29,r-0015,Compute,production,platform,4.8
2026-08-29,r-0016,Block storage,production,platform,0.1644
2026-08-29,r-0017,Compute,production,platform,4.8
2026-08-29,r-0018,Block storage,production,platform,0.3288
2026-08-29,r-0019,Compute,production,platform,4.8
2026-08-29,r-0020,Block storage,production,platform,0.3288
2026-08-29,r-0021,Compute,production,invoicing,2.4
2026-08-29,r-0022,Block storage,production,invoicing,0.1644
2026-08-29,r-0023,Compute,production,invoicing,2.4
2026-08-29,r-0024,Block storage,production,invoicing,0.6576
2026-08-29,r-0025,Compute,production,invoicing,2.4
2026-08-29,r-0026,Block storage,production,invoicing,0.6576
2026-08-29,r-0027,Compute,staging,platform,1.2
2026-08-29,r-0028,Block storage,staging,platform,0.3288
2026-08-29,r-0029,Compute,staging,platform,1.2
2026-08-29,r-0030,Block storage,staging,platform,0.3288
2026-08-29,r-0031,Compute,staging,platform,1.2
2026-08-29,r-0032,Block storage,staging,platform,0.6576
2026-08-29,r-0033,Compute,staging,platform,1.2
2026-08-29,r-0034,Block storage,staging,platform,0.6576
2026-08-29,r-0035,Compute,staging,platform,1.2
2026-08-29,r-0036,Block storage,staging,platform,0.1644
2026-08-29,r-0037,Compute,staging,platform,1.2
2026-08-29,r-0038,Block storage,staging,platform,0.3288
2026-08-29,r-0039,Compute,development,invoicing,1.2
2026-08-29,r-0040,Block storage,development,invoicing,0.3288
2026-08-29,r-0041,Compute,development,invoicing,1.2
2026-08-29,r-0042,Block storage,development,invoicing,0.6576
2026-08-29,r-0043,Compute,development,invoicing,2.4
2026-08-29,r-0044,Block storage,development,invoicing,0.1644
2026-08-29,r-0045,Compute,development,invoicing,1.2
2026-08-29,r-0046,Block storage,development,invoicing,0.3288
2026-08-29,r-0047,Compute,development,invoicing,1.2
2026-08-29,r-0048,Block storage,development,invoicing,0.1644
2026-08-29,r-0049,Compute,development,invoicing,2.4
2026-08-29,r-0050,Block storage,development,invoicing,0.3288
2026-08-29,r-0051,Compute,development,payments,1.2
2026-08-29,r-0052,Block storage,development,payments,0.3288
2026-08-29,r-0053,Compute,development,payments,1.2
2026-08-29,r-0054,Block storage,development,payments,0.3288
2026-08-29,r-0055,Compute,development,payments,2.4
2026-08-29,r-0056,Block storage,development,payments,0.1644
2026-08-29,r-0057,Compute,development,payments,1.2
2026-08-29,r-0058,Block storage,development,payments,0.1644
2026-08-29,r-0059,Compute,development,payments,1.2
2026-08-29,r-0060,Block storage,development,payments,0.3288
2026-08-29,r-0061,Compute,development,payments,2.4
2026-08-29,r-0062,Block storage,development,payments,0.3288
2026-08-29,r-0063,Compute,development,,4.8
2026-08-29,r-0064,Block storage,development,,1.6438
2026-08-29,r-0065,Compute,,,2.4
2026-08-29,r-0066,Block storage,,,0.3288
2026-08-29,r-0067,Compute,development,,2.4
2026-08-29,r-0068,Block storage,development,,0.1644
2026-08-29,r-0070,Block storage,development,platform,0.3288
2026-08-29,r-0072,Block storage,development,,0.3288
2026-08-29,r-0074,Block storage,development,,0.1644
2026-08-29,r-0076,Block storage,development,,0.3288
2026-08-29,r-0077,Block storage,,,0.6576
2026-08-29,r-0078,Block storage,development,,3.2878
2026-08-29,r-0079,Block storage,development,platform,0.6576
2026-08-29,r-0080,Block storage,,,3.2878
2026-08-29,r-0081,Block storage,staging,,1.6438
2026-08-29,r-0082,Block storage,,,0.6576
2026-08-29,r-0083,Block storage,,,1.6438
2026-08-29,r-0084,Block storage,staging,,0.6576
2026-08-29,r-0085,Snapshots,production,,0.3288
2026-08-29,r-0086,Snapshots,development,platform,0.822
2026-08-29,r-0087,Snapshots,production,platform,0.3288
2026-08-29,r-0088,Snapshots,production,platform,0.1644
2026-08-29,r-0089,Snapshots,production,platform,0.3288
2026-08-29,r-0090,Snapshots,production,platform,0.1644
2026-08-29,r-0091,Snapshots,production,platform,0.1644
2026-08-29,r-0092,Snapshots,staging,platform,0.0821
2026-08-29,r-0093,Snapshots,development,platform,0.822
2026-08-29,r-0094,Snapshots,production,platform,0.3288
2026-08-29,r-0095,Snapshots,production,platform,0.822
2026-08-29,r-0096,Snapshots,staging,platform,0.1644
2026-08-29,r-0097,Snapshots,development,,0.0821
2026-08-29,r-0098,Snapshots,development,,0.3288
2026-08-29,r-0099,Snapshots,production,platform,0.3288
2026-08-29,r-0100,Snapshots,production,platform,0.0821
2026-08-29,r-0101,Snapshots,development,platform,0.3288
2026-08-29,r-0102,Snapshots,production,platform,0.0821
2026-08-29,r-0103,Snapshots,development,,0.822
2026-08-29,r-0104,Snapshots,development,,0.1644
2026-08-29,r-0105,Snapshots,staging,platform,0.0821
2026-08-29,r-0106,Snapshots,production,,0.3288
2026-08-29,r-0107,Snapshots,production,platform,0.1644
2026-08-29,r-0108,Snapshots,production,platform,0.0821
2026-08-29,r-0109,Snapshots,development,platform,0.3288
2026-08-29,r-0110,Snapshots,development,,0.0821
2026-08-29,r-0111,Snapshots,staging,,0.1644
2026-08-29,r-0112,Snapshots,production,platform,0.822
2026-08-29,r-0113,Snapshots,production,platform,0.1644
2026-08-29,r-0114,Snapshots,development,,0.1644
2026-08-29,r-0115,Snapshots,staging,,0.1644
2026-08-29,r-0116,Snapshots,staging,platform,0.0821
2026-08-29,r-0117,Snapshots,production,,0.1644
2026-08-29,r-0118,Snapshots,production,platform,0.1644
2026-08-29,r-0119,Snapshots,development,platform,0.0821
2026-08-29,r-0120,Snapshots,production,,0.822
2026-08-29,r-0121,Object storage,production,invoicing,1.361
2026-08-29,r-0122,Object storage,production,platform,3.0247
2026-08-29,r-0123,Object storage,production,marketing,0.0302
2026-08-29,r-0124,Object storage,production,,0.2647
2026-08-29,r-0125,Object storage,production,platform,1.8905
2026-08-29,r-0126,Object storage,development,,0.4536
2026-08-29,r-0127,Managed database,production,platform,10.8
2026-08-29,r-0128,Managed database,staging,platform,5.52
2026-08-29,r-0129,Load balancing,production,platform,0.6
2026-08-29,r-0130,Load balancing,staging,platform,0.6
2026-08-29,r-0131,Public IPs,,,0.12
2026-08-29,r-0132,Public IPs,,,0.12
2026-08-29,r-0133,Public IPs,,,0.12
2026-08-29,,Data transfer,production,platform,45.4906
2026-08-30,r-0001,Compute,production,platform,2.4
2026-08-30,r-0002,Block storage,production,platform,0.3288
2026-08-30,r-0003,Compute,production,platform,2.4
2026-08-30,r-0004,Block storage,production,platform,0.3288
2026-08-30,r-0005,Compute,production,platform,2.4
2026-08-30,r-0006,Block storage,production,platform,0.3288
2026-08-30,r-0007,Compute,production,platform,2.4
2026-08-30,r-0008,Block storage,production,platform,0.3288
2026-08-30,r-0009,Compute,production,platform,2.4
2026-08-30,r-0010,Block storage,production,platform,0.6576
2026-08-30,r-0011,Compute,production,platform,2.4
2026-08-30,r-0012,Block storage,production,platform,0.3288
2026-08-30,r-0013,Compute,production,platform,4.8
2026-08-30,r-0014,Block storage,production,platform,0.3288
2026-08-30,r-0015,Compute,production,platform,4.8
2026-08-30,r-0016,Block storage,production,platform,0.1644
2026-08-30,r-0017,Compute,production,platform,4.8
2026-08-30,r-0018,Block storage,production,platform,0.3288
2026-08-30,r-0019,Compute,production,platform,4.8
2026-08-30,r-0020,Block storage,production,platform,0.3288
2026-08-30,r-0021,Compute,production,invoicing,2.4
2026-08-30,r-0022,Block storage,production,invoicing,0.1644
2026-08-30,r-0023,Compute,production,invoicing,2.4
2026-08-30,r-0024,Block storage,production,invoicing,0.6576
2026-08-30,r-0025,Compute,production,invoicing,2.4
2026-08-30,r-0026,Block storage,production,invoicing,0.6576
2026-08-30,r-0027,Compute,staging,platform,1.2
2026-08-30,r-0028,Block storage,staging,platform,0.3288
2026-08-30,r-0029,Compute,staging,platform,1.2
2026-08-30,r-0030,Block storage,staging,platform,0.3288
2026-08-30,r-0031,Compute,staging,platform,1.2
2026-08-30,r-0032,Block storage,staging,platform,0.6576
2026-08-30,r-0033,Compute,staging,platform,1.2
2026-08-30,r-0034,Block storage,staging,platform,0.6576
2026-08-30,r-0035,Compute,staging,platform,1.2
2026-08-30,r-0036,Block storage,staging,platform,0.1644
2026-08-30,r-0037,Compute,staging,platform,1.2
2026-08-30,r-0038,Block storage,staging,platform,0.3288
2026-08-30,r-0039,Compute,development,invoicing,1.2
2026-08-30,r-0040,Block storage,development,invoicing,0.3288
2026-08-30,r-0041,Compute,development,invoicing,1.2
2026-08-30,r-0042,Block storage,development,invoicing,0.6576
2026-08-30,r-0043,Compute,development,invoicing,2.4
2026-08-30,r-0044,Block storage,development,invoicing,0.1644
2026-08-30,r-0045,Compute,development,invoicing,1.2
2026-08-30,r-0046,Block storage,development,invoicing,0.3288
2026-08-30,r-0047,Compute,development,invoicing,1.2
2026-08-30,r-0048,Block storage,development,invoicing,0.1644
2026-08-30,r-0049,Compute,development,invoicing,2.4
2026-08-30,r-0050,Block storage,development,invoicing,0.3288
2026-08-30,r-0051,Compute,development,payments,1.2
2026-08-30,r-0052,Block storage,development,payments,0.3288
2026-08-30,r-0053,Compute,development,payments,1.2
2026-08-30,r-0054,Block storage,development,payments,0.3288
2026-08-30,r-0055,Compute,development,payments,2.4
2026-08-30,r-0056,Block storage,development,payments,0.1644
2026-08-30,r-0057,Compute,development,payments,1.2
2026-08-30,r-0058,Block storage,development,payments,0.1644
2026-08-30,r-0059,Compute,development,payments,1.2
2026-08-30,r-0060,Block storage,development,payments,0.3288
2026-08-30,r-0061,Compute,development,payments,2.4
2026-08-30,r-0062,Block storage,development,payments,0.3288
2026-08-30,r-0063,Compute,development,,4.8
2026-08-30,r-0064,Block storage,development,,1.6438
2026-08-30,r-0065,Compute,,,2.4
2026-08-30,r-0066,Block storage,,,0.3288
2026-08-30,r-0067,Compute,development,,2.4
2026-08-30,r-0068,Block storage,development,,0.1644
2026-08-30,r-0070,Block storage,development,platform,0.3288
2026-08-30,r-0072,Block storage,development,,0.3288
2026-08-30,r-0074,Block storage,development,,0.1644
2026-08-30,r-0076,Block storage,development,,0.3288
2026-08-30,r-0077,Block storage,,,0.6576
2026-08-30,r-0078,Block storage,development,,3.2878
2026-08-30,r-0079,Block storage,development,platform,0.6576
2026-08-30,r-0080,Block storage,,,3.2878
2026-08-30,r-0081,Block storage,staging,,1.6438
2026-08-30,r-0082,Block storage,,,0.6576
2026-08-30,r-0083,Block storage,,,1.6438
2026-08-30,r-0084,Block storage,staging,,0.6576
2026-08-30,r-0085,Snapshots,production,,0.3288
2026-08-30,r-0086,Snapshots,development,platform,0.822
2026-08-30,r-0087,Snapshots,production,platform,0.3288
2026-08-30,r-0088,Snapshots,production,platform,0.1644
2026-08-30,r-0089,Snapshots,production,platform,0.3288
2026-08-30,r-0090,Snapshots,production,platform,0.1644
2026-08-30,r-0091,Snapshots,production,platform,0.1644
2026-08-30,r-0092,Snapshots,staging,platform,0.0821
2026-08-30,r-0093,Snapshots,development,platform,0.822
2026-08-30,r-0094,Snapshots,production,platform,0.3288
2026-08-30,r-0095,Snapshots,production,platform,0.822
2026-08-30,r-0096,Snapshots,staging,platform,0.1644
2026-08-30,r-0097,Snapshots,development,,0.0821
2026-08-30,r-0098,Snapshots,development,,0.3288
2026-08-30,r-0099,Snapshots,production,platform,0.3288
2026-08-30,r-0100,Snapshots,production,platform,0.0821
2026-08-30,r-0101,Snapshots,development,platform,0.3288
2026-08-30,r-0102,Snapshots,production,platform,0.0821
2026-08-30,r-0103,Snapshots,development,,0.822
2026-08-30,r-0104,Snapshots,development,,0.1644
2026-08-30,r-0105,Snapshots,staging,platform,0.0821
2026-08-30,r-0106,Snapshots,production,,0.3288
2026-08-30,r-0107,Snapshots,production,platform,0.1644
2026-08-30,r-0108,Snapshots,production,platform,0.0821
2026-08-30,r-0109,Snapshots,development,platform,0.3288
2026-08-30,r-0110,Snapshots,development,,0.0821
2026-08-30,r-0111,Snapshots,staging,,0.1644
2026-08-30,r-0112,Snapshots,production,platform,0.822
2026-08-30,r-0113,Snapshots,production,platform,0.1644
2026-08-30,r-0114,Snapshots,development,,0.1644
2026-08-30,r-0115,Snapshots,staging,,0.1644
2026-08-30,r-0116,Snapshots,staging,platform,0.0821
2026-08-30,r-0117,Snapshots,production,,0.1644
2026-08-30,r-0118,Snapshots,production,platform,0.1644
2026-08-30,r-0119,Snapshots,development,platform,0.0821
2026-08-30,r-0120,Snapshots,production,,0.822
2026-08-30,r-0121,Object storage,production,invoicing,1.361
2026-08-30,r-0122,Object storage,production,platform,3.0247
2026-08-30,r-0123,Object storage,production,marketing,0.0302
2026-08-30,r-0124,Object storage,production,,0.2647
2026-08-30,r-0125,Object storage,production,platform,1.8905
2026-08-30,r-0126,Object storage,development,,0.4536
2026-08-30,r-0127,Managed database,production,platform,10.8
2026-08-30,r-0128,Managed database,staging,platform,5.52
2026-08-30,r-0129,Load balancing,production,platform,0.6
2026-08-30,r-0130,Load balancing,staging,platform,0.6
2026-08-30,r-0131,Public IPs,,,0.12
2026-08-30,r-0132,Public IPs,,,0.12
2026-08-30,r-0133,Public IPs,,,0.12
2026-08-30,,Data transfer,production,platform,61.976
2026-08-31,r-0001,Compute,production,platform,2.4
2026-08-31,r-0002,Block storage,production,platform,0.3288
2026-08-31,r-0003,Compute,production,platform,2.4
2026-08-31,r-0004,Block storage,production,platform,0.3288
2026-08-31,r-0005,Compute,production,platform,2.4
2026-08-31,r-0006,Block storage,production,platform,0.3288
2026-08-31,r-0007,Compute,production,platform,2.4
2026-08-31,r-0008,Block storage,production,platform,0.3288
2026-08-31,r-0009,Compute,production,platform,2.4
2026-08-31,r-0010,Block storage,production,platform,0.6576
2026-08-31,r-0011,Compute,production,platform,2.4
2026-08-31,r-0012,Block storage,production,platform,0.3288
2026-08-31,r-0013,Compute,production,platform,4.8
2026-08-31,r-0014,Block storage,production,platform,0.3288
2026-08-31,r-0015,Compute,production,platform,4.8
2026-08-31,r-0016,Block storage,production,platform,0.1644
2026-08-31,r-0017,Compute,production,platform,4.8
2026-08-31,r-0018,Block storage,production,platform,0.3288
2026-08-31,r-0019,Compute,production,platform,4.8
2026-08-31,r-0020,Block storage,production,platform,0.3288
2026-08-31,r-0021,Compute,production,invoicing,2.4
2026-08-31,r-0022,Block storage,production,invoicing,0.1644
2026-08-31,r-0023,Compute,production,invoicing,2.4
2026-08-31,r-0024,Block storage,production,invoicing,0.6576
2026-08-31,r-0025,Compute,production,invoicing,2.4
2026-08-31,r-0026,Block storage,production,invoicing,0.6576
2026-08-31,r-0027,Compute,staging,platform,1.2
2026-08-31,r-0028,Block storage,staging,platform,0.3288
2026-08-31,r-0029,Compute,staging,platform,1.2
2026-08-31,r-0030,Block storage,staging,platform,0.3288
2026-08-31,r-0031,Compute,staging,platform,1.2
2026-08-31,r-0032,Block storage,staging,platform,0.6576
2026-08-31,r-0033,Compute,staging,platform,1.2
2026-08-31,r-0034,Block storage,staging,platform,0.6576
2026-08-31,r-0035,Compute,staging,platform,1.2
2026-08-31,r-0036,Block storage,staging,platform,0.1644
2026-08-31,r-0037,Compute,staging,platform,1.2
2026-08-31,r-0038,Block storage,staging,platform,0.3288
2026-08-31,r-0039,Compute,development,invoicing,1.2
2026-08-31,r-0040,Block storage,development,invoicing,0.3288
2026-08-31,r-0041,Compute,development,invoicing,1.2
2026-08-31,r-0042,Block storage,development,invoicing,0.6576
2026-08-31,r-0043,Compute,development,invoicing,2.4
2026-08-31,r-0044,Block storage,development,invoicing,0.1644
2026-08-31,r-0045,Compute,development,invoicing,1.2
2026-08-31,r-0046,Block storage,development,invoicing,0.3288
2026-08-31,r-0047,Compute,development,invoicing,1.2
2026-08-31,r-0048,Block storage,development,invoicing,0.1644
2026-08-31,r-0049,Compute,development,invoicing,2.4
2026-08-31,r-0050,Block storage,development,invoicing,0.3288
2026-08-31,r-0051,Compute,development,payments,1.2
2026-08-31,r-0052,Block storage,development,payments,0.3288
2026-08-31,r-0053,Compute,development,payments,1.2
2026-08-31,r-0054,Block storage,development,payments,0.3288
2026-08-31,r-0055,Compute,development,payments,2.4
2026-08-31,r-0056,Block storage,development,payments,0.1644
2026-08-31,r-0057,Compute,development,payments,1.2
2026-08-31,r-0058,Block storage,development,payments,0.1644
2026-08-31,r-0059,Compute,development,payments,1.2
2026-08-31,r-0060,Block storage,development,payments,0.3288
2026-08-31,r-0061,Compute,development,payments,2.4
2026-08-31,r-0062,Block storage,development,payments,0.3288
2026-08-31,r-0063,Compute,development,,4.8
2026-08-31,r-0064,Block storage,development,,1.6438
2026-08-31,r-0065,Compute,,,2.4
2026-08-31,r-0066,Block storage,,,0.3288
2026-08-31,r-0067,Compute,development,,2.4
2026-08-31,r-0068,Block storage,development,,0.1644
2026-08-31,r-0070,Block storage,development,platform,0.3288
2026-08-31,r-0072,Block storage,development,,0.3288
2026-08-31,r-0074,Block storage,development,,0.1644
2026-08-31,r-0076,Block storage,development,,0.3288
2026-08-31,r-0077,Block storage,,,0.6576
2026-08-31,r-0078,Block storage,development,,3.2878
2026-08-31,r-0079,Block storage,development,platform,0.6576
2026-08-31,r-0080,Block storage,,,3.2878
2026-08-31,r-0081,Block storage,staging,,1.6438
2026-08-31,r-0082,Block storage,,,0.6576
2026-08-31,r-0083,Block storage,,,1.6438
2026-08-31,r-0084,Block storage,staging,,0.6576
2026-08-31,r-0085,Snapshots,production,,0.3288
2026-08-31,r-0086,Snapshots,development,platform,0.822
2026-08-31,r-0087,Snapshots,production,platform,0.3288
2026-08-31,r-0088,Snapshots,production,platform,0.1644
2026-08-31,r-0089,Snapshots,production,platform,0.3288
2026-08-31,r-0090,Snapshots,production,platform,0.1644
2026-08-31,r-0091,Snapshots,production,platform,0.1644
2026-08-31,r-0092,Snapshots,staging,platform,0.0821
2026-08-31,r-0093,Snapshots,development,platform,0.822
2026-08-31,r-0094,Snapshots,production,platform,0.3288
2026-08-31,r-0095,Snapshots,production,platform,0.822
2026-08-31,r-0096,Snapshots,staging,platform,0.1644
2026-08-31,r-0097,Snapshots,development,,0.0821
2026-08-31,r-0098,Snapshots,development,,0.3288
2026-08-31,r-0099,Snapshots,production,platform,0.3288
2026-08-31,r-0100,Snapshots,production,platform,0.0821
2026-08-31,r-0101,Snapshots,development,platform,0.3288
2026-08-31,r-0102,Snapshots,production,platform,0.0821
2026-08-31,r-0103,Snapshots,development,,0.822
2026-08-31,r-0104,Snapshots,development,,0.1644
2026-08-31,r-0105,Snapshots,staging,platform,0.0821
2026-08-31,r-0106,Snapshots,production,,0.3288
2026-08-31,r-0107,Snapshots,production,platform,0.1644
2026-08-31,r-0108,Snapshots,production,platform,0.0821
2026-08-31,r-0109,Snapshots,development,platform,0.3288
2026-08-31,r-0110,Snapshots,development,,0.0821
2026-08-31,r-0111,Snapshots,staging,,0.1644
2026-08-31,r-0112,Snapshots,production,platform,0.822
2026-08-31,r-0113,Snapshots,production,platform,0.1644
2026-08-31,r-0114,Snapshots,development,,0.1644
2026-08-31,r-0115,Snapshots,staging,,0.1644
2026-08-31,r-0116,Snapshots,staging,platform,0.0821
2026-08-31,r-0117,Snapshots,production,,0.1644
2026-08-31,r-0118,Snapshots,production,platform,0.1644
2026-08-31,r-0119,Snapshots,development,platform,0.0821
2026-08-31,r-0120,Snapshots,production,,0.822
2026-08-31,r-0121,Object storage,production,invoicing,1.361
2026-08-31,r-0122,Object storage,production,platform,3.0247
2026-08-31,r-0123,Object storage,production,marketing,0.0302
2026-08-31,r-0124,Object storage,production,,0.2647
2026-08-31,r-0125,Object storage,production,platform,1.8905
2026-08-31,r-0126,Object storage,development,,0.4536
2026-08-31,r-0127,Managed database,production,platform,10.8
2026-08-31,r-0128,Managed database,staging,platform,5.52
2026-08-31,r-0129,Load balancing,production,platform,0.6
2026-08-31,r-0130,Load balancing,staging,platform,0.6
2026-08-31,r-0131,Public IPs,,,0.12
2026-08-31,r-0132,Public IPs,,,0.12
2026-08-31,r-0133,Public IPs,,,0.12
2026-08-31,,Data transfer,production,platform,64.8654
