case_id,activity,team,start_time,end_time
CLR-0001,Check documents,Documentation,2026-01-06 08:00,2026-01-06 10:00
CLR-0001,Request corrected documents,Documentation,2026-01-06 13:00,2026-01-06 13:30
CLR-0001,Re-check documents,Documentation,2026-01-10 08:00,2026-01-10 09:00
CLR-0001,Submit customs declaration,Customs broker,2026-01-10 13:00,2026-01-10 15:00
CLR-0001,Duty assessment,Customs,2026-01-12 09:00,2026-01-12 10:00
CLR-0001,Confirm duty payment,Finance,2026-01-14 09:00,2026-01-14 09:30
CLR-0001,Release and gate-out,Terminal,2026-01-15 11:30,2026-01-15 13:30
CLR-0001,Deliver to customer,Haulage,2026-01-16 09:00,2026-01-17 13:00
CLR-0002,Check documents,Documentation,2026-01-06 08:00,2026-01-06 11:00
CLR-0002,Submit customs declaration,Customs broker,2026-01-07 08:00,2026-01-07 09:00
CLR-0002,Duty assessment,Customs,2026-01-08 09:00,2026-01-08 10:00
CLR-0002,Confirm duty payment,Finance,2026-01-09 08:00,2026-01-09 08:30
CLR-0002,Physical inspection,Customs,2026-01-10 08:00,2026-01-10 10:00
CLR-0002,Release and gate-out,Terminal,2026-01-11 14:00,2026-01-11 15:00
CLR-0002,Deliver to customer,Haulage,2026-01-12 09:00,2026-01-12 15:00
CLR-0003,Check documents,Documentation,2026-01-06 13:00,2026-01-06 16:00
CLR-0003,Submit customs declaration,Customs broker,2026-01-07 09:00,2026-01-07 10:00
CLR-0003,Duty assessment,Customs,2026-01-08 09:00,2026-01-08 10:00
CLR-0003,Confirm duty payment,Finance,2026-01-10 09:00,2026-01-10 09:30
CLR-0003,Document review by customs,Customs,2026-01-11 11:30,2026-01-11 13:30
CLR-0003,Release and gate-out,Terminal,2026-01-12 15:30,2026-01-12 16:30
CLR-0003,Deliver to customer,Haulage,2026-01-13 08:00,2026-01-14 02:00
CLR-0004,Check documents,Documentation,2026-01-06 16:00,2026-01-06 18:00
CLR-0004,Submit customs declaration,Customs broker,2026-01-07 14:00,2026-01-07 15:00
CLR-0004,Duty assessment,Customs,2026-01-08 08:00,2026-01-08 09:00
CLR-0004,Confirm duty payment,Finance,2026-01-10 08:00,2026-01-10 08:30
CLR-0004,Release and gate-out,Terminal,2026-01-11 08:00,2026-01-11 10:00
CLR-0004,Deliver to customer,Haulage,2026-01-11 16:00,2026-01-11 21:00
CLR-0005,Check documents,Documentation,2026-01-06 11:00,2026-01-06 13:00
CLR-0005,Submit customs declaration,Customs broker,2026-01-06 15:00,2026-01-06 16:00
CLR-0005,Duty assessment,Customs,2026-01-07 11:00,2026-01-07 12:00
CLR-0005,Confirm duty payment,Finance,2026-01-08 16:00,2026-01-08 16:30
CLR-0005,Physical inspection,Customs,2026-01-09 10:30,2026-01-09 12:30
CLR-0005,Release and gate-out,Terminal,2026-01-10 09:00,2026-01-10 11:00
CLR-0005,Deliver to customer,Haulage,2026-01-11 08:00,2026-01-11 23:00
CLR-0006,Check documents,Documentation,2026-01-07 16:00,2026-01-07 19:00
CLR-0006,Submit customs declaration,Customs broker,2026-01-08 08:00,2026-01-08 10:00
CLR-0006,Duty assessment,Customs,2026-01-10 09:00,2026-01-10 10:00
CLR-0006,Confirm duty payment,Finance,2026-01-13 08:00,2026-01-13 08:30
CLR-0006,Physical inspection,Customs,2026-01-15 08:00,2026-01-15 11:00
CLR-0006,Release and gate-out,Terminal,2026-01-16 15:00,2026-01-16 16:00
CLR-0006,Deliver to customer,Haulage,2026-01-17 09:00,2026-01-18 02:00
CLR-0007,Check documents,Documentation,2026-01-07 09:00,2026-01-07 12:00
CLR-0007,Submit customs declaration,Customs broker,2026-01-08 08:00,2026-01-08 10:00
CLR-0007,Duty assessment,Customs,2026-01-09 13:00,2026-01-09 14:00
CLR-0007,Confirm duty payment,Finance,2026-01-11 14:00,2026-01-11 14:30
CLR-0007,Document review by customs,Customs,2026-01-12 08:30,2026-01-12 10:30
CLR-0007,Release and gate-out,Terminal,2026-01-13 16:30,2026-01-13 17:30
CLR-0007,Deliver to customer,Haulage,2026-01-14 09:00,2026-01-14 21:00
CLR-0008,Check documents,Documentation,2026-01-07 13:00,2026-01-07 16:00
CLR-0008,Submit customs declaration,Customs broker,2026-01-08 09:00,2026-01-08 10:00
CLR-0008,Duty assessment,Customs,2026-01-09 08:00,2026-01-09 09:00
CLR-0008,Confirm duty payment,Finance,2026-01-12 09:00,2026-01-12 09:30
CLR-0008,Document review by customs,Customs,2026-01-13 08:00,2026-01-13 10:00
CLR-0008,Release and gate-out,Terminal,2026-01-14 16:00,2026-01-14 17:00
CLR-0008,Deliver to customer,Haulage,2026-01-15 09:00,2026-01-16 13:00
CLR-0009,Check documents,Documentation,2026-01-08 11:00,2026-01-08 13:00
CLR-0009,Submit customs declaration,Customs broker,2026-01-09 08:00,2026-01-09 09:00
CLR-0009,Duty assessment,Customs,2026-01-11 08:00,2026-01-11 09:00
CLR-0009,Confirm duty payment,Finance,2026-01-13 12:00,2026-01-13 12:30
CLR-0009,Physical inspection,Customs,2026-01-15 08:00,2026-01-15 10:00
CLR-0009,Release and gate-out,Terminal,2026-01-16 09:00,2026-01-16 11:00
CLR-0009,Deliver to customer,Haulage,2026-01-16 15:00,2026-01-17 20:00
CLR-0010,Check documents,Documentation,2026-01-08 08:00,2026-01-08 10:00
CLR-0010,Submit customs declaration,Customs broker,2026-01-08 15:00,2026-01-08 16:00
CLR-0010,Duty assessment,Customs,2026-01-09 08:00,2026-01-09 09:00
CLR-0010,Confirm duty payment,Finance,2026-01-11 15:00,2026-01-11 15:30
CLR-0010,Document review by customs,Customs,2026-01-12 11:30,2026-01-12 13:30
CLR-0010,Release and gate-out,Terminal,2026-01-13 09:00,2026-01-13 10:00
CLR-0010,Deliver to customer,Haulage,2026-01-13 12:00,2026-01-13 19:00
CLR-0011,Check documents,Documentation,2026-01-09 09:00,2026-01-09 11:00
CLR-0011,Submit customs declaration,Customs broker,2026-01-10 09:00,2026-01-10 10:00
CLR-0011,Duty assessment,Customs,2026-01-11 08:00,2026-01-11 09:00
CLR-0011,Confirm duty payment,Finance,2026-01-12 16:00,2026-01-12 16:30
CLR-0011,Physical inspection,Customs,2026-01-14 09:00,2026-01-14 13:00
CLR-0011,Release and gate-out,Terminal,2026-01-15 09:00,2026-01-15 10:00
CLR-0011,Deliver to customer,Haulage,2026-01-15 16:00,2026-01-16 21:00
CLR-0012,Check documents,Documentation,2026-01-08 10:00,2026-01-08 11:00
CLR-0012,Submit customs declaration,Customs broker,2026-01-09 09:00,2026-01-09 11:00
CLR-0012,Duty assessment,Customs,2026-01-10 08:00,2026-01-10 09:00
CLR-0012,Confirm duty payment,Finance,2026-01-11 08:00,2026-01-11 08:30
CLR-0012,Physical inspection,Customs,2026-01-13 09:00,2026-01-13 12:00
CLR-0012,Release and gate-out,Terminal,2026-01-15 09:00,2026-01-15 11:00
CLR-0012,Deliver to customer,Haulage,2026-01-15 16:00,2026-01-16 21:00
CLR-0013,Check documents,Documentation,2026-01-10 09:00,2026-01-10 10:00
CLR-0013,Submit customs declaration,Customs broker,2026-01-11 09:00,2026-01-11 11:00
CLR-0013,Duty assessment,Customs,2026-01-12 12:00,2026-01-12 13:00
CLR-0013,Confirm duty payment,Finance,2026-01-13 09:00,2026-01-13 09:30
CLR-0013,Physical inspection,Customs,2026-01-15 08:00,2026-01-15 11:00
CLR-0013,Release and gate-out,Terminal,2026-01-16 09:00,2026-01-16 10:00
CLR-0013,Deliver to customer,Haulage,2026-01-16 12:00,2026-01-17 17:00
CLR-0014,Check documents,Documentation,2026-01-11 08:00,2026-01-11 11:00
CLR-0014,Submit customs declaration,Customs broker,2026-01-12 08:00,2026-01-12 10:00
CLR-0014,Duty assessment,Customs,2026-01-14 08:00,2026-01-14 09:00
CLR-0014,Confirm duty payment,Finance,2026-01-16 08:00,2026-01-16 08:30
CLR-0014,Release and gate-out,Terminal,2026-01-17 15:30,2026-01-17 17:30
CLR-0014,Deliver to customer,Haulage,2026-01-18 09:00,2026-01-19 15:00
CLR-0015,Check documents,Documentation,2026-01-10 08:00,2026-01-10 09:00
CLR-0015,Submit customs declaration,Customs broker,2026-01-11 08:00,2026-01-11 10:00
CLR-0015,Duty assessment,Customs,2026-01-13 08:00,2026-01-13 09:00
CLR-0015,Confirm duty payment,Finance,2026-01-15 09:00,2026-01-15 09:30
CLR-0015,Physical inspection,Customs,2026-01-17 09:00,2026-01-17 11:00
CLR-0015,Release and gate-out,Terminal,2026-01-19 08:00,2026-01-19 09:00
CLR-0015,Deliver to customer,Haulage,2026-01-19 11:00,2026-01-20 05:00
CLR-0016,Check documents,Documentation,2026-01-10 16:00,2026-01-10 19:00
CLR-0016,Submit customs declaration,Customs broker,2026-01-11 08:00,2026-01-11 09:00
CLR-0016,Duty assessment,Customs,2026-01-12 08:00,2026-01-12 09:00
CLR-0016,Confirm duty payment,Finance,2026-01-15 08:00,2026-01-15 08:30
CLR-0016,Release and gate-out,Terminal,2026-01-16 08:00,2026-01-16 09:00
CLR-0016,Deliver to customer,Haulage,2026-01-16 12:00,2026-01-16 21:00
CLR-0017,Check documents,Documentation,2026-01-11 15:00,2026-01-11 16:00
CLR-0017,Request corrected documents,Documentation,2026-01-12 08:00,2026-01-12 08:30
CLR-0017,Re-check documents,Documentation,2026-01-15 08:00,2026-01-15 09:00
CLR-0017,Submit customs declaration,Customs broker,2026-01-16 09:00,2026-01-16 10:00
CLR-0017,Duty assessment,Customs,2026-01-18 08:00,2026-01-18 09:00
CLR-0017,Confirm duty payment,Finance,2026-01-19 08:00,2026-01-19 08:30
CLR-0017,Release and gate-out,Terminal,2026-01-20 09:00,2026-01-20 11:00
CLR-0017,Deliver to customer,Haulage,2026-01-21 08:00,2026-01-21 22:00
CLR-0018,Check documents,Documentation,2026-01-11 08:00,2026-01-11 10:00
CLR-0018,Submit customs declaration,Customs broker,2026-01-11 15:00,2026-01-11 16:00
CLR-0018,Duty assessment,Customs,2026-01-13 09:00,2026-01-13 10:00
CLR-0018,Confirm duty payment,Finance,2026-01-15 08:00,2026-01-15 08:30
CLR-0018,Physical inspection,Customs,2026-01-17 08:00,2026-01-17 11:00
CLR-0018,Release and gate-out,Terminal,2026-01-18 15:00,2026-01-18 17:00
CLR-0018,Deliver to customer,Haulage,2026-01-19 09:00,2026-01-20 11:00
CLR-0019,Check documents,Documentation,2026-01-12 09:00,2026-01-12 12:00
CLR-0019,Submit customs declaration,Customs broker,2026-01-13 08:00,2026-01-13 09:00
CLR-0019,Duty assessment,Customs,2026-01-15 09:00,2026-01-15 10:00
CLR-0019,Confirm duty payment,Finance,2026-01-17 08:00,2026-01-17 08:30
CLR-0019,Physical inspection,Customs,2026-01-19 11:30,2026-01-19 14:30
CLR-0019,Release and gate-out,Terminal,2026-01-20 09:00,2026-01-20 11:00
CLR-0019,Deliver to customer,Haulage,2026-01-20 13:00,2026-01-21 13:00
CLR-0020,Check documents,Documentation,2026-01-11 12:00,2026-01-11 13:00
CLR-0020,Submit customs declaration,Customs broker,2026-01-12 08:00,2026-01-12 10:00
CLR-0020,Duty assessment,Customs,2026-01-13 08:00,2026-01-13 09:00
CLR-0020,Confirm duty payment,Finance,2026-01-16 08:00,2026-01-16 08:30
CLR-0020,Physical inspection,Customs,2026-01-18 08:00,2026-01-18 10:00
CLR-0020,Release and gate-out,Terminal,2026-01-19 08:00,2026-01-19 10:00
CLR-0020,Deliver to customer,Haulage,2026-01-19 15:00,2026-01-20 13:00
CLR-0021,Check documents,Documentation,2026-01-13 09:00,2026-01-13 11:00
CLR-0021,Submit customs declaration,Customs broker,2026-01-14 09:00,2026-01-14 11:00
CLR-0021,Duty assessment,Customs,2026-01-15 08:00,2026-01-15 09:00
CLR-0021,Confirm duty payment,Finance,2026-01-17 09:00,2026-01-17 09:30
CLR-0021,Release and gate-out,Terminal,2026-01-18 08:00,2026-01-18 09:00
CLR-0021,Deliver to customer,Haulage,2026-01-18 12:00,2026-01-18 19:00
CLR-0022,Check documents,Documentation,2026-01-12 09:00,2026-01-12 11:00
CLR-0022,Submit customs declaration,Customs broker,2026-01-13 08:00,2026-01-13 10:00
CLR-0022,Duty assessment,Customs,2026-01-14 09:00,2026-01-14 10:00
CLR-0022,Confirm duty payment,Finance,2026-01-17 09:00,2026-01-17 09:30
CLR-0022,Physical inspection,Customs,2026-01-19 16:30,2026-01-19 18:30
CLR-0022,Release and gate-out,Terminal,2026-01-21 08:00,2026-01-21 09:00
CLR-0022,Deliver to customer,Haulage,2026-01-21 10:00,2026-01-22 00:00
CLR-0023,Check documents,Documentation,2026-01-13 08:00,2026-01-13 11:00
CLR-0023,Submit customs declaration,Customs broker,2026-01-14 08:00,2026-01-14 10:00
CLR-0023,Duty assessment,Customs,2026-01-15 16:00,2026-01-15 17:00
CLR-0023,Confirm duty payment,Finance,2026-01-18 13:00,2026-01-18 13:30
CLR-0023,Release and gate-out,Terminal,2026-01-19 09:00,2026-01-19 11:00
CLR-0023,Deliver to customer,Haulage,2026-01-19 13:00,2026-01-20 03:00
CLR-0024,Check documents,Documentation,2026-01-12 15:00,2026-01-12 16:00
CLR-0024,Submit customs declaration,Customs broker,2026-01-13 08:00,2026-01-13 10:00
CLR-0024,Duty assessment,Customs,2026-01-15 09:00,2026-01-15 10:00
CLR-0024,Confirm duty payment,Finance,2026-01-17 08:00,2026-01-17 08:30
CLR-0024,Document review by customs,Customs,2026-01-18 08:00,2026-01-18 10:00
CLR-0024,Release and gate-out,Terminal,2026-01-19 15:00,2026-01-19 17:00
CLR-0024,Deliver to customer,Haulage,2026-01-20 09:00,2026-01-21 07:00
CLR-0025,Check documents,Documentation,2026-01-12 12:00,2026-01-12 14:00
CLR-0025,Request corrected documents,Documentation,2026-01-13 09:00,2026-01-13 09:30
CLR-0025,Re-check documents,Documentation,2026-01-17 08:30,2026-01-17 09:30
CLR-0025,Submit customs declaration,Customs broker,2026-01-18 08:00,2026-01-18 10:00
CLR-0025,Duty assessment,Customs,2026-01-19 09:00,2026-01-19 10:00
CLR-0025,Confirm duty payment,Finance,2026-01-22 08:00,2026-01-22 08:30
CLR-0025,Physical inspection,Customs,2026-01-24 08:00,2026-01-24 10:00
CLR-0025,Release and gate-out,Terminal,2026-01-25 14:00,2026-01-25 15:00
CLR-0025,Deliver to customer,Haulage,2026-01-26 09:00,2026-01-26 19:00
CLR-0026,Check documents,Documentation,2026-01-13 08:00,2026-01-13 10:00
CLR-0026,Submit customs declaration,Customs broker,2026-01-14 09:00,2026-01-14 11:00
CLR-0026,Duty assessment,Customs,2026-01-15 08:00,2026-01-15 09:00
CLR-0026,Confirm duty payment,Finance,2026-01-16 09:00,2026-01-16 09:30
CLR-0026,Release and gate-out,Terminal,2026-01-17 14:30,2026-01-17 15:30
CLR-0026,Deliver to customer,Haulage,2026-01-17 16:30,2026-01-18 14:30
CLR-0027,Check documents,Documentation,2026-01-14 08:00,2026-01-14 10:00
CLR-0027,Submit customs declaration,Customs broker,2026-01-15 08:00,2026-01-15 10:00
CLR-0027,Duty assessment,Customs,2026-01-16 09:00,2026-01-16 10:00
CLR-0027,Confirm duty payment,Finance,2026-01-18 08:00,2026-01-18 08:30
CLR-0027,Document review by customs,Customs,2026-01-19 08:00,2026-01-19 10:00
CLR-0027,Release and gate-out,Terminal,2026-01-20 15:00,2026-01-20 16:00
CLR-0027,Deliver to customer,Haulage,2026-01-21 08:00,2026-01-22 03:00
CLR-0028,Check documents,Documentation,2026-01-15 08:00,2026-01-15 10:00
CLR-0028,Request corrected documents,Documentation,2026-01-15 13:00,2026-01-15 13:30
CLR-0028,Re-check documents,Documentation,2026-01-16 13:30,2026-01-16 14:30
CLR-0028,Submit customs declaration,Customs broker,2026-01-17 08:00,2026-01-17 09:00
CLR-0028,Duty assessment,Customs,2026-01-18 09:00,2026-01-18 10:00
CLR-0028,Confirm duty payment,Finance,2026-01-21 08:00,2026-01-21 08:30
CLR-0028,Release and gate-out,Terminal,2026-01-22 09:30,2026-01-22 10:30
CLR-0028,Deliver to customer,Haulage,2026-01-22 14:30,2026-01-22 18:30
CLR-0029,Check documents,Documentation,2026-01-15 14:00,2026-01-15 17:00
CLR-0029,Submit customs declaration,Customs broker,2026-01-16 11:00,2026-01-16 12:00
CLR-0029,Duty assessment,Customs,2026-01-17 09:00,2026-01-17 10:00
CLR-0029,Confirm duty payment,Finance,2026-01-20 08:00,2026-01-20 08:30
CLR-0029,Release and gate-out,Terminal,2026-01-22 09:00,2026-01-22 11:00
CLR-0029,Deliver to customer,Haulage,2026-01-23 08:00,2026-01-23 14:00
CLR-0030,Check documents,Documentation,2026-01-15 16:00,2026-01-15 19:00
CLR-0030,Submit customs declaration,Customs broker,2026-01-16 08:00,2026-01-16 10:00
CLR-0030,Duty assessment,Customs,2026-01-18 09:00,2026-01-18 10:00
CLR-0030,Confirm duty payment,Finance,2026-01-20 09:00,2026-01-20 09:30
CLR-0030,Release and gate-out,Terminal,2026-01-21 09:00,2026-01-21 11:00
CLR-0030,Deliver to customer,Haulage,2026-01-21 12:00,2026-01-22 15:00
CLR-0031,Check documents,Documentation,2026-01-15 08:00,2026-01-15 11:00
CLR-0031,Submit customs declaration,Customs broker,2026-01-16 08:00,2026-01-16 09:00
CLR-0031,Duty assessment,Customs,2026-01-17 09:00,2026-01-17 10:00
CLR-0031,Confirm duty payment,Finance,2026-01-20 09:00,2026-01-20 09:30
CLR-0031,Document review by customs,Customs,2026-01-21 08:00,2026-01-21 10:00
CLR-0031,Release and gate-out,Terminal,2026-01-23 09:00,2026-01-23 10:00
CLR-0031,Deliver to customer,Haulage,2026-01-23 11:00,2026-01-23 20:00
CLR-0032,Check documents,Documentation,2026-01-15 09:00,2026-01-15 10:00
CLR-0032,Request corrected documents,Documentation,2026-01-15 14:00,2026-01-15 14:30
CLR-0032,Re-check documents,Documentation,2026-01-18 10:30,2026-01-18 11:30
CLR-0032,Request corrected documents,Documentation,2026-01-18 15:30,2026-01-18 16:00
CLR-0032,Re-check documents,Documentation,2026-01-20 09:00,2026-01-20 10:00
CLR-0032,Submit customs declaration,Customs broker,2026-01-21 09:00,2026-01-21 11:00
CLR-0032,Duty assessment,Customs,2026-01-23 08:00,2026-01-23 09:00
CLR-0032,Confirm duty payment,Finance,2026-01-24 09:00,2026-01-24 09:30
CLR-0032,Release and gate-out,Terminal,2026-01-25 09:00,2026-01-25 10:00
CLR-0032,Deliver to customer,Haulage,2026-01-25 12:00,2026-01-26 02:00
CLR-0033,Check documents,Documentation,2026-01-16 09:00,2026-01-16 11:00
CLR-0033,Request corrected documents,Documentation,2026-01-16 13:00,2026-01-16 13:30
CLR-0033,Re-check documents,Documentation,2026-01-20 11:30,2026-01-20 12:30
CLR-0033,Request corrected documents,Documentation,2026-01-20 15:30,2026-01-20 16:00
CLR-0033,Re-check documents,Documentation,2026-01-24 08:00,2026-01-24 09:00
CLR-0033,Submit customs declaration,Customs broker,2026-01-24 11:00,2026-01-24 13:00
CLR-0033,Duty assessment,Customs,2026-01-25 09:00,2026-01-25 10:00
CLR-0033,Confirm duty payment,Finance,2026-01-27 10:00,2026-01-27 10:30
CLR-0033,Release and gate-out,Terminal,2026-01-28 08:00,2026-01-28 09:00
CLR-0033,Deliver to customer,Haulage,2026-01-28 13:00,2026-01-28 20:00
CLR-0034,Check documents,Documentation,2026-01-17 08:00,2026-01-17 11:00
CLR-0034,Request corrected documents,Documentation,2026-01-17 13:00,2026-01-17 13:30
CLR-0034,Re-check documents,Documentation,2026-01-19 15:30,2026-01-19 16:30
CLR-0034,Submit customs declaration,Customs broker,2026-01-20 09:00,2026-01-20 10:00
CLR-0034,Duty assessment,Customs,2026-01-22 08:00,2026-01-22 09:00
CLR-0034,Confirm duty payment,Finance,2026-01-23 08:00,2026-01-23 08:30
CLR-0034,Physical inspection,Customs,2026-01-24 08:00,2026-01-24 11:00
CLR-0034,Release and gate-out,Terminal,2026-01-25 09:00,2026-01-25 11:00
CLR-0034,Deliver to customer,Haulage,2026-01-25 13:00,2026-01-25 20:00
CLR-0035,Check documents,Documentation,2026-01-17 08:00,2026-01-17 11:00
CLR-0035,Submit customs declaration,Customs broker,2026-01-18 08:00,2026-01-18 10:00
CLR-0035,Duty assessment,Customs,2026-01-19 08:00,2026-01-19 09:00
CLR-0035,Confirm duty payment,Finance,2026-01-21 09:00,2026-01-21 09:30
CLR-0035,Release and gate-out,Terminal,2026-01-22 11:30,2026-01-22 13:30
CLR-0035,Deliver to customer,Haulage,2026-01-22 16:30,2026-01-23 19:30
CLR-0036,Check documents,Documentation,2026-01-17 09:00,2026-01-17 11:00
CLR-0036,Request corrected documents,Documentation,2026-01-17 16:00,2026-01-17 16:30
CLR-0036,Re-check documents,Documentation,2026-01-20 09:00,2026-01-20 10:00
CLR-0036,Request corrected documents,Documentation,2026-01-20 16:00,2026-01-20 16:30
CLR-0036,Re-check documents,Documentation,2026-01-24 08:00,2026-01-24 09:00
CLR-0036,Submit customs declaration,Customs broker,2026-01-25 08:00,2026-01-25 09:00
CLR-0036,Duty assessment,Customs,2026-01-27 08:00,2026-01-27 09:00
CLR-0036,Confirm duty payment,Finance,2026-01-28 15:00,2026-01-28 15:30
CLR-0036,Release and gate-out,Terminal,2026-01-30 09:00,2026-01-30 10:00
CLR-0036,Deliver to customer,Haulage,2026-01-30 13:00,2026-01-31 15:00
CLR-0037,Check documents,Documentation,2026-01-16 15:00,2026-01-16 16:00
CLR-0037,Request corrected documents,Documentation,2026-01-17 08:00,2026-01-17 08:30
CLR-0037,Re-check documents,Documentation,2026-01-20 09:30,2026-01-20 10:30
CLR-0037,Submit customs declaration,Customs broker,2026-01-21 08:00,2026-01-21 10:00
CLR-0037,Duty assessment,Customs,2026-01-22 09:00,2026-01-22 10:00
CLR-0037,Confirm duty payment,Finance,2026-01-24 16:00,2026-01-24 16:30
CLR-0037,Release and gate-out,Terminal,2026-01-25 09:00,2026-01-25 11:00
CLR-0037,Deliver to customer,Haulage,2026-01-25 13:00,2026-01-26 05:00
CLR-0038,Check documents,Documentation,2026-01-19 08:00,2026-01-19 11:00
CLR-0038,Request corrected documents,Documentation,2026-01-19 15:00,2026-01-19 15:30
CLR-0038,Re-check documents,Documentation,2026-01-21 09:00,2026-01-21 10:00
CLR-0038,Submit customs declaration,Customs broker,2026-01-22 09:00,2026-01-22 10:00
CLR-0038,Duty assessment,Customs,2026-01-23 10:00,2026-01-23 11:00
CLR-0038,Confirm duty payment,Finance,2026-01-25 09:00,2026-01-25 09:30
CLR-0038,Physical inspection,Customs,2026-01-26 10:30,2026-01-26 12:30
CLR-0038,Release and gate-out,Terminal,2026-01-27 13:30,2026-01-27 14:30
CLR-0038,Deliver to customer,Haulage,2026-01-28 09:00,2026-01-28 21:00
CLR-0039,Check documents,Documentation,2026-01-18 08:00,2026-01-18 09:00
CLR-0039,Request corrected documents,Documentation,2026-01-18 11:00,2026-01-18 11:30
CLR-0039,Re-check documents,Documentation,2026-01-20 13:30,2026-01-20 14:30
CLR-0039,Request corrected documents,Documentation,2026-01-21 08:00,2026-01-21 08:30
CLR-0039,Re-check documents,Documentation,2026-01-25 08:00,2026-01-25 09:00
CLR-0039,Submit customs declaration,Customs broker,2026-01-26 08:00,2026-01-26 09:00
CLR-0039,Duty assessment,Customs,2026-01-27 08:00,2026-01-27 09:00
CLR-0039,Confirm duty payment,Finance,2026-01-28 09:00,2026-01-28 09:30
CLR-0039,Release and gate-out,Terminal,2026-01-29 08:00,2026-01-29 10:00
CLR-0039,Deliver to customer,Haulage,2026-01-29 12:00,2026-01-30 12:00
CLR-0040,Check documents,Documentation,2026-01-18 09:00,2026-01-18 10:00
CLR-0040,Request corrected documents,Documentation,2026-01-18 15:00,2026-01-18 15:30
CLR-0040,Re-check documents,Documentation,2026-01-22 09:00,2026-01-22 10:00
CLR-0040,Request corrected documents,Documentation,2026-01-22 11:00,2026-01-22 11:30
CLR-0040,Re-check documents,Documentation,2026-01-24 08:00,2026-01-24 09:00
CLR-0040,Submit customs declaration,Customs broker,2026-01-24 15:00,2026-01-24 16:00
CLR-0040,Duty assessment,Customs,2026-01-26 09:00,2026-01-26 10:00
CLR-0040,Confirm duty payment,Finance,2026-01-29 09:00,2026-01-29 09:30
CLR-0040,Release and gate-out,Terminal,2026-01-30 11:30,2026-01-30 13:30
CLR-0040,Deliver to customer,Haulage,2026-01-31 08:00,2026-01-31 21:00
CLR-0041,Check documents,Documentation,2026-01-17 14:00,2026-01-17 16:00
CLR-0041,Submit customs declaration,Customs broker,2026-01-18 09:00,2026-01-18 10:00
CLR-0041,Duty assessment,Customs,2026-01-20 09:00,2026-01-20 10:00
CLR-0041,Confirm duty payment,Finance,2026-01-22 08:00,2026-01-22 08:30
CLR-0041,Physical inspection,Customs,2026-01-23 16:30,2026-01-23 18:30
CLR-0041,Release and gate-out,Terminal,2026-01-25 08:00,2026-01-25 09:00
CLR-0041,Deliver to customer,Haulage,2026-01-25 10:00,2026-01-25 14:00
CLR-0042,Check documents,Documentation,2026-01-19 09:00,2026-01-19 11:00
CLR-0042,Submit customs declaration,Customs broker,2026-01-20 08:00,2026-01-20 09:00
CLR-0042,Duty assessment,Customs,2026-01-21 09:00,2026-01-21 10:00
CLR-0042,Confirm duty payment,Finance,2026-01-22 09:00,2026-01-22 09:30
CLR-0042,Physical inspection,Customs,2026-01-23 09:30,2026-01-23 13:30
CLR-0042,Release and gate-out,Terminal,2026-01-24 14:30,2026-01-24 16:30
CLR-0042,Deliver to customer,Haulage,2026-01-25 08:00,2026-01-25 14:00
CLR-0043,Check documents,Documentation,2026-01-20 08:00,2026-01-20 09:00
CLR-0043,Submit customs declaration,Customs broker,2026-01-21 09:00,2026-01-21 10:00
CLR-0043,Duty assessment,Customs,2026-01-23 09:00,2026-01-23 10:00
CLR-0043,Confirm duty payment,Finance,2026-01-25 09:00,2026-01-25 09:30
CLR-0043,Document review by customs,Customs,2026-01-26 09:00,2026-01-26 11:00
CLR-0043,Release and gate-out,Terminal,2026-01-27 08:00,2026-01-27 10:00
CLR-0043,Deliver to customer,Haulage,2026-01-27 13:00,2026-01-27 18:00
CLR-0044,Check documents,Documentation,2026-01-18 13:00,2026-01-18 16:00
CLR-0044,Submit customs declaration,Customs broker,2026-01-19 09:00,2026-01-19 11:00
CLR-0044,Duty assessment,Customs,2026-01-20 08:00,2026-01-20 09:00
CLR-0044,Confirm duty payment,Finance,2026-01-22 13:00,2026-01-22 13:30
CLR-0044,Release and gate-out,Terminal,2026-01-24 08:00,2026-01-24 09:00
CLR-0044,Deliver to customer,Haulage,2026-01-24 13:00,2026-01-24 20:00
CLR-0045,Check documents,Documentation,2026-01-20 08:00,2026-01-20 09:00
CLR-0045,Submit customs declaration,Customs broker,2026-01-21 08:00,2026-01-21 10:00
CLR-0045,Duty assessment,Customs,2026-01-22 08:00,2026-01-22 09:00
CLR-0045,Confirm duty payment,Finance,2026-01-24 09:00,2026-01-24 09:30
CLR-0045,Physical inspection,Customs,2026-01-26 08:00,2026-01-26 12:00
CLR-0045,Release and gate-out,Terminal,2026-01-27 11:00,2026-01-27 12:00
CLR-0045,Deliver to customer,Haulage,2026-01-27 13:00,2026-01-28 00:00
CLR-0046,Check documents,Documentation,2026-01-20 08:00,2026-01-20 09:00
CLR-0046,Submit customs declaration,Customs broker,2026-01-21 09:00,2026-01-21 10:00
CLR-0046,Duty assessment,Customs,2026-01-22 16:00,2026-01-22 17:00
CLR-0046,Confirm duty payment,Finance,2026-01-23 09:00,2026-01-23 09:30
CLR-0046,Document review by customs,Customs,2026-01-24 15:30,2026-01-24 17:30
CLR-0046,Release and gate-out,Terminal,2026-01-26 08:00,2026-01-26 09:00
CLR-0046,Deliver to customer,Haulage,2026-01-26 14:00,2026-01-27 10:00
CLR-0047,Check documents,Documentation,2026-01-21 16:00,2026-01-21 18:00
CLR-0047,Request corrected documents,Documentation,2026-01-22 08:00,2026-01-22 08:30
CLR-0047,Re-check documents,Documentation,2026-01-25 09:00,2026-01-25 10:00
CLR-0047,Submit customs declaration,Customs broker,2026-01-25 12:00,2026-01-25 13:00
CLR-0047,Duty assessment,Customs,2026-01-26 08:00,2026-01-26 09:00
CLR-0047,Confirm duty payment,Finance,2026-01-28 08:00,2026-01-28 08:30
CLR-0047,Release and gate-out,Terminal,2026-01-29 10:30,2026-01-29 11:30
CLR-0047,Deliver to customer,Haulage,2026-01-29 13:30,2026-01-30 00:30
CLR-0048,Check documents,Documentation,2026-01-21 09:00,2026-01-21 10:00
CLR-0048,Submit customs declaration,Customs broker,2026-01-22 08:00,2026-01-22 09:00
CLR-0048,Duty assessment,Customs,2026-01-23 08:00,2026-01-23 09:00
CLR-0048,Confirm duty payment,Finance,2026-01-24 15:00,2026-01-24 15:30
CLR-0048,Release and gate-out,Terminal,2026-01-26 09:00,2026-01-26 10:00
CLR-0048,Deliver to customer,Haulage,2026-01-26 11:00,2026-01-27 13:00
CLR-0049,Check documents,Documentation,2026-01-20 12:00,2026-01-20 13:00
CLR-0049,Request corrected documents,Documentation,2026-01-20 15:00,2026-01-20 15:30
CLR-0049,Re-check documents,Documentation,2026-01-23 09:00,2026-01-23 10:00
CLR-0049,Submit customs declaration,Customs broker,2026-01-23 15:00,2026-01-23 17:00
CLR-0049,Duty assessment,Customs,2026-01-25 08:00,2026-01-25 09:00
CLR-0049,Confirm duty payment,Finance,2026-01-26 09:00,2026-01-26 09:30
CLR-0049,Physical inspection,Customs,2026-01-28 08:00,2026-01-28 12:00
CLR-0049,Release and gate-out,Terminal,2026-01-30 09:00,2026-01-30 11:00
CLR-0049,Deliver to customer,Haulage,2026-01-30 16:00,2026-01-31 17:00
CLR-0050,Check documents,Documentation,2026-01-23 09:00,2026-01-23 12:00
CLR-0050,Request corrected documents,Documentation,2026-01-23 16:00,2026-01-23 16:30
CLR-0050,Re-check documents,Documentation,2026-01-27 15:30,2026-01-27 16:30
CLR-0050,Submit customs declaration,Customs broker,2026-01-28 08:00,2026-01-28 09:00
CLR-0050,Duty assessment,Customs,2026-01-29 14:00,2026-01-29 15:00
CLR-0050,Confirm duty payment,Finance,2026-02-01 08:00,2026-02-01 08:30
CLR-0050,Physical inspection,Customs,2026-02-02 12:30,2026-02-02 15:30
CLR-0050,Release and gate-out,Terminal,2026-02-03 08:00,2026-02-03 10:00
CLR-0050,Deliver to customer,Haulage,2026-02-03 11:00,2026-02-04 16:00
CLR-0051,Check documents,Documentation,2026-01-22 10:00,2026-01-22 11:00
CLR-0051,Submit customs declaration,Customs broker,2026-01-23 09:00,2026-01-23 10:00
CLR-0051,Duty assessment,Customs,2026-01-24 11:00,2026-01-24 12:00
CLR-0051,Confirm duty payment,Finance,2026-01-26 11:00,2026-01-26 11:30
CLR-0051,Document review by customs,Customs,2026-01-27 12:30,2026-01-27 14:30
CLR-0051,Release and gate-out,Terminal,2026-01-28 15:30,2026-01-28 16:30
CLR-0051,Deliver to customer,Haulage,2026-01-29 09:00,2026-01-29 13:00
CLR-0052,Check documents,Documentation,2026-01-23 13:00,2026-01-23 16:00
CLR-0052,Request corrected documents,Documentation,2026-01-24 08:00,2026-01-24 08:30
CLR-0052,Re-check documents,Documentation,2026-01-25 13:30,2026-01-25 14:30
CLR-0052,Submit customs declaration,Customs broker,2026-01-26 09:00,2026-01-26 10:00
CLR-0052,Duty assessment,Customs,2026-01-27 09:00,2026-01-27 10:00
CLR-0052,Confirm duty payment,Finance,2026-01-28 08:00,2026-01-28 08:30
CLR-0052,Physical inspection,Customs,2026-01-29 14:30,2026-01-29 16:30
CLR-0052,Release and gate-out,Terminal,2026-01-31 08:00,2026-01-31 09:00
CLR-0052,Deliver to customer,Haulage,2026-01-31 13:00,2026-02-01 02:00
CLR-0053,Check documents,Documentation,2026-01-23 09:00,2026-01-23 12:00
CLR-0053,Submit customs declaration,Customs broker,2026-01-24 09:00,2026-01-24 11:00
CLR-0053,Duty assessment,Customs,2026-01-26 08:00,2026-01-26 09:00
CLR-0053,Confirm duty payment,Finance,2026-01-27 08:00,2026-01-27 08:30
CLR-0053,Release and gate-out,Terminal,2026-01-28 09:00,2026-01-28 10:00
CLR-0053,Deliver to customer,Haulage,2026-01-28 12:00,2026-01-29 16:00
CLR-0054,Check documents,Documentation,2026-01-23 09:00,2026-01-23 10:00
CLR-0054,Submit customs declaration,Customs broker,2026-01-24 09:00,2026-01-24 10:00
CLR-0054,Duty assessment,Customs,2026-01-25 09:00,2026-01-25 10:00
CLR-0054,Confirm duty payment,Finance,2026-01-27 09:00,2026-01-27 09:30
CLR-0054,Document review by customs,Customs,2026-01-28 09:00,2026-01-28 11:00
CLR-0054,Release and gate-out,Terminal,2026-01-29 14:00,2026-01-29 15:00
CLR-0054,Deliver to customer,Haulage,2026-01-30 08:00,2026-01-31 02:00
CLR-0055,Check documents,Documentation,2026-01-24 09:00,2026-01-24 12:00
CLR-0055,Submit customs declaration,Customs broker,2026-01-25 09:00,2026-01-25 10:00
CLR-0055,Duty assessment,Customs,2026-01-26 08:00,2026-01-26 09:00
CLR-0055,Confirm duty payment,Finance,2026-01-28 09:00,2026-01-28 09:30
CLR-0055,Physical inspection,Customs,2026-01-29 14:30,2026-01-29 17:30
CLR-0055,Release and gate-out,Terminal,2026-01-31 09:00,2026-01-31 11:00
CLR-0055,Deliver to customer,Haulage,2026-01-31 13:00,2026-02-01 07:00
CLR-0056,Check documents,Documentation,2026-01-24 08:00,2026-01-24 11:00
CLR-0056,Submit customs declaration,Customs broker,2026-01-25 09:00,2026-01-25 10:00
CLR-0056,Duty assessment,Customs,2026-01-27 08:00,2026-01-27 09:00
CLR-0056,Confirm duty payment,Finance,2026-01-28 09:00,2026-01-28 09:30
CLR-0056,Physical inspection,Customs,2026-01-30 09:00,2026-01-30 12:00
CLR-0056,Release and gate-out,Terminal,2026-01-31 13:00,2026-01-31 15:00
CLR-0056,Deliver to customer,Haulage,2026-01-31 16:00,2026-01-31 23:00
CLR-0057,Check documents,Documentation,2026-01-24 08:00,2026-01-24 11:00
CLR-0057,Request corrected documents,Documentation,2026-01-24 14:00,2026-01-24 14:30
CLR-0057,Re-check documents,Documentation,2026-01-26 08:00,2026-01-26 09:00
CLR-0057,Submit customs declaration,Customs broker,2026-01-27 08:00,2026-01-27 10:00
CLR-0057,Duty assessment,Customs,2026-01-28 09:00,2026-01-28 10:00
CLR-0057,Confirm duty payment,Finance,2026-01-29 09:00,2026-01-29 09:30
CLR-0057,Release and gate-out,Terminal,2026-01-30 08:00,2026-01-30 10:00
CLR-0057,Deliver to customer,Haulage,2026-01-30 16:00,2026-01-31 04:00
CLR-0058,Check documents,Documentation,2026-01-25 09:00,2026-01-25 10:00
CLR-0058,Submit customs declaration,Customs broker,2026-01-25 14:00,2026-01-25 15:00
CLR-0058,Duty assessment,Customs,2026-01-26 12:00,2026-01-26 13:00
CLR-0058,Confirm duty payment,Finance,2026-01-29 09:00,2026-01-29 09:30
CLR-0058,Document review by customs,Customs,2026-01-30 10:30,2026-01-30 12:30
CLR-0058,Release and gate-out,Terminal,2026-01-31 08:00,2026-01-31 09:00
CLR-0058,Deliver to customer,Haulage,2026-01-31 13:00,2026-02-01 01:00
CLR-0059,Check documents,Documentation,2026-01-24 13:00,2026-01-24 16:00
CLR-0059,Submit customs declaration,Customs broker,2026-01-25 09:00,2026-01-25 11:00
CLR-0059,Duty assessment,Customs,2026-01-27 09:00,2026-01-27 10:00
CLR-0059,Confirm duty payment,Finance,2026-01-30 09:00,2026-01-30 09:30
CLR-0059,Physical inspection,Customs,2026-02-01 08:00,2026-02-01 10:00
CLR-0059,Release and gate-out,Terminal,2026-02-02 12:00,2026-02-02 14:00
CLR-0059,Deliver to customer,Haulage,2026-02-02 16:00,2026-02-03 16:00
CLR-0060,Check documents,Documentation,2026-01-25 08:00,2026-01-25 10:00
CLR-0060,Submit customs declaration,Customs broker,2026-01-26 08:00,2026-01-26 10:00
CLR-0060,Duty assessment,Customs,2026-01-27 08:00,2026-01-27 09:00
CLR-0060,Confirm duty payment,Finance,2026-01-28 16:00,2026-01-28 16:30
CLR-0060,Release and gate-out,Terminal,2026-01-29 08:30,2026-01-29 09:30
CLR-0060,Deliver to customer,Haulage,2026-01-29 12:30,2026-01-29 21:30
CLR-0061,Check documents,Documentation,2026-01-26 08:00,2026-01-26 09:00
CLR-0061,Submit customs declaration,Customs broker,2026-01-27 09:00,2026-01-27 10:00
CLR-0061,Duty assessment,Customs,2026-01-29 09:00,2026-01-29 10:00
CLR-0061,Confirm duty payment,Finance,2026-01-31 09:00,2026-01-31 09:30
CLR-0061,Release and gate-out,Terminal,2026-02-01 10:30,2026-02-01 12:30
CLR-0061,Deliver to customer,Haulage,2026-02-01 16:30,2026-02-02 05:30
CLR-0062,Check documents,Documentation,2026-01-27 08:00,2026-01-27 10:00
CLR-0062,Submit customs declaration,Customs broker,2026-01-28 09:00,2026-01-28 11:00
CLR-0062,Duty assessment,Customs,2026-01-30 08:00,2026-01-30 09:00
CLR-0062,Confirm duty payment,Finance,2026-02-02 09:00,2026-02-02 09:30
CLR-0062,Release and gate-out,Terminal,2026-02-03 12:30,2026-02-03 13:30
CLR-0062,Deliver to customer,Haulage,2026-02-03 14:30,2026-02-04 06:30
CLR-0063,Check documents,Documentation,2026-01-26 14:00,2026-01-26 16:00
CLR-0063,Submit customs declaration,Customs broker,2026-01-27 09:00,2026-01-27 11:00
CLR-0063,Duty assessment,Customs,2026-01-28 08:00,2026-01-28 09:00
CLR-0063,Confirm duty payment,Finance,2026-01-30 08:00,2026-01-30 08:30
CLR-0063,Physical inspection,Customs,2026-02-01 08:00,2026-02-01 11:00
CLR-0063,Release and gate-out,Terminal,2026-02-02 11:00,2026-02-02 12:00
CLR-0063,Deliver to customer,Haulage,2026-02-03 08:00,2026-02-03 20:00
CLR-0064,Check documents,Documentation,2026-01-26 16:00,2026-01-26 18:00
CLR-0064,Request corrected documents,Documentation,2026-01-27 09:00,2026-01-27 09:30
CLR-0064,Re-check documents,Documentation,2026-01-31 08:00,2026-01-31 09:00
CLR-0064,Request corrected documents,Documentation,2026-01-31 14:00,2026-01-31 14:30
CLR-0064,Re-check documents,Documentation,2026-02-01 11:30,2026-02-01 12:30
CLR-0064,Submit customs declaration,Customs broker,2026-02-02 08:00,2026-02-02 10:00
CLR-0064,Duty assessment,Customs,2026-02-03 09:00,2026-02-03 10:00
CLR-0064,Confirm duty payment,Finance,2026-02-06 09:00,2026-02-06 09:30
CLR-0064,Document review by customs,Customs,2026-02-07 09:00,2026-02-07 11:00
CLR-0064,Release and gate-out,Terminal,2026-02-08 08:00,2026-02-08 10:00
CLR-0064,Deliver to customer,Haulage,2026-02-08 15:00,2026-02-09 17:00
CLR-0065,Check documents,Documentation,2026-01-26 14:00,2026-01-26 16:00
CLR-0065,Submit customs declaration,Customs broker,2026-01-27 08:00,2026-01-27 10:00
CLR-0065,Duty assessment,Customs,2026-01-28 09:00,2026-01-28 10:00
CLR-0065,Confirm duty payment,Finance,2026-01-30 09:00,2026-01-30 09:30
CLR-0065,Release and gate-out,Terminal,2026-01-31 08:00,2026-01-31 09:00
CLR-0065,Deliver to customer,Haulage,2026-01-31 11:00,2026-02-01 01:00
CLR-0066,Check documents,Documentation,2026-01-28 08:00,2026-01-28 10:00
CLR-0066,Request corrected documents,Documentation,2026-01-28 11:00,2026-01-28 11:30
CLR-0066,Re-check documents,Documentation,2026-02-01 08:00,2026-02-01 09:00
CLR-0066,Submit customs declaration,Customs broker,2026-02-02 08:00,2026-02-02 09:00
CLR-0066,Duty assessment,Customs,2026-02-03 09:00,2026-02-03 10:00
CLR-0066,Confirm duty payment,Finance,2026-02-04 08:00,2026-02-04 08:30
CLR-0066,Release and gate-out,Terminal,2026-02-05 08:00,2026-02-05 10:00
CLR-0066,Deliver to customer,Haulage,2026-02-05 12:00,2026-02-06 10:00
CLR-0067,Check documents,Documentation,2026-01-29 08:00,2026-01-29 10:00
CLR-0067,Submit customs declaration,Customs broker,2026-01-30 08:00,2026-01-30 09:00
CLR-0067,Duty assessment,Customs,2026-01-31 15:00,2026-01-31 16:00
CLR-0067,Confirm duty payment,Finance,2026-02-03 08:00,2026-02-03 08:30
CLR-0067,Physical inspection,Customs,2026-02-04 09:00,2026-02-04 12:00
CLR-0067,Release and gate-out,Terminal,2026-02-05 09:00,2026-02-05 11:00
CLR-0067,Deliver to customer,Haulage,2026-02-06 09:00,2026-02-06 21:00
CLR-0068,Check documents,Documentation,2026-01-28 09:00,2026-01-28 10:00
CLR-0068,Submit customs declaration,Customs broker,2026-01-29 09:00,2026-01-29 11:00
CLR-0068,Duty assessment,Customs,2026-01-30 09:00,2026-01-30 10:00
CLR-0068,Confirm duty payment,Finance,2026-02-01 16:00,2026-02-01 16:30
CLR-0068,Document review by customs,Customs,2026-02-03 09:00,2026-02-03 11:00
CLR-0068,Release and gate-out,Terminal,2026-02-04 09:00,2026-02-04 11:00
CLR-0068,Deliver to customer,Haulage,2026-02-05 08:00,2026-02-05 16:00
CLR-0069,Check documents,Documentation,2026-01-29 09:00,2026-01-29 10:00
CLR-0069,Submit customs declaration,Customs broker,2026-01-29 16:00,2026-01-29 18:00
CLR-0069,Duty assessment,Customs,2026-01-31 08:00,2026-01-31 09:00
CLR-0069,Confirm duty payment,Finance,2026-02-02 09:00,2026-02-02 09:30
CLR-0069,Document review by customs,Customs,2026-02-03 09:00,2026-02-03 11:00
CLR-0069,Release and gate-out,Terminal,2026-02-05 08:00,2026-02-05 09:00
CLR-0069,Deliver to customer,Haulage,2026-02-05 10:00,2026-02-06 06:00
CLR-0070,Check documents,Documentation,2026-01-29 11:00,2026-01-29 12:00
CLR-0070,Submit customs declaration,Customs broker,2026-01-30 09:00,2026-01-30 11:00
CLR-0070,Duty assessment,Customs,2026-01-31 10:00,2026-01-31 11:00
CLR-0070,Confirm duty payment,Finance,2026-02-02 09:00,2026-02-02 09:30
CLR-0070,Physical inspection,Customs,2026-02-04 09:00,2026-02-04 11:00
CLR-0070,Release and gate-out,Terminal,2026-02-05 13:00,2026-02-05 14:00
CLR-0070,Deliver to customer,Haulage,2026-02-06 08:00,2026-02-06 23:00
CLR-0071,Check documents,Documentation,2026-01-30 10:00,2026-01-30 12:00
CLR-0071,Submit customs declaration,Customs broker,2026-01-31 09:00,2026-01-31 10:00
CLR-0071,Duty assessment,Customs,2026-02-02 08:00,2026-02-02 09:00
CLR-0071,Confirm duty payment,Finance,2026-02-05 08:00,2026-02-05 08:30
CLR-0071,Physical inspection,Customs,2026-02-07 09:00,2026-02-07 12:00
CLR-0071,Release and gate-out,Terminal,2026-02-08 08:00,2026-02-08 10:00
CLR-0071,Deliver to customer,Haulage,2026-02-08 13:00,2026-02-09 10:00
CLR-0072,Check documents,Documentation,2026-01-30 14:00,2026-01-30 16:00
CLR-0072,Submit customs declaration,Customs broker,2026-01-31 10:00,2026-01-31 11:00
CLR-0072,Duty assessment,Customs,2026-02-01 09:00,2026-02-01 10:00
CLR-0072,Confirm duty payment,Finance,2026-02-02 08:00,2026-02-02 08:30
CLR-0072,Document review by customs,Customs,2026-02-03 08:00,2026-02-03 10:00
CLR-0072,Release and gate-out,Terminal,2026-02-04 09:00,2026-02-04 11:00
CLR-0072,Deliver to customer,Haulage,2026-02-04 13:00,2026-02-05 12:00
CLR-0073,Check documents,Documentation,2026-01-30 12:00,2026-01-30 13:00
CLR-0073,Request corrected documents,Documentation,2026-01-31 09:00,2026-01-31 09:30
CLR-0073,Re-check documents,Documentation,2026-02-01 09:30,2026-02-01 10:30
CLR-0073,Submit customs declaration,Customs broker,2026-02-02 08:00,2026-02-02 10:00
CLR-0073,Duty assessment,Customs,2026-02-04 09:00,2026-02-04 10:00
CLR-0073,Confirm duty payment,Finance,2026-02-05 14:00,2026-02-05 14:30
CLR-0073,Release and gate-out,Terminal,2026-02-07 09:00,2026-02-07 11:00
CLR-0073,Deliver to customer,Haulage,2026-02-07 12:00,2026-02-08 18:00
CLR-0074,Check documents,Documentation,2026-01-30 12:00,2026-01-30 13:00
CLR-0074,Request corrected documents,Documentation,2026-01-31 09:00,2026-01-31 09:30
CLR-0074,Re-check documents,Documentation,2026-02-01 14:30,2026-02-01 15:30
CLR-0074,Submit customs declaration,Customs broker,2026-02-02 11:30,2026-02-02 12:30
CLR-0074,Duty assessment,Customs,2026-02-04 09:00,2026-02-04 10:00
CLR-0074,Confirm duty payment,Finance,2026-02-06 08:00,2026-02-06 08:30
CLR-0074,Physical inspection,Customs,2026-02-07 15:30,2026-02-07 17:30
CLR-0074,Release and gate-out,Terminal,2026-02-09 08:00,2026-02-09 09:00
CLR-0074,Deliver to customer,Haulage,2026-02-09 13:00,2026-02-10 08:00
CLR-0075,Check documents,Documentation,2026-01-30 09:00,2026-01-30 12:00
CLR-0075,Submit customs declaration,Customs broker,2026-01-31 09:00,2026-01-31 11:00
CLR-0075,Duty assessment,Customs,2026-02-02 09:00,2026-02-02 10:00
CLR-0075,Confirm duty payment,Finance,2026-02-03 09:00,2026-02-03 09:30
CLR-0075,Document review by customs,Customs,2026-02-04 09:00,2026-02-04 11:00
CLR-0075,Release and gate-out,Terminal,2026-02-05 09:00,2026-02-05 11:00
CLR-0075,Deliver to customer,Haulage,2026-02-05 15:00,2026-02-06 16:00
CLR-0076,Check documents,Documentation,2026-01-30 15:00,2026-01-30 18:00
CLR-0076,Request corrected documents,Documentation,2026-01-31 09:00,2026-01-31 09:30
CLR-0076,Re-check documents,Documentation,2026-02-01 09:30,2026-02-01 10:30
CLR-0076,Submit customs declaration,Customs broker,2026-02-01 14:30,2026-02-01 16:30
CLR-0076,Duty assessment,Customs,2026-02-03 09:00,2026-02-03 10:00
CLR-0076,Confirm duty payment,Finance,2026-02-04 09:00,2026-02-04 09:30
CLR-0076,Physical inspection,Customs,2026-02-06 08:00,2026-02-06 10:00
CLR-0076,Release and gate-out,Terminal,2026-02-08 09:00,2026-02-08 10:00
CLR-0076,Deliver to customer,Haulage,2026-02-08 11:00,2026-02-09 15:00
CLR-0077,Check documents,Documentation,2026-01-31 08:00,2026-01-31 11:00
CLR-0077,Request corrected documents,Documentation,2026-01-31 15:00,2026-01-31 15:30
CLR-0077,Re-check documents,Documentation,2026-02-04 09:00,2026-02-04 10:00
CLR-0077,Submit customs declaration,Customs broker,2026-02-05 08:00,2026-02-05 10:00
CLR-0077,Duty assessment,Customs,2026-02-07 08:00,2026-02-07 09:00
CLR-0077,Confirm duty payment,Finance,2026-02-09 15:00,2026-02-09 15:30
CLR-0077,Physical inspection,Customs,2026-02-11 09:00,2026-02-11 11:00
CLR-0077,Release and gate-out,Terminal,2026-02-12 10:00,2026-02-12 11:00
CLR-0077,Deliver to customer,Haulage,2026-02-12 15:00,2026-02-13 07:00
CLR-0078,Check documents,Documentation,2026-01-31 09:00,2026-01-31 12:00
CLR-0078,Request corrected documents,Documentation,2026-01-31 13:00,2026-01-31 13:30
CLR-0078,Re-check documents,Documentation,2026-02-03 09:00,2026-02-03 10:00
CLR-0078,Submit customs declaration,Customs broker,2026-02-04 08:00,2026-02-04 09:00
CLR-0078,Duty assessment,Customs,2026-02-05 12:00,2026-02-05 13:00
CLR-0078,Confirm duty payment,Finance,2026-02-08 09:00,2026-02-08 09:30
CLR-0078,Document review by customs,Customs,2026-02-09 08:00,2026-02-09 10:00
CLR-0078,Release and gate-out,Terminal,2026-02-10 12:00,2026-02-10 13:00
CLR-0078,Deliver to customer,Haulage,2026-02-10 16:00,2026-02-11 17:00
CLR-0079,Check documents,Documentation,2026-02-01 12:00,2026-02-01 13:00
CLR-0079,Submit customs declaration,Customs broker,2026-02-02 09:00,2026-02-02 11:00
CLR-0079,Duty assessment,Customs,2026-02-03 10:00,2026-02-03 11:00
CLR-0079,Confirm duty payment,Finance,2026-02-06 09:00,2026-02-06 09:30
CLR-0079,Document review by customs,Customs,2026-02-07 13:30,2026-02-07 15:30
CLR-0079,Release and gate-out,Terminal,2026-02-08 09:30,2026-02-08 11:30
CLR-0079,Deliver to customer,Haulage,2026-02-09 08:00,2026-02-10 06:00
CLR-0080,Check documents,Documentation,2026-02-01 08:00,2026-02-01 10:00
CLR-0080,Submit customs declaration,Customs broker,2026-02-02 08:00,2026-02-02 10:00
CLR-0080,Duty assessment,Customs,2026-02-03 09:00,2026-02-03 10:00
CLR-0080,Confirm duty payment,Finance,2026-02-05 09:00,2026-02-05 09:30
CLR-0080,Release and gate-out,Terminal,2026-02-06 09:30,2026-02-06 11:30
CLR-0080,Deliver to customer,Haulage,2026-02-06 16:30,2026-02-06 21:30
CLR-0081,Check documents,Documentation,2026-01-31 13:00,2026-01-31 14:00
CLR-0081,Submit customs declaration,Customs broker,2026-02-01 08:00,2026-02-01 09:00
CLR-0081,Duty assessment,Customs,2026-02-02 14:00,2026-02-02 15:00
CLR-0081,Confirm duty payment,Finance,2026-02-05 08:00,2026-02-05 08:30
CLR-0081,Physical inspection,Customs,2026-02-07 09:00,2026-02-07 11:00
CLR-0081,Release and gate-out,Terminal,2026-02-08 09:00,2026-02-08 10:00
CLR-0081,Deliver to customer,Haulage,2026-02-08 14:00,2026-02-08 18:00
CLR-0082,Check documents,Documentation,2026-02-02 10:00,2026-02-02 12:00
CLR-0082,Request corrected documents,Documentation,2026-02-02 13:00,2026-02-02 13:30
CLR-0082,Re-check documents,Documentation,2026-02-05 11:30,2026-02-05 12:30
CLR-0082,Request corrected documents,Documentation,2026-02-05 16:30,2026-02-05 17:00
CLR-0082,Re-check documents,Documentation,2026-02-07 09:00,2026-02-07 10:00
CLR-0082,Submit customs declaration,Customs broker,2026-02-07 13:00,2026-02-07 15:00
CLR-0082,Duty assessment,Customs,2026-02-08 09:00,2026-02-08 10:00
CLR-0082,Confirm duty payment,Finance,2026-02-10 08:00,2026-02-10 08:30
CLR-0082,Document review by customs,Customs,2026-02-11 09:00,2026-02-11 11:00
CLR-0082,Release and gate-out,Terminal,2026-02-12 08:00,2026-02-12 10:00
CLR-0082,Deliver to customer,Haulage,2026-02-12 11:00,2026-02-13 09:00
CLR-0083,Check documents,Documentation,2026-02-02 09:00,2026-02-02 11:00
CLR-0083,Submit customs declaration,Customs broker,2026-02-02 13:00,2026-02-02 15:00
CLR-0083,Duty assessment,Customs,2026-02-03 13:00,2026-02-03 14:00
CLR-0083,Confirm duty payment,Finance,2026-02-05 09:00,2026-02-05 09:30
CLR-0083,Physical inspection,Customs,2026-02-07 09:00,2026-02-07 13:00
CLR-0083,Release and gate-out,Terminal,2026-02-09 09:00,2026-02-09 10:00
CLR-0083,Deliver to customer,Haulage,2026-02-09 11:00,2026-02-10 08:00
CLR-0084,Check documents,Documentation,2026-02-04 09:00,2026-02-04 12:00
CLR-0084,Submit customs declaration,Customs broker,2026-02-05 08:00,2026-02-05 09:00
CLR-0084,Duty assessment,Customs,2026-02-07 09:00,2026-02-07 10:00
CLR-0084,Confirm duty payment,Finance,2026-02-08 15:00,2026-02-08 15:30
CLR-0084,Document review by customs,Customs,2026-02-09 09:00,2026-02-09 11:00
CLR-0084,Release and gate-out,Terminal,2026-02-10 08:00,2026-02-10 10:00
CLR-0084,Deliver to customer,Haulage,2026-02-10 16:00,2026-02-11 14:00
CLR-0085,Check documents,Documentation,2026-02-03 11:00,2026-02-03 13:00
CLR-0085,Submit customs declaration,Customs broker,2026-02-04 09:00,2026-02-04 11:00
CLR-0085,Duty assessment,Customs,2026-02-05 12:00,2026-02-05 13:00
CLR-0085,Confirm duty payment,Finance,2026-02-07 09:00,2026-02-07 09:30
CLR-0085,Document review by customs,Customs,2026-02-08 08:00,2026-02-08 10:00
CLR-0085,Release and gate-out,Terminal,2026-02-10 09:00,2026-02-10 10:00
CLR-0085,Deliver to customer,Haulage,2026-02-10 15:00,2026-02-10 23:00
CLR-0086,Check documents,Documentation,2026-02-04 10:00,2026-02-04 13:00
CLR-0086,Request corrected documents,Documentation,2026-02-05 08:00,2026-02-05 08:30
CLR-0086,Re-check documents,Documentation,2026-02-08 09:00,2026-02-08 10:00
CLR-0086,Submit customs declaration,Customs broker,2026-02-09 08:00,2026-02-09 10:00
CLR-0086,Duty assessment,Customs,2026-02-10 15:00,2026-02-10 16:00
CLR-0086,Confirm duty payment,Finance,2026-02-13 09:00,2026-02-13 09:30
CLR-0086,Document review by customs,Customs,2026-02-14 08:00,2026-02-14 10:00
CLR-0086,Release and gate-out,Terminal,2026-02-16 09:00,2026-02-16 10:00
CLR-0086,Deliver to customer,Haulage,2026-02-16 15:00,2026-02-17 13:00
CLR-0087,Check documents,Documentation,2026-02-05 09:00,2026-02-05 11:00
CLR-0087,Request corrected documents,Documentation,2026-02-05 12:00,2026-02-05 12:30
CLR-0087,Re-check documents,Documentation,2026-02-07 09:00,2026-02-07 10:00
CLR-0087,Submit customs declaration,Customs broker,2026-02-08 09:00,2026-02-08 11:00
CLR-0087,Duty assessment,Customs,2026-02-09 09:00,2026-02-09 10:00
CLR-0087,Confirm duty payment,Finance,2026-02-12 09:00,2026-02-12 09:30
CLR-0087,Document review by customs,Customs,2026-02-13 08:00,2026-02-13 10:00
CLR-0087,Release and gate-out,Terminal,2026-02-14 09:00,2026-02-14 10:00
CLR-0087,Deliver to customer,Haulage,2026-02-14 14:00,2026-02-14 18:00
CLR-0088,Check documents,Documentation,2026-02-05 08:00,2026-02-05 10:00
CLR-0088,Submit customs declaration,Customs broker,2026-02-06 08:00,2026-02-06 09:00
CLR-0088,Duty assessment,Customs,2026-02-08 09:00,2026-02-08 10:00
CLR-0088,Confirm duty payment,Finance,2026-02-11 08:00,2026-02-11 08:30
CLR-0088,Document review by customs,Customs,2026-02-12 09:00,2026-02-12 11:00
CLR-0088,Release and gate-out,Terminal,2026-02-13 15:00,2026-02-13 16:00
CLR-0088,Deliver to customer,Haulage,2026-02-14 08:00,2026-02-15 05:00
CLR-0089,Check documents,Documentation,2026-02-04 13:00,2026-02-04 16:00
CLR-0089,Request corrected documents,Documentation,2026-02-05 09:00,2026-02-05 09:30
CLR-0089,Re-check documents,Documentation,2026-02-07 09:00,2026-02-07 10:00
CLR-0089,Submit customs declaration,Customs broker,2026-02-08 08:00,2026-02-08 10:00
CLR-0089,Duty assessment,Customs,2026-02-09 08:00,2026-02-09 09:00
CLR-0089,Confirm duty payment,Finance,2026-02-12 09:00,2026-02-12 09:30
CLR-0089,Document review by customs,Customs,2026-02-13 10:30,2026-02-13 12:30
CLR-0089,Release and gate-out,Terminal,2026-02-14 09:00,2026-02-14 10:00
CLR-0089,Deliver to customer,Haulage,2026-02-14 11:00,2026-02-15 12:00
CLR-0090,Check documents,Documentation,2026-02-05 09:00,2026-02-05 10:00
CLR-0090,Request corrected documents,Documentation,2026-02-05 15:00,2026-02-05 15:30
CLR-0090,Re-check documents,Documentation,2026-02-08 08:00,2026-02-08 09:00
CLR-0090,Submit customs declaration,Customs broker,2026-02-08 13:00,2026-02-08 15:00
CLR-0090,Duty assessment,Customs,2026-02-09 13:00,2026-02-09 14:00
CLR-0090,Confirm duty payment,Finance,2026-02-12 09:00,2026-02-12 09:30
CLR-0090,Release and gate-out,Terminal,2026-02-13 11:30,2026-02-13 12:30
CLR-0090,Deliver to customer,Haulage,2026-02-13 14:30,2026-02-14 07:30
CLR-0091,Check documents,Documentation,2026-02-07 08:00,2026-02-07 11:00
CLR-0091,Request corrected documents,Documentation,2026-02-07 13:00,2026-02-07 13:30
CLR-0091,Re-check documents,Documentation,2026-02-10 09:00,2026-02-10 10:00
CLR-0091,Submit customs declaration,Customs broker,2026-02-11 08:00,2026-02-11 10:00
CLR-0091,Duty assessment,Customs,2026-02-13 09:00,2026-02-13 10:00
CLR-0091,Confirm duty payment,Finance,2026-02-15 08:00,2026-02-15 08:30
CLR-0091,Physical inspection,Customs,2026-02-16 08:00,2026-02-16 12:00
CLR-0091,Release and gate-out,Terminal,2026-02-18 09:00,2026-02-18 10:00
CLR-0091,Deliver to customer,Haulage,2026-02-18 14:00,2026-02-19 09:00
CLR-0092,Check documents,Documentation,2026-02-07 08:00,2026-02-07 09:00
CLR-0092,Request corrected documents,Documentation,2026-02-07 15:00,2026-02-07 15:30
CLR-0092,Re-check documents,Documentation,2026-02-08 14:30,2026-02-08 15:30
CLR-0092,Submit customs declaration,Customs broker,2026-02-09 08:00,2026-02-09 10:00
CLR-0092,Duty assessment,Customs,2026-02-10 16:00,2026-02-10 17:00
CLR-0092,Confirm duty payment,Finance,2026-02-13 09:00,2026-02-13 09:30
CLR-0092,Release and gate-out,Terminal,2026-02-14 11:30,2026-02-14 13:30
CLR-0092,Deliver to customer,Haulage,2026-02-14 14:30,2026-02-14 19:30
CLR-0093,Check documents,Documentation,2026-02-07 11:00,2026-02-07 14:00
CLR-0093,Request corrected documents,Documentation,2026-02-08 09:00,2026-02-08 09:30
CLR-0093,Re-check documents,Documentation,2026-02-09 09:00,2026-02-09 10:00
CLR-0093,Request corrected documents,Documentation,2026-02-09 14:00,2026-02-09 14:30
CLR-0093,Re-check documents,Documentation,2026-02-12 08:00,2026-02-12 09:00
CLR-0093,Submit customs declaration,Customs broker,2026-02-13 08:00,2026-02-13 10:00
CLR-0093,Duty assessment,Customs,2026-02-15 08:00,2026-02-15 09:00
CLR-0093,Confirm duty payment,Finance,2026-02-18 08:00,2026-02-18 08:30
CLR-0093,Physical inspection,Customs,2026-02-20 09:00,2026-02-20 13:00
CLR-0093,Release and gate-out,Terminal,2026-02-22 09:00,2026-02-22 11:00
CLR-0093,Deliver to customer,Haulage,2026-02-23 09:00,2026-02-23 16:00
CLR-0094,Check documents,Documentation,2026-02-08 08:00,2026-02-08 10:00
CLR-0094,Submit customs declaration,Customs broker,2026-02-09 09:00,2026-02-09 11:00
CLR-0094,Duty assessment,Customs,2026-02-10 09:00,2026-02-10 10:00
CLR-0094,Confirm duty payment,Finance,2026-02-13 08:00,2026-02-13 08:30
CLR-0094,Release and gate-out,Terminal,2026-02-14 08:00,2026-02-14 10:00
CLR-0094,Deliver to customer,Haulage,2026-02-14 14:00,2026-02-15 11:00
CLR-0095,Check documents,Documentation,2026-02-07 14:00,2026-02-07 15:00
CLR-0095,Submit customs declaration,Customs broker,2026-02-08 09:00,2026-02-08 11:00
CLR-0095,Duty assessment,Customs,2026-02-09 09:00,2026-02-09 10:00
CLR-0095,Confirm duty payment,Finance,2026-02-10 14:00,2026-02-10 14:30
CLR-0095,Document review by customs,Customs,2026-02-11 09:00,2026-02-11 11:00
CLR-0095,Release and gate-out,Terminal,2026-02-12 08:00,2026-02-12 09:00
CLR-0095,Deliver to customer,Haulage,2026-02-12 11:00,2026-02-12 17:00
CLR-0096,Check documents,Documentation,2026-02-08 09:00,2026-02-08 10:00
CLR-0096,Request corrected documents,Documentation,2026-02-08 16:00,2026-02-08 16:30
CLR-0096,Re-check documents,Documentation,2026-02-10 09:00,2026-02-10 10:00
CLR-0096,Submit customs declaration,Customs broker,2026-02-11 09:00,2026-02-11 10:00
CLR-0096,Duty assessment,Customs,2026-02-12 09:00,2026-02-12 10:00
CLR-0096,Confirm duty payment,Finance,2026-02-14 12:00,2026-02-14 12:30
CLR-0096,Physical inspection,Customs,2026-02-15 15:30,2026-02-15 19:30
CLR-0096,Release and gate-out,Terminal,2026-02-16 09:00,2026-02-16 10:00
CLR-0096,Deliver to customer,Haulage,2026-02-16 15:00,2026-02-17 06:00
CLR-0097,Check documents,Documentation,2026-02-08 14:00,2026-02-08 17:00
CLR-0097,Submit customs declaration,Customs broker,2026-02-09 08:00,2026-02-09 09:00
CLR-0097,Duty assessment,Customs,2026-02-11 08:00,2026-02-11 09:00
CLR-0097,Confirm duty payment,Finance,2026-02-13 09:00,2026-02-13 09:30
CLR-0097,Physical inspection,Customs,2026-02-15 08:00,2026-02-15 11:00
CLR-0097,Release and gate-out,Terminal,2026-02-16 15:00,2026-02-16 16:00
CLR-0097,Deliver to customer,Haulage,2026-02-17 08:00,2026-02-18 08:00
CLR-0098,Check documents,Documentation,2026-02-10 10:00,2026-02-10 12:00
CLR-0098,Request corrected documents,Documentation,2026-02-10 15:00,2026-02-10 15:30
CLR-0098,Re-check documents,Documentation,2026-02-12 09:00,2026-02-12 10:00
CLR-0098,Request corrected documents,Documentation,2026-02-12 16:00,2026-02-12 16:30
CLR-0098,Re-check documents,Documentation,2026-02-16 08:00,2026-02-16 09:00
CLR-0098,Submit customs declaration,Customs broker,2026-02-16 16:00,2026-02-16 18:00
CLR-0098,Duty assessment,Customs,2026-02-18 08:00,2026-02-18 09:00
CLR-0098,Confirm duty payment,Finance,2026-02-20 08:00,2026-02-20 08:30
CLR-0098,Physical inspection,Customs,2026-02-22 09:00,2026-02-22 13:00
CLR-0098,Release and gate-out,Terminal,2026-02-23 14:00,2026-02-23 16:00
CLR-0098,Deliver to customer,Haulage,2026-02-24 08:00,2026-02-25 05:00
CLR-0099,Check documents,Documentation,2026-02-11 08:00,2026-02-11 10:00
CLR-0099,Submit customs declaration,Customs broker,2026-02-12 09:00,2026-02-12 10:00
CLR-0099,Duty assessment,Customs,2026-02-14 08:00,2026-02-14 09:00
CLR-0099,Confirm duty payment,Finance,2026-02-17 09:00,2026-02-17 09:30
CLR-0099,Release and gate-out,Terminal,2026-02-18 11:30,2026-02-18 13:30
CLR-0099,Deliver to customer,Haulage,2026-02-19 09:00,2026-02-19 22:00
CLR-0100,Check documents,Documentation,2026-02-11 08:00,2026-02-11 11:00
CLR-0100,Submit customs declaration,Customs broker,2026-02-12 09:00,2026-02-12 10:00
CLR-0100,Duty assessment,Customs,2026-02-13 16:00,2026-02-13 17:00
CLR-0100,Confirm duty payment,Finance,2026-02-15 08:00,2026-02-15 08:30
CLR-0100,Document review by customs,Customs,2026-02-16 09:00,2026-02-16 11:00
CLR-0100,Release and gate-out,Terminal,2026-02-17 09:00,2026-02-17 11:00
CLR-0100,Deliver to customer,Haulage,2026-02-17 12:00,2026-02-18 06:00
CLR-0101,Check documents,Documentation,2026-02-11 08:00,2026-02-11 11:00
CLR-0101,Request corrected documents,Documentation,2026-02-11 12:00,2026-02-11 12:30
CLR-0101,Re-check documents,Documentation,2026-02-14 12:30,2026-02-14 13:30
CLR-0101,Submit customs declaration,Customs broker,2026-02-15 09:30,2026-02-15 11:30
CLR-0101,Duty assessment,Customs,2026-02-16 08:00,2026-02-16 09:00
CLR-0101,Confirm duty payment,Finance,2026-02-18 13:00,2026-02-18 13:30
CLR-0101,Physical inspection,Customs,2026-02-20 08:00,2026-02-20 10:00
CLR-0101,Release and gate-out,Terminal,2026-02-21 08:00,2026-02-21 09:00
CLR-0101,Deliver to customer,Haulage,2026-02-21 10:00,2026-02-22 07:00
CLR-0102,Check documents,Documentation,2026-02-11 10:00,2026-02-11 11:00
CLR-0102,Submit customs declaration,Customs broker,2026-02-11 14:00,2026-02-11 16:00
CLR-0102,Duty assessment,Customs,2026-02-13 09:00,2026-02-13 10:00
CLR-0102,Confirm duty payment,Finance,2026-02-14 08:00,2026-02-14 08:30
CLR-0102,Document review by customs,Customs,2026-02-15 08:00,2026-02-15 10:00
CLR-0102,Release and gate-out,Terminal,2026-02-16 08:00,2026-02-16 10:00
CLR-0102,Deliver to customer,Haulage,2026-02-16 12:00,2026-02-17 15:00
CLR-0103,Check documents,Documentation,2026-02-11 13:00,2026-02-11 15:00
CLR-0103,Submit customs declaration,Customs broker,2026-02-12 08:00,2026-02-12 10:00
CLR-0103,Duty assessment,Customs,2026-02-13 15:00,2026-02-13 16:00
CLR-0103,Confirm duty payment,Finance,2026-02-15 11:00,2026-02-15 11:30
CLR-0103,Release and gate-out,Terminal,2026-02-16 12:30,2026-02-16 13:30
CLR-0103,Deliver to customer,Haulage,2026-02-17 08:00,2026-02-18 11:00
CLR-0104,Check documents,Documentation,2026-02-12 08:00,2026-02-12 11:00
CLR-0104,Submit customs declaration,Customs broker,2026-02-12 13:00,2026-02-12 14:00
CLR-0104,Duty assessment,Customs,2026-02-13 15:00,2026-02-13 16:00
CLR-0104,Confirm duty payment,Finance,2026-02-16 08:00,2026-02-16 08:30
CLR-0104,Physical inspection,Customs,2026-02-17 08:30,2026-02-17 12:30
CLR-0104,Release and gate-out,Terminal,2026-02-18 08:00,2026-02-18 10:00
CLR-0104,Deliver to customer,Haulage,2026-02-18 14:00,2026-02-19 14:00
CLR-0105,Check documents,Documentation,2026-02-12 08:00,2026-02-12 11:00
CLR-0105,Submit customs declaration,Customs broker,2026-02-13 09:00,2026-02-13 11:00
CLR-0105,Duty assessment,Customs,2026-02-15 09:00,2026-02-15 10:00
CLR-0105,Confirm duty payment,Finance,2026-02-18 08:00,2026-02-18 08:30
CLR-0105,Physical inspection,Customs,2026-02-19 11:30,2026-02-19 15:30
CLR-0105,Release and gate-out,Terminal,2026-02-20 16:30,2026-02-20 18:30
CLR-0105,Deliver to customer,Haulage,2026-02-21 08:00,2026-02-21 12:00
CLR-0106,Check documents,Documentation,2026-02-12 09:00,2026-02-12 11:00
CLR-0106,Submit customs declaration,Customs broker,2026-02-12 14:00,2026-02-12 15:00
CLR-0106,Duty assessment,Customs,2026-02-13 08:00,2026-02-13 09:00
CLR-0106,Confirm duty payment,Finance,2026-02-16 09:00,2026-02-16 09:30
CLR-0106,Physical inspection,Customs,2026-02-18 08:00,2026-02-18 12:00
CLR-0106,Release and gate-out,Terminal,2026-02-19 08:00,2026-02-19 09:00
CLR-0106,Deliver to customer,Haulage,2026-02-19 13:00,2026-02-20 12:00
CLR-0107,Check documents,Documentation,2026-02-12 10:00,2026-02-12 13:00
CLR-0107,Request corrected documents,Documentation,2026-02-13 08:00,2026-02-13 08:30
CLR-0107,Re-check documents,Documentation,2026-02-17 08:00,2026-02-17 09:00
CLR-0107,Request corrected documents,Documentation,2026-02-17 13:00,2026-02-17 13:30
CLR-0107,Re-check documents,Documentation,2026-02-19 12:30,2026-02-19 13:30
CLR-0107,Submit customs declaration,Customs broker,2026-02-20 09:00,2026-02-20 10:00
CLR-0107,Duty assessment,Customs,2026-02-21 09:00,2026-02-21 10:00
CLR-0107,Confirm duty payment,Finance,2026-02-22 08:00,2026-02-22 08:30
CLR-0107,Physical inspection,Customs,2026-02-23 16:30,2026-02-23 18:30
CLR-0107,Release and gate-out,Terminal,2026-02-25 09:00,2026-02-25 11:00
CLR-0107,Deliver to customer,Haulage,2026-02-25 14:00,2026-02-25 21:00
CLR-0108,Check documents,Documentation,2026-02-13 08:00,2026-02-13 10:00
CLR-0108,Request corrected documents,Documentation,2026-02-13 11:00,2026-02-13 11:30
CLR-0108,Re-check documents,Documentation,2026-02-15 08:00,2026-02-15 09:00
CLR-0108,Submit customs declaration,Customs broker,2026-02-16 09:00,2026-02-16 11:00
CLR-0108,Duty assessment,Customs,2026-02-17 10:00,2026-02-17 11:00
CLR-0108,Confirm duty payment,Finance,2026-02-18 14:00,2026-02-18 14:30
CLR-0108,Document review by customs,Customs,2026-02-19 08:30,2026-02-19 10:30
CLR-0108,Release and gate-out,Terminal,2026-02-20 15:30,2026-02-20 16:30
CLR-0108,Deliver to customer,Haulage,2026-02-21 09:00,2026-02-21 17:00
CLR-0109,Check documents,Documentation,2026-02-14 08:00,2026-02-14 11:00
CLR-0109,Submit customs declaration,Customs broker,2026-02-15 08:00,2026-02-15 09:00
CLR-0109,Duty assessment,Customs,2026-02-17 09:00,2026-02-17 10:00
CLR-0109,Confirm duty payment,Finance,2026-02-18 09:00,2026-02-18 09:30
CLR-0109,Physical inspection,Customs,2026-02-20 10:30,2026-02-20 13:30
CLR-0109,Release and gate-out,Terminal,2026-02-21 08:00,2026-02-21 09:00
CLR-0109,Deliver to customer,Haulage,2026-02-21 11:00,2026-02-22 01:00
CLR-0110,Check documents,Documentation,2026-02-14 12:00,2026-02-14 14:00
CLR-0110,Submit customs declaration,Customs broker,2026-02-15 08:00,2026-02-15 10:00
CLR-0110,Duty assessment,Customs,2026-02-16 10:00,2026-02-16 11:00
CLR-0110,Confirm duty payment,Finance,2026-02-18 15:00,2026-02-18 15:30
CLR-0110,Physical inspection,Customs,2026-02-20 13:30,2026-02-20 17:30
CLR-0110,Release and gate-out,Terminal,2026-02-21 14:30,2026-02-21 15:30
CLR-0110,Deliver to customer,Haulage,2026-02-21 16:30,2026-02-21 22:30
CLR-0111,Check documents,Documentation,2026-02-15 13:00,2026-02-15 16:00
CLR-0111,Submit customs declaration,Customs broker,2026-02-16 09:00,2026-02-16 11:00
CLR-0111,Duty assessment,Customs,2026-02-18 09:00,2026-02-18 10:00
CLR-0111,Confirm duty payment,Finance,2026-02-20 14:00,2026-02-20 14:30
CLR-0111,Physical inspection,Customs,2026-02-22 08:30,2026-02-22 10:30
CLR-0111,Release and gate-out,Terminal,2026-02-23 08:00,2026-02-23 09:00
CLR-0111,Deliver to customer,Haulage,2026-02-23 14:00,2026-02-24 05:00
CLR-0112,Check documents,Documentation,2026-02-15 12:00,2026-02-15 13:00
CLR-0112,Submit customs declaration,Customs broker,2026-02-16 08:00,2026-02-16 10:00
CLR-0112,Duty assessment,Customs,2026-02-17 15:00,2026-02-17 16:00
CLR-0112,Confirm duty payment,Finance,2026-02-18 09:00,2026-02-18 09:30
CLR-0112,Physical inspection,Customs,2026-02-20 08:00,2026-02-20 10:00
CLR-0112,Release and gate-out,Terminal,2026-02-21 09:00,2026-02-21 11:00
CLR-0112,Deliver to customer,Haulage,2026-02-22 09:00,2026-02-22 15:00
CLR-0113,Check documents,Documentation,2026-02-15 08:00,2026-02-15 09:00
CLR-0113,Request corrected documents,Documentation,2026-02-15 14:00,2026-02-15 14:30
CLR-0113,Re-check documents,Documentation,2026-02-18 09:00,2026-02-18 10:00
CLR-0113,Request corrected documents,Documentation,2026-02-18 13:00,2026-02-18 13:30
CLR-0113,Re-check documents,Documentation,2026-02-22 09:00,2026-02-22 10:00
CLR-0113,Submit customs declaration,Customs broker,2026-02-23 08:00,2026-02-23 09:00
CLR-0113,Duty assessment,Customs,2026-02-24 12:00,2026-02-24 13:00
CLR-0113,Confirm duty payment,Finance,2026-02-25 16:00,2026-02-25 16:30
CLR-0113,Physical inspection,Customs,2026-02-28 09:00,2026-02-28 12:00
CLR-0113,Release and gate-out,Terminal,2026-03-01 14:00,2026-03-01 15:00
CLR-0113,Deliver to customer,Haulage,2026-03-02 08:00,2026-03-02 16:00
CLR-0114,Check documents,Documentation,2026-02-15 08:00,2026-02-15 11:00
CLR-0114,Request corrected documents,Documentation,2026-02-15 15:00,2026-02-15 15:30
CLR-0114,Re-check documents,Documentation,2026-02-18 08:00,2026-02-18 09:00
CLR-0114,Request corrected documents,Documentation,2026-02-18 13:00,2026-02-18 13:30
CLR-0114,Re-check documents,Documentation,2026-02-22 09:00,2026-02-22 10:00
CLR-0114,Submit customs declaration,Customs broker,2026-02-23 09:00,2026-02-23 11:00
CLR-0114,Duty assessment,Customs,2026-02-25 09:00,2026-02-25 10:00
CLR-0114,Confirm duty payment,Finance,2026-02-27 08:00,2026-02-27 08:30
CLR-0114,Physical inspection,Customs,2026-03-01 09:30,2026-03-01 11:30
CLR-0114,Release and gate-out,Terminal,2026-03-02 10:30,2026-03-02 11:30
CLR-0114,Deliver to customer,Haulage,2026-03-02 14:30,2026-03-03 15:30
CLR-0115,Check documents,Documentation,2026-02-15 10:00,2026-02-15 11:00
CLR-0115,Submit customs declaration,Customs broker,2026-02-15 16:00,2026-02-15 18:00
CLR-0115,Duty assessment,Customs,2026-02-17 08:00,2026-02-17 09:00
CLR-0115,Confirm duty payment,Finance,2026-02-20 08:00,2026-02-20 08:30
CLR-0115,Document review by customs,Customs,2026-02-21 12:30,2026-02-21 14:30
CLR-0115,Release and gate-out,Terminal,2026-02-22 09:00,2026-02-22 10:00
CLR-0115,Deliver to customer,Haulage,2026-02-22 13:00,2026-02-23 12:00
CLR-0116,Check documents,Documentation,2026-02-15 11:00,2026-02-15 12:00
CLR-0116,Submit customs declaration,Customs broker,2026-02-16 09:00,2026-02-16 11:00
CLR-0116,Duty assessment,Customs,2026-02-17 09:00,2026-02-17 10:00
CLR-0116,Confirm duty payment,Finance,2026-02-18 09:00,2026-02-18 09:30
CLR-0116,Physical inspection,Customs,2026-02-20 14:30,2026-02-20 17:30
CLR-0116,Release and gate-out,Terminal,2026-02-22 08:00,2026-02-22 09:00
CLR-0116,Deliver to customer,Haulage,2026-02-22 15:00,2026-02-23 13:00
CLR-0117,Check documents,Documentation,2026-02-16 09:00,2026-02-16 11:00
CLR-0117,Submit customs declaration,Customs broker,2026-02-17 09:00,2026-02-17 10:00
CLR-0117,Duty assessment,Customs,2026-02-18 09:00,2026-02-18 10:00
CLR-0117,Confirm duty payment,Finance,2026-02-21 08:00,2026-02-21 08:30
CLR-0117,Document review by customs,Customs,2026-02-21 16:30,2026-02-21 18:30
CLR-0117,Release and gate-out,Terminal,2026-02-23 09:00,2026-02-23 11:00
CLR-0117,Deliver to customer,Haulage,2026-02-24 09:00,2026-02-25 10:00
CLR-0118,Check documents,Documentation,2026-02-17 09:00,2026-02-17 11:00
CLR-0118,Request corrected documents,Documentation,2026-02-17 14:00,2026-02-17 14:30
CLR-0118,Re-check documents,Documentation,2026-02-19 09:00,2026-02-19 10:00
CLR-0118,Submit customs declaration,Customs broker,2026-02-20 09:00,2026-02-20 10:00
CLR-0118,Duty assessment,Customs,2026-02-21 08:00,2026-02-21 09:00
CLR-0118,Confirm duty payment,Finance,2026-02-23 08:00,2026-02-23 08:30
CLR-0118,Document review by customs,Customs,2026-02-24 10:30,2026-02-24 12:30
CLR-0118,Release and gate-out,Terminal,2026-02-26 09:00,2026-02-26 11:00
CLR-0118,Deliver to customer,Haulage,2026-02-27 08:00,2026-02-28 10:00
CLR-0119,Check documents,Documentation,2026-02-17 09:00,2026-02-17 10:00
CLR-0119,Submit customs declaration,Customs broker,2026-02-18 08:00,2026-02-18 10:00
CLR-0119,Duty assessment,Customs,2026-02-19 09:00,2026-02-19 10:00
CLR-0119,Confirm duty payment,Finance,2026-02-21 08:00,2026-02-21 08:30
CLR-0119,Physical inspection,Customs,2026-02-23 08:00,2026-02-23 11:00
CLR-0119,Release and gate-out,Terminal,2026-02-24 10:00,2026-02-24 12:00
CLR-0119,Deliver to customer,Haulage,2026-02-25 08:00,2026-02-26 11:00
CLR-0120,Check documents,Documentation,2026-02-17 09:00,2026-02-17 12:00
CLR-0120,Submit customs declaration,Customs broker,2026-02-18 09:00,2026-02-18 11:00
CLR-0120,Duty assessment,Customs,2026-02-19 12:00,2026-02-19 13:00
CLR-0120,Confirm duty payment,Finance,2026-02-21 08:00,2026-02-21 08:30
CLR-0120,Release and gate-out,Terminal,2026-02-22 09:00,2026-02-22 11:00
CLR-0120,Deliver to customer,Haulage,2026-02-22 13:00,2026-02-23 18:00
CLR-0121,Check documents,Documentation,2026-02-17 10:00,2026-02-17 13:00
CLR-0121,Submit customs declaration,Customs broker,2026-02-17 15:00,2026-02-17 16:00
CLR-0121,Duty assessment,Customs,2026-02-18 08:00,2026-02-18 09:00
CLR-0121,Confirm duty payment,Finance,2026-02-19 09:00,2026-02-19 09:30
CLR-0121,Document review by customs,Customs,2026-02-20 08:00,2026-02-20 10:00
CLR-0121,Release and gate-out,Terminal,2026-02-21 09:00,2026-02-21 11:00
CLR-0121,Deliver to customer,Haulage,2026-02-21 14:00,2026-02-22 16:00
CLR-0122,Check documents,Documentation,2026-02-18 08:00,2026-02-18 09:00
CLR-0122,Submit customs declaration,Customs broker,2026-02-19 09:00,2026-02-19 11:00
CLR-0122,Duty assessment,Customs,2026-02-21 09:00,2026-02-21 10:00
CLR-0122,Confirm duty payment,Finance,2026-02-23 10:00,2026-02-23 10:30
CLR-0122,Release and gate-out,Terminal,2026-02-24 09:00,2026-02-24 11:00
CLR-0122,Deliver to customer,Haulage,2026-02-24 15:00,2026-02-25 03:00
CLR-0123,Check documents,Documentation,2026-02-18 09:00,2026-02-18 10:00
CLR-0123,Submit customs declaration,Customs broker,2026-02-19 09:00,2026-02-19 10:00
CLR-0123,Duty assessment,Customs,2026-02-20 09:00,2026-02-20 10:00
CLR-0123,Confirm duty payment,Finance,2026-02-21 08:00,2026-02-21 08:30
CLR-0123,Physical inspection,Customs,2026-02-23 08:00,2026-02-23 11:00
CLR-0123,Release and gate-out,Terminal,2026-02-24 10:00,2026-02-24 11:00
CLR-0123,Deliver to customer,Haulage,2026-02-24 15:00,2026-02-24 21:00
CLR-0124,Check documents,Documentation,2026-02-18 09:00,2026-02-18 10:00
CLR-0124,Submit customs declaration,Customs broker,2026-02-18 15:00,2026-02-18 17:00
CLR-0124,Duty assessment,Customs,2026-02-20 08:00,2026-02-20 09:00
CLR-0124,Confirm duty payment,Finance,2026-02-23 09:00,2026-02-23 09:30
CLR-0124,Release and gate-out,Terminal,2026-02-24 09:00,2026-02-24 11:00
CLR-0124,Deliver to customer,Haulage,2026-02-24 12:00,2026-02-25 18:00
CLR-0125,Check documents,Documentation,2026-02-18 09:00,2026-02-18 12:00
CLR-0125,Request corrected documents,Documentation,2026-02-18 14:00,2026-02-18 14:30
CLR-0125,Re-check documents,Documentation,2026-02-22 08:00,2026-02-22 09:00
CLR-0125,Submit customs declaration,Customs broker,2026-02-22 11:00,2026-02-22 12:00
CLR-0125,Duty assessment,Customs,2026-02-23 08:00,2026-02-23 09:00
CLR-0125,Confirm duty payment,Finance,2026-02-25 09:00,2026-02-25 09:30
CLR-0125,Release and gate-out,Terminal,2026-02-26 14:30,2026-02-26 16:30
CLR-0125,Deliver to customer,Haulage,2026-02-27 08:00,2026-02-27 12:00
CLR-0126,Check documents,Documentation,2026-02-18 08:00,2026-02-18 09:00
CLR-0126,Submit customs declaration,Customs broker,2026-02-19 09:00,2026-02-19 10:00
CLR-0126,Duty assessment,Customs,2026-02-21 09:00,2026-02-21 10:00
CLR-0126,Confirm duty payment,Finance,2026-02-22 14:00,2026-02-22 14:30
CLR-0126,Physical inspection,Customs,2026-02-24 08:00,2026-02-24 10:00
CLR-0126,Release and gate-out,Terminal,2026-02-25 11:00,2026-02-25 13:00
CLR-0126,Deliver to customer,Haulage,2026-02-25 14:00,2026-02-26 03:00
CLR-0127,Check documents,Documentation,2026-02-19 08:00,2026-02-19 10:00
CLR-0127,Request corrected documents,Documentation,2026-02-19 12:00,2026-02-19 12:30
CLR-0127,Re-check documents,Documentation,2026-02-22 08:00,2026-02-22 09:00
CLR-0127,Submit customs declaration,Customs broker,2026-02-22 15:00,2026-02-22 17:00
CLR-0127,Duty assessment,Customs,2026-02-23 09:00,2026-02-23 10:00
CLR-0127,Confirm duty payment,Finance,2026-02-24 08:00,2026-02-24 08:30
CLR-0127,Release and gate-out,Terminal,2026-02-25 15:30,2026-02-25 16:30
CLR-0127,Deliver to customer,Haulage,2026-02-26 08:00,2026-02-26 14:00
CLR-0128,Check documents,Documentation,2026-02-19 12:00,2026-02-19 13:00
CLR-0128,Submit customs declaration,Customs broker,2026-02-20 08:00,2026-02-20 09:00
CLR-0128,Duty assessment,Customs,2026-02-21 15:00,2026-02-21 16:00
CLR-0128,Confirm duty payment,Finance,2026-02-22 08:00,2026-02-22 08:30
CLR-0128,Physical inspection,Customs,2026-02-24 09:00,2026-02-24 13:00
CLR-0128,Release and gate-out,Terminal,2026-02-26 08:00,2026-02-26 09:00
CLR-0128,Deliver to customer,Haulage,2026-02-26 15:00,2026-02-27 06:00
CLR-0129,Check documents,Documentation,2026-02-19 08:00,2026-02-19 11:00
CLR-0129,Submit customs declaration,Customs broker,2026-02-20 09:00,2026-02-20 11:00
CLR-0129,Duty assessment,Customs,2026-02-21 09:00,2026-02-21 10:00
CLR-0129,Confirm duty payment,Finance,2026-02-23 09:00,2026-02-23 09:30
CLR-0129,Physical inspection,Customs,2026-02-25 08:00,2026-02-25 11:00
CLR-0129,Release and gate-out,Terminal,2026-02-26 09:00,2026-02-26 10:00
CLR-0129,Deliver to customer,Haulage,2026-02-26 15:00,2026-02-26 22:00
CLR-0130,Check documents,Documentation,2026-02-21 09:00,2026-02-21 10:00
CLR-0130,Submit customs declaration,Customs broker,2026-02-22 08:00,2026-02-22 09:00
CLR-0130,Duty assessment,Customs,2026-02-23 08:00,2026-02-23 09:00
CLR-0130,Confirm duty payment,Finance,2026-02-26 08:00,2026-02-26 08:30
CLR-0130,Physical inspection,Customs,2026-02-27 16:30,2026-02-27 19:30
CLR-0130,Release and gate-out,Terminal,2026-03-01 09:00,2026-03-01 11:00
CLR-0130,Deliver to customer,Haulage,2026-03-01 13:00,2026-03-02 19:00
CLR-0131,Check documents,Documentation,2026-02-19 12:00,2026-02-19 13:00
CLR-0131,Request corrected documents,Documentation,2026-02-20 08:00,2026-02-20 08:30
CLR-0131,Re-check documents,Documentation,2026-02-21 08:30,2026-02-21 09:30
CLR-0131,Submit customs declaration,Customs broker,2026-02-22 08:00,2026-02-22 10:00
CLR-0131,Duty assessment,Customs,2026-02-23 10:00,2026-02-23 11:00
CLR-0131,Confirm duty payment,Finance,2026-02-26 09:00,2026-02-26 09:30
CLR-0131,Physical inspection,Customs,2026-02-28 09:00,2026-02-28 11:00
CLR-0131,Release and gate-out,Terminal,2026-03-01 14:00,2026-03-01 16:00
CLR-0131,Deliver to customer,Haulage,2026-03-02 09:00,2026-03-03 08:00
CLR-0132,Check documents,Documentation,2026-02-20 09:00,2026-02-20 11:00
CLR-0132,Request corrected documents,Documentation,2026-02-20 15:00,2026-02-20 15:30
CLR-0132,Re-check documents,Documentation,2026-02-23 12:30,2026-02-23 13:30
CLR-0132,Submit customs declaration,Customs broker,2026-02-24 09:30,2026-02-24 10:30
CLR-0132,Duty assessment,Customs,2026-02-25 08:00,2026-02-25 09:00
CLR-0132,Confirm duty payment,Finance,2026-02-26 09:00,2026-02-26 09:30
CLR-0132,Release and gate-out,Terminal,2026-02-27 10:30,2026-02-27 11:30
CLR-0132,Deliver to customer,Haulage,2026-02-27 14:30,2026-02-28 12:30
CLR-0133,Check documents,Documentation,2026-02-20 12:00,2026-02-20 14:00
CLR-0133,Request corrected documents,Documentation,2026-02-21 08:00,2026-02-21 08:30
CLR-0133,Re-check documents,Documentation,2026-02-22 09:30,2026-02-22 10:30
CLR-0133,Request corrected documents,Documentation,2026-02-22 15:30,2026-02-22 16:00
CLR-0133,Re-check documents,Documentation,2026-02-24 12:00,2026-02-24 13:00
CLR-0133,Submit customs declaration,Customs broker,2026-02-25 08:00,2026-02-25 09:00
CLR-0133,Duty assessment,Customs,2026-02-26 10:00,2026-02-26 11:00
CLR-0133,Confirm duty payment,Finance,2026-03-01 08:00,2026-03-01 08:30
CLR-0133,Release and gate-out,Terminal,2026-03-02 09:00,2026-03-02 11:00
CLR-0133,Deliver to customer,Haulage,2026-03-02 16:00,2026-03-03 12:00
CLR-0134,Check documents,Documentation,2026-02-20 10:00,2026-02-20 13:00
CLR-0134,Submit customs declaration,Customs broker,2026-02-21 09:00,2026-02-21 10:00
CLR-0134,Duty assessment,Customs,2026-02-22 09:00,2026-02-22 10:00
CLR-0134,Confirm duty payment,Finance,2026-02-24 09:00,2026-02-24 09:30
CLR-0134,Document review by customs,Customs,2026-02-25 09:00,2026-02-25 11:00
CLR-0134,Release and gate-out,Terminal,2026-02-27 09:00,2026-02-27 10:00
CLR-0134,Deliver to customer,Haulage,2026-02-27 11:00,2026-02-28 08:00
CLR-0135,Check documents,Documentation,2026-02-21 11:00,2026-02-21 12:00
CLR-0135,Request corrected documents,Documentation,2026-02-21 13:00,2026-02-21 13:30
CLR-0135,Re-check documents,Documentation,2026-02-24 13:30,2026-02-24 14:30
CLR-0135,Request corrected documents,Documentation,2026-02-24 15:30,2026-02-24 16:00
CLR-0135,Re-check documents,Documentation,2026-02-27 08:00,2026-02-27 09:00
CLR-0135,Submit customs declaration,Customs broker,2026-02-28 09:00,2026-02-28 11:00
CLR-0135,Duty assessment,Customs,2026-03-01 08:00,2026-03-01 09:00
CLR-0135,Confirm duty payment,Finance,2026-03-02 09:00,2026-03-02 09:30
CLR-0135,Physical inspection,Customs,2026-03-04 11:30,2026-03-04 15:30
CLR-0135,Release and gate-out,Terminal,2026-03-06 08:00,2026-03-06 10:00
CLR-0135,Deliver to customer,Haulage,2026-03-06 11:00,2026-03-07 04:00
CLR-0136,Check documents,Documentation,2026-02-23 08:00,2026-02-23 09:00
CLR-0136,Request corrected documents,Documentation,2026-02-23 13:00,2026-02-23 13:30
CLR-0136,Re-check documents,Documentation,2026-02-25 09:00,2026-02-25 10:00
CLR-0136,Submit customs declaration,Customs broker,2026-02-26 08:00,2026-02-26 09:00
CLR-0136,Duty assessment,Customs,2026-02-27 08:00,2026-02-27 09:00
CLR-0136,Confirm duty payment,Finance,2026-03-02 09:00,2026-03-02 09:30
CLR-0136,Physical inspection,Customs,2026-03-04 09:00,2026-03-04 13:00
CLR-0136,Release and gate-out,Terminal,2026-03-05 12:00,2026-03-05 14:00
CLR-0136,Deliver to customer,Haulage,2026-03-06 09:00,2026-03-07 10:00
CLR-0137,Check documents,Documentation,2026-02-22 09:00,2026-02-22 11:00
CLR-0137,Submit customs declaration,Customs broker,2026-02-23 08:00,2026-02-23 09:00
CLR-0137,Duty assessment,Customs,2026-02-25 08:00,2026-02-25 09:00
CLR-0137,Confirm duty payment,Finance,2026-02-27 09:00,2026-02-27 09:30
CLR-0137,Physical inspection,Customs,2026-03-01 12:30,2026-03-01 14:30
CLR-0137,Release and gate-out,Terminal,2026-03-02 10:30,2026-03-02 12:30
CLR-0137,Deliver to customer,Haulage,2026-03-02 15:30,2026-03-03 14:30
CLR-0138,Check documents,Documentation,2026-02-22 09:00,2026-02-22 10:00
CLR-0138,Submit customs declaration,Customs broker,2026-02-23 08:00,2026-02-23 09:00
CLR-0138,Duty assessment,Customs,2026-02-24 09:00,2026-02-24 10:00
CLR-0138,Confirm duty payment,Finance,2026-02-27 09:00,2026-02-27 09:30
CLR-0138,Release and gate-out,Terminal,2026-02-28 08:30,2026-02-28 10:30
CLR-0138,Deliver to customer,Haulage,2026-02-28 11:30,2026-03-01 00:30
CLR-0139,Check documents,Documentation,2026-02-24 08:00,2026-02-24 09:00
CLR-0139,Submit customs declaration,Customs broker,2026-02-25 09:00,2026-02-25 10:00
CLR-0139,Duty assessment,Customs,2026-02-26 08:00,2026-02-26 09:00
CLR-0139,Confirm duty payment,Finance,2026-02-27 08:00,2026-02-27 08:30
CLR-0139,Document review by customs,Customs,2026-02-27 16:30,2026-02-27 18:30
CLR-0139,Release and gate-out,Terminal,2026-03-01 09:00,2026-03-01 10:00
CLR-0139,Deliver to customer,Haulage,2026-03-01 14:00,2026-03-02 20:00
CLR-0140,Check documents,Documentation,2026-02-24 09:00,2026-02-24 11:00
CLR-0140,Submit customs declaration,Customs broker,2026-02-25 09:00,2026-02-25 11:00
CLR-0140,Duty assessment,Customs,2026-02-27 08:00,2026-02-27 09:00
CLR-0140,Confirm duty payment,Finance,2026-03-01 12:00,2026-03-01 12:30
CLR-0140,Physical inspection,Customs,2026-03-03 09:00,2026-03-03 12:00
CLR-0140,Release and gate-out,Terminal,2026-03-05 08:00,2026-03-05 09:00
CLR-0140,Deliver to customer,Haulage,2026-03-05 10:00,2026-03-05 22:00
CLR-0141,Check documents,Documentation,2026-02-23 13:00,2026-02-23 14:00
CLR-0141,Submit customs declaration,Customs broker,2026-02-24 09:00,2026-02-24 11:00
CLR-0141,Duty assessment,Customs,2026-02-25 11:00,2026-02-25 12:00
CLR-0141,Confirm duty payment,Finance,2026-02-26 08:00,2026-02-26 08:30
CLR-0141,Document review by customs,Customs,2026-02-27 08:00,2026-02-27 10:00
CLR-0141,Release and gate-out,Terminal,2026-02-28 08:00,2026-02-28 09:00
CLR-0141,Deliver to customer,Haulage,2026-02-28 13:00,2026-03-01 19:00
CLR-0142,Check documents,Documentation,2026-02-24 16:00,2026-02-24 19:00
CLR-0142,Request corrected documents,Documentation,2026-02-25 09:00,2026-02-25 09:30
CLR-0142,Re-check documents,Documentation,2026-02-26 14:30,2026-02-26 15:30
CLR-0142,Request corrected documents,Documentation,2026-02-27 08:00,2026-02-27 08:30
CLR-0142,Re-check documents,Documentation,2026-02-28 08:00,2026-02-28 09:00
CLR-0142,Submit customs declaration,Customs broker,2026-03-01 08:00,2026-03-01 09:00
CLR-0142,Duty assessment,Customs,2026-03-02 12:00,2026-03-02 13:00
CLR-0142,Confirm duty payment,Finance,2026-03-04 15:00,2026-03-04 15:30
CLR-0142,Physical inspection,Customs,2026-03-06 10:30,2026-03-06 13:30
CLR-0142,Release and gate-out,Terminal,2026-03-07 10:30,2026-03-07 11:30
CLR-0142,Deliver to customer,Haulage,2026-03-07 16:30,2026-03-07 20:30
CLR-0143,Check documents,Documentation,2026-02-25 14:00,2026-02-25 16:00
CLR-0143,Request corrected documents,Documentation,2026-02-26 08:00,2026-02-26 08:30
CLR-0143,Re-check documents,Documentation,2026-03-02 09:00,2026-03-02 10:00
CLR-0143,Submit customs declaration,Customs broker,2026-03-02 16:00,2026-03-02 17:00
CLR-0143,Duty assessment,Customs,2026-03-03 13:00,2026-03-03 14:00
CLR-0143,Confirm duty payment,Finance,2026-03-04 08:00,2026-03-04 08:30
CLR-0143,Physical inspection,Customs,2026-03-05 12:30,2026-03-05 16:30
CLR-0143,Release and gate-out,Terminal,2026-03-06 15:30,2026-03-06 17:30
CLR-0143,Deliver to customer,Haulage,2026-03-07 09:00,2026-03-08 10:00
CLR-0144,Check documents,Documentation,2026-02-25 08:00,2026-02-25 11:00
CLR-0144,Submit customs declaration,Customs broker,2026-02-26 09:00,2026-02-26 10:00
CLR-0144,Duty assessment,Customs,2026-02-27 16:00,2026-02-27 17:00
CLR-0144,Confirm duty payment,Finance,2026-03-02 08:00,2026-03-02 08:30
CLR-0144,Document review by customs,Customs,2026-03-03 08:00,2026-03-03 10:00
CLR-0144,Release and gate-out,Terminal,2026-03-04 14:00,2026-03-04 15:00
CLR-0144,Deliver to customer,Haulage,2026-03-05 08:00,2026-03-06 02:00
CLR-0145,Check documents,Documentation,2026-02-25 11:00,2026-02-25 12:00
CLR-0145,Request corrected documents,Documentation,2026-02-26 09:00,2026-02-26 09:30
CLR-0145,Re-check documents,Documentation,2026-02-27 09:30,2026-02-27 10:30
CLR-0145,Submit customs declaration,Customs broker,2026-02-28 09:00,2026-02-28 10:00
CLR-0145,Duty assessment,Customs,2026-03-02 09:00,2026-03-02 10:00
CLR-0145,Confirm duty payment,Finance,2026-03-04 09:00,2026-03-04 09:30
CLR-0145,Document review by customs,Customs,2026-03-05 08:00,2026-03-05 10:00
CLR-0145,Release and gate-out,Terminal,2026-03-07 09:00,2026-03-07 11:00
CLR-0145,Deliver to customer,Haulage,2026-03-07 12:00,2026-03-08 07:00
CLR-0146,Check documents,Documentation,2026-02-25 08:00,2026-02-25 10:00
CLR-0146,Request corrected documents,Documentation,2026-02-25 12:00,2026-02-25 12:30
CLR-0146,Re-check documents,Documentation,2026-02-28 08:00,2026-02-28 09:00
CLR-0146,Submit customs declaration,Customs broker,2026-03-01 09:00,2026-03-01 11:00
CLR-0146,Duty assessment,Customs,2026-03-02 09:00,2026-03-02 10:00
CLR-0146,Confirm duty payment,Finance,2026-03-03 15:00,2026-03-03 15:30
CLR-0146,Document review by customs,Customs,2026-03-04 11:30,2026-03-04 13:30
CLR-0146,Release and gate-out,Terminal,2026-03-05 08:30,2026-03-05 09:30
CLR-0146,Deliver to customer,Haulage,2026-03-05 15:30,2026-03-06 01:30
CLR-0147,Check documents,Documentation,2026-02-26 09:00,2026-02-26 11:00
CLR-0147,Submit customs declaration,Customs broker,2026-02-27 09:00,2026-02-27 10:00
CLR-0147,Duty assessment,Customs,2026-02-28 09:00,2026-02-28 10:00
CLR-0147,Confirm duty payment,Finance,2026-03-01 15:00,2026-03-01 15:30
CLR-0147,Physical inspection,Customs,2026-03-03 09:30,2026-03-03 13:30
CLR-0147,Release and gate-out,Terminal,2026-03-04 08:00,2026-03-04 10:00
CLR-0147,Deliver to customer,Haulage,2026-03-04 15:00,2026-03-05 03:00
CLR-0148,Check documents,Documentation,2026-02-26 09:00,2026-02-26 11:00
CLR-0148,Submit customs declaration,Customs broker,2026-02-27 08:00,2026-02-27 10:00
CLR-0148,Duty assessment,Customs,2026-03-01 08:00,2026-03-01 09:00
CLR-0148,Confirm duty payment,Finance,2026-03-03 13:00,2026-03-03 13:30
CLR-0148,Release and gate-out,Terminal,2026-03-04 16:30,2026-03-04 18:30
CLR-0148,Deliver to customer,Haulage,2026-03-05 08:00,2026-03-05 14:00
CLR-0149,Check documents,Documentation,2026-02-26 09:00,2026-02-26 11:00
CLR-0149,Request corrected documents,Documentation,2026-02-26 16:00,2026-02-26 16:30
CLR-0149,Re-check documents,Documentation,2026-02-28 08:00,2026-02-28 09:00
CLR-0149,Submit customs declaration,Customs broker,2026-02-28 14:00,2026-02-28 16:00
CLR-0149,Duty assessment,Customs,2026-03-01 08:00,2026-03-01 09:00
CLR-0149,Confirm duty payment,Finance,2026-03-04 08:00,2026-03-04 08:30
CLR-0149,Physical inspection,Customs,2026-03-06 08:00,2026-03-06 11:00
CLR-0149,Release and gate-out,Terminal,2026-03-07 09:00,2026-03-07 10:00
CLR-0149,Deliver to customer,Haulage,2026-03-07 11:00,2026-03-08 14:00
CLR-0150,Check documents,Documentation,2026-02-26 15:00,2026-02-26 18:00
CLR-0150,Submit customs declaration,Customs broker,2026-02-27 09:00,2026-02-27 11:00
CLR-0150,Duty assessment,Customs,2026-02-28 09:00,2026-02-28 10:00
CLR-0150,Confirm duty payment,Finance,2026-03-01 09:00,2026-03-01 09:30
CLR-0150,Physical inspection,Customs,2026-03-03 08:30,2026-03-03 10:30
CLR-0150,Release and gate-out,Terminal,2026-03-04 08:00,2026-03-04 09:00
CLR-0150,Deliver to customer,Haulage,2026-03-04 14:00,2026-03-05 12:00
CLR-0151,Check documents,Documentation,2026-02-27 13:00,2026-02-27 14:00
CLR-0151,Request corrected documents,Documentation,2026-02-27 15:00,2026-02-27 15:30
CLR-0151,Re-check documents,Documentation,2026-03-03 09:00,2026-03-03 10:00
CLR-0151,Submit customs declaration,Customs broker,2026-03-04 09:00,2026-03-04 11:00
CLR-0151,Duty assessment,Customs,2026-03-05 09:00,2026-03-05 10:00
CLR-0151,Confirm duty payment,Finance,2026-03-07 09:00,2026-03-07 09:30
CLR-0151,Release and gate-out,Terminal,2026-03-08 08:00,2026-03-08 10:00
CLR-0151,Deliver to customer,Haulage,2026-03-08 14:00,2026-03-08 23:00
CLR-0152,Check documents,Documentation,2026-02-27 11:00,2026-02-27 13:00
CLR-0152,Submit customs declaration,Customs broker,2026-02-28 09:00,2026-02-28 10:00
CLR-0152,Duty assessment,Customs,2026-03-01 14:00,2026-03-01 15:00
CLR-0152,Confirm duty payment,Finance,2026-03-02 09:00,2026-03-02 09:30
CLR-0152,Release and gate-out,Terminal,2026-03-03 09:00,2026-03-03 11:00
CLR-0152,Deliver to customer,Haulage,2026-03-03 15:00,2026-03-04 04:00
CLR-0153,Check documents,Documentation,2026-02-27 08:00,2026-02-27 10:00
CLR-0153,Submit customs declaration,Customs broker,2026-02-28 09:00,2026-02-28 11:00
CLR-0153,Duty assessment,Customs,2026-03-02 09:00,2026-03-02 10:00
CLR-0153,Confirm duty payment,Finance,2026-03-05 09:00,2026-03-05 09:30
CLR-0153,Physical inspection,Customs,2026-03-07 13:30,2026-03-07 15:30
CLR-0153,Release and gate-out,Terminal,2026-03-09 09:00,2026-03-09 10:00
CLR-0153,Deliver to customer,Haulage,2026-03-09 13:00,2026-03-10 19:00
CLR-0154,Check documents,Documentation,2026-03-01 09:00,2026-03-01 12:00
CLR-0154,Request corrected documents,Documentation,2026-03-01 14:00,2026-03-01 14:30
CLR-0154,Re-check documents,Documentation,2026-03-03 09:00,2026-03-03 10:00
CLR-0154,Submit customs declaration,Customs broker,2026-03-04 08:00,2026-03-04 10:00
CLR-0154,Duty assessment,Customs,2026-03-05 16:00,2026-03-05 17:00
CLR-0154,Confirm duty payment,Finance,2026-03-08 08:00,2026-03-08 08:30
CLR-0154,Physical inspection,Customs,2026-03-10 08:00,2026-03-10 12:00
CLR-0154,Release and gate-out,Terminal,2026-03-11 10:00,2026-03-11 12:00
CLR-0154,Deliver to customer,Haulage,2026-03-11 15:00,2026-03-12 06:00
CLR-0155,Check documents,Documentation,2026-02-28 14:00,2026-02-28 15:00
CLR-0155,Submit customs declaration,Customs broker,2026-03-01 09:00,2026-03-01 11:00
CLR-0155,Duty assessment,Customs,2026-03-03 08:00,2026-03-03 09:00
CLR-0155,Confirm duty payment,Finance,2026-03-05 09:00,2026-03-05 09:30
CLR-0155,Release and gate-out,Terminal,2026-03-06 08:30,2026-03-06 09:30
CLR-0155,Deliver to customer,Haulage,2026-03-06 13:30,2026-03-07 04:30
CLR-0156,Check documents,Documentation,2026-03-02 09:00,2026-03-02 12:00
CLR-0156,Submit customs declaration,Customs broker,2026-03-03 08:00,2026-03-03 10:00
CLR-0156,Duty assessment,Customs,2026-03-04 15:00,2026-03-04 16:00
CLR-0156,Confirm duty payment,Finance,2026-03-06 12:00,2026-03-06 12:30
CLR-0156,Physical inspection,Customs,2026-03-08 14:30,2026-03-08 18:30
CLR-0156,Release and gate-out,Terminal,2026-03-10 08:00,2026-03-10 09:00
CLR-0156,Deliver to customer,Haulage,2026-03-10 13:00,2026-03-11 01:00
CLR-0157,Check documents,Documentation,2026-03-01 08:00,2026-03-01 11:00
CLR-0157,Submit customs declaration,Customs broker,2026-03-02 08:00,2026-03-02 10:00
CLR-0157,Duty assessment,Customs,2026-03-03 08:00,2026-03-03 09:00
CLR-0157,Confirm duty payment,Finance,2026-03-04 08:00,2026-03-04 08:30
CLR-0157,Document review by customs,Customs,2026-03-05 10:30,2026-03-05 12:30
CLR-0157,Release and gate-out,Terminal,2026-03-06 14:30,2026-03-06 15:30
CLR-0157,Deliver to customer,Haulage,2026-03-06 16:30,2026-03-07 18:30
CLR-0158,Check documents,Documentation,2026-03-01 09:00,2026-03-01 10:00
CLR-0158,Submit customs declaration,Customs broker,2026-03-02 08:00,2026-03-02 10:00
CLR-0158,Duty assessment,Customs,2026-03-03 13:00,2026-03-03 14:00
CLR-0158,Confirm duty payment,Finance,2026-03-04 10:00,2026-03-04 10:30
CLR-0158,Document review by customs,Customs,2026-03-05 09:00,2026-03-05 11:00
CLR-0158,Release and gate-out,Terminal,2026-03-06 08:00,2026-03-06 10:00
CLR-0158,Deliver to customer,Haulage,2026-03-06 11:00,2026-03-06 17:00
CLR-0159,Check documents,Documentation,2026-03-02 08:00,2026-03-02 10:00
CLR-0159,Submit customs declaration,Customs broker,2026-03-03 08:00,2026-03-03 10:00
CLR-0159,Duty assessment,Customs,2026-03-05 08:00,2026-03-05 09:00
CLR-0159,Confirm duty payment,Finance,2026-03-06 08:00,2026-03-06 08:30
CLR-0159,Release and gate-out,Terminal,2026-03-07 08:00,2026-03-07 10:00
CLR-0159,Deliver to customer,Haulage,2026-03-07 12:00,2026-03-08 07:00
CLR-0160,Check documents,Documentation,2026-03-02 08:00,2026-03-02 11:00
CLR-0160,Request corrected documents,Documentation,2026-03-02 13:00,2026-03-02 13:30
CLR-0160,Re-check documents,Documentation,2026-03-05 09:00,2026-03-05 10:00
CLR-0160,Submit customs declaration,Customs broker,2026-03-06 08:00,2026-03-06 09:00
CLR-0160,Duty assessment,Customs,2026-03-07 16:00,2026-03-07 17:00
CLR-0160,Confirm duty payment,Finance,2026-03-10 09:00,2026-03-10 09:30
CLR-0160,Physical inspection,Customs,2026-03-12 08:00,2026-03-12 10:00
CLR-0160,Release and gate-out,Terminal,2026-03-13 09:00,2026-03-13 11:00
CLR-0160,Deliver to customer,Haulage,2026-03-13 14:00,2026-03-14 17:00
CLR-0161,Check documents,Documentation,2026-03-02 09:00,2026-03-02 12:00
CLR-0161,Submit customs declaration,Customs broker,2026-03-03 09:00,2026-03-03 11:00
CLR-0161,Duty assessment,Customs,2026-03-04 10:00,2026-03-04 11:00
CLR-0161,Confirm duty payment,Finance,2026-03-05 10:00,2026-03-05 10:30
CLR-0161,Physical inspection,Customs,2026-03-07 09:00,2026-03-07 11:00
CLR-0161,Release and gate-out,Terminal,2026-03-09 08:00,2026-03-09 10:00
CLR-0161,Deliver to customer,Haulage,2026-03-09 13:00,2026-03-10 02:00
CLR-0162,Check documents,Documentation,2026-03-02 08:00,2026-03-02 09:00
CLR-0162,Submit customs declaration,Customs broker,2026-03-03 09:00,2026-03-03 11:00
CLR-0162,Duty assessment,Customs,2026-03-04 11:00,2026-03-04 12:00
CLR-0162,Confirm duty payment,Finance,2026-03-05 11:00,2026-03-05 11:30
CLR-0162,Release and gate-out,Terminal,2026-03-06 14:30,2026-03-06 16:30
CLR-0162,Deliver to customer,Haulage,2026-03-07 09:00,2026-03-07 21:00
CLR-0163,Check documents,Documentation,2026-03-03 08:00,2026-03-03 10:00
CLR-0163,Submit customs declaration,Customs broker,2026-03-03 16:00,2026-03-03 17:00
CLR-0163,Duty assessment,Customs,2026-03-05 08:00,2026-03-05 09:00
CLR-0163,Confirm duty payment,Finance,2026-03-07 09:00,2026-03-07 09:30
CLR-0163,Release and gate-out,Terminal,2026-03-08 09:00,2026-03-08 11:00
CLR-0163,Deliver to customer,Haulage,2026-03-08 16:00,2026-03-09 05:00
CLR-0164,Check documents,Documentation,2026-03-03 08:00,2026-03-03 11:00
CLR-0164,Request corrected documents,Documentation,2026-03-03 14:00,2026-03-03 14:30
CLR-0164,Re-check documents,Documentation,2026-03-07 08:00,2026-03-07 09:00
CLR-0164,Submit customs declaration,Customs broker,2026-03-07 13:00,2026-03-07 15:00
CLR-0164,Duty assessment,Customs,2026-03-09 08:00,2026-03-09 09:00
CLR-0164,Confirm duty payment,Finance,2026-03-11 08:00,2026-03-11 08:30
CLR-0164,Physical inspection,Customs,2026-03-13 09:00,2026-03-13 11:00
CLR-0164,Release and gate-out,Terminal,2026-03-14 08:00,2026-03-14 10:00
CLR-0164,Deliver to customer,Haulage,2026-03-14 15:00,2026-03-15 19:00
CLR-0165,Check documents,Documentation,2026-03-03 12:00,2026-03-03 15:00
CLR-0165,Request corrected documents,Documentation,2026-03-04 09:00,2026-03-04 09:30
CLR-0165,Re-check documents,Documentation,2026-03-07 09:30,2026-03-07 10:30
CLR-0165,Submit customs declaration,Customs broker,2026-03-08 08:00,2026-03-08 09:00
CLR-0165,Duty assessment,Customs,2026-03-10 09:00,2026-03-10 10:00
CLR-0165,Confirm duty payment,Finance,2026-03-12 14:00,2026-03-12 14:30
CLR-0165,Physical inspection,Customs,2026-03-14 08:30,2026-03-14 12:30
CLR-0165,Release and gate-out,Terminal,2026-03-16 09:00,2026-03-16 10:00
CLR-0165,Deliver to customer,Haulage,2026-03-16 16:00,2026-03-17 12:00
CLR-0166,Check documents,Documentation,2026-03-04 10:00,2026-03-04 11:00
CLR-0166,Submit customs declaration,Customs broker,2026-03-05 08:00,2026-03-05 09:00
CLR-0166,Duty assessment,Customs,2026-03-06 08:00,2026-03-06 09:00
CLR-0166,Confirm duty payment,Finance,2026-03-09 09:00,2026-03-09 09:30
CLR-0166,Physical inspection,Customs,2026-03-11 08:00,2026-03-11 11:00
CLR-0166,Release and gate-out,Terminal,2026-03-13 08:00,2026-03-13 10:00
CLR-0166,Deliver to customer,Haulage,2026-03-13 16:00,2026-03-14 21:00
CLR-0167,Check documents,Documentation,2026-03-05 08:00,2026-03-05 11:00
CLR-0167,Request corrected documents,Documentation,2026-03-05 15:00,2026-03-05 15:30
CLR-0167,Re-check documents,Documentation,2026-03-07 08:00,2026-03-07 09:00
CLR-0167,Submit customs declaration,Customs broker,2026-03-08 09:00,2026-03-08 10:00
CLR-0167,Duty assessment,Customs,2026-03-09 13:00,2026-03-09 14:00
CLR-0167,Confirm duty payment,Finance,2026-03-11 09:00,2026-03-11 09:30
CLR-0167,Physical inspection,Customs,2026-03-13 15:30,2026-03-13 18:30
CLR-0167,Release and gate-out,Terminal,2026-03-14 16:30,2026-03-14 17:30
CLR-0167,Deliver to customer,Haulage,2026-03-15 08:00,2026-03-16 14:00
CLR-0168,Check documents,Documentation,2026-03-05 10:00,2026-03-05 13:00
CLR-0168,Submit customs declaration,Customs broker,2026-03-06 09:00,2026-03-06 11:00
CLR-0168,Duty assessment,Customs,2026-03-07 09:00,2026-03-07 10:00
CLR-0168,Confirm duty payment,Finance,2026-03-09 08:00,2026-03-09 08:30
CLR-0168,Physical inspection,Customs,2026-03-11 09:00,2026-03-11 12:00
CLR-0168,Release and gate-out,Terminal,2026-03-12 08:00,2026-03-12 09:00
CLR-0168,Deliver to customer,Haulage,2026-03-12 12:00,2026-03-13 07:00
CLR-0169,Check documents,Documentation,2026-03-05 15:00,2026-03-05 16:00
CLR-0169,Submit customs declaration,Customs broker,2026-03-06 08:00,2026-03-06 10:00
CLR-0169,Duty assessment,Customs,2026-03-07 09:00,2026-03-07 10:00
CLR-0169,Confirm duty payment,Finance,2026-03-09 09:00,2026-03-09 09:30
CLR-0169,Release and gate-out,Terminal,2026-03-10 12:30,2026-03-10 13:30
CLR-0169,Deliver to customer,Haulage,2026-03-10 14:30,2026-03-11 06:30
CLR-0170,Check documents,Documentation,2026-03-05 15:00,2026-03-05 16:00
CLR-0170,Submit customs declaration,Customs broker,2026-03-06 08:00,2026-03-06 10:00
CLR-0170,Duty assessment,Customs,2026-03-07 09:00,2026-03-07 10:00
CLR-0170,Confirm duty payment,Finance,2026-03-09 08:00,2026-03-09 08:30
CLR-0170,Release and gate-out,Terminal,2026-03-10 08:00,2026-03-10 09:00
CLR-0170,Deliver to customer,Haulage,2026-03-10 11:00,2026-03-11 03:00
CLR-0171,Check documents,Documentation,2026-03-05 08:00,2026-03-05 11:00
CLR-0171,Submit customs declaration,Customs broker,2026-03-06 09:00,2026-03-06 11:00
CLR-0171,Duty assessment,Customs,2026-03-07 14:00,2026-03-07 15:00
CLR-0171,Confirm duty payment,Finance,2026-03-10 09:00,2026-03-10 09:30
CLR-0171,Physical inspection,Customs,2026-03-12 08:30,2026-03-12 12:30
CLR-0171,Release and gate-out,Terminal,2026-03-13 13:30,2026-03-13 14:30
CLR-0171,Deliver to customer,Haulage,2026-03-14 08:00,2026-03-15 13:00
CLR-0172,Check documents,Documentation,2026-03-05 11:00,2026-03-05 14:00
CLR-0172,Request corrected documents,Documentation,2026-03-06 09:00,2026-03-06 09:30
CLR-0172,Re-check documents,Documentation,2026-03-09 16:30,2026-03-09 17:30
CLR-0172,Submit customs declaration,Customs broker,2026-03-10 08:00,2026-03-10 09:00
CLR-0172,Duty assessment,Customs,2026-03-11 08:00,2026-03-11 09:00
CLR-0172,Confirm duty payment,Finance,2026-03-14 09:00,2026-03-14 09:30
CLR-0172,Document review by customs,Customs,2026-03-15 08:30,2026-03-15 10:30
CLR-0172,Release and gate-out,Terminal,2026-03-17 09:00,2026-03-17 11:00
CLR-0172,Deliver to customer,Haulage,2026-03-18 08:00,2026-03-18 23:00
CLR-0173,Check documents,Documentation,2026-03-06 09:00,2026-03-06 10:00
CLR-0173,Submit customs declaration,Customs broker,2026-03-07 09:00,2026-03-07 11:00
CLR-0173,Duty assessment,Customs,2026-03-09 08:00,2026-03-09 09:00
CLR-0173,Confirm duty payment,Finance,2026-03-10 09:00,2026-03-10 09:30
CLR-0173,Document review by customs,Customs,2026-03-11 09:00,2026-03-11 11:00
CLR-0173,Release and gate-out,Terminal,2026-03-12 16:00,2026-03-12 18:00
CLR-0173,Deliver to customer,Haulage,2026-03-13 09:00,2026-03-14 07:00
CLR-0174,Check documents,Documentation,2026-03-05 12:00,2026-03-05 15:00
CLR-0174,Submit customs declaration,Customs broker,2026-03-06 09:00,2026-03-06 11:00
CLR-0174,Duty assessment,Customs,2026-03-08 08:00,2026-03-08 09:00
CLR-0174,Confirm duty payment,Finance,2026-03-09 08:00,2026-03-09 08:30
CLR-0174,Release and gate-out,Terminal,2026-03-10 08:00,2026-03-10 09:00
CLR-0174,Deliver to customer,Haulage,2026-03-10 15:00,2026-03-11 10:00
CLR-0175,Check documents,Documentation,2026-03-06 08:00,2026-03-06 10:00
CLR-0175,Submit customs declaration,Customs broker,2026-03-07 09:00,2026-03-07 11:00
CLR-0175,Duty assessment,Customs,2026-03-08 09:00,2026-03-08 10:00
CLR-0175,Confirm duty payment,Finance,2026-03-10 09:00,2026-03-10 09:30
CLR-0175,Physical inspection,Customs,2026-03-12 08:30,2026-03-12 12:30
CLR-0175,Release and gate-out,Terminal,2026-03-13 09:30,2026-03-13 10:30
CLR-0175,Deliver to customer,Haulage,2026-03-13 14:30,2026-03-13 19:30
CLR-0176,Check documents,Documentation,2026-03-06 09:00,2026-03-06 11:00
CLR-0176,Submit customs declaration,Customs broker,2026-03-07 08:00,2026-03-07 10:00
CLR-0176,Duty assessment,Customs,2026-03-09 08:00,2026-03-09 09:00
CLR-0176,Confirm duty payment,Finance,2026-03-10 09:00,2026-03-10 09:30
CLR-0176,Release and gate-out,Terminal,2026-03-12 08:00,2026-03-12 10:00
CLR-0176,Deliver to customer,Haulage,2026-03-12 14:00,2026-03-13 09:00
CLR-0177,Check documents,Documentation,2026-03-07 09:00,2026-03-07 10:00
CLR-0177,Submit customs declaration,Customs broker,2026-03-08 09:00,2026-03-08 11:00
CLR-0177,Duty assessment,Customs,2026-03-09 09:00,2026-03-09 10:00
CLR-0177,Confirm duty payment,Finance,2026-03-10 09:00,2026-03-10 09:30
CLR-0177,Release and gate-out,Terminal,2026-03-11 08:00,2026-03-11 09:00
CLR-0177,Deliver to customer,Haulage,2026-03-11 10:00,2026-03-12 04:00
CLR-0178,Check documents,Documentation,2026-03-07 09:00,2026-03-07 10:00
CLR-0178,Submit customs declaration,Customs broker,2026-03-08 08:00,2026-03-08 09:00
CLR-0178,Duty assessment,Customs,2026-03-09 08:00,2026-03-09 09:00
CLR-0178,Confirm duty payment,Finance,2026-03-10 10:00,2026-03-10 10:30
CLR-0178,Release and gate-out,Terminal,2026-03-11 09:30,2026-03-11 10:30
CLR-0178,Deliver to customer,Haulage,2026-03-11 13:30,2026-03-12 09:30
CLR-0179,Check documents,Documentation,2026-03-07 09:00,2026-03-07 10:00
CLR-0179,Submit customs declaration,Customs broker,2026-03-08 09:00,2026-03-08 11:00
CLR-0179,Duty assessment,Customs,2026-03-10 09:00,2026-03-10 10:00
CLR-0179,Confirm duty payment,Finance,2026-03-12 08:00,2026-03-12 08:30
CLR-0179,Release and gate-out,Terminal,2026-03-13 08:00,2026-03-13 09:00
CLR-0179,Deliver to customer,Haulage,2026-03-13 12:00,2026-03-14 11:00
CLR-0180,Check documents,Documentation,2026-03-08 09:00,2026-03-08 11:00
CLR-0180,Request corrected documents,Documentation,2026-03-08 12:00,2026-03-08 12:30
CLR-0180,Re-check documents,Documentation,2026-03-12 09:00,2026-03-12 10:00
CLR-0180,Submit customs declaration,Customs broker,2026-03-13 08:00,2026-03-13 10:00
CLR-0180,Duty assessment,Customs,2026-03-15 09:00,2026-03-15 10:00
CLR-0180,Confirm duty payment,Finance,2026-03-16 12:00,2026-03-16 12:30
CLR-0180,Document review by customs,Customs,2026-03-17 14:30,2026-03-17 16:30
CLR-0180,Release and gate-out,Terminal,2026-03-19 09:00,2026-03-19 11:00
CLR-0180,Deliver to customer,Haulage,2026-03-20 09:00,2026-03-21 11:00
CLR-0181,Check documents,Documentation,2026-03-07 11:00,2026-03-07 13:00
CLR-0181,Submit customs declaration,Customs broker,2026-03-08 08:00,2026-03-08 09:00
CLR-0181,Duty assessment,Customs,2026-03-10 08:00,2026-03-10 09:00
CLR-0181,Confirm duty payment,Finance,2026-03-12 09:00,2026-03-12 09:30
CLR-0181,Physical inspection,Customs,2026-03-14 11:30,2026-03-14 13:30
CLR-0181,Release and gate-out,Terminal,2026-03-15 08:00,2026-03-15 09:00
CLR-0181,Deliver to customer,Haulage,2026-03-15 10:00,2026-03-16 16:00
CLR-0182,Check documents,Documentation,2026-03-08 08:00,2026-03-08 10:00
CLR-0182,Request corrected documents,Documentation,2026-03-08 15:00,2026-03-08 15:30
CLR-0182,Re-check documents,Documentation,2026-03-12 13:30,2026-03-12 14:30
CLR-0182,Submit customs declaration,Customs broker,2026-03-13 09:00,2026-03-13 10:00
CLR-0182,Duty assessment,Customs,2026-03-14 08:00,2026-03-14 09:00
CLR-0182,Confirm duty payment,Finance,2026-03-16 09:00,2026-03-16 09:30
CLR-0182,Physical inspection,Customs,2026-03-18 09:00,2026-03-18 11:00
CLR-0182,Release and gate-out,Terminal,2026-03-20 09:00,2026-03-20 10:00
CLR-0182,Deliver to customer,Haulage,2026-03-20 11:00,2026-03-21 17:00
CLR-0183,Check documents,Documentation,2026-03-08 12:00,2026-03-08 14:00
CLR-0183,Submit customs declaration,Customs broker,2026-03-09 08:00,2026-03-09 09:00
CLR-0183,Duty assessment,Customs,2026-03-11 09:00,2026-03-11 10:00
CLR-0183,Confirm duty payment,Finance,2026-03-14 09:00,2026-03-14 09:30
CLR-0183,Document review by customs,Customs,2026-03-15 09:30,2026-03-15 11:30
CLR-0183,Release and gate-out,Terminal,2026-03-16 09:30,2026-03-16 10:30
CLR-0183,Deliver to customer,Haulage,2026-03-16 15:30,2026-03-17 15:30
CLR-0184,Check documents,Documentation,2026-03-09 08:00,2026-03-09 10:00
CLR-0184,Request corrected documents,Documentation,2026-03-09 11:00,2026-03-09 11:30
CLR-0184,Re-check documents,Documentation,2026-03-11 14:30,2026-03-11 15:30
CLR-0184,Submit customs declaration,Customs broker,2026-03-12 10:30,2026-03-12 12:30
CLR-0184,Duty assessment,Customs,2026-03-14 09:00,2026-03-14 10:00
CLR-0184,Confirm duty payment,Finance,2026-03-15 09:00,2026-03-15 09:30
CLR-0184,Physical inspection,Customs,2026-03-16 15:30,2026-03-16 19:30
CLR-0184,Release and gate-out,Terminal,2026-03-18 09:00,2026-03-18 11:00
CLR-0184,Deliver to customer,Haulage,2026-03-19 08:00,2026-03-20 09:00
CLR-0185,Check documents,Documentation,2026-03-09 09:00,2026-03-09 11:00
CLR-0185,Submit customs declaration,Customs broker,2026-03-10 08:00,2026-03-10 09:00
CLR-0185,Duty assessment,Customs,2026-03-11 08:00,2026-03-11 09:00
CLR-0185,Confirm duty payment,Finance,2026-03-13 16:00,2026-03-13 16:30
CLR-0185,Release and gate-out,Terminal,2026-03-14 08:30,2026-03-14 10:30
CLR-0185,Deliver to customer,Haulage,2026-03-14 14:30,2026-03-14 18:30
CLR-0186,Check documents,Documentation,2026-03-09 08:00,2026-03-09 10:00
CLR-0186,Submit customs declaration,Customs broker,2026-03-09 14:00,2026-03-09 16:00
CLR-0186,Duty assessment,Customs,2026-03-10 08:00,2026-03-10 09:00
CLR-0186,Confirm duty payment,Finance,2026-03-12 09:00,2026-03-12 09:30
CLR-0186,Physical inspection,Customs,2026-03-13 15:30,2026-03-13 17:30
CLR-0186,Release and gate-out,Terminal,2026-03-14 11:30,2026-03-14 13:30
CLR-0186,Deliver to customer,Haulage,2026-03-14 14:30,2026-03-15 12:30
CLR-0187,Check documents,Documentation,2026-03-09 13:00,2026-03-09 16:00
CLR-0187,Submit customs declaration,Customs broker,2026-03-10 11:00,2026-03-10 13:00
CLR-0187,Duty assessment,Customs,2026-03-11 09:00,2026-03-11 10:00
CLR-0187,Confirm duty payment,Finance,2026-03-13 09:00,2026-03-13 09:30
CLR-0187,Physical inspection,Customs,2026-03-15 08:00,2026-03-15 10:00
CLR-0187,Release and gate-out,Terminal,2026-03-16 08:00,2026-03-16 10:00
CLR-0187,Deliver to customer,Haulage,2026-03-16 13:00,2026-03-16 19:00
CLR-0188,Check documents,Documentation,2026-03-10 09:00,2026-03-10 12:00
CLR-0188,Submit customs declaration,Customs broker,2026-03-10 16:00,2026-03-10 17:00
CLR-0188,Duty assessment,Customs,2026-03-11 08:00,2026-03-11 09:00
CLR-0188,Confirm duty payment,Finance,2026-03-14 09:00,2026-03-14 09:30
CLR-0188,Physical inspection,Customs,2026-03-16 09:00,2026-03-16 13:00
CLR-0188,Release and gate-out,Terminal,2026-03-17 11:00,2026-03-17 13:00
CLR-0188,Deliver to customer,Haulage,2026-03-17 16:00,2026-03-18 09:00
CLR-0189,Check documents,Documentation,2026-03-10 11:00,2026-03-10 14:00
CLR-0189,Submit customs declaration,Customs broker,2026-03-11 09:00,2026-03-11 11:00
CLR-0189,Duty assessment,Customs,2026-03-13 08:00,2026-03-13 09:00
CLR-0189,Confirm duty payment,Finance,2026-03-15 11:00,2026-03-15 11:30
CLR-0189,Document review by customs,Customs,2026-03-16 09:00,2026-03-16 11:00
CLR-0189,Release and gate-out,Terminal,2026-03-17 09:00,2026-03-17 10:00
CLR-0189,Deliver to customer,Haulage,2026-03-17 14:00,2026-03-17 22:00
CLR-0190,Check documents,Documentation,2026-03-10 09:00,2026-03-10 10:00
CLR-0190,Submit customs declaration,Customs broker,2026-03-11 08:00,2026-03-11 09:00
CLR-0190,Duty assessment,Customs,2026-03-12 08:00,2026-03-12 09:00
CLR-0190,Confirm duty payment,Finance,2026-03-13 08:00,2026-03-13 08:30
CLR-0190,Physical inspection,Customs,2026-03-15 09:00,2026-03-15 12:00
CLR-0190,Release and gate-out,Terminal,2026-03-16 14:00,2026-03-16 16:00
CLR-0190,Deliver to customer,Haulage,2026-03-17 08:00,2026-03-17 22:00
CLR-0191,Check documents,Documentation,2026-03-11 09:00,2026-03-11 12:00
CLR-0191,Submit customs declaration,Customs broker,2026-03-12 09:00,2026-03-12 11:00
CLR-0191,Duty assessment,Customs,2026-03-14 08:00,2026-03-14 09:00
CLR-0191,Confirm duty payment,Finance,2026-03-15 08:00,2026-03-15 08:30
CLR-0191,Physical inspection,Customs,2026-03-17 10:30,2026-03-17 14:30
CLR-0191,Release and gate-out,Terminal,2026-03-18 09:00,2026-03-18 10:00
CLR-0191,Deliver to customer,Haulage,2026-03-18 13:00,2026-03-19 07:00
CLR-0192,Check documents,Documentation,2026-03-13 09:00,2026-03-13 10:00
CLR-0192,Submit customs declaration,Customs broker,2026-03-14 08:00,2026-03-14 09:00
CLR-0192,Duty assessment,Customs,2026-03-15 15:00,2026-03-15 16:00
CLR-0192,Confirm duty payment,Finance,2026-03-17 08:00,2026-03-17 08:30
CLR-0192,Document review by customs,Customs,2026-03-17 16:30,2026-03-17 18:30
CLR-0192,Release and gate-out,Terminal,2026-03-18 09:00,2026-03-18 10:00
CLR-0192,Deliver to customer,Haulage,2026-03-18 13:00,2026-03-19 09:00
CLR-0193,Check documents,Documentation,2026-03-12 15:00,2026-03-12 18:00
CLR-0193,Submit customs declaration,Customs broker,2026-03-13 08:00,2026-03-13 10:00
CLR-0193,Duty assessment,Customs,2026-03-14 09:00,2026-03-14 10:00
CLR-0193,Confirm duty payment,Finance,2026-03-15 08:00,2026-03-15 08:30
CLR-0193,Release and gate-out,Terminal,2026-03-16 09:00,2026-03-16 10:00
CLR-0193,Deliver to customer,Haulage,2026-03-16 12:00,2026-03-17 05:00
CLR-0194,Check documents,Documentation,2026-03-13 08:00,2026-03-13 11:00
CLR-0194,Request corrected documents,Documentation,2026-03-13 12:00,2026-03-13 12:30
CLR-0194,Re-check documents,Documentation,2026-03-16 08:00,2026-03-16 09:00
CLR-0194,Submit customs declaration,Customs broker,2026-03-16 14:00,2026-03-16 16:00
CLR-0194,Duty assessment,Customs,2026-03-17 09:00,2026-03-17 10:00
CLR-0194,Confirm duty payment,Finance,2026-03-18 08:00,2026-03-18 08:30
CLR-0194,Physical inspection,Customs,2026-03-20 09:00,2026-03-20 11:00
CLR-0194,Release and gate-out,Terminal,2026-03-21 09:00,2026-03-21 10:00
CLR-0194,Deliver to customer,Haulage,2026-03-21 14:00,2026-03-22 14:00
CLR-0195,Check documents,Documentation,2026-03-13 09:00,2026-03-13 11:00
CLR-0195,Request corrected documents,Documentation,2026-03-13 16:00,2026-03-13 16:30
CLR-0195,Re-check documents,Documentation,2026-03-17 08:00,2026-03-17 09:00
CLR-0195,Submit customs declaration,Customs broker,2026-03-18 08:00,2026-03-18 10:00
CLR-0195,Duty assessment,Customs,2026-03-19 09:00,2026-03-19 10:00
CLR-0195,Confirm duty payment,Finance,2026-03-22 08:00,2026-03-22 08:30
CLR-0195,Release and gate-out,Terminal,2026-03-23 15:30,2026-03-23 17:30
CLR-0195,Deliver to customer,Haulage,2026-03-24 09:00,2026-03-25 02:00
CLR-0196,Check documents,Documentation,2026-03-13 09:00,2026-03-13 11:00
CLR-0196,Submit customs declaration,Customs broker,2026-03-14 08:00,2026-03-14 10:00
CLR-0196,Duty assessment,Customs,2026-03-15 08:00,2026-03-15 09:00
CLR-0196,Confirm duty payment,Finance,2026-03-17 09:00,2026-03-17 09:30
CLR-0196,Physical inspection,Customs,2026-03-19 10:30,2026-03-19 13:30
CLR-0196,Release and gate-out,Terminal,2026-03-21 08:00,2026-03-21 09:00
CLR-0196,Deliver to customer,Haulage,2026-03-21 10:00,2026-03-22 09:00
CLR-0197,Check documents,Documentation,2026-03-13 09:00,2026-03-13 11:00
CLR-0197,Submit customs declaration,Customs broker,2026-03-14 09:00,2026-03-14 11:00
CLR-0197,Duty assessment,Customs,2026-03-15 16:00,2026-03-15 17:00
CLR-0197,Confirm duty payment,Finance,2026-03-17 13:00,2026-03-17 13:30
CLR-0197,Release and gate-out,Terminal,2026-03-18 14:30,2026-03-18 16:30
CLR-0197,Deliver to customer,Haulage,2026-03-19 09:00,2026-03-20 02:00
CLR-0198,Check documents,Documentation,2026-03-15 08:00,2026-03-15 10:00
CLR-0198,Submit customs declaration,Customs broker,2026-03-16 08:00,2026-03-16 10:00
CLR-0198,Duty assessment,Customs,2026-03-18 08:00,2026-03-18 09:00
CLR-0198,Confirm duty payment,Finance,2026-03-19 09:00,2026-03-19 09:30
CLR-0198,Physical inspection,Customs,2026-03-21 09:00,2026-03-21 13:00
CLR-0198,Release and gate-out,Terminal,2026-03-22 13:00,2026-03-22 15:00
CLR-0198,Deliver to customer,Haulage,2026-03-23 08:00,2026-03-24 10:00
CLR-0199,Check documents,Documentation,2026-03-14 08:00,2026-03-14 10:00
CLR-0199,Request corrected documents,Documentation,2026-03-14 15:00,2026-03-14 15:30
CLR-0199,Re-check documents,Documentation,2026-03-18 08:00,2026-03-18 09:00
CLR-0199,Submit customs declaration,Customs broker,2026-03-19 08:00,2026-03-19 09:00
CLR-0199,Duty assessment,Customs,2026-03-20 10:00,2026-03-20 11:00
CLR-0199,Confirm duty payment,Finance,2026-03-21 13:00,2026-03-21 13:30
CLR-0199,Document review by customs,Customs,2026-03-22 12:30,2026-03-22 14:30
CLR-0199,Release and gate-out,Terminal,2026-03-23 08:00,2026-03-23 10:00
CLR-0199,Deliver to customer,Haulage,2026-03-23 13:00,2026-03-23 23:00
CLR-0200,Check documents,Documentation,2026-03-14 10:00,2026-03-14 11:00
CLR-0200,Request corrected documents,Documentation,2026-03-14 16:00,2026-03-14 16:30
CLR-0200,Re-check documents,Documentation,2026-03-17 10:30,2026-03-17 11:30
CLR-0200,Submit customs declaration,Customs broker,2026-03-18 08:00,2026-03-18 09:00
CLR-0200,Duty assessment,Customs,2026-03-19 09:00,2026-03-19 10:00
CLR-0200,Confirm duty payment,Finance,2026-03-21 08:00,2026-03-21 08:30
CLR-0200,Physical inspection,Customs,2026-03-23 09:00,2026-03-23 12:00
CLR-0200,Release and gate-out,Terminal,2026-03-24 09:00,2026-03-24 11:00
CLR-0200,Deliver to customer,Haulage,2026-03-25 08:00,2026-03-25 19:00
CLR-0201,Check documents,Documentation,2026-03-15 08:00,2026-03-15 10:00
CLR-0201,Submit customs declaration,Customs broker,2026-03-16 08:00,2026-03-16 10:00
CLR-0201,Duty assessment,Customs,2026-03-17 16:00,2026-03-17 17:00
CLR-0201,Confirm duty payment,Finance,2026-03-19 11:00,2026-03-19 11:30
CLR-0201,Physical inspection,Customs,2026-03-20 16:30,2026-03-20 19:30
CLR-0201,Release and gate-out,Terminal,2026-03-22 08:00,2026-03-22 10:00
CLR-0201,Deliver to customer,Haulage,2026-03-22 14:00,2026-03-22 20:00
CLR-0202,Check documents,Documentation,2026-03-15 08:00,2026-03-15 09:00
CLR-0202,Submit customs declaration,Customs broker,2026-03-16 08:00,2026-03-16 09:00
CLR-0202,Duty assessment,Customs,2026-03-18 08:00,2026-03-18 09:00
CLR-0202,Confirm duty payment,Finance,2026-03-21 08:00,2026-03-21 08:30
CLR-0202,Release and gate-out,Terminal,2026-03-22 08:00,2026-03-22 10:00
CLR-0202,Deliver to customer,Haulage,2026-03-22 15:00,2026-03-23 17:00
CLR-0203,Check documents,Documentation,2026-03-15 08:00,2026-03-15 10:00
CLR-0203,Submit customs declaration,Customs broker,2026-03-16 09:00,2026-03-16 10:00
CLR-0203,Duty assessment,Customs,2026-03-17 10:00,2026-03-17 11:00
CLR-0203,Confirm duty payment,Finance,2026-03-18 08:00,2026-03-18 08:30
CLR-0203,Release and gate-out,Terminal,2026-03-19 09:00,2026-03-19 11:00
CLR-0203,Deliver to customer,Haulage,2026-03-19 12:00,2026-03-20 08:00
CLR-0204,Check documents,Documentation,2026-03-15 09:00,2026-03-15 10:00
CLR-0204,Request corrected documents,Documentation,2026-03-15 14:00,2026-03-15 14:30
CLR-0204,Re-check documents,Documentation,2026-03-19 09:00,2026-03-19 10:00
CLR-0204,Submit customs declaration,Customs broker,2026-03-19 15:00,2026-03-19 17:00
CLR-0204,Duty assessment,Customs,2026-03-21 09:00,2026-03-21 10:00
CLR-0204,Confirm duty payment,Finance,2026-03-24 08:00,2026-03-24 08:30
CLR-0204,Physical inspection,Customs,2026-03-26 08:00,2026-03-26 12:00
CLR-0204,Release and gate-out,Terminal,2026-03-27 12:00,2026-03-27 14:00
CLR-0204,Deliver to customer,Haulage,2026-03-27 15:00,2026-03-27 19:00
CLR-0205,Check documents,Documentation,2026-03-16 14:00,2026-03-16 15:00
CLR-0205,Submit customs declaration,Customs broker,2026-03-17 09:00,2026-03-17 11:00
CLR-0205,Duty assessment,Customs,2026-03-19 09:00,2026-03-19 10:00
CLR-0205,Confirm duty payment,Finance,2026-03-20 08:00,2026-03-20 08:30
CLR-0205,Release and gate-out,Terminal,2026-03-21 09:30,2026-03-21 10:30
CLR-0205,Deliver to customer,Haulage,2026-03-21 11:30,2026-03-22 12:30
CLR-0206,Check documents,Documentation,2026-03-17 08:00,2026-03-17 09:00
CLR-0206,Request corrected documents,Documentation,2026-03-17 10:00,2026-03-17 10:30
CLR-0206,Re-check documents,Documentation,2026-03-19 08:00,2026-03-19 09:00
CLR-0206,Request corrected documents,Documentation,2026-03-19 14:00,2026-03-19 14:30
CLR-0206,Re-check documents,Documentation,2026-03-21 09:00,2026-03-21 10:00
CLR-0206,Submit customs declaration,Customs broker,2026-03-22 08:00,2026-03-22 09:00
CLR-0206,Duty assessment,Customs,2026-03-23 11:00,2026-03-23 12:00
CLR-0206,Confirm duty payment,Finance,2026-03-25 08:00,2026-03-25 08:30
CLR-0206,Document review by customs,Customs,2026-03-26 09:30,2026-03-26 11:30
CLR-0206,Release and gate-out,Terminal,2026-03-27 16:30,2026-03-27 17:30
CLR-0206,Deliver to customer,Haulage,2026-03-28 08:00,2026-03-29 13:00
CLR-0207,Check documents,Documentation,2026-03-17 15:00,2026-03-17 18:00
CLR-0207,Submit customs declaration,Customs broker,2026-03-18 09:00,2026-03-18 11:00
CLR-0207,Duty assessment,Customs,2026-03-19 11:00,2026-03-19 12:00
CLR-0207,Confirm duty payment,Finance,2026-03-21 08:00,2026-03-21 08:30
CLR-0207,Document review by customs,Customs,2026-03-22 08:30,2026-03-22 10:30
CLR-0207,Release and gate-out,Terminal,2026-03-23 09:00,2026-03-23 11:00
CLR-0207,Deliver to customer,Haulage,2026-03-23 13:00,2026-03-24 10:00
CLR-0208,Check documents,Documentation,2026-03-16 13:00,2026-03-16 14:00
CLR-0208,Request corrected documents,Documentation,2026-03-17 09:00,2026-03-17 09:30
CLR-0208,Re-check documents,Documentation,2026-03-21 09:00,2026-03-21 10:00
CLR-0208,Submit customs declaration,Customs broker,2026-03-22 08:00,2026-03-22 10:00
CLR-0208,Duty assessment,Customs,2026-03-23 13:00,2026-03-23 14:00
CLR-0208,Confirm duty payment,Finance,2026-03-25 09:00,2026-03-25 09:30
CLR-0208,Physical inspection,Customs,2026-03-27 09:00,2026-03-27 13:00
CLR-0208,Release and gate-out,Terminal,2026-03-28 08:00,2026-03-28 09:00
CLR-0208,Deliver to customer,Haulage,2026-03-28 11:00,2026-03-28 20:00
CLR-0209,Check documents,Documentation,2026-03-17 10:00,2026-03-17 13:00
CLR-0209,Request corrected documents,Documentation,2026-03-18 08:00,2026-03-18 08:30
CLR-0209,Re-check documents,Documentation,2026-03-20 11:30,2026-03-20 12:30
CLR-0209,Submit customs declaration,Customs broker,2026-03-21 08:30,2026-03-21 09:30
CLR-0209,Duty assessment,Customs,2026-03-22 09:00,2026-03-22 10:00
CLR-0209,Confirm duty payment,Finance,2026-03-25 09:00,2026-03-25 09:30
CLR-0209,Release and gate-out,Terminal,2026-03-26 15:30,2026-03-26 16:30
CLR-0209,Deliver to customer,Haulage,2026-03-27 08:00,2026-03-27 23:00
CLR-0210,Check documents,Documentation,2026-03-18 09:00,2026-03-18 10:00
CLR-0210,Request corrected documents,Documentation,2026-03-18 12:00,2026-03-18 12:30
CLR-0210,Re-check documents,Documentation,2026-03-21 13:30,2026-03-21 14:30
CLR-0210,Submit customs declaration,Customs broker,2026-03-22 08:30,2026-03-22 10:30
CLR-0210,Duty assessment,Customs,2026-03-23 12:30,2026-03-23 13:30
CLR-0210,Confirm duty payment,Finance,2026-03-25 14:30,2026-03-25 15:00
CLR-0210,Document review by customs,Customs,2026-03-26 09:00,2026-03-26 11:00
CLR-0210,Release and gate-out,Terminal,2026-03-27 09:00,2026-03-27 10:00
CLR-0210,Deliver to customer,Haulage,2026-03-27 16:00,2026-03-28 13:00
CLR-0211,Check documents,Documentation,2026-03-19 08:00,2026-03-19 10:00
CLR-0211,Submit customs declaration,Customs broker,2026-03-20 08:00,2026-03-20 09:00
CLR-0211,Duty assessment,Customs,2026-03-21 08:00,2026-03-21 09:00
CLR-0211,Confirm duty payment,Finance,2026-03-23 09:00,2026-03-23 09:30
CLR-0211,Physical inspection,Customs,2026-03-24 14:30,2026-03-24 16:30
CLR-0211,Release and gate-out,Terminal,2026-03-26 09:00,2026-03-26 10:00
CLR-0211,Deliver to customer,Haulage,2026-03-26 13:00,2026-03-27 16:00
CLR-0212,Check documents,Documentation,2026-03-20 08:00,2026-03-20 09:00
CLR-0212,Request corrected documents,Documentation,2026-03-20 13:00,2026-03-20 13:30
CLR-0212,Re-check documents,Documentation,2026-03-24 11:30,2026-03-24 12:30
CLR-0212,Submit customs declaration,Customs broker,2026-03-25 08:00,2026-03-25 09:00
CLR-0212,Duty assessment,Customs,2026-03-27 08:00,2026-03-27 09:00
CLR-0212,Confirm duty payment,Finance,2026-03-29 16:00,2026-03-29 16:30
CLR-0212,Release and gate-out,Terminal,2026-03-30 09:00,2026-03-30 11:00
CLR-0212,Deliver to customer,Haulage,2026-03-30 16:00,2026-03-31 21:00
CLR-0213,Check documents,Documentation,2026-03-21 08:00,2026-03-21 09:00
CLR-0213,Request corrected documents,Documentation,2026-03-21 11:00,2026-03-21 11:30
CLR-0213,Re-check documents,Documentation,2026-03-24 15:30,2026-03-24 16:30
CLR-0213,Request corrected documents,Documentation,2026-03-25 09:00,2026-03-25 09:30
CLR-0213,Re-check documents,Documentation,2026-03-26 13:30,2026-03-26 14:30
CLR-0213,Submit customs declaration,Customs broker,2026-03-27 09:00,2026-03-27 10:00
CLR-0213,Duty assessment,Customs,2026-03-28 10:00,2026-03-28 11:00
CLR-0213,Confirm duty payment,Finance,2026-03-31 09:00,2026-03-31 09:30
CLR-0213,Release and gate-out,Terminal,2026-04-01 09:00,2026-04-01 11:00
CLR-0213,Deliver to customer,Haulage,2026-04-01 13:00,2026-04-02 11:00
CLR-0214,Check documents,Documentation,2026-03-21 08:00,2026-03-21 11:00
CLR-0214,Request corrected documents,Documentation,2026-03-21 13:00,2026-03-21 13:30
CLR-0214,Re-check documents,Documentation,2026-03-23 14:30,2026-03-23 15:30
CLR-0214,Submit customs declaration,Customs broker,2026-03-24 08:30,2026-03-24 10:30
CLR-0214,Duty assessment,Customs,2026-03-25 09:00,2026-03-25 10:00
CLR-0214,Confirm duty payment,Finance,2026-03-27 09:00,2026-03-27 09:30
CLR-0214,Physical inspection,Customs,2026-03-28 12:30,2026-03-28 15:30
CLR-0214,Release and gate-out,Terminal,2026-03-29 13:30,2026-03-29 14:30
CLR-0214,Deliver to customer,Haulage,2026-03-30 09:00,2026-03-30 13:00
CLR-0215,Check documents,Documentation,2026-03-20 09:00,2026-03-20 10:00
CLR-0215,Submit customs declaration,Customs broker,2026-03-20 14:00,2026-03-20 16:00
CLR-0215,Duty assessment,Customs,2026-03-21 09:00,2026-03-21 10:00
CLR-0215,Confirm duty payment,Finance,2026-03-23 08:00,2026-03-23 08:30
CLR-0215,Physical inspection,Customs,2026-03-24 08:00,2026-03-24 10:00
CLR-0215,Release and gate-out,Terminal,2026-03-25 09:00,2026-03-25 11:00
CLR-0215,Deliver to customer,Haulage,2026-03-26 09:00,2026-03-26 20:00
CLR-0216,Check documents,Documentation,2026-03-20 16:00,2026-03-20 19:00
CLR-0216,Request corrected documents,Documentation,2026-03-21 08:00,2026-03-21 08:30
CLR-0216,Re-check documents,Documentation,2026-03-25 09:00,2026-03-25 10:00
CLR-0216,Submit customs declaration,Customs broker,2026-03-26 08:00,2026-03-26 09:00
CLR-0216,Duty assessment,Customs,2026-03-28 09:00,2026-03-28 10:00
CLR-0216,Confirm duty payment,Finance,2026-03-29 08:00,2026-03-29 08:30
CLR-0216,Document review by customs,Customs,2026-03-30 08:00,2026-03-30 10:00
CLR-0216,Release and gate-out,Terminal,2026-03-31 12:00,2026-03-31 13:00
CLR-0216,Deliver to customer,Haulage,2026-03-31 16:00,2026-04-01 15:00
CLR-0217,Check documents,Documentation,2026-03-20 14:00,2026-03-20 17:00
CLR-0217,Submit customs declaration,Customs broker,2026-03-21 11:00,2026-03-21 12:00
CLR-0217,Duty assessment,Customs,2026-03-23 09:00,2026-03-23 10:00
CLR-0217,Confirm duty payment,Finance,2026-03-24 16:00,2026-03-24 16:30
CLR-0217,Release and gate-out,Terminal,2026-03-25 09:00,2026-03-25 11:00
CLR-0217,Deliver to customer,Haulage,2026-03-25 14:00,2026-03-26 16:00
CLR-0218,Check documents,Documentation,2026-03-20 11:00,2026-03-20 14:00
CLR-0218,Submit customs declaration,Customs broker,2026-03-21 08:00,2026-03-21 09:00
CLR-0218,Duty assessment,Customs,2026-03-22 09:00,2026-03-22 10:00
CLR-0218,Confirm duty payment,Finance,2026-03-24 09:00,2026-03-24 09:30
CLR-0218,Document review by customs,Customs,2026-03-25 09:00,2026-03-25 11:00
CLR-0218,Release and gate-out,Terminal,2026-03-26 09:00,2026-03-26 10:00
CLR-0218,Deliver to customer,Haulage,2026-03-26 12:00,2026-03-26 18:00
CLR-0219,Check documents,Documentation,2026-03-22 08:00,2026-03-22 10:00
CLR-0219,Submit customs declaration,Customs broker,2026-03-22 13:00,2026-03-22 14:00
CLR-0219,Duty assessment,Customs,2026-03-23 08:00,2026-03-23 09:00
CLR-0219,Confirm duty payment,Finance,2026-03-25 08:00,2026-03-25 08:30
CLR-0219,Physical inspection,Customs,2026-03-27 08:00,2026-03-27 12:00
CLR-0219,Release and gate-out,Terminal,2026-03-28 11:00,2026-03-28 13:00
CLR-0219,Deliver to customer,Haulage,2026-03-28 16:00,2026-03-29 07:00
CLR-0220,Check documents,Documentation,2026-03-22 08:00,2026-03-22 10:00
CLR-0220,Submit customs declaration,Customs broker,2026-03-23 09:00,2026-03-23 11:00
CLR-0220,Duty assessment,Customs,2026-03-24 08:00,2026-03-24 09:00
CLR-0220,Confirm duty payment,Finance,2026-03-25 13:00,2026-03-25 13:30
CLR-0220,Physical inspection,Customs,2026-03-27 08:00,2026-03-27 11:00
CLR-0220,Release and gate-out,Terminal,2026-03-28 08:00,2026-03-28 09:00
CLR-0220,Deliver to customer,Haulage,2026-03-28 12:00,2026-03-29 04:00
CLR-0221,Check documents,Documentation,2026-03-22 09:00,2026-03-22 10:00
CLR-0221,Submit customs declaration,Customs broker,2026-03-23 08:00,2026-03-23 10:00
CLR-0221,Duty assessment,Customs,2026-03-25 08:00,2026-03-25 09:00
CLR-0221,Confirm duty payment,Finance,2026-03-28 08:00,2026-03-28 08:30
CLR-0221,Release and gate-out,Terminal,2026-03-29 15:30,2026-03-29 17:30
CLR-0221,Deliver to customer,Haulage,2026-03-30 08:00,2026-03-30 22:00
CLR-0222,Check documents,Documentation,2026-03-22 09:00,2026-03-22 11:00
CLR-0222,Submit customs declaration,Customs broker,2026-03-23 08:00,2026-03-23 10:00
CLR-0222,Duty assessment,Customs,2026-03-24 16:00,2026-03-24 17:00
CLR-0222,Confirm duty payment,Finance,2026-03-27 09:00,2026-03-27 09:30
CLR-0222,Physical inspection,Customs,2026-03-29 08:00,2026-03-29 12:00
CLR-0222,Release and gate-out,Terminal,2026-03-30 08:00,2026-03-30 10:00
CLR-0222,Deliver to customer,Haulage,2026-03-30 12:00,2026-03-31 00:00
CLR-0223,Check documents,Documentation,2026-03-21 16:00,2026-03-21 18:00
CLR-0223,Submit customs declaration,Customs broker,2026-03-22 08:00,2026-03-22 09:00
CLR-0223,Duty assessment,Customs,2026-03-23 08:00,2026-03-23 09:00
CLR-0223,Confirm duty payment,Finance,2026-03-26 08:00,2026-03-26 08:30
CLR-0223,Physical inspection,Customs,2026-03-28 09:00,2026-03-28 12:00
CLR-0223,Release and gate-out,Terminal,2026-03-29 14:00,2026-03-29 16:00
CLR-0223,Deliver to customer,Haulage,2026-03-30 09:00,2026-03-31 08:00
CLR-0224,Check documents,Documentation,2026-03-22 14:00,2026-03-22 15:00
CLR-0224,Submit customs declaration,Customs broker,2026-03-23 09:00,2026-03-23 11:00
CLR-0224,Duty assessment,Customs,2026-03-25 08:00,2026-03-25 09:00
CLR-0224,Confirm duty payment,Finance,2026-03-26 08:00,2026-03-26 08:30
CLR-0224,Release and gate-out,Terminal,2026-03-28 09:00,2026-03-28 10:00
CLR-0224,Deliver to customer,Haulage,2026-03-28 16:00,2026-03-28 23:00
CLR-0225,Check documents,Documentation,2026-03-25 09:00,2026-03-25 11:00
CLR-0225,Request corrected documents,Documentation,2026-03-25 14:00,2026-03-25 14:30
CLR-0225,Re-check documents,Documentation,2026-03-29 09:00,2026-03-29 10:00
CLR-0225,Submit customs declaration,Customs broker,2026-03-30 09:00,2026-03-30 11:00
CLR-0225,Duty assessment,Customs,2026-03-31 10:00,2026-03-31 11:00
CLR-0225,Confirm duty payment,Finance,2026-04-02 08:00,2026-04-02 08:30
CLR-0225,Physical inspection,Customs,2026-04-04 08:00,2026-04-04 12:00
CLR-0225,Release and gate-out,Terminal,2026-04-05 08:00,2026-04-05 09:00
CLR-0225,Deliver to customer,Haulage,2026-04-05 12:00,2026-04-06 07:00
CLR-0226,Check documents,Documentation,2026-03-24 08:00,2026-03-24 11:00
CLR-0226,Submit customs declaration,Customs broker,2026-03-24 14:00,2026-03-24 16:00
CLR-0226,Duty assessment,Customs,2026-03-25 09:00,2026-03-25 10:00
CLR-0226,Confirm duty payment,Finance,2026-03-26 08:00,2026-03-26 08:30
CLR-0226,Physical inspection,Customs,2026-03-28 12:30,2026-03-28 16:30
CLR-0226,Release and gate-out,Terminal,2026-03-29 08:00,2026-03-29 09:00
CLR-0226,Deliver to customer,Haulage,2026-03-29 15:00,2026-03-29 22:00
CLR-0227,Check documents,Documentation,2026-03-24 08:00,2026-03-24 09:00
CLR-0227,Submit customs declaration,Customs broker,2026-03-25 09:00,2026-03-25 10:00
CLR-0227,Duty assessment,Customs,2026-03-27 08:00,2026-03-27 09:00
CLR-0227,Confirm duty payment,Finance,2026-03-28 08:00,2026-03-28 08:30
CLR-0227,Document review by customs,Customs,2026-03-29 09:00,2026-03-29 11:00
CLR-0227,Release and gate-out,Terminal,2026-03-30 15:00,2026-03-30 16:00
CLR-0227,Deliver to customer,Haulage,2026-03-31 09:00,2026-04-01 11:00
CLR-0228,Check documents,Documentation,2026-03-24 08:00,2026-03-24 10:00
CLR-0228,Submit customs declaration,Customs broker,2026-03-25 09:00,2026-03-25 11:00
CLR-0228,Duty assessment,Customs,2026-03-27 08:00,2026-03-27 09:00
CLR-0228,Confirm duty payment,Finance,2026-03-28 16:00,2026-03-28 16:30
CLR-0228,Physical inspection,Customs,2026-03-31 09:00,2026-03-31 13:00
CLR-0228,Release and gate-out,Terminal,2026-04-02 08:00,2026-04-02 09:00
CLR-0228,Deliver to customer,Haulage,2026-04-02 11:00,2026-04-02 22:00
CLR-0229,Check documents,Documentation,2026-03-24 08:00,2026-03-24 11:00
CLR-0229,Request corrected documents,Documentation,2026-03-24 12:00,2026-03-24 12:30
CLR-0229,Re-check documents,Documentation,2026-03-26 08:00,2026-03-26 09:00
CLR-0229,Submit customs declaration,Customs broker,2026-03-27 08:00,2026-03-27 09:00
CLR-0229,Duty assessment,Customs,2026-03-28 13:00,2026-03-28 14:00
CLR-0229,Confirm duty payment,Finance,2026-03-31 09:00,2026-03-31 09:30
CLR-0229,Document review by customs,Customs,2026-04-01 08:00,2026-04-01 10:00
CLR-0229,Release and gate-out,Terminal,2026-04-02 16:00,2026-04-02 18:00
CLR-0229,Deliver to customer,Haulage,2026-04-03 09:00,2026-04-04 11:00
CLR-0230,Check documents,Documentation,2026-03-24 11:00,2026-03-24 13:00
CLR-0230,Request corrected documents,Documentation,2026-03-25 08:00,2026-03-25 08:30
CLR-0230,Re-check documents,Documentation,2026-03-27 08:00,2026-03-27 09:00
CLR-0230,Request corrected documents,Documentation,2026-03-27 15:00,2026-03-27 15:30
CLR-0230,Re-check documents,Documentation,2026-03-30 10:30,2026-03-30 11:30
CLR-0230,Submit customs declaration,Customs broker,2026-03-31 09:00,2026-03-31 11:00
CLR-0230,Duty assessment,Customs,2026-04-02 08:00,2026-04-02 09:00
CLR-0230,Confirm duty payment,Finance,2026-04-04 09:00,2026-04-04 09:30
CLR-0230,Document review by customs,Customs,2026-04-05 08:00,2026-04-05 10:00
CLR-0230,Release and gate-out,Terminal,2026-04-06 08:00,2026-04-06 10:00
CLR-0230,Deliver to customer,Haulage,2026-04-06 11:00,2026-04-07 04:00
CLR-0231,Check documents,Documentation,2026-03-26 13:00,2026-03-26 15:00
CLR-0231,Request corrected documents,Documentation,2026-03-27 08:00,2026-03-27 08:30
CLR-0231,Re-check documents,Documentation,2026-03-29 14:30,2026-03-29 15:30
CLR-0231,Submit customs declaration,Customs broker,2026-03-30 09:00,2026-03-30 11:00
CLR-0231,Duty assessment,Customs,2026-04-01 08:00,2026-04-01 09:00
CLR-0231,Confirm duty payment,Finance,2026-04-02 09:00,2026-04-02 09:30
CLR-0231,Physical inspection,Customs,2026-04-03 14:30,2026-04-03 18:30
CLR-0231,Release and gate-out,Terminal,2026-04-04 09:00,2026-04-04 11:00
CLR-0231,Deliver to customer,Haulage,2026-04-04 14:00,2026-04-05 03:00
CLR-0232,Check documents,Documentation,2026-03-26 11:00,2026-03-26 12:00
CLR-0232,Submit customs declaration,Customs broker,2026-03-27 09:00,2026-03-27 10:00
CLR-0232,Duty assessment,Customs,2026-03-28 09:00,2026-03-28 10:00
CLR-0232,Confirm duty payment,Finance,2026-03-29 08:00,2026-03-29 08:30
CLR-0232,Release and gate-out,Terminal,2026-03-30 09:30,2026-03-30 11:30
CLR-0232,Deliver to customer,Haulage,2026-03-30 15:30,2026-03-31 04:30
CLR-0233,Check documents,Documentation,2026-03-26 09:00,2026-03-26 10:00
CLR-0233,Submit customs declaration,Customs broker,2026-03-27 08:00,2026-03-27 09:00
CLR-0233,Duty assessment,Customs,2026-03-29 09:00,2026-03-29 10:00
CLR-0233,Confirm duty payment,Finance,2026-03-31 10:00,2026-03-31 10:30
CLR-0233,Document review by customs,Customs,2026-04-01 09:00,2026-04-01 11:00
CLR-0233,Release and gate-out,Terminal,2026-04-02 08:00,2026-04-02 10:00
CLR-0233,Deliver to customer,Haulage,2026-04-02 14:00,2026-04-03 17:00
CLR-0234,Check documents,Documentation,2026-03-27 12:00,2026-03-27 13:00
CLR-0234,Submit customs declaration,Customs broker,2026-03-28 08:00,2026-03-28 09:00
CLR-0234,Duty assessment,Customs,2026-03-30 09:00,2026-03-30 10:00
CLR-0234,Confirm duty payment,Finance,2026-04-01 11:00,2026-04-01 11:30
CLR-0234,Release and gate-out,Terminal,2026-04-02 09:00,2026-04-02 11:00
CLR-0234,Deliver to customer,Haulage,2026-04-02 15:00,2026-04-03 02:00
CLR-0235,Check documents,Documentation,2026-03-27 08:00,2026-03-27 11:00
CLR-0235,Submit customs declaration,Customs broker,2026-03-28 08:00,2026-03-28 10:00
CLR-0235,Duty assessment,Customs,2026-03-29 08:00,2026-03-29 09:00
CLR-0235,Confirm duty payment,Finance,2026-03-30 14:00,2026-03-30 14:30
CLR-0235,Physical inspection,Customs,2026-04-01 09:00,2026-04-01 11:00
CLR-0235,Release and gate-out,Terminal,2026-04-02 13:00,2026-04-02 14:00
CLR-0235,Deliver to customer,Haulage,2026-04-02 16:00,2026-04-03 04:00
CLR-0236,Check documents,Documentation,2026-03-29 08:00,2026-03-29 09:00
CLR-0236,Submit customs declaration,Customs broker,2026-03-30 08:00,2026-03-30 10:00
CLR-0236,Duty assessment,Customs,2026-03-31 08:00,2026-03-31 09:00
CLR-0236,Confirm duty payment,Finance,2026-04-01 13:00,2026-04-01 13:30
CLR-0236,Release and gate-out,Terminal,2026-04-02 14:30,2026-04-02 15:30
CLR-0236,Deliver to customer,Haulage,2026-04-03 09:00,2026-04-04 10:00
CLR-0237,Check documents,Documentation,2026-03-28 11:00,2026-03-28 12:00
CLR-0237,Submit customs declaration,Customs broker,2026-03-29 09:00,2026-03-29 10:00
CLR-0237,Duty assessment,Customs,2026-03-31 08:00,2026-03-31 09:00
CLR-0237,Confirm duty payment,Finance,2026-04-01 15:00,2026-04-01 15:30
CLR-0237,Physical inspection,Customs,2026-04-02 16:30,2026-04-02 18:30
CLR-0237,Release and gate-out,Terminal,2026-04-04 08:00,2026-04-04 10:00
CLR-0237,Deliver to customer,Haulage,2026-04-04 15:00,2026-04-04 19:00
CLR-0238,Check documents,Documentation,2026-03-29 09:00,2026-03-29 10:00
CLR-0238,Submit customs declaration,Customs broker,2026-03-30 08:00,2026-03-30 10:00
CLR-0238,Duty assessment,Customs,2026-03-31 16:00,2026-03-31 17:00
CLR-0238,Confirm duty payment,Finance,2026-04-02 08:00,2026-04-02 08:30
CLR-0238,Release and gate-out,Terminal,2026-04-03 15:30,2026-04-03 17:30
CLR-0238,Deliver to customer,Haulage,2026-04-04 08:00,2026-04-04 13:00
CLR-0239,Check documents,Documentation,2026-03-29 11:00,2026-03-29 12:00
CLR-0239,Request corrected documents,Documentation,2026-03-30 09:00,2026-03-30 09:30
CLR-0239,Re-check documents,Documentation,2026-04-03 09:00,2026-04-03 10:00
CLR-0239,Submit customs declaration,Customs broker,2026-04-04 09:00,2026-04-04 11:00
CLR-0239,Duty assessment,Customs,2026-04-05 12:00,2026-04-05 13:00
CLR-0239,Confirm duty payment,Finance,2026-04-07 09:00,2026-04-07 09:30
CLR-0239,Physical inspection,Customs,2026-04-08 12:30,2026-04-08 14:30
CLR-0239,Release and gate-out,Terminal,2026-04-09 10:30,2026-04-09 12:30
CLR-0239,Deliver to customer,Haulage,2026-04-09 14:30,2026-04-10 02:30
CLR-0240,Check documents,Documentation,2026-03-29 10:00,2026-03-29 11:00
CLR-0240,Submit customs declaration,Customs broker,2026-03-30 08:00,2026-03-30 09:00
CLR-0240,Duty assessment,Customs,2026-03-31 16:00,2026-03-31 17:00
CLR-0240,Confirm duty payment,Finance,2026-04-03 12:00,2026-04-03 12:30
CLR-0240,Physical inspection,Customs,2026-04-05 08:00,2026-04-05 11:00
CLR-0240,Release and gate-out,Terminal,2026-04-06 08:00,2026-04-06 10:00
CLR-0240,Deliver to customer,Haulage,2026-04-06 12:00,2026-04-07 08:00
CLR-0241,Check documents,Documentation,2026-03-30 09:00,2026-03-30 11:00
CLR-0241,Submit customs declaration,Customs broker,2026-03-31 09:00,2026-03-31 11:00
CLR-0241,Duty assessment,Customs,2026-04-01 08:00,2026-04-01 09:00
CLR-0241,Confirm duty payment,Finance,2026-04-04 09:00,2026-04-04 09:30
CLR-0241,Release and gate-out,Terminal,2026-04-05 08:00,2026-04-05 09:00
CLR-0241,Deliver to customer,Haulage,2026-04-05 14:00,2026-04-06 11:00
CLR-0242,Check documents,Documentation,2026-03-30 12:00,2026-03-30 15:00
CLR-0242,Request corrected documents,Documentation,2026-03-31 08:00,2026-03-31 08:30
CLR-0242,Re-check documents,Documentation,2026-04-03 08:00,2026-04-03 09:00
CLR-0242,Submit customs declaration,Customs broker,2026-04-03 12:00,2026-04-03 14:00
CLR-0242,Duty assessment,Customs,2026-04-04 16:00,2026-04-04 17:00
CLR-0242,Confirm duty payment,Finance,2026-04-07 08:00,2026-04-07 08:30
CLR-0242,Physical inspection,Customs,2026-04-09 09:00,2026-04-09 12:00
CLR-0242,Release and gate-out,Terminal,2026-04-11 09:00,2026-04-11 10:00
CLR-0242,Deliver to customer,Haulage,2026-04-11 16:00,2026-04-12 18:00
CLR-0243,Check documents,Documentation,2026-03-31 09:00,2026-03-31 12:00
CLR-0243,Submit customs declaration,Customs broker,2026-04-01 09:00,2026-04-01 10:00
CLR-0243,Duty assessment,Customs,2026-04-02 09:00,2026-04-02 10:00
CLR-0243,Confirm duty payment,Finance,2026-04-03 14:00,2026-04-03 14:30
CLR-0243,Physical inspection,Customs,2026-04-05 09:30,2026-04-05 11:30
CLR-0243,Release and gate-out,Terminal,2026-04-06 09:00,2026-04-06 11:00
CLR-0243,Deliver to customer,Haulage,2026-04-06 15:00,2026-04-07 17:00
CLR-0244,Check documents,Documentation,2026-04-01 09:00,2026-04-01 10:00
CLR-0244,Submit customs declaration,Customs broker,2026-04-02 08:00,2026-04-02 09:00
CLR-0244,Duty assessment,Customs,2026-04-04 08:00,2026-04-04 09:00
CLR-0244,Confirm duty payment,Finance,2026-04-06 09:00,2026-04-06 09:30
CLR-0244,Document review by customs,Customs,2026-04-07 09:00,2026-04-07 11:00
CLR-0244,Release and gate-out,Terminal,2026-04-08 08:00,2026-04-08 10:00
CLR-0244,Deliver to customer,Haulage,2026-04-08 15:00,2026-04-09 02:00
CLR-0245,Check documents,Documentation,2026-04-01 08:00,2026-04-01 09:00
CLR-0245,Request corrected documents,Documentation,2026-04-01 15:00,2026-04-01 15:30
CLR-0245,Re-check documents,Documentation,2026-04-05 08:30,2026-04-05 09:30
CLR-0245,Submit customs declaration,Customs broker,2026-04-05 11:30,2026-04-05 13:30
CLR-0245,Duty assessment,Customs,2026-04-06 15:30,2026-04-06 16:30
CLR-0245,Confirm duty payment,Finance,2026-04-09 10:30,2026-04-09 11:00
CLR-0245,Release and gate-out,Terminal,2026-04-10 09:00,2026-04-10 11:00
CLR-0245,Deliver to customer,Haulage,2026-04-10 12:00,2026-04-11 13:00
CLR-0246,Check documents,Documentation,2026-04-01 09:00,2026-04-01 12:00
CLR-0246,Request corrected documents,Documentation,2026-04-02 09:00,2026-04-02 09:30
CLR-0246,Re-check documents,Documentation,2026-04-03 13:30,2026-04-03 14:30
CLR-0246,Submit customs declaration,Customs broker,2026-04-04 09:00,2026-04-04 10:00
CLR-0246,Duty assessment,Customs,2026-04-05 08:00,2026-04-05 09:00
CLR-0246,Confirm duty payment,Finance,2026-04-08 09:00,2026-04-08 09:30
CLR-0246,Physical inspection,Customs,2026-04-10 08:00,2026-04-10 12:00
CLR-0246,Release and gate-out,Terminal,2026-04-12 08:00,2026-04-12 10:00
CLR-0246,Deliver to customer,Haulage,2026-04-12 15:00,2026-04-13 13:00
CLR-0247,Check documents,Documentation,2026-04-02 16:00,2026-04-02 19:00
CLR-0247,Request corrected documents,Documentation,2026-04-03 09:00,2026-04-03 09:30
CLR-0247,Re-check documents,Documentation,2026-04-05 11:30,2026-04-05 12:30
CLR-0247,Submit customs declaration,Customs broker,2026-04-06 08:30,2026-04-06 10:30
CLR-0247,Duty assessment,Customs,2026-04-07 10:30,2026-04-07 11:30
CLR-0247,Confirm duty payment,Finance,2026-04-09 08:00,2026-04-09 08:30
CLR-0247,Document review by customs,Customs,2026-04-09 16:30,2026-04-09 18:30
CLR-0247,Release and gate-out,Terminal,2026-04-11 09:00,2026-04-11 10:00
CLR-0247,Deliver to customer,Haulage,2026-04-11 14:00,2026-04-11 21:00
CLR-0248,Check documents,Documentation,2026-04-02 10:00,2026-04-02 13:00
CLR-0248,Submit customs declaration,Customs broker,2026-04-03 09:00,2026-04-03 10:00
CLR-0248,Duty assessment,Customs,2026-04-04 10:00,2026-04-04 11:00
CLR-0248,Confirm duty payment,Finance,2026-04-07 09:00,2026-04-07 09:30
CLR-0248,Release and gate-out,Terminal,2026-04-08 14:30,2026-04-08 16:30
CLR-0248,Deliver to customer,Haulage,2026-04-09 08:00,2026-04-09 22:00
CLR-0249,Check documents,Documentation,2026-04-02 09:00,2026-04-02 10:00
CLR-0249,Submit customs declaration,Customs broker,2026-04-02 12:00,2026-04-02 13:00
CLR-0249,Duty assessment,Customs,2026-04-03 08:00,2026-04-03 09:00
CLR-0249,Confirm duty payment,Finance,2026-04-05 09:00,2026-04-05 09:30
CLR-0249,Physical inspection,Customs,2026-04-07 08:00,2026-04-07 12:00
CLR-0249,Release and gate-out,Terminal,2026-04-08 13:00,2026-04-08 15:00
CLR-0249,Deliver to customer,Haulage,2026-04-09 09:00,2026-04-10 01:00
CLR-0250,Check documents,Documentation,2026-04-03 08:00,2026-04-03 11:00
CLR-0250,Request corrected documents,Documentation,2026-04-04 08:00,2026-04-04 08:30
CLR-0250,Re-check documents,Documentation,2026-04-08 09:00,2026-04-08 10:00
CLR-0250,Request corrected documents,Documentation,2026-04-08 13:00,2026-04-08 13:30
CLR-0250,Re-check documents,Documentation,2026-04-12 09:00,2026-04-12 10:00
CLR-0250,Submit customs declaration,Customs broker,2026-04-13 09:00,2026-04-13 11:00
CLR-0250,Duty assessment,Customs,2026-04-15 09:00,2026-04-15 10:00
CLR-0250,Confirm duty payment,Finance,2026-04-17 16:00,2026-04-17 16:30
CLR-0250,Document review by customs,Customs,2026-04-18 09:00,2026-04-18 11:00
CLR-0250,Release and gate-out,Terminal,2026-04-19 13:00,2026-04-19 14:00
CLR-0250,Deliver to customer,Haulage,2026-04-19 16:00,2026-04-20 08:00
CLR-0251,Check documents,Documentation,2026-04-03 08:00,2026-04-03 11:00
CLR-0251,Submit customs declaration,Customs broker,2026-04-03 16:00,2026-04-03 18:00
CLR-0251,Duty assessment,Customs,2026-04-05 08:00,2026-04-05 09:00
CLR-0251,Confirm duty payment,Finance,2026-04-07 13:00,2026-04-07 13:30
CLR-0251,Physical inspection,Customs,2026-04-09 08:00,2026-04-09 11:00
CLR-0251,Release and gate-out,Terminal,2026-04-11 08:00,2026-04-11 09:00
CLR-0251,Deliver to customer,Haulage,2026-04-11 15:00,2026-04-12 10:00
CLR-0252,Check documents,Documentation,2026-04-03 11:00,2026-04-03 13:00
CLR-0252,Submit customs declaration,Customs broker,2026-04-04 09:00,2026-04-04 11:00
CLR-0252,Duty assessment,Customs,2026-04-05 14:00,2026-04-05 15:00
CLR-0252,Confirm duty payment,Finance,2026-04-07 08:00,2026-04-07 08:30
CLR-0252,Document review by customs,Customs,2026-04-08 09:30,2026-04-08 11:30
CLR-0252,Release and gate-out,Terminal,2026-04-10 09:00,2026-04-10 11:00
CLR-0252,Deliver to customer,Haulage,2026-04-11 08:00,2026-04-12 09:00
CLR-0253,Check documents,Documentation,2026-04-05 09:00,2026-04-05 11:00
CLR-0253,Request corrected documents,Documentation,2026-04-05 14:00,2026-04-05 14:30
CLR-0253,Re-check documents,Documentation,2026-04-08 14:30,2026-04-08 15:30
CLR-0253,Submit customs declaration,Customs broker,2026-04-09 08:00,2026-04-09 09:00
CLR-0253,Duty assessment,Customs,2026-04-11 09:00,2026-04-11 10:00
CLR-0253,Confirm duty payment,Finance,2026-04-12 11:00,2026-04-12 11:30
CLR-0253,Physical inspection,Customs,2026-04-13 11:30,2026-04-13 13:30
CLR-0253,Release and gate-out,Terminal,2026-04-14 09:00,2026-04-14 10:00
CLR-0253,Deliver to customer,Haulage,2026-04-14 13:00,2026-04-15 09:00
CLR-0254,Check documents,Documentation,2026-04-04 09:00,2026-04-04 10:00
CLR-0254,Request corrected documents,Documentation,2026-04-04 16:00,2026-04-04 16:30
CLR-0254,Re-check documents,Documentation,2026-04-07 12:30,2026-04-07 13:30
CLR-0254,Request corrected documents,Documentation,2026-04-08 08:00,2026-04-08 08:30
CLR-0254,Re-check documents,Documentation,2026-04-11 11:30,2026-04-11 12:30
CLR-0254,Submit customs declaration,Customs broker,2026-04-12 09:00,2026-04-12 10:00
CLR-0254,Duty assessment,Customs,2026-04-13 14:00,2026-04-13 15:00
CLR-0254,Confirm duty payment,Finance,2026-04-15 14:00,2026-04-15 14:30
CLR-0254,Physical inspection,Customs,2026-04-17 09:00,2026-04-17 12:00
CLR-0254,Release and gate-out,Terminal,2026-04-18 15:00,2026-04-18 17:00
CLR-0254,Deliver to customer,Haulage,2026-04-19 08:00,2026-04-20 05:00
CLR-0255,Check documents,Documentation,2026-04-04 11:00,2026-04-04 12:00
CLR-0255,Submit customs declaration,Customs broker,2026-04-04 15:00,2026-04-04 16:00
CLR-0255,Duty assessment,Customs,2026-04-05 08:00,2026-04-05 09:00
CLR-0255,Confirm duty payment,Finance,2026-04-08 09:00,2026-04-08 09:30
CLR-0255,Release and gate-out,Terminal,2026-04-09 12:30,2026-04-09 14:30
CLR-0255,Deliver to customer,Haulage,2026-04-10 09:00,2026-04-11 15:00
CLR-0256,Check documents,Documentation,2026-04-05 08:00,2026-04-05 09:00
CLR-0256,Submit customs declaration,Customs broker,2026-04-06 08:00,2026-04-06 10:00
CLR-0256,Duty assessment,Customs,2026-04-07 09:00,2026-04-07 10:00
CLR-0256,Confirm duty payment,Finance,2026-04-10 09:00,2026-04-10 09:30
CLR-0256,Release and gate-out,Terminal,2026-04-11 12:30,2026-04-11 14:30
CLR-0256,Deliver to customer,Haulage,2026-04-12 09:00,2026-04-13 06:00
CLR-0257,Check documents,Documentation,2026-04-05 09:00,2026-04-05 11:00
CLR-0257,Submit customs declaration,Customs broker,2026-04-06 09:00,2026-04-06 10:00
CLR-0257,Duty assessment,Customs,2026-04-08 09:00,2026-04-08 10:00
CLR-0257,Confirm duty payment,Finance,2026-04-10 09:00,2026-04-10 09:30
CLR-0257,Release and gate-out,Terminal,2026-04-11 12:30,2026-04-11 13:30
CLR-0257,Deliver to customer,Haulage,2026-04-11 16:30,2026-04-12 03:30
CLR-0258,Check documents,Documentation,2026-04-05 09:00,2026-04-05 11:00
CLR-0258,Submit customs declaration,Customs broker,2026-04-06 09:00,2026-04-06 11:00
CLR-0258,Duty assessment,Customs,2026-04-07 08:00,2026-04-07 09:00
CLR-0258,Confirm duty payment,Finance,2026-04-09 09:00,2026-04-09 09:30
CLR-0258,Release and gate-out,Terminal,2026-04-10 08:00,2026-04-10 09:00
CLR-0258,Deliver to customer,Haulage,2026-04-10 12:00,2026-04-11 09:00
CLR-0259,Check documents,Documentation,2026-04-06 12:00,2026-04-06 15:00
CLR-0259,Request corrected documents,Documentation,2026-04-06 16:00,2026-04-06 16:30
CLR-0259,Re-check documents,Documentation,2026-04-08 09:30,2026-04-08 10:30
CLR-0259,Submit customs declaration,Customs broker,2026-04-09 09:00,2026-04-09 10:00
CLR-0259,Duty assessment,Customs,2026-04-11 09:00,2026-04-11 10:00
CLR-0259,Confirm duty payment,Finance,2026-04-14 08:00,2026-04-14 08:30
CLR-0259,Physical inspection,Customs,2026-04-16 08:00,2026-04-16 10:00
CLR-0259,Release and gate-out,Terminal,2026-04-17 11:00,2026-04-17 12:00
CLR-0259,Deliver to customer,Haulage,2026-04-17 14:00,2026-04-17 20:00
CLR-0260,Check documents,Documentation,2026-04-06 14:00,2026-04-06 15:00
CLR-0260,Submit customs declaration,Customs broker,2026-04-07 08:00,2026-04-07 10:00
CLR-0260,Duty assessment,Customs,2026-04-09 09:00,2026-04-09 10:00
CLR-0260,Confirm duty payment,Finance,2026-04-12 08:00,2026-04-12 08:30
CLR-0260,Physical inspection,Customs,2026-04-14 08:00,2026-04-14 10:00
CLR-0260,Release and gate-out,Terminal,2026-04-15 08:00,2026-04-15 10:00
CLR-0260,Deliver to customer,Haulage,2026-04-15 16:00,2026-04-16 06:00
CLR-0261,Check documents,Documentation,2026-04-07 12:00,2026-04-07 14:00
CLR-0261,Submit customs declaration,Customs broker,2026-04-08 08:00,2026-04-08 09:00
CLR-0261,Duty assessment,Customs,2026-04-09 09:00,2026-04-09 10:00
CLR-0261,Confirm duty payment,Finance,2026-04-11 11:00,2026-04-11 11:30
CLR-0261,Release and gate-out,Terminal,2026-04-13 08:00,2026-04-13 10:00
CLR-0261,Deliver to customer,Haulage,2026-04-13 11:00,2026-04-14 10:00
CLR-0262,Check documents,Documentation,2026-04-06 16:00,2026-04-06 17:00
CLR-0262,Submit customs declaration,Customs broker,2026-04-07 13:00,2026-04-07 15:00
CLR-0262,Duty assessment,Customs,2026-04-08 08:00,2026-04-08 09:00
CLR-0262,Confirm duty payment,Finance,2026-04-09 09:00,2026-04-09 09:30
CLR-0262,Physical inspection,Customs,2026-04-11 09:00,2026-04-11 11:00
CLR-0262,Release and gate-out,Terminal,2026-04-12 12:00,2026-04-12 13:00
CLR-0262,Deliver to customer,Haulage,2026-04-12 14:00,2026-04-12 18:00
CLR-0263,Check documents,Documentation,2026-04-08 14:00,2026-04-08 15:00
CLR-0263,Submit customs declaration,Customs broker,2026-04-09 08:00,2026-04-09 10:00
CLR-0263,Duty assessment,Customs,2026-04-10 09:00,2026-04-10 10:00
CLR-0263,Confirm duty payment,Finance,2026-04-13 09:00,2026-04-13 09:30
CLR-0263,Physical inspection,Customs,2026-04-14 09:30,2026-04-14 12:30
CLR-0263,Release and gate-out,Terminal,2026-04-15 09:00,2026-04-15 10:00
CLR-0263,Deliver to customer,Haulage,2026-04-15 16:00,2026-04-16 20:00
CLR-0264,Check documents,Documentation,2026-04-08 08:00,2026-04-08 09:00
CLR-0264,Request corrected documents,Documentation,2026-04-08 10:00,2026-04-08 10:30
CLR-0264,Re-check documents,Documentation,2026-04-12 09:00,2026-04-12 10:00
CLR-0264,Submit customs declaration,Customs broker,2026-04-12 15:00,2026-04-12 17:00
CLR-0264,Duty assessment,Customs,2026-04-14 08:00,2026-04-14 09:00
CLR-0264,Confirm duty payment,Finance,2026-04-16 08:00,2026-04-16 08:30
CLR-0264,Release and gate-out,Terminal,2026-04-17 13:30,2026-04-17 14:30
CLR-0264,Deliver to customer,Haulage,2026-04-18 08:00,2026-04-18 19:00
CLR-0265,Check documents,Documentation,2026-04-07 12:00,2026-04-07 13:00
CLR-0265,Request corrected documents,Documentation,2026-04-08 08:00,2026-04-08 08:30
CLR-0265,Re-check documents,Documentation,2026-04-11 08:00,2026-04-11 09:00
CLR-0265,Request corrected documents,Documentation,2026-04-11 11:00,2026-04-11 11:30
CLR-0265,Re-check documents,Documentation,2026-04-14 08:00,2026-04-14 09:00
CLR-0265,Submit customs declaration,Customs broker,2026-04-15 08:00,2026-04-15 09:00
CLR-0265,Duty assessment,Customs,2026-04-16 09:00,2026-04-16 10:00
CLR-0265,Confirm duty payment,Finance,2026-04-19 09:00,2026-04-19 09:30
CLR-0265,Release and gate-out,Terminal,2026-04-20 15:30,2026-04-20 16:30
CLR-0265,Deliver to customer,Haulage,2026-04-21 09:00,2026-04-21 13:00
CLR-0266,Check documents,Documentation,2026-04-09 09:00,2026-04-09 12:00
CLR-0266,Submit customs declaration,Customs broker,2026-04-10 09:00,2026-04-10 10:00
CLR-0266,Duty assessment,Customs,2026-04-11 09:00,2026-04-11 10:00
CLR-0266,Confirm duty payment,Finance,2026-04-12 09:00,2026-04-12 09:30
CLR-0266,Document review by customs,Customs,2026-04-13 08:00,2026-04-13 10:00
CLR-0266,Release and gate-out,Terminal,2026-04-14 08:00,2026-04-14 10:00
CLR-0266,Deliver to customer,Haulage,2026-04-14 16:00,2026-04-15 19:00
CLR-0267,Check documents,Documentation,2026-04-09 15:00,2026-04-09 17:00
CLR-0267,Request corrected documents,Documentation,2026-04-10 08:00,2026-04-10 08:30
CLR-0267,Re-check documents,Documentation,2026-04-12 11:30,2026-04-12 12:30
CLR-0267,Submit customs declaration,Customs broker,2026-04-12 14:30,2026-04-12 15:30
CLR-0267,Duty assessment,Customs,2026-04-13 16:30,2026-04-13 17:30
CLR-0267,Confirm duty payment,Finance,2026-04-16 14:30,2026-04-16 15:00
CLR-0267,Document review by customs,Customs,2026-04-17 12:00,2026-04-17 14:00
CLR-0267,Release and gate-out,Terminal,2026-04-18 14:00,2026-04-18 16:00
CLR-0267,Deliver to customer,Haulage,2026-04-19 08:00,2026-04-19 14:00
CLR-0268,Check documents,Documentation,2026-04-10 10:00,2026-04-10 12:00
CLR-0268,Submit customs declaration,Customs broker,2026-04-11 09:00,2026-04-11 10:00
CLR-0268,Duty assessment,Customs,2026-04-13 09:00,2026-04-13 10:00
CLR-0268,Confirm duty payment,Finance,2026-04-14 09:00,2026-04-14 09:30
CLR-0268,Physical inspection,Customs,2026-04-16 09:00,2026-04-16 13:00
CLR-0268,Release and gate-out,Terminal,2026-04-18 09:00,2026-04-18 10:00
CLR-0268,Deliver to customer,Haulage,2026-04-18 13:00,2026-04-19 10:00
CLR-0269,Check documents,Documentation,2026-04-10 08:00,2026-04-10 11:00
CLR-0269,Request corrected documents,Documentation,2026-04-10 15:00,2026-04-10 15:30
CLR-0269,Re-check documents,Documentation,2026-04-14 09:00,2026-04-14 10:00
CLR-0269,Submit customs declaration,Customs broker,2026-04-14 12:00,2026-04-14 14:00
CLR-0269,Duty assessment,Customs,2026-04-16 09:00,2026-04-16 10:00
CLR-0269,Confirm duty payment,Finance,2026-04-18 10:00,2026-04-18 10:30
CLR-0269,Document review by customs,Customs,2026-04-19 08:00,2026-04-19 10:00
CLR-0269,Release and gate-out,Terminal,2026-04-20 09:00,2026-04-20 10:00
CLR-0269,Deliver to customer,Haulage,2026-04-20 15:00,2026-04-21 14:00
CLR-0270,Check documents,Documentation,2026-04-10 08:00,2026-04-10 11:00
CLR-0270,Request corrected documents,Documentation,2026-04-10 12:00,2026-04-10 12:30
CLR-0270,Re-check documents,Documentation,2026-04-13 14:30,2026-04-13 15:30
CLR-0270,Submit customs declaration,Customs broker,2026-04-14 09:00,2026-04-14 10:00
CLR-0270,Duty assessment,Customs,2026-04-15 16:00,2026-04-15 17:00
CLR-0270,Confirm duty payment,Finance,2026-04-16 10:00,2026-04-16 10:30
CLR-0270,Release and gate-out,Terminal,2026-04-17 16:30,2026-04-17 18:30
CLR-0270,Deliver to customer,Haulage,2026-04-18 08:00,2026-04-19 13:00
CLR-0271,Check documents,Documentation,2026-04-10 08:00,2026-04-10 11:00
CLR-0271,Request corrected documents,Documentation,2026-04-10 12:00,2026-04-10 12:30
CLR-0271,Re-check documents,Documentation,2026-04-12 08:30,2026-04-12 09:30
CLR-0271,Request corrected documents,Documentation,2026-04-12 13:30,2026-04-12 14:00
CLR-0271,Re-check documents,Documentation,2026-04-14 08:00,2026-04-14 09:00
CLR-0271,Submit customs declaration,Customs broker,2026-04-15 09:00,2026-04-15 11:00
CLR-0271,Duty assessment,Customs,2026-04-16 09:00,2026-04-16 10:00
CLR-0271,Confirm duty payment,Finance,2026-04-17 08:00,2026-04-17 08:30
CLR-0271,Physical inspection,Customs,2026-04-18 15:30,2026-04-18 19:30
CLR-0271,Release and gate-out,Terminal,2026-04-20 08:00,2026-04-20 09:00
CLR-0271,Deliver to customer,Haulage,2026-04-20 15:00,2026-04-21 15:00
CLR-0272,Check documents,Documentation,2026-04-11 11:00,2026-04-11 12:00
CLR-0272,Request corrected documents,Documentation,2026-04-12 09:00,2026-04-12 09:30
CLR-0272,Re-check documents,Documentation,2026-04-14 08:00,2026-04-14 09:00
CLR-0272,Submit customs declaration,Customs broker,2026-04-15 08:00,2026-04-15 09:00
CLR-0272,Duty assessment,Customs,2026-04-16 08:00,2026-04-16 09:00
CLR-0272,Confirm duty payment,Finance,2026-04-18 08:00,2026-04-18 08:30
CLR-0272,Document review by customs,Customs,2026-04-18 16:30,2026-04-18 18:30
CLR-0272,Release and gate-out,Terminal,2026-04-20 08:00,2026-04-20 09:00
CLR-0272,Deliver to customer,Haulage,2026-04-20 13:00,2026-04-21 09:00
CLR-0273,Check documents,Documentation,2026-04-11 09:00,2026-04-11 10:00
CLR-0273,Submit customs declaration,Customs broker,2026-04-12 08:00,2026-04-12 10:00
CLR-0273,Duty assessment,Customs,2026-04-13 08:00,2026-04-13 09:00
CLR-0273,Confirm duty payment,Finance,2026-04-15 14:00,2026-04-15 14:30
CLR-0273,Release and gate-out,Terminal,2026-04-16 10:30,2026-04-16 11:30
CLR-0273,Deliver to customer,Haulage,2026-04-16 16:30,2026-04-17 05:30
CLR-0274,Check documents,Documentation,2026-04-11 08:00,2026-04-11 11:00
CLR-0274,Submit customs declaration,Customs broker,2026-04-12 08:00,2026-04-12 09:00
CLR-0274,Duty assessment,Customs,2026-04-13 09:00,2026-04-13 10:00
CLR-0274,Confirm duty payment,Finance,2026-04-14 12:00,2026-04-14 12:30
CLR-0274,Physical inspection,Customs,2026-04-15 16:30,2026-04-15 19:30
CLR-0274,Release and gate-out,Terminal,2026-04-16 12:30,2026-04-16 13:30
CLR-0274,Deliver to customer,Haulage,2026-04-16 14:30,2026-04-17 17:30
CLR-0275,Check documents,Documentation,2026-04-12 11:00,2026-04-12 14:00
CLR-0275,Request corrected documents,Documentation,2026-04-12 16:00,2026-04-12 16:30
CLR-0275,Re-check documents,Documentation,2026-04-15 10:30,2026-04-15 11:30
CLR-0275,Submit customs declaration,Customs broker,2026-04-16 08:00,2026-04-16 09:00
CLR-0275,Duty assessment,Customs,2026-04-18 09:00,2026-04-18 10:00
CLR-0275,Confirm duty payment,Finance,2026-04-19 08:00,2026-04-19 08:30
CLR-0275,Release and gate-out,Terminal,2026-04-20 08:00,2026-04-20 10:00
CLR-0275,Deliver to customer,Haulage,2026-04-20 16:00,2026-04-21 07:00
CLR-0276,Check documents,Documentation,2026-04-12 08:00,2026-04-12 09:00
CLR-0276,Submit customs declaration,Customs broker,2026-04-13 09:00,2026-04-13 11:00
CLR-0276,Duty assessment,Customs,2026-04-14 08:00,2026-04-14 09:00
CLR-0276,Confirm duty payment,Finance,2026-04-17 09:00,2026-04-17 09:30
CLR-0276,Document review by customs,Customs,2026-04-18 09:00,2026-04-18 11:00
CLR-0276,Release and gate-out,Terminal,2026-04-20 08:00,2026-04-20 10:00
CLR-0276,Deliver to customer,Haulage,2026-04-20 12:00,2026-04-21 17:00
CLR-0277,Check documents,Documentation,2026-04-14 11:00,2026-04-14 14:00
CLR-0277,Submit customs declaration,Customs broker,2026-04-15 08:00,2026-04-15 10:00
CLR-0277,Duty assessment,Customs,2026-04-16 08:00,2026-04-16 09:00
CLR-0277,Confirm duty payment,Finance,2026-04-18 12:00,2026-04-18 12:30
CLR-0277,Physical inspection,Customs,2026-04-19 09:00,2026-04-19 13:00
CLR-0277,Release and gate-out,Terminal,2026-04-20 09:00,2026-04-20 11:00
CLR-0277,Deliver to customer,Haulage,2026-04-20 14:00,2026-04-20 21:00
CLR-0278,Check documents,Documentation,2026-04-15 13:00,2026-04-15 14:00
CLR-0278,Submit customs declaration,Customs broker,2026-04-16 08:00,2026-04-16 10:00
CLR-0278,Duty assessment,Customs,2026-04-17 13:00,2026-04-17 14:00
CLR-0278,Confirm duty payment,Finance,2026-04-18 11:00,2026-04-18 11:30
CLR-0278,Document review by customs,Customs,2026-04-19 13:30,2026-04-19 15:30
CLR-0278,Release and gate-out,Terminal,2026-04-20 09:30,2026-04-20 10:30
CLR-0278,Deliver to customer,Haulage,2026-04-20 13:30,2026-04-21 14:30
CLR-0279,Check documents,Documentation,2026-04-16 08:00,2026-04-16 09:00
CLR-0279,Request corrected documents,Documentation,2026-04-16 10:00,2026-04-16 10:30
CLR-0279,Re-check documents,Documentation,2026-04-17 08:30,2026-04-17 09:30
CLR-0279,Submit customs declaration,Customs broker,2026-04-18 09:00,2026-04-18 10:00
CLR-0279,Duty assessment,Customs,2026-04-20 09:00,2026-04-20 10:00
CLR-0279,Confirm duty payment,Finance,2026-04-22 13:00,2026-04-22 13:30
CLR-0279,Document review by customs,Customs,2026-04-24 09:00,2026-04-24 11:00
CLR-0279,Release and gate-out,Terminal,2026-04-25 08:00,2026-04-25 10:00
CLR-0279,Deliver to customer,Haulage,2026-04-25 11:00,2026-04-26 03:00
CLR-0280,Check documents,Documentation,2026-04-16 12:00,2026-04-16 14:00
CLR-0280,Request corrected documents,Documentation,2026-04-17 09:00,2026-04-17 09:30
CLR-0280,Re-check documents,Documentation,2026-04-21 09:00,2026-04-21 10:00
CLR-0280,Submit customs declaration,Customs broker,2026-04-21 12:00,2026-04-21 14:00
CLR-0280,Duty assessment,Customs,2026-04-22 15:00,2026-04-22 16:00
CLR-0280,Confirm duty payment,Finance,2026-04-24 08:00,2026-04-24 08:30
CLR-0280,Release and gate-out,Terminal,2026-04-25 09:00,2026-04-25 11:00
CLR-0280,Deliver to customer,Haulage,2026-04-25 14:00,2026-04-26 05:00
CLR-0281,Check documents,Documentation,2026-04-17 16:00,2026-04-17 19:00
CLR-0281,Submit customs declaration,Customs broker,2026-04-18 08:00,2026-04-18 09:00
CLR-0281,Duty assessment,Customs,2026-04-19 15:00,2026-04-19 16:00
CLR-0281,Confirm duty payment,Finance,2026-04-22 09:00,2026-04-22 09:30
CLR-0281,Physical inspection,Customs,2026-04-23 15:30,2026-04-23 17:30
CLR-0281,Release and gate-out,Terminal,2026-04-24 12:30,2026-04-24 14:30
CLR-0281,Deliver to customer,Haulage,2026-04-25 09:00,2026-04-26 06:00
CLR-0282,Check documents,Documentation,2026-04-17 09:00,2026-04-17 12:00
CLR-0282,Submit customs declaration,Customs broker,2026-04-18 09:00,2026-04-18 11:00
CLR-0282,Duty assessment,Customs,2026-04-20 09:00,2026-04-20 10:00
CLR-0282,Confirm duty payment,Finance,2026-04-23 09:00,2026-04-23 09:30
CLR-0282,Physical inspection,Customs,2026-04-24 14:30,2026-04-24 17:30
CLR-0282,Release and gate-out,Terminal,2026-04-26 09:00,2026-04-26 11:00
CLR-0282,Deliver to customer,Haulage,2026-04-26 16:00,2026-04-27 15:00
CLR-0283,Check documents,Documentation,2026-04-17 13:00,2026-04-17 14:00
CLR-0283,Request corrected documents,Documentation,2026-04-18 08:00,2026-04-18 08:30
CLR-0283,Re-check documents,Documentation,2026-04-21 08:00,2026-04-21 09:00
CLR-0283,Submit customs declaration,Customs broker,2026-04-22 09:00,2026-04-22 10:00
CLR-0283,Duty assessment,Customs,2026-04-23 09:00,2026-04-23 10:00
CLR-0283,Confirm duty payment,Finance,2026-04-26 09:00,2026-04-26 09:30
CLR-0283,Document review by customs,Customs,2026-04-27 15:30,2026-04-27 17:30
CLR-0283,Release and gate-out,Terminal,2026-04-28 08:00,2026-04-28 10:00
CLR-0283,Deliver to customer,Haulage,2026-04-28 12:00,2026-04-29 06:00
CLR-0284,Check documents,Documentation,2026-04-17 09:00,2026-04-17 11:00
CLR-0284,Request corrected documents,Documentation,2026-04-18 08:00,2026-04-18 08:30
CLR-0284,Re-check documents,Documentation,2026-04-22 09:00,2026-04-22 10:00
CLR-0284,Submit customs declaration,Customs broker,2026-04-22 13:00,2026-04-22 15:00
CLR-0284,Duty assessment,Customs,2026-04-23 15:00,2026-04-23 16:00
CLR-0284,Confirm duty payment,Finance,2026-04-25 09:00,2026-04-25 09:30
CLR-0284,Physical inspection,Customs,2026-04-27 08:00,2026-04-27 12:00
CLR-0284,Release and gate-out,Terminal,2026-04-28 08:00,2026-04-28 10:00
CLR-0284,Deliver to customer,Haulage,2026-04-28 11:00,2026-04-29 11:00
CLR-0285,Check documents,Documentation,2026-04-17 08:00,2026-04-17 10:00
CLR-0285,Submit customs declaration,Customs broker,2026-04-17 13:00,2026-04-17 15:00
CLR-0285,Duty assessment,Customs,2026-04-18 09:00,2026-04-18 10:00
CLR-0285,Confirm duty payment,Finance,2026-04-21 09:00,2026-04-21 09:30
CLR-0285,Physical inspection,Customs,2026-04-23 09:00,2026-04-23 12:00
CLR-0285,Release and gate-out,Terminal,2026-04-25 08:00,2026-04-25 10:00
CLR-0285,Deliver to customer,Haulage,2026-04-25 13:00,2026-04-25 21:00
CLR-0286,Check documents,Documentation,2026-04-18 08:00,2026-04-18 09:00
CLR-0286,Submit customs declaration,Customs broker,2026-04-19 08:00,2026-04-19 09:00
CLR-0286,Duty assessment,Customs,2026-04-20 09:00,2026-04-20 10:00
CLR-0286,Confirm duty payment,Finance,2026-04-22 09:00,2026-04-22 09:30
CLR-0286,Physical inspection,Customs,2026-04-24 08:00,2026-04-24 11:00
CLR-0286,Release and gate-out,Terminal,2026-04-26 09:00,2026-04-26 11:00
CLR-0286,Deliver to customer,Haulage,2026-04-26 13:00,2026-04-27 10:00
CLR-0287,Check documents,Documentation,2026-04-18 14:00,2026-04-18 16:00
CLR-0287,Submit customs declaration,Customs broker,2026-04-19 08:00,2026-04-19 10:00
CLR-0287,Duty assessment,Customs,2026-04-20 15:00,2026-04-20 16:00
CLR-0287,Confirm duty payment,Finance,2026-04-21 13:00,2026-04-21 13:30
CLR-0287,Release and gate-out,Terminal,2026-04-22 08:30,2026-04-22 09:30
CLR-0287,Deliver to customer,Haulage,2026-04-22 13:30,2026-04-23 17:30
CLR-0288,Check documents,Documentation,2026-04-18 08:00,2026-04-18 10:00
CLR-0288,Submit customs declaration,Customs broker,2026-04-19 08:00,2026-04-19 09:00
CLR-0288,Duty assessment,Customs,2026-04-20 09:00,2026-04-20 10:00
CLR-0288,Confirm duty payment,Finance,2026-04-22 09:00,2026-04-22 09:30
CLR-0288,Release and gate-out,Terminal,2026-04-23 09:00,2026-04-23 11:00
CLR-0288,Deliver to customer,Haulage,2026-04-23 15:00,2026-04-23 19:00
CLR-0289,Check documents,Documentation,2026-04-18 09:00,2026-04-18 10:00
CLR-0289,Submit customs declaration,Customs broker,2026-04-18 12:00,2026-04-18 13:00
CLR-0289,Duty assessment,Customs,2026-04-20 09:00,2026-04-20 10:00
CLR-0289,Confirm duty payment,Finance,2026-04-21 08:00,2026-04-21 08:30
CLR-0289,Physical inspection,Customs,2026-04-23 08:00,2026-04-23 10:00
CLR-0289,Release and gate-out,Terminal,2026-04-24 08:00,2026-04-24 09:00
CLR-0289,Deliver to customer,Haulage,2026-04-24 11:00,2026-04-25 05:00
CLR-0290,Check documents,Documentation,2026-04-19 09:00,2026-04-19 12:00
CLR-0290,Submit customs declaration,Customs broker,2026-04-20 09:00,2026-04-20 10:00
CLR-0290,Duty assessment,Customs,2026-04-22 08:00,2026-04-22 09:00
CLR-0290,Confirm duty payment,Finance,2026-04-25 09:00,2026-04-25 09:30
CLR-0290,Release and gate-out,Terminal,2026-04-26 13:30,2026-04-26 14:30
CLR-0290,Deliver to customer,Haulage,2026-04-27 09:00,2026-04-28 14:00
CLR-0291,Check documents,Documentation,2026-04-19 09:00,2026-04-19 11:00
CLR-0291,Submit customs declaration,Customs broker,2026-04-20 08:00,2026-04-20 09:00
CLR-0291,Duty assessment,Customs,2026-04-21 08:00,2026-04-21 09:00
CLR-0291,Confirm duty payment,Finance,2026-04-24 08:00,2026-04-24 08:30
CLR-0291,Physical inspection,Customs,2026-04-26 09:00,2026-04-26 11:00
CLR-0291,Release and gate-out,Terminal,2026-04-27 15:00,2026-04-27 16:00
CLR-0291,Deliver to customer,Haulage,2026-04-28 09:00,2026-04-28 15:00
CLR-0292,Check documents,Documentation,2026-04-19 08:00,2026-04-19 11:00
CLR-0292,Submit customs declaration,Customs broker,2026-04-20 09:00,2026-04-20 10:00
CLR-0292,Duty assessment,Customs,2026-04-22 09:00,2026-04-22 10:00
CLR-0292,Confirm duty payment,Finance,2026-04-23 09:00,2026-04-23 09:30
CLR-0292,Document review by customs,Customs,2026-04-24 09:00,2026-04-24 11:00
CLR-0292,Release and gate-out,Terminal,2026-04-25 08:00,2026-04-25 09:00
CLR-0292,Deliver to customer,Haulage,2026-04-25 14:00,2026-04-26 09:00
CLR-0293,Check documents,Documentation,2026-04-21 09:00,2026-04-21 11:00
CLR-0293,Submit customs declaration,Customs broker,2026-04-22 09:00,2026-04-22 11:00
CLR-0293,Duty assessment,Customs,2026-04-23 09:00,2026-04-23 10:00
CLR-0293,Confirm duty payment,Finance,2026-04-26 09:00,2026-04-26 09:30
CLR-0293,Document review by customs,Customs,2026-04-27 09:30,2026-04-27 11:30
CLR-0293,Release and gate-out,Terminal,2026-04-28 16:30,2026-04-28 18:30
CLR-0293,Deliver to customer,Haulage,2026-04-29 09:00,2026-04-29 21:00
CLR-0294,Check documents,Documentation,2026-04-20 08:00,2026-04-20 11:00
CLR-0294,Request corrected documents,Documentation,2026-04-20 16:00,2026-04-20 16:30
CLR-0294,Re-check documents,Documentation,2026-04-22 09:00,2026-04-22 10:00
CLR-0294,Submit customs declaration,Customs broker,2026-04-23 09:00,2026-04-23 11:00
CLR-0294,Duty assessment,Customs,2026-04-24 09:00,2026-04-24 10:00
CLR-0294,Confirm duty payment,Finance,2026-04-27 09:00,2026-04-27 09:30
CLR-0294,Physical inspection,Customs,2026-04-29 09:00,2026-04-29 12:00
CLR-0294,Release and gate-out,Terminal,2026-04-30 15:00,2026-04-30 16:00
CLR-0294,Deliver to customer,Haulage,2026-05-01 09:00,2026-05-01 15:00
CLR-0295,Check documents,Documentation,2026-04-22 08:00,2026-04-22 11:00
CLR-0295,Submit customs declaration,Customs broker,2026-04-23 08:00,2026-04-23 09:00
CLR-0295,Duty assessment,Customs,2026-04-24 08:00,2026-04-24 09:00
CLR-0295,Confirm duty payment,Finance,2026-04-25 13:00,2026-04-25 13:30
CLR-0295,Physical inspection,Customs,2026-04-27 09:30,2026-04-27 13:30
CLR-0295,Release and gate-out,Terminal,2026-04-29 09:00,2026-04-29 11:00
CLR-0295,Deliver to customer,Haulage,2026-04-29 16:00,2026-04-30 00:00
CLR-0296,Check documents,Documentation,2026-04-22 09:00,2026-04-22 11:00
CLR-0296,Submit customs declaration,Customs broker,2026-04-23 09:00,2026-04-23 11:00
CLR-0296,Duty assessment,Customs,2026-04-24 09:00,2026-04-24 10:00
CLR-0296,Confirm duty payment,Finance,2026-04-26 09:00,2026-04-26 09:30
CLR-0296,Physical inspection,Customs,2026-04-28 08:00,2026-04-28 11:00
CLR-0296,Release and gate-out,Terminal,2026-04-29 12:00,2026-04-29 13:00
CLR-0296,Deliver to customer,Haulage,2026-04-30 08:00,2026-05-01 11:00
CLR-0297,Check documents,Documentation,2026-04-22 08:00,2026-04-22 10:00
CLR-0297,Submit customs declaration,Customs broker,2026-04-23 09:00,2026-04-23 10:00
CLR-0297,Duty assessment,Customs,2026-04-25 08:00,2026-04-25 09:00
CLR-0297,Confirm duty payment,Finance,2026-04-27 08:00,2026-04-27 08:30
CLR-0297,Release and gate-out,Terminal,2026-04-28 09:30,2026-04-28 11:30
CLR-0297,Deliver to customer,Haulage,2026-04-28 16:30,2026-04-28 21:30
CLR-0298,Check documents,Documentation,2026-04-23 09:00,2026-04-23 10:00
CLR-0298,Submit customs declaration,Customs broker,2026-04-23 12:00,2026-04-23 14:00
CLR-0298,Duty assessment,Customs,2026-04-24 15:00,2026-04-24 16:00
CLR-0298,Confirm duty payment,Finance,2026-04-27 08:00,2026-04-27 08:30
CLR-0298,Release and gate-out,Terminal,2026-04-28 09:00,2026-04-28 10:00
CLR-0298,Deliver to customer,Haulage,2026-04-28 13:00,2026-04-29 07:00
CLR-0299,Check documents,Documentation,2026-04-23 14:00,2026-04-23 16:00
CLR-0299,Submit customs declaration,Customs broker,2026-04-24 12:00,2026-04-24 14:00
CLR-0299,Duty assessment,Customs,2026-04-25 08:00,2026-04-25 09:00
CLR-0299,Confirm duty payment,Finance,2026-04-26 09:00,2026-04-26 09:30
CLR-0299,Physical inspection,Customs,2026-04-28 08:00,2026-04-28 12:00
CLR-0299,Release and gate-out,Terminal,2026-04-29 08:00,2026-04-29 09:00
CLR-0299,Deliver to customer,Haulage,2026-04-29 13:00,2026-04-30 08:00
CLR-0300,Check documents,Documentation,2026-04-23 09:00,2026-04-23 11:00
CLR-0300,Request corrected documents,Documentation,2026-04-23 16:00,2026-04-23 16:30
CLR-0300,Re-check documents,Documentation,2026-04-27 09:00,2026-04-27 10:00
CLR-0300,Submit customs declaration,Customs broker,2026-04-28 09:00,2026-04-28 10:00
CLR-0300,Duty assessment,Customs,2026-04-29 09:00,2026-04-29 10:00
CLR-0300,Confirm duty payment,Finance,2026-05-02 09:00,2026-05-02 09:30
CLR-0300,Document review by customs,Customs,2026-05-03 12:30,2026-05-03 14:30
CLR-0300,Release and gate-out,Terminal,2026-05-04 08:00,2026-05-04 09:00
CLR-0300,Deliver to customer,Haulage,2026-05-04 13:00,2026-05-05 08:00
CLR-0301,Check documents,Documentation,2026-04-24 08:00,2026-04-24 09:00
CLR-0301,Submit customs declaration,Customs broker,2026-04-25 08:00,2026-04-25 09:00
CLR-0301,Duty assessment,Customs,2026-04-26 09:00,2026-04-26 10:00
CLR-0301,Confirm duty payment,Finance,2026-04-27 13:00,2026-04-27 13:30
CLR-0301,Physical inspection,Customs,2026-04-29 08:00,2026-04-29 10:00
CLR-0301,Release and gate-out,Terminal,2026-04-30 08:00,2026-04-30 10:00
CLR-0301,Deliver to customer,Haulage,2026-04-30 15:00,2026-04-30 22:00
CLR-0302,Check documents,Documentation,2026-04-24 13:00,2026-04-24 15:00
CLR-0302,Request corrected documents,Documentation,2026-04-25 09:00,2026-04-25 09:30
CLR-0302,Re-check documents,Documentation,2026-04-29 08:00,2026-04-29 09:00
CLR-0302,Submit customs declaration,Customs broker,2026-04-30 09:00,2026-04-30 10:00
CLR-0302,Duty assessment,Customs,2026-05-01 08:00,2026-05-01 09:00
CLR-0302,Confirm duty payment,Finance,2026-05-03 09:00,2026-05-03 09:30
CLR-0302,Physical inspection,Customs,2026-05-04 13:30,2026-05-04 15:30
CLR-0302,Release and gate-out,Terminal,2026-05-05 13:30,2026-05-05 15:30
CLR-0302,Deliver to customer,Haulage,2026-05-05 16:30,2026-05-06 06:30
CLR-0303,Check documents,Documentation,2026-04-25 09:00,2026-04-25 12:00
CLR-0303,Request corrected documents,Documentation,2026-04-26 08:00,2026-04-26 08:30
CLR-0303,Re-check documents,Documentation,2026-04-29 09:30,2026-04-29 10:30
CLR-0303,Submit customs declaration,Customs broker,2026-04-30 08:00,2026-04-30 10:00
CLR-0303,Duty assessment,Customs,2026-05-02 09:00,2026-05-02 10:00
CLR-0303,Confirm duty payment,Finance,2026-05-04 14:00,2026-05-04 14:30
CLR-0303,Release and gate-out,Terminal,2026-05-05 15:30,2026-05-05 17:30
CLR-0303,Deliver to customer,Haulage,2026-05-06 09:00,2026-05-07 14:00
CLR-0304,Check documents,Documentation,2026-04-24 09:00,2026-04-24 12:00
CLR-0304,Submit customs declaration,Customs broker,2026-04-25 08:00,2026-04-25 09:00
CLR-0304,Duty assessment,Customs,2026-04-26 08:00,2026-04-26 09:00
CLR-0304,Confirm duty payment,Finance,2026-04-28 09:00,2026-04-28 09:30
CLR-0304,Release and gate-out,Terminal,2026-04-29 12:30,2026-04-29 14:30
CLR-0304,Deliver to customer,Haulage,2026-04-29 16:30,2026-04-30 06:30
CLR-0305,Check documents,Documentation,2026-04-24 09:00,2026-04-24 12:00
CLR-0305,Submit customs declaration,Customs broker,2026-04-25 09:00,2026-04-25 10:00
CLR-0305,Duty assessment,Customs,2026-04-26 13:00,2026-04-26 14:00
CLR-0305,Confirm duty payment,Finance,2026-04-28 15:00,2026-04-28 15:30
CLR-0305,Document review by customs,Customs,2026-04-29 09:30,2026-04-29 11:30
CLR-0305,Release and gate-out,Terminal,2026-04-30 08:00,2026-04-30 09:00
CLR-0305,Deliver to customer,Haulage,2026-04-30 13:00,2026-05-01 06:00
CLR-0306,Check documents,Documentation,2026-04-25 08:00,2026-04-25 09:00
CLR-0306,Submit customs declaration,Customs broker,2026-04-25 13:00,2026-04-25 14:00
CLR-0306,Duty assessment,Customs,2026-04-27 09:00,2026-04-27 10:00
CLR-0306,Confirm duty payment,Finance,2026-04-28 14:00,2026-04-28 14:30
CLR-0306,Document review by customs,Customs,2026-04-29 08:00,2026-04-29 10:00
CLR-0306,Release and gate-out,Terminal,2026-05-01 08:00,2026-05-01 09:00
CLR-0306,Deliver to customer,Haulage,2026-05-01 12:00,2026-05-01 19:00
CLR-0307,Check documents,Documentation,2026-04-26 08:00,2026-04-26 11:00
CLR-0307,Submit customs declaration,Customs broker,2026-04-27 08:00,2026-04-27 10:00
CLR-0307,Duty assessment,Customs,2026-04-28 09:00,2026-04-28 10:00
CLR-0307,Confirm duty payment,Finance,2026-04-30 08:00,2026-04-30 08:30
CLR-0307,Physical inspection,Customs,2026-05-02 08:00,2026-05-02 12:00
CLR-0307,Release and gate-out,Terminal,2026-05-04 09:00,2026-05-04 10:00
CLR-0307,Deliver to customer,Haulage,2026-05-04 16:00,2026-05-05 16:00
CLR-0308,Check documents,Documentation,2026-04-25 09:00,2026-04-25 12:00
CLR-0308,Request corrected documents,Documentation,2026-04-25 15:00,2026-04-25 15:30
CLR-0308,Re-check documents,Documentation,2026-04-29 08:00,2026-04-29 09:00
CLR-0308,Request corrected documents,Documentation,2026-04-29 12:00,2026-04-29 12:30
CLR-0308,Re-check documents,Documentation,2026-05-02 08:00,2026-05-02 09:00
CLR-0308,Submit customs declaration,Customs broker,2026-05-03 08:00,2026-05-03 10:00
CLR-0308,Duty assessment,Customs,2026-05-05 08:00,2026-05-05 09:00
CLR-0308,Confirm duty payment,Finance,2026-05-07 14:00,2026-05-07 14:30
CLR-0308,Document review by customs,Customs,2026-05-09 09:00,2026-05-09 11:00
CLR-0308,Release and gate-out,Terminal,2026-05-10 09:00,2026-05-10 10:00
CLR-0308,Deliver to customer,Haulage,2026-05-10 11:00,2026-05-10 16:00
CLR-0309,Check documents,Documentation,2026-04-26 09:00,2026-04-26 11:00
CLR-0309,Submit customs declaration,Customs broker,2026-04-27 09:00,2026-04-27 10:00
CLR-0309,Duty assessment,Customs,2026-04-28 09:00,2026-04-28 10:00
CLR-0309,Confirm duty payment,Finance,2026-04-29 16:00,2026-04-29 16:30
CLR-0309,Physical inspection,Customs,2026-05-01 12:30,2026-05-01 15:30
CLR-0309,Release and gate-out,Terminal,2026-05-02 09:00,2026-05-02 10:00
CLR-0309,Deliver to customer,Haulage,2026-05-02 11:00,2026-05-03 01:00
CLR-0310,Check documents,Documentation,2026-04-26 08:00,2026-04-26 09:00
CLR-0310,Submit customs declaration,Customs broker,2026-04-27 08:00,2026-04-27 10:00
CLR-0310,Duty assessment,Customs,2026-04-28 09:00,2026-04-28 10:00
CLR-0310,Confirm duty payment,Finance,2026-04-30 10:00,2026-04-30 10:30
CLR-0310,Physical inspection,Customs,2026-05-02 09:30,2026-05-02 12:30
CLR-0310,Release and gate-out,Terminal,2026-05-04 08:00,2026-05-04 10:00
CLR-0310,Deliver to customer,Haulage,2026-05-04 16:00,2026-05-05 16:00
CLR-0311,Check documents,Documentation,2026-04-27 09:00,2026-04-27 11:00
CLR-0311,Request corrected documents,Documentation,2026-04-27 12:00,2026-04-27 12:30
CLR-0311,Re-check documents,Documentation,2026-05-01 10:30,2026-05-01 11:30
CLR-0311,Request corrected documents,Documentation,2026-05-01 15:30,2026-05-01 16:00
CLR-0311,Re-check documents,Documentation,2026-05-04 09:00,2026-05-04 10:00
CLR-0311,Submit customs declaration,Customs broker,2026-05-05 08:00,2026-05-05 09:00
CLR-0311,Duty assessment,Customs,2026-05-07 09:00,2026-05-07 10:00
CLR-0311,Confirm duty payment,Finance,2026-05-09 08:00,2026-05-09 08:30
CLR-0311,Release and gate-out,Terminal,2026-05-10 08:30,2026-05-10 09:30
CLR-0311,Deliver to customer,Haulage,2026-05-10 13:30,2026-05-11 18:30
CLR-0312,Check documents,Documentation,2026-04-28 08:00,2026-04-28 11:00
CLR-0312,Submit customs declaration,Customs broker,2026-04-29 08:00,2026-04-29 10:00
CLR-0312,Duty assessment,Customs,2026-05-01 08:00,2026-05-01 09:00
CLR-0312,Confirm duty payment,Finance,2026-05-04 08:00,2026-05-04 08:30
CLR-0312,Document review by customs,Customs,2026-05-05 08:30,2026-05-05 10:30
CLR-0312,Release and gate-out,Terminal,2026-05-06 08:00,2026-05-06 09:00
CLR-0312,Deliver to customer,Haulage,2026-05-06 13:00,2026-05-07 16:00
CLR-0313,Check documents,Documentation,2026-04-27 09:00,2026-04-27 11:00
CLR-0313,Submit customs declaration,Customs broker,2026-04-27 15:00,2026-04-27 16:00
CLR-0313,Duty assessment,Customs,2026-04-28 11:00,2026-04-28 12:00
CLR-0313,Confirm duty payment,Finance,2026-05-01 09:00,2026-05-01 09:30
CLR-0313,Physical inspection,Customs,2026-05-02 15:30,2026-05-02 18:30
CLR-0313,Release and gate-out,Terminal,2026-05-03 08:00,2026-05-03 10:00
CLR-0313,Deliver to customer,Haulage,2026-05-03 11:00,2026-05-03 18:00
CLR-0314,Check documents,Documentation,2026-04-28 09:00,2026-04-28 11:00
CLR-0314,Request corrected documents,Documentation,2026-04-28 12:00,2026-04-28 12:30
CLR-0314,Re-check documents,Documentation,2026-04-30 08:30,2026-04-30 09:30
CLR-0314,Request corrected documents,Documentation,2026-04-30 13:30,2026-04-30 14:00
CLR-0314,Re-check documents,Documentation,2026-05-02 08:00,2026-05-02 09:00
CLR-0314,Submit customs declaration,Customs broker,2026-05-03 09:00,2026-05-03 11:00
CLR-0314,Duty assessment,Customs,2026-05-04 09:00,2026-05-04 10:00
CLR-0314,Confirm duty payment,Finance,2026-05-06 08:00,2026-05-06 08:30
CLR-0314,Document review by customs,Customs,2026-05-07 08:30,2026-05-07 10:30
CLR-0314,Release and gate-out,Terminal,2026-05-08 08:00,2026-05-08 10:00
CLR-0314,Deliver to customer,Haulage,2026-05-08 14:00,2026-05-09 04:00
CLR-0315,Check documents,Documentation,2026-04-28 09:00,2026-04-28 10:00
CLR-0315,Submit customs declaration,Customs broker,2026-04-29 09:00,2026-04-29 11:00
CLR-0315,Duty assessment,Customs,2026-04-30 09:00,2026-04-30 10:00
CLR-0315,Confirm duty payment,Finance,2026-05-02 09:00,2026-05-02 09:30
CLR-0315,Release and gate-out,Terminal,2026-05-03 09:00,2026-05-03 11:00
CLR-0315,Deliver to customer,Haulage,2026-05-04 08:00,2026-05-04 18:00
CLR-0316,Check documents,Documentation,2026-04-28 08:00,2026-04-28 10:00
CLR-0316,Submit customs declaration,Customs broker,2026-04-29 09:00,2026-04-29 11:00
CLR-0316,Duty assessment,Customs,2026-04-30 08:00,2026-04-30 09:00
CLR-0316,Confirm duty payment,Finance,2026-05-01 13:00,2026-05-01 13:30
CLR-0316,Document review by customs,Customs,2026-05-02 16:30,2026-05-02 18:30
CLR-0316,Release and gate-out,Terminal,2026-05-04 09:00,2026-05-04 10:00
CLR-0316,Deliver to customer,Haulage,2026-05-04 15:00,2026-05-05 02:00
CLR-0317,Check documents,Documentation,2026-04-28 09:00,2026-04-28 10:00
CLR-0317,Request corrected documents,Documentation,2026-04-28 11:00,2026-04-28 11:30
CLR-0317,Re-check documents,Documentation,2026-04-30 15:30,2026-04-30 16:30
CLR-0317,Submit customs declaration,Customs broker,2026-05-01 11:30,2026-05-01 13:30
CLR-0317,Duty assessment,Customs,2026-05-02 08:00,2026-05-02 09:00
CLR-0317,Confirm duty payment,Finance,2026-05-03 09:00,2026-05-03 09:30
CLR-0317,Release and gate-out,Terminal,2026-05-04 12:30,2026-05-04 14:30
CLR-0317,Deliver to customer,Haulage,2026-05-05 09:00,2026-05-06 00:00
CLR-0318,Check documents,Documentation,2026-04-29 11:00,2026-04-29 14:00
CLR-0318,Submit customs declaration,Customs broker,2026-04-30 08:00,2026-04-30 10:00
CLR-0318,Duty assessment,Customs,2026-05-01 08:00,2026-05-01 09:00
CLR-0318,Confirm duty payment,Finance,2026-05-04 08:00,2026-05-04 08:30
CLR-0318,Physical inspection,Customs,2026-05-05 12:30,2026-05-05 16:30
CLR-0318,Release and gate-out,Terminal,2026-05-06 13:30,2026-05-06 15:30
CLR-0318,Deliver to customer,Haulage,2026-05-07 09:00,2026-05-08 14:00
CLR-0319,Check documents,Documentation,2026-04-29 08:00,2026-04-29 09:00
CLR-0319,Submit customs declaration,Customs broker,2026-04-30 08:00,2026-04-30 10:00
CLR-0319,Duty assessment,Customs,2026-05-01 09:00,2026-05-01 10:00
CLR-0319,Confirm duty payment,Finance,2026-05-02 08:00,2026-05-02 08:30
CLR-0319,Document review by customs,Customs,2026-05-03 14:30,2026-05-03 16:30
CLR-0319,Release and gate-out,Terminal,2026-05-04 16:30,2026-05-04 17:30
CLR-0319,Deliver to customer,Haulage,2026-05-05 08:00,2026-05-06 11:00
CLR-0320,Check documents,Documentation,2026-04-30 09:00,2026-04-30 11:00
CLR-0320,Request corrected documents,Documentation,2026-04-30 12:00,2026-04-30 12:30
CLR-0320,Re-check documents,Documentation,2026-05-03 09:00,2026-05-03 10:00
CLR-0320,Submit customs declaration,Customs broker,2026-05-04 08:00,2026-05-04 09:00
CLR-0320,Duty assessment,Customs,2026-05-06 09:00,2026-05-06 10:00
CLR-0320,Confirm duty payment,Finance,2026-05-07 14:00,2026-05-07 14:30
CLR-0320,Physical inspection,Customs,2026-05-09 08:00,2026-05-09 12:00
CLR-0320,Release and gate-out,Terminal,2026-05-10 08:00,2026-05-10 10:00
CLR-0320,Deliver to customer,Haulage,2026-05-10 12:00,2026-05-11 06:00
CLR-0321,Check documents,Documentation,2026-04-30 09:00,2026-04-30 12:00
CLR-0321,Submit customs declaration,Customs broker,2026-05-01 09:00,2026-05-01 10:00
CLR-0321,Duty assessment,Customs,2026-05-03 09:00,2026-05-03 10:00
CLR-0321,Confirm duty payment,Finance,2026-05-06 09:00,2026-05-06 09:30
CLR-0321,Release and gate-out,Terminal,2026-05-07 08:00,2026-05-07 09:00
CLR-0321,Deliver to customer,Haulage,2026-05-07 14:00,2026-05-08 15:00
CLR-0322,Check documents,Documentation,2026-04-29 12:00,2026-04-29 15:00
CLR-0322,Submit customs declaration,Customs broker,2026-04-30 09:00,2026-04-30 10:00
CLR-0322,Duty assessment,Customs,2026-05-01 09:00,2026-05-01 10:00
CLR-0322,Confirm duty payment,Finance,2026-05-03 08:00,2026-05-03 08:30
CLR-0322,Document review by customs,Customs,2026-05-03 16:30,2026-05-03 18:30
CLR-0322,Release and gate-out,Terminal,2026-05-04 08:30,2026-05-04 09:30
CLR-0322,Deliver to customer,Haulage,2026-05-04 15:30,2026-05-05 18:30
CLR-0323,Check documents,Documentation,2026-04-30 09:00,2026-04-30 12:00
CLR-0323,Submit customs declaration,Customs broker,2026-05-01 08:00,2026-05-01 09:00
CLR-0323,Duty assessment,Customs,2026-05-03 09:00,2026-05-03 10:00
CLR-0323,Confirm duty payment,Finance,2026-05-06 09:00,2026-05-06 09:30
CLR-0323,Physical inspection,Customs,2026-05-08 08:00,2026-05-08 12:00
CLR-0323,Release and gate-out,Terminal,2026-05-09 15:00,2026-05-09 17:00
CLR-0323,Deliver to customer,Haulage,2026-05-10 08:00,2026-05-10 15:00
CLR-0324,Check documents,Documentation,2026-04-30 08:00,2026-04-30 10:00
CLR-0324,Submit customs declaration,Customs broker,2026-05-01 08:00,2026-05-01 10:00
CLR-0324,Duty assessment,Customs,2026-05-02 09:00,2026-05-02 10:00
CLR-0324,Confirm duty payment,Finance,2026-05-04 09:00,2026-05-04 09:30
CLR-0324,Physical inspection,Customs,2026-05-06 09:00,2026-05-06 12:00
CLR-0324,Release and gate-out,Terminal,2026-05-08 09:00,2026-05-08 10:00
CLR-0324,Deliver to customer,Haulage,2026-05-08 15:00,2026-05-09 10:00
CLR-0325,Check documents,Documentation,2026-04-30 08:00,2026-04-30 10:00
CLR-0325,Request corrected documents,Documentation,2026-04-30 16:00,2026-04-30 16:30
CLR-0325,Re-check documents,Documentation,2026-05-04 08:00,2026-05-04 09:00
CLR-0325,Submit customs declaration,Customs broker,2026-05-05 08:00,2026-05-05 09:00
CLR-0325,Duty assessment,Customs,2026-05-06 09:00,2026-05-06 10:00
CLR-0325,Confirm duty payment,Finance,2026-05-07 08:00,2026-05-07 08:30
CLR-0325,Release and gate-out,Terminal,2026-05-08 09:00,2026-05-08 10:00
CLR-0325,Deliver to customer,Haulage,2026-05-08 16:00,2026-05-09 19:00
CLR-0326,Check documents,Documentation,2026-05-01 09:00,2026-05-01 12:00
CLR-0326,Submit customs declaration,Customs broker,2026-05-02 09:00,2026-05-02 11:00
CLR-0326,Duty assessment,Customs,2026-05-03 09:00,2026-05-03 10:00
CLR-0326,Confirm duty payment,Finance,2026-05-05 08:00,2026-05-05 08:30
CLR-0326,Release and gate-out,Terminal,2026-05-06 09:00,2026-05-06 11:00
CLR-0326,Deliver to customer,Haulage,2026-05-06 16:00,2026-05-07 09:00
CLR-0327,Check documents,Documentation,2026-05-01 09:00,2026-05-01 12:00
CLR-0327,Request corrected documents,Documentation,2026-05-02 08:00,2026-05-02 08:30
CLR-0327,Re-check documents,Documentation,2026-05-04 08:00,2026-05-04 09:00
CLR-0327,Submit customs declaration,Customs broker,2026-05-04 12:00,2026-05-04 14:00
CLR-0327,Duty assessment,Customs,2026-05-05 12:00,2026-05-05 13:00
CLR-0327,Confirm duty payment,Finance,2026-05-07 15:00,2026-05-07 15:30
CLR-0327,Document review by customs,Customs,2026-05-08 08:00,2026-05-08 10:00
CLR-0327,Release and gate-out,Terminal,2026-05-09 08:00,2026-05-09 10:00
CLR-0327,Deliver to customer,Haulage,2026-05-09 15:00,2026-05-09 22:00
CLR-0328,Check documents,Documentation,2026-04-29 08:00,2026-04-29 09:00
CLR-0328,Submit customs declaration,Customs broker,2026-05-02 08:00,2026-05-02 10:00
CLR-0328,Duty assessment,Customs,2026-05-03 08:00,2026-05-03 09:00
CLR-0328,Confirm duty payment,Finance,2026-05-04 15:00,2026-05-04 15:30
CLR-0328,Document review by customs,Customs,2026-05-05 12:30,2026-05-05 14:30
CLR-0328,Release and gate-out,Terminal,2026-05-06 08:00,2026-05-06 10:00
CLR-0328,Deliver to customer,Haulage,2026-05-06 14:00,2026-05-07 17:00
CLR-0329,Check documents,Documentation,2026-04-30 09:00,2026-04-30 12:00
CLR-0329,Submit customs declaration,Customs broker,2026-05-02 11:00,2026-05-02 12:00
CLR-0329,Duty assessment,Customs,2026-05-04 08:00,2026-05-04 09:00
CLR-0329,Confirm duty payment,Finance,2026-05-06 12:00,2026-05-06 12:30
CLR-0329,Physical inspection,Customs,2026-05-07 16:30,2026-05-07 20:30
CLR-0329,Release and gate-out,Terminal,2026-05-09 09:00,2026-05-09 11:00
CLR-0329,Deliver to customer,Haulage,2026-05-10 09:00,2026-05-10 14:00
CLR-0330,Check documents,Documentation,2026-05-01 09:00,2026-05-01 12:00
CLR-0330,Request corrected documents,Documentation,2026-05-01 14:00,2026-05-01 14:30
CLR-0330,Re-check documents,Documentation,2026-05-05 11:30,2026-05-05 12:30
CLR-0330,Submit customs declaration,Customs broker,2026-05-06 08:00,2026-05-06 09:00
CLR-0330,Duty assessment,Customs,2026-05-07 08:00,2026-05-07 09:00
CLR-0330,Confirm duty payment,Finance,2026-05-09 08:00,2026-05-09 08:30
CLR-0330,Physical inspection,Customs,2026-05-11 08:00,2026-05-11 10:00
CLR-0330,Release and gate-out,Terminal,2026-05-12 08:00,2026-05-12 10:00
CLR-0330,Deliver to customer,Haulage,2026-05-12 13:00,2026-05-13 04:00
CLR-0331,Check documents,Documentation,2026-05-01 09:00,2026-05-01 12:00
CLR-0331,Submit customs declaration,Customs broker,2026-05-03 09:00,2026-05-03 11:00
CLR-0331,Duty assessment,Customs,2026-05-04 11:00,2026-05-04 12:00
CLR-0331,Confirm duty payment,Finance,2026-05-06 09:00,2026-05-06 09:30
CLR-0331,Document review by customs,Customs,2026-05-07 08:00,2026-05-07 10:00
CLR-0331,Release and gate-out,Terminal,2026-05-09 08:00,2026-05-09 10:00
CLR-0331,Deliver to customer,Haulage,2026-05-09 13:00,2026-05-10 15:00
CLR-0332,Check documents,Documentation,2026-04-30 08:00,2026-04-30 10:00
CLR-0332,Request corrected documents,Documentation,2026-04-30 13:00,2026-04-30 13:30
CLR-0332,Re-check documents,Documentation,2026-05-02 08:00,2026-05-02 09:00
CLR-0332,Submit customs declaration,Customs broker,2026-05-02 14:00,2026-05-02 16:00
CLR-0332,Duty assessment,Customs,2026-05-04 09:00,2026-05-04 10:00
CLR-0332,Confirm duty payment,Finance,2026-05-06 08:00,2026-05-06 08:30
CLR-0332,Physical inspection,Customs,2026-05-08 08:00,2026-05-08 12:00
CLR-0332,Release and gate-out,Terminal,2026-05-10 09:00,2026-05-10 10:00
CLR-0332,Deliver to customer,Haulage,2026-05-10 13:00,2026-05-11 00:00
CLR-0333,Check documents,Documentation,2026-05-01 13:00,2026-05-01 15:00
CLR-0333,Request corrected documents,Documentation,2026-05-02 09:00,2026-05-02 09:30
CLR-0333,Re-check documents,Documentation,2026-05-05 10:30,2026-05-05 11:30
CLR-0333,Submit customs declaration,Customs broker,2026-05-06 08:00,2026-05-06 10:00
CLR-0333,Duty assessment,Customs,2026-05-07 09:00,2026-05-07 10:00
CLR-0333,Confirm duty payment,Finance,2026-05-09 09:00,2026-05-09 09:30
CLR-0333,Document review by customs,Customs,2026-05-10 14:30,2026-05-10 16:30
CLR-0333,Release and gate-out,Terminal,2026-05-12 08:00,2026-05-12 10:00
CLR-0333,Deliver to customer,Haulage,2026-05-12 13:00,2026-05-13 01:00
CLR-0334,Check documents,Documentation,2026-05-02 08:00,2026-05-02 11:00
CLR-0334,Submit customs declaration,Customs broker,2026-05-04 09:00,2026-05-04 10:00
CLR-0334,Duty assessment,Customs,2026-05-05 08:00,2026-05-05 09:00
CLR-0334,Confirm duty payment,Finance,2026-05-08 09:00,2026-05-08 09:30
CLR-0334,Document review by customs,Customs,2026-05-09 09:00,2026-05-09 11:00
CLR-0334,Release and gate-out,Terminal,2026-05-10 09:00,2026-05-10 10:00
CLR-0334,Deliver to customer,Haulage,2026-05-10 12:00,2026-05-11 18:00
CLR-0335,Check documents,Documentation,2026-05-03 09:00,2026-05-03 10:00
CLR-0335,Submit customs declaration,Customs broker,2026-05-05 09:00,2026-05-05 11:00
CLR-0335,Duty assessment,Customs,2026-05-07 08:00,2026-05-07 09:00
CLR-0335,Confirm duty payment,Finance,2026-05-08 08:00,2026-05-08 08:30
CLR-0335,Release and gate-out,Terminal,2026-05-09 12:30,2026-05-09 14:30
CLR-0335,Deliver to customer,Haulage,2026-05-10 09:00,2026-05-10 22:00
CLR-0336,Check documents,Documentation,2026-05-04 12:00,2026-05-04 13:00
CLR-0336,Request corrected documents,Documentation,2026-05-05 09:00,2026-05-05 09:30
CLR-0336,Re-check documents,Documentation,2026-05-07 09:00,2026-05-07 10:00
CLR-0336,Submit customs declaration,Customs broker,2026-05-08 08:00,2026-05-08 10:00
CLR-0336,Duty assessment,Customs,2026-05-09 09:00,2026-05-09 10:00
CLR-0336,Confirm duty payment,Finance,2026-05-11 08:00,2026-05-11 08:30
CLR-0336,Physical inspection,Customs,2026-05-12 16:30,2026-05-12 18:30
CLR-0336,Release and gate-out,Terminal,2026-05-13 09:00,2026-05-13 10:00
CLR-0336,Deliver to customer,Haulage,2026-05-13 12:00,2026-05-14 00:00
CLR-0337,Check documents,Documentation,2026-05-04 09:00,2026-05-04 12:00
CLR-0337,Submit customs declaration,Customs broker,2026-05-06 09:00,2026-05-06 10:00
CLR-0337,Duty assessment,Customs,2026-05-08 09:00,2026-05-08 10:00
CLR-0337,Confirm duty payment,Finance,2026-05-10 08:00,2026-05-10 08:30
CLR-0337,Release and gate-out,Terminal,2026-05-11 08:00,2026-05-11 10:00
CLR-0337,Deliver to customer,Haulage,2026-05-11 12:00,2026-05-12 09:00
CLR-0338,Check documents,Documentation,2026-05-04 08:00,2026-05-04 09:00
CLR-0338,Submit customs declaration,Customs broker,2026-05-06 08:00,2026-05-06 10:00
CLR-0338,Duty assessment,Customs,2026-05-07 09:00,2026-05-07 10:00
CLR-0338,Confirm duty payment,Finance,2026-05-09 08:00,2026-05-09 08:30
CLR-0338,Release and gate-out,Terminal,2026-05-10 09:00,2026-05-10 11:00
CLR-0338,Deliver to customer,Haulage,2026-05-10 12:00,2026-05-10 17:00
CLR-0339,Check documents,Documentation,2026-05-04 09:00,2026-05-04 10:00
CLR-0339,Submit customs declaration,Customs broker,2026-05-06 08:00,2026-05-06 10:00
CLR-0339,Duty assessment,Customs,2026-05-07 15:00,2026-05-07 16:00
CLR-0339,Confirm duty payment,Finance,2026-05-09 15:00,2026-05-09 15:30
CLR-0339,Release and gate-out,Terminal,2026-05-10 10:30,2026-05-10 11:30
CLR-0339,Deliver to customer,Haulage,2026-05-10 14:30,2026-05-11 10:30
CLR-0340,Check documents,Documentation,2026-05-05 09:00,2026-05-05 11:00
CLR-0340,Submit customs declaration,Customs broker,2026-05-06 15:00,2026-05-06 17:00
CLR-0340,Duty assessment,Customs,2026-05-07 10:00,2026-05-07 11:00
CLR-0340,Confirm duty payment,Finance,2026-05-09 09:00,2026-05-09 09:30
CLR-0340,Physical inspection,Customs,2026-05-10 08:30,2026-05-10 11:30
CLR-0340,Release and gate-out,Terminal,2026-05-11 10:30,2026-05-11 11:30
CLR-0340,Deliver to customer,Haulage,2026-05-11 16:30,2026-05-12 04:30
CLR-0341,Check documents,Documentation,2026-05-04 09:00,2026-05-04 10:00
CLR-0341,Submit customs declaration,Customs broker,2026-05-07 08:00,2026-05-07 09:00
CLR-0341,Duty assessment,Customs,2026-05-08 09:00,2026-05-08 10:00
CLR-0341,Confirm duty payment,Finance,2026-05-10 09:00,2026-05-10 09:30
CLR-0341,Release and gate-out,Terminal,2026-05-11 09:00,2026-05-11 11:00
CLR-0341,Deliver to customer,Haulage,2026-05-11 12:00,2026-05-12 07:00
CLR-0342,Check documents,Documentation,2026-05-04 09:00,2026-05-04 10:00
CLR-0342,Submit customs declaration,Customs broker,2026-05-06 10:00,2026-05-06 12:00
CLR-0342,Duty assessment,Customs,2026-05-08 09:00,2026-05-08 10:00
CLR-0342,Confirm duty payment,Finance,2026-05-09 11:00,2026-05-09 11:30
CLR-0342,Document review by customs,Customs,2026-05-10 08:00,2026-05-10 10:00
CLR-0342,Release and gate-out,Terminal,2026-05-11 09:00,2026-05-11 11:00
CLR-0342,Deliver to customer,Haulage,2026-05-11 16:00,2026-05-12 06:00
CLR-0343,Check documents,Documentation,2026-05-05 09:00,2026-05-05 11:00
CLR-0343,Submit customs declaration,Customs broker,2026-05-07 08:00,2026-05-07 10:00
CLR-0343,Duty assessment,Customs,2026-05-08 08:00,2026-05-08 09:00
CLR-0343,Confirm duty payment,Finance,2026-05-10 14:00,2026-05-10 14:30
CLR-0343,Release and gate-out,Terminal,2026-05-11 08:00,2026-05-11 09:00
CLR-0343,Deliver to customer,Haulage,2026-05-11 11:00,2026-05-12 06:00
CLR-0344,Check documents,Documentation,2026-05-05 08:00,2026-05-05 10:00
CLR-0344,Request corrected documents,Documentation,2026-05-05 13:00,2026-05-05 13:30
CLR-0344,Re-check documents,Documentation,2026-05-09 09:00,2026-05-09 10:00
CLR-0344,Submit customs declaration,Customs broker,2026-05-10 09:00,2026-05-10 11:00
CLR-0344,Duty assessment,Customs,2026-05-11 16:00,2026-05-11 17:00
CLR-0344,Confirm duty payment,Finance,2026-05-13 09:00,2026-05-13 09:30
CLR-0344,Release and gate-out,Terminal,2026-05-14 16:30,2026-05-14 18:30
CLR-0344,Deliver to customer,Haulage,2026-05-15 08:00,2026-05-16 03:00
CLR-0345,Check documents,Documentation,2026-05-05 13:00,2026-05-05 16:00
CLR-0345,Submit customs declaration,Customs broker,2026-05-08 08:00,2026-05-08 09:00
CLR-0345,Duty assessment,Customs,2026-05-09 08:00,2026-05-09 09:00
CLR-0345,Confirm duty payment,Finance,2026-05-11 08:00,2026-05-11 08:30
CLR-0345,Release and gate-out,Terminal,2026-05-12 09:00,2026-05-12 10:00
CLR-0345,Deliver to customer,Haulage,2026-05-12 16:00,2026-05-13 08:00
CLR-0346,Check documents,Documentation,2026-05-05 08:00,2026-05-05 09:00
CLR-0346,Submit customs declaration,Customs broker,2026-05-07 11:00,2026-05-07 13:00
CLR-0346,Duty assessment,Customs,2026-05-09 08:00,2026-05-09 09:00
CLR-0346,Confirm duty payment,Finance,2026-05-11 09:00,2026-05-11 09:30
CLR-0346,Document review by customs,Customs,2026-05-12 08:00,2026-05-12 10:00
CLR-0346,Release and gate-out,Terminal,2026-05-13 09:00,2026-05-13 11:00
CLR-0346,Deliver to customer,Haulage,2026-05-13 14:00,2026-05-14 20:00
CLR-0347,Check documents,Documentation,2026-05-06 08:00,2026-05-06 09:00
CLR-0347,Submit customs declaration,Customs broker,2026-05-08 09:00,2026-05-08 11:00
CLR-0347,Duty assessment,Customs,2026-05-09 08:00,2026-05-09 09:00
CLR-0347,Confirm duty payment,Finance,2026-05-11 09:00,2026-05-11 09:30
CLR-0347,Release and gate-out,Terminal,2026-05-12 15:30,2026-05-12 17:30
CLR-0347,Deliver to customer,Haulage,2026-05-13 09:00,2026-05-14 06:00
CLR-0348,Check documents,Documentation,2026-05-08 08:00,2026-05-08 09:00
CLR-0348,Submit customs declaration,Customs broker,2026-05-09 08:00,2026-05-09 09:00
CLR-0348,Duty assessment,Customs,2026-05-10 08:00,2026-05-10 09:00
CLR-0348,Confirm duty payment,Finance,2026-05-11 15:00,2026-05-11 15:30
CLR-0348,Release and gate-out,Terminal,2026-05-13 08:00,2026-05-13 10:00
CLR-0348,Deliver to customer,Haulage,2026-05-13 11:00,2026-05-14 17:00
CLR-0349,Check documents,Documentation,2026-05-08 09:00,2026-05-08 12:00
CLR-0349,Submit customs declaration,Customs broker,2026-05-09 15:00,2026-05-09 17:00
CLR-0349,Duty assessment,Customs,2026-05-11 09:00,2026-05-11 10:00
CLR-0349,Confirm duty payment,Finance,2026-05-12 16:00,2026-05-12 16:30
CLR-0349,Physical inspection,Customs,2026-05-14 08:00,2026-05-14 11:00
CLR-0349,Release and gate-out,Terminal,2026-05-15 08:00,2026-05-15 09:00
CLR-0349,Deliver to customer,Haulage,2026-05-15 14:00,2026-05-16 11:00
CLR-0350,Check documents,Documentation,2026-05-09 08:00,2026-05-09 09:00
CLR-0350,Request corrected documents,Documentation,2026-05-09 13:00,2026-05-09 13:30
CLR-0350,Re-check documents,Documentation,2026-05-12 09:00,2026-05-12 10:00
CLR-0350,Submit customs declaration,Customs broker,2026-05-13 09:00,2026-05-13 11:00
CLR-0350,Duty assessment,Customs,2026-05-14 08:00,2026-05-14 09:00
CLR-0350,Confirm duty payment,Finance,2026-05-16 08:00,2026-05-16 08:30
CLR-0350,Physical inspection,Customs,2026-05-17 08:30,2026-05-17 11:30
CLR-0350,Release and gate-out,Terminal,2026-05-18 08:00,2026-05-18 10:00
CLR-0350,Deliver to customer,Haulage,2026-05-18 14:00,2026-05-19 01:00
CLR-0351,Check documents,Documentation,2026-05-09 13:00,2026-05-09 15:00
CLR-0351,Request corrected documents,Documentation,2026-05-10 09:00,2026-05-10 09:30
CLR-0351,Re-check documents,Documentation,2026-05-12 08:00,2026-05-12 09:00
CLR-0351,Submit customs declaration,Customs broker,2026-05-12 14:00,2026-05-12 15:00
CLR-0351,Duty assessment,Customs,2026-05-14 08:00,2026-05-14 09:00
CLR-0351,Confirm duty payment,Finance,2026-05-15 08:00,2026-05-15 08:30
CLR-0351,Physical inspection,Customs,2026-05-16 11:30,2026-05-16 15:30
CLR-0351,Release and gate-out,Terminal,2026-05-17 13:30,2026-05-17 14:30
CLR-0351,Deliver to customer,Haulage,2026-05-17 15:30,2026-05-17 23:30
CLR-0352,Check documents,Documentation,2026-05-09 08:00,2026-05-09 11:00
CLR-0352,Submit customs declaration,Customs broker,2026-05-12 09:00,2026-05-12 11:00
CLR-0352,Duty assessment,Customs,2026-05-13 09:00,2026-05-13 10:00
CLR-0352,Confirm duty payment,Finance,2026-05-15 13:00,2026-05-15 13:30
CLR-0352,Physical inspection,Customs,2026-05-17 08:00,2026-05-17 11:00
CLR-0352,Release and gate-out,Terminal,2026-05-18 09:00,2026-05-18 10:00
CLR-0352,Deliver to customer,Haulage,2026-05-18 12:00,2026-05-18 21:00
CLR-0353,Check documents,Documentation,2026-05-09 16:00,2026-05-09 17:00
CLR-0353,Submit customs declaration,Customs broker,2026-05-12 09:00,2026-05-12 10:00
CLR-0353,Duty assessment,Customs,2026-05-13 09:00,2026-05-13 10:00
CLR-0353,Confirm duty payment,Finance,2026-05-15 10:00,2026-05-15 10:30
CLR-0353,Physical inspection,Customs,2026-05-17 08:00,2026-05-17 10:00
CLR-0353,Release and gate-out,Terminal,2026-05-18 08:00,2026-05-18 10:00
CLR-0353,Deliver to customer,Haulage,2026-05-18 14:00,2026-05-19 15:00
CLR-0354,Check documents,Documentation,2026-05-10 10:00,2026-05-10 12:00
CLR-0354,Submit customs declaration,Customs broker,2026-05-12 13:00,2026-05-12 15:00
CLR-0354,Duty assessment,Customs,2026-05-14 08:00,2026-05-14 09:00
CLR-0354,Confirm duty payment,Finance,2026-05-15 09:00,2026-05-15 09:30
CLR-0354,Release and gate-out,Terminal,2026-05-16 16:30,2026-05-16 17:30
CLR-0354,Deliver to customer,Haulage,2026-05-17 08:00,2026-05-17 15:00
CLR-0355,Check documents,Documentation,2026-05-09 11:00,2026-05-09 13:00
CLR-0355,Submit customs declaration,Customs broker,2026-05-11 12:00,2026-05-11 13:00
CLR-0355,Duty assessment,Customs,2026-05-12 08:00,2026-05-12 09:00
CLR-0355,Confirm duty payment,Finance,2026-05-15 08:00,2026-05-15 08:30
CLR-0355,Document review by customs,Customs,2026-05-16 08:30,2026-05-16 10:30
CLR-0355,Release and gate-out,Terminal,2026-05-17 08:00,2026-05-17 09:00
CLR-0355,Deliver to customer,Haulage,2026-05-17 11:00,2026-05-17 19:00
CLR-0356,Check documents,Documentation,2026-05-10 09:00,2026-05-10 10:00
CLR-0356,Submit customs declaration,Customs broker,2026-05-12 16:00,2026-05-12 18:00
CLR-0356,Duty assessment,Customs,2026-05-14 08:00,2026-05-14 09:00
CLR-0356,Confirm duty payment,Finance,2026-05-17 09:00,2026-05-17 09:30
CLR-0356,Release and gate-out,Terminal,2026-05-18 09:00,2026-05-18 10:00
CLR-0356,Deliver to customer,Haulage,2026-05-18 11:00,2026-05-19 11:00
CLR-0357,Check documents,Documentation,2026-05-11 09:00,2026-05-11 12:00
CLR-0357,Submit customs declaration,Customs broker,2026-05-13 09:00,2026-05-13 10:00
CLR-0357,Duty assessment,Customs,2026-05-14 08:00,2026-05-14 09:00
CLR-0357,Confirm duty payment,Finance,2026-05-15 08:00,2026-05-15 08:30
CLR-0357,Physical inspection,Customs,2026-05-17 09:00,2026-05-17 12:00
CLR-0357,Release and gate-out,Terminal,2026-05-18 09:00,2026-05-18 11:00
CLR-0357,Deliver to customer,Haulage,2026-05-18 15:00,2026-05-19 13:00
CLR-0358,Check documents,Documentation,2026-05-11 08:00,2026-05-11 09:00
CLR-0358,Submit customs declaration,Customs broker,2026-05-13 08:00,2026-05-13 10:00
CLR-0358,Duty assessment,Customs,2026-05-14 08:00,2026-05-14 09:00
CLR-0358,Confirm duty payment,Finance,2026-05-17 08:00,2026-05-17 08:30
CLR-0358,Document review by customs,Customs,2026-05-18 14:30,2026-05-18 16:30
CLR-0358,Release and gate-out,Terminal,2026-05-19 15:30,2026-05-19 16:30
CLR-0358,Deliver to customer,Haulage,2026-05-20 09:00,2026-05-21 06:00
CLR-0359,Check documents,Documentation,2026-05-11 11:00,2026-05-11 13:00
CLR-0359,Submit customs declaration,Customs broker,2026-05-14 09:00,2026-05-14 11:00
CLR-0359,Duty assessment,Customs,2026-05-15 08:00,2026-05-15 09:00
CLR-0359,Confirm duty payment,Finance,2026-05-17 09:00,2026-05-17 09:30
CLR-0359,Release and gate-out,Terminal,2026-05-18 09:30,2026-05-18 10:30
CLR-0359,Deliver to customer,Haulage,2026-05-18 13:30,2026-05-19 09:30
CLR-0360,Check documents,Documentation,2026-05-12 10:00,2026-05-12 12:00
CLR-0360,Request corrected documents,Documentation,2026-05-12 15:00,2026-05-12 15:30
CLR-0360,Re-check documents,Documentation,2026-05-16 08:00,2026-05-16 09:00
CLR-0360,Request corrected documents,Documentation,2026-05-16 10:00,2026-05-16 10:30
CLR-0360,Re-check documents,Documentation,2026-05-18 09:00,2026-05-18 10:00
CLR-0360,Submit customs declaration,Customs broker,2026-05-19 08:00,2026-05-19 09:00
CLR-0360,Duty assessment,Customs,2026-05-20 09:00,2026-05-20 10:00
CLR-0360,Confirm duty payment,Finance,2026-05-21 08:00,2026-05-21 08:30
CLR-0360,Release and gate-out,Terminal,2026-05-22 14:30,2026-05-22 15:30
CLR-0360,Deliver to customer,Haulage,2026-05-22 16:30,2026-05-23 07:30
CLR-0361,Check documents,Documentation,2026-05-12 10:00,2026-05-12 13:00
CLR-0361,Request corrected documents,Documentation,2026-05-13 08:00,2026-05-13 08:30
CLR-0361,Re-check documents,Documentation,2026-05-15 11:30,2026-05-15 12:30
CLR-0361,Submit customs declaration,Customs broker,2026-05-16 09:00,2026-05-16 10:00
CLR-0361,Duty assessment,Customs,2026-05-17 12:00,2026-05-17 13:00
CLR-0361,Confirm duty payment,Finance,2026-05-18 12:00,2026-05-18 12:30
CLR-0361,Release and gate-out,Terminal,2026-05-19 08:00,2026-05-19 10:00
CLR-0361,Deliver to customer,Haulage,2026-05-19 14:00,2026-05-20 04:00
CLR-0362,Check documents,Documentation,2026-05-11 13:00,2026-05-11 14:00
CLR-0362,Submit customs declaration,Customs broker,2026-05-13 08:00,2026-05-13 09:00
CLR-0362,Duty assessment,Customs,2026-05-15 08:00,2026-05-15 09:00
CLR-0362,Confirm duty payment,Finance,2026-05-18 09:00,2026-05-18 09:30
CLR-0362,Release and gate-out,Terminal,2026-05-19 09:00,2026-05-19 11:00
CLR-0362,Deliver to customer,Haulage,2026-05-20 09:00,2026-05-21 00:00
CLR-0363,Check documents,Documentation,2026-05-12 09:00,2026-05-12 10:00
CLR-0363,Submit customs declaration,Customs broker,2026-05-15 14:00,2026-05-15 15:00
CLR-0363,Duty assessment,Customs,2026-05-17 09:00,2026-05-17 10:00
CLR-0363,Confirm duty payment,Finance,2026-05-20 08:00,2026-05-20 08:30
CLR-0363,Release and gate-out,Terminal,2026-05-21 08:00,2026-05-21 09:00
CLR-0363,Deliver to customer,Haulage,2026-05-21 13:00,2026-05-22 03:00
CLR-0364,Check documents,Documentation,2026-05-13 08:00,2026-05-13 10:00
CLR-0364,Submit customs declaration,Customs broker,2026-05-15 08:00,2026-05-15 10:00
CLR-0364,Duty assessment,Customs,2026-05-17 09:00,2026-05-17 10:00
CLR-0364,Confirm duty payment,Finance,2026-05-19 10:00,2026-05-19 10:30
CLR-0364,Release and gate-out,Terminal,2026-05-20 08:00,2026-05-20 09:00
CLR-0364,Deliver to customer,Haulage,2026-05-20 10:00,2026-05-20 15:00
CLR-0365,Check documents,Documentation,2026-05-13 09:00,2026-05-13 12:00
CLR-0365,Submit customs declaration,Customs broker,2026-05-15 09:00,2026-05-15 11:00
CLR-0365,Duty assessment,Customs,2026-05-17 09:00,2026-05-17 10:00
CLR-0365,Confirm duty payment,Finance,2026-05-19 11:00,2026-05-19 11:30
CLR-0365,Physical inspection,Customs,2026-05-21 09:00,2026-05-21 13:00
CLR-0365,Release and gate-out,Terminal,2026-05-23 09:00,2026-05-23 11:00
CLR-0365,Deliver to customer,Haulage,2026-05-23 15:00,2026-05-24 11:00
CLR-0366,Check documents,Documentation,2026-05-14 09:00,2026-05-14 12:00
CLR-0366,Submit customs declaration,Customs broker,2026-05-16 10:00,2026-05-16 11:00
CLR-0366,Duty assessment,Customs,2026-05-17 10:00,2026-05-17 11:00
CLR-0366,Confirm duty payment,Finance,2026-05-19 09:00,2026-05-19 09:30
CLR-0366,Release and gate-out,Terminal,2026-05-20 08:00,2026-05-20 09:00
CLR-0366,Deliver to customer,Haulage,2026-05-20 13:00,2026-05-21 12:00
CLR-0367,Check documents,Documentation,2026-05-14 08:00,2026-05-14 10:00
CLR-0367,Request corrected documents,Documentation,2026-05-14 14:00,2026-05-14 14:30
CLR-0367,Re-check documents,Documentation,2026-05-17 14:30,2026-05-17 15:30
CLR-0367,Submit customs declaration,Customs broker,2026-05-18 09:00,2026-05-18 10:00
CLR-0367,Duty assessment,Customs,2026-05-19 10:00,2026-05-19 11:00
CLR-0367,Confirm duty payment,Finance,2026-05-22 08:00,2026-05-22 08:30
CLR-0367,Release and gate-out,Terminal,2026-05-23 08:00,2026-05-23 10:00
CLR-0367,Deliver to customer,Haulage,2026-05-23 14:00,2026-05-24 08:00
CLR-0368,Check documents,Documentation,2026-05-15 09:00,2026-05-15 10:00
CLR-0368,Submit customs declaration,Customs broker,2026-05-18 08:00,2026-05-18 10:00
CLR-0368,Duty assessment,Customs,2026-05-19 09:00,2026-05-19 10:00
CLR-0368,Confirm duty payment,Finance,2026-05-21 08:00,2026-05-21 08:30
CLR-0368,Release and gate-out,Terminal,2026-05-22 09:00,2026-05-22 11:00
CLR-0368,Deliver to customer,Haulage,2026-05-22 12:00,2026-05-23 05:00
CLR-0369,Check documents,Documentation,2026-05-15 09:00,2026-05-15 10:00
CLR-0369,Submit customs declaration,Customs broker,2026-05-18 08:00,2026-05-18 10:00
CLR-0369,Duty assessment,Customs,2026-05-19 11:00,2026-05-19 12:00
CLR-0369,Confirm duty payment,Finance,2026-05-20 09:00,2026-05-20 09:30
CLR-0369,Physical inspection,Customs,2026-05-21 13:30,2026-05-21 17:30
CLR-0369,Release and gate-out,Terminal,2026-05-22 09:00,2026-05-22 11:00
CLR-0369,Deliver to customer,Haulage,2026-05-22 15:00,2026-05-23 18:00
CLR-0370,Check documents,Documentation,2026-05-16 09:00,2026-05-16 10:00
CLR-0370,Submit customs declaration,Customs broker,2026-05-19 08:00,2026-05-19 10:00
CLR-0370,Duty assessment,Customs,2026-05-21 09:00,2026-05-21 10:00
CLR-0370,Confirm duty payment,Finance,2026-05-22 14:00,2026-05-22 14:30
CLR-0370,Document review by customs,Customs,2026-05-24 09:00,2026-05-24 11:00
CLR-0370,Release and gate-out,Terminal,2026-05-25 08:00,2026-05-25 10:00
CLR-0370,Deliver to customer,Haulage,2026-05-25 13:00,2026-05-26 11:00
CLR-0371,Check documents,Documentation,2026-05-17 12:00,2026-05-17 13:00
CLR-0371,Submit customs declaration,Customs broker,2026-05-20 09:00,2026-05-20 10:00
CLR-0371,Duty assessment,Customs,2026-05-21 09:00,2026-05-21 10:00
CLR-0371,Confirm duty payment,Finance,2026-05-24 09:00,2026-05-24 09:30
CLR-0371,Release and gate-out,Terminal,2026-05-25 11:30,2026-05-25 12:30
CLR-0371,Deliver to customer,Haulage,2026-05-25 16:30,2026-05-26 05:30
CLR-0372,Check documents,Documentation,2026-05-18 09:00,2026-05-18 11:00
CLR-0372,Request corrected documents,Documentation,2026-05-18 13:00,2026-05-18 13:30
CLR-0372,Re-check documents,Documentation,2026-05-20 08:00,2026-05-20 09:00
CLR-0372,Request corrected documents,Documentation,2026-05-20 14:00,2026-05-20 14:30
CLR-0372,Re-check documents,Documentation,2026-05-22 09:00,2026-05-22 10:00
CLR-0372,Submit customs declaration,Customs broker,2026-05-23 09:00,2026-05-23 11:00
CLR-0372,Duty assessment,Customs,2026-05-24 09:00,2026-05-24 10:00
CLR-0372,Confirm duty payment,Finance,2026-05-27 09:00,2026-05-27 09:30
CLR-0372,Physical inspection,Customs,2026-05-29 08:00,2026-05-29 11:00
CLR-0372,Release and gate-out,Terminal,2026-05-30 14:00,2026-05-30 15:00
CLR-0372,Deliver to customer,Haulage,2026-05-30 16:00,2026-05-31 14:00
CLR-0373,Check documents,Documentation,2026-05-18 08:00,2026-05-18 09:00
CLR-0373,Submit customs declaration,Customs broker,2026-05-19 16:00,2026-05-19 18:00
CLR-0373,Duty assessment,Customs,2026-05-21 09:00,2026-05-21 10:00
CLR-0373,Confirm duty payment,Finance,2026-05-23 08:00,2026-05-23 08:30
CLR-0373,Physical inspection,Customs,2026-05-24 13:30,2026-05-24 16:30
CLR-0373,Release and gate-out,Terminal,2026-05-26 08:00,2026-05-26 09:00
CLR-0373,Deliver to customer,Haulage,2026-05-26 10:00,2026-05-27 10:00
CLR-0374,Check documents,Documentation,2026-05-18 14:00,2026-05-18 17:00
CLR-0374,Submit customs declaration,Customs broker,2026-05-20 09:00,2026-05-20 11:00
CLR-0374,Duty assessment,Customs,2026-05-21 09:00,2026-05-21 10:00
CLR-0374,Confirm duty payment,Finance,2026-05-22 09:00,2026-05-22 09:30
CLR-0374,Physical inspection,Customs,2026-05-23 13:30,2026-05-23 15:30
CLR-0374,Release and gate-out,Terminal,2026-05-24 09:30,2026-05-24 10:30
CLR-0374,Deliver to customer,Haulage,2026-05-24 15:30,2026-05-25 16:30
CLR-0375,Check documents,Documentation,2026-05-19 08:00,2026-05-19 11:00
CLR-0375,Submit customs declaration,Customs broker,2026-05-21 09:00,2026-05-21 11:00
CLR-0375,Duty assessment,Customs,2026-05-22 08:00,2026-05-22 09:00
CLR-0375,Confirm duty payment,Finance,2026-05-23 09:00,2026-05-23 09:30
CLR-0375,Physical inspection,Customs,2026-05-24 14:30,2026-05-24 18:30
CLR-0375,Release and gate-out,Terminal,2026-05-25 08:30,2026-05-25 09:30
CLR-0375,Deliver to customer,Haulage,2026-05-25 11:30,2026-05-26 17:30
CLR-0376,Check documents,Documentation,2026-05-19 14:00,2026-05-19 16:00
CLR-0376,Submit customs declaration,Customs broker,2026-05-22 09:00,2026-05-22 11:00
CLR-0376,Duty assessment,Customs,2026-05-23 09:00,2026-05-23 10:00
CLR-0376,Confirm duty payment,Finance,2026-05-25 10:00,2026-05-25 10:30
CLR-0376,Document review by customs,Customs,2026-05-26 08:00,2026-05-26 10:00
CLR-0376,Release and gate-out,Terminal,2026-05-27 08:00,2026-05-27 10:00
CLR-0376,Deliver to customer,Haulage,2026-05-27 13:00,2026-05-27 21:00
CLR-0377,Check documents,Documentation,2026-05-19 09:00,2026-05-19 12:00
CLR-0377,Submit customs declaration,Customs broker,2026-05-22 08:00,2026-05-22 10:00
CLR-0377,Duty assessment,Customs,2026-05-23 09:00,2026-05-23 10:00
CLR-0377,Confirm duty payment,Finance,2026-05-26 09:00,2026-05-26 09:30
CLR-0377,Release and gate-out,Terminal,2026-05-27 09:00,2026-05-27 10:00
CLR-0377,Deliver to customer,Haulage,2026-05-27 12:00,2026-05-28 02:00
CLR-0378,Check documents,Documentation,2026-05-20 10:00,2026-05-20 11:00
CLR-0378,Submit customs declaration,Customs broker,2026-05-23 08:00,2026-05-23 10:00
CLR-0378,Duty assessment,Customs,2026-05-24 08:00,2026-05-24 09:00
CLR-0378,Confirm duty payment,Finance,2026-05-26 11:00,2026-05-26 11:30
CLR-0378,Release and gate-out,Terminal,2026-05-27 09:30,2026-05-27 11:30
CLR-0378,Deliver to customer,Haulage,2026-05-27 16:30,2026-05-28 18:30
CLR-0379,Check documents,Documentation,2026-05-20 11:00,2026-05-20 12:00
CLR-0379,Submit customs declaration,Customs broker,2026-05-23 09:00,2026-05-23 10:00
CLR-0379,Duty assessment,Customs,2026-05-24 14:00,2026-05-24 15:00
CLR-0379,Confirm duty payment,Finance,2026-05-25 09:00,2026-05-25 09:30
CLR-0379,Release and gate-out,Terminal,2026-05-26 09:00,2026-05-26 10:00
CLR-0379,Deliver to customer,Haulage,2026-05-26 16:00,2026-05-26 20:00
CLR-0380,Check documents,Documentation,2026-05-21 09:00,2026-05-21 12:00
CLR-0380,Submit customs declaration,Customs broker,2026-05-22 16:00,2026-05-22 17:00
CLR-0380,Duty assessment,Customs,2026-05-24 09:00,2026-05-24 10:00
CLR-0380,Confirm duty payment,Finance,2026-05-25 14:00,2026-05-25 14:30
CLR-0380,Physical inspection,Customs,2026-05-27 08:00,2026-05-27 11:00
CLR-0380,Release and gate-out,Terminal,2026-05-28 09:00,2026-05-28 11:00
CLR-0380,Deliver to customer,Haulage,2026-05-28 16:00,2026-05-29 00:00
CLR-0381,Check documents,Documentation,2026-05-21 08:00,2026-05-21 11:00
CLR-0381,Submit customs declaration,Customs broker,2026-05-24 09:00,2026-05-24 10:00
CLR-0381,Duty assessment,Customs,2026-05-25 10:00,2026-05-25 11:00
CLR-0381,Confirm duty payment,Finance,2026-05-27 09:00,2026-05-27 09:30
CLR-0381,Physical inspection,Customs,2026-05-28 13:30,2026-05-28 15:30
CLR-0381,Release and gate-out,Terminal,2026-05-29 08:00,2026-05-29 10:00
CLR-0381,Deliver to customer,Haulage,2026-05-29 12:00,2026-05-30 08:00
CLR-0382,Check documents,Documentation,2026-05-22 08:00,2026-05-22 10:00
CLR-0382,Submit customs declaration,Customs broker,2026-05-24 10:00,2026-05-24 12:00
CLR-0382,Duty assessment,Customs,2026-05-26 09:00,2026-05-26 10:00
CLR-0382,Confirm duty payment,Finance,2026-05-28 08:00,2026-05-28 08:30
CLR-0382,Physical inspection,Customs,2026-05-30 08:00,2026-05-30 12:00
CLR-0382,Release and gate-out,Terminal,2026-05-31 09:00,2026-05-31 10:00
CLR-0382,Deliver to customer,Haulage,2026-05-31 16:00,2026-06-01 13:00
CLR-0383,Check documents,Documentation,2026-05-21 09:00,2026-05-21 12:00
CLR-0383,Request corrected documents,Documentation,2026-05-21 15:00,2026-05-21 15:30
CLR-0383,Re-check documents,Documentation,2026-05-25 09:00,2026-05-25 10:00
CLR-0383,Submit customs declaration,Customs broker,2026-05-26 09:00,2026-05-26 10:00
CLR-0383,Duty assessment,Customs,2026-05-27 12:00,2026-05-27 13:00
CLR-0383,Confirm duty payment,Finance,2026-05-28 09:00,2026-05-28 09:30
CLR-0383,Release and gate-out,Terminal,2026-05-29 16:30,2026-05-29 18:30
CLR-0383,Deliver to customer,Haulage,2026-05-30 09:00,2026-05-30 21:00
CLR-0384,Check documents,Documentation,2026-05-21 12:00,2026-05-21 14:00
CLR-0384,Submit customs declaration,Customs broker,2026-05-24 14:00,2026-05-24 16:00
CLR-0384,Duty assessment,Customs,2026-05-26 09:00,2026-05-26 10:00
CLR-0384,Confirm duty payment,Finance,2026-05-28 16:00,2026-05-28 16:30
CLR-0384,Physical inspection,Customs,2026-05-30 08:00,2026-05-30 10:00
CLR-0384,Release and gate-out,Terminal,2026-05-31 16:00,2026-05-31 17:00
CLR-0384,Deliver to customer,Haulage,2026-06-01 08:00,2026-06-02 08:00
CLR-0385,Check documents,Documentation,2026-05-22 09:00,2026-05-22 11:00
CLR-0385,Submit customs declaration,Customs broker,2026-05-24 09:00,2026-05-24 10:00
CLR-0385,Duty assessment,Customs,2026-05-25 08:00,2026-05-25 09:00
CLR-0385,Confirm duty payment,Finance,2026-05-27 11:00,2026-05-27 11:30
CLR-0385,Release and gate-out,Terminal,2026-05-28 09:00,2026-05-28 10:00
CLR-0385,Deliver to customer,Haulage,2026-05-28 14:00,2026-05-29 02:00
CLR-0386,Check documents,Documentation,2026-05-22 14:00,2026-05-22 15:00
CLR-0386,Submit customs declaration,Customs broker,2026-05-25 09:00,2026-05-25 11:00
CLR-0386,Duty assessment,Customs,2026-05-27 09:00,2026-05-27 10:00
CLR-0386,Confirm duty payment,Finance,2026-05-29 09:00,2026-05-29 09:30
CLR-0386,Release and gate-out,Terminal,2026-05-30 13:30,2026-05-30 15:30
CLR-0386,Deliver to customer,Haulage,2026-05-31 08:00,2026-05-31 14:00
CLR-0387,Check documents,Documentation,2026-05-24 09:00,2026-05-24 12:00
CLR-0387,Submit customs declaration,Customs broker,2026-05-26 10:00,2026-05-26 12:00
CLR-0387,Duty assessment,Customs,2026-05-28 09:00,2026-05-28 10:00
CLR-0387,Confirm duty payment,Finance,2026-05-31 09:00,2026-05-31 09:30
CLR-0387,Physical inspection,Customs,2026-06-02 08:00,2026-06-02 10:00
CLR-0387,Release and gate-out,Terminal,2026-06-03 09:00,2026-06-03 11:00
CLR-0387,Deliver to customer,Haulage,2026-06-03 16:00,2026-06-04 12:00
CLR-0388,Check documents,Documentation,2026-05-24 16:00,2026-05-24 18:00
CLR-0388,Submit customs declaration,Customs broker,2026-05-26 13:00,2026-05-26 15:00
CLR-0388,Duty assessment,Customs,2026-05-27 08:00,2026-05-27 09:00
CLR-0388,Confirm duty payment,Finance,2026-05-30 09:00,2026-05-30 09:30
CLR-0388,Physical inspection,Customs,2026-06-01 09:00,2026-06-01 12:00
CLR-0388,Release and gate-out,Terminal,2026-06-02 08:00,2026-06-02 09:00
CLR-0388,Deliver to customer,Haulage,2026-06-02 14:00,2026-06-03 07:00
CLR-0389,Check documents,Documentation,2026-05-23 09:00,2026-05-23 12:00
CLR-0389,Request corrected documents,Documentation,2026-05-23 15:00,2026-05-23 15:30
CLR-0389,Re-check documents,Documentation,2026-05-26 16:30,2026-05-26 17:30
CLR-0389,Submit customs declaration,Customs broker,2026-05-27 08:00,2026-05-27 10:00
CLR-0389,Duty assessment,Customs,2026-05-28 08:00,2026-05-28 09:00
CLR-0389,Confirm duty payment,Finance,2026-05-31 09:00,2026-05-31 09:30
CLR-0389,Physical inspection,Customs,2026-06-02 08:00,2026-06-02 10:00
CLR-0389,Release and gate-out,Terminal,2026-06-04 09:00,2026-06-04 10:00
CLR-0389,Deliver to customer,Haulage,2026-06-04 11:00,2026-06-04 21:00
CLR-0390,Check documents,Documentation,2026-05-24 10:00,2026-05-24 12:00
CLR-0390,Submit customs declaration,Customs broker,2026-05-27 08:00,2026-05-27 10:00
CLR-0390,Duty assessment,Customs,2026-05-28 09:00,2026-05-28 10:00
CLR-0390,Confirm duty payment,Finance,2026-05-29 09:00,2026-05-29 09:30
CLR-0390,Physical inspection,Customs,2026-05-31 10:30,2026-05-31 12:30
CLR-0390,Release and gate-out,Terminal,2026-06-01 14:30,2026-06-01 15:30
CLR-0390,Deliver to customer,Haulage,2026-06-02 09:00,2026-06-02 22:00
CLR-0391,Check documents,Documentation,2026-05-26 09:00,2026-05-26 10:00
CLR-0391,Submit customs declaration,Customs broker,2026-05-28 09:00,2026-05-28 11:00
CLR-0391,Duty assessment,Customs,2026-05-30 09:00,2026-05-30 10:00
CLR-0391,Confirm duty payment,Finance,2026-06-01 16:00,2026-06-01 16:30
CLR-0391,Document review by customs,Customs,2026-06-02 09:00,2026-06-02 11:00
CLR-0391,Release and gate-out,Terminal,2026-06-03 09:00,2026-06-03 11:00
CLR-0391,Deliver to customer,Haulage,2026-06-03 12:00,2026-06-03 19:00
CLR-0392,Check documents,Documentation,2026-05-26 08:00,2026-05-26 10:00
CLR-0392,Submit customs declaration,Customs broker,2026-05-28 08:00,2026-05-28 09:00
CLR-0392,Duty assessment,Customs,2026-05-29 12:00,2026-05-29 13:00
CLR-0392,Confirm duty payment,Finance,2026-06-01 08:00,2026-06-01 08:30
CLR-0392,Release and gate-out,Terminal,2026-06-02 08:00,2026-06-02 10:00
CLR-0392,Deliver to customer,Haulage,2026-06-02 11:00,2026-06-03 16:00
CLR-0393,Check documents,Documentation,2026-05-26 09:00,2026-05-26 11:00
CLR-0393,Request corrected documents,Documentation,2026-05-26 12:00,2026-05-26 12:30
CLR-0393,Re-check documents,Documentation,2026-05-29 09:00,2026-05-29 10:00
CLR-0393,Request corrected documents,Documentation,2026-05-29 11:00,2026-05-29 11:30
CLR-0393,Re-check documents,Documentation,2026-05-30 14:30,2026-05-30 15:30
CLR-0393,Submit customs declaration,Customs broker,2026-05-31 10:30,2026-05-31 12:30
CLR-0393,Duty assessment,Customs,2026-06-01 16:30,2026-06-01 17:30
CLR-0393,Confirm duty payment,Finance,2026-06-03 11:30,2026-06-03 12:00
CLR-0393,Release and gate-out,Terminal,2026-06-04 14:00,2026-06-04 15:00
CLR-0393,Deliver to customer,Haulage,2026-06-04 16:00,2026-06-05 06:00
CLR-0394,Check documents,Documentation,2026-05-26 09:00,2026-05-26 12:00
CLR-0394,Submit customs declaration,Customs broker,2026-05-29 08:00,2026-05-29 10:00
CLR-0394,Duty assessment,Customs,2026-05-30 08:00,2026-05-30 09:00
CLR-0394,Confirm duty payment,Finance,2026-05-31 10:00,2026-05-31 10:30
CLR-0394,Physical inspection,Customs,2026-06-02 08:00,2026-06-02 10:00
CLR-0394,Release and gate-out,Terminal,2026-06-03 09:00,2026-06-03 11:00
CLR-0394,Deliver to customer,Haulage,2026-06-03 12:00,2026-06-04 18:00
CLR-0395,Check documents,Documentation,2026-05-28 08:00,2026-05-28 09:00
CLR-0395,Submit customs declaration,Customs broker,2026-05-30 09:00,2026-05-30 11:00
CLR-0395,Duty assessment,Customs,2026-06-01 08:00,2026-06-01 09:00
CLR-0395,Confirm duty payment,Finance,2026-06-02 08:00,2026-06-02 08:30
CLR-0395,Physical inspection,Customs,2026-06-03 15:30,2026-06-03 19:30
CLR-0395,Release and gate-out,Terminal,2026-06-04 14:30,2026-06-04 16:30
CLR-0395,Deliver to customer,Haulage,2026-06-05 08:00,2026-06-05 20:00
CLR-0396,Check documents,Documentation,2026-05-27 12:00,2026-05-27 14:00
CLR-0396,Submit customs declaration,Customs broker,2026-05-29 16:00,2026-05-29 17:00
CLR-0396,Duty assessment,Customs,2026-05-31 08:00,2026-05-31 09:00
CLR-0396,Confirm duty payment,Finance,2026-06-02 08:00,2026-06-02 08:30
CLR-0396,Physical inspection,Customs,2026-06-03 14:30,2026-06-03 18:30
CLR-0396,Release and gate-out,Terminal,2026-06-04 13:30,2026-06-04 14:30
CLR-0396,Deliver to customer,Haulage,2026-06-05 08:00,2026-06-06 09:00
CLR-0397,Check documents,Documentation,2026-05-28 09:00,2026-05-28 11:00
CLR-0397,Submit customs declaration,Customs broker,2026-05-30 09:00,2026-05-30 11:00
CLR-0397,Duty assessment,Customs,2026-05-31 11:00,2026-05-31 12:00
CLR-0397,Confirm duty payment,Finance,2026-06-03 09:00,2026-06-03 09:30
CLR-0397,Document review by customs,Customs,2026-06-04 15:30,2026-06-04 17:30
CLR-0397,Release and gate-out,Terminal,2026-06-05 08:00,2026-06-05 10:00
CLR-0397,Deliver to customer,Haulage,2026-06-05 11:00,2026-06-06 12:00
CLR-0398,Check documents,Documentation,2026-05-27 12:00,2026-05-27 15:00
CLR-0398,Submit customs declaration,Customs broker,2026-05-30 14:00,2026-05-30 15:00
CLR-0398,Duty assessment,Customs,2026-05-31 09:00,2026-05-31 10:00
CLR-0398,Confirm duty payment,Finance,2026-06-02 08:00,2026-06-02 08:30
CLR-0398,Physical inspection,Customs,2026-06-04 08:00,2026-06-04 12:00
CLR-0398,Release and gate-out,Terminal,2026-06-05 09:00,2026-06-05 10:00
CLR-0398,Deliver to customer,Haulage,2026-06-05 15:00,2026-06-06 17:00
CLR-0399,Check documents,Documentation,2026-05-29 09:00,2026-05-29 12:00
CLR-0399,Submit customs declaration,Customs broker,2026-05-31 10:00,2026-05-31 11:00
CLR-0399,Duty assessment,Customs,2026-06-01 09:00,2026-06-01 10:00
CLR-0399,Confirm duty payment,Finance,2026-06-03 08:00,2026-06-03 08:30
CLR-0399,Document review by customs,Customs,2026-06-04 08:30,2026-06-04 10:30
CLR-0399,Release and gate-out,Terminal,2026-06-05 08:30,2026-06-05 09:30
CLR-0399,Deliver to customer,Haulage,2026-06-05 13:30,2026-06-06 01:30
CLR-0400,Check documents,Documentation,2026-05-28 09:00,2026-05-28 12:00
CLR-0400,Submit customs declaration,Customs broker,2026-05-31 09:00,2026-05-31 11:00
CLR-0400,Duty assessment,Customs,2026-06-01 14:00,2026-06-01 15:00
CLR-0400,Confirm duty payment,Finance,2026-06-03 09:00,2026-06-03 09:30
CLR-0400,Document review by customs,Customs,2026-06-04 09:00,2026-06-04 11:00
CLR-0400,Release and gate-out,Terminal,2026-06-05 13:00,2026-06-05 14:00
CLR-0400,Deliver to customer,Haulage,2026-06-06 09:00,2026-06-07 03:00
CLR-0401,Check documents,Documentation,2026-05-28 09:00,2026-05-28 11:00
CLR-0401,Submit customs declaration,Customs broker,2026-05-31 08:00,2026-05-31 10:00
CLR-0401,Duty assessment,Customs,2026-06-01 09:00,2026-06-01 10:00
CLR-0401,Confirm duty payment,Finance,2026-06-02 09:00,2026-06-02 09:30
CLR-0401,Physical inspection,Customs,2026-06-04 09:00,2026-06-04 12:00
CLR-0401,Release and gate-out,Terminal,2026-06-06 08:00,2026-06-06 10:00
CLR-0401,Deliver to customer,Haulage,2026-06-06 11:00,2026-06-06 21:00
CLR-0402,Check documents,Documentation,2026-05-29 08:00,2026-05-29 11:00
CLR-0402,Submit customs declaration,Customs broker,2026-06-01 08:00,2026-06-01 10:00
CLR-0402,Duty assessment,Customs,2026-06-02 08:00,2026-06-02 09:00
CLR-0402,Confirm duty payment,Finance,2026-06-04 09:00,2026-06-04 09:30
CLR-0402,Physical inspection,Customs,2026-06-06 09:30,2026-06-06 11:30
CLR-0402,Release and gate-out,Terminal,2026-06-07 08:00,2026-06-07 10:00
CLR-0402,Deliver to customer,Haulage,2026-06-07 15:00,2026-06-07 20:00
CLR-0403,Check documents,Documentation,2026-05-30 11:00,2026-05-30 13:00
CLR-0403,Request corrected documents,Documentation,2026-05-31 08:00,2026-05-31 08:30
CLR-0403,Re-check documents,Documentation,2026-06-02 14:30,2026-06-02 15:30
CLR-0403,Submit customs declaration,Customs broker,2026-06-03 08:00,2026-06-03 10:00
CLR-0403,Duty assessment,Customs,2026-06-05 08:00,2026-06-05 09:00
CLR-0403,Confirm duty payment,Finance,2026-06-08 09:00,2026-06-08 09:30
CLR-0403,Release and gate-out,Terminal,2026-06-09 14:30,2026-06-09 15:30
CLR-0403,Deliver to customer,Haulage,2026-06-10 09:00,2026-06-11 03:00
CLR-0404,Check documents,Documentation,2026-05-30 16:00,2026-05-30 18:00
CLR-0404,Submit customs declaration,Customs broker,2026-06-02 09:00,2026-06-02 10:00
CLR-0404,Duty assessment,Customs,2026-06-03 08:00,2026-06-03 09:00
CLR-0404,Confirm duty payment,Finance,2026-06-05 13:00,2026-06-05 13:30
CLR-0404,Release and gate-out,Terminal,2026-06-06 10:30,2026-06-06 12:30
CLR-0404,Deliver to customer,Haulage,2026-06-06 16:30,2026-06-07 08:30
CLR-0405,Check documents,Documentation,2026-05-31 13:00,2026-05-31 15:00
CLR-0405,Request corrected documents,Documentation,2026-06-01 08:00,2026-06-01 08:30
CLR-0405,Re-check documents,Documentation,2026-06-03 11:30,2026-06-03 12:30
CLR-0405,Submit customs declaration,Customs broker,2026-06-04 08:00,2026-06-04 09:00
CLR-0405,Duty assessment,Customs,2026-06-06 08:00,2026-06-06 09:00
CLR-0405,Confirm duty payment,Finance,2026-06-07 12:00,2026-06-07 12:30
CLR-0405,Physical inspection,Customs,2026-06-09 09:00,2026-06-09 13:00
CLR-0405,Release and gate-out,Terminal,2026-06-10 08:00,2026-06-10 09:00
CLR-0405,Deliver to customer,Haulage,2026-06-10 15:00,2026-06-11 14:00
CLR-0406,Check documents,Documentation,2026-05-30 09:00,2026-05-30 11:00
CLR-0406,Request corrected documents,Documentation,2026-05-30 14:00,2026-05-30 14:30
CLR-0406,Re-check documents,Documentation,2026-06-03 09:00,2026-06-03 10:00
CLR-0406,Submit customs declaration,Customs broker,2026-06-03 12:00,2026-06-03 13:00
CLR-0406,Duty assessment,Customs,2026-06-05 08:00,2026-06-05 09:00
CLR-0406,Confirm duty payment,Finance,2026-06-06 08:00,2026-06-06 08:30
CLR-0406,Document review by customs,Customs,2026-06-07 10:30,2026-06-07 12:30
CLR-0406,Release and gate-out,Terminal,2026-06-09 08:00,2026-06-09 09:00
CLR-0406,Deliver to customer,Haulage,2026-06-09 10:00,2026-06-09 23:00
CLR-0407,Check documents,Documentation,2026-05-30 10:00,2026-05-30 12:00
CLR-0407,Submit customs declaration,Customs broker,2026-06-02 09:00,2026-06-02 10:00
CLR-0407,Duty assessment,Customs,2026-06-03 08:00,2026-06-03 09:00
CLR-0407,Confirm duty payment,Finance,2026-06-05 08:00,2026-06-05 08:30
CLR-0407,Document review by customs,Customs,2026-06-06 08:30,2026-06-06 10:30
CLR-0407,Release and gate-out,Terminal,2026-06-07 08:00,2026-06-07 09:00
CLR-0407,Deliver to customer,Haulage,2026-06-07 11:00,2026-06-07 20:00
CLR-0408,Check documents,Documentation,2026-05-31 08:00,2026-05-31 11:00
CLR-0408,Request corrected documents,Documentation,2026-05-31 12:00,2026-05-31 12:30
CLR-0408,Re-check documents,Documentation,2026-06-02 09:00,2026-06-02 10:00
CLR-0408,Submit customs declaration,Customs broker,2026-06-02 12:00,2026-06-02 13:00
CLR-0408,Duty assessment,Customs,2026-06-03 12:00,2026-06-03 13:00
CLR-0408,Confirm duty payment,Finance,2026-06-06 08:00,2026-06-06 08:30
CLR-0408,Release and gate-out,Terminal,2026-06-07 08:00,2026-06-07 09:00
CLR-0408,Deliver to customer,Haulage,2026-06-07 13:00,2026-06-08 15:00
CLR-0409,Check documents,Documentation,2026-06-01 08:00,2026-06-01 09:00
CLR-0409,Submit customs declaration,Customs broker,2026-06-02 16:00,2026-06-02 18:00
CLR-0409,Duty assessment,Customs,2026-06-04 09:00,2026-06-04 10:00
CLR-0409,Confirm duty payment,Finance,2026-06-06 08:00,2026-06-06 08:30
CLR-0409,Release and gate-out,Terminal,2026-06-07 10:30,2026-06-07 11:30
CLR-0409,Deliver to customer,Haulage,2026-06-07 12:30,2026-06-08 07:30
CLR-0410,Check documents,Documentation,2026-06-01 08:00,2026-06-01 11:00
CLR-0410,Submit customs declaration,Customs broker,2026-06-03 13:00,2026-06-03 15:00
CLR-0410,Duty assessment,Customs,2026-06-04 10:00,2026-06-04 11:00
CLR-0410,Confirm duty payment,Finance,2026-06-06 14:00,2026-06-06 14:30
CLR-0410,Physical inspection,Customs,2026-06-08 09:00,2026-06-08 13:00
CLR-0410,Release and gate-out,Terminal,2026-06-09 14:00,2026-06-09 16:00
CLR-0410,Deliver to customer,Haulage,2026-06-10 08:00,2026-06-10 22:00
CLR-0411,Check documents,Documentation,2026-06-01 08:00,2026-06-01 11:00
CLR-0411,Submit customs declaration,Customs broker,2026-06-03 11:00,2026-06-03 13:00
CLR-0411,Duty assessment,Customs,2026-06-04 14:00,2026-06-04 15:00
CLR-0411,Confirm duty payment,Finance,2026-06-06 08:00,2026-06-06 08:30
CLR-0411,Physical inspection,Customs,2026-06-08 09:00,2026-06-08 12:00
CLR-0411,Release and gate-out,Terminal,2026-06-09 15:00,2026-06-09 17:00
CLR-0411,Deliver to customer,Haulage,2026-06-10 09:00,2026-06-11 00:00
CLR-0412,Check documents,Documentation,2026-06-02 09:00,2026-06-02 10:00
CLR-0412,Submit customs declaration,Customs broker,2026-06-04 08:00,2026-06-04 10:00
CLR-0412,Duty assessment,Customs,2026-06-05 08:00,2026-06-05 09:00
CLR-0412,Confirm duty payment,Finance,2026-06-08 08:00,2026-06-08 08:30
CLR-0412,Release and gate-out,Terminal,2026-06-09 09:00,2026-06-09 11:00
CLR-0412,Deliver to customer,Haulage,2026-06-09 14:00,2026-06-09 20:00
CLR-0413,Check documents,Documentation,2026-06-02 13:00,2026-06-02 16:00
CLR-0413,Submit customs declaration,Customs broker,2026-06-04 09:00,2026-06-04 11:00
CLR-0413,Duty assessment,Customs,2026-06-06 08:00,2026-06-06 09:00
CLR-0413,Confirm duty payment,Finance,2026-06-08 09:00,2026-06-08 09:30
CLR-0413,Document review by customs,Customs,2026-06-09 10:30,2026-06-09 12:30
CLR-0413,Release and gate-out,Terminal,2026-06-11 08:00,2026-06-11 10:00
CLR-0413,Deliver to customer,Haulage,2026-06-11 15:00,2026-06-12 12:00
CLR-0414,Check documents,Documentation,2026-06-03 08:00,2026-06-03 11:00
CLR-0414,Submit customs declaration,Customs broker,2026-06-05 09:00,2026-06-05 10:00
CLR-0414,Duty assessment,Customs,2026-06-06 09:00,2026-06-06 10:00
CLR-0414,Confirm duty payment,Finance,2026-06-07 15:00,2026-06-07 15:30
CLR-0414,Release and gate-out,Terminal,2026-06-08 13:30,2026-06-08 14:30
CLR-0414,Deliver to customer,Haulage,2026-06-08 16:30,2026-06-09 18:30
CLR-0415,Check documents,Documentation,2026-06-03 09:00,2026-06-03 12:00
CLR-0415,Submit customs declaration,Customs broker,2026-06-04 08:00,2026-06-04 09:00
CLR-0415,Duty assessment,Customs,2026-06-05 15:00,2026-06-05 16:00
CLR-0415,Confirm duty payment,Finance,2026-06-08 08:00,2026-06-08 08:30
CLR-0415,Release and gate-out,Terminal,2026-06-09 08:00,2026-06-09 10:00
CLR-0415,Deliver to customer,Haulage,2026-06-09 16:00,2026-06-09 23:00
CLR-0416,Check documents,Documentation,2026-06-03 08:00,2026-06-03 09:00
CLR-0416,Submit customs declaration,Customs broker,2026-06-05 10:00,2026-06-05 12:00
CLR-0416,Duty assessment,Customs,2026-06-07 09:00,2026-06-07 10:00
CLR-0416,Confirm duty payment,Finance,2026-06-08 12:00,2026-06-08 12:30
CLR-0416,Release and gate-out,Terminal,2026-06-09 09:00,2026-06-09 10:00
CLR-0416,Deliver to customer,Haulage,2026-06-09 15:00,2026-06-10 00:00
CLR-0417,Check documents,Documentation,2026-06-02 09:00,2026-06-02 11:00
CLR-0417,Submit customs declaration,Customs broker,2026-06-05 08:00,2026-06-05 09:00
CLR-0417,Duty assessment,Customs,2026-06-06 08:00,2026-06-06 09:00
CLR-0417,Confirm duty payment,Finance,2026-06-09 08:00,2026-06-09 08:30
CLR-0417,Physical inspection,Customs,2026-06-11 09:00,2026-06-11 12:00
CLR-0417,Release and gate-out,Terminal,2026-06-12 08:00,2026-06-12 09:00
CLR-0417,Deliver to customer,Haulage,2026-06-12 10:00,2026-06-13 03:00
CLR-0418,Check documents,Documentation,2026-06-02 09:00,2026-06-02 11:00
CLR-0418,Submit customs declaration,Customs broker,2026-06-05 08:00,2026-06-05 10:00
CLR-0418,Duty assessment,Customs,2026-06-07 08:00,2026-06-07 09:00
CLR-0418,Confirm duty payment,Finance,2026-06-09 08:00,2026-06-09 08:30
CLR-0418,Physical inspection,Customs,2026-06-10 14:30,2026-06-10 17:30
CLR-0418,Release and gate-out,Terminal,2026-06-11 08:30,2026-06-11 10:30
CLR-0418,Deliver to customer,Haulage,2026-06-11 14:30,2026-06-12 10:30
CLR-0419,Check documents,Documentation,2026-06-04 08:00,2026-06-04 09:00
CLR-0419,Submit customs declaration,Customs broker,2026-06-06 08:00,2026-06-06 09:00
CLR-0419,Duty assessment,Customs,2026-06-07 08:00,2026-06-07 09:00
CLR-0419,Confirm duty payment,Finance,2026-06-08 12:00,2026-06-08 12:30
CLR-0419,Document review by customs,Customs,2026-06-09 15:30,2026-06-09 17:30
CLR-0419,Release and gate-out,Terminal,2026-06-11 09:00,2026-06-11 10:00
CLR-0419,Deliver to customer,Haulage,2026-06-11 15:00,2026-06-11 22:00
CLR-0420,Check documents,Documentation,2026-06-03 15:00,2026-06-03 16:00
CLR-0420,Request corrected documents,Documentation,2026-06-04 09:00,2026-06-04 09:30
CLR-0420,Re-check documents,Documentation,2026-06-05 13:30,2026-06-05 14:30
CLR-0420,Submit customs declaration,Customs broker,2026-06-06 08:00,2026-06-06 09:00
CLR-0420,Duty assessment,Customs,2026-06-07 09:00,2026-06-07 10:00
CLR-0420,Confirm duty payment,Finance,2026-06-10 08:00,2026-06-10 08:30
CLR-0420,Physical inspection,Customs,2026-06-11 13:30,2026-06-11 16:30
CLR-0420,Release and gate-out,Terminal,2026-06-12 09:00,2026-06-12 11:00
CLR-0420,Deliver to customer,Haulage,2026-06-12 15:00,2026-06-12 19:00
CLR-0421,Check documents,Documentation,2026-06-04 13:00,2026-06-04 15:00
CLR-0421,Submit customs declaration,Customs broker,2026-06-07 09:00,2026-06-07 10:00
CLR-0421,Duty assessment,Customs,2026-06-08 12:00,2026-06-08 13:00
CLR-0421,Confirm duty payment,Finance,2026-06-09 08:00,2026-06-09 08:30
CLR-0421,Physical inspection,Customs,2026-06-11 09:00,2026-06-11 12:00
CLR-0421,Release and gate-out,Terminal,2026-06-12 12:00,2026-06-12 14:00
CLR-0421,Deliver to customer,Haulage,2026-06-12 15:00,2026-06-13 05:00
CLR-0422,Check documents,Documentation,2026-06-04 09:00,2026-06-04 12:00
CLR-0422,Submit customs declaration,Customs broker,2026-06-06 15:00,2026-06-06 17:00
CLR-0422,Duty assessment,Customs,2026-06-07 09:00,2026-06-07 10:00
CLR-0422,Confirm duty payment,Finance,2026-06-08 09:00,2026-06-08 09:30
CLR-0422,Physical inspection,Customs,2026-06-10 08:00,2026-06-10 11:00
CLR-0422,Release and gate-out,Terminal,2026-06-11 09:00,2026-06-11 11:00
CLR-0422,Deliver to customer,Haulage,2026-06-12 08:00,2026-06-12 20:00
CLR-0423,Check documents,Documentation,2026-06-05 09:00,2026-06-05 10:00
CLR-0423,Submit customs declaration,Customs broker,2026-06-08 12:00,2026-06-08 14:00
CLR-0423,Duty assessment,Customs,2026-06-09 11:00,2026-06-09 12:00
CLR-0423,Confirm duty payment,Finance,2026-06-12 09:00,2026-06-12 09:30
CLR-0423,Physical inspection,Customs,2026-06-14 08:00,2026-06-14 12:00
CLR-0423,Release and gate-out,Terminal,2026-06-15 09:00,2026-06-15 11:00
CLR-0423,Deliver to customer,Haulage,2026-06-15 12:00,2026-06-15 17:00
CLR-0424,Check documents,Documentation,2026-06-06 09:00,2026-06-06 11:00
CLR-0424,Submit customs declaration,Customs broker,2026-06-08 09:00,2026-06-08 10:00
CLR-0424,Duty assessment,Customs,2026-06-09 11:00,2026-06-09 12:00
CLR-0424,Confirm duty payment,Finance,2026-06-10 08:00,2026-06-10 08:30
CLR-0424,Release and gate-out,Terminal,2026-06-11 09:00,2026-06-11 10:00
CLR-0424,Deliver to customer,Haulage,2026-06-11 13:00,2026-06-12 01:00
CLR-0425,Check documents,Documentation,2026-06-05 08:00,2026-06-05 10:00
CLR-0425,Submit customs declaration,Customs broker,2026-06-08 08:00,2026-06-08 10:00
CLR-0425,Duty assessment,Customs,2026-06-09 08:00,2026-06-09 09:00
CLR-0425,Confirm duty payment,Finance,2026-06-12 09:00,2026-06-12 09:30
CLR-0425,Physical inspection,Customs,2026-06-14 14:30,2026-06-14 16:30
CLR-0425,Release and gate-out,Terminal,2026-06-16 09:00,2026-06-16 10:00
CLR-0425,Deliver to customer,Haulage,2026-06-16 12:00,2026-06-16 17:00
CLR-0426,Check documents,Documentation,2026-06-06 09:00,2026-06-06 12:00
CLR-0426,Submit customs declaration,Customs broker,2026-06-08 09:00,2026-06-08 10:00
CLR-0426,Duty assessment,Customs,2026-06-10 08:00,2026-06-10 09:00
CLR-0426,Confirm duty payment,Finance,2026-06-13 08:00,2026-06-13 08:30
CLR-0426,Physical inspection,Customs,2026-06-15 09:00,2026-06-15 11:00
CLR-0426,Release and gate-out,Terminal,2026-06-17 09:00,2026-06-17 11:00
CLR-0426,Deliver to customer,Haulage,2026-06-17 12:00,2026-06-18 16:00
CLR-0427,Check documents,Documentation,2026-06-07 09:00,2026-06-07 12:00
CLR-0427,Submit customs declaration,Customs broker,2026-06-09 09:00,2026-06-09 11:00
CLR-0427,Duty assessment,Customs,2026-06-10 08:00,2026-06-10 09:00
CLR-0427,Confirm duty payment,Finance,2026-06-13 08:00,2026-06-13 08:30
CLR-0427,Physical inspection,Customs,2026-06-15 09:00,2026-06-15 12:00
CLR-0427,Release and gate-out,Terminal,2026-06-16 08:00,2026-06-16 10:00
CLR-0427,Deliver to customer,Haulage,2026-06-16 13:00,2026-06-16 22:00
CLR-0428,Check documents,Documentation,2026-06-07 09:00,2026-06-07 11:00
CLR-0428,Submit customs declaration,Customs broker,2026-06-09 09:00,2026-06-09 11:00
CLR-0428,Duty assessment,Customs,2026-06-10 08:00,2026-06-10 09:00
CLR-0428,Confirm duty payment,Finance,2026-06-13 08:00,2026-06-13 08:30
CLR-0428,Release and gate-out,Terminal,2026-06-14 12:30,2026-06-14 14:30
CLR-0428,Deliver to customer,Haulage,2026-06-14 16:30,2026-06-15 03:30
CLR-0429,Check documents,Documentation,2026-06-08 10:00,2026-06-08 11:00
CLR-0429,Submit customs declaration,Customs broker,2026-06-09 15:00,2026-06-09 16:00
CLR-0429,Duty assessment,Customs,2026-06-10 09:00,2026-06-10 10:00
CLR-0429,Confirm duty payment,Finance,2026-06-13 08:00,2026-06-13 08:30
CLR-0429,Physical inspection,Customs,2026-06-15 09:00,2026-06-15 11:00
CLR-0429,Release and gate-out,Terminal,2026-06-16 09:00,2026-06-16 10:00
CLR-0429,Deliver to customer,Haulage,2026-06-16 12:00,2026-06-16 22:00
CLR-0430,Check documents,Documentation,2026-06-08 09:00,2026-06-08 10:00
CLR-0430,Submit customs declaration,Customs broker,2026-06-10 08:00,2026-06-10 10:00
CLR-0430,Duty assessment,Customs,2026-06-11 16:00,2026-06-11 17:00
CLR-0430,Confirm duty payment,Finance,2026-06-13 08:00,2026-06-13 08:30
CLR-0430,Release and gate-out,Terminal,2026-06-14 08:00,2026-06-14 09:00
CLR-0430,Deliver to customer,Haulage,2026-06-14 15:00,2026-06-15 12:00
CLR-0431,Check documents,Documentation,2026-06-07 09:00,2026-06-07 12:00
CLR-0431,Submit customs declaration,Customs broker,2026-06-10 08:00,2026-06-10 10:00
CLR-0431,Duty assessment,Customs,2026-06-11 13:00,2026-06-11 14:00
CLR-0431,Confirm duty payment,Finance,2026-06-14 11:00,2026-06-14 11:30
CLR-0431,Release and gate-out,Terminal,2026-06-15 08:30,2026-06-15 09:30
CLR-0431,Deliver to customer,Haulage,2026-06-15 10:30,2026-06-15 15:30
CLR-0432,Check documents,Documentation,2026-06-08 09:00,2026-06-08 11:00
CLR-0432,Submit customs declaration,Customs broker,2026-06-10 08:00,2026-06-10 09:00
CLR-0432,Duty assessment,Customs,2026-06-12 09:00,2026-06-12 10:00
CLR-0432,Confirm duty payment,Finance,2026-06-14 09:00,2026-06-14 09:30
CLR-0432,Release and gate-out,Terminal,2026-06-15 16:30,2026-06-15 17:30
CLR-0432,Deliver to customer,Haulage,2026-06-16 08:00,2026-06-17 09:00
CLR-0433,Check documents,Documentation,2026-06-07 08:00,2026-06-07 09:00
CLR-0433,Submit customs declaration,Customs broker,2026-06-10 08:00,2026-06-10 09:00
CLR-0433,Duty assessment,Customs,2026-06-12 09:00,2026-06-12 10:00
CLR-0433,Confirm duty payment,Finance,2026-06-13 16:00,2026-06-13 16:30
CLR-0433,Physical inspection,Customs,2026-06-15 14:30,2026-06-15 17:30
CLR-0433,Release and gate-out,Terminal,2026-06-16 16:30,2026-06-16 18:30
CLR-0433,Deliver to customer,Haulage,2026-06-17 09:00,2026-06-18 12:00
CLR-0434,Check documents,Documentation,2026-06-09 09:00,2026-06-09 12:00
CLR-0434,Submit customs declaration,Customs broker,2026-06-11 08:00,2026-06-11 09:00
CLR-0434,Duty assessment,Customs,2026-06-13 09:00,2026-06-13 10:00
CLR-0434,Confirm duty payment,Finance,2026-06-15 08:00,2026-06-15 08:30
CLR-0434,Release and gate-out,Terminal,2026-06-16 13:30,2026-06-16 15:30
CLR-0434,Deliver to customer,Haulage,2026-06-17 09:00,2026-06-18 07:00
CLR-0435,Check documents,Documentation,2026-06-09 13:00,2026-06-09 16:00
CLR-0435,Submit customs declaration,Customs broker,2026-06-12 14:00,2026-06-12 15:00
CLR-0435,Duty assessment,Customs,2026-06-13 10:00,2026-06-13 11:00
CLR-0435,Confirm duty payment,Finance,2026-06-16 08:00,2026-06-16 08:30
CLR-0435,Physical inspection,Customs,2026-06-17 10:30,2026-06-17 14:30
CLR-0435,Release and gate-out,Terminal,2026-06-19 09:00,2026-06-19 11:00
CLR-0435,Deliver to customer,Haulage,2026-06-19 14:00,2026-06-20 12:00
CLR-0436,Check documents,Documentation,2026-06-10 13:00,2026-06-10 14:00
CLR-0436,Request corrected documents,Documentation,2026-06-11 09:00,2026-06-11 09:30
CLR-0436,Re-check documents,Documentation,2026-06-12 08:00,2026-06-12 09:00
CLR-0436,Submit customs declaration,Customs broker,2026-06-12 16:00,2026-06-12 18:00
CLR-0436,Duty assessment,Customs,2026-06-14 08:00,2026-06-14 09:00
CLR-0436,Confirm duty payment,Finance,2026-06-15 16:00,2026-06-15 16:30
CLR-0436,Physical inspection,Customs,2026-06-17 09:00,2026-06-17 11:00
CLR-0436,Release and gate-out,Terminal,2026-06-18 08:00,2026-06-18 10:00
CLR-0436,Deliver to customer,Haulage,2026-06-18 11:00,2026-06-19 06:00
CLR-0437,Check documents,Documentation,2026-06-10 08:00,2026-06-10 11:00
CLR-0437,Submit customs declaration,Customs broker,2026-06-11 10:00,2026-06-11 12:00
CLR-0437,Duty assessment,Customs,2026-06-13 08:00,2026-06-13 09:00
CLR-0437,Confirm duty payment,Finance,2026-06-15 11:00,2026-06-15 11:30
CLR-0437,Release and gate-out,Terminal,2026-06-16 08:30,2026-06-16 10:30
CLR-0437,Deliver to customer,Haulage,2026-06-16 11:30,2026-06-17 05:30
CLR-0438,Check documents,Documentation,2026-06-11 08:00,2026-06-11 11:00
CLR-0438,Submit customs declaration,Customs broker,2026-06-12 13:00,2026-06-12 15:00
CLR-0438,Duty assessment,Customs,2026-06-13 10:00,2026-06-13 11:00
CLR-0438,Confirm duty payment,Finance,2026-06-14 13:00,2026-06-14 13:30
CLR-0438,Release and gate-out,Terminal,2026-06-16 08:00,2026-06-16 10:00
CLR-0438,Deliver to customer,Haulage,2026-06-16 14:00,2026-06-17 04:00
CLR-0439,Check documents,Documentation,2026-06-10 08:00,2026-06-10 10:00
CLR-0439,Submit customs declaration,Customs broker,2026-06-13 09:00,2026-06-13 10:00
CLR-0439,Duty assessment,Customs,2026-06-15 08:00,2026-06-15 09:00
CLR-0439,Confirm duty payment,Finance,2026-06-18 08:00,2026-06-18 08:30
CLR-0439,Release and gate-out,Terminal,2026-06-19 08:00,2026-06-19 09:00
CLR-0439,Deliver to customer,Haulage,2026-06-19 13:00,2026-06-20 06:00
CLR-0440,Check documents,Documentation,2026-06-11 08:00,2026-06-11 10:00
CLR-0440,Submit customs declaration,Customs broker,2026-06-14 08:00,2026-06-14 09:00
CLR-0440,Duty assessment,Customs,2026-06-16 08:00,2026-06-16 09:00
CLR-0440,Confirm duty payment,Finance,2026-06-17 08:00,2026-06-17 08:30
CLR-0440,Document review by customs,Customs,2026-06-18 14:30,2026-06-18 16:30
CLR-0440,Release and gate-out,Terminal,2026-06-20 09:00,2026-06-20 11:00
CLR-0440,Deliver to customer,Haulage,2026-06-20 12:00,2026-06-21 13:00
CLR-0441,Check documents,Documentation,2026-06-11 14:00,2026-06-11 15:00
CLR-0441,Submit customs declaration,Customs broker,2026-06-14 08:00,2026-06-14 09:00
CLR-0441,Duty assessment,Customs,2026-06-15 09:00,2026-06-15 10:00
CLR-0441,Confirm duty payment,Finance,2026-06-17 08:00,2026-06-17 08:30
CLR-0441,Release and gate-out,Terminal,2026-06-18 08:00,2026-06-18 09:00
CLR-0441,Deliver to customer,Haulage,2026-06-18 10:00,2026-06-18 23:00
CLR-0442,Check documents,Documentation,2026-06-12 09:00,2026-06-12 10:00
CLR-0442,Submit customs declaration,Customs broker,2026-06-13 08:00,2026-06-13 10:00
CLR-0442,Duty assessment,Customs,2026-06-15 08:00,2026-06-15 09:00
CLR-0442,Confirm duty payment,Finance,2026-06-18 09:00,2026-06-18 09:30
CLR-0442,Physical inspection,Customs,2026-06-20 09:00,2026-06-20 11:00
CLR-0442,Release and gate-out,Terminal,2026-06-21 12:00,2026-06-21 13:00
CLR-0442,Deliver to customer,Haulage,2026-06-21 15:00,2026-06-22 17:00
CLR-0443,Check documents,Documentation,2026-06-13 13:00,2026-06-13 14:00
CLR-0443,Submit customs declaration,Customs broker,2026-06-15 13:00,2026-06-15 15:00
CLR-0443,Duty assessment,Customs,2026-06-16 11:00,2026-06-16 12:00
CLR-0443,Confirm duty payment,Finance,2026-06-19 08:00,2026-06-19 08:30
CLR-0443,Document review by customs,Customs,2026-06-20 09:00,2026-06-20 11:00
CLR-0443,Release and gate-out,Terminal,2026-06-22 09:00,2026-06-22 10:00
CLR-0443,Deliver to customer,Haulage,2026-06-22 13:00,2026-06-23 15:00
CLR-0444,Check documents,Documentation,2026-06-14 12:00,2026-06-14 15:00
CLR-0444,Submit customs declaration,Customs broker,2026-06-16 09:00,2026-06-16 11:00
CLR-0444,Duty assessment,Customs,2026-06-17 13:00,2026-06-17 14:00
CLR-0444,Confirm duty payment,Finance,2026-06-19 09:00,2026-06-19 09:30
CLR-0444,Physical inspection,Customs,2026-06-20 12:30,2026-06-20 14:30
CLR-0444,Release and gate-out,Terminal,2026-06-21 10:30,2026-06-21 12:30
CLR-0444,Deliver to customer,Haulage,2026-06-21 13:30,2026-06-22 04:30
CLR-0445,Check documents,Documentation,2026-06-14 08:00,2026-06-14 09:00
CLR-0445,Submit customs declaration,Customs broker,2026-06-16 09:00,2026-06-16 11:00
CLR-0445,Duty assessment,Customs,2026-06-18 09:00,2026-06-18 10:00
CLR-0445,Confirm duty payment,Finance,2026-06-20 09:00,2026-06-20 09:30
CLR-0445,Release and gate-out,Terminal,2026-06-21 08:00,2026-06-21 09:00
CLR-0445,Deliver to customer,Haulage,2026-06-21 11:00,2026-06-22 06:00
CLR-0446,Check documents,Documentation,2026-06-15 08:00,2026-06-15 10:00
CLR-0446,Request corrected documents,Documentation,2026-06-15 14:00,2026-06-15 14:30
CLR-0446,Re-check documents,Documentation,2026-06-18 10:30,2026-06-18 11:30
CLR-0446,Submit customs declaration,Customs broker,2026-06-19 08:00,2026-06-19 10:00
CLR-0446,Duty assessment,Customs,2026-06-20 13:00,2026-06-20 14:00
CLR-0446,Confirm duty payment,Finance,2026-06-22 09:00,2026-06-22 09:30
CLR-0446,Physical inspection,Customs,2026-06-23 09:30,2026-06-23 13:30
CLR-0446,Release and gate-out,Terminal,2026-06-24 10:30,2026-06-24 12:30
CLR-0446,Deliver to customer,Haulage,2026-06-25 08:00,2026-06-25 15:00
CLR-0447,Check documents,Documentation,2026-06-14 08:00,2026-06-14 10:00
CLR-0447,Submit customs declaration,Customs broker,2026-06-16 16:00,2026-06-16 18:00
CLR-0447,Duty assessment,Customs,2026-06-18 08:00,2026-06-18 09:00
CLR-0447,Confirm duty payment,Finance,2026-06-20 10:00,2026-06-20 10:30
CLR-0447,Release and gate-out,Terminal,2026-06-21 13:30,2026-06-21 15:30
CLR-0447,Deliver to customer,Haulage,2026-06-22 09:00,2026-06-23 06:00
CLR-0448,Check documents,Documentation,2026-06-14 16:00,2026-06-14 18:00
CLR-0448,Submit customs declaration,Customs broker,2026-06-17 08:00,2026-06-17 09:00
CLR-0448,Duty assessment,Customs,2026-06-19 09:00,2026-06-19 10:00
CLR-0448,Confirm duty payment,Finance,2026-06-20 09:00,2026-06-20 09:30
CLR-0448,Document review by customs,Customs,2026-06-21 09:00,2026-06-21 11:00
CLR-0448,Release and gate-out,Terminal,2026-06-22 09:00,2026-06-22 10:00
CLR-0448,Deliver to customer,Haulage,2026-06-22 14:00,2026-06-23 02:00
CLR-0449,Check documents,Documentation,2026-06-15 09:00,2026-06-15 10:00
CLR-0449,Submit customs declaration,Customs broker,2026-06-17 08:00,2026-06-17 09:00
CLR-0449,Duty assessment,Customs,2026-06-19 08:00,2026-06-19 09:00
CLR-0449,Confirm duty payment,Finance,2026-06-22 08:00,2026-06-22 08:30
CLR-0449,Physical inspection,Customs,2026-06-23 11:30,2026-06-23 14:30
CLR-0449,Release and gate-out,Terminal,2026-06-24 08:30,2026-06-24 09:30
CLR-0449,Deliver to customer,Haulage,2026-06-24 14:30,2026-06-24 21:30
CLR-0450,Check documents,Documentation,2026-06-15 08:00,2026-06-15 09:00
CLR-0450,Submit customs declaration,Customs broker,2026-06-17 09:00,2026-06-17 11:00
CLR-0450,Duty assessment,Customs,2026-06-19 09:00,2026-06-19 10:00
CLR-0450,Confirm duty payment,Finance,2026-06-21 09:00,2026-06-21 09:30
CLR-0450,Physical inspection,Customs,2026-06-23 09:00,2026-06-23 13:00
CLR-0450,Release and gate-out,Terminal,2026-06-24 12:00,2026-06-24 13:00
CLR-0450,Deliver to customer,Haulage,2026-06-24 16:00,2026-06-25 04:00
CLR-0451,Check documents,Documentation,2026-06-16 08:00,2026-06-16 09:00
CLR-0451,Submit customs declaration,Customs broker,2026-06-18 08:00,2026-06-18 09:00
CLR-0451,Duty assessment,Customs,2026-06-19 11:00,2026-06-19 12:00
CLR-0451,Confirm duty payment,Finance,2026-06-20 11:00,2026-06-20 11:30
CLR-0451,Physical inspection,Customs,2026-06-22 08:00,2026-06-22 10:00
CLR-0451,Release and gate-out,Terminal,2026-06-24 09:00,2026-06-24 10:00
CLR-0451,Deliver to customer,Haulage,2026-06-24 14:00,2026-06-25 11:00
CLR-0452,Check documents,Documentation,2026-06-17 08:00,2026-06-17 11:00
CLR-0452,Request corrected documents,Documentation,2026-06-17 13:00,2026-06-17 13:30
CLR-0452,Re-check documents,Documentation,2026-06-20 09:00,2026-06-20 10:00
CLR-0452,Submit customs declaration,Customs broker,2026-06-21 08:00,2026-06-21 10:00
CLR-0452,Duty assessment,Customs,2026-06-22 10:00,2026-06-22 11:00
CLR-0452,Confirm duty payment,Finance,2026-06-25 09:00,2026-06-25 09:30
CLR-0452,Physical inspection,Customs,2026-06-27 08:00,2026-06-27 11:00
CLR-0452,Release and gate-out,Terminal,2026-06-29 08:00,2026-06-29 09:00
CLR-0452,Deliver to customer,Haulage,2026-06-29 14:00,2026-06-29 23:00
CLR-0453,Check documents,Documentation,2026-06-16 09:00,2026-06-16 11:00
CLR-0453,Submit customs declaration,Customs broker,2026-06-19 09:00,2026-06-19 11:00
CLR-0453,Duty assessment,Customs,2026-06-21 08:00,2026-06-21 09:00
CLR-0453,Confirm duty payment,Finance,2026-06-23 08:00,2026-06-23 08:30
CLR-0453,Release and gate-out,Terminal,2026-06-24 08:00,2026-06-24 09:00
CLR-0453,Deliver to customer,Haulage,2026-06-24 10:00,2026-06-25 11:00
CLR-0454,Check documents,Documentation,2026-06-17 09:00,2026-06-17 12:00
CLR-0454,Submit customs declaration,Customs broker,2026-06-19 09:00,2026-06-19 10:00
CLR-0454,Duty assessment,Customs,2026-06-20 15:00,2026-06-20 16:00
CLR-0454,Confirm duty payment,Finance,2026-06-22 15:00,2026-06-22 15:30
CLR-0454,Physical inspection,Customs,2026-06-24 09:00,2026-06-24 11:00
CLR-0454,Release and gate-out,Terminal,2026-06-25 10:00,2026-06-25 12:00
CLR-0454,Deliver to customer,Haulage,2026-06-25 16:00,2026-06-26 09:00
CLR-0455,Check documents,Documentation,2026-06-18 09:00,2026-06-18 11:00
CLR-0455,Submit customs declaration,Customs broker,2026-06-20 08:00,2026-06-20 10:00
CLR-0455,Duty assessment,Customs,2026-06-22 08:00,2026-06-22 09:00
CLR-0455,Confirm duty payment,Finance,2026-06-23 08:00,2026-06-23 08:30
CLR-0455,Physical inspection,Customs,2026-06-25 09:30,2026-06-25 12:30
CLR-0455,Release and gate-out,Terminal,2026-06-26 09:00,2026-06-26 10:00
CLR-0455,Deliver to customer,Haulage,2026-06-26 14:00,2026-06-26 20:00
CLR-0456,Check documents,Documentation,2026-06-18 09:00,2026-06-18 12:00
CLR-0456,Submit customs declaration,Customs broker,2026-06-20 15:00,2026-06-20 17:00
CLR-0456,Duty assessment,Customs,2026-06-21 10:00,2026-06-21 11:00
CLR-0456,Confirm duty payment,Finance,2026-06-22 16:00,2026-06-22 16:30
CLR-0456,Document review by customs,Customs,2026-06-23 08:30,2026-06-23 10:30
CLR-0456,Release and gate-out,Terminal,2026-06-24 09:00,2026-06-24 10:00
CLR-0456,Deliver to customer,Haulage,2026-06-24 16:00,2026-06-24 23:00
CLR-0457,Check documents,Documentation,2026-06-18 08:00,2026-06-18 09:00
CLR-0457,Submit customs declaration,Customs broker,2026-06-20 15:00,2026-06-20 16:00
CLR-0457,Duty assessment,Customs,2026-06-22 08:00,2026-06-22 09:00
CLR-0457,Confirm duty payment,Finance,2026-06-24 08:00,2026-06-24 08:30
CLR-0457,Release and gate-out,Terminal,2026-06-25 09:00,2026-06-25 11:00
CLR-0457,Deliver to customer,Haulage,2026-06-25 12:00,2026-06-25 20:00
CLR-0458,Check documents,Documentation,2026-06-18 09:00,2026-06-18 12:00
CLR-0458,Submit customs declaration,Customs broker,2026-06-21 09:00,2026-06-21 11:00
CLR-0458,Duty assessment,Customs,2026-06-22 14:00,2026-06-22 15:00
CLR-0458,Confirm duty payment,Finance,2026-06-24 09:00,2026-06-24 09:30
CLR-0458,Release and gate-out,Terminal,2026-06-25 08:00,2026-06-25 09:00
CLR-0458,Deliver to customer,Haulage,2026-06-25 15:00,2026-06-26 08:00
CLR-0459,Check documents,Documentation,2026-06-18 08:00,2026-06-18 11:00
CLR-0459,Submit customs declaration,Customs broker,2026-06-21 08:00,2026-06-21 09:00
CLR-0459,Duty assessment,Customs,2026-06-22 08:00,2026-06-22 09:00
CLR-0459,Confirm duty payment,Finance,2026-06-23 09:00,2026-06-23 09:30
CLR-0459,Release and gate-out,Terminal,2026-06-24 09:00,2026-06-24 10:00
CLR-0459,Deliver to customer,Haulage,2026-06-24 11:00,2026-06-25 04:00
CLR-0460,Check documents,Documentation,2026-06-20 08:00,2026-06-20 09:00
CLR-0460,Submit customs declaration,Customs broker,2026-06-22 09:00,2026-06-22 11:00
CLR-0460,Duty assessment,Customs,2026-06-23 08:00,2026-06-23 09:00
CLR-0460,Confirm duty payment,Finance,2026-06-24 08:00,2026-06-24 08:30
CLR-0460,Physical inspection,Customs,2026-06-26 08:00,2026-06-26 12:00
CLR-0460,Release and gate-out,Terminal,2026-06-27 09:00,2026-06-27 11:00
CLR-0460,Deliver to customer,Haulage,2026-06-27 14:00,2026-06-27 20:00
CLR-0461,Check documents,Documentation,2026-06-19 14:00,2026-06-19 16:00
CLR-0461,Submit customs declaration,Customs broker,2026-06-22 09:00,2026-06-22 11:00
CLR-0461,Duty assessment,Customs,2026-06-24 09:00,2026-06-24 10:00
CLR-0461,Confirm duty payment,Finance,2026-06-26 14:00,2026-06-26 14:30
CLR-0461,Document review by customs,Customs,2026-06-27 08:00,2026-06-27 10:00
CLR-0461,Release and gate-out,Terminal,2026-06-28 14:00,2026-06-28 15:00
CLR-0461,Deliver to customer,Haulage,2026-06-29 09:00,2026-06-30 06:00
CLR-0462,Check documents,Documentation,2026-06-21 09:00,2026-06-21 10:00
CLR-0462,Submit customs declaration,Customs broker,2026-06-22 12:00,2026-06-22 14:00
CLR-0462,Duty assessment,Customs,2026-06-24 09:00,2026-06-24 10:00
CLR-0462,Confirm duty payment,Finance,2026-06-25 08:00,2026-06-25 08:30
CLR-0462,Release and gate-out,Terminal,2026-06-26 08:30,2026-06-26 09:30
CLR-0462,Deliver to customer,Haulage,2026-06-26 15:30,2026-06-27 19:30
CLR-0463,Check documents,Documentation,2026-06-20 09:00,2026-06-20 12:00
CLR-0463,Submit customs declaration,Customs broker,2026-06-23 08:00,2026-06-23 10:00
CLR-0463,Duty assessment,Customs,2026-06-24 08:00,2026-06-24 09:00
CLR-0463,Confirm duty payment,Finance,2026-06-26 09:00,2026-06-26 09:30
CLR-0463,Physical inspection,Customs,2026-06-27 12:30,2026-06-27 15:30
CLR-0463,Release and gate-out,Terminal,2026-06-28 09:00,2026-06-28 11:00
CLR-0463,Deliver to customer,Haulage,2026-06-28 12:00,2026-06-29 11:00
CLR-0464,Check documents,Documentation,2026-06-21 12:00,2026-06-21 14:00
CLR-0464,Submit customs declaration,Customs broker,2026-06-23 13:00,2026-06-23 14:00
CLR-0464,Duty assessment,Customs,2026-06-25 09:00,2026-06-25 10:00
CLR-0464,Confirm duty payment,Finance,2026-06-28 08:00,2026-06-28 08:30
CLR-0464,Release and gate-out,Terminal,2026-06-29 09:30,2026-06-29 11:30
CLR-0464,Deliver to customer,Haulage,2026-06-30 08:00,2026-07-01 00:00
CLR-0465,Check documents,Documentation,2026-06-21 09:00,2026-06-21 10:00
CLR-0465,Submit customs declaration,Customs broker,2026-06-24 08:00,2026-06-24 09:00
CLR-0465,Duty assessment,Customs,2026-06-26 09:00,2026-06-26 10:00
CLR-0465,Confirm duty payment,Finance,2026-06-27 08:00,2026-06-27 08:30
CLR-0465,Physical inspection,Customs,2026-06-28 10:30,2026-06-28 12:30
CLR-0465,Release and gate-out,Terminal,2026-06-30 09:00,2026-06-30 11:00
CLR-0465,Deliver to customer,Haulage,2026-06-30 13:00,2026-06-30 23:00
CLR-0466,Check documents,Documentation,2026-06-22 09:00,2026-06-22 12:00
CLR-0466,Submit customs declaration,Customs broker,2026-06-24 12:00,2026-06-24 13:00
CLR-0466,Duty assessment,Customs,2026-06-25 13:00,2026-06-25 14:00
CLR-0466,Confirm duty payment,Finance,2026-06-28 09:00,2026-06-28 09:30
CLR-0466,Release and gate-out,Terminal,2026-06-29 09:00,2026-06-29 10:00
CLR-0466,Deliver to customer,Haulage,2026-06-29 12:00,2026-06-30 08:00
CLR-0467,Check documents,Documentation,2026-06-23 09:00,2026-06-23 10:00
CLR-0467,Submit customs declaration,Customs broker,2026-06-25 08:00,2026-06-25 09:00
CLR-0467,Duty assessment,Customs,2026-06-26 08:00,2026-06-26 09:00
CLR-0467,Confirm duty payment,Finance,2026-06-28 08:00,2026-06-28 08:30
CLR-0467,Physical inspection,Customs,2026-06-29 12:30,2026-06-29 16:30
CLR-0467,Release and gate-out,Terminal,2026-07-01 08:00,2026-07-01 09:00
CLR-0467,Deliver to customer,Haulage,2026-07-01 15:00,2026-07-02 18:00
CLR-0468,Check documents,Documentation,2026-06-22 09:00,2026-06-22 10:00
CLR-0468,Submit customs declaration,Customs broker,2026-06-25 09:00,2026-06-25 11:00
CLR-0468,Duty assessment,Customs,2026-06-26 08:00,2026-06-26 09:00
CLR-0468,Confirm duty payment,Finance,2026-06-28 09:00,2026-06-28 09:30
CLR-0468,Release and gate-out,Terminal,2026-06-29 15:30,2026-06-29 17:30
CLR-0468,Deliver to customer,Haulage,2026-06-30 09:00,2026-07-01 03:00
CLR-0469,Check documents,Documentation,2026-06-23 08:00,2026-06-23 10:00
CLR-0469,Submit customs declaration,Customs broker,2026-06-25 08:00,2026-06-25 10:00
CLR-0469,Duty assessment,Customs,2026-06-26 08:00,2026-06-26 09:00
CLR-0469,Confirm duty payment,Finance,2026-06-28 10:00,2026-06-28 10:30
CLR-0469,Physical inspection,Customs,2026-06-30 09:00,2026-06-30 11:00
CLR-0469,Release and gate-out,Terminal,2026-07-01 08:00,2026-07-01 09:00
CLR-0469,Deliver to customer,Haulage,2026-07-01 15:00,2026-07-02 03:00
CLR-0470,Check documents,Documentation,2026-06-24 08:00,2026-06-24 09:00
CLR-0470,Submit customs declaration,Customs broker,2026-06-26 09:00,2026-06-26 11:00
CLR-0470,Duty assessment,Customs,2026-06-27 08:00,2026-06-27 09:00
CLR-0470,Confirm duty payment,Finance,2026-06-29 12:00,2026-06-29 12:30
CLR-0470,Physical inspection,Customs,2026-07-01 08:00,2026-07-01 10:00
CLR-0470,Release and gate-out,Terminal,2026-07-02 09:00,2026-07-02 10:00
CLR-0470,Deliver to customer,Haulage,2026-07-02 14:00,2026-07-02 18:00
CLR-0471,Check documents,Documentation,2026-06-23 12:00,2026-06-23 14:00
CLR-0471,Submit customs declaration,Customs broker,2026-06-25 10:00,2026-06-25 11:00
CLR-0471,Duty assessment,Customs,2026-06-26 11:00,2026-06-26 12:00
CLR-0471,Confirm duty payment,Finance,2026-06-29 09:00,2026-06-29 09:30
CLR-0471,Document review by customs,Customs,2026-06-30 09:00,2026-06-30 11:00
CLR-0471,Release and gate-out,Terminal,2026-07-01 08:00,2026-07-01 09:00
CLR-0471,Deliver to customer,Haulage,2026-07-01 15:00,2026-07-02 12:00
CLR-0472,Check documents,Documentation,2026-06-24 12:00,2026-06-24 15:00
CLR-0472,Submit customs declaration,Customs broker,2026-06-26 09:00,2026-06-26 11:00
CLR-0472,Duty assessment,Customs,2026-06-27 13:00,2026-06-27 14:00
CLR-0472,Confirm duty payment,Finance,2026-06-30 12:00,2026-06-30 12:30
CLR-0472,Document review by customs,Customs,2026-07-01 08:00,2026-07-01 10:00
CLR-0472,Release and gate-out,Terminal,2026-07-02 08:00,2026-07-02 10:00
CLR-0472,Deliver to customer,Haulage,2026-07-02 15:00,2026-07-02 22:00
CLR-0473,Check documents,Documentation,2026-06-25 08:00,2026-06-25 11:00
CLR-0473,Submit customs declaration,Customs broker,2026-06-26 09:00,2026-06-26 10:00
CLR-0473,Duty assessment,Customs,2026-06-27 08:00,2026-06-27 09:00
CLR-0473,Confirm duty payment,Finance,2026-06-30 08:00,2026-06-30 08:30
CLR-0473,Physical inspection,Customs,2026-07-02 08:00,2026-07-02 10:00
CLR-0473,Release and gate-out,Terminal,2026-07-03 08:00,2026-07-03 09:00
CLR-0473,Deliver to customer,Haulage,2026-07-03 10:00,2026-07-04 00:00
CLR-0474,Check documents,Documentation,2026-06-23 09:00,2026-06-23 11:00
CLR-0474,Submit customs declaration,Customs broker,2026-06-26 08:00,2026-06-26 09:00
CLR-0474,Duty assessment,Customs,2026-06-27 08:00,2026-06-27 09:00
CLR-0474,Confirm duty payment,Finance,2026-06-28 08:00,2026-06-28 08:30
CLR-0474,Document review by customs,Customs,2026-06-29 13:30,2026-06-29 15:30
CLR-0474,Release and gate-out,Terminal,2026-06-30 08:00,2026-06-30 10:00
CLR-0474,Deliver to customer,Haulage,2026-06-30 16:00,2026-07-01 14:00
CLR-0475,Check documents,Documentation,2026-06-24 12:00,2026-06-24 13:00
CLR-0475,Submit customs declaration,Customs broker,2026-06-27 08:00,2026-06-27 09:00
CLR-0475,Duty assessment,Customs,2026-06-29 08:00,2026-06-29 09:00
CLR-0475,Confirm duty payment,Finance,2026-07-01 08:00,2026-07-01 08:30
CLR-0475,Document review by customs,Customs,2026-07-02 11:30,2026-07-02 13:30
CLR-0475,Release and gate-out,Terminal,2026-07-03 09:00,2026-07-03 10:00
CLR-0475,Deliver to customer,Haulage,2026-07-03 12:00,2026-07-03 22:00
CLR-0476,Check documents,Documentation,2026-06-25 08:00,2026-06-25 09:00
CLR-0476,Submit customs declaration,Customs broker,2026-06-27 08:00,2026-06-27 10:00
CLR-0476,Duty assessment,Customs,2026-06-28 08:00,2026-06-28 09:00
CLR-0476,Confirm duty payment,Finance,2026-06-30 08:00,2026-06-30 08:30
CLR-0476,Physical inspection,Customs,2026-07-02 08:00,2026-07-02 10:00
CLR-0476,Release and gate-out,Terminal,2026-07-03 11:00,2026-07-03 12:00
CLR-0476,Deliver to customer,Haulage,2026-07-03 13:00,2026-07-04 05:00
CLR-0477,Check documents,Documentation,2026-06-25 08:00,2026-06-25 11:00
CLR-0477,Submit customs declaration,Customs broker,2026-06-26 10:00,2026-06-26 12:00
CLR-0477,Duty assessment,Customs,2026-06-27 15:00,2026-06-27 16:00
CLR-0477,Confirm duty payment,Finance,2026-06-28 15:00,2026-06-28 15:30
CLR-0477,Release and gate-out,Terminal,2026-06-30 09:00,2026-06-30 11:00
CLR-0477,Deliver to customer,Haulage,2026-06-30 13:00,2026-06-30 23:00
