user_id,week_since_signup
U00002,1
U00002,2
U00002,3
U00002,4
U00002,6
U00002,7
U00003,1
U00003,2
U00005,1
U00005,4
U00007,1
U00007,2
U00007,3
U00007,4
U00007,6
U00009,1
U00009,3
U00009,4
U00009,6
U00009,8
U00010,1
U00010,3
U00011,1
U00011,3
U00011,4
U00011,5
U00011,6
U00011,7
U00013,1
U00013,3
U00013,5
U00018,2
U00018,3
U00018,4
U00018,5
U00018,8
U00019,2
U00019,3
U00019,4
U00019,6
U00019,8
U00021,1
U00021,2
U00021,3
U00021,5
U00021,6
U00021,7
U00022,3
U00026,1
U00026,2
U00026,3
U00030,2
U00030,3
U00030,5
U00031,1
U00031,3
U00031,4
U00031,5
U00031,6
U00031,7
U00031,8
U00037,1
U00037,2
U00037,3
U00037,5
U00041,1
U00041,2
U00041,3
U00043,1
U00043,3
U00043,4
U00043,5
U00046,1
U00046,2
U00046,3
U00046,4
U00046,5
U00046,6
U00046,7
U00051,1
U00056,3
U00058,2
U00058,4
U00058,5
U00058,6
U00059,2
U00059,3
U00059,5
U00059,6
U00061,1
U00061,3
U00061,4
U00061,5
U00062,1
U00062,3
U00062,4
U00062,5
U00062,6
U00063,1
U00063,3
U00063,4
U00063,6
U00065,1
U00065,2
U00065,3
U00065,4
U00065,7
U00065,8
U00068,1
U00068,2
U00068,4
U00068,5
U00069,1
U00070,1
U00070,4
U00073,1
U00073,3
U00073,4
U00073,5
U00073,7
U00075,1
U00075,2
U00075,3
U00075,7
U00075,8
U00078,1
U00078,5
U00078,7
U00079,1
U00079,2
U00079,4
U00080,1
U00080,2
U00080,3
U00080,6
U00080,7
U00081,1
U00081,2
U00081,3
U00081,4
U00081,5
U00081,6
U00081,7
U00081,8
U00082,1
U00082,2
U00082,4
U00082,8
U00083,2
U00083,3
U00083,5
U00083,7
U00084,1
U00084,2
U00084,3
U00084,4
U00084,5
U00085,3
U00085,4
U00085,5
U00085,6
U00085,7
U00086,1
U00086,2
U00086,3
U00087,1
U00087,2
U00087,3
U00087,4
U00087,6
U00087,7
U00088,2
U00088,6
U00093,2
U00093,4
U00093,5
U00093,7
U00093,8
U00094,1
U00094,2
U00094,3
U00094,4
U00094,5
U00094,6
U00101,2
U00101,3
U00101,5
U00102,1
U00102,2
U00102,3
U00102,4
U00102,5
U00102,6
U00102,8
U00103,1
U00103,2
U00103,3
U00103,4
U00103,5
U00104,1
U00104,3
U00104,6
U00105,2
U00105,3
U00105,5
U00105,6
U00107,3
U00107,6
U00107,7
U00107,8
U00111,1
U00111,2
U00111,3
U00113,1
U00113,2
U00113,3
U00113,5
U00115,2
U00115,3
U00115,4
U00117,1
U00117,2
U00117,3
U00117,4
U00117,5
U00119,1
U00119,2
U00119,4
U00119,7
U00120,1
U00120,3
U00120,6
U00121,1
U00121,2
U00121,3
U00121,5
U00121,6
U00121,7
U00121,8
U00122,1
U00124,2
U00124,3
U00124,4
U00124,5
U00124,6
U00126,1
U00126,2
U00126,3
U00126,4
U00126,5
U00126,7
U00132,1
U00132,2
U00132,3
U00132,4
U00132,7
U00134,1
U00134,3
U00134,4
U00134,5
U00134,7
U00134,8
U00135,2
U00135,3
U00135,4
U00135,6
U00135,7
U00135,8
U00136,2
U00136,5
U00136,6
U00136,8
U00140,1
U00140,2
U00140,4
U00140,6
U00144,1
U00144,4
U00144,5
U00144,6
U00145,1
U00145,2
U00145,5
U00146,1
U00146,2
U00146,3
U00146,4
U00146,5
U00146,6
U00148,1
U00148,2
U00148,3
U00148,4
U00148,6
U00152,1
U00152,2
U00152,3
U00152,4
U00152,7
U00152,8
U00154,1
U00154,2
U00154,3
U00154,6
U00155,1
U00155,2
U00155,4
U00155,5
U00157,1
U00157,2
U00157,3
U00157,7
U00159,1
U00159,4
U00159,5
U00159,6
U00159,7
U00159,8
U00161,2
U00161,3
U00162,1
U00162,2
U00162,3
U00162,4
U00162,8
U00167,1
U00167,2
U00167,3
U00167,5
U00168,1
U00168,4
U00169,1
U00169,2
U00169,3
U00169,4
U00169,5
U00169,7
U00171,1
U00171,2
U00171,4
U00171,6
U00171,7
U00171,8
U00172,1
U00172,2
U00172,3
U00172,4
U00173,4
U00173,5
U00173,8
U00175,1
U00175,2
U00175,4
U00175,5
U00175,6
U00179,1
U00179,2
U00179,3
U00179,4
U00179,5
U00179,6
U00180,1
U00180,2
U00180,3
U00180,4
U00180,5
U00180,8
U00185,1
U00185,4
U00185,7
U00186,1
U00186,3
U00186,4
U00186,5
U00186,6
U00186,7
U00186,8
U00188,2
U00188,3
U00189,1
U00189,3
U00190,1
U00190,2
U00190,3
U00190,4
U00190,6
U00190,8
U00191,2
U00191,3
U00191,5
U00191,6
U00191,7
U00192,1
U00192,2
U00192,4
U00192,5
U00192,7
U00192,8
U00195,1
U00195,2
U00195,3
U00195,5
U00197,1
U00197,2
U00197,3
U00197,4
U00197,5
U00197,6
U00197,7
U00197,8
U00198,2
U00198,3
U00198,5
U00198,7
U00201,3
U00201,5
U00201,6
U00201,7
U00201,8
U00204,1
U00204,2
U00204,3
U00204,4
U00204,5
U00205,3
U00205,8
U00206,1
U00206,2
U00206,3
U00206,6
U00206,8
U00207,1
U00207,2
U00207,3
U00207,5
U00208,1
U00208,2
U00208,4
U00208,5
U00208,6
U00209,1
U00209,2
U00209,3
U00209,4
U00209,5
U00210,2
U00210,4
U00210,5
U00215,3
U00215,4
U00215,5
U00217,1
U00217,2
U00217,3
U00217,4
U00217,5
U00217,6
U00217,7
U00221,1
U00221,2
U00221,4
U00221,5
U00221,7
U00221,8
U00222,1
U00222,2
U00222,4
U00222,5
U00222,6
U00222,7
U00223,1
U00223,3
U00223,4
U00223,5
U00223,6
U00223,8
U00224,1
U00224,2
U00227,3
U00229,1
U00229,3
U00229,4
U00229,5
U00229,6
U00229,7
U00229,8
U00231,4
U00231,6
U00234,4
U00234,5
U00234,6
U00236,1
U00236,2
U00236,3
U00236,5
U00236,7
U00236,8
U00237,3
U00237,4
U00237,5
U00238,2
U00238,3
U00238,4
U00241,1
U00241,4
U00241,5
U00241,6
U00242,1
U00242,3
U00242,6
U00242,8
U00244,2
U00244,3
U00244,4
U00244,5
U00246,1
U00246,3
U00252,1
U00252,2
U00252,4
U00252,5
U00253,3
U00253,7
U00254,1
U00254,3
U00254,4
U00254,6
U00257,1
U00257,3
U00257,4
U00257,7
U00257,8
U00258,1
U00258,2
U00258,3
U00258,7
U00258,8
U00261,1
U00261,2
U00261,3
U00262,1
U00262,7
U00264,1
U00264,2
U00264,5
U00264,6
U00265,1
U00265,2
U00265,3
U00265,4
U00265,6
U00266,1
U00266,2
U00266,3
U00266,5
U00266,6
U00266,7
U00266,8
U00267,1
U00267,5
U00267,6
U00270,1
U00270,4
U00270,5
U00270,6
U00272,1
U00272,2
U00272,3
U00272,4
U00272,5
U00272,6
U00273,1
U00273,3
U00273,4
U00273,5
U00273,6
U00277,4
U00278,1
U00278,3
U00278,4
U00279,1
U00279,3
U00279,6
U00279,7
U00279,8
U00281,1
U00281,2
U00281,3
U00281,4
U00281,5
U00281,6
U00281,7
U00284,2
U00284,3
U00284,4
U00284,8
U00285,1
U00285,2
U00285,3
U00285,4
U00287,3
U00287,4
U00287,5
U00287,6
U00287,8
U00289,3
U00289,4
U00293,1
U00293,3
U00293,5
U00295,1
U00295,3
U00295,5
U00295,6
U00295,7
U00295,8
U00299,1
U00299,2
U00299,3
U00299,4
U00299,5
U00299,6
U00301,1
U00301,3
U00301,4
U00301,5
U00302,1
U00302,2
U00302,4
U00302,5
U00302,7
U00304,2
U00304,4
U00304,7
U00304,8
U00306,1
U00306,2
U00306,4
U00306,5
U00306,6
U00306,7
U00307,2
U00307,5
U00307,7
U00310,2
U00310,3
U00310,4
U00310,5
U00310,8
U00311,1
U00311,2
U00311,3
U00311,4
U00311,5
U00312,1
U00312,2
U00312,3
U00312,4
U00312,7
U00312,8
U00315,1
U00315,2
U00315,3
U00315,4
U00315,6
U00316,2
U00316,3
U00316,4
U00316,5
U00316,6
U00316,7
U00316,8
U00318,1
U00318,2
U00318,5
U00318,7
U00322,2
U00322,3
U00322,4
U00322,5
U00322,7
U00322,8
U00323,1
U00323,2
U00323,3
U00323,4
U00323,5
U00323,7
U00329,2
U00329,4
U00329,7
U00329,8
U00330,2
U00330,5
U00330,7
U00330,8
U00332,1
U00332,2
U00332,3
U00332,5
U00332,7
U00332,8
U00334,3
U00334,5
U00334,8
U00335,1
U00335,8
U00338,2
U00338,3
U00338,4
U00338,5
U00338,6
U00340,3
U00340,4
U00340,6
U00340,7
U00342,2
U00342,3
U00342,4
U00342,7
U00342,8
U00343,1
U00343,2
U00343,3
U00343,4
U00343,6
U00343,8
U00344,1
U00344,2
U00344,3
U00344,5
U00344,8
U00345,3
U00345,6
U00345,7
U00345,8
U00347,1
U00347,2
U00347,3
U00347,4
U00347,5
U00347,6
U00347,7
U00348,2
U00348,4
U00349,1
U00349,2
U00349,3
U00349,4
U00349,5
U00349,6
U00350,1
U00350,2
U00350,3
U00350,4
U00350,7
U00351,1
U00351,3
U00351,4
U00351,6
U00351,7
U00351,8
U00352,1
U00352,2
U00352,4
U00352,5
U00352,8
U00353,4
U00353,8
U00355,2
U00355,3
U00355,6
U00357,1
U00357,2
U00357,5
U00358,1
U00358,3
U00358,4
U00358,5
U00358,6
U00358,7
U00359,1
U00359,2
U00359,3
U00360,2
U00360,3
U00360,4
U00360,6
U00360,7
U00362,1
U00362,4
U00362,6
U00362,8
U00363,1
U00363,3
U00363,4
U00363,8
U00364,1
U00364,2
U00364,3
U00364,5
U00364,6
U00364,7
U00364,8
U00367,1
U00367,2
U00367,3
U00369,1
U00369,2
U00369,3
U00369,4
U00369,7
U00369,8
U00372,1
U00372,2
U00372,3
U00372,5
U00372,8
U00375,5
U00376,1
U00376,3
U00376,6
U00378,1
U00378,3
U00378,4
U00378,5
U00378,7
U00379,1
U00379,2
U00379,3
U00382,2
U00385,1
U00385,2
U00385,3
U00385,5
U00385,8
U00388,1
U00388,6
U00390,1
U00390,4
U00390,6
U00390,7
U00394,1
U00394,2
U00396,2
U00396,6
U00398,1
U00398,5
U00398,6
U00398,7
U00399,2
U00399,3
U00399,4
U00403,1
U00403,2
U00403,3
U00403,4
U00403,6
U00403,8
U00408,1
U00408,2
U00408,3
U00408,5
U00408,7
U00412,1
U00412,2
U00412,4
U00415,3
U00418,1
U00418,2
U00418,5
U00419,1
U00419,4
U00420,1
U00420,3
U00420,5
U00425,1
U00425,2
U00425,3
U00428,1
U00428,2
U00428,6
U00428,7
U00430,3
U00430,5
U00431,1
U00431,2
U00431,7
U00432,1
U00432,2
U00432,3
U00432,4
U00432,5
U00432,6
U00436,1
U00436,3
U00436,4
U00439,1
U00439,2
U00439,5
U00439,6
U00439,7
U00443,1
U00443,3
U00443,4
U00443,5
U00444,2
U00444,3
U00444,4
U00444,5
U00444,7
U00445,2
U00445,3
U00445,4
U00445,6
U00446,1
U00446,2
U00446,3
U00446,5
U00446,6
U00446,7
U00446,8
U00447,1
U00447,2
U00447,3
U00447,4
U00447,6
U00448,1
U00448,4
U00453,2
U00453,3
U00453,5
U00454,1
U00454,2
U00454,3
U00454,4
U00454,5
U00455,2
U00455,4
U00455,5
U00455,8
U00456,1
U00456,2
U00456,3
U00456,4
U00456,5
U00456,7
U00456,8
U00457,2
U00457,3
U00457,4
U00457,5
U00459,1
U00459,2
U00459,3
U00459,4
U00459,6
U00459,7
U00462,1
U00462,2
U00462,5
U00462,6
U00462,8
U00464,1
U00464,2
U00464,3
U00464,5
U00466,1
U00466,2
U00466,3
U00466,4
U00466,5
U00466,6
U00466,8
U00468,1
U00468,2
U00468,4
U00468,5
U00470,1
U00470,2
U00470,3
U00470,4
U00470,5
U00470,6
U00470,8
U00471,1
U00471,2
U00471,3
U00471,6
U00472,1
U00472,2
U00472,3
U00472,4
U00472,5
U00472,6
U00475,1
U00475,2
U00475,4
U00475,5
U00475,6
U00477,1
U00477,2
U00477,3
U00477,5
U00477,6
U00477,7
U00477,8
U00479,4
U00479,7
U00480,1
U00480,4
U00480,5
U00480,6
U00484,1
U00484,2
U00484,3
U00484,4
U00484,7
U00485,1
U00485,2
U00485,5
U00485,7
U00485,8
U00486,2
U00486,4
U00486,7
U00487,1
U00487,2
U00487,4
U00487,5
U00487,7
U00493,2
U00493,3
U00493,4
U00493,5
U00493,7
U00493,8
U00496,1
U00496,3
U00496,4
U00498,2
U00498,3
U00498,4
U00498,5
U00498,6
U00500,2
U00501,1
U00501,2
U00501,3
U00501,4
U00501,6
U00502,1
U00502,2
U00502,3
U00502,6
U00502,7
U00503,3
U00503,4
U00503,8
U00504,1
U00504,2
U00504,3
U00504,4
U00504,5
U00504,6
U00507,2
U00507,5
U00507,7
U00508,1
U00508,2
U00508,3
U00509,1
U00509,2
U00509,3
U00509,5
U00509,8
U00511,1
U00511,2
U00511,7
U00511,8
U00512,1
U00512,2
U00512,3
U00512,4
U00512,5
U00512,7
U00513,1
U00513,2
U00513,3
U00513,4
U00513,7
U00514,1
U00514,3
U00514,4
U00516,1
U00516,2
U00516,3
U00516,5
U00516,8
U00517,1
U00517,4
U00517,5
U00517,7
U00518,5
U00518,6
U00519,1
U00519,2
U00519,3
U00519,4
U00520,4
U00520,5
U00520,6
U00521,1
U00521,2
U00521,5
U00522,2
U00522,4
U00522,5
U00524,2
U00524,4
U00524,5
U00530,2
U00530,3
U00530,4
U00530,5
U00531,1
U00531,3
U00531,5
U00533,1
U00533,2
U00533,3
U00533,4
U00533,5
U00533,6
U00534,1
U00534,2
U00534,6
U00535,1
U00535,2
U00535,3
U00535,4
U00535,5
U00536,2
U00536,6
U00537,1
U00537,2
U00537,3
U00537,6
U00537,8
U00540,1
U00540,2
U00540,3
U00540,4
U00540,6
U00542,1
U00542,2
U00542,3
U00542,6
U00543,2
U00543,3
U00543,4
U00543,6
U00546,1
U00546,2
U00546,3
U00546,4
U00546,5
U00546,6
U00546,7
U00547,2
U00547,6
U00547,7
U00549,1
U00549,2
U00549,3
U00549,4
U00549,5
U00550,4
U00551,2
U00551,4
U00551,5
U00554,4
U00554,5
U00554,8
U00555,2
U00555,3
U00555,4
U00555,5
U00557,1
U00557,2
U00557,3
U00557,4
U00557,6
U00558,1
U00558,2
U00558,4
U00559,2
U00559,4
U00559,5
U00559,6
U00559,8
U00561,1
U00561,2
U00561,3
U00561,4
U00561,6
U00561,7
U00561,8
U00562,8
U00564,1
U00564,2
U00564,4
U00564,5
U00565,1
U00565,2
U00565,5
U00565,6
U00565,7
U00567,1
U00567,2
U00567,3
U00567,6
U00567,8
U00568,1
U00568,2
U00568,3
U00568,4
U00568,5
U00568,6
U00568,7
U00570,1
U00571,1
U00571,2
U00571,3
U00571,4
U00571,6
U00571,7
U00573,1
U00573,2
U00573,3
U00573,7
U00575,1
U00575,2
U00575,3
U00575,4
U00575,5
U00575,6
U00575,7
U00575,8
U00576,1
U00576,4
U00576,6
U00576,8
U00581,1
U00581,5
U00582,1
U00582,2
U00582,8
U00590,1
U00590,2
U00590,3
U00590,4
U00590,8
U00593,1
U00593,2
U00593,3
U00593,4
U00593,5
U00593,6
U00593,7
U00593,8
U00594,2
U00594,3
U00594,4
U00594,5
U00594,7
U00595,1
U00595,2
U00595,3
U00595,6
U00597,1
U00597,2
U00597,5
U00599,3
U00599,6
U00599,7
U00600,1
U00600,2
U00600,3
U00600,5
U00601,1
U00601,7
U00601,8
U00604,1
U00604,2
U00604,4
U00607,2
U00607,3
U00607,5
U00608,2
U00608,4
U00609,1
U00609,2
U00609,5
U00610,1
U00610,2
U00610,6
U00611,1
U00611,2
U00611,4
U00611,5
U00611,6
U00611,8
U00614,1
U00614,2
U00614,5
U00614,6
U00615,1
U00615,2
U00615,3
U00615,5
U00617,1
U00617,2
U00617,3
U00617,5
U00617,6
U00618,1
U00618,2
U00618,3
U00618,4
U00618,5
U00618,6
U00619,1
U00619,2
U00619,4
U00619,5
U00620,1
U00620,2
U00620,3
U00620,4
U00620,5
U00620,6
U00620,8
U00624,1
U00624,3
U00624,6
U00624,8
U00625,1
U00625,2
U00625,3
U00625,4
U00625,5
U00625,6
U00625,8
U00628,1
U00628,2
U00628,3
U00628,5
U00628,6
U00631,1
U00631,3
U00631,5
U00631,7
U00632,3
U00632,4
U00633,1
U00633,2
U00633,3
U00633,4
U00635,2
U00635,3
U00636,1
U00636,3
U00636,4
U00636,5
U00636,6
U00636,7
U00636,8
U00639,1
U00639,2
U00639,3
U00639,4
U00639,5
U00644,1
U00644,4
U00644,7
U00644,8
U00645,2
U00645,3
U00645,5
U00647,2
U00648,1
U00648,2
U00648,4
U00648,5
U00648,8
U00649,2
U00649,3
U00649,4
U00649,6
U00649,7
U00649,8
U00650,1
U00650,2
U00650,4
U00651,1
U00651,2
U00651,3
U00651,4
U00651,5
U00651,6
U00651,8
U00652,1
U00652,2
U00652,3
U00652,4
U00652,5
U00652,6
U00652,7
U00654,1
U00654,2
U00654,3
U00654,4
U00654,5
U00655,1
U00655,3
U00655,4
U00657,5
U00657,7
U00658,7
U00660,1
U00660,2
U00660,4
U00660,5
U00660,6
U00665,1
U00665,3
U00665,4
U00665,7
U00665,8
U00666,2
U00666,3
U00666,4
U00668,1
U00668,3
U00668,4
U00668,5
U00668,6
U00672,1
U00672,4
U00672,5
U00672,6
U00672,7
U00672,8
U00673,1
U00673,2
U00676,1
U00676,3
U00676,5
U00676,6
U00677,1
U00677,2
U00677,6
U00677,7
U00679,1
U00679,2
U00679,3
U00679,4
U00679,7
U00680,2
U00680,6
U00680,8
U00681,1
U00681,2
U00681,3
U00681,7
U00684,1
U00684,2
U00684,4
U00684,5
U00684,7
U00684,8
U00687,1
U00687,2
U00687,4
U00688,1
U00688,2
U00688,6
U00688,7
U00689,2
U00689,4
U00689,5
U00689,6
U00689,7
U00693,1
U00694,1
U00694,2
U00694,3
U00694,5
U00694,7
U00696,1
U00696,2
U00696,3
U00696,4
U00696,6
U00697,2
U00697,3
U00697,5
U00697,6
U00697,7
U00702,7
U00702,8
U00703,1
U00703,2
U00703,3
U00703,4
U00703,6
U00703,7
U00705,1
U00705,2
U00705,4
U00705,5
U00705,6
U00705,7
U00705,8
U00706,1
U00706,2
U00706,3
U00709,1
U00709,3
U00709,7
U00709,8
U00711,1
U00711,2
U00711,3
U00711,4
U00711,6
U00711,7
U00711,8
U00714,1
U00714,2
U00714,3
U00714,4
U00714,6
U00715,1
U00715,2
U00715,3
U00715,4
U00715,5
U00715,6
U00715,7
U00715,8
U00718,3
U00718,4
U00718,5
U00718,6
U00718,7
U00722,1
U00722,2
U00722,3
U00723,1
U00723,3
U00723,4
U00723,5
U00724,1
U00724,3
U00724,4
U00726,2
U00726,4
U00726,5
U00726,6
U00726,7
U00727,1
U00727,2
U00727,4
U00727,7
U00729,1
U00729,2
U00729,3
U00729,4
U00729,5
U00731,4
U00733,1
U00733,2
U00733,3
U00733,5
U00733,7
U00734,1
U00734,2
U00734,4
U00735,1
U00735,2
U00735,3
U00735,6
U00735,7
U00735,8
U00737,1
U00737,2
U00737,4
U00737,6
U00737,7
U00738,1
U00738,2
U00738,3
U00738,4
U00738,6
U00738,8
U00740,1
U00740,2
U00740,3
U00740,5
U00740,6
U00742,1
U00742,2
U00742,4
U00746,1
U00746,3
U00746,6
U00750,1
U00750,2
U00750,4
U00750,5
U00750,6
U00750,7
U00751,1
U00751,5
U00751,6
U00751,8
U00754,7
U00755,1
U00755,2
U00755,4
U00755,6
U00755,7
U00759,1
U00759,3
U00759,5
U00759,6
U00759,7
U00764,1
U00764,5
U00767,1
U00767,3
U00767,5
U00769,2
U00769,3
U00769,5
U00770,1
U00770,2
U00770,3
U00770,4
U00770,5
U00770,6
U00771,1
U00771,3
U00771,5
U00771,6
U00771,8
U00772,1
U00772,2
U00772,3
U00772,7
U00772,8
U00773,1
U00773,3
U00773,6
U00778,1
U00778,2
U00778,4
U00778,5
U00778,7
U00779,1
U00779,2
U00780,1
U00780,2
U00780,4
U00780,7
U00780,8
U00782,5
U00782,7
U00783,4
U00783,6
U00784,1
U00784,3
U00784,8
U00785,1
U00785,2
U00785,3
U00785,5
U00789,2
U00789,3
U00789,5
U00790,4
U00792,2
U00792,5
U00792,6
U00792,7
U00794,1
U00794,4
U00802,1
U00802,2
U00802,4
U00802,5
U00802,6
U00805,1
U00805,2
U00805,3
U00805,4
U00805,5
U00805,6
U00805,7
U00806,1
U00806,3
U00806,5
U00808,3
U00808,4
U00808,5
U00809,2
U00809,3
U00811,1
U00811,2
U00811,3
U00811,4
U00811,5
U00812,1
U00812,2
U00812,3
U00812,4
U00812,5
U00815,1
U00815,2
U00815,3
U00815,4
U00815,5
U00815,7
U00819,1
U00819,3
U00819,4
U00819,5
U00819,6
U00819,7
U00820,1
U00820,2
U00820,6
U00821,1
U00821,2
U00821,3
U00821,4
U00821,7
U00821,8
U00823,1
U00823,2
U00823,3
U00823,7
U00824,5
U00824,6
U00825,1
U00826,1
U00826,2
U00826,3
U00826,6
U00826,7
U00828,3
U00831,2
U00831,3
U00831,4
U00831,5
U00833,3
U00833,4
U00837,1
U00837,3
U00838,2
U00839,3
U00839,4
U00839,5
U00840,3
U00840,6
U00841,1
U00841,2
U00841,3
U00841,6
U00842,1
U00842,2
U00842,3
U00842,4
U00842,5
U00843,1
U00843,2
U00843,3
U00843,4
U00843,6
U00843,7
U00844,1
U00844,2
U00844,3
U00844,4
U00845,1
U00845,4
U00845,5
U00845,6
U00845,8
U00846,1
U00846,2
U00846,4
U00846,5
U00846,6
U00846,7
U00846,8
U00847,1
U00847,2
U00847,4
U00847,5
U00848,2
U00853,1
U00853,2
U00853,3
U00853,5
U00853,7
U00853,8
U00855,1
U00855,3
U00855,6
U00859,2
U00859,4
U00859,7
U00860,1
U00860,2
U00860,3
U00860,4
U00860,7
U00860,8
U00861,2
U00861,3
U00862,1
U00862,2
U00862,4
U00863,1
U00863,2
U00863,3
U00863,5
U00863,6
U00865,2
U00865,3
U00865,4
U00865,6
U00865,7
U00865,8
U00866,1
U00866,2
U00866,3
U00866,4
U00866,5
U00868,3
U00873,3
U00873,8
U00874,1
U00874,2
U00874,3
U00874,6
U00874,7
U00875,2
U00876,1
U00876,3
U00876,4
U00876,5
U00876,6
U00877,1
U00877,2
U00877,3
U00878,1
U00878,2
U00878,5
U00879,1
U00879,2
U00879,3
U00879,5
U00879,6
U00880,7
U00880,8
U00882,1
U00882,3
U00882,8
U00883,1
U00883,4
U00883,5
U00883,8
U00885,1
U00885,2
U00885,8
U00887,1
U00887,2
U00887,3
U00887,5
U00887,6
U00887,7
U00887,8
U00888,1
U00888,2
U00888,3
U00888,4
U00888,5
U00889,1
U00889,2
U00889,3
U00889,4
U00889,5
U00891,1
U00891,4
U00891,5
U00899,2
U00899,3
U00899,5
U00900,1
U00900,3
U00900,4
U00900,7
U00900,8
U00901,1
U00901,2
U00901,3
U00901,6
U00901,7
U00901,8
U00902,2
U00902,3
U00903,3
U00903,8
U00910,1
U00910,3
U00910,4
U00910,5
U00910,6
U00910,7
U00911,2
U00911,3
U00911,4
U00911,7
U00912,1
U00912,2
U00912,3
U00912,4
U00915,1
U00915,2
U00915,3
U00915,4
U00915,5
U00915,7
U00916,1
U00916,3
U00916,4
U00916,6
U00916,7
U00917,1
U00917,2
U00918,3
U00918,5
U00919,1
U00919,2
U00919,3
U00919,4
U00920,1
U00920,2
U00920,3
U00920,5
U00920,6
U00920,7
U00920,8
U00921,2
U00921,3
U00921,4
U00921,5
U00922,1
U00922,2
U00922,3
U00922,4
U00922,5
U00922,6
U00922,8
U00929,1
U00929,2
U00929,4
U00929,5
U00929,6
U00933,2
U00933,3
U00933,4
U00933,7
U00933,8
U00936,1
U00936,2
U00936,3
U00936,4
U00939,1
U00939,3
U00939,8
U00941,1
U00941,3
U00941,4
U00941,5
U00941,6
U00941,7
U00943,1
U00943,2
U00943,4
U00944,1
U00944,2
U00944,3
U00944,4
U00944,5
U00944,6
U00946,2
U00946,4
U00946,5
U00946,6
U00947,1
U00947,2
U00947,3
U00947,4
U00947,6
U00948,1
U00948,2
U00948,3
U00948,5
U00948,7
U00949,1
U00949,2
U00949,3
U00949,4
U00949,6
U00950,1
U00950,2
U00950,3
U00950,4
U00950,5
U00950,6
U00950,7
U00951,1
U00951,2
U00951,3
U00951,4
U00951,5
U00953,2
U00953,3
U00953,4
U00953,5
U00953,7
U00954,1
U00954,4
U00954,5
U00954,8
U00955,1
U00955,3
U00955,4
U00955,5
U00955,6
U00956,1
U00956,2
U00956,7
U00959,1
U00959,5
U00959,6
U00961,1
U00961,4
U00961,5
U00961,7
U00961,8
U00962,1
U00962,2
U00962,3
U00962,4
U00962,5
U00962,6
U00963,1
U00963,4
U00963,5
U00964,1
U00964,2
U00964,6
U00964,8
U00966,2
U00966,7
U00974,2
U00974,3
U00974,4
U00974,5
U00975,1
U00975,2
U00975,4
U00975,5
U00975,6
U00975,7
U00975,8
U00976,1
U00976,3
U00976,4
U00976,5
U00976,6
U00976,7
U00977,1
U00977,2
U00977,3
U00977,4
U00977,7
U00978,1
U00978,2
U00980,1
U00980,2
U00980,3
U00980,4
U00980,8
U00981,1
U00981,2
U00981,3
U00981,4
U00981,5
U00984,1
U00984,7
U00985,1
U00985,2
U00985,3
U00985,6
U00986,1
U00986,4
U00986,5
U00986,6
U00986,8
U00987,1
U00987,2
U00987,3
U00987,4
U00988,1
U00988,5
U00994,1
U00994,2
U00994,4
U00994,7
U00994,8
U00995,1
U00995,2
U00995,4
U00995,6
U00995,8
U00996,1
U00996,3
U00996,7
U00997,1
U00997,2
U00997,3
U00997,5
U00997,6
U00999,3
U01001,1
U01001,3
U01001,4
U01001,5
U01001,7
U01002,6
U01004,1
U01004,2
U01004,5
U01004,6
U01005,1
U01005,4
U01005,5
U01006,1
U01006,3
U01008,2
U01008,3
U01008,4
U01008,5
U01009,2
U01009,3
U01009,4
U01009,5
U01010,2
U01010,3
U01010,5
U01010,7
U01010,8
U01011,1
U01011,2
U01011,3
U01014,1
U01014,3
U01014,4
U01015,3
U01015,4
U01015,5
U01019,1
U01019,2
U01019,3
U01019,4
U01019,5
U01019,6
U01021,1
U01021,2
U01021,3
U01021,5
U01021,6
U01025,1
U01025,5
U01025,6
U01026,1
U01026,2
U01026,3
U01026,4
U01027,1
U01027,3
U01029,1
U01029,2
U01029,3
U01029,4
U01029,6
U01029,8
U01030,1
U01030,2
U01030,3
U01030,6
U01030,7
U01030,8
U01032,1
U01032,3
U01032,5
U01032,6
U01033,3
U01033,4
U01033,5
U01035,1
U01035,2
U01035,4
U01035,8
U01036,1
U01036,2
U01036,4
U01036,5
U01036,6
U01036,8
U01037,1
U01037,3
U01037,5
U01037,6
U01041,1
U01041,3
U01041,4
U01041,7
U01042,1
U01042,2
U01042,3
U01042,4
U01042,7
U01044,1
U01044,3
U01044,4
U01044,6
U01044,7
U01045,1
U01045,6
U01045,7
U01049,2
U01049,3
U01049,5
U01049,8
U01052,2
U01052,5
U01052,6
U01055,1
U01055,2
U01055,3
U01055,6
U01056,1
U01056,2
U01056,6
U01057,1
U01057,2
U01057,4
U01057,5
U01059,1
U01059,2
U01059,4
U01059,6
U01060,1
U01060,5
U01060,6
U01060,7
U01062,3
U01062,5
U01063,3
U01063,4
U01063,5
U01070,1
U01070,3
U01070,5
U01070,7
U01070,8
U01071,1
U01071,2
U01071,4
U01071,6
U01072,1
U01072,2
U01072,4
U01072,5
U01072,6
U01072,7
U01073,1
U01073,2
U01073,3
U01073,6
U01074,1
U01074,2
U01074,4
U01074,6
U01077,1
U01077,2
U01077,3
U01077,4
U01077,8
U01080,1
U01080,2
U01080,3
U01080,4
U01081,1
U01081,2
U01081,7
U01081,8
U01082,1
U01083,1
U01083,2
U01083,3
U01083,4
U01083,5
U01083,6
U01083,7
U01083,8
U01084,2
U01084,3
U01085,1
U01085,2
U01085,3
U01085,4
U01085,5
U01085,6
U01085,7
U01088,1
U01088,3
U01088,8
U01090,1
U01090,2
U01090,3
U01090,5
U01090,6
U01090,8
U01096,1
U01096,2
U01096,6
U01096,7
U01097,1
U01097,4
U01097,5
U01098,1
U01098,2
U01098,3
U01098,4
U01098,7
U01098,8
U01099,1
U01099,2
U01099,3
U01099,4
U01099,5
U01099,6
U01099,8
U01102,3
U01102,5
U01102,7
U01105,2
U01105,5
U01106,3
U01106,6
U01108,1
U01108,2
U01108,3
U01108,5
U01108,8
U01111,1
U01111,2
U01111,3
U01111,4
U01111,7
U01112,1
U01112,2
U01112,3
U01112,4
U01112,5
U01112,8
U01113,1
U01113,2
U01113,3
U01113,7
U01115,1
U01115,3
U01115,6
U01115,7
U01115,8
U01116,1
U01116,2
U01116,3
U01116,6
U01118,1
U01118,2
U01118,3
U01118,4
U01118,5
U01120,3
U01120,8
U01122,4
U01122,5
U01123,2
U01123,3
U01124,1
U01124,2
U01126,1
U01126,2
U01126,5
U01131,3
U01131,5
U01131,6
U01132,2
U01132,6
U01133,1
U01133,3
U01133,5
U01136,1
U01136,2
U01136,3
U01136,5
U01136,6
U01137,1
U01137,2
U01137,3
U01137,4
U01137,5
U01137,6
U01138,1
U01138,2
U01138,3
U01138,4
U01138,5
U01138,6
U01138,7
U01140,2
U01140,8
U01142,1
U01142,2
U01142,4
U01142,5
U01145,1
U01145,2
U01145,3
U01145,4
U01146,2
U01146,5
U01146,6
U01148,1
U01148,3
U01148,4
U01148,6
U01149,1
U01149,3
U01149,4
U01151,1
U01151,2
U01151,3
U01154,1
U01154,2
U01154,3
U01154,4
U01154,8
U01156,1
U01156,2
U01156,3
U01156,4
U01156,5
U01156,8
U01157,1
U01157,5
U01157,8
U01159,2
U01159,4
U01159,7
U01159,8
U01160,1
U01160,3
U01161,1
U01161,6
U01161,7
U01162,1
U01162,2
U01162,4
U01162,5
U01163,1
U01163,2
U01163,7
U01164,1
U01164,3
U01164,4
U01164,5
U01164,6
U01164,7
U01164,8
U01165,1
U01165,2
U01165,4
U01165,5
U01165,6
U01165,7
U01168,3
U01168,4
U01168,5
U01168,6
U01168,8
U01169,3
U01169,5
U01169,8
U01170,2
U01170,5
U01172,1
U01172,2
U01172,3
U01173,1
U01173,2
U01173,3
U01173,4
U01173,5
U01173,8
U01176,1
U01176,2
U01176,4
U01176,7
U01177,2
U01177,3
U01177,4
U01177,5
U01177,6
U01177,7
U01177,8
U01179,2
U01179,4
U01179,5
U01179,7
U01183,1
U01183,2
U01189,2
U01189,4
U01191,2
U01191,3
U01191,5
U01191,6
U01191,8
U01193,1
U01193,2
U01193,4
U01193,5
U01193,6
U01194,1
U01194,2
U01194,4
U01195,1
U01195,2
U01195,3
U01195,5
U01195,6
U01197,1
U01197,2
U01197,3
U01197,6
U01198,1
U01198,2
U01198,5
U01199,1
U01199,2
U01199,3
U01199,4
U01199,5
U01199,7
U01200,1
U01200,2
U01200,3
U01200,6
U01201,3
U01201,4
U01201,5
U01201,6
U01202,4
U01202,5
U01202,6
U01202,8
U01206,1
U01206,2
U01206,3
U01207,2
U01207,3
U01207,5
U01207,6
U01207,8
U01208,1
U01208,2
U01208,8
U01210,1
U01210,3
U01210,4
U01210,5
U01210,7
U01213,1
U01213,2
U01213,3
U01213,4
U01213,8
U01216,1
U01216,2
U01216,3
U01216,7
U01216,8
U01226,1
U01226,7
U01227,1
U01227,2
U01227,4
U01227,5
U01227,6
U01227,8
U01232,1
U01232,3
U01232,4
U01232,6
U01232,7
U01232,8
U01233,1
U01233,2
U01233,4
U01233,5
U01233,7
U01234,1
U01234,2
U01234,3
U01234,4
U01234,5
U01235,1
U01235,3
U01236,1
U01236,3
U01236,4
U01236,5
U01236,6
U01236,8
U01237,1
U01237,5
U01238,7
U01239,1
U01239,2
U01239,5
U01239,6
U01239,8
U01241,1
U01241,2
U01241,3
U01241,4
U01241,5
U01241,6
U01241,8
U01242,1
U01242,3
U01242,4
U01242,7
U01244,1
U01244,3
U01244,5
U01244,6
U01245,1
U01245,2
U01245,3
U01245,4
U01245,5
U01245,7
U01246,1
U01247,2
U01247,3
U01247,5
U01248,1
U01248,2
U01248,3
U01248,4
U01248,5
U01248,6
U01248,7
U01249,2
U01249,5
U01250,2
U01250,4
U01250,5
U01250,6
U01250,7
U01251,3
U01251,5
U01251,7
U01251,8
U01253,2
U01253,4
U01253,5
U01255,1
U01255,3
U01260,1
U01260,3
U01260,6
U01260,7
U01261,1
U01261,2
U01261,3
U01261,7
U01265,2
U01265,3
U01265,4
U01265,5
U01265,6
U01266,1
U01266,2
U01266,3
U01267,2
U01267,3
U01267,6
U01267,7
U01269,1
U01269,5
U01269,6
U01269,7
U01269,8
U01271,3
U01271,5
U01273,1
U01273,2
U01273,3
U01273,4
U01273,5
U01273,6
U01273,7
U01273,8
U01274,1
U01274,3
U01274,4
U01274,6
U01274,8
U01277,2
U01277,3
U01277,8
U01278,1
U01278,2
U01278,3
U01278,4
U01280,1
U01280,4
U01280,5
U01280,7
U01280,8
U01283,1
U01283,2
U01283,4
U01283,5
U01283,6
U01283,7
U01287,1
U01287,3
U01287,6
U01287,7
U01287,8
U01289,5
U01289,8
U01290,1
U01290,5
U01290,6
U01293,1
U01293,2
U01293,4
U01293,7
U01293,8
U01294,5
U01294,6
U01294,8
U01295,1
U01295,2
U01295,3
U01295,5
U01295,8
U01296,3
U01296,4
U01297,1
U01297,2
U01297,3
U01297,4
U01297,6
U01298,1
U01298,2
U01298,4
U01298,5
U01298,6
U01298,7
U01298,8
U01299,1
U01299,3
U01299,4
U01299,6
U01302,1
U01302,3
U01302,4
U01302,5
U01302,6
U01302,7
U01303,2
U01303,4
U01303,5
U01303,6
U01303,8
U01304,1
U01304,4
U01304,6
U01305,1
U01305,3
U01305,4
U01305,5
U01305,8
U01308,1
U01308,4
U01308,5
U01312,2
U01312,3
U01312,5
U01312,7
U01314,1
U01314,3
U01314,5
U01314,8
U01316,1
U01316,2
U01316,3
U01316,4
U01316,5
U01317,1
U01317,2
U01317,3
U01317,4
U01317,7
U01317,8
U01318,2
U01318,3
U01318,4
U01318,5
U01319,2
U01319,3
U01319,4
U01319,5
U01321,1
U01321,2
U01321,4
U01321,5
U01323,2
U01323,3
U01323,4
U01323,5
U01323,6
U01326,1
U01326,2
U01326,3
U01326,4
U01326,5
U01326,6
U01326,8
U01328,1
U01328,2
U01328,3
U01329,1
U01329,2
U01329,4
U01329,7
U01329,8
U01330,2
U01330,4
U01330,6
U01331,3
U01331,5
U01331,6
U01333,1
U01333,2
U01333,4
U01333,6
U01334,1
U01334,2
U01337,2
U01337,3
U01337,4
U01337,7
U01337,8
U01338,3
U01338,4
U01338,7
U01341,3
U01341,4
U01341,5
U01341,6
U01341,7
U01342,2
U01342,3
U01342,5
U01342,6
U01349,1
U01349,2
U01349,4
U01349,6
U01350,1
U01350,2
U01350,3
U01350,4
U01350,5
U01350,7
U01351,1
U01351,3
U01351,4
U01351,5
U01352,1
U01352,2
U01352,4
U01353,4
U01353,5
U01353,6
U01353,8
U01355,1
U01355,3
U01356,2
U01356,4
U01356,5
U01360,1
U01360,2
U01360,3
U01361,1
U01361,2
U01361,4
U01361,6
U01361,8
U01362,1
U01362,2
U01362,3
U01363,1
U01363,3
U01363,4
U01363,5
U01363,6
U01363,7
U01363,8
U01365,4
U01367,1
U01367,2
U01367,3
U01369,1
U01369,2
U01377,1
U01377,4
U01377,5
U01378,1
U01378,3
U01378,5
U01378,7
U01378,8
U01381,1
U01381,2
U01381,3
U01381,4
U01381,6
U01381,8
U01382,1
U01382,2
U01382,4
U01387,1
U01387,2
U01387,4
U01387,5
U01388,1
U01388,4
U01388,5
U01388,6
U01388,8
U01390,3
U01390,8
U01395,5
U01395,6
U01395,7
U01399,1
U01399,2
U01399,3
U01399,4
U01399,5
U01399,6
U01400,1
U01400,3
U01400,5
U01405,1
U01405,2
U01405,3
U01405,5
U01405,7
U01406,1
U01406,2
U01406,3
U01406,4
U01406,5
U01406,6
U01406,7
U01410,1
U01410,3
U01410,4
U01410,5
U01415,6
U01417,2
U01417,4
U01417,5
U01417,7
U01420,1
U01420,2
U01420,3
U01420,5
U01422,1
U01423,1
U01423,3
U01423,4
U01423,5
U01423,6
U01423,7
U01425,1
U01425,2
U01425,3
U01425,4
U01425,5
U01425,6
U01426,1
U01426,2
U01426,4
U01426,5
U01426,6
U01429,2
U01429,6
U01430,6
U01430,8
U01432,1
U01432,2
U01432,4
U01432,5
U01432,6
U01433,1
U01433,3
U01433,4
U01433,7
U01434,1
U01434,3
U01434,7
U01434,8
U01437,1
U01437,2
U01437,4
U01437,5
U01437,7
U01441,2
U01441,4
U01441,5
U01441,6
U01441,7
U01441,8
U01442,1
U01442,4
U01442,5
U01443,1
U01443,2
U01443,5
U01443,7
U01443,8
U01445,1
U01445,2
U01445,4
U01445,8
U01450,1
U01450,2
U01450,4
U01450,5
U01451,1
U01451,3
U01451,4
U01451,7
U01451,8
U01452,1
U01452,2
U01452,3
U01452,5
U01452,6
U01452,8
U01453,1
U01453,2
U01453,3
U01454,1
U01454,2
U01454,3
U01454,4
U01454,6
U01454,7
U01454,8
U01455,1
U01455,2
U01455,3
U01455,5
U01455,6
U01456,1
U01456,2
U01456,6
U01457,1
U01457,3
U01457,4
U01457,5
U01457,6
U01457,7
U01459,1
U01459,2
U01459,3
U01459,4
U01459,5
U01459,6
U01459,7
U01459,8
U01461,1
U01461,3
U01463,1
U01463,2
U01463,3
U01463,4
U01463,6
U01463,7
U01463,8
U01467,1
U01467,2
U01467,3
U01467,5
U01467,6
U01467,7
U01467,8
U01468,1
U01468,2
U01468,4
U01468,5
U01468,8
U01469,1
U01469,2
U01470,1
U01470,2
U01470,3
U01470,4
U01470,6
U01470,7
U01470,8
U01472,1
U01472,3
U01472,4
U01472,7
U01475,1
U01475,3
U01475,4
U01479,1
U01479,2
U01479,3
U01479,4
U01480,1
U01480,2
U01480,4
U01480,7
U01481,1
U01481,2
U01481,4
U01481,5
U01481,6
U01481,7
U01481,8
U01483,1
U01483,3
U01483,4
U01483,5
U01483,6
U01484,1
U01484,2
U01484,3
U01484,4
U01484,5
U01484,6
U01484,7
U01485,2
U01485,4
U01485,6
U01485,8
U01486,1
U01486,2
U01486,3
U01486,4
U01486,6
U01487,1
U01488,1
U01488,4
U01488,7
U01488,8
U01489,2
U01489,3
U01489,4
U01489,5
U01489,6
U01490,2
U01490,3
U01490,7
U01491,1
U01491,2
U01491,4
U01491,5
U01492,1
U01492,3
U01492,4
U01492,5
U01492,6
U01492,7
U01492,8
U01494,2
U01494,5
U01494,6
U01494,7
U01497,2
U01497,4
U01497,5
U01497,7
U01498,1
U01498,3
U01498,5
U01498,6
U01498,7
U01500,1
U01500,2
U01500,3
U01500,4
U01500,5
U01500,8
U01501,1
U01501,2
U01501,4
U01501,7
U01501,8
U01502,1
U01502,2
U01502,3
U01504,1
U01504,2
U01504,3
U01504,4
U01504,6
U01504,7
U01504,8
U01506,1
U01506,2
U01506,7
U01507,1
U01507,2
U01507,8
U01512,1
U01512,2
U01512,3
U01512,4
U01512,6
U01513,4
U01517,3
U01518,1
U01518,2
U01518,3
U01518,5
U01518,6
U01518,7
U01519,1
U01519,2
U01519,3
U01519,5
U01519,6
U01519,7
U01519,8
U01521,1
U01521,2
U01521,3
U01521,4
U01522,1
U01522,2
U01522,4
U01522,7
U01522,8
U01525,3
U01526,2
U01526,3
U01526,4
U01526,5
U01526,6
U01526,7
U01526,8
U01528,3
U01528,6
U01528,7
U01528,8
U01530,1
U01533,1
U01533,2
U01533,3
U01533,4
U01533,5
U01533,6
U01533,7
U01536,3
U01536,6
U01537,1
U01537,2
U01537,3
U01537,5
U01537,6
U01539,3
U01539,5
U01542,1
U01542,2
U01542,3
U01542,4
U01542,5
U01542,6
U01542,7
U01545,1
U01545,5
U01546,8
U01549,3
U01549,6
U01549,8
U01553,2
U01553,3
U01553,4
U01554,2
U01554,3
U01554,4
U01554,5
U01554,7
U01557,1
U01557,3
U01557,4
U01557,5
U01558,1
U01558,2
U01558,3
U01558,5
U01558,6
U01558,7
U01559,1
U01559,2
U01559,3
U01559,4
U01559,7
U01560,2
U01560,3
U01560,4
U01560,5
U01561,1
U01561,2
U01561,3
U01561,4
U01561,5
U01561,8
U01562,1
U01562,3
U01562,5
U01562,7
U01563,2
U01563,4
U01563,5
U01564,2
U01564,5
U01564,6
U01565,1
U01565,2
U01565,4
U01565,5
U01565,6
U01568,3
U01571,1
U01571,2
U01571,3
U01571,7
U01572,1
U01572,2
U01572,3
U01572,4
U01572,7
U01572,8
U01576,1
U01576,3
U01576,5
U01577,1
U01577,4
U01577,6
U01577,8
U01579,1
U01579,3
U01579,6
U01584,1
U01584,2
U01584,3
U01584,4
U01584,5
U01586,1
U01586,2
U01586,3
U01586,4
U01586,5
U01588,1
U01588,4
U01588,5
U01588,7
U01592,1
U01592,4
U01592,5
U01594,1
U01594,2
U01594,3
U01594,4
U01594,6
U01595,2
U01595,5
U01596,2
U01596,6
U01598,1
U01598,2
U01598,3
U01598,4
U01598,6
U01600,1
U01600,2
U01600,3
U01600,5
U01601,1
U01601,3
U01601,4
U01601,5
U01603,2
U01603,4
U01603,5
U01603,6
U01604,3
U01610,1
U01610,3
U01610,4
U01610,5
U01610,6
U01613,4
U01613,8
U01614,1
U01614,2
U01614,3
U01614,5
U01614,6
U01615,1
U01615,2
U01615,3
U01615,4
U01615,5
U01616,1
U01616,2
U01616,4
U01616,5
U01616,8
U01617,1
U01617,2
U01617,3
U01617,4
U01617,5
U01618,2
U01618,3
U01618,4
U01618,5
U01619,1
U01619,2
U01619,3
U01619,4
U01619,5
U01620,1
U01620,3
U01620,5
U01623,1
U01623,2
U01623,3
U01623,4
U01623,5
U01623,7
U01624,1
U01624,4
U01624,6
U01624,7
U01624,8
U01626,1
U01626,3
U01626,7
U01627,1
U01627,2
U01627,6
U01627,8
U01632,1
U01632,3
U01632,4
U01632,5
U01632,6
U01633,1
U01633,8
U01635,1
U01635,3
U01635,5
U01635,8
U01636,7
U01637,1
U01637,2
U01637,3
U01637,4
U01637,5
U01637,6
U01638,2
U01638,3
U01638,4
U01638,5
U01638,6
U01640,2
U01640,3
U01640,4
U01640,5
U01640,6
U01641,1
U01641,3
U01641,4
U01641,6
U01641,7
U01643,1
U01643,2
U01643,3
U01643,5
U01643,6
U01644,1
U01644,3
U01644,8
U01645,1
U01645,2
U01645,4
U01646,1
U01646,2
U01646,3
U01646,4
U01646,6
U01647,1
U01647,3
U01647,4
U01647,6
U01650,1
U01650,2
U01650,4
U01650,5
U01650,8
U01656,1
U01656,2
U01656,5
U01656,6
U01660,5
U01660,6
U01661,1
U01661,2
U01661,3
U01661,4
U01661,5
U01661,6
U01661,7
U01662,1
U01662,2
U01662,3
U01662,4
U01662,5
U01665,2
U01665,4
U01668,2
U01668,3
U01669,1
U01669,2
U01669,3
U01669,4
U01669,5
U01669,7
U01673,1
U01673,2
U01673,3
U01673,4
U01673,5
U01673,8
U01676,3
U01676,5
U01676,8
U01677,1
U01677,3
U01677,5
U01677,6
U01677,8
U01679,1
U01679,2
U01679,4
U01679,8
U01680,1
U01680,2
U01680,3
U01680,5
U01680,7
U01680,8
U01681,1
U01681,3
U01681,4
U01681,5
U01681,7
U01682,1
U01682,2
U01682,3
U01682,6
U01682,7
U01682,8
U01683,2
U01683,4
U01683,6
U01687,1
U01687,3
U01687,6
U01689,2
U01689,4
U01689,5
U01689,6
U01689,7
U01691,4
U01691,5
U01691,6
U01692,1
U01692,2
U01692,3
U01692,4
U01692,5
U01692,7
U01692,8
U01695,3
U01695,4
U01696,1
U01696,2
U01696,3
U01699,1
U01699,2
U01699,6
U01699,7
U01703,1
U01703,2
U01703,3
U01703,4
U01703,5
U01703,7
U01704,1
U01704,3
U01704,6
U01704,7
U01704,8
U01705,1
U01705,2
U01705,3
U01705,4
U01705,5
U01709,1
U01709,2
U01709,6
U01709,8
U01712,1
U01712,2
U01712,5
U01712,6
U01712,7
U01712,8
U01715,3
U01715,5
U01716,1
U01716,3
U01716,4
U01716,5
U01717,1
U01717,2
U01717,3
U01717,4
U01717,6
U01717,8
U01718,3
U01718,4
U01718,5
U01718,6
U01718,7
U01718,8
U01719,1
U01719,2
U01719,3
U01719,4
U01719,5
U01719,7
U01719,8
U01721,1
U01721,2
U01721,3
U01721,4
U01721,5
U01721,6
U01722,1
U01722,2
U01722,4
U01722,6
U01724,1
U01724,2
U01724,3
U01724,4
U01724,5
U01724,6
U01724,7
U01725,1
U01725,2
U01725,3
U01725,5
U01726,2
U01726,3
U01726,4
U01726,5
U01726,6
U01726,7
U01727,1
U01727,4
U01728,1
U01728,2
U01730,3
U01730,6
U01733,1
U01733,2
U01733,4
U01733,6
U01734,1
U01734,2
U01734,3
U01734,6
U01734,7
U01734,8
U01735,1
U01735,2
U01735,3
U01735,4
U01735,5
U01735,6
U01735,7
U01735,8
U01737,1
U01737,4
U01737,5
U01738,2
U01738,3
U01738,4
U01738,6
U01738,7
U01743,1
U01743,2
U01743,3
U01743,4
U01743,6
U01744,1
U01744,2
U01744,4
U01744,6
U01744,8
U01745,1
U01745,2
U01745,3
U01745,4
U01745,5
U01745,7
U01746,1
U01746,2
U01746,3
U01746,4
U01746,6
U01749,1
U01749,2
U01749,4
U01749,5
U01749,6
U01749,7
U01749,8
U01750,1
U01750,2
U01750,3
U01750,4
U01750,5
U01752,1
U01752,2
U01752,3
U01752,5
U01752,6
U01752,7
U01753,2
U01753,3
U01753,4
U01753,6
U01753,7
U01754,4
U01754,7
U01755,1
U01755,2
U01755,3
U01755,4
U01755,6
U01755,8
U01757,1
U01757,2
U01757,3
U01757,4
U01757,5
U01757,6
U01757,7
U01757,8
U01758,1
U01758,3
U01758,4
U01758,6
U01759,1
U01759,2
U01759,3
U01759,5
U01759,6
U01759,8
U01761,1
U01761,2
U01761,4
U01763,1
U01763,2
U01763,3
U01763,4
U01763,6
U01763,7
U01763,8
U01764,1
U01764,3
U01764,4
U01764,6
U01764,8
U01766,1
U01766,3
U01767,1
U01767,2
U01767,3
U01767,4
U01767,6
U01770,1
U01770,2
U01770,4
U01770,5
U01770,6
U01770,7
U01770,8
U01771,1
U01771,3
U01771,4
U01775,1
U01775,3
U01775,4
U01775,8
U01777,1
U01777,2
U01777,3
U01777,4
U01777,6
U01777,8
U01778,2
U01778,3
U01778,4
U01778,6
U01778,7
U01780,1
U01780,3
U01780,4
U01780,5
U01780,6
U01780,8
U01781,1
U01781,2
U01781,3
U01781,4
U01781,5
U01781,7
U01784,2
U01784,3
U01784,4
U01785,1
U01785,3
U01787,1
U01787,2
U01787,3
U01787,4
U01787,5
U01787,6
U01789,1
U01789,2
U01789,3
U01789,4
U01791,1
U01791,2
U01791,3
U01791,4
U01791,5
U01798,1
U01798,2
U01798,3
U01798,4
U01798,5
U01799,1
U01799,2
U01799,3
U01800,1
U01802,1
U01802,2
U01802,3
U01802,4
U01802,5
U01802,7
U01804,1
U01804,2
U01804,3
U01804,6
U01804,8
U01805,1
U01805,7
U01806,1
U01806,2
U01806,3
U01806,4
U01807,1
U01807,2
U01807,3
U01807,5
U01807,8
U01808,1
U01808,2
U01808,3
U01808,6
U01812,1
U01812,2
U01812,4
U01812,5
U01812,6
U01812,7
U01813,1
U01813,2
U01813,3
U01813,5
U01813,6
U01813,7
U01815,1
U01815,2
U01815,3
U01815,4
U01815,5
U01816,2
U01816,5
U01816,6
U01816,7
U01817,3
U01817,4
U01817,5
U01819,1
U01819,3
U01819,4
U01819,5
U01819,8
U01822,1
U01822,2
U01822,5
U01822,6
U01822,7
U01823,1
U01823,2
U01823,3
U01823,6
U01823,7
U01824,1
U01824,2
U01824,3
U01824,5
U01824,7
U01825,1
U01825,2
U01825,4
U01825,5
U01825,6
U01826,4
U01827,1
U01827,2
U01827,3
U01827,5
U01829,1
U01829,2
U01829,3
U01833,3
U01833,4
U01833,8
U01835,1
U01835,2
U01835,5
U01835,7
U01837,1
U01837,2
U01837,4
U01837,6
U01837,7
U01845,1
U01845,3
U01845,4
U01845,6
U01848,2
U01848,3
U01848,4
U01848,5
U01848,7
U01848,8
U01850,1
U01850,2
U01850,3
U01850,4
U01850,6
U01852,1
U01852,2
U01852,3
U01852,4
U01852,7
U01853,1
U01853,2
U01853,5
U01853,6
U01853,7
U01854,1
U01854,2
U01854,3
U01854,4
U01863,1
U01863,2
U01863,3
U01863,4
U01863,6
U01863,7
U01864,1
U01864,2
U01864,4
U01864,5
U01865,1
U01865,2
U01865,3
U01865,7
U01867,1
U01867,4
U01867,5
U01869,1
U01869,2
U01869,4
U01874,1
U01874,2
U01874,5
U01876,1
U01876,3
U01876,4
U01876,5
U01876,7
U01877,1
U01877,3
U01877,5
U01877,6
U01877,7
U01880,1
U01880,2
U01880,3
U01880,4
U01880,5
U01880,6
U01881,2
U01881,3
U01881,4
U01881,5
U01881,6
U01881,7
U01882,1
U01882,2
U01882,3
U01882,5
U01882,7
U01883,2
U01883,3
U01883,6
U01884,1
U01884,2
U01884,5
U01888,1
U01888,2
U01888,3
U01888,4
U01888,6
U01888,7
U01888,8
U01889,2
U01890,1
U01890,2
U01890,4
U01890,6
U01890,7
U01890,8
U01893,1
U01893,2
U01893,3
U01893,4
U01893,7
U01893,8
U01894,1
U01894,2
U01894,3
U01894,4
U01896,1
U01896,2
U01896,3
U01896,4
U01896,6
U01900,1
U01900,3
U01900,4
U01900,5
U01900,6
U01901,1
U01901,4
U01902,1
U01902,2
U01902,3
U01902,4
U01905,1
U01905,2
U01905,4
U01905,5
U01905,8
U01906,1
U01906,3
U01906,6
U01906,8
U01910,2
U01910,4
U01910,6
U01911,1
U01911,2
U01911,3
U01911,4
U01912,1
U01912,3
U01914,1
U01914,2
U01914,3
U01914,5
U01914,6
U01914,8
U01915,1
U01915,3
U01915,6
U01915,7
U01915,8
U01918,3
U01918,4
U01918,5
U01918,8
U01922,1
U01922,2
U01922,3
U01922,6
U01922,8
U01924,1
U01924,2
U01924,4
U01924,5
U01924,6
U01926,1
U01926,2
U01926,4
U01926,5
U01926,6
U01926,7
U01930,2
U01930,3
U01930,6
U01930,7
U01930,8
U01932,4
U01932,5
U01932,6
U01933,1
U01933,2
U01933,3
U01933,4
U01933,5
U01936,1
U01936,2
U01936,3
U01936,4
U01936,5
U01936,6
U01938,1
U01938,2
U01938,3
U01938,4
U01941,3
U01941,7
U01943,1
U01943,3
U01943,4
U01943,5
U01943,6
U01943,7
U01943,8
U01944,3
U01944,5
U01945,2
U01945,3
U01945,6
U01947,2
U01947,3
U01947,5
U01951,1
U01951,3
U01951,5
U01951,7
U01953,1
U01953,2
U01953,3
U01953,4
U01953,5
U01953,7
U01955,3
U01955,4
U01956,2
U01956,3
U01956,5
U01956,7
U01961,1
U01961,2
U01961,3
U01961,4
U01961,5
U01962,1
U01962,4
U01962,5
U01962,7
U01962,8
U01963,1
U01963,2
U01963,4
U01963,5
U01963,6
U01964,1
U01964,4
U01964,7
U01964,8
U01965,2
U01965,6
U01967,1
U01967,5
U01968,1
U01968,2
U01968,3
U01968,5
U01971,1
U01971,2
U01971,3
U01971,4
U01971,5
U01973,1
U01973,2
U01973,3
U01973,4
U01973,5
U01976,1
U01976,3
U01976,5
U01977,1
U01977,2
U01977,3
U01977,5
U01977,6
U01982,1
U01982,2
U01982,3
U01982,4
U01982,5
U01982,7
U01983,2
U01983,3
U01983,4
U01983,6
U01983,7
U01986,1
U01986,2
U01986,3
U01986,4
U01986,7
U01986,8
U01987,2
U01990,3
U01990,5
U01991,1
U01991,2
U01991,3
U01991,4
U01991,8
U01992,2
U01992,6
U01995,2
U01995,3
U01995,6
U01997,2
U01997,4
U01997,5
U02000,4
U02000,6
U02004,1
U02004,5
U02004,6
U02004,7
U02005,1
U02005,2
U02005,3
U02005,5
U02005,6
U02005,7
U02009,1
U02009,2
U02009,3
U02009,5
U02009,7
U02009,8
U02010,1
U02010,2
U02010,4
U02010,7
U02010,8
U02011,4
U02011,7
U02016,1
U02016,3
U02016,5
U02018,5
U02019,1
U02019,2
U02019,4
U02019,7
U02023,2
U02023,3
U02023,4
U02023,5
U02024,2
U02024,4
U02025,2
U02026,1
U02026,2
U02026,3
U02026,5
U02028,1
U02028,4
U02028,5
U02028,7
U02028,8
U02029,1
U02029,2
U02029,5
U02029,6
U02032,2
U02032,3
U02032,4
U02033,2
U02033,3
U02033,4
U02033,5
U02033,8
U02034,4
U02034,5
U02035,3
U02035,6
U02035,7
U02036,1
U02036,2
U02036,3
U02036,4
U02037,3
U02037,4
U02037,6
U02037,8
U02038,1
U02038,3
U02038,4
U02038,5
U02038,7
U02038,8
U02041,1
U02041,2
U02041,4
U02041,5
U02042,1
U02042,2
U02042,3
U02042,4
U02042,5
U02043,1
U02043,2
U02043,3
U02043,4
U02043,6
U02044,1
U02044,2
U02044,3
U02044,4
U02044,5
U02046,1
U02046,2
U02046,3
U02046,4
U02049,5
U02050,1
U02050,3
U02050,4
U02050,5
U02051,3
U02053,1
U02053,2
U02053,3
U02053,4
U02053,5
U02053,7
U02058,1
U02058,2
U02058,4
U02058,5
U02062,1
U02062,2
U02062,3
U02062,5
U02062,6
U02063,1
U02063,2
U02063,4
U02063,6
U02063,7
U02063,8
U02064,1
U02064,4
U02064,5
U02064,6
U02064,8
U02065,1
U02065,2
U02065,3
U02065,4
U02065,7
U02070,1
U02070,2
U02070,3
U02070,5
U02070,7
U02070,8
U02071,1
U02071,4
U02071,6
U02071,7
U02072,2
U02072,8
U02076,1
U02076,3
U02076,5
U02076,6
U02077,1
U02077,2
U02077,3
U02077,5
U02077,7
U02077,8
U02078,1
U02078,3
U02078,5
U02078,7
U02079,1
U02079,2
U02079,3
U02079,4
U02079,6
U02079,8
U02080,1
U02080,2
U02080,3
U02080,7
U02080,8
U02081,1
U02081,5
U02081,6
U02081,7
U02082,1
U02082,2
U02082,4
U02083,1
U02083,2
U02083,3
U02083,4
U02083,6
U02083,8
U02085,1
U02085,2
U02085,3
U02085,4
U02085,6
U02086,1
U02086,3
U02086,5
U02086,7
U02086,8
U02087,2
U02087,6
U02087,8
U02089,3
U02089,7
U02090,1
U02090,3
U02090,4
U02090,5
U02095,1
U02095,2
U02095,3
U02095,4
U02095,6
U02095,7
U02097,1
U02097,2
U02097,3
U02097,6
U02100,3
U02100,4
U02100,5
U02100,6
U02100,8
U02101,1
U02101,4
U02101,5
U02101,6
U02102,1
U02102,2
U02102,3
U02102,4
U02102,5
U02102,6
U02104,2
U02104,3
U02104,5
U02104,8
U02105,2
U02105,3
U02108,1
U02108,2
U02108,4
U02108,5
U02108,6
U02112,1
U02112,2
U02112,4
U02112,5
U02114,1
U02114,2
U02114,3
U02114,4
U02114,5
U02114,6
U02114,7
U02114,8
U02117,1
U02117,2
U02117,3
U02117,5
U02117,6
U02117,7
U02118,2
U02118,3
U02120,1
U02120,2
U02120,5
U02120,7
U02120,8
U02122,2
U02122,5
U02123,1
U02123,2
U02123,4
U02123,6
U02125,1
U02125,2
U02125,4
U02125,5
U02125,8
U02130,1
U02130,2
U02130,5
U02136,1
U02136,3
U02136,4
U02136,5
U02136,6
U02137,1
U02137,2
U02137,3
U02137,4
U02137,5
U02140,1
U02140,2
U02140,4
U02140,5
U02141,1
U02141,4
U02141,5
U02143,1
U02143,2
U02143,3
U02143,5
U02143,6
U02143,7
U02146,1
U02146,2
U02146,3
U02146,4
U02146,5
U02146,6
U02146,7
U02147,1
U02147,2
U02147,3
U02147,4
U02147,6
U02149,1
U02149,3
U02149,5
U02149,7
U02155,1
U02155,5
U02156,1
U02156,2
U02156,5
U02156,6
U02157,1
U02157,3
U02157,4
U02157,5
U02157,7
U02157,8
U02158,1
U02158,2
U02158,3
U02160,1
U02160,2
U02160,3
U02160,5
U02160,6
U02162,1
U02162,2
U02162,3
U02162,5
U02162,6
U02163,1
U02163,3
U02163,8
U02165,1
U02165,4
U02165,5
U02165,6
U02165,7
U02173,1
U02173,2
U02173,4
U02178,2
U02178,5
U02178,6
U02178,7
U02178,8
U02179,1
U02179,4
U02181,1
U02181,2
U02181,3
U02181,4
U02181,5
U02182,1
U02182,2
U02182,3
U02182,4
U02182,5
U02183,1
U02183,2
U02183,3
U02183,8
U02184,1
U02184,2
U02184,3
U02184,6
U02184,7
U02186,5
U02188,1
U02191,1
U02191,2
U02191,4
U02191,5
U02191,6
U02193,1
U02193,3
U02195,1
U02195,2
U02195,3
U02195,4
U02195,5
U02196,2
U02196,6
U02196,7
U02198,1
U02198,2
U02198,3
U02198,4
U02198,5
U02198,6
U02200,1
U02200,2
U02200,4
U02201,2
U02201,3
U02201,4
U02201,5
U02201,6
U02201,8
U02202,3
U02202,4
U02202,5
U02204,2
U02204,5
U02205,2
U02205,4
U02206,2
U02206,3
U02206,4
U02206,5
U02206,8
U02208,1
U02208,2
U02208,8
U02210,1
U02210,2
U02210,3
U02210,4
U02211,3
U02213,1
U02213,3
U02213,4
U02213,7
U02213,8
U02217,2
U02217,3
U02217,6
U02220,3
U02220,4
U02220,5
U02220,8
U02221,1
U02221,5
U02221,6
U02221,7
U02227,3
U02227,4
U02227,5
U02230,1
U02230,2
U02230,8
U02231,1
U02231,2
U02231,3
U02235,1
U02235,2
U02235,3
U02235,4
U02235,5
U02235,6
U02235,8
U02237,1
U02237,3
U02237,4
U02237,6
U02238,1
U02238,8
U02240,1
U02240,2
U02240,5
U02240,7
U02244,1
U02244,2
U02244,3
U02244,5
U02244,6
U02253,1
U02253,3
U02253,5
U02256,1
U02256,2
U02256,3
U02256,4
U02257,3
U02257,5
U02257,6
U02257,8
U02260,1
U02260,2
U02260,3
U02260,4
U02260,5
U02260,6
U02260,7
U02261,1
U02261,2
U02261,3
U02261,4
U02261,5
U02261,6
U02261,7
U02263,2
U02263,4
U02263,5
U02264,1
U02264,3
U02264,4
U02267,1
U02267,6
U02267,7
U02268,1
U02268,2
U02268,3
U02268,5
U02268,6
U02268,7
U02268,8
U02270,1
U02270,2
U02271,3
U02271,4
U02271,7
U02271,8
U02273,1
U02273,4
U02273,5
U02273,6
U02284,1
U02284,2
U02284,4
U02284,6
U02287,1
U02287,2
U02287,3
U02287,4
U02287,5
U02288,1
U02288,4
U02288,5
U02289,4
U02289,6
U02290,1
U02290,3
U02290,4
U02290,5
U02292,4
U02292,5
U02292,7
U02294,2
U02294,3
U02294,6
U02294,7
U02297,1
U02297,3
U02297,4
U02297,5
U02297,7
U02298,1
U02298,3
U02298,4
U02298,5
U02298,7
U02299,1
U02299,3
U02299,5
U02299,8
U02300,2
U02300,4
U02300,5
U02300,8
U02301,1
U02301,3
U02301,4
U02301,6
U02302,1
U02302,2
U02302,5
U02302,8
U02303,1
U02303,3
U02303,4
U02304,6
U02304,7
U02306,1
U02306,2
U02306,3
U02306,4
U02306,5
U02307,1
U02307,2
U02307,3
U02307,5
U02307,8
U02310,2
U02310,3
U02310,6
U02310,8
U02311,7
U02312,1
U02312,2
U02312,4
U02312,6
U02314,1
U02314,2
U02314,3
U02314,8
U02316,1
U02316,2
U02316,3
U02316,5
U02316,6
U02316,7
U02318,1
U02318,2
U02318,3
U02318,5
U02318,7
U02320,1
U02320,3
U02320,4
U02320,6
U02320,7
U02323,1
U02323,2
U02323,5
U02324,1
U02324,2
U02324,3
U02324,4
U02324,6
U02324,7
U02324,8
U02326,2
U02326,3
U02326,4
U02326,5
U02326,8
U02327,1
U02327,2
U02327,3
U02327,4
U02327,5
U02327,7
U02330,1
U02331,1
U02331,2
U02331,3
U02331,4
U02332,1
U02332,2
U02332,3
U02332,4
U02332,6
U02335,1
U02335,2
U02336,1
U02336,2
U02336,5
U02339,1
U02339,2
U02339,3
U02339,4
U02339,5
U02339,6
U02339,7
U02340,1
U02340,2
U02340,7
U02345,1
U02345,2
U02345,4
U02345,6
U02347,3
U02347,4
U02347,6
U02347,8
U02349,1
U02349,2
U02349,3
U02349,4
U02349,5
U02349,6
U02349,8
U02350,1
U02350,2
U02350,3
U02350,4
U02352,1
U02352,4
U02352,5
U02352,6
U02355,2
U02355,3
U02355,5
U02355,6
U02357,1
U02357,2
U02357,5
U02362,1
U02362,2
U02362,3
U02362,4
U02362,5
U02362,6
U02363,1
U02363,3
U02363,4
U02363,5
U02364,2
U02364,3
U02364,4
U02364,5
U02364,7
U02366,1
U02366,2
U02366,3
U02366,6
U02366,7
U02366,8
U02368,1
U02368,2
U02368,3
U02368,5
U02368,6
U02369,1
U02369,2
U02369,7
U02370,1
U02370,2
U02370,3
U02370,4
U02370,5
U02370,7
U02371,1
U02371,7
U02372,2
U02372,6
U02373,1
U02373,2
U02373,3
U02373,4
U02373,5
U02373,8
U02380,1
U02380,2
U02380,3
U02380,4
U02380,5
U02380,6
U02381,1
U02381,3
U02381,5
U02381,8
U02389,3
U02389,5
U02390,1
U02390,2
U02390,6
U02392,1
U02392,2
U02392,5
U02392,6
U02392,7
U02392,8
U02393,1
U02393,4
U02393,5
U02393,7
U02395,1
U02395,2
U02395,3
U02395,7
U02397,1
U02397,2
U02397,3
U02397,6
U02401,1
U02401,4
U02403,1
U02403,2
U02403,3
U02403,5
U02403,6
U02403,7
U02403,8
U02409,1
U02409,3
U02409,4
U02410,1
U02410,2
U02410,4
U02410,6
U02410,8
U02411,1
U02411,2
U02411,5
U02412,2
U02412,3
U02412,4
U02412,6
U02412,7
U02413,1
U02413,2
U02413,3
U02413,4
U02413,5
U02413,6
U02416,1
U02416,2
U02416,3
U02416,4
U02416,6
U02416,7
U02416,8
U02420,1
U02420,8
U02421,1
U02421,2
U02421,4
U02421,5
U02421,6
U02421,8
U02422,1
U02422,2
U02422,4
U02422,8
U02426,3
U02426,4
U02431,1
U02431,2
U02431,4
U02431,7
U02431,8
U02433,1
U02433,2
U02433,3
U02433,4
U02433,6
U02433,8
U02434,1
U02434,2
U02434,3
U02434,5
U02434,6
U02434,7
U02434,8
U02435,1
U02435,2
U02435,4
U02435,5
U02435,7
U02435,8
U02437,1
U02437,2
U02437,4
U02437,5
U02437,8
U02439,3
U02439,5
U02439,6
U02439,7
U02441,3
U02443,2
U02443,3
U02443,4
U02443,5
U02443,6
U02443,8
U02444,1
U02444,2
U02444,3
U02444,5
U02444,6
U02444,8
U02448,3
U02451,1
U02451,3
U02451,4
U02451,6
U02451,7
U02451,8
U02454,1
U02454,2
U02454,3
U02454,4
U02454,5
U02454,6
U02454,8
U02455,3
U02455,4
U02455,6
U02455,7
U02456,1
U02456,6
U02458,1
U02458,2
U02458,3
U02458,4
U02458,5
U02458,6
U02459,1
U02459,2
U02459,4
U02460,2
U02460,3
U02460,5
U02460,6
U02461,1
U02461,3
U02461,4
U02463,2
U02463,3
U02463,8
U02469,1
U02469,2
U02469,5
U02469,7
U02470,1
U02470,2
U02470,3
U02470,4
U02470,5
U02472,1
U02472,2
U02472,4
U02472,5
U02472,6
U02472,7
U02474,1
U02474,2
U02474,3
U02474,5
U02474,6
U02474,7
U02475,1
U02475,2
U02475,6
U02475,8
U02478,1
U02478,2
U02478,3
U02478,5
U02480,1
U02480,3
U02480,5
U02480,6
U02480,7
U02480,8
U02482,1
U02482,2
U02482,3
U02483,1
U02483,2
U02487,1
U02487,2
U02487,3
U02487,6
U02488,1
U02488,4
U02488,5
U02490,5
U02491,2
U02491,3
U02492,1
U02492,2
U02492,3
U02492,4
U02492,5
U02493,1
U02493,4
U02493,5
U02496,2
U02496,4
U02496,8
U02501,1
U02501,4
U02501,5
U02502,1
U02502,2
U02502,4
U02502,6
U02503,2
U02508,1
U02508,2
U02512,1
U02512,3
U02512,4
U02512,5
U02517,1
U02517,2
U02517,3
U02517,6
U02519,1
U02519,2
U02519,3
U02519,4
U02519,7
U02520,3
U02520,4
U02520,6
U02520,8
U02523,1
U02523,2
U02525,1
U02525,2
U02525,3
U02525,5
U02526,1
U02526,3
U02527,2
U02527,3
U02527,5
U02527,6
U02527,7
U02528,1
U02528,2
U02528,3
U02528,5
U02528,6
U02531,1
U02531,3
U02531,4
U02531,7
U02532,1
U02532,7
U02536,2
U02536,4
U02536,5
U02536,6
U02537,2
U02537,4
U02537,6
U02537,7
U02540,1
U02540,2
U02540,3
U02540,4
U02540,5
U02540,6
U02540,8
U02541,1
U02541,2
U02541,3
U02541,4
U02541,7
U02545,3
U02550,1
U02550,2
U02550,3
U02550,4
U02550,5
U02550,6
U02551,1
U02551,2
U02551,3
U02551,4
U02551,5
U02552,2
U02552,4
U02552,7
U02553,1
U02553,2
U02553,3
U02553,4
U02554,1
U02554,2
U02554,3
U02554,4
U02554,5
U02554,6
U02554,8
U02557,1
U02557,2
U02557,3
U02557,4
U02557,5
U02557,6
U02557,7
U02558,1
U02558,3
U02558,6
U02559,2
U02559,3
U02559,8
U02560,2
U02560,3
U02560,4
U02562,5
U02562,6
U02563,1
U02563,3
U02563,4
U02563,6
U02563,7
U02563,8
U02564,1
U02564,2
U02564,5
U02564,6
U02565,1
U02565,2
U02565,3
U02565,4
U02565,5
U02566,1
U02566,2
U02566,3
U02566,5
U02566,7
U02571,1
U02571,2
U02571,3
U02571,4
U02571,5
U02571,7
U02573,5
U02573,7
U02577,1
U02577,2
U02577,3
U02578,1
U02578,4
U02578,7
U02581,4
U02581,5
U02581,6
U02581,7
U02586,2
U02586,3
U02586,4
U02586,5
U02586,6
U02586,7
U02586,8
U02587,1
U02587,2
U02587,3
U02587,4
U02587,8
U02588,3
U02588,8
U02590,1
U02590,2
U02590,4
U02590,5
U02590,8
U02593,2
U02593,3
U02593,4
U02593,5
U02594,1
U02594,2
U02594,3
U02594,5
U02594,6
U02594,7
U02599,2
U02599,3
U02599,4
U02599,5
U02599,8
U02603,1
U02603,3
U02603,4
U02604,2
U02604,4
U02604,5
U02604,6
U02606,1
U02606,2
U02606,3
U02606,5
U02606,6
U02606,7
U02614,1
U02614,2
U02614,3
U02614,4
U02614,5
U02614,7
U02616,1
U02616,3
U02616,4
U02616,5
U02616,6
U02620,1
U02620,3
U02620,5
U02620,8
U02621,1
U02621,2
U02621,3
U02621,4
U02621,8
U02623,1
U02623,3
U02623,5
U02623,6
U02623,7
U02626,1
U02626,2
U02626,3
U02626,5
U02626,8
U02628,1
U02628,2
U02628,4
U02628,5
U02628,6
U02628,7
U02629,2
U02630,1
U02630,2
U02630,3
U02630,5
U02633,1
U02633,2
U02633,4
U02633,7
U02634,3
U02636,1
U02636,2
U02636,3
U02640,1
U02640,2
U02640,4
U02640,5
U02640,6
U02640,7
U02640,8
U02641,3
U02641,5
U02641,6
U02642,1
U02642,2
U02642,3
U02642,4
U02642,6
U02644,1
U02650,2
U02650,3
U02650,5
U02650,7
U02650,8
U02653,1
U02653,2
U02653,4
U02653,5
U02653,8
U02654,1
U02654,2
U02654,3
U02654,4
U02658,2
U02658,3
U02658,4
U02658,5
U02659,1
U02659,2
U02659,5
U02659,6
U02663,1
U02663,2
U02663,3
U02663,4
U02663,5
U02663,6
U02664,1
U02664,6
U02664,7
U02664,8
U02666,3
U02666,4
U02666,5
U02666,6
U02666,7
U02666,8
U02667,2
U02670,1
U02670,2
U02670,3
U02670,4
U02670,5
U02671,1
U02671,3
U02671,4
U02671,5
U02671,6
U02671,7
U02673,1
U02673,2
U02673,5
U02673,6
U02673,8
U02674,2
U02674,3
U02674,6
U02674,7
U02675,4
U02675,7
U02676,1
U02676,2
U02676,6
U02677,1
U02677,3
U02677,4
U02677,5
U02677,7
U02678,3
U02678,4
U02678,6
U02678,8
U02679,2
U02679,3
U02679,5
U02680,1
U02680,3
U02680,4
U02680,5
U02680,8
U02681,1
U02681,2
U02681,3
U02681,6
U02682,1
U02682,4
U02682,5
U02686,1
U02686,5
U02688,1
U02688,2
U02688,3
U02688,4
U02688,5
U02688,6
U02689,1
U02689,2
U02689,3
U02689,4
U02689,5
U02689,7
U02691,1
U02691,2
U02691,3
U02691,4
U02691,5
U02692,1
U02692,2
U02692,5
U02692,6
U02699,1
U02699,2
U02699,3
U02699,6
U02700,1
U02700,2
U02700,3
U02700,4
U02701,4
U02708,1
U02708,4
U02710,1
U02710,2
U02710,3
U02714,2
U02715,1
U02715,3
U02715,4
U02715,5
U02715,6
U02715,7
U02716,1
U02716,2
U02716,3
U02716,5
U02721,2
U02722,2
U02722,3
U02722,4
U02722,7
U02723,1
U02723,3
U02723,4
U02724,1
U02724,2
U02724,3
U02724,5
U02724,6
U02725,1
U02725,2
U02725,4
U02726,1
U02726,8
U02729,1
U02729,2
U02729,5
U02729,8
U02731,1
U02731,3
U02731,5
U02731,6
U02733,1
U02733,2
U02733,3
U02733,5
U02733,6
U02733,7
U02733,8
U02734,1
U02734,3
U02734,5
U02739,1
U02739,4
U02740,1
U02740,2
U02740,4
U02740,5
U02741,1
U02741,3
U02741,5
U02741,7
U02746,1
U02746,3
U02746,5
U02746,7
U02746,8
U02747,5
U02747,6
U02748,1
U02748,3
U02748,4
U02748,5
U02748,6
U02748,8
U02752,1
U02752,2
U02752,3
U02753,1
U02753,3
U02753,6
U02755,1
U02755,2
U02760,1
U02760,2
U02760,3
U02760,4
U02760,6
U02760,7
U02762,1
U02762,2
U02762,3
U02762,5
U02762,6
U02764,2
U02764,4
U02764,5
U02764,7
U02766,1
U02766,5
U02766,6
U02766,7
U02769,1
U02769,3
U02769,4
U02770,1
U02770,5
U02771,1
U02771,2
U02771,3
U02771,5
U02772,1
U02772,2
U02772,4
U02773,2
U02773,5
U02773,7
U02773,8
U02776,1
U02776,2
U02777,2
U02777,3
U02777,6
U02778,1
U02778,2
U02778,3
U02778,4
U02778,5
U02778,6
U02778,7
U02778,8
U02781,1
U02781,2
U02781,5
U02782,6
U02784,1
U02784,3
U02784,4
U02784,5
U02788,1
U02788,2
U02788,3
U02788,4
U02788,5
U02791,1
U02791,2
U02791,4
U02791,5
U02791,6
U02793,1
U02793,3
U02793,4
U02793,5
U02795,1
U02795,2
U02795,3
U02795,4
U02795,5
U02795,7
U02795,8
U02796,1
U02796,2
U02796,3
U02796,6
U02796,7
U02796,8
U02797,1
U02797,2
U02797,6
U02797,7
U02797,8
U02799,1
U02799,2
U02799,4
U02799,5
U02801,2
U02801,3
U02801,5
U02802,1
U02802,2
U02802,4
U02802,5
U02803,1
U02803,2
U02803,4
U02805,2
U02805,3
U02805,4
U02805,5
U02806,1
U02806,3
U02806,4
U02806,5
U02810,6
U02811,1
U02811,2
U02811,3
U02811,6
U02811,7
U02811,8
U02812,1
U02812,2
U02815,1
U02815,2
U02815,4
U02815,6
U02815,8
U02816,1
U02816,2
U02816,6
U02817,2
U02817,3
U02817,4
U02818,1
U02818,2
U02818,3
U02818,5
U02819,1
U02819,2
U02819,6
U02819,8
U02820,1
U02820,2
U02820,4
U02820,7
U02820,8
U02823,1
U02823,2
U02823,3
U02823,4
U02823,5
U02823,6
U02823,7
U02829,1
U02829,2
U02829,3
U02829,4
U02829,7
U02829,8
U02830,1
U02830,2
U02830,3
U02830,4
U02830,5
U02830,7
U02832,1
U02832,2
U02832,3
U02832,4
U02832,6
U02832,7
U02834,1
U02834,2
U02835,1
U02835,3
U02835,4
U02836,4
U02836,5
U02836,7
U02836,8
U02839,6
U02839,7
U02840,5
U02840,6
U02844,1
U02844,2
U02844,3
U02844,4
U02844,5
U02845,4
U02845,5
U02847,1
U02847,2
U02847,4
U02851,1
U02851,3
U02851,4
U02851,5
U02851,7
U02851,8
U02855,4
U02856,1
U02856,3
U02856,4
U02856,5
U02856,6
U02856,7
U02856,8
U02857,1
U02857,2
U02857,3
U02857,5
U02858,7
U02859,1
U02859,5
U02859,7
U02862,2
U02862,4
U02862,5
U02862,6
U02864,1
U02864,2
U02864,3
U02864,4
U02864,6
U02868,3
U02870,1
U02870,3
U02870,4
U02870,5
U02870,7
U02871,1
U02871,5
U02872,1
U02872,2
U02872,5
U02872,7
U02875,1
U02875,2
U02875,3
U02875,5
U02881,1
U02881,2
U02881,4
U02881,5
U02881,6
U02885,2
U02885,3
U02885,6
U02887,3
U02887,4
U02887,7
U02894,1
U02894,2
U02894,3
U02894,6
U02894,7
U02895,2
U02896,1
U02896,3
U02896,4
U02897,1
U02897,2
U02898,1
U02898,2
U02898,3
U02898,4
U02898,5
U02898,7
U02899,3
U02899,7
U02900,1
U02900,2
U02900,3
U02900,4
U02900,5
U02901,1
U02901,2
U02901,4
U02901,5
U02901,6
U02903,1
U02903,2
U02903,3
U02903,5
U02903,6
U02903,7
U02904,1
U02904,2
U02904,4
U02904,5
U02904,6
U02904,8
U02905,1
U02905,2
U02905,3
U02905,7
U02905,8
U02906,1
U02906,3
U02906,5
U02906,8
U02907,1
U02907,2
U02907,3
U02907,4
U02907,6
U02909,1
U02909,3
U02909,4
U02909,5
U02910,1
U02910,2
U02910,4
U02910,5
U02911,2
U02911,3
U02911,4
U02911,6
U02911,7
U02911,8
U02915,1
U02915,3
U02915,4
U02915,8
U02916,1
U02916,3
U02916,4
U02916,5
U02916,6
U02917,1
U02917,2
U02917,4
U02917,5
U02917,6
U02917,7
U02919,1
U02919,3
U02919,4
U02919,7
U02920,1
U02920,2
U02920,4
U02920,5
U02920,6
U02920,8
U02925,1
U02925,2
U02925,4
U02925,8
U02926,1
U02926,2
U02926,3
U02926,4
U02926,7
U02928,1
U02928,2
U02928,3
U02928,4
U02929,2
U02929,3
U02929,4
U02929,5
U02929,6
U02931,6
U02935,1
U02935,2
U02935,3
U02935,4
U02936,4
U02938,1
U02938,4
U02938,6
U02941,1
U02941,2
U02941,4
U02941,5
U02942,1
U02942,2
U02942,3
U02942,5
U02942,7
U02942,8
U02944,1
U02944,3
U02944,5
U02945,1
U02945,3
U02945,5
U02948,1
U02948,2
U02948,5
U02948,6
U02949,1
U02949,2
U02949,3
U02949,4
U02949,6
U02951,1
U02951,3
U02951,4
U02951,7
U02952,1
U02952,2
U02952,3
U02952,5
U02952,8
U02953,1
U02953,3
U02953,6
U02956,1
U02956,4
U02956,5
U02958,1
U02958,2
U02958,5
U02958,6
U02958,7
U02959,2
U02959,3
U02959,4
U02959,5
U02960,8
U02963,1
U02963,2
U02963,3
U02963,4
U02963,5
U02965,3
U02965,4
U02965,5
U02965,6
U02965,8
U02966,2
U02966,3
U02966,4
U02966,5
U02966,6
U02967,2
U02967,4
U02967,5
U02967,7
U02969,1
U02969,2
U02969,3
U02969,8
U02970,1
U02970,2
U02970,3
U02970,5
U02971,1
U02971,2
U02971,3
U02971,4
U02974,2
U02974,5
U02975,1
U02975,2
U02979,1
U02979,3
U02979,6
U02980,2
U02980,3
U02980,4
U02980,5
U02982,1
U02982,2
U02982,5
U02984,1
U02984,2
U02984,5
U02986,2
U02986,3
U02986,5
U02986,7
U02989,1
U02989,2
U02989,4
U02989,5
U02989,6
U02989,7
U02989,8
U02990,1
U02990,4
U02990,5
U02990,7
U02992,1
U02992,4
U02992,8
U02993,1
U02993,2
U02993,3
U02993,4
U02993,6
U02993,8
U02994,1
U02994,3
U02994,4
U02994,5
U02996,1
U02996,8
U02997,3
U02997,5
U02998,1
U02998,2
U02998,3
U02998,4
U02998,5
U02998,7
U03000,1
U03001,1
U03001,2
U03001,4
U03001,5
U03001,7
U03002,3
U03002,5
U03003,1
U03004,1
U03004,2
U03006,1
U03006,2
U03006,5
U03007,1
U03007,2
U03007,3
U03007,4
U03007,5
U03007,6
U03010,1
U03010,2
U03010,3
U03010,4
U03010,6
U03010,8
U03017,1
U03017,2
U03017,3
U03017,4
U03017,5
U03017,6
U03019,1
U03019,2
U03019,3
U03019,5
U03019,6
U03019,7
U03020,2
U03020,5
U03021,1
U03021,2
U03021,4
U03021,8
U03022,3
U03022,6
U03023,1
U03023,2
U03023,3
U03023,4
U03023,5
U03023,6
U03023,7
U03023,8
U03025,1
U03025,2
U03025,3
U03025,5
U03025,7
U03025,8
U03026,1
U03026,2
U03026,3
U03026,4
U03026,5
U03026,7
U03027,1
U03027,2
U03027,3
U03027,4
U03030,1
U03030,3
U03030,4
U03030,5
U03030,7
U03031,1
U03031,2
U03031,3
U03031,4
U03031,7
U03031,8
U03033,1
U03033,2
U03033,3
U03033,5
U03034,1
U03034,2
U03034,3
U03034,4
U03034,5
U03034,7
U03036,1
U03036,2
U03036,3
U03038,4
U03038,6
U03040,3
U03040,4
U03040,5
U03041,1
U03041,3
U03041,4
U03041,5
U03041,6
U03041,8
U03042,1
U03042,2
U03043,2
U03043,3
U03043,4
U03043,6
U03044,2
U03044,5
U03046,1
U03046,3
U03046,4
U03046,7
U03046,8
U03047,2
U03047,5
U03049,1
U03049,2
U03049,3
U03049,4
U03049,5
U03049,6
U03049,7
U03049,8
U03052,1
U03052,2
U03052,3
U03052,4
U03052,5
U03052,6
U03053,2
U03053,3
U03053,4
U03053,5
U03053,6
U03053,7
U03055,5
U03056,1
U03056,3
U03060,1
U03060,3
U03060,5
U03060,8
U03061,2
U03061,4
U03061,5
U03061,7
U03064,1
U03064,2
U03064,3
U03068,1
U03068,2
U03068,4
U03068,5
U03068,7
U03068,8
U03072,1
U03072,3
U03073,1
U03073,3
U03073,5
U03073,7
U03075,1
U03075,2
U03075,3
U03075,4
U03075,6
U03075,7
U03076,1
U03076,2
U03076,3
U03076,4
U03076,6
U03076,7
U03078,2
U03080,3
U03080,4
U03082,1
U03082,2
U03082,5
U03082,6
U03084,1
U03084,5
U03087,1
U03087,2
U03087,3
U03087,5
U03087,6
U03088,2
U03088,3
U03088,8
U03091,1
U03091,2
U03091,3
U03091,4
U03091,6
U03091,7
U03091,8
U03094,1
U03094,2
U03094,3
U03094,4
U03094,5
U03094,7
U03095,1
U03095,2
U03095,3
U03095,4
U03096,1
U03096,2
U03097,3
U03097,4
U03099,1
U03099,2
U03099,5
U03102,1
U03102,2
U03102,4
U03102,5
U03102,6
U03103,1
U03103,2
U03103,3
U03103,4
U03107,1
U03107,2
U03107,3
U03107,4
U03107,5
U03107,7
U03108,1
U03108,2
U03108,6
U03108,8
U03109,1
U03109,2
U03109,5
U03109,7
U03112,1
U03112,3
U03112,4
U03112,5
U03112,6
U03114,1
U03114,2
U03114,4
U03114,5
U03117,1
U03117,2
U03117,3
U03117,4
U03117,5
U03122,3
U03122,5
U03124,1
U03124,3
U03124,4
U03124,5
U03124,6
U03128,1
U03128,2
U03128,3
U03128,4
U03128,5
U03128,6
U03132,1
U03132,2
U03132,3
U03132,4
U03132,5
U03132,6
U03132,8
U03134,2
U03134,3
U03135,1
U03135,2
U03135,4
U03135,5
U03135,7
U03135,8
U03136,1
U03137,1
U03137,4
U03138,1
U03138,2
U03138,3
U03138,4
U03138,5
U03138,6
U03138,7
U03138,8
U03139,1
U03139,2
U03139,4
U03139,5
U03139,6
U03139,7
U03141,1
U03141,2
U03141,3
U03141,6
U03141,7
U03143,1
U03143,2
U03143,3
U03143,5
U03146,1
U03146,2
U03146,3
U03147,1
U03147,2
U03147,3
U03147,7
U03149,1
U03149,2
U03149,3
U03149,7
U03150,1
U03150,2
U03150,3
U03150,4
U03150,5
U03150,6
U03150,7
U03150,8
U03151,1
U03151,2
U03151,6
U03152,1
U03152,2
U03152,3
U03152,4
U03152,5
U03152,6
U03152,8
U03155,2
U03155,3
U03155,4
U03155,6
U03155,7
U03158,1
U03158,2
U03158,3
U03158,6
U03158,8
U03159,1
U03159,2
U03159,3
U03159,4
U03159,5
U03160,1
U03160,2
U03160,3
U03160,4
U03160,5
U03162,1
U03162,2
U03162,5
U03162,6
U03166,2
U03166,3
U03166,4
U03166,5
U03168,1
U03168,2
U03168,3
U03168,4
U03168,8
U03169,4
U03169,5
U03170,2
U03170,3
U03170,4
U03170,6
U03173,1
U03173,2
U03173,3
U03173,4
U03173,5
U03174,1
U03174,2
U03174,3
U03174,4
U03175,2
U03175,3
U03175,4
U03175,5
U03175,8
U03177,1
U03177,2
U03177,6
U03177,7
U03180,1
U03180,2
U03180,3
U03180,4
U03180,5
U03182,1
U03182,2
U03182,3
U03182,4
U03182,5
U03182,6
U03182,8
U03183,1
U03183,2
U03183,3
U03183,4
U03183,5
U03183,7
U03183,8
U03184,1
U03184,2
U03184,3
U03186,1
U03186,8
U03187,2
U03187,4
U03188,1
U03188,3
U03188,8
U03190,2
U03192,4
U03192,6
U03195,2
U03195,4
U03195,5
U03195,6
U03196,1
U03196,3
U03196,5
U03196,8
U03197,1
U03197,3
U03197,4
U03197,5
U03197,6
U03197,8
U03198,1
U03198,2
U03198,3
U03198,4
U03198,5
U03198,6
U03198,7
U03200,1
U03200,2
U03200,3
U03200,5
U03200,6
U03200,8
U03201,1
U03201,2
U03201,3
U03201,6
U03201,7
U03206,1
U03206,2
U03206,3
U03206,5
U03206,6
U03206,7
U03209,1
U03209,2
U03209,3
U03209,4
U03209,5
U03209,6
U03209,7
U03209,8
U03211,1
U03211,2
U03211,4
U03211,7
U03216,1
U03216,4
U03216,5
U03220,1
U03220,4
U03220,6
U03220,7
U03220,8
U03221,5
U03224,4
U03224,5
U03229,1
U03229,2
U03229,3
U03229,4
U03229,5
U03229,6
U03230,1
U03230,2
U03230,5
U03233,2
U03233,3
U03234,1
U03234,4
U03234,5
U03234,7
U03235,1
U03235,2
U03235,3
U03235,4
U03235,5
U03235,6
U03240,3
U03241,3
U03244,1
U03244,3
U03244,7
U03245,1
U03245,2
U03245,3
U03245,5
U03245,6
U03246,1
U03246,2
U03246,3
U03246,5
U03248,1
U03248,8
U03252,3
U03252,4
U03252,7
U03252,8
U03254,2
U03254,3
U03254,6
U03254,7
U03254,8
U03255,1
U03255,3
U03255,4
U03255,5
U03257,1
U03257,2
U03257,3
U03257,7
U03261,3
U03262,1
U03262,4
U03265,2
U03265,3
U03265,4
U03265,8
U03266,1
U03266,4
U03266,7
U03267,1
U03267,3
U03267,4
U03267,5
U03267,6
U03268,1
U03268,2
U03268,3
U03268,4
U03268,5
U03268,8
U03270,1
U03270,2
U03270,3
U03270,4
U03270,5
U03270,6
U03270,8
U03273,1
U03273,2
U03273,3
U03273,4
U03273,5
U03274,1
U03274,3
U03274,4
U03274,5
U03275,2
U03275,4
U03275,6
U03275,7
U03276,1
U03276,2
U03276,3
U03278,2
U03278,7
U03278,8
U03280,1
U03280,3
U03280,5
U03280,6
U03280,7
U03283,1
U03283,2
U03283,3
U03283,4
U03283,5
U03283,6
U03283,7
U03284,2
U03284,3
U03284,4
U03285,1
U03285,2
U03285,3
U03285,4
U03288,1
U03288,4
U03288,6
U03290,2
U03290,4
U03290,5
U03290,7
U03294,4
U03295,1
U03295,2
U03295,3
U03295,4
U03295,5
U03295,6
U03295,7
U03295,8
U03298,2
U03298,3
U03302,1
U03302,2
U03302,3
U03302,4
U03302,6
U03302,7
U03302,8
U03303,3
U03303,5
U03303,6
U03303,7
U03310,2
U03310,3
U03310,4
U03310,5
U03310,6
U03310,7
U03316,2
U03316,3
U03316,4
U03316,5
U03316,6
U03316,8
U03318,3
U03318,6
U03318,7
U03318,8
U03319,1
U03319,2
U03319,4
U03319,5
U03319,7
U03319,8
U03323,1
U03323,2
U03323,3
U03323,4
U03323,8
U03325,1
U03325,4
U03325,5
U03328,5
U03330,1
U03330,2
U03330,4
U03330,5
U03330,6
U03330,7
U03331,1
U03331,2
U03331,3
U03331,5
U03333,1
U03333,2
U03333,3
U03333,4
U03333,5
U03333,8
U03334,1
U03334,2
U03334,3
U03334,5
U03335,1
U03335,2
U03335,3
U03335,5
U03335,6
U03338,4
U03338,7
U03339,1
U03339,3
U03339,5
U03339,7
U03339,8
U03341,1
U03341,2
U03341,3
U03341,4
U03341,5
U03343,2
U03343,3
U03343,4
U03343,5
U03343,8
U03347,1
U03347,2
U03347,4
U03347,5
U03347,6
U03348,1
U03349,1
U03349,3
U03349,4
U03350,1
U03350,2
U03350,3
U03350,4
U03350,5
U03352,1
U03352,2
U03352,3
U03352,4
U03352,5
U03352,6
U03352,8
U03353,1
U03353,3
U03353,7
U03353,8
U03354,1
U03354,2
U03354,3
U03354,4
U03354,6
U03354,7
U03354,8
U03355,1
U03355,3
U03355,4
U03355,5
U03357,1
U03357,4
U03357,5
U03357,7
U03357,8
U03358,1
U03358,2
U03358,3
U03358,4
U03358,5
U03358,7
U03359,1
U03359,2
U03359,4
U03359,5
U03359,8
U03360,1
U03360,2
U03360,3
U03360,5
U03360,6
U03361,1
U03361,2
U03361,4
U03361,5
U03361,6
U03363,1
U03363,3
U03363,5
U03363,7
U03365,3
U03365,4
U03365,5
U03369,3
U03370,4
U03373,1
U03373,4
U03373,6
U03373,7
U03374,2
U03374,3
U03374,4
U03374,5
U03374,7
U03374,8
U03375,1
U03375,2
U03375,3
U03375,4
U03375,5
U03375,7
U03377,7
U03377,8
U03378,1
U03378,2
U03378,3
U03378,4
U03378,7
U03378,8
U03382,4
U03382,5
U03383,1
U03383,2
U03383,6
U03383,7
U03384,2
U03384,3
U03384,5
U03384,6
U03385,2
U03385,3
U03386,1
U03386,5
U03386,6
U03386,8
U03387,1
U03387,2
U03387,4
U03391,1
U03391,4
U03391,6
U03391,8
U03394,1
U03394,3
U03394,5
U03395,1
U03395,6
U03401,4
U03401,5
U03401,6
U03403,4
U03403,6
U03405,1
U03405,2
U03405,3
U03405,5
U03405,6
U03405,7
U03406,2
U03407,1
U03407,2
U03407,3
U03407,4
U03407,5
U03408,1
U03408,2
U03408,3
U03408,5
U03408,7
U03408,8
U03409,2
U03409,4
U03409,5
U03409,6
U03409,7
U03410,1
U03410,2
U03410,3
U03410,6
U03410,7
U03413,1
U03413,2
U03413,3
U03413,4
U03413,7
U03413,8
U03416,1
U03416,2
U03416,3
U03417,1
U03417,2
U03417,3
U03417,6
U03417,7
U03418,1
U03418,2
U03418,3
U03418,6
U03420,2
U03420,3
U03426,1
U03426,2
U03426,4
U03426,5
U03426,6
U03427,1
U03427,2
U03427,4
U03427,5
U03427,6
U03428,1
U03428,2
U03428,4
U03428,6
U03433,2
U03433,3
U03433,4
U03433,6
U03433,7
U03434,1
U03434,2
U03434,6
U03434,8
U03435,1
U03435,2
U03435,5
U03436,3
U03436,6
U03436,7
U03436,8
U03437,2
U03437,4
U03437,5
U03438,1
U03438,4
U03438,6
U03439,1
U03439,2
U03439,3
U03440,1
U03440,3
U03440,4
U03440,8
U03441,1
U03441,2
U03441,3
U03441,4
U03441,6
U03443,1
U03443,2
U03447,1
U03447,4
U03447,5
U03447,8
U03448,1
U03448,2
U03448,5
U03448,6
U03448,7
U03449,1
U03449,2
U03449,3
U03449,4
U03449,5
U03450,2
U03454,2
U03454,3
U03454,4
U03454,5
U03455,1
U03455,2
U03455,5
U03455,6
U03459,1
U03459,3
U03459,4
U03459,5
U03459,7
U03461,1
U03461,2
U03461,3
U03461,4
U03461,5
U03461,6
U03461,8
U03468,1
U03468,2
U03468,3
U03468,4
U03468,5
U03469,2
U03469,3
U03469,4
U03469,7
U03473,1
U03473,3
U03473,4
U03473,6
U03474,1
U03474,2
U03474,5
U03476,1
U03476,2
U03476,3
U03476,4
U03476,6
U03476,8
U03477,1
U03477,2
U03477,5
U03478,1
U03478,3
U03478,4
U03478,5
U03480,1
U03480,2
U03480,3
U03480,4
U03480,5
U03480,7
U03482,1
U03482,3
U03482,4
U03489,2
U03489,4
U03489,6
U03491,1
U03491,2
U03492,1
U03492,2
U03492,3
U03492,5
U03492,6
U03492,7
U03492,8
U03493,1
U03493,6
U03495,1
U03495,2
U03495,3
U03495,4
U03495,7
U03495,8
U03498,1
U03498,2
U03498,3
U03498,4
U03498,6
U03498,8
U03500,2
U03500,3
U03500,4
U03503,5
U03505,2
U03505,3
U03505,6
U03505,7
U03506,1
U03506,3
U03506,6
U03508,1
U03508,2
U03508,3
U03508,4
U03508,7
U03508,8
U03509,3
U03509,4
U03511,1
U03511,3
U03511,5
U03511,6
U03511,7
U03511,8
U03512,2
U03512,3
U03512,4
U03512,7
U03514,1
U03514,2
U03514,4
U03516,2
U03516,3
U03516,4
U03516,5
U03516,7
U03517,2
U03517,4
U03518,1
U03518,2
U03518,3
U03518,5
U03518,6
U03518,7
U03520,1
U03520,3
U03520,4
U03520,5
U03520,6
U03520,7
U03524,1
U03524,3
U03524,4
U03524,5
U03524,6
U03524,7
U03524,8
U03526,2
U03526,3
U03526,4
U03526,5
U03526,7
U03527,1
U03527,2
U03527,3
U03527,4
U03527,5
U03527,7
U03529,2
U03529,4
U03529,6
U03530,1
U03530,2
U03530,3
U03530,4
U03530,5
U03530,6
U03531,1
U03531,3
U03531,4
U03531,5
U03531,6
U03535,2
U03535,6
U03538,1
U03538,3
U03538,4
U03538,5
U03538,8
U03544,1
U03544,3
U03544,4
U03544,5
U03544,7
U03548,2
U03548,3
U03548,5
U03548,6
U03548,7
U03549,1
U03549,3
U03549,5
U03549,7
U03550,1
U03550,2
U03550,6
U03551,2
U03552,1
U03552,2
U03552,4
U03552,5
U03552,6
U03553,1
U03553,2
U03553,3
U03553,5
U03554,2
U03554,3
U03554,5
U03554,7
U03555,1
U03555,2
U03555,3
U03557,2
U03557,3
U03557,5
U03557,8
U03565,1
U03565,5
U03565,6
U03565,8
U03566,1
U03566,2
U03566,3
U03566,5
U03566,6
U03566,7
U03566,8
U03567,1
U03567,2
U03567,3
U03567,4
U03567,5
U03567,6
U03568,1
U03568,2
U03568,3
U03568,5
U03569,2
U03569,3
U03569,4
U03569,5
U03570,5
U03570,6
U03571,1
U03571,3
U03571,4
U03571,5
U03576,1
U03576,2
U03576,3
U03576,4
U03576,5
U03576,7
U03576,8
U03577,1
U03577,2
U03577,3
U03577,4
U03577,5
U03577,8
U03578,2
U03581,3
U03582,1
U03582,2
U03582,4
U03584,4
U03584,5
U03585,1
U03585,2
U03585,3
U03585,4
U03585,5
U03585,7
U03587,2
U03587,3
U03587,4
U03587,5
U03589,1
U03589,2
U03589,4
U03592,1
U03592,2
U03592,3
U03592,4
U03592,5
U03592,6
U03592,7
U03592,8
U03595,1
U03595,2
U03595,3
U03595,4
U03596,2
U03596,3
U03596,7
U03596,8
U03597,1
U03597,2
U03597,3
U03597,4
U03597,5
U03597,6
U03597,8
U03599,1
U03599,3
U03599,4
U03599,5
U03599,7
U03603,1
U03603,2
U03603,5
U03603,6
U03604,1
U03604,3
U03604,7
U03605,1
U03605,4
U03605,6
U03610,1
U03610,5
U03610,6
U03610,7
U03611,1
U03611,2
U03611,4
U03611,5
U03611,6
U03611,8
U03612,1
U03612,5
U03614,1
U03614,2
U03614,4
U03614,5
U03614,6
U03614,7
U03614,8
U03615,2
U03615,3
U03615,6
U03615,7
U03618,2
U03618,3
U03618,4
U03618,5
U03618,6
U03621,1
U03621,2
U03621,8
U03626,1
U03626,2
U03626,3
U03626,4
U03627,1
U03627,3
U03627,4
U03627,5
U03628,2
U03628,4
U03628,5
U03631,1
U03631,2
U03631,3
U03631,4
U03631,5
U03631,6
U03631,7
U03632,1
U03632,2
U03632,3
U03632,5
U03633,1
U03633,2
U03633,6
U03633,7
U03634,1
U03634,2
U03634,3
U03634,5
U03634,6
U03634,7
U03635,2
U03635,3
U03635,4
U03635,5
U03637,1
U03637,3
U03637,4
U03637,6
U03637,7
U03642,1
U03642,4
U03643,2
U03643,8
U03645,1
U03645,3
U03645,4
U03645,5
U03645,8
U03647,1
U03647,2
U03647,6
U03647,7
U03647,8
U03651,1
U03651,2
U03651,4
U03651,5
U03652,4
U03653,1
U03653,2
U03653,3
U03653,4
U03653,5
U03653,6
U03653,8
U03656,1
U03656,3
U03656,4
U03656,5
U03657,2
U03657,3
U03657,4
U03658,1
U03658,2
U03658,4
U03658,5
U03658,6
U03658,8
U03659,1
U03659,2
U03659,3
U03659,4
U03663,1
U03663,2
U03663,3
U03663,7
U03665,1
U03665,3
U03665,5
U03665,6
U03665,8
U03666,1
U03666,4
U03666,5
U03668,1
U03668,2
U03668,3
U03668,5
U03668,6
U03668,7
U03668,8
U03671,1
U03671,2
U03671,3
U03671,4
U03671,5
U03671,7
U03676,1
U03676,3
U03676,4
U03676,6
U03676,8
U03677,2
U03677,4
U03677,5
U03678,1
U03678,2
U03678,4
U03678,5
U03678,6
U03678,8
U03679,2
U03679,5
U03679,6
U03680,2
U03680,3
U03680,4
U03680,6
U03680,7
U03681,1
U03681,2
U03681,3
U03681,4
U03681,5
U03683,1
U03683,2
U03683,3
U03683,4
U03683,5
U03687,1
U03687,2
U03687,3
U03687,4
U03687,5
U03687,6
U03687,7
U03689,1
U03689,2
U03689,3
U03689,5
U03689,6
U03690,1
U03690,2
U03690,3
U03690,4
U03690,5
U03690,6
U03691,2
U03691,3
U03691,4
U03691,5
U03691,6
U03691,7
U03692,2
U03693,6
U03694,1
U03694,2
U03694,3
U03694,4
U03694,6
U03695,1
U03695,2
U03695,3
U03695,4
U03695,5
U03695,7
U03698,2
U03698,4
U03698,5
U03699,1
U03699,3
U03699,4
U03699,5
U03699,8
U03701,1
U03701,4
U03702,2
U03705,1
U03705,2
U03705,3
U03708,1
U03708,2
U03708,4
U03708,5
U03708,6
U03710,1
U03710,2
U03710,3
U03710,5
U03710,6
U03710,7
U03710,8
U03717,1
U03717,2
U03717,3
U03717,4
U03717,5
U03717,6
U03719,1
U03719,2
U03719,5
U03721,1
U03721,4
U03721,5
U03721,6
U03721,7
U03722,2
U03722,3
U03723,2
U03723,5
U03723,7
U03725,1
U03725,2
U03725,3
U03725,4
U03725,5
U03725,6
U03728,1
U03728,2
U03728,3
U03728,4
U03728,5
U03728,7
U03728,8
U03729,1
U03729,2
U03729,3
U03729,4
U03729,5
U03732,1
U03732,4
U03732,5
U03732,6
U03732,7
U03733,2
U03733,3
U03733,5
U03733,6
U03733,8
U03734,1
U03734,2
U03734,4
U03734,5
U03734,6
U03735,1
U03735,2
U03735,3
U03735,5
U03735,7
U03736,1
U03736,3
U03736,4
U03736,5
U03736,7
U03736,8
U03738,1
U03738,3
U03738,5
U03738,7
U03740,1
U03740,2
U03740,3
U03740,5
U03740,7
U03741,2
U03741,3
U03741,5
U03741,7
U03749,2
U03749,3
U03750,1
U03750,2
U03750,3
U03750,4
U03750,5
U03751,2
U03751,3
U03751,4
U03751,5
U03751,6
U03751,7
U03751,8
U03754,1
U03754,2
U03754,4
U03754,5
U03754,8
U03756,1
U03756,3
U03759,3
U03760,2
U03760,3
U03762,1
U03762,6
U03762,7
U03763,1
U03763,4
U03763,7
U03763,8
U03771,1
U03771,2
U03771,4
U03771,5
U03771,8
U03772,1
U03772,2
U03772,3
U03772,4
U03772,6
U03775,1
U03775,2
U03775,3
U03775,5
U03775,7
U03778,3
U03783,1
U03783,3
U03783,5
U03783,8
U03786,1
U03786,2
U03786,3
U03786,4
U03786,5
U03786,6
U03786,7
U03786,8
U03789,1
U03789,4
U03789,5
U03789,6
U03790,4
U03790,6
U03794,1
U03794,2
U03794,3
U03794,4
U03794,5
U03794,6
U03794,8
U03796,1
U03796,3
U03796,4
U03796,5
U03796,8
U03797,1
U03797,2
U03797,3
U03797,4
U03797,6
U03800,1
U03800,2
U03800,3
U03800,6
U03809,1
U03809,2
U03809,4
U03809,5
U03810,1
U03810,2
U03810,4
U03811,1
U03811,2
U03811,5
U03811,6
U03811,7
U03814,2
U03814,3
U03814,6
U03814,7
U03815,1
U03815,2
U03815,3
U03815,6
U03819,4
U03820,1
U03820,2
U03820,3
U03820,5
U03820,6
U03820,7
U03821,1
U03821,2
U03821,6
U03822,1
U03822,2
U03822,3
U03822,4
U03822,5
U03822,6
U03822,8
U03823,1
U03823,2
U03823,3
U03823,6
U03824,1
U03824,3
U03824,4
U03826,1
U03826,2
U03827,1
U03827,3
U03827,4
U03827,6
U03828,1
U03828,2
U03828,3
U03828,5
U03828,7
U03828,8
U03831,1
U03831,2
U03831,5
U03834,1
U03834,2
U03834,3
U03834,4
U03834,6
U03834,7
U03834,8
U03835,1
U03836,1
U03836,2
U03836,3
U03836,5
U03838,4
U03838,5
U03841,1
U03841,2
U03841,3
U03841,4
U03841,5
U03841,6
U03841,7
U03841,8
U03842,1
U03842,2
U03842,3
U03842,4
U03842,8
U03845,1
U03845,3
U03845,4
U03845,5
U03845,6
U03845,7
U03846,2
U03846,3
U03846,4
U03846,5
U03846,6
U03846,7
U03846,8
U03848,3
U03848,4
U03851,1
U03851,7
U03853,1
U03853,2
U03853,3
U03853,4
U03854,1
U03854,2
U03854,4
U03854,5
U03854,6
U03854,7
U03863,1
U03863,2
U03863,4
U03863,6
U03863,7
U03865,1
U03865,3
U03865,4
U03865,6
U03867,1
U03867,2
U03867,3
U03867,5
U03869,1
U03869,4
U03869,6
U03871,2
U03871,4
U03871,6
U03871,7
U03872,1
U03872,2
U03872,3
U03872,8
U03874,3
U03874,4
U03874,5
U03878,1
U03878,2
U03878,5
U03878,6
U03879,2
U03879,3
U03879,5
U03879,6
U03879,7
U03879,8
U03880,1
U03880,2
U03881,1
U03881,2
U03881,3
U03881,5
U03883,2
U03883,5
U03883,6
U03883,7
U03883,8
U03884,2
U03884,3
U03885,2
U03885,3
U03885,4
U03885,6
U03885,7
U03886,5
U03886,6
U03890,1
U03890,2
U03890,3
U03890,4
U03890,6
U03891,2
U03891,3
U03892,1
U03892,2
U03892,3
U03892,4
U03894,1
U03895,1
U03895,3
U03895,4
U03895,5
U03895,7
U03900,1
U03900,3
U03900,8
U03901,1
U03901,2
U03901,3
U03901,4
U03901,5
U03901,8
U03903,3
U03903,5
U03904,1
U03904,2
U03904,3
U03904,5
U03904,8
U03906,2
U03906,3
U03908,1
U03908,2
U03908,7
U03911,1
U03911,3
U03911,4
U03911,6
U03911,8
U03912,1
U03912,2
U03912,5
U03912,7
U03913,1
U03913,2
U03913,3
U03913,7
U03914,1
U03914,3
U03914,4
U03914,5
U03917,1
U03917,3
U03917,4
U03918,1
U03918,2
U03918,3
U03919,2
U03919,3
U03919,5
U03919,6
U03919,8
U03921,1
U03921,2
U03921,4
U03926,3
U03926,5
U03931,1
U03931,2
U03931,4
U03931,6
U03931,7
U03932,1
U03932,2
U03932,3
U03932,6
U03932,7
U03933,1
U03933,2
U03933,3
U03933,4
U03933,5
U03934,1
U03935,1
U03936,1
U03936,3
U03936,4
U03939,1
U03939,2
U03939,3
U03939,4
U03939,5
U03942,1
U03942,3
U03942,4
U03944,1
U03944,2
U03944,3
U03944,4
U03944,5
U03944,8
U03946,3
U03946,6
U03947,2
U03947,5
U03947,7
U03948,1
U03948,2
U03948,4
U03948,5
U03948,8
U03949,1
U03949,2
U03949,3
U03949,5
U03949,6
U03949,8
U03950,1
U03950,3
U03950,5
U03951,2
U03951,3
U03952,2
U03952,3
U03952,4
U03952,5
U03953,2
U03953,3
U03953,4
U03953,5
U03953,6
U03953,8
U03954,1
U03954,2
U03954,3
U03954,4
U03954,5
U03954,7
U03955,1
U03955,2
U03955,5
U03960,1
U03960,4
U03961,1
U03961,2
U03961,3
U03964,1
U03964,3
U03964,5
U03964,6
U03966,3
U03966,6
U03967,2
U03967,3
U03967,6
U03967,7
U03969,1
U03969,2
U03969,3
U03969,5
U03969,6
U03969,8
U03972,1
U03972,2
U03972,5
U03972,6
U03972,7
U03975,1
U03975,3
U03975,4
U03975,5
U03978,2
U03978,4
U03978,6
U03979,3
U03979,4
U03979,5
U03984,1
U03984,3
U03984,6
U03984,7
U03984,8
U03986,2
U03986,7
U03989,1
U03989,2
U03989,3
U03989,5
U03989,8
U03990,1
U03990,3
U03990,6
U03990,8
U03991,1
U03991,2
U03991,5
U03993,1
U03993,2
U03993,3
U03993,4
U03993,5
U03993,6
U03993,7
U03993,8
U03994,1
U03995,1
U03995,2
U03995,3
U03995,4
U03995,6
U03996,1
U03996,2
U03997,1
U03997,2
U03997,3
U03997,4
U03997,5
U03997,7
U04000,1
U04000,2
U04000,3
U04000,4
U04000,5
U04000,7
U04005,1
U04005,4
U04005,8
U04016,5
U04016,6
U04016,8
U04017,1
U04017,2
U04017,6
U04018,2
U04018,3
U04019,1
U04019,3
U04019,5
U04019,6
U04019,7
U04020,1
U04020,2
U04020,3
U04020,4
U04020,5
U04020,6
U04020,7
U04021,1
U04021,2
U04021,3
U04021,4
U04022,1
U04022,3
U04022,4
U04022,5
U04022,6
U04023,1
U04023,4
U04023,5
U04023,6
U04025,3
U04025,8
U04026,2
U04026,4
U04026,6
U04029,1
U04029,2
U04029,3
U04029,4
U04029,5
U04029,7
U04030,1
U04030,2
U04030,3
U04030,4
U04030,5
U04030,7
U04031,1
U04031,2
U04031,4
U04031,5
U04031,6
U04031,8
U04032,6
U04033,1
U04033,2
U04034,1
U04034,3
U04034,5
U04036,1
U04036,2
U04036,3
U04036,4
U04042,1
U04042,2
U04042,5
U04043,1
U04043,2
U04043,4
U04043,6
U04043,7
U04043,8
U04044,2
U04044,3
U04044,4
U04044,6
U04045,2
U04045,3
U04045,4
U04045,7
U04049,1
U04049,2
U04049,7
U04050,1
U04050,2
U04050,3
U04050,4
U04050,5
U04051,1
U04051,2
U04051,4
U04051,6
U04051,7
U04053,1
U04053,3
U04053,4
U04053,6
U04059,2
U04059,4
U04059,5
U04059,7
U04059,8
U04060,1
U04060,2
U04060,3
U04060,4
U04061,1
U04061,2
U04061,3
U04061,4
U04061,5
U04062,1
U04062,2
U04062,3
U04062,4
U04062,6
U04062,7
U04063,1
U04063,2
U04063,4
U04063,5
U04064,2
U04064,3
U04064,4
U04064,6
U04064,8
U04066,1
U04066,2
U04066,8
U04067,1
U04067,2
U04067,3
U04067,4
U04067,5
U04067,8
U04070,2
U04070,3
U04070,4
U04070,5
U04070,7
U04070,8
U04071,1
U04071,2
U04071,3
U04071,4
U04074,1
U04074,4
U04074,7
U04075,1
U04075,2
U04075,3
U04075,4
U04077,2
U04077,3
U04077,4
U04077,5
U04079,5
U04081,1
U04081,2
U04081,3
U04081,4
U04081,6
U04082,1
U04082,2
U04082,3
U04082,5
U04084,4
U04084,5
U04085,1
U04085,2
U04085,3
U04085,4
U04085,5
U04085,7
U04085,8
U04086,1
U04086,2
U04086,4
U04086,6
U04089,2
U04089,3
U04089,5
U04090,2
U04090,3
U04090,5
U04090,6
U04090,7
U04090,8
U04092,1
U04092,3
U04092,4
U04092,8
U04093,1
U04093,2
U04093,3
U04093,4
U04093,6
U04093,7
U04093,8
U04095,1
U04095,2
U04095,3
U04095,5
U04095,6
U04095,7
U04100,1
U04100,2
U04100,3
U04100,5
U04102,1
U04102,2
U04102,4
U04102,5
U04104,1
U04104,2
U04104,4
U04104,7
U04107,1
U04107,3
U04107,5
U04108,2
U04108,4
U04108,5
U04108,8
U04111,1
U04111,3
U04111,7
U04111,8
U04112,7
U04112,8
U04114,1
U04114,2
U04114,3
U04114,4
U04114,5
U04114,6
U04114,7
U04117,2
U04117,6
U04117,7
U04119,1
U04119,4
U04123,1
U04123,2
U04123,3
U04123,4
U04124,7
U04128,1
U04128,2
U04128,3
U04128,4
U04128,5
U04128,6
U04129,1
U04129,2
U04129,3
U04129,4
U04129,5
U04129,6
U04131,2
U04131,3
U04131,5
U04131,8
U04134,1
U04134,3
U04134,7
U04135,1
U04135,2
U04135,3
U04135,5
U04135,6
U04135,7
U04140,1
U04140,2
U04140,3
U04140,4
U04140,5
U04140,6
U04140,7
U04140,8
U04141,5
U04143,1
U04143,2
U04143,3
U04143,4
U04143,6
U04143,7
U04143,8
U04145,1
U04145,2
U04145,4
U04145,5
U04145,6
U04146,1
U04146,2
U04146,5
U04147,1
U04147,3
U04147,4
U04147,6
U04149,1
U04149,2
U04149,3
U04151,1
U04151,3
U04151,4
U04151,6
U04152,1
U04152,4
U04152,6
U04158,1
U04158,3
U04158,4
U04158,5
U04158,6
U04159,1
U04159,2
U04159,3
U04159,4
U04159,5
U04159,7
U04162,1
U04162,2
U04162,3
U04162,5
U04162,6
U04162,7
U04162,8
U04164,2
U04164,6
U04166,3
U04169,2
U04169,3
U04169,6
U04169,8
U04171,3
U04171,4
U04171,5
U04171,6
U04173,1
U04173,2
U04173,3
U04173,5
U04173,7
U04174,2
U04174,3
U04174,4
U04175,1
U04175,2
U04175,4
U04175,6
U04175,8
U04176,5
U04176,7
U04176,8
U04177,2
U04177,3
U04177,4
U04178,1
U04178,2
U04178,3
U04178,4
U04178,5
U04178,6
U04178,7
U04179,3
U04179,5
U04184,1
U04184,2
U04184,4
U04184,5
U04184,6
U04184,8
U04186,3
U04187,1
U04187,2
U04187,4
U04187,5
U04187,6
U04187,7
U04187,8
U04189,1
U04189,4
U04190,1
U04190,3
U04190,4
U04190,6
U04190,7
U04190,8
U04193,1
U04193,2
U04193,3
U04193,4
U04193,6
U04193,8
U04195,1
U04195,2
U04195,6
U04195,8
U04198,1
U04198,2
U04198,4
U04198,5
U04198,7
U04198,8
U04200,5
U04201,1
U04201,2
U04201,3
U04201,4
U04202,1
U04202,2
U04202,3
U04202,5
U04208,1
U04208,2
U04208,4
U04208,5
U04210,2
U04210,3
U04211,1
U04211,4
U04211,5
U04213,1
U04213,2
U04213,4
U04213,7
U04216,1
U04216,2
U04216,4
U04216,6
U04217,3
U04217,5
U04218,1
U04218,3
U04218,4
U04221,5
U04221,8
U04223,1
U04223,2
U04223,3
U04223,4
U04223,5
U04223,8
U04230,1
U04231,1
U04231,2
U04231,3
U04231,6
U04231,7
U04231,8
U04233,1
U04233,2
U04233,3
U04233,4
U04233,5
U04233,8
U04237,1
U04237,4
U04237,5
U04240,1
U04240,3
U04240,6
U04240,7
U04240,8
U04244,1
U04244,2
U04244,4
U04247,1
U04247,4
U04247,6
U04247,7
U04248,2
U04248,5
U04248,8
U04252,1
U04252,2
U04252,4
U04252,5
U04254,4
U04254,5
U04254,6
U04254,8
U04255,3
U04255,4
U04255,6
U04255,7
U04257,1
U04257,2
U04257,3
U04257,5
U04257,6
U04258,1
U04258,3
U04258,5
U04261,1
U04261,2
U04261,3
U04261,8
U04263,1
U04263,2
U04263,3
U04263,4
U04263,6
U04263,7
U04264,3
U04264,4
U04264,6
U04268,1
U04268,2
U04268,3
U04268,4
U04268,6
U04274,1
U04274,2
U04274,3
U04274,4
U04274,5
U04274,6
U04274,8
U04275,1
U04275,2
U04275,3
U04275,4
U04275,5
U04275,6
U04276,1
U04276,2
U04276,3
U04276,5
U04276,6
U04276,7
U04277,1
U04277,2
U04277,3
U04277,4
U04277,5
U04277,6
U04277,7
U04278,1
U04278,2
U04278,3
U04278,5
U04278,6
U04278,7
U04281,1
U04281,2
U04281,5
U04281,6
U04281,7
U04282,2
U04282,3
U04282,5
U04284,1
U04284,2
U04284,3
U04284,4
U04284,5
U04284,7
U04285,1
U04285,2
U04285,3
U04285,8
U04286,2
U04286,3
U04286,4
U04286,5
U04286,6
U04289,1
U04289,2
U04289,3
U04289,4
U04289,6
U04289,7
U04290,1
U04290,2
U04290,3
U04290,5
U04290,6
U04292,1
U04292,2
U04292,4
U04293,1
U04293,4
U04296,1
U04296,2
U04296,3
U04296,4
U04296,8
U04298,1
U04298,3
U04298,4
U04298,6
U04298,8
U04299,1
U04299,2
U04299,4
U04302,1
U04302,2
U04302,3
U04302,4
U04302,7
U04303,1
U04303,2
U04303,4
U04303,6
U04304,1
U04304,2
U04304,3
U04304,4
U04304,5
U04304,6
U04305,1
U04305,3
U04305,7
U04307,2
U04307,3
U04307,5
U04307,7
U04308,1
U04308,2
U04308,3
U04311,1
U04311,2
U04311,3
U04311,6
U04313,1
U04313,2
U04313,3
U04313,4
U04313,5
U04313,8
U04314,1
U04314,5
U04314,7
U04315,1
U04315,2
U04315,3
U04315,4
U04315,5
U04315,6
U04315,7
U04315,8
U04316,2
U04316,3
U04316,4
U04316,5
U04316,6
U04317,1
U04317,3
U04317,6
U04317,8
U04318,2
U04318,7
U04319,1
U04319,3
U04319,7
U04319,8
U04320,2
U04320,5
U04321,1
U04321,4
U04321,5
U04321,7
U04322,1
U04322,2
U04322,3
U04322,4
U04322,5
U04328,1
U04328,2
U04328,3
U04328,4
U04328,5
U04332,2
U04332,4
U04332,5
U04332,6
U04334,1
U04334,2
U04334,3
U04334,8
U04335,1
U04336,1
U04336,3
U04336,6
U04336,8
U04340,1
U04340,2
U04340,4
U04340,5
U04341,3
U04341,6
U04342,1
U04342,2
U04342,3
U04342,4
U04342,6
U04344,1
U04344,2
U04344,3
U04344,4
U04344,7
U04348,1
U04348,2
U04348,5
U04355,1
U04355,2
U04355,3
U04355,4
U04355,6
U04355,7
U04357,1
U04357,2
U04357,4
U04357,5
U04357,6
U04357,8
U04362,1
U04362,2
U04362,3
U04362,4
U04362,5
U04364,1
U04364,2
U04364,3
U04364,4
U04364,7
U04366,1
U04366,2
U04366,5
U04366,6
U04367,1
U04367,2
U04367,3
U04367,4
U04367,5
U04367,7
U04369,1
U04369,3
U04369,5
U04369,8
U04370,1
U04370,2
U04370,3
U04370,4
U04370,6
U04370,7
U04372,1
U04372,2
U04372,3
U04372,4
U04372,5
U04372,8
U04373,1
U04373,2
U04373,4
U04373,6
U04374,1
U04374,2
U04374,3
U04374,4
U04374,5
U04374,6
U04374,7
U04374,8
U04375,1
U04375,2
U04375,3
U04375,4
U04375,5
U04375,6
U04376,2
U04376,3
U04376,8
U04377,5
U04381,1
U04381,2
U04381,3
U04381,4
U04381,5
U04381,7
U04381,8
U04382,2
U04382,4
U04382,6
U04382,7
U04383,1
U04383,3
U04383,7
U04388,2
U04388,4
U04388,6
U04389,1
U04389,5
U04389,6
U04389,7
U04393,2
U04393,4
U04393,7
U04394,1
U04394,5
U04394,8
U04395,3
U04395,4
U04395,6
U04397,1
U04397,2
U04397,3
U04397,6
U04397,8
U04399,1
U04399,3
U04399,6
U04400,1
U04400,2
U04400,4
U04400,6
U04400,8
U04401,2
U04401,4
U04401,5
U04403,2
U04403,4
U04403,5
U04403,6
U04403,7
U04405,1
U04405,3
U04405,4
U04405,5
U04405,6
U04405,8
U04408,1
U04408,2
U04408,3
U04408,4
U04408,5
U04409,3
U04409,4
U04409,6
U04413,1
U04413,6
U04427,3
U04427,4
U04427,6
U04427,7
U04429,1
U04430,1
U04430,2
U04430,3
U04430,4
U04430,6
U04430,8
U04432,6
U04433,3
U04433,6
U04433,7
U04434,1
U04434,2
U04434,3
U04434,5
U04434,7
U04437,1
U04437,4
U04437,5
U04437,7
U04438,3
U04438,4
U04439,1
U04439,2
U04439,3
U04439,4
U04439,5
U04439,7
U04440,1
U04440,2
U04440,3
U04440,4
U04440,5
U04440,6
U04440,7
U04441,1
U04441,2
U04441,3
U04441,5
U04441,6
U04441,8
U04447,1
U04447,2
U04447,3
U04447,5
U04447,6
U04447,8
U04448,3
U04448,4
U04449,1
U04449,2
U04449,3
U04449,4
U04449,7
U04449,8
U04451,1
U04451,3
U04451,4
U04451,7
U04451,8
U04452,2
U04452,5
U04455,2
U04455,4
U04455,5
U04455,8
U04457,2
U04457,3
U04457,5
U04457,8
U04459,1
U04459,2
U04459,3
U04459,4
U04459,5
U04459,6
U04461,1
U04461,3
U04461,4
U04464,1
U04464,2
U04464,3
U04464,4
U04464,6
U04466,1
U04466,3
U04466,4
U04466,5
U04466,7
U04467,2
U04467,3
U04467,4
U04467,5
U04467,8
U04469,1
U04469,2
U04469,4
U04469,5
U04469,6
U04469,7
U04470,1
U04470,3
U04470,5
U04470,7
U04472,2
U04472,3
U04472,4
U04472,5
U04472,6
U04472,7
U04474,1
U04474,2
U04474,3
U04474,4
U04474,8
U04475,2
U04478,4
U04478,6
U04479,1
U04479,2
U04479,3
U04479,5
U04479,6
U04479,8
U04480,1
U04480,2
U04480,5
U04482,2
U04482,3
U04482,4
U04482,5
U04482,6
U04482,7
U04483,1
U04483,2
U04483,3
U04483,4
U04483,5
U04483,6
U04487,3
U04487,6
U04487,7
U04491,1
U04491,5
U04491,7
U04491,8
U04494,1
U04494,2
U04494,3
U04494,4
U04499,1
U04499,2
U04499,4
U04499,5
U04499,6
U04499,7
U04499,8
U04500,1
U04500,3
U04500,4
U04501,4
U04502,1
U04502,2
U04502,3
U04502,4
U04502,5
U04503,2
U04503,3
U04503,6
U04503,8
U04504,2
U04505,1
U04505,3
U04505,4
U04505,6
U04508,1
U04508,2
U04508,3
U04508,4
U04508,5
U04508,7
U04508,8
U04513,1
U04513,2
U04513,3
U04513,4
U04513,5
U04515,1
U04515,3
U04515,4
U04515,5
U04517,2
U04517,3
U04517,5
U04517,7
U04519,4
U04520,2
U04520,3
U04520,7
U04521,1
U04521,2
U04521,3
U04521,5
U04521,6
U04521,7
U04523,2
U04523,4
U04523,5
U04524,2
U04524,3
U04524,4
U04524,7
U04527,1
U04527,2
U04527,3
U04527,4
U04527,5
U04528,1
U04528,2
U04528,5
U04528,6
U04528,8
U04529,1
U04529,5
U04529,6
U04531,1
U04531,3
U04531,4
U04531,6
U04531,8
U04535,1
U04535,2
U04535,3
U04535,4
U04535,5
U04535,6
U04535,7
U04537,3
U04537,5
U04539,3
U04539,7
U04540,1
U04542,1
U04542,3
U04542,4
U04542,5
U04543,6
U04545,1
U04545,6
U04546,2
U04546,3
U04546,5
U04546,6
U04546,7
U04547,1
U04547,4
U04547,5
U04549,1
U04549,2
U04549,3
U04549,4
U04549,5
U04552,1
U04552,3
U04552,4
U04552,5
U04552,7
U04552,8
U04553,1
U04553,3
U04553,4
U04553,5
U04553,6
U04553,8
U04554,1
U04554,2
U04554,3
U04554,4
U04554,8
U04555,1
U04555,2
U04555,3
U04555,4
U04555,7
U04556,1
U04556,2
U04561,1
U04561,3
U04561,4
U04562,1
U04562,2
U04562,3
U04562,5
U04566,1
U04566,2
U04566,3
U04566,4
U04566,5
U04572,5
U04572,6
U04572,7
U04572,8
U04573,1
U04573,2
U04573,3
U04573,6
U04573,7
U04573,8
U04574,2
U04574,5
U04575,1
U04575,2
U04575,3
U04575,4
U04575,5
U04575,7
U04575,8
U04580,2
U04580,5
U04580,6
U04580,7
U04581,1
U04581,3
U04581,4
U04581,5
U04581,6
U04581,8
U04585,1
U04585,2
U04585,3
U04585,4
U04585,5
U04585,6
U04588,2
U04588,3
U04588,5
U04589,1
U04589,2
U04589,3
U04589,4
U04589,7
U04591,1
U04591,2
U04591,3
U04591,4
U04591,5
U04591,6
U04592,1
U04592,2
U04592,3
U04592,5
U04592,7
U04594,1
U04594,2
U04594,3
U04594,7
U04598,1
U04598,2
U04598,3
U04598,5
U04603,1
U04603,2
U04603,3
U04603,5
U04603,6
U04603,7
U04604,1
U04604,2
U04604,3
U04604,4
U04604,5
U04606,2
U04606,3
U04608,2
U04608,3
U04608,5
U04608,6
U04608,7
U04608,8
U04609,1
U04609,4
U04609,5
U04609,7
U04610,1
U04610,2
U04610,3
U04610,7
U04611,1
U04611,2
U04611,8
U04612,1
U04612,2
U04612,4
U04612,5
U04612,7
U04614,1
U04614,2
U04614,3
U04614,4
U04614,5
U04616,1
U04616,2
U04616,3
U04616,4
U04616,5
U04617,2
U04617,3
U04619,2
U04619,4
U04621,1
U04621,2
U04621,4
U04621,6
U04622,1
U04622,2
U04622,3
U04622,4
U04622,8
U04623,1
U04623,2
U04623,3
U04623,4
U04623,7
U04624,1
U04625,1
U04625,2
U04625,4
U04625,6
U04626,1
U04626,3
U04626,4
U04626,5
U04626,6
U04626,7
U04628,1
U04628,6
U04628,7
U04628,8
U04630,1
U04630,2
U04630,3
U04630,4
U04630,7
U04631,3
U04631,4
U04632,1
U04632,2
U04632,3
U04632,4
U04632,5
U04632,6
U04632,7
U04635,1
U04635,4
U04635,8
U04637,1
U04637,2
U04637,3
U04637,4
U04637,5
U04637,6
U04639,1
U04639,2
U04639,3
U04639,4
U04639,5
U04640,1
U04640,2
U04640,3
U04640,4
U04640,5
U04643,1
U04643,2
U04643,6
U04648,2
U04648,3
U04648,4
U04648,5
U04650,1
U04650,2
U04650,3
U04650,6
U04651,1
U04651,2
U04651,5
U04651,6
U04653,1
U04653,2
U04653,3
U04653,6
U04654,1
U04654,2
U04654,5
U04656,1
U04656,3
U04656,4
U04656,6
U04661,2
U04661,3
U04661,4
U04661,5
U04662,2
U04662,3
U04662,4
U04662,6
U04662,7
U04662,8
U04663,1
U04663,2
U04663,3
U04663,4
U04663,5
U04663,6
U04663,8
U04665,1
U04665,3
U04666,5
U04666,7
U04667,1
U04667,2
U04667,4
U04667,5
U04668,3
U04668,4
U04668,5
U04668,6
U04668,7
U04668,8
U04670,2
U04670,4
U04670,5
U04674,1
U04674,2
U04674,3
U04674,4
U04674,7
U04679,4
U04679,5
U04679,7
U04679,8
U04683,1
U04683,5
U04683,6
U04684,1
U04684,3
U04684,5
U04684,7
U04685,1
U04685,2
U04685,4
U04685,5
U04686,1
U04686,2
U04686,7
U04686,8
U04687,1
U04687,2
U04687,3
U04687,4
U04687,6
U04687,7
U04687,8
U04688,1
U04689,1
U04689,2
U04689,6
U04689,7
U04691,1
U04691,2
U04691,3
U04691,5
U04691,6
U04691,8
U04692,1
U04692,2
U04692,3
U04692,4
U04692,5
U04692,7
U04696,4
U04696,6
U04696,7
U04697,1
U04697,4
U04697,5
U04697,8
U04700,1
U04700,4
U04702,4
U04702,8
U04706,1
U04706,2
U04706,3
U04706,4
U04706,5
U04706,6
U04707,3
U04707,4
U04707,5
U04707,6
U04707,7
U04708,3
U04708,8
U04710,3
U04710,6
U04711,1
U04711,2
U04711,7
U04711,8
U04712,1
U04712,2
U04712,5
U04712,6
U04712,8
U04715,1
U04715,2
U04715,4
U04715,5
U04715,6
U04715,7
U04718,1
U04718,2
U04720,1
U04720,4
U04720,6
U04720,8
U04724,1
U04724,2
U04724,3
U04724,4
U04724,5
U04726,1
U04726,4
U04726,7
U04727,7
U04729,1
U04729,2
U04729,3
U04729,5
U04729,7
U04729,8
U04730,1
U04730,2
U04730,3
U04730,4
U04730,5
U04730,6
U04730,7
U04731,1
U04731,2
U04731,5
U04731,6
U04732,1
U04732,2
U04732,3
U04732,5
U04732,6
U04732,7
U04734,1
U04734,2
U04735,1
U04735,2
U04735,3
U04735,5
U04735,6
U04735,7
U04738,1
U04738,3
U04738,5
U04738,6
U04741,1
U04741,2
U04741,3
U04741,5
U04741,6
U04741,8
U04743,1
U04743,4
U04743,5
U04743,6
U04743,7
U04744,1
U04744,3
U04744,5
U04745,4
U04745,5
U04746,3
U04746,7
U04747,1
U04747,2
U04747,3
U04747,4
U04747,6
U04747,7
U04747,8
U04749,1
U04749,2
U04749,3
U04749,6
U04749,7
U04751,1
U04751,2
U04751,3
U04751,6
U04751,7
U04754,1
U04754,3
U04754,4
U04755,2
U04755,4
U04755,5
U04755,7
U04755,8
U04757,1
U04757,2
U04757,3
U04757,4
U04757,5
U04759,2
U04759,3
U04759,4
U04759,5
U04759,7
U04761,1
U04765,2
U04770,1
U04770,2
U04770,3
U04770,8
U04771,1
U04771,2
U04771,3
U04771,4
U04771,6
U04772,3
U04772,4
U04772,5
U04772,6
U04773,2
U04773,3
U04773,4
U04773,5
U04775,1
U04775,2
U04775,3
U04775,5
U04777,2
U04777,4
U04778,1
U04778,2
U04778,5
U04778,6
U04779,1
U04779,2
U04779,3
U04779,6
U04779,7
U04781,1
U04781,3
U04781,4
U04781,5
U04781,7
U04782,1
U04782,2
U04782,3
U04782,4
U04782,5
U04782,7
U04785,3
U04785,4
U04786,3
U04786,5
U04786,6
U04789,1
U04789,3
U04789,4
U04789,7
U04789,8
U04790,2
U04790,5
U04791,1
U04791,4
U04791,6
U04793,4
U04794,1
U04794,2
U04794,3
U04794,5
U04794,6
U04796,1
U04796,7
U04799,1
U04799,2
U04799,3
U04799,5
U04800,1
U04800,3
U04800,4
U04800,5
U04800,6
U04800,7
U04801,2
U04801,3
U04801,4
U04801,5
U04803,4
U04803,5
U04803,8
U04805,1
U04805,2
U04805,3
U04805,4
U04805,5
U04807,2
U04807,5
U04807,7
U04807,8
U04808,1
U04808,2
U04808,3
U04808,5
U04808,7
U04809,3
U04809,5
U04812,1
U04812,2
U04812,3
U04812,4
U04812,6
U04812,8
U04814,1
U04814,2
U04814,3
U04814,4
U04814,5
U04818,1
U04818,2
U04818,3
U04818,5
U04819,1
U04819,3
U04819,5
U04819,6
U04819,7
U04819,8
U04821,1
U04821,3
U04821,4
U04821,7
U04821,8
U04822,1
U04822,3
U04822,4
U04822,5
U04822,6
U04822,7
U04823,5
U04823,7
U04825,1
U04825,2
U04825,4
U04825,6
U04825,8
U04826,1
U04826,2
U04826,3
U04826,4
U04828,1
U04828,2
U04828,3
U04828,6
U04828,7
U04828,8
U04829,1
U04829,2
U04829,4
U04829,5
U04830,1
U04830,2
U04830,3
U04830,7
U04830,8
U04832,1
U04832,4
U04832,6
U04832,7
U04832,8
U04835,1
U04835,2
U04836,1
U04836,2
U04836,3
U04836,4
U04836,6
U04837,1
U04837,3
U04837,8
U04838,2
U04838,4
U04838,5
U04838,6
U04838,7
U04839,1
U04839,2
U04839,3
U04839,4
U04839,5
U04839,7
U04841,2
U04841,4
U04841,5
U04841,7
U04844,1
U04844,4
U04844,5
U04845,1
U04845,2
U04845,6
U04846,1
U04846,7
U04846,8
U04851,3
U04851,4
U04851,6
U04852,7
U04852,8
U04853,2
U04853,4
U04853,6
U04855,1
U04855,4
U04855,5
U04855,7
U04856,1
U04856,2
U04856,8
U04859,1
U04859,5
U04859,8
U04860,1
U04860,2
U04860,3
U04860,4
U04860,5
U04862,2
U04862,3
U04862,6
U04863,1
U04863,4
U04863,5
U04863,6
U04863,7
U04863,8
U04864,2
U04864,3
U04864,6
U04866,1
U04866,4
U04866,5
U04866,6
U04866,7
U04867,2
U04867,3
U04867,5
U04867,6
U04867,7
U04867,8
U04868,1
U04868,2
U04868,3
U04871,1
U04871,6
U04871,7
U04872,1
U04872,2
U04872,4
U04872,6
U04872,7
U04873,2
U04873,3
U04874,1
U04874,3
U04874,5
U04875,3
U04875,7
U04877,1
U04877,2
U04877,3
U04877,4
U04877,5
U04877,6
U04877,8
U04879,1
U04879,2
U04879,3
U04879,4
U04879,5
U04879,6
U04886,2
U04886,3
U04886,5
U04887,1
U04888,1
U04888,2
U04888,3
U04888,4
U04888,5
U04890,1
U04890,2
U04890,3
U04890,4
U04890,5
U04890,6
U04892,4
U04892,6
U04892,7
U04893,1
U04893,2
U04893,3
U04893,5
U04893,8
U04895,1
U04895,2
U04895,3
U04895,4
U04895,5
U04895,7
U04897,2
U04897,4
U04897,5
U04897,7
U04900,1
U04900,2
U04900,4
U04900,6
U04900,8
U04901,1
U04901,2
U04901,3
U04901,4
U04902,2
U04902,3
U04902,4
U04902,5
U04902,6
U04903,1
U04903,2
U04903,4
U04903,5
U04905,1
U04905,2
U04905,3
U04905,5
U04905,6
U04905,7
U04906,1
U04906,2
U04906,3
U04906,6
U04906,7
U04907,1
U04907,2
U04907,3
U04907,4
U04907,5
U04908,1
U04908,2
U04908,7
U04910,1
U04911,1
U04911,2
U04911,3
U04911,6
U04911,7
U04912,1
U04912,2
U04912,3
U04912,4
U04912,7
U04915,3
U04915,5
U04916,1
U04916,2
U04916,4
U04916,5
U04916,6
U04916,7
U04917,1
U04917,2
U04917,4
U04917,6
U04917,7
U04918,1
U04918,4
U04920,1
U04920,2
U04920,4
U04923,1
U04923,2
U04923,3
U04923,4
U04923,5
U04923,7
U04923,8
U04926,1
U04926,2
U04926,6
U04927,1
U04927,5
U04928,1
U04928,2
U04928,4
U04928,5
U04928,6
U04928,7
U04929,1
U04929,2
U04929,3
U04929,4
U04929,5
U04931,6
U04931,8
U04935,2
U04935,3
U04935,4
U04935,6
U04935,7
U04935,8
U04937,1
U04937,2
U04937,3
U04937,4
U04937,6
U04937,7
U04938,1
U04938,2
U04938,3
U04938,4
U04938,5
U04938,7
U04944,1
U04944,2
U04944,3
U04944,5
U04944,6
U04944,7
U04945,1
U04945,2
U04945,3
U04945,4
U04947,1
U04947,4
U04947,5
U04947,7
U04950,1
U04950,2
U04950,4
U04950,6
U04951,1
U04951,3
U04951,4
U04952,2
U04952,5
U04952,6
U04952,7
U04955,1
U04955,2
U04955,3
U04955,4
U04955,5
U04956,2
U04956,3
U04956,5
U04956,7
U04957,1
U04957,4
U04957,5
U04957,8
U04959,2
U04959,3
U04959,4
U04959,5
U04959,6
U04959,7
U04959,8
U04962,1
U04962,2
U04962,3
U04962,6
U04963,1
U04963,2
U04965,2
U04965,4
U04965,5
U04965,6
U04965,7
U04966,1
U04966,2
U04966,3
U04966,4
U04966,5
U04966,7
U04970,1
U04970,2
U04970,3
U04970,4
U04970,5
U04971,1
U04971,2
U04971,4
U04971,5
U04972,2
U04972,4
U04972,5
U04972,6
U04973,1
U04973,2
U04973,4
U04973,5
U04973,6
U04973,8
U04974,1
U04974,2
U04974,5
U04976,1
U04976,2
U04976,3
U04976,6
U04976,7
U04977,1
U04977,2
U04977,3
U04984,1
U04984,3
U04984,4
U04984,5
U04985,2
U04985,3
U04985,6
U04985,8
U04990,1
U04990,2
U04990,4
U04990,6
U04990,8
U04991,1
U04991,5
U04991,6
U04995,1
U04995,2
U04995,4
U04995,5
U04995,7
U04998,2
U04998,3
U04998,7
U04998,8
U05003,2
U05003,3
U05003,4
U05003,5
U05004,2
U05004,3
U05004,4
U05004,5
U05006,1
U05006,4
U05006,5
U05006,6
U05008,1
U05008,2
U05008,3
U05008,5
U05009,1
U05009,2
U05009,3
U05009,4
U05009,5
U05009,6
U05014,1
U05014,4
U05014,5
U05020,1
U05020,3
U05020,4
U05020,5
U05022,1
U05022,2
U05022,3
U05022,4
U05022,5
U05022,6
U05024,1
U05024,3
U05024,6
U05024,7
U05024,8
U05025,1
U05025,2
U05025,3
U05025,4
U05025,7
U05030,1
U05030,2
U05030,3
U05030,5
U05030,6
U05030,7
U05030,8
U05032,1
U05032,3
U05032,5
U05032,6
U05032,7
U05033,1
U05033,2
U05033,3
U05033,5
U05033,6
U05033,7
U05034,1
U05034,3
U05034,5
U05034,7
U05034,8
U05035,1
U05035,2
U05035,3
U05035,5
U05038,1
U05040,2
U05040,3
U05040,4
U05040,6
U05041,1
U05041,2
U05041,3
U05041,5
U05041,6
U05043,3
U05044,1
U05044,2
U05044,3
U05044,4
U05044,5
U05046,1
U05046,3
U05046,5
U05046,8
U05049,5
U05050,1
U05050,8
U05053,1
U05053,2
U05053,3
U05053,4
U05053,5
U05053,6
U05053,7
U05055,1
U05055,2
U05055,5
U05055,8
U05059,1
U05059,2
U05061,2
U05061,5
U05061,6
U05065,1
U05065,2
U05065,6
U05068,2
U05068,4
U05068,5
U05069,1
U05070,1
U05070,2
U05070,3
U05070,4
U05070,5
U05070,6
U05070,7
U05071,2
U05071,3
U05071,4
U05071,5
U05071,6
U05073,1
U05073,2
U05073,3
U05073,6
U05073,7
U05073,8
U05074,1
U05074,2
U05075,1
U05075,3
U05075,5
U05078,3
U05080,3
U05083,1
U05083,5
U05085,1
U05085,2
U05085,3
U05085,5
U05085,6
U05086,1
U05086,2
U05086,3
U05086,6
U05088,2
U05088,4
U05089,1
U05089,4
U05089,5
U05090,2
U05090,3
U05090,4
U05090,5
U05095,1
U05095,2
U05095,3
U05095,4
U05095,5
U05097,2
U05097,3
U05099,2
U05099,3
U05099,5
U05099,6
U05099,7
U05101,1
U05101,2
U05101,3
U05101,4
U05101,5
U05101,6
U05101,8
U05107,5
U05107,6
U05107,7
U05109,2
U05109,3
U05109,4
U05109,5
U05112,1
U05112,2
U05112,3
U05112,5
U05112,7
U05112,8
U05116,1
U05116,2
U05116,4
U05116,5
U05117,1
U05117,4
U05117,5
U05117,6
U05117,7
U05117,8
U05121,1
U05121,2
U05121,5
U05123,2
U05123,3
U05123,4
U05123,6
U05123,8
U05124,2
U05124,4
U05125,2
U05126,3
U05127,3
U05127,4
U05127,5
U05131,2
U05131,7
U05132,1
U05132,2
U05132,4
U05132,5
U05132,6
U05132,8
U05134,4
U05134,8
U05135,1
U05135,2
U05135,3
U05135,5
U05136,2
U05136,3
U05136,4
U05136,8
U05137,1
U05137,2
U05137,3
U05137,4
U05137,6
U05137,7
U05140,1
U05140,2
U05140,3
U05140,4
U05140,6
U05140,8
U05142,1
U05142,2
U05142,6
U05142,7
U05143,2
U05143,3
U05143,5
U05143,6
U05143,8
U05145,3
U05145,4
U05145,7
U05147,2
U05147,3
U05147,4
U05147,7
U05148,1
U05148,2
U05148,3
U05148,6
U05150,2
U05150,5
U05150,7
U05156,1
U05156,2
U05156,4
U05156,7
U05157,1
U05157,4
U05159,4
U05165,1
U05165,2
U05165,3
U05165,5
U05167,1
U05167,2
U05167,4
U05167,5
U05167,6
U05168,1
U05168,7
U05168,8
U05170,1
U05170,3
U05170,6
U05171,3
U05171,5
U05171,6
U05173,1
U05173,2
U05173,6
U05179,1
U05179,3
U05179,4
U05179,6
U05181,2
U05181,4
U05181,5
U05181,8
U05182,1
U05182,2
U05182,4
U05182,5
U05183,6
U05184,1
U05184,2
U05184,4
U05184,5
U05184,6
U05184,8
U05185,1
U05185,2
U05185,3
U05185,4
U05185,7
U05186,1
U05186,2
U05186,3
U05186,4
U05186,5
U05186,6
U05190,1
U05190,3
U05190,5
U05193,4
U05193,6
U05195,1
U05195,5
U05203,1
U05203,2
U05203,3
U05203,4
U05204,1
U05204,2
U05204,4
U05204,5
U05204,6
U05205,1
U05205,3
U05205,5
U05206,1
U05206,3
U05206,4
U05206,5
U05206,6
U05208,1
U05208,2
U05208,3
U05208,4
U05208,6
U05213,1
U05213,2
U05213,3
U05213,4
U05213,5
U05217,1
U05217,2
U05217,3
U05217,4
U05217,5
U05218,2
U05218,3
U05218,4
U05218,5
U05218,8
U05219,1
U05219,2
U05219,4
U05219,5
U05219,6
U05219,8
U05220,2
U05220,3
U05221,2
U05221,3
U05221,4
U05221,7
U05223,1
U05223,2
U05223,4
U05223,6
U05226,1
U05226,2
U05226,3
U05226,4
U05226,5
U05226,6
U05227,1
U05227,2
U05227,5
U05231,1
U05231,2
U05231,5
U05231,7
U05231,8
U05232,2
U05232,3
U05232,5
U05232,6
U05232,7
U05232,8
U05233,1
U05233,2
U05233,3
U05233,5
U05233,6
U05233,8
U05235,1
U05235,2
U05235,4
U05235,5
U05235,6
U05235,7
U05236,1
U05236,2
U05236,3
U05236,8
U05237,1
U05237,2
U05237,3
U05237,4
U05237,5
U05237,6
U05240,5
U05245,1
U05245,2
U05245,4
U05245,6
U05245,7
U05245,8
U05250,1
U05250,2
U05250,3
U05250,4
U05250,7
U05250,8
U05252,1
U05252,2
U05252,5
U05252,6
U05252,7
U05253,1
U05253,2
U05253,3
U05253,4
U05253,5
U05253,6
U05258,1
U05258,2
U05258,3
U05258,5
U05259,1
U05259,2
U05259,3
U05259,4
U05259,5
U05259,6
U05259,8
U05260,1
U05260,2
U05260,3
U05260,4
U05260,5
U05260,6
U05260,7
U05261,1
U05261,3
U05261,4
U05261,5
U05261,7
U05261,8
U05263,1
U05263,2
U05263,3
U05265,1
U05265,2
U05265,4
U05265,6
U05265,8
U05266,1
U05266,2
U05266,3
U05268,1
U05268,2
U05268,7
U05269,4
U05269,6
U05270,1
U05270,2
U05270,3
U05270,4
U05270,5
U05270,6
U05270,7
U05270,8
U05271,2
U05271,4
U05273,1
U05273,2
U05273,3
U05273,4
U05273,5
U05273,6
U05273,7
U05273,8
U05274,6
U05275,2
U05276,1
U05276,3
U05276,4
U05276,5
U05276,6
U05279,1
U05279,3
U05279,4
U05279,6
U05279,7
U05283,2
U05283,5
U05283,6
U05283,8
U05288,1
U05288,2
U05288,3
U05288,5
U05288,7
U05288,8
U05289,2
U05289,7
U05290,3
U05290,4
U05290,6
U05290,7
U05293,1
U05293,2
U05293,6
U05293,7
U05294,1
U05294,2
U05294,3
U05294,5
U05294,6
U05294,7
U05294,8
U05297,1
U05297,2
U05297,3
U05297,4
U05297,7
U05299,1
U05299,3
U05299,5
U05299,6
U05301,1
U05301,2
U05301,3
U05301,4
U05302,2
U05302,3
U05302,4
U05302,5
U05302,6
U05304,3
U05304,6
U05305,1
U05305,2
U05310,1
U05310,2
U05310,4
U05310,8
U05312,1
U05312,2
U05312,3
U05312,4
U05312,5
U05315,1
U05315,2
U05315,3
U05315,4
U05315,6
U05315,7
U05315,8
U05321,1
U05321,2
U05321,3
U05321,4
U05321,6
U05323,1
U05323,3
U05323,5
U05324,1
U05324,2
U05324,3
U05324,4
U05324,6
U05326,1
U05326,2
U05326,3
U05326,5
U05327,3
U05328,1
U05328,2
U05328,4
U05328,6
U05328,7
U05328,8
U05329,1
U05329,2
U05329,3
U05329,6
U05330,2
U05330,3
U05330,4
U05332,1
U05332,2
U05332,3
U05332,4
U05332,5
U05332,6
U05332,8
U05335,2
U05335,3
U05337,1
U05337,2
U05337,3
U05337,4
U05337,5
U05337,8
U05339,1
U05339,2
U05339,3
U05339,7
U05339,8
U05340,1
U05340,3
U05340,5
U05340,6
U05340,7
U05341,1
U05341,2
U05341,3
U05341,5
U05341,6
U05341,7
U05341,8
U05345,3
U05347,2
U05347,3
U05347,4
U05349,1
U05349,3
U05349,4
U05349,6
U05349,7
U05350,1
U05350,4
U05350,5
U05352,1
U05352,2
U05352,3
U05352,6
U05352,7
U05352,8
U05353,6
U05353,7
U05354,1
U05354,3
U05354,6
U05358,1
U05358,2
U05358,3
U05358,4
U05358,5
U05358,7
U05360,1
U05360,2
U05360,4
U05360,5
U05360,6
U05360,7
U05362,1
U05362,2
U05362,3
U05362,4
U05362,5
U05363,8
U05364,1
U05364,2
U05364,6
U05364,8
U05365,1
U05365,2
U05365,3
U05365,6
U05369,2
U05370,1
U05370,2
U05370,3
U05370,4
U05370,5
U05370,6
U05372,1
U05372,2
U05372,6
U05374,4
U05376,1
U05376,2
U05376,3
U05376,4
U05376,5
U05376,6
U05383,1
U05383,2
U05383,3
U05383,4
U05385,2
U05385,3
U05385,4
U05385,5
U05388,1
U05388,3
U05388,4
U05389,1
U05389,4
U05389,5
U05392,3
U05392,4
U05392,7
U05396,1
U05396,2
U05396,3
U05396,4
U05396,5
U05396,7
U05397,2
U05399,1
U05399,2
U05399,3
U05399,4
U05399,5
U05399,6
U05399,7
U05399,8
U05402,3
U05402,4
U05402,7
U05405,1
U05405,2
U05405,3
U05405,4
U05405,5
U05405,7
U05406,5
U05408,1
U05408,2
U05408,3
U05408,5
U05410,1
U05410,2
U05410,6
U05410,7
U05410,8
U05411,1
U05411,2
U05411,3
U05411,4
U05411,8
U05416,1
U05416,2
U05416,6
U05418,3
U05418,5
U05420,1
U05420,3
U05420,4
U05422,2
U05422,3
U05422,6
U05424,2
U05424,3
U05427,2
U05427,3
U05427,6
U05427,7
U05431,1
U05431,3
U05431,4
U05432,1
U05432,2
U05432,3
U05432,4
U05432,5
U05432,7
U05432,8
U05433,2
U05433,4
U05433,6
U05436,1
U05436,2
U05436,3
U05436,4
U05436,5
U05436,8
U05438,1
U05438,4
U05438,5
U05440,1
U05440,3
U05440,5
U05440,6
U05440,7
U05440,8
U05444,4
U05444,6
U05444,8
U05445,4
U05445,5
U05445,7
U05447,1
U05447,3
U05447,4
U05447,6
U05447,7
U05447,8
U05448,1
U05448,2
U05448,5
U05448,6
U05448,7
U05452,1
U05452,2
U05452,3
U05452,4
U05452,7
U05456,2
U05456,3
U05456,7
U05457,1
U05457,2
U05457,5
U05457,7
U05457,8
U05458,1
U05458,2
U05458,3
U05458,4
U05458,5
U05458,6
U05458,8
U05460,2
U05460,4
U05460,5
U05460,8
U05462,2
U05462,5
U05462,6
U05463,1
U05463,3
U05463,4
U05463,5
U05466,1
U05466,4
U05466,5
U05466,6
U05466,7
U05468,1
U05468,3
U05468,4
U05468,7
U05473,5
U05475,1
U05475,2
U05475,3
U05475,4
U05475,5
U05475,7
U05475,8
U05483,1
U05483,2
U05483,3
U05483,4
U05484,1
U05484,2
U05484,3
U05484,7
U05485,1
U05485,2
U05485,3
U05485,5
U05485,7
U05488,1
U05488,3
U05488,4
U05490,2
U05490,3
U05490,4
U05491,4
U05491,5
U05491,6
U05493,1
U05493,6
U05494,1
U05494,2
U05494,3
U05494,7
U05494,8
U05495,2
U05495,3
U05495,5
U05495,6
U05498,3
U05498,6
U05501,1
U05501,2
U05501,3
U05501,4
U05501,6
U05501,8
U05503,1
U05503,3
U05503,8
U05509,1
U05509,7
U05509,8
U05511,1
U05511,2
U05511,4
U05511,5
U05511,7
U05511,8
U05514,1
U05514,3
U05514,5
U05515,7
U05515,8
U05517,1
U05517,5
U05518,1
U05518,2
U05519,1
U05519,2
U05519,3
U05519,5
U05519,6
U05519,7
U05519,8
U05520,1
U05520,2
U05520,3
U05520,4
U05520,8
U05521,1
U05521,3
U05521,5
U05521,6
U05521,8
U05522,2
U05522,3
U05522,4
U05525,3
U05525,4
U05525,5
U05526,1
U05526,2
U05526,6
U05526,7
U05526,8
U05528,2
U05528,5
U05532,1
U05532,3
U05532,4
U05532,7
U05532,8
U05535,2
U05535,3
U05535,6
U05535,7
U05535,8
U05536,3
U05536,5
U05536,6
U05536,7
U05537,1
U05537,5
U05538,2
U05538,3
U05539,1
U05539,2
U05539,3
U05539,4
U05539,5
U05540,1
U05540,2
U05540,3
U05540,4
U05540,6
U05541,3
U05541,4
U05541,5
U05541,7
U05543,1
U05543,2
U05543,3
U05543,5
U05543,6
U05543,8
U05544,1
U05544,2
U05544,4
U05546,1
U05546,2
U05546,3
U05546,6
U05546,7
U05549,1
U05549,2
U05549,5
U05549,6
U05549,8
U05552,2
U05552,6
U05552,7
U05554,1
U05554,3
U05554,4
U05554,8
U05555,3
U05555,5
U05558,1
U05558,2
U05558,3
U05558,4
U05558,5
U05558,6
U05560,1
U05560,6
U05560,7
U05562,1
U05562,4
U05563,1
U05563,4
U05563,6
U05563,7
U05565,1
U05565,4
U05565,5
U05567,1
U05567,4
U05567,6
U05571,1
U05571,4
U05573,1
U05573,2
U05573,4
U05573,6
U05573,7
U05573,8
U05579,1
U05579,2
U05579,3
U05579,5
U05579,6
U05580,5
U05580,6
U05580,8
U05581,2
U05581,3
U05582,1
U05582,2
U05582,3
U05582,4
U05582,5
U05583,1
U05583,2
U05583,3
U05583,4
U05584,2
U05584,3
U05586,2
U05586,3
U05586,4
U05586,5
U05586,6
U05588,1
U05588,2
U05588,5
U05588,6
U05588,8
U05589,3
U05589,4
U05589,7
U05589,8
U05590,2
U05590,5
U05591,1
U05591,2
U05591,3
U05591,4
U05591,5
U05591,7
U05593,1
U05593,2
U05593,3
U05593,4
U05593,5
U05593,6
U05593,7
U05593,8
U05594,3
U05594,5
U05598,1
U05598,3
U05598,4
U05599,2
U05599,4
U05599,5
U05599,6
U05601,1
U05601,3
U05601,4
U05601,5
U05601,8
U05603,2
U05603,3
U05603,5
U05603,6
U05604,1
U05604,2
U05604,3
U05604,5
U05604,7
U05605,4
U05605,8
U05609,4
U05609,7
U05611,1
U05611,4
U05611,6
U05611,8
U05612,1
U05612,2
U05612,3
U05616,1
U05616,2
U05616,3
U05616,6
U05616,8
U05619,1
U05619,2
U05619,3
U05619,5
U05621,1
U05621,2
U05621,4
U05621,7
U05621,8
U05627,1
U05627,3
U05627,5
U05627,6
U05627,8
U05629,2
U05629,3
U05638,1
U05638,2
U05638,3
U05638,4
U05638,6
U05638,7
U05639,4
U05640,2
U05640,4
U05641,1
U05641,4
U05641,5
U05641,6
U05641,7
U05643,1
U05643,5
U05643,7
U05644,4
U05644,6
U05649,1
U05649,3
U05649,4
U05649,5
U05649,6
U05649,8
U05650,1
U05650,5
U05655,1
U05655,2
U05655,3
U05655,5
U05658,1
U05658,2
U05658,3
U05658,4
U05658,6
U05660,2
U05660,3
U05660,5
U05660,6
U05660,7
U05664,3
U05664,4
U05664,5
U05664,6
U05664,8
U05674,2
U05674,3
U05674,6
U05675,2
U05675,3
U05675,4
U05675,5
U05677,1
U05677,2
U05677,3
U05677,4
U05677,7
U05677,8
U05678,1
U05678,2
U05678,3
U05678,4
U05678,5
U05678,6
U05678,8
U05679,2
U05679,3
U05679,4
U05679,5
U05679,6
U05679,7
U05682,2
U05682,4
U05685,1
U05685,4
U05685,5
U05685,6
U05685,8
U05686,2
U05686,3
U05686,4
U05686,5
U05686,6
U05686,7
U05690,1
U05690,4
U05690,5
U05690,7
U05693,1
U05693,2
U05693,4
U05693,5
U05693,6
U05693,7
U05694,2
U05694,4
U05694,5
U05694,6
U05697,1
U05697,4
U05697,8
U05698,2
U05698,3
U05698,4
U05698,7
U05700,1
U05700,2
U05700,3
U05700,4
U05700,5
U05700,6
U05700,7
U05702,1
U05702,2
U05702,3
U05702,6
U05705,1
U05705,2
U05705,3
U05705,4
U05705,5
U05705,6
U05707,1
U05707,3
U05707,5
U05708,1
U05708,3
U05708,4
U05708,5
U05710,1
U05710,2
U05710,4
U05710,5
U05710,6
U05712,1
U05712,3
U05712,6
U05712,8
U05716,1
U05716,3
U05716,7
U05716,8
U05717,1
U05717,5
U05717,8
U05720,1
U05720,3
U05720,4
U05720,5
U05720,6
U05723,2
U05723,3
U05723,6
U05724,1
U05724,2
U05724,3
U05724,4
U05724,5
U05724,6
U05724,8
U05728,2
U05728,3
U05728,4
U05729,1
U05729,3
U05729,4
U05729,6
U05730,1
U05730,2
U05730,3
U05730,4
U05730,6
U05730,7
U05731,2
U05731,5
U05733,1
U05733,2
U05733,3
U05733,6
U05733,7
U05738,1
U05738,2
U05738,3
U05738,4
U05738,5
U05738,7
U05738,8
U05739,3
U05739,6
U05740,1
U05740,2
U05740,3
U05740,4
U05740,5
U05740,6
U05740,7
U05740,8
U05741,1
U05741,2
U05741,4
U05741,6
U05742,1
U05743,1
U05743,2
U05743,3
U05743,4
U05748,2
U05748,3
U05748,6
U05750,2
U05750,3
U05750,4
U05750,6
U05750,7
U05750,8
U05753,1
U05753,2
U05753,3
U05753,4
U05753,5
U05755,1
U05755,2
U05755,3
U05755,8
U05756,3
U05756,7
U05758,2
U05758,3
U05758,4
U05758,5
U05759,1
U05759,2
U05759,3
U05759,4
U05759,5
U05759,6
U05759,7
U05762,2
U05762,3
U05762,5
U05764,3
U05764,5
U05770,1
U05770,2
U05770,4
U05770,6
U05770,7
U05773,3
U05773,4
U05774,3
U05774,5
U05776,1
U05776,2
U05776,3
U05776,7
U05778,2
U05778,3
U05781,1
U05781,3
U05781,6
U05785,1
U05785,3
U05785,4
U05789,2
U05789,6
U05790,2
U05790,3
U05790,5
U05790,6
U05791,1
U05791,2
U05791,3
U05791,4
U05791,5
U05791,7
U05792,1
U05792,2
U05792,4
U05792,5
U05792,6
U05795,1
U05795,2
U05795,3
U05795,4
U05795,7
U05797,1
U05797,2
U05797,3
U05797,4
U05798,2
U05798,4
U05798,5
U05798,6
U05798,7
U05803,2
U05803,4
U05803,5
U05803,6
U05803,7
U05807,1
U05807,2
U05807,3
U05807,5
U05807,6
U05807,7
U05807,8
U05812,1
U05812,2
U05812,5
U05812,7
U05814,1
U05814,3
U05814,4
U05814,5
U05815,5
U05817,1
U05817,2
U05817,3
U05818,2
U05818,3
U05819,4
U05819,6
U05820,1
U05820,4
U05820,7
U05822,1
U05822,2
U05822,3
U05822,4
U05822,5
U05824,1
U05824,3
U05824,4
U05824,5
U05825,1
U05825,2
U05825,3
U05825,5
U05826,1
U05826,3
U05826,7
U05826,8
U05827,3
U05827,4
U05827,5
U05827,6
U05827,7
U05829,1
U05829,2
U05829,3
U05829,4
U05829,5
U05829,6
U05830,1
U05830,8
U05831,3
U05831,7
U05831,8
U05832,4
U05832,7
U05836,2
U05836,3
U05836,4
U05836,5
U05836,7
U05837,4
U05837,5
U05840,1
U05840,2
U05840,3
U05840,6
U05840,8
U05842,2
U05842,3
U05842,4
U05842,7
U05842,8
U05843,1
U05843,3
U05843,5
U05843,6
U05843,7
U05846,2
U05846,6
U05847,2
U05847,3
U05847,4
U05847,5
U05847,7
U05847,8
U05849,1
U05849,2
U05849,5
U05849,6
U05849,7
U05851,2
U05851,3
U05851,5
U05852,1
U05852,2
U05852,5
U05852,6
U05852,7
U05853,2
U05853,4
U05855,6
U05856,2
U05856,3
U05856,4
U05856,5
U05858,1
U05858,2
U05858,3
U05858,4
U05858,5
U05860,1
U05860,2
U05860,3
U05860,4
U05860,5
U05860,8
U05861,1
U05861,2
U05861,3
U05861,5
U05861,7
U05862,1
U05862,5
U05863,1
U05863,2
U05863,6
U05863,7
U05863,8
U05864,2
U05866,2
U05866,3
U05866,4
U05866,7
U05867,1
U05867,3
U05867,5
U05867,7
U05870,1
U05870,2
U05870,3
U05870,5
U05870,7
U05872,1
U05872,4
U05872,6
U05872,8
U05878,2
U05878,3
U05878,4
U05878,7
U05879,1
U05879,3
U05879,4
U05879,5
U05879,6
U05881,1
U05881,2
U05881,3
U05881,4
U05881,5
U05881,7
U05881,8
U05882,1
U05882,2
U05882,3
U05882,5
U05882,6
U05883,1
U05883,2
U05883,3
U05883,4
U05883,5
U05884,1
U05884,2
U05884,5
U05884,6
U05884,8
U05886,2
U05887,1
U05887,2
U05887,3
U05887,5
U05887,6
U05887,8
U05888,1
U05888,2
U05888,5
U05894,2
U05894,3
U05894,4
U05894,8
U05895,1
U05895,2
U05895,3
U05895,4
U05895,5
U05895,8
U05897,1
U05897,2
U05897,3
U05897,4
U05897,5
U05897,7
U05897,8
U05902,1
U05902,4
U05902,5
U05902,6
U05903,1
U05903,4
U05903,6
U05904,1
U05904,3
U05904,4
U05904,6
U05904,8
U05905,1
U05905,3
U05905,4
U05905,6
U05905,8
U05907,2
U05907,4
U05909,1
U05909,2
U05909,4
U05909,5
U05910,2
U05910,5
U05910,7
U05913,1
U05913,3
U05913,4
U05913,5
U05914,1
U05914,3
U05914,4
U05914,5
U05915,1
U05915,3
U05915,5
U05917,1
U05917,2
U05917,4
U05917,5
U05917,8
U05918,1
U05918,2
U05918,4
U05918,5
U05918,6
U05918,8
U05921,1
U05921,3
U05921,4
U05921,5
U05922,3
U05922,7
U05922,8
U05923,1
U05923,5
U05923,7
U05924,1
U05924,2
U05924,3
U05924,4
U05924,5
U05925,1
U05925,2
U05925,3
U05925,5
U05925,6
U05925,8
U05927,3
U05927,4
U05927,5
U05927,7
U05927,8
U05929,1
U05929,2
U05929,3
U05929,4
U05929,5
U05929,8
U05931,3
U05931,6
U05934,1
U05934,3
U05934,5
U05934,6
U05934,7
U05935,1
U05935,4
U05935,7
U05936,2
U05936,5
U05936,6
U05936,8
U05939,1
U05939,2
U05939,3
U05943,1
U05943,2
U05943,3
U05944,1
U05944,2
U05944,3
U05944,4
U05944,5
U05944,6
U05944,7
U05944,8
U05949,1
U05949,4
U05949,5
U05949,8
U05951,1
U05951,4
U05951,7
U05951,8
U05953,1
U05953,5
U05953,6
U05953,7
U05953,8
U05954,2
U05954,4
U05954,5
U05955,1
U05955,5
U05956,1
U05956,2
U05956,4
U05956,5
U05957,1
U05957,2
U05957,4
U05957,8
U05958,1
U05958,2
U05958,4
U05958,5
U05958,6
U05958,7
U05958,8
U05960,1
U05960,2
U05960,3
U05960,4
U05960,6
U05964,1
U05964,3
U05964,4
U05964,5
U05970,1
U05970,4
U05970,6
U05970,8
U05971,1
U05971,3
U05974,1
U05974,2
U05974,4
U05977,2
U05977,3
U05977,5
U05977,8
U05978,4
U05978,5
U05979,1
U05979,2
U05979,3
U05979,4
U05979,5
U05980,2
U05980,5
U05980,7
U05981,2
U05981,3
U05982,4
U05985,1
U05985,3
U05985,4
U05985,5
U05986,1
U05986,2
U05986,3
U05986,5
U05986,6
U05986,8
U05989,1
U05989,2
U05989,4
U05989,5
U05989,6
U05989,7
U05990,2
U05990,5
U05994,1
U05994,3
U05994,4
U05994,5
U05994,7
U05994,8
U05995,2
U05995,6
U05996,1
U05997,1
U05997,2
U06004,2
U06004,3
U06008,1
U06008,2
U06008,3
U06008,6
U06008,7
U06009,1
U06009,2
U06009,3
U06009,4
U06009,6
U06009,7
U06010,5
U06013,1
U06013,2
U06013,5
U06013,8
U06018,1
U06018,3
U06018,4
U06018,5
U06018,7
U06023,1
U06023,3
U06023,4
U06023,6
U06025,1
U06025,2
U06025,3
U06025,4
U06025,5
U06026,1
U06026,2
U06026,4
U06026,5
U06027,1
U06027,3
U06030,5
U06030,6
U06032,1
U06032,3
U06032,4
U06032,6
U06034,1
U06034,3
U06034,6
U06036,2
U06036,3
U06036,4
U06036,6
U06036,7
U06036,8
U06037,1
U06037,2
U06037,4
U06037,5
U06037,7
U06038,1
U06038,2
U06038,3
U06038,6
U06038,8
U06040,1
U06040,7
U06042,1
U06042,2
U06042,3
U06042,8
U06043,1
U06043,3
U06043,4
U06043,5
U06043,6
U06043,7
U06046,1
U06046,2
U06046,3
U06046,4
U06051,2
U06051,5
U06054,1
U06054,2
U06054,3
U06054,4
U06054,5
U06055,1
U06055,2
U06055,3
U06055,4
U06055,6
U06055,7
U06055,8
U06056,1
U06056,2
U06056,3
U06056,4
U06056,5
U06056,6
U06059,1
U06059,2
U06059,4
U06059,6
U06061,1
U06061,2
U06061,3
U06061,4
U06061,5
U06063,4
U06063,5
U06064,1
U06064,4
U06068,2
U06068,5
U06068,7
U06069,2
U06069,5
U06069,7
U06069,8
U06070,1
U06070,2
U06070,6
U06071,1
U06071,3
U06071,4
U06071,5
U06072,1
U06072,2
U06072,4
U06072,5
U06073,1
U06073,2
U06073,3
U06073,4
U06073,6
U06074,1
U06074,2
U06074,3
U06074,4
U06074,5
U06074,7
U06077,1
U06077,2
U06077,3
U06077,4
U06077,5
U06077,6
U06078,1
U06078,3
U06078,5
U06078,6
U06078,7
U06079,1
U06079,2
U06079,5
U06081,1
U06081,5
U06081,6
U06085,2
U06085,3
U06085,5
U06086,2
U06086,3
U06086,7
U06087,1
U06087,2
U06088,1
U06088,2
U06088,4
U06088,7
U06088,8
U06089,1
U06089,2
U06089,3
U06089,4
U06089,5
U06089,8
U06090,1
U06090,3
U06090,4
U06090,5
U06090,7
U06090,8
U06091,1
U06091,2
U06091,4
U06091,5
U06093,1
U06093,3
U06093,4
U06098,1
U06098,5
U06098,7
U06098,8
U06099,1
U06099,2
U06099,6
U06100,2
U06100,5
U06100,7
U06100,8
U06101,1
U06101,4
U06101,7
U06101,8
U06104,1
U06104,4
U06104,5
U06104,7
U06107,1
U06107,2
U06107,3
U06107,4
U06107,5
U06110,1
U06110,2
U06110,6
U06110,7
U06112,2
U06112,3
U06114,1
U06114,3
U06114,5
U06114,7
U06118,2
U06118,3
U06118,4
U06118,5
U06118,6
U06118,7
U06119,1
U06122,1
U06122,2
U06122,3
U06124,2
U06124,4
U06124,5
U06124,6
U06125,2
U06125,3
U06125,4
U06125,5
U06125,6
U06129,2
U06131,1
U06131,3
U06131,4
U06131,6
U06132,1
U06132,3
U06132,4
U06132,6
U06132,8
U06133,1
U06133,2
U06133,3
U06133,6
U06133,7
U06133,8
U06134,1
U06134,2
U06134,7
U06135,1
U06135,2
U06135,3
U06135,5
U06135,6
U06136,4
U06136,5
U06141,1
U06141,3
U06141,4
U06142,1
U06142,2
U06142,3
U06142,4
U06142,5
U06142,6
U06149,1
U06149,5
U06150,2
U06150,3
U06151,1
U06151,2
U06151,4
U06152,3
U06152,4
U06153,1
U06153,2
U06153,4
U06153,5
U06153,7
U06154,1
U06154,2
U06154,3
U06155,6
U06156,1
U06156,2
U06156,3
U06156,4
U06156,6
U06156,7
U06156,8
U06157,1
U06157,2
U06157,3
U06157,4
U06162,5
U06165,1
U06165,2
U06165,3
U06165,4
U06165,5
U06165,7
U06165,8
U06166,1
U06166,3
U06166,4
U06166,6
U06169,3
U06169,4
U06169,5
U06170,2
U06170,4
U06170,6
U06170,7
U06172,1
U06172,4
U06172,6
U06175,1
U06175,2
U06175,4
U06175,5
U06175,6
U06175,7
U06175,8
U06176,1
U06176,2
U06176,3
U06176,4
U06176,5
U06176,6
U06178,1
U06178,2
U06178,6
U06179,1
U06179,4
U06179,5
U06179,7
U06180,3
U06180,5
U06181,1
U06181,3
U06181,4
U06181,6
U06187,2
U06187,3
U06188,3
U06189,3
U06191,1
U06191,3
U06191,4
U06191,5
U06192,2
U06192,5
U06192,6
U06192,7
U06192,8
U06193,3
U06193,4
U06193,5
U06193,6
U06193,7
U06193,8
U06194,3
U06194,4
U06194,6
U06194,7
U06194,8
U06197,1
U06197,4
U06197,6
U06197,7
U06197,8
U06199,1
U06199,4
U06199,5
U06199,7
U06203,3
U06203,4
U06203,5
U06203,8
U06205,1
U06205,4
U06205,5
U06207,1
U06207,3
U06210,1
U06210,3
U06210,4
U06210,5
U06210,7
U06213,1
U06213,2
U06213,4
U06213,5
U06213,6
U06215,1
U06215,6
U06217,1
U06217,3
U06217,4
U06217,6
U06217,7
U06217,8
U06219,1
U06219,6
U06220,3
U06220,4
U06220,5
U06221,1
U06221,3
U06221,4
U06222,1
U06222,2
U06222,6
U06228,1
U06228,2
U06228,4
U06232,1
U06232,3
U06232,4
U06232,6
U06232,7
U06232,8
U06233,1
U06233,2
U06233,3
U06233,5
U06233,6
U06234,2
U06234,3
U06234,4
U06235,1
U06235,4
U06237,1
U06237,2
U06237,5
U06237,8
U06240,1
U06240,3
U06240,4
U06240,7
U06240,8
U06241,1
U06241,6
U06244,4
U06244,5
U06245,1
U06245,5
U06245,6
U06245,7
U06247,1
U06247,2
U06247,3
U06247,5
U06247,6
U06248,7
U06248,8
U06250,3
U06250,5
U06252,2
U06252,3
U06252,5
U06252,6
U06252,7
U06254,1
U06254,5
U06255,2
U06255,7
U06257,1
U06257,2
U06257,3
U06257,4
U06257,5
U06257,7
U06257,8
U06258,3
U06258,4
U06258,6
U06258,8
U06259,3
U06259,4
U06259,7
U06259,8
U06261,1
U06261,3
U06261,4
U06261,5
U06261,6
U06261,7
U06262,3
U06262,8
U06266,1
U06266,2
U06266,4
U06266,5
U06266,6
U06266,8
U06268,2
U06268,3
U06268,4
U06268,6
U06269,1
U06269,2
U06269,3
U06269,5
U06269,8
U06272,2
U06272,4
U06272,6
U06276,2
U06276,3
U06276,4
U06276,5
U06276,6
U06276,7
U06277,1
U06277,7
U06278,1
U06278,3
U06278,4
U06278,5
U06281,1
U06281,2
U06281,3
U06281,4
U06281,5
U06281,7
U06282,1
U06282,2
U06282,4
U06282,6
U06284,3
U06284,4
U06284,5
U06284,6
U06290,1
U06290,2
U06290,4
U06290,7
U06291,1
U06291,2
U06291,4
U06291,6
U06291,7
U06291,8
U06292,3
U06292,7
U06293,1
U06293,3
U06293,4
U06293,5
U06293,8
U06294,2
U06294,3
U06294,5
U06294,6
U06294,7
U06295,1
U06295,2
U06295,3
U06295,4
U06295,6
U06295,7
U06296,1
U06296,2
U06296,3
U06296,4
U06296,5
U06298,2
U06300,1
U06300,2
U06300,3
U06300,4
U06301,1
U06301,2
U06301,3
U06301,4
U06301,5
U06301,6
U06301,7
U06304,1
U06304,2
U06304,4
U06304,5
U06304,7
U06306,1
U06306,4
U06306,5
U06307,2
U06307,3
U06307,4
U06307,5
U06307,6
U06307,7
U06308,1
U06308,2
U06308,4
U06308,6
U06313,1
U06313,2
U06313,3
U06313,5
U06315,1
U06315,3
U06315,6
U06316,3
U06316,8
U06317,2
U06317,3
U06317,6
U06318,5
U06321,1
U06321,4
U06321,7
U06323,1
U06323,2
U06323,3
U06323,4
U06323,6
U06323,7
U06326,1
U06326,2
U06326,3
U06326,6
U06326,8
U06327,1
U06327,3
U06327,5
U06327,6
U06330,1
U06330,2
U06330,4
U06330,5
U06330,6
U06330,7
U06330,8
U06332,1
U06332,4
U06332,5
U06335,1
U06335,2
U06335,3
U06335,5
U06335,6
U06335,8
U06339,2
U06339,3
U06339,4
U06339,5
U06339,7
U06339,8
U06340,2
U06340,5
U06341,1
U06341,2
U06341,5
U06341,6
U06341,8
U06343,1
U06343,3
U06343,4
U06343,5
U06344,1
U06344,2
U06344,3
U06344,5
U06344,6
U06344,7
U06344,8
U06347,1
U06347,2
U06347,3
U06347,4
U06347,6
U06347,7
U06348,2
U06348,3
U06348,6
U06348,7
U06348,8
U06349,1
U06349,3
U06349,5
U06349,6
U06350,2
U06350,5
U06350,6
U06350,7
U06354,1
U06354,2
U06354,3
U06354,6
U06354,7
U06356,1
U06356,2
U06356,3
U06356,4
U06356,5
U06356,6
U06356,7
U06362,1
U06362,5
U06364,1
U06364,2
U06371,1
U06371,2
U06371,4
U06371,5
U06375,1
U06375,2
U06375,3
U06376,2
U06376,3
U06376,5
U06378,3
U06380,2
U06380,3
U06380,6
U06380,7
U06380,8
U06381,1
U06381,2
U06381,3
U06381,4
U06381,6
U06381,7
U06382,1
U06382,2
U06382,4
U06388,1
U06388,2
U06388,3
U06388,4
U06388,5
U06389,1
U06389,2
U06389,3
U06389,4
U06389,5
U06389,7
U06389,8
U06390,1
U06390,2
U06390,3
U06390,5
U06390,6
U06390,7
U06391,3
U06391,6
U06391,7
U06392,1
U06392,2
U06392,3
U06392,5
U06392,7
U06392,8
U06395,2
U06395,3
U06395,5
U06395,6
U06396,1
U06396,2
U06396,3
U06396,4
U06396,5
U06396,7
U06397,2
U06397,5
U06397,6
U06397,7
U06398,1
U06398,2
U06398,4
U06398,5
U06398,6
U06398,7
U06398,8
U06401,1
U06401,2
U06401,3
U06404,1
U06404,2
U06404,3
U06404,4
U06404,5
U06406,1
U06406,2
U06406,3
U06406,5
U06408,1
U06408,2
U06408,3
U06408,4
U06408,5
U06409,1
U06409,2
U06409,3
U06409,4
U06409,5
U06410,1
U06410,2
U06410,3
U06410,4
U06410,5
U06410,6
U06410,8
U06414,1
U06414,2
U06414,4
U06414,5
U06415,2
U06415,8
U06417,1
U06417,2
U06417,3
U06417,4
U06417,6
U06418,1
U06418,2
U06418,3
U06418,5
U06418,6
U06418,7
U06419,1
U06419,2
U06419,4
U06419,8
U06420,1
U06420,2
U06420,3
U06420,6
U06421,2
U06421,4
U06425,2
U06425,4
U06425,5
U06425,6
U06425,7
U06425,8
U06426,1
U06429,1
U06429,2
U06429,4
U06430,2
U06430,5
U06430,8
U06431,1
U06431,2
U06431,3
U06431,4
U06431,5
U06432,1
U06432,2
U06432,3
U06432,4
U06432,5
U06432,8
U06433,1
U06433,3
U06433,6
U06434,4
U06434,5
U06434,6
U06439,2
U06439,3
U06439,5
U06439,6
U06439,7
U06439,8
U06440,1
U06440,2
U06440,4
U06440,5
U06440,6
U06441,2
U06441,3
U06441,4
U06441,6
U06441,7
U06443,1
U06443,3
U06445,1
U06445,2
U06445,4
U06445,5
U06445,6
U06445,8
U06447,1
U06447,2
U06447,3
U06447,4
U06447,5
U06447,6
U06447,7
U06448,4
U06449,5
U06449,6
U06449,7
U06450,2
U06450,3
U06450,4
U06450,5
U06450,7
U06450,8
U06452,1
U06452,2
U06452,5
U06452,6
U06452,7
U06452,8
U06455,1
U06455,2
U06455,5
U06459,1
U06459,2
U06462,1
U06462,2
U06462,4
U06462,5
U06462,6
U06462,8
U06463,1
U06463,4
U06466,1
U06466,2
U06466,3
U06466,5
U06469,1
U06469,2
U06469,4
U06469,5
U06469,6
U06469,7
U06469,8
U06470,2
U06470,3
U06470,7
U06471,1
U06471,2
U06472,1
U06472,2
U06472,4
U06474,1
U06474,2
U06474,4
U06474,5
U06474,6
U06474,7
U06478,1
U06478,3
U06478,5
U06480,3
U06481,1
U06481,2
U06481,3
U06481,5
U06481,7
U06482,1
U06482,2
U06482,5
U06482,6
U06482,8
U06487,1
U06487,2
U06487,4
U06487,6
U06487,7
U06487,8
U06490,1
U06490,6
U06491,1
U06491,2
U06491,3
U06491,4
U06491,5
U06491,7
U06493,1
U06493,3
U06493,4
U06493,5
U06493,7
U06495,1
U06495,2
U06495,3
U06495,4
U06495,5
U06495,8
U06499,1
U06499,3
U06499,7
U06504,2
U06507,1
U06507,2
U06507,3
U06507,4
U06507,5
U06507,6
U06507,7
U06509,3
U06510,1
U06510,2
U06510,3
U06510,4
U06510,5
U06512,1
U06512,2
U06512,4
U06512,7
U06512,8
U06514,1
U06514,3
U06514,8
U06515,2
U06516,1
U06516,3
U06516,4
U06516,5
U06516,6
U06516,8
U06517,4
U06517,5
U06518,1
U06518,2
U06518,3
U06518,5
U06518,7
U06520,1
U06520,4
U06520,5
U06523,2
U06528,1
U06528,2
U06528,3
U06528,4
U06528,7
U06529,4
U06535,1
U06535,3
U06536,1
U06536,2
U06536,4
U06536,6
U06538,1
U06538,3
U06538,4
U06538,5
U06538,6
U06542,2
U06542,3
U06542,4
U06543,1
U06543,2
U06543,3
U06543,4
U06543,5
U06543,7
U06544,2
U06544,3
U06544,4
U06544,5
U06544,7
U06544,8
U06545,1
U06545,3
U06547,2
U06547,5
U06547,6
U06547,7
U06547,8
U06548,1
U06548,3
U06548,6
U06549,4
U06549,5
U06549,8
U06552,1
U06552,2
U06552,3
U06552,5
U06553,3
U06553,5
U06554,1
U06554,2
U06554,3
U06554,5
U06554,7
U06556,1
U06556,3
U06556,5
U06557,1
U06557,2
U06557,4
U06557,5
U06557,6
U06557,7
U06561,1
U06561,5
U06561,7
U06563,2
U06563,3
U06563,4
U06563,5
U06563,6
U06563,8
U06564,2
U06564,3
U06564,4
U06565,2
U06565,5
U06565,7
U06566,2
U06566,3
U06566,4
U06566,5
U06566,7
U06566,8
U06570,1
U06570,2
U06570,3
U06570,5
U06570,6
U06572,1
U06572,6
U06578,1
U06578,2
U06578,4
U06578,5
U06578,6
U06578,7
U06578,8
U06582,3
U06584,1
U06584,2
U06584,3
U06584,4
U06584,6
U06584,8
U06586,1
U06588,3
U06588,6
U06589,1
U06589,3
U06589,4
U06589,6
U06589,8
U06591,1
U06591,2
U06591,4
U06591,7
U06596,3
U06600,1
U06600,3
U06600,4
U06600,6
U06600,7
U06604,1
U06604,5
U06604,6
U06607,1
U06607,2
U06607,4
U06607,5
U06609,1
U06609,2
U06609,3
U06609,7
U06609,8
U06611,1
U06611,3
U06611,4
U06611,6
U06611,8
U06613,2
U06613,4
U06625,2
U06625,4
U06625,6
U06629,1
U06629,2
U06629,3
U06629,4
U06629,6
U06631,1
U06631,2
U06631,3
U06631,5
U06631,6
U06633,1
U06633,2
U06633,3
U06633,4
U06633,5
U06633,7
U06634,2
U06634,3
U06634,4
U06634,7
U06643,1
U06643,2
U06643,3
U06643,4
U06643,6
U06643,8
U06647,2
U06647,4
U06647,5
U06647,6
U06649,1
U06649,3
U06649,5
U06650,4
U06655,4
U06655,5
U06655,6
U06658,1
U06658,3
U06658,4
U06658,5
U06661,2
U06661,3
U06661,4
U06661,5
U06661,8
U06662,1
U06662,2
U06662,3
U06662,4
U06663,1
U06663,2
U06663,3
U06663,4
U06663,6
U06663,7
U06664,1
U06664,2
U06664,3
U06664,4
U06664,5
U06664,7
U06664,8
U06665,1
U06665,2
U06665,3
U06665,5
U06666,5
U06668,1
U06668,2
U06668,3
U06668,5
U06668,6
U06672,3
U06672,4
U06672,7
U06672,8
U06675,1
U06675,2
U06675,3
U06675,4
U06675,5
U06675,6
U06676,1
U06676,2
U06676,4
U06676,6
U06677,1
U06678,1
U06678,2
U06678,3
U06678,4
U06680,1
U06680,2
U06680,3
U06680,4
U06680,5
U06680,6
U06683,1
U06683,2
U06683,3
U06683,4
U06683,5
U06684,3
U06684,6
U06685,5
U06685,8
U06687,1
U06687,2
U06687,4
U06687,5
U06689,1
U06689,4
U06689,5
U06689,6
U06695,1
U06695,2
U06695,3
U06695,5
U06695,6
U06695,7
U06696,4
U06697,1
U06697,5
U06697,7
U06697,8
U06700,1
U06700,2
U06700,3
U06700,5
U06700,6
U06701,2
U06701,4
U06701,5
U06705,2
U06705,3
U06705,4
U06705,5
U06709,1
U06709,2
U06709,3
U06709,4
U06709,5
U06709,6
U06709,8
U06710,1
U06710,2
U06710,4
U06710,5
U06710,7
U06716,2
U06716,3
U06716,6
U06717,1
U06717,2
U06717,3
U06717,4
U06717,6
U06717,7
U06721,1
U06721,2
U06721,3
U06721,4
U06721,5
U06721,7
U06722,1
U06722,2
U06722,3
U06722,4
U06722,6
U06724,1
U06724,3
U06724,4
U06724,5
U06725,1
U06725,3
U06726,2
U06726,4
U06726,5
U06726,6
U06728,1
U06728,2
U06728,3
U06728,4
U06728,5
U06728,6
U06731,1
U06731,3
U06731,4
U06731,5
U06731,6
U06732,1
U06732,2
U06732,3
U06732,5
U06732,6
U06734,1
U06734,2
U06734,3
U06734,4
U06734,5
U06734,8
U06736,1
U06736,2
U06736,3
U06736,4
U06736,5
U06736,6
U06736,8
U06739,1
U06739,2
U06739,3
U06739,4
U06739,5
U06739,6
U06739,7
U06740,2
U06740,3
U06740,5
U06740,6
U06740,7
U06740,8
U06741,1
U06741,2
U06741,3
U06741,5
U06741,6
U06741,7
U06743,3
U06743,4
U06743,8
U06744,4
U06752,1
U06752,4
U06752,5
U06752,8
U06754,2
U06754,3
U06754,4
U06754,5
U06755,2
U06755,6
U06755,8
U06757,1
U06757,2
U06757,3
U06757,4
U06757,7
U06757,8
U06761,1
U06761,2
U06761,3
U06761,6
U06761,7
U06767,1
U06767,2
U06767,3
U06767,4
U06768,2
U06768,4
U06770,1
U06770,2
U06770,3
U06770,4
U06770,5
U06770,6
U06770,7
U06774,1
U06774,3
U06774,4
U06776,1
U06776,3
U06776,5
U06776,6
U06776,7
U06777,1
U06777,2
U06777,3
U06777,4
U06777,5
U06777,8
U06778,1
U06778,2
U06778,3
U06781,2
U06783,1
U06783,3
U06783,6
U06785,1
U06785,2
U06785,4
U06785,5
U06787,3
U06787,4
U06787,7
U06789,1
U06789,2
U06789,5
U06789,6
U06791,1
U06791,4
U06791,5
U06791,6
U06792,1
U06792,2
U06792,4
U06792,5
U06793,2
U06793,3
U06795,1
U06795,2
U06795,3
U06795,4
U06795,5
U06795,6
U06799,1
U06799,3
U06799,4
U06799,5
U06801,1
U06801,2
U06801,3
U06801,4
U06801,5
U06804,1
U06804,3
U06804,4
U06804,6
U06808,1
U06808,4
U06808,5
U06808,6
U06808,7
U06810,2
U06810,3
U06813,2
U06813,3
U06815,1
U06815,4
U06815,6
U06815,8
U06824,1
U06824,3
U06824,4
U06824,5
U06825,1
U06825,2
U06825,4
U06825,5
U06825,6
U06825,7
U06825,8
U06826,1
U06826,3
U06826,5
U06826,6
U06826,7
U06826,8
U06827,1
U06827,2
U06827,4
U06827,6
U06827,7
U06833,1
U06833,2
U06833,3
U06833,4
U06833,8
U06836,1
U06836,2
U06836,4
U06836,5
U06836,7
U06839,1
U06839,2
U06839,7
U06840,3
U06840,8
U06841,1
U06841,2
U06841,3
U06841,4
U06841,5
U06842,1
U06842,2
U06842,4
U06842,5
U06842,7
U06844,1
U06844,5
U06845,2
U06845,4
U06847,1
U06847,2
U06847,4
U06847,5
U06847,6
U06847,7
U06847,8
U06851,1
U06851,2
U06851,5
U06851,6
U06851,7
U06852,3
U06852,6
U06852,7
U06855,1
U06855,2
U06855,3
U06855,5
U06855,6
U06856,1
U06856,3
U06856,4
U06856,5
U06859,3
U06859,4
U06859,5
U06859,6
U06863,1
U06863,3
U06863,4
U06863,5
U06863,6
U06863,7
U06871,2
U06871,3
U06871,6
U06873,1
U06873,2
U06873,3
U06873,4
U06873,5
U06873,6
U06873,7
U06874,4
U06874,5
U06874,7
U06877,5
U06877,6
U06877,7
U06879,1
U06879,2
U06879,3
U06879,5
U06879,6
U06879,7
U06885,2
U06885,3
U06885,7
U06886,1
U06886,2
U06886,3
U06886,4
U06886,5
U06886,6
U06886,8
U06887,1
U06887,2
U06887,3
U06887,5
U06887,6
U06889,1
U06889,2
U06889,4
U06889,5
U06889,6
U06889,7
U06889,8
U06890,1
U06890,2
U06890,4
U06890,5
U06893,1
U06893,3
U06897,1
U06897,2
U06897,3
U06897,5
U06897,6
U06897,8
U06900,5
U06900,8
U06901,1
U06901,7
U06904,1
U06904,2
U06904,5
U06904,6
U06905,3
U06908,4
U06909,1
U06909,3
U06909,4
U06909,5
U06909,7
U06912,4
U06913,1
U06913,2
U06913,3
U06913,4
U06913,5
U06914,2
U06914,3
U06914,5
U06915,1
U06915,2
U06915,3
U06915,4
U06915,5
U06915,6
U06918,1
U06918,2
U06918,3
U06918,4
U06918,5
U06918,8
U06919,2
U06919,5
U06919,6
U06920,2
U06920,3
U06920,4
U06920,5
U06920,7
U06920,8
U06921,4
U06921,6
U06921,8
U06922,2
U06922,3
U06923,1
U06923,2
U06923,3
U06923,4
U06923,6
U06923,7
U06923,8
U06926,2
U06926,3
U06927,1
U06927,2
U06927,3
U06928,3
U06928,4
U06928,5
U06929,1
U06929,2
U06929,4
U06929,5
U06930,1
U06930,3
U06930,4
U06930,6
U06930,7
U06931,1
U06931,2
U06931,3
U06933,2
U06933,4
U06933,5
U06933,6
U06935,1
U06935,2
U06935,4
U06935,5
U06936,1
U06936,3
U06936,4
U06936,6
U06936,7
U06937,1
U06937,2
U06937,3
U06937,4
U06937,5
U06941,1
U06941,2
U06941,4
U06941,5
U06942,1
U06942,3
U06942,5
U06942,6
U06943,1
U06943,2
U06943,3
U06943,4
U06943,8
U06944,1
U06944,2
U06944,3
U06944,5
U06945,1
U06945,2
U06945,3
U06945,5
U06945,6
U06945,7
U06945,8
U06947,1
U06947,2
U06947,3
U06947,5
U06947,7
U06948,1
U06948,2
U06948,3
U06948,4
U06948,6
U06948,7
U06950,2
U06950,3
U06950,7
U06950,8
U06951,3
U06951,4
U06958,1
U06958,3
U06962,6
U06964,1
U06964,2
U06964,3
U06964,6
U06964,7
U06965,3
U06965,4
U06965,5
U06965,8
U06969,1
U06969,3
U06969,4
U06969,5
U06969,7
U06969,8
U06970,1
U06970,4
U06970,5
U06970,6
U06970,8
U06971,2
U06971,4
U06971,7
U06972,1
U06972,2
U06972,4
U06973,1
U06973,2
U06973,6
U06973,8
U06976,1
U06976,4
U06976,7
U06977,1
U06977,2
U06977,3
U06977,6
U06980,3
U06980,4
U06980,5
U06980,7
U06980,8
U06983,1
U06983,2
U06983,5
U06984,1
U06984,2
U06984,5
U06984,6
U06984,7
U06987,2
U06987,5
U06987,8
U06989,2
U06989,3
U06989,4
U06989,5
U06990,1
U06990,2
U06990,3
U06990,4
U06991,1
U06991,2
U06991,3
U06992,2
U06992,4
U06992,7
U06994,1
U06994,2
U06994,7
U06994,8
U06995,2
U06995,3
U06995,6
U06998,2
U06998,3
U06998,4
U06998,5
U06998,8
U07002,1
U07002,6
U07002,8
U07007,1
U07007,2
U07007,3
U07007,4
U07007,5
U07007,8
U07008,1
U07008,2
U07008,3
U07008,5
U07008,6
U07008,7
U07009,1
U07009,2
U07009,4
U07009,5
U07009,6
U07011,1
U07011,2
U07011,5
U07011,7
U07012,1
U07012,4
U07012,5
U07015,1
U07015,2
U07015,3
U07015,5
U07015,6
U07015,7
U07015,8
U07018,2
U07018,3
U07018,4
U07018,5
U07018,6
U07021,1
U07022,2
U07022,3
U07022,4
U07022,5
U07023,1
U07023,2
U07023,3
U07023,4
U07023,6
U07024,1
U07024,2
U07024,3
U07025,1
U07025,4
U07025,5
U07025,6
U07027,1
U07027,2
U07027,3
U07027,4
U07027,5
U07027,6
U07027,8
U07028,1
U07028,2
U07028,4
U07028,5
U07028,6
U07032,1
U07032,2
U07032,3
U07032,5
U07033,1
U07033,2
U07033,3
U07033,5
U07035,1
U07035,2
U07035,3
U07035,5
U07035,6
U07036,1
U07036,2
U07036,5
U07036,7
U07036,8
U07040,1
U07040,2
U07040,5
U07040,6
U07040,7
U07044,1
U07044,2
U07044,6
U07044,8
U07046,1
U07048,2
U07048,4
U07048,5
U07049,1
U07049,2
U07049,3
U07049,4
U07049,8
U07057,1
U07057,3
U07057,4
U07057,5
U07057,6
U07059,1
U07059,2
U07059,5
U07060,3
U07060,6
U07062,1
U07062,2
U07062,3
U07062,4
U07062,5
U07062,6
U07062,7
U07062,8
U07064,1
U07064,2
U07064,3
U07064,4
U07064,5
U07065,1
U07065,2
U07065,3
U07065,5
U07065,6
U07066,1
U07066,2
U07066,3
U07066,4
U07066,6
U07066,7
U07069,1
U07069,3
U07069,6
U07069,7
U07072,1
U07072,2
U07072,3
U07072,5
U07073,1
U07073,5
U07073,6
U07073,7
U07073,8
U07075,2
U07075,5
U07080,1
U07080,2
U07080,4
U07080,5
U07081,1
U07081,2
U07081,3
U07081,4
U07081,6
U07082,2
U07082,4
U07082,5
U07083,1
U07083,3
U07083,5
U07083,6
U07084,2
U07084,4
U07084,5
U07084,6
U07085,2
U07085,3
U07085,4
U07085,5
U07085,6
U07085,8
U07087,1
U07087,2
U07087,4
U07087,6
U07088,5
U07090,1
U07090,2
U07090,3
U07090,4
U07090,5
U07092,4
U07092,6
U07095,1
U07095,2
U07095,3
U07095,5
U07095,6
U07095,7
U07096,1
U07096,2
U07096,3
U07097,1
U07097,5
U07097,6
U07097,8
U07098,1
U07098,2
U07098,3
U07098,4
U07098,5
U07098,6
U07100,1
U07100,2
U07100,4
U07100,5
U07100,6
U07100,7
U07102,2
U07102,3
U07102,4
U07102,5
U07102,6
U07102,7
U07103,1
U07103,2
U07103,3
U07103,6
U07108,2
U07108,3
U07108,4
U07108,5
U07108,6
U07108,7
U07109,1
U07109,2
U07109,4
U07109,5
U07109,6
U07109,7
U07113,2
U07113,3
U07113,4
U07113,5
U07113,6
U07114,2
U07114,3
U07114,6
U07116,1
U07116,2
U07116,3
U07116,4
U07116,5
U07116,6
U07116,7
U07117,1
U07117,2
U07117,3
U07117,4
U07117,5
U07117,6
U07117,7
U07118,4
U07118,5
U07121,1
U07121,2
U07121,3
U07121,4
U07121,5
U07121,6
U07121,8
U07122,1
U07122,3
U07123,1
U07124,1
U07124,2
U07124,3
U07124,4
U07124,5
U07124,6
U07124,8
U07125,1
U07125,3
U07125,4
U07125,5
U07125,6
U07125,7
U07125,8
U07132,1
U07132,2
U07132,3
U07132,5
U07132,7
U07133,3
U07133,5
U07133,6
U07133,8
U07134,1
U07134,2
U07134,4
U07134,6
U07134,7
U07134,8
U07135,1
U07135,2
U07135,3
U07135,4
U07135,5
U07135,6
U07135,7
U07137,1
U07137,3
U07137,4
U07137,5
U07137,6
U07137,7
U07137,8
U07139,2
U07139,3
U07140,1
U07140,2
U07140,3
U07140,7
U07143,2
U07143,3
U07143,4
U07143,5
U07145,1
U07145,2
U07145,3
U07145,4
U07147,1
U07147,3
U07147,4
U07147,8
U07149,1
U07149,2
U07149,4
U07150,1
U07150,5
U07152,1
U07152,2
U07152,3
U07152,4
U07152,5
U07153,1
U07153,2
U07153,3
U07153,5
U07155,1
U07155,2
U07155,3
U07155,4
U07155,5
U07155,6
U07155,8
U07156,2
U07156,3
U07156,5
U07156,6
U07156,7
U07163,2
U07163,6
U07165,1
U07165,3
U07165,5
U07165,6
U07167,2
U07167,3
U07167,4
U07170,1
U07170,2
U07170,3
U07170,4
U07170,6
U07170,8
U07171,1
U07171,2
U07171,4
U07171,5
U07172,1
U07172,2
U07172,4
U07172,6
U07174,1
U07174,2
U07174,6
U07181,1
U07181,2
U07181,3
U07181,5
U07185,1
U07185,2
U07185,3
U07185,5
U07185,6
U07185,7
U07187,1
U07187,2
U07187,6
U07187,7
U07187,8
U07188,1
U07188,3
U07188,4
U07188,5
U07188,7
U07191,1
U07191,2
U07191,3
U07191,4
U07192,1
U07192,4
U07192,5
U07192,7
U07192,8
U07193,1
U07193,2
U07193,4
U07197,1
U07197,3
U07197,4
U07197,5
U07200,1
U07200,2
U07200,3
U07200,5
U07200,6
U07200,7
U07201,1
U07201,2
U07201,5
U07201,6
U07201,7
U07201,8
U07202,1
U07202,4
U07202,5
U07204,2
U07204,3
U07204,4
U07204,7
U07204,8
U07209,1
U07209,3
U07209,5
U07209,7
U07210,4
U07210,7
U07211,1
U07211,4
U07211,5
U07217,1
U07217,2
U07218,2
U07218,6
U07219,1
U07219,3
U07219,4
U07219,5
U07219,8
U07223,1
U07223,3
U07225,1
U07225,2
U07225,3
U07225,5
U07225,6
U07227,1
U07227,2
U07227,4
U07227,5
U07227,6
U07227,7
U07227,8
U07229,1
U07229,2
U07229,3
U07229,7
U07230,4
U07230,5
U07231,6
U07233,1
U07233,4
U07233,5
U07233,6
U07233,7
U07233,8
U07238,1
U07238,2
U07238,3
U07238,4
U07238,5
U07242,2
U07242,4
U07244,1
U07244,4
U07245,5
U07246,1
U07246,3
U07246,4
U07246,6
U07246,8
U07248,1
U07248,2
U07248,4
U07248,5
U07248,6
U07249,1
U07249,2
U07249,3
U07249,5
U07249,6
U07249,8
U07250,4
U07250,5
U07251,6
U07251,7
U07252,1
U07252,3
U07252,8
U07255,3
U07255,5
U07255,6
U07255,7
U07259,1
U07259,4
U07263,2
U07263,4
U07268,2
U07268,4
U07268,6
U07269,2
U07269,3
U07269,4
U07270,1
U07270,2
U07272,6
U07274,1
U07274,2
U07274,3
U07274,4
U07274,5
U07274,6
U07274,8
U07275,1
U07275,2
U07275,4
U07275,5
U07275,7
U07275,8
U07276,2
U07276,5
U07276,6
U07280,1
U07280,5
U07282,1
U07282,4
U07282,7
U07283,1
U07283,2
U07283,3
U07283,4
U07283,8
U07286,1
U07286,2
U07286,3
U07286,4
U07286,5
U07286,7
U07286,8
U07287,7
U07288,1
U07288,2
U07288,3
U07288,4
U07289,2
U07291,3
U07291,4
U07291,6
U07291,7
U07291,8
U07292,1
U07292,2
U07292,4
U07292,5
U07292,6
U07292,8
U07295,1
U07295,2
U07295,3
U07295,4
U07296,2
U07296,3
U07296,4
U07297,1
U07297,2
U07297,3
U07297,4
U07297,6
U07297,8
U07298,1
U07298,5
U07299,1
U07299,2
U07299,4
U07299,5
U07300,1
U07300,2
U07300,3
U07300,5
U07303,1
U07303,2
U07303,7
U07303,8
U07304,1
U07304,6
U07308,1
U07308,2
U07308,4
U07308,5
U07311,1
U07311,2
U07311,4
U07312,1
U07312,7
U07312,8
U07313,1
U07313,2
U07313,6
U07313,7
U07315,1
U07315,2
U07315,3
U07315,4
U07319,3
U07319,7
U07319,8
U07322,2
U07322,3
U07322,6
U07322,7
U07323,1
U07323,2
U07323,4
U07323,5
U07323,8
U07329,1
U07329,3
U07329,5
U07329,6
U07329,7
U07330,1
U07330,2
U07330,3
U07330,5
U07331,4
U07331,7
U07332,1
U07332,3
U07332,6
U07332,7
U07334,1
U07334,2
U07334,3
U07334,5
U07336,1
U07336,3
U07336,4
U07336,8
U07337,1
U07337,3
U07337,6
U07338,4
U07338,5
U07341,2
U07341,5
U07341,6
U07342,1
U07342,2
U07342,3
U07342,4
U07342,5
U07343,1
U07343,2
U07343,3
U07343,4
U07343,6
U07347,1
U07347,2
U07347,3
U07347,4
U07347,6
U07347,7
U07347,8
U07349,1
U07349,2
U07349,5
U07349,6
U07353,1
U07353,2
U07353,3
U07353,6
U07354,1
U07354,2
U07354,4
U07354,5
U07354,8
U07355,1
U07355,2
U07362,3
U07362,4
U07362,5
U07362,8
U07363,2
U07367,1
U07367,3
U07367,4
U07367,7
U07368,4
U07368,5
U07368,8
U07369,1
U07369,2
U07369,4
U07369,5
U07369,6
U07369,7
U07369,8
U07370,1
U07370,2
U07370,3
U07370,4
U07370,6
U07371,1
U07371,2
U07371,3
U07371,5
U07371,6
U07371,7
U07371,8
U07374,2
U07374,3
U07374,4
U07374,5
U07374,6
U07375,1
U07375,2
U07375,6
U07375,8
U07381,1
U07381,3
U07381,4
U07381,5
U07381,6
U07381,7
U07381,8
U07382,3
U07382,4
U07382,5
U07382,7
U07383,1
U07383,4
U07384,1
U07384,2
U07384,3
U07384,4
U07384,6
U07386,2
U07386,4
U07386,6
U07386,7
U07386,8
U07387,1
U07387,3
U07387,5
U07387,6
U07389,1
U07389,2
U07389,3
U07389,4
U07389,5
U07389,6
U07389,7
U07389,8
U07395,1
U07395,2
U07395,3
U07395,4
U07395,5
U07395,8
U07396,1
U07396,2
U07396,7
U07396,8
U07397,1
U07397,3
U07397,4
U07397,5
U07400,1
U07400,3
U07400,4
U07400,6
U07401,1
U07401,2
U07401,3
U07401,4
U07401,5
U07401,8
U07402,1
U07402,2
U07402,4
U07402,5
U07402,7
U07402,8
U07403,1
U07403,2
U07403,3
U07403,4
U07403,5
U07403,7
U07406,2
U07406,4
U07406,5
U07406,7
U07406,8
U07407,1
U07407,3
U07407,6
U07407,7
U07409,1
U07409,3
U07409,6
U07409,7
U07410,1
U07410,2
U07410,3
U07410,4
U07410,5
U07412,3
U07412,4
U07415,1
U07415,5
U07416,4
U07416,5
U07416,6
U07416,7
U07419,1
U07419,2
U07419,3
U07419,5
U07419,6
U07420,2
U07420,4
U07420,5
U07420,6
U07420,8
U07423,1
U07423,3
U07423,6
U07423,7
U07426,1
U07426,3
U07426,4
U07426,5
U07426,6
U07431,1
U07431,2
U07431,7
U07433,2
U07433,3
U07433,4
U07433,6
U07433,7
U07440,3
U07440,4
U07440,5
U07440,6
U07441,1
U07441,2
U07441,4
U07441,6
U07442,1
U07442,2
U07442,3
U07442,4
U07442,7
U07443,2
U07443,3
U07443,8
U07444,1
U07444,2
U07444,3
U07444,4
U07444,6
U07444,7
U07444,8
U07445,2
U07445,3
U07445,4
U07445,5
U07446,4
U07446,5
U07446,6
U07446,7
U07447,1
U07447,2
U07447,3
U07447,4
U07447,5
U07447,8
U07448,1
U07448,4
U07450,1
U07450,3
U07450,5
U07451,1
U07451,2
U07451,3
U07451,5
U07451,6
U07451,7
U07452,1
U07452,2
U07452,6
U07452,8
U07455,1
U07455,2
U07455,7
U07459,2
U07459,4
U07461,1
U07461,2
U07461,4
U07462,2
U07462,4
U07462,6
U07462,7
U07465,1
U07465,2
U07465,3
U07465,4
U07465,7
U07466,2
U07466,4
U07466,7
U07469,2
U07469,3
U07469,4
U07469,5
U07469,6
U07469,7
U07470,1
U07470,2
U07470,5
U07471,1
U07471,2
U07471,3
U07471,4
U07471,5
U07472,1
U07472,2
U07472,3
U07472,4
U07472,6
U07474,1
U07474,2
U07474,3
U07474,4
U07474,7
U07476,1
U07476,2
U07476,3
U07476,4
U07479,1
U07479,2
U07479,4
U07479,6
U07479,7
U07479,8
U07480,2
U07480,3
U07480,5
U07480,8
U07484,1
U07484,3
U07484,4
U07485,1
U07485,4
U07485,6
U07490,1
U07490,2
U07490,6
U07490,7
U07490,8
U07491,1
U07491,2
U07491,3
U07491,4
U07491,5
U07491,6
U07493,1
U07493,6
U07493,7
U07493,8
U07494,1
U07494,2
U07494,5
U07494,6
U07494,7
U07494,8
U07495,2
U07495,3
U07495,4
U07495,6
U07495,7
U07496,1
U07496,2
U07496,4
U07496,5
U07499,1
U07499,5
U07503,1
U07503,2
U07503,4
U07503,5
U07504,1
U07504,2
U07504,3
U07504,4
U07504,8
U07505,1
U07505,5
U07507,1
U07507,5
U07507,7
U07509,1
U07509,5
U07512,1
U07512,3
U07512,4
U07512,5
U07512,6
U07512,7
U07515,1
U07515,4
U07515,6
U07515,7
U07516,7
U07517,3
U07518,1
U07518,3
U07518,4
U07518,5
U07518,6
U07518,8
U07521,1
U07521,2
U07521,3
U07521,4
U07521,5
U07524,1
U07524,3
U07524,4
U07524,5
U07524,6
U07524,7
U07525,1
U07525,2
U07525,3
U07525,4
U07525,5
U07527,1
U07527,3
U07527,4
U07527,5
U07528,1
U07528,2
U07528,4
U07528,5
U07528,7
U07529,1
U07529,2
U07529,3
U07529,6
U07533,2
U07533,8
U07536,1
U07536,2
U07536,4
U07536,6
U07537,1
U07537,3
U07537,4
U07538,2
U07538,3
U07538,4
U07538,6
U07540,1
U07540,2
U07540,3
U07540,6
U07543,1
U07543,2
U07543,4
U07544,1
U07544,2
U07544,3
U07544,4
U07544,5
U07546,1
U07546,2
U07546,5
U07547,6
U07549,1
U07549,2
U07549,7
U07553,1
U07553,2
U07553,3
U07553,4
U07553,5
U07553,6
U07556,1
U07556,2
U07556,3
U07556,5
U07556,8
U07558,1
U07558,7
U07562,1
U07562,2
U07562,3
U07562,4
U07563,1
U07563,2
U07564,1
U07564,2
U07564,3
U07564,5
U07564,7
U07565,2
U07565,3
U07565,5
U07565,7
U07567,1
U07567,2
U07567,4
U07567,5
U07567,8
U07569,1
U07569,2
U07569,3
U07569,7
U07571,2
U07571,3
U07571,6
U07573,1
U07573,3
U07573,7
U07575,2
U07575,3
U07575,7
U07579,2
U07579,3
U07579,4
U07579,5
U07582,1
U07582,2
U07582,4
U07582,5
U07583,1
U07583,2
U07583,5
U07583,6
U07583,8
U07585,1
U07585,2
U07585,3
U07585,5
U07588,1
U07588,2
U07588,3
U07591,1
U07591,4
U07591,5
U07591,8
U07597,2
U07597,3
U07597,4
U07597,8
U07598,1
U07598,3
U07598,4
U07598,5
U07598,6
U07598,7
U07600,1
U07600,2
U07600,3
U07600,4
U07602,2
U07602,3
U07603,1
U07603,2
U07603,5
U07603,6
U07607,2
U07607,3
U07607,4
U07607,5
U07607,6
U07607,8
U07608,1
U07608,4
U07608,7
U07609,1
U07609,2
U07609,3
U07609,5
U07609,8
U07610,3
U07611,2
U07611,3
U07611,4
U07611,6
U07614,2
U07614,8
U07617,1
U07617,2
U07617,3
U07617,5
U07617,6
U07621,2
U07621,5
U07621,8
U07626,5
U07630,1
U07630,4
U07630,5
U07630,7
U07632,1
U07632,2
U07632,3
U07632,4
U07632,7
U07634,1
U07634,2
U07634,3
U07634,5
U07634,6
U07635,1
U07635,2
U07635,3
U07635,4
U07635,5
U07635,7
U07637,1
U07637,4
U07637,5
U07637,6
U07642,3
U07642,5
U07642,6
U07643,1
U07643,2
U07643,3
U07643,5
U07643,6
U07643,7
U07646,1
U07646,2
U07646,4
U07646,6
U07646,7
U07647,1
U07647,3
U07647,5
U07647,6
U07648,1
U07648,2
U07648,5
U07649,1
U07649,2
U07649,3
U07649,6
U07649,7
U07650,2
U07650,3
U07650,5
U07650,6
U07650,7
U07651,1
U07651,3
U07651,7
U07653,1
U07653,3
U07655,2
U07655,3
U07655,4
U07655,6
U07658,1
U07658,2
U07658,3
U07658,4
U07658,5
U07658,7
U07659,1
U07659,2
U07659,4
U07659,6
U07660,1
U07660,2
U07660,3
U07660,4
U07660,7
U07662,2
U07662,3
U07662,6
U07662,8
U07664,1
U07664,2
U07665,1
U07665,2
U07665,4
U07670,3
U07670,5
U07670,7
U07670,8
U07671,1
U07671,2
U07671,3
U07671,5
U07671,6
U07671,8
U07672,1
U07672,2
U07672,3
U07672,4
U07672,5
U07672,6
U07672,8
U07673,3
U07673,4
U07673,5
U07673,6
U07673,8
U07678,1
U07678,2
U07678,3
U07678,5
U07679,1
U07679,2
U07679,3
U07679,4
U07679,5
U07679,7
U07680,1
U07680,3
U07680,6
U07680,8
U07683,1
U07683,2
U07683,4
U07683,8
U07684,2
U07686,1
U07686,2
U07686,4
U07686,5
U07687,1
U07687,2
U07687,3
U07687,4
U07687,5
U07687,7
U07687,8
U07688,1
U07688,2
U07690,1
U07690,4
U07692,3
U07692,4
U07692,5
U07693,1
U07693,3
U07693,4
U07693,5
U07693,6
U07693,8
U07694,1
U07694,2
U07694,4
U07694,5
U07694,8
U07695,2
U07695,3
U07695,4
U07695,5
U07695,6
U07695,7
U07697,3
U07697,4
U07697,8
U07700,2
U07700,4
U07700,6
U07700,7
U07701,1
U07701,2
U07701,3
U07701,4
U07701,5
U07701,7
U07702,3
U07702,5
U07702,7
U07702,8
U07704,2
U07706,1
U07706,2
U07706,5
U07708,1
U07708,2
U07708,3
U07708,5
U07708,6
U07708,8
U07710,1
U07710,3
U07712,1
U07712,2
U07712,3
U07713,1
U07713,3
U07713,4
U07713,5
U07713,6
U07713,8
U07716,1
U07716,2
U07716,4
U07716,6
U07716,7
U07716,8
U07724,1
U07724,2
U07724,3
U07724,4
U07724,5
U07724,7
U07724,8
U07726,3
U07726,5
U07727,1
U07727,2
U07727,3
U07727,4
U07727,5
U07729,1
U07729,5
U07729,8
U07730,1
U07730,2
U07730,3
U07730,4
U07730,6
U07730,7
U07731,1
U07731,2
U07731,4
U07731,6
U07731,8
U07732,1
U07732,3
U07732,4
U07732,5
U07732,6
U07737,1
U07737,3
U07737,4
U07738,2
U07738,3
U07738,4
U07738,5
U07738,6
U07738,7
U07740,1
U07740,4
U07740,7
U07740,8
U07741,1
U07741,2
U07741,5
U07743,1
U07743,2
U07743,6
U07743,7
U07743,8
U07744,1
U07744,2
U07744,3
U07744,5
U07746,1
U07746,3
U07746,5
U07748,1
U07748,2
U07748,3
U07750,1
U07750,2
U07750,3
U07750,4
U07750,5
U07750,7
U07755,2
U07755,3
U07755,4
U07755,5
U07757,1
U07757,2
U07757,3
U07757,5
U07757,8
U07758,1
U07758,3
U07758,5
U07758,6
U07760,1
U07762,1
U07762,3
U07762,4
U07762,5
U07763,1
U07763,2
U07763,3
U07763,4
U07763,5
U07767,1
U07767,2
U07767,3
U07767,4
U07769,2
U07769,3
U07769,4
U07769,5
U07769,6
U07772,2
U07772,3
U07772,4
U07772,5
U07772,6
U07772,7
U07773,1
U07773,2
U07773,6
U07773,8
U07774,1
U07774,2
U07774,3
U07774,6
U07774,8
U07776,1
U07776,3
U07776,4
U07776,5
U07780,1
U07780,3
U07780,5
U07781,1
U07781,2
U07782,1
U07782,3
U07782,4
U07782,8
U07783,5
U07783,6
U07788,1
U07788,2
U07788,3
U07788,8
U07791,1
U07791,2
U07791,3
U07791,4
U07791,6
U07791,8
U07792,1
U07792,2
U07792,3
U07792,4
U07792,5
U07793,1
U07793,3
U07793,4
U07793,5
U07793,6
U07793,7
U07793,8
U07797,1
U07797,2
U07797,4
U07797,5
U07798,3
U07798,6
U07798,8
U07799,2
U07799,5
U07800,1
U07800,2
U07800,4
U07802,4
U07802,5
U07805,1
U07805,2
U07805,3
U07805,4
U07805,5
U07805,7
U07809,2
U07809,4
U07809,5
U07809,6
U07810,1
U07810,2
U07810,8
U07812,1
U07812,3
U07812,4
U07814,1
U07814,3
U07814,5
U07814,7
U07815,2
U07815,3
U07815,4
U07815,5
U07815,7
U07815,8
U07817,1
U07817,2
U07817,3
U07817,5
U07819,1
U07819,2
U07819,3
U07819,4
U07819,6
U07819,7
U07820,2
U07820,3
U07820,4
U07820,5
U07820,6
U07820,8
U07821,2
U07821,3
U07824,1
U07824,2
U07824,3
U07824,4
U07824,5
U07825,3
U07825,5
U07828,6
U07835,1
U07835,2
U07835,8
U07837,1
U07837,2
U07837,4
U07837,5
U07844,2
U07844,3
U07845,2
U07845,4
U07845,6
U07845,7
U07846,2
U07846,4
U07846,7
U07846,8
U07847,3
U07847,5
U07850,1
U07850,2
U07850,3
U07850,4
U07850,7
U07850,8
U07851,2
U07851,3
U07851,5
U07852,1
U07852,2
U07852,3
U07852,4
U07852,7
U07859,6
U07860,1
U07860,2
U07860,4
U07860,6
U07862,3
U07862,5
U07862,7
U07866,1
U07868,1
U07868,4
U07871,4
U07871,5
U07871,6
U07871,8
U07873,1
U07873,3
U07873,5
U07873,6
U07873,8
U07874,1
U07874,3
U07874,4
U07875,1
U07875,2
U07875,6
U07875,7
U07877,1
U07877,3
U07877,5
U07877,6
U07877,8
U07878,1
U07878,2
U07878,3
U07878,4
U07880,2
U07880,3
U07880,4
U07880,5
U07880,6
U07880,7
U07880,8
U07882,2
U07882,3
U07885,3
U07885,6
U07886,2
U07886,5
U07886,6
U07886,8
U07890,2
U07890,4
U07890,5
U07890,6
U07890,8
U07895,1
U07895,2
U07895,5
U07897,2
U07897,3
U07900,1
U07900,2
U07900,3
U07900,4
U07900,5
U07914,1
U07914,3
U07914,4
U07914,8
U07915,1
U07915,2
U07915,3
U07915,5
U07915,6
U07915,7
U07915,8
U07916,1
U07916,3
U07916,4
U07916,5
U07919,1
U07919,2
U07919,3
U07919,6
U07919,7
U07921,1
U07921,3
U07921,5
U07921,6
U07921,7
U07921,8
U07922,1
U07922,2
U07922,3
U07922,4
U07922,5
U07923,1
U07923,3
U07923,4
U07924,1
U07927,1
U07927,2
U07927,3
U07927,4
U07927,6
U07929,2
U07929,4
U07929,5
U07929,6
U07929,7
U07931,1
U07931,4
U07931,6
U07931,7
U07932,1
U07932,2
U07932,3
U07932,5
U07932,7
U07933,1
U07933,2
U07933,3
U07933,4
U07933,5
U07933,6
U07936,1
U07936,4
U07936,5
U07936,8
U07937,1
U07937,2
U07937,3
U07937,4
U07937,5
U07937,6
U07939,1
U07939,2
U07939,3
U07939,4
U07939,5
U07941,1
U07941,2
U07941,6
U07941,7
U07943,1
U07943,2
U07943,3
U07943,6
U07944,1
U07944,2
U07944,3
U07944,4
U07944,5
U07944,6
U07945,1
U07945,2
U07945,3
U07945,5
U07945,6
U07945,8
U07947,2
U07947,3
U07947,8
U07951,1
U07951,2
U07951,3
U07951,4
U07951,5
U07951,7
U07952,1
U07952,2
U07952,3
U07952,6
U07958,2
U07958,3
U07959,1
U07959,3
U07962,1
U07962,2
U07962,3
U07962,4
U07962,6
U07962,7
U07964,1
U07964,4
U07964,6
U07965,1
U07965,3
U07970,2
U07970,3
U07970,4
U07971,1
U07971,2
U07971,3
U07971,5
U07971,6
U07971,7
U07971,8
U07973,1
U07973,2
U07973,3
U07973,5
U07975,1
U07975,2
U07975,3
U07975,4
U07975,5
U07975,6
U07975,7
U07975,8
U07976,2
U07976,3
U07976,4
U07976,5
U07976,6
U07976,7
U07977,4
U07977,5
U07981,1
U07981,2
U07981,3
U07981,4
U07981,5
U07981,8
U07982,1
U07982,2
U07982,3
U07982,4
U07982,5
U07982,6
U07982,8
U07984,1
U07984,2
U07984,3
U07986,4
U07986,6
U07986,7
U07987,1
U07987,3
U07987,8
U07988,1
U07988,2
U07988,4
U07989,1
U07989,2
U07989,3
U07989,4
U07989,5
U07989,6
U07989,8
U07990,1
U07990,2
U07990,3
U07990,5
U07991,1
U07991,2
U07991,5
U07994,2
U07994,3
U07995,1
U07995,2
U07995,3
U07995,4
U07995,5
U07995,6
U07995,7
U07995,8
U07997,1
U07997,2
U07997,3
U07997,4
U07997,5
U07997,6
U07999,1
U07999,2
U07999,5
U07999,7
U08000,3
U08000,5
U08000,7
