user_id,segment,group,adopted_savings_goals,active_week_8,support_ticket
R00001,Small business,early access,0,0,0
R00002,Market trader,early access,0,1,0
R00003,Student,holdout,0,1,0
R00004,Salary earner,early access,1,1,1
R00005,Market trader,early access,1,1,0
R00006,Market trader,holdout,0,1,0
R00007,Salary earner,holdout,0,1,0
R00008,Market trader,holdout,0,0,1
R00009,Market trader,early access,0,0,0
R00010,Small business,early access,0,0,0
R00011,Salary earner,early access,0,1,0
R00012,Salary earner,holdout,0,1,0
R00013,Salary earner,early access,0,0,0
R00014,Small business,holdout,0,0,0
R00015,Small business,early access,0,0,0
R00016,Small business,holdout,0,0,0
R00017,Salary earner,early access,0,0,0
R00018,Salary earner,holdout,0,0,0
R00019,Student,early access,0,1,0
R00020,Market trader,early access,0,0,0
R00021,Market trader,early access,1,1,0
R00022,Salary earner,holdout,0,1,0
R00023,Market trader,holdout,0,0,0
R00024,Salary earner,holdout,0,0,0
R00025,Salary earner,early access,1,1,0
R00026,Salary earner,early access,0,1,0
R00027,Student,early access,1,1,0
R00028,Market trader,early access,0,0,0
R00029,Student,early access,0,1,0
R00030,Salary earner,holdout,0,1,0
R00031,Small business,holdout,0,1,0
R00032,Market trader,early access,0,1,0
R00033,Small business,early access,0,0,0
R00034,Small business,early access,1,0,0
R00035,Market trader,holdout,0,1,0
R00036,Salary earner,early access,1,1,0
R00037,Market trader,holdout,0,1,0
R00038,Market trader,holdout,0,1,0
R00039,Salary earner,early access,1,0,0
R00040,Market trader,early access,1,1,0
R00041,Market trader,holdout,0,0,0
R00042,Small business,early access,0,1,0
R00043,Market trader,early access,0,0,0
R00044,Market trader,early access,1,1,0
R00045,Market trader,holdout,0,1,1
R00046,Market trader,early access,1,1,0
R00047,Student,holdout,0,1,0
R00048,Market trader,early access,1,0,0
R00049,Market trader,early access,0,0,1
R00050,Market trader,holdout,0,1,0
R00051,Market trader,early access,0,1,0
R00052,Market trader,early access,0,1,0
R00053,Market trader,early access,0,0,0
R00054,Student,early access,0,0,0
R00055,Salary earner,holdout,0,1,0
R00056,Market trader,holdout,0,0,0
R00057,Salary earner,holdout,0,0,0
R00058,Small business,holdout,0,0,0
R00059,Student,early access,0,0,0
R00060,Salary earner,holdout,0,0,0
R00061,Market trader,early access,1,1,0
R00062,Market trader,holdout,0,0,0
R00063,Market trader,early access,0,1,0
R00064,Market trader,early access,0,1,0
R00065,Market trader,holdout,0,1,0
R00066,Small business,early access,1,0,1
R00067,Market trader,early access,0,0,0
R00068,Market trader,holdout,0,0,1
R00069,Student,holdout,0,1,0
R00070,Student,early access,0,0,0
R00071,Market trader,holdout,0,1,0
R00072,Salary earner,holdout,0,0,0
R00073,Student,holdout,0,1,0
R00074,Market trader,holdout,0,0,0
R00075,Student,early access,1,1,0
R00076,Market trader,early access,1,1,0
R00077,Market trader,early access,1,1,0
R00078,Small business,holdout,0,1,0
R00079,Market trader,early access,1,1,0
R00080,Student,holdout,0,1,0
R00081,Student,holdout,0,1,0
R00082,Salary earner,early access,1,1,0
R00083,Market trader,holdout,0,0,0
R00084,Salary earner,early access,0,1,0
R00085,Student,holdout,0,1,0
R00086,Small business,holdout,0,0,0
R00087,Salary earner,early access,0,0,0
R00088,Salary earner,early access,1,1,0
R00089,Market trader,holdout,0,1,0
R00090,Student,holdout,0,1,0
R00091,Market trader,early access,1,0,0
R00092,Market trader,early access,1,0,0
R00093,Student,early access,0,0,0
R00094,Market trader,holdout,0,1,1
R00095,Small business,early access,0,0,0
R00096,Market trader,early access,0,0,0
R00097,Market trader,holdout,0,1,1
R00098,Market trader,early access,0,0,0
R00099,Salary earner,early access,0,0,0
R00100,Small business,early access,0,0,0
R00101,Market trader,early access,0,0,0
R00102,Salary earner,early access,1,1,0
R00103,Market trader,holdout,0,1,0
R00104,Market trader,holdout,0,1,0
R00105,Small business,early access,0,1,0
R00106,Salary earner,holdout,0,0,0
R00107,Student,early access,0,1,0
R00108,Small business,holdout,0,0,0
R00109,Student,early access,0,0,0
R00110,Salary earner,early access,1,0,0
R00111,Small business,early access,0,1,0
R00112,Salary earner,early access,1,0,0
R00113,Market trader,holdout,0,0,0
R00114,Student,holdout,0,1,0
R00115,Salary earner,holdout,0,1,0
R00116,Salary earner,early access,0,0,0
R00117,Small business,early access,0,1,0
R00118,Market trader,holdout,0,1,0
R00119,Small business,early access,1,0,0
R00120,Salary earner,holdout,0,0,0
R00121,Small business,early access,1,1,0
R00122,Market trader,early access,0,0,0
R00123,Student,holdout,0,1,0
R00124,Market trader,early access,0,1,0
R00125,Salary earner,early access,1,0,0
R00126,Salary earner,holdout,0,0,0
R00127,Market trader,early access,0,0,0
R00128,Market trader,early access,1,1,0
R00129,Student,holdout,0,0,0
R00130,Salary earner,holdout,0,1,0
R00131,Salary earner,early access,1,1,0
R00132,Salary earner,early access,1,0,0
R00133,Student,early access,0,1,0
R00134,Small business,early access,0,1,0
R00135,Salary earner,early access,1,1,0
R00136,Salary earner,early access,0,1,0
R00137,Student,early access,0,1,0
R00138,Student,early access,0,0,0
R00139,Salary earner,holdout,0,0,0
R00140,Student,holdout,0,0,0
R00141,Market trader,holdout,0,1,0
R00142,Small business,holdout,0,1,0
R00143,Salary earner,holdout,0,1,0
R00144,Student,holdout,0,1,0
R00145,Market trader,early access,1,1,1
R00146,Small business,holdout,0,0,0
R00147,Student,early access,1,1,0
R00148,Market trader,holdout,0,1,0
R00149,Salary earner,early access,1,0,0
R00150,Student,holdout,0,1,0
R00151,Student,early access,0,1,0
R00152,Small business,holdout,0,0,0
R00153,Market trader,early access,0,1,0
R00154,Student,early access,0,1,0
R00155,Student,holdout,0,1,0
R00156,Student,holdout,0,0,0
R00157,Salary earner,holdout,0,1,0
R00158,Student,early access,1,1,0
R00159,Market trader,holdout,0,1,0
R00160,Student,early access,0,0,0
R00161,Market trader,early access,0,1,0
R00162,Salary earner,early access,0,0,0
R00163,Salary earner,early access,0,0,0
R00164,Salary earner,early access,0,0,0
R00165,Market trader,holdout,0,1,0
R00166,Market trader,holdout,0,1,0
R00167,Student,early access,1,1,0
R00168,Market trader,holdout,0,1,0
R00169,Small business,holdout,0,1,0
R00170,Market trader,holdout,0,1,0
R00171,Salary earner,holdout,0,1,0
R00172,Market trader,early access,1,1,0
R00173,Student,early access,1,1,0
R00174,Salary earner,early access,0,1,0
R00175,Salary earner,early access,0,0,0
R00176,Salary earner,early access,0,1,0
R00177,Salary earner,holdout,0,1,0
R00178,Student,early access,1,0,0
R00179,Salary earner,early access,1,1,0
R00180,Market trader,early access,0,0,0
R00181,Salary earner,early access,1,1,0
R00182,Salary earner,holdout,0,1,0
R00183,Market trader,holdout,0,1,0
R00184,Student,early access,0,0,1
R00185,Market trader,early access,0,1,0
R00186,Student,early access,1,1,0
R00187,Market trader,holdout,0,1,0
R00188,Small business,holdout,0,1,0
R00189,Market trader,early access,0,0,0
R00190,Market trader,early access,1,0,0
R00191,Student,early access,1,1,0
R00192,Small business,holdout,0,1,0
R00193,Student,early access,0,0,0
R00194,Student,holdout,0,0,0
R00195,Salary earner,early access,1,1,0
R00196,Small business,holdout,0,1,0
R00197,Small business,early access,1,1,0
R00198,Market trader,holdout,0,1,0
R00199,Small business,early access,1,1,0
R00200,Small business,holdout,0,0,0
R00201,Market trader,holdout,0,0,0
R00202,Small business,early access,0,1,0
R00203,Small business,early access,1,1,0
R00204,Market trader,holdout,0,0,0
R00205,Salary earner,holdout,0,1,0
R00206,Student,holdout,0,0,0
R00207,Market trader,holdout,0,1,0
R00208,Salary earner,early access,1,1,0
R00209,Market trader,early access,0,1,1
R00210,Student,early access,0,0,0
R00211,Salary earner,holdout,0,0,0
R00212,Salary earner,holdout,0,1,0
R00213,Market trader,early access,1,1,0
R00214,Salary earner,early access,0,0,0
R00215,Salary earner,early access,0,1,0
R00216,Student,early access,0,1,0
R00217,Market trader,early access,0,0,0
R00218,Salary earner,holdout,0,0,0
R00219,Market trader,early access,0,1,0
R00220,Market trader,holdout,0,1,0
R00221,Market trader,early access,0,1,0
R00222,Market trader,holdout,0,0,0
R00223,Market trader,early access,0,0,0
R00224,Student,holdout,0,1,0
R00225,Salary earner,early access,1,1,0
R00226,Small business,early access,0,1,0
R00227,Market trader,early access,1,0,0
R00228,Salary earner,early access,0,0,0
R00229,Salary earner,early access,1,1,0
R00230,Salary earner,holdout,0,0,0
R00231,Student,holdout,0,1,0
R00232,Student,early access,0,1,0
R00233,Market trader,holdout,0,0,0
R00234,Salary earner,holdout,0,1,0
R00235,Salary earner,early access,1,1,0
R00236,Student,early access,0,1,0
R00237,Market trader,early access,1,1,0
R00238,Small business,holdout,0,1,0
R00239,Salary earner,holdout,0,1,0
R00240,Small business,holdout,0,0,1
R00241,Market trader,holdout,0,1,0
R00242,Salary earner,early access,0,0,0
R00243,Salary earner,early access,0,0,0
R00244,Salary earner,early access,1,1,0
R00245,Salary earner,early access,1,1,0
R00246,Salary earner,early access,0,1,0
R00247,Market trader,early access,0,1,0
R00248,Market trader,early access,1,0,0
R00249,Salary earner,holdout,0,1,0
R00250,Market trader,early access,0,0,0
R00251,Student,early access,1,1,0
R00252,Salary earner,holdout,0,0,0
R00253,Market trader,early access,1,1,0
R00254,Salary earner,holdout,0,0,0
R00255,Small business,holdout,0,1,0
R00256,Market trader,early access,0,1,0
R00257,Student,holdout,0,1,0
R00258,Salary earner,early access,0,1,0
R00259,Market trader,early access,0,1,0
R00260,Salary earner,holdout,0,1,0
R00261,Salary earner,early access,0,1,0
R00262,Small business,early access,1,1,1
R00263,Student,early access,1,0,0
R00264,Small business,early access,1,1,0
R00265,Salary earner,early access,0,0,0
R00266,Salary earner,early access,0,0,0
R00267,Salary earner,early access,0,1,0
R00268,Student,holdout,0,1,0
R00269,Student,holdout,0,0,0
R00270,Market trader,holdout,0,0,0
R00271,Salary earner,holdout,0,0,0
R00272,Market trader,early access,1,0,0
R00273,Market trader,holdout,0,0,0
R00274,Salary earner,early access,0,1,0
R00275,Salary earner,early access,1,0,0
R00276,Salary earner,early access,0,1,0
R00277,Market trader,holdout,0,0,0
R00278,Small business,holdout,0,1,0
R00279,Salary earner,early access,0,0,0
R00280,Market trader,holdout,0,0,0
R00281,Market trader,holdout,0,1,1
R00282,Market trader,holdout,0,1,0
R00283,Market trader,holdout,0,0,0
R00284,Market trader,holdout,0,0,0
R00285,Market trader,early access,1,1,0
R00286,Salary earner,early access,1,0,0
R00287,Student,holdout,0,0,0
R00288,Student,early access,0,0,0
R00289,Market trader,early access,0,1,0
R00290,Market trader,early access,1,1,0
R00291,Salary earner,holdout,0,0,0
R00292,Student,holdout,0,1,0
R00293,Small business,early access,0,0,0
R00294,Student,early access,1,1,0
R00295,Student,holdout,0,0,0
R00296,Market trader,early access,0,1,0
R00297,Market trader,holdout,0,1,0
R00298,Small business,early access,1,1,0
R00299,Salary earner,holdout,0,0,0
R00300,Market trader,holdout,0,1,0
R00301,Student,early access,1,1,0
R00302,Salary earner,early access,1,0,0
R00303,Salary earner,early access,0,0,0
R00304,Salary earner,holdout,0,1,0
R00305,Salary earner,early access,0,0,0
R00306,Small business,early access,1,1,0
R00307,Market trader,early access,0,1,0
R00308,Market trader,early access,1,1,0
R00309,Market trader,early access,1,1,0
R00310,Student,early access,0,1,0
R00311,Student,holdout,0,1,0
R00312,Student,early access,1,1,0
R00313,Small business,early access,0,1,0
R00314,Market trader,early access,1,0,0
R00315,Market trader,holdout,0,1,0
R00316,Salary earner,holdout,0,1,0
R00317,Market trader,early access,1,1,1
R00318,Market trader,holdout,0,0,0
R00319,Salary earner,holdout,0,1,0
R00320,Small business,early access,0,1,0
R00321,Salary earner,holdout,0,1,0
R00322,Small business,holdout,0,0,0
R00323,Small business,early access,1,1,0
R00324,Student,early access,1,1,0
R00325,Salary earner,holdout,0,1,0
R00326,Salary earner,early access,0,0,0
R00327,Market trader,early access,0,1,0
R00328,Salary earner,holdout,0,0,0
R00329,Salary earner,holdout,0,1,0
R00330,Salary earner,early access,1,1,0
R00331,Student,early access,0,1,0
R00332,Market trader,holdout,0,1,0
R00333,Salary earner,early access,1,0,0
R00334,Market trader,early access,0,1,0
R00335,Salary earner,holdout,0,1,0
R00336,Market trader,early access,0,0,0
R00337,Market trader,holdout,0,1,0
R00338,Student,holdout,0,1,0
R00339,Market trader,early access,0,1,0
R00340,Salary earner,early access,0,1,0
R00341,Salary earner,early access,1,1,0
R00342,Market trader,holdout,0,0,0
R00343,Salary earner,holdout,0,0,0
R00344,Student,holdout,0,1,0
R00345,Salary earner,early access,0,1,0
R00346,Small business,early access,0,1,0
R00347,Student,early access,1,1,0
R00348,Market trader,early access,1,1,0
R00349,Student,early access,1,1,0
R00350,Salary earner,holdout,0,1,0
R00351,Market trader,holdout,0,1,0
R00352,Salary earner,holdout,0,1,0
R00353,Market trader,holdout,0,1,0
R00354,Student,holdout,0,1,0
R00355,Market trader,early access,0,1,0
R00356,Salary earner,holdout,0,1,1
R00357,Salary earner,early access,0,1,0
R00358,Salary earner,holdout,0,1,0
R00359,Small business,holdout,0,1,0
R00360,Salary earner,early access,0,1,0
R00361,Small business,early access,1,1,0
R00362,Market trader,holdout,0,0,0
R00363,Market trader,early access,0,0,0
R00364,Market trader,early access,0,1,0
R00365,Small business,holdout,0,1,0
R00366,Market trader,holdout,0,0,0
R00367,Salary earner,holdout,0,1,0
R00368,Market trader,early access,0,1,0
R00369,Salary earner,holdout,0,1,0
R00370,Salary earner,early access,1,0,0
R00371,Small business,holdout,0,0,0
R00372,Small business,early access,0,0,0
R00373,Market trader,early access,0,1,0
R00374,Small business,early access,0,0,0
R00375,Student,holdout,0,0,0
R00376,Small business,holdout,0,1,0
R00377,Market trader,early access,0,0,0
R00378,Small business,early access,0,1,0
R00379,Student,early access,1,1,0
R00380,Market trader,early access,0,1,0
R00381,Small business,early access,1,1,0
R00382,Salary earner,holdout,0,0,0
R00383,Salary earner,early access,0,1,0
R00384,Market trader,holdout,0,1,0
R00385,Market trader,holdout,0,0,0
R00386,Student,early access,0,0,0
R00387,Salary earner,holdout,0,0,0
R00388,Small business,holdout,0,1,0
R00389,Small business,holdout,0,0,0
R00390,Market trader,holdout,0,0,0
R00391,Market trader,holdout,0,0,0
R00392,Salary earner,early access,0,1,0
R00393,Market trader,early access,0,0,0
R00394,Salary earner,early access,1,1,0
R00395,Market trader,early access,1,1,0
R00396,Salary earner,early access,0,0,0
R00397,Small business,early access,1,0,0
R00398,Salary earner,early access,1,0,0
R00399,Salary earner,holdout,0,0,0
R00400,Salary earner,holdout,0,1,0
R00401,Market trader,early access,1,1,0
R00402,Student,holdout,0,0,0
R00403,Market trader,early access,0,1,0
R00404,Market trader,early access,1,1,0
R00405,Small business,holdout,0,0,0
R00406,Small business,early access,0,0,0
R00407,Student,early access,0,1,0
R00408,Market trader,holdout,0,1,0
R00409,Market trader,early access,0,1,0
R00410,Market trader,early access,1,0,1
R00411,Market trader,early access,1,1,0
R00412,Market trader,early access,0,1,0
R00413,Small business,holdout,0,0,0
R00414,Student,holdout,0,1,0
R00415,Market trader,holdout,0,0,0
R00416,Small business,early access,1,0,0
R00417,Salary earner,early access,0,1,0
R00418,Salary earner,early access,0,1,0
R00419,Salary earner,early access,0,1,0
R00420,Salary earner,holdout,0,1,0
R00421,Student,early access,0,0,0
R00422,Salary earner,holdout,0,1,0
R00423,Student,early access,0,1,0
R00424,Salary earner,early access,1,0,0
R00425,Salary earner,early access,0,0,0
R00426,Market trader,early access,0,1,0
R00427,Salary earner,holdout,0,1,0
R00428,Small business,early access,0,0,0
R00429,Market trader,early access,0,1,0
R00430,Student,early access,0,0,0
R00431,Salary earner,early access,0,1,0
R00432,Small business,early access,0,1,0
R00433,Salary earner,early access,1,1,0
R00434,Student,early access,1,1,0
R00435,Salary earner,early access,0,1,0
R00436,Small business,early access,0,1,0
R00437,Salary earner,early access,0,1,0
R00438,Market trader,early access,0,1,0
R00439,Salary earner,holdout,0,0,0
R00440,Market trader,holdout,0,0,0
R00441,Salary earner,early access,0,1,0
R00442,Market trader,early access,1,1,0
R00443,Small business,early access,0,1,0
R00444,Market trader,early access,0,1,0
R00445,Market trader,holdout,0,0,0
R00446,Market trader,holdout,0,0,0
R00447,Student,early access,0,0,0
R00448,Student,holdout,0,0,0
R00449,Student,holdout,0,0,0
R00450,Student,holdout,0,1,0
R00451,Salary earner,early access,1,1,0
R00452,Small business,holdout,0,1,0
R00453,Market trader,early access,0,1,0
R00454,Market trader,early access,0,0,0
R00455,Small business,early access,0,1,0
R00456,Student,early access,0,0,0
R00457,Small business,holdout,0,1,0
R00458,Salary earner,holdout,0,1,0
R00459,Salary earner,holdout,0,1,0
R00460,Salary earner,early access,0,1,0
R00461,Salary earner,early access,1,1,0
R00462,Market trader,holdout,0,0,0
R00463,Salary earner,holdout,0,0,0
R00464,Small business,early access,1,1,1
R00465,Salary earner,holdout,0,1,1
R00466,Market trader,early access,1,1,0
R00467,Student,early access,0,0,0
R00468,Market trader,holdout,0,0,0
R00469,Market trader,early access,1,1,0
R00470,Student,early access,0,1,0
R00471,Small business,holdout,0,0,0
R00472,Small business,early access,1,1,0
R00473,Small business,early access,0,0,0
R00474,Student,holdout,0,0,0
R00475,Salary earner,holdout,0,1,0
R00476,Student,holdout,0,0,0
R00477,Small business,early access,1,0,0
R00478,Salary earner,early access,1,1,0
R00479,Salary earner,holdout,0,0,0
R00480,Salary earner,early access,1,1,0
R00481,Student,early access,0,0,0
R00482,Small business,holdout,0,0,0
R00483,Market trader,early access,0,1,0
R00484,Salary earner,holdout,0,1,0
R00485,Student,early access,0,0,0
R00486,Salary earner,early access,0,1,0
R00487,Salary earner,early access,0,0,1
R00488,Salary earner,early access,1,0,0
R00489,Student,holdout,0,1,0
R00490,Small business,holdout,0,1,0
R00491,Student,early access,1,1,0
R00492,Student,holdout,0,1,0
R00493,Student,early access,1,1,0
R00494,Market trader,holdout,0,1,0
R00495,Market trader,holdout,0,1,0
R00496,Student,holdout,0,1,0
R00497,Small business,early access,0,1,0
R00498,Market trader,early access,1,1,0
R00499,Salary earner,holdout,0,1,0
R00500,Small business,early access,0,0,0
R00501,Market trader,early access,1,0,0
R00502,Student,holdout,0,1,0
R00503,Student,early access,0,0,0
R00504,Salary earner,early access,1,0,0
R00505,Salary earner,early access,1,1,0
R00506,Salary earner,holdout,0,1,0
R00507,Salary earner,holdout,0,1,0
R00508,Market trader,holdout,0,1,0
R00509,Small business,holdout,0,1,0
R00510,Market trader,holdout,0,1,0
R00511,Salary earner,holdout,0,1,0
R00512,Student,early access,0,1,0
R00513,Market trader,holdout,0,0,0
R00514,Market trader,holdout,0,1,0
R00515,Student,early access,0,1,0
R00516,Student,holdout,0,1,0
R00517,Market trader,early access,1,1,0
R00518,Salary earner,early access,1,1,0
R00519,Salary earner,holdout,0,1,0
R00520,Student,early access,0,1,0
R00521,Market trader,early access,0,1,0
R00522,Salary earner,early access,0,0,0
R00523,Small business,early access,0,1,1
R00524,Student,holdout,0,1,0
R00525,Market trader,early access,1,1,0
R00526,Small business,holdout,0,1,0
R00527,Student,early access,1,1,0
R00528,Salary earner,early access,1,0,0
R00529,Small business,early access,0,1,0
R00530,Market trader,holdout,0,0,0
R00531,Market trader,holdout,0,1,0
R00532,Salary earner,holdout,0,1,0
R00533,Market trader,holdout,0,0,0
R00534,Salary earner,holdout,0,0,0
R00535,Market trader,holdout,0,1,0
R00536,Salary earner,early access,0,1,0
R00537,Salary earner,holdout,0,0,0
R00538,Salary earner,holdout,0,0,0
R00539,Student,early access,0,0,0
R00540,Salary earner,holdout,0,0,0
R00541,Market trader,holdout,0,1,0
R00542,Market trader,early access,1,1,0
R00543,Student,early access,1,1,0
R00544,Salary earner,holdout,0,0,0
R00545,Salary earner,early access,1,1,0
R00546,Salary earner,holdout,0,1,0
R00547,Salary earner,early access,1,0,0
R00548,Student,holdout,0,0,0
R00549,Market trader,holdout,0,1,0
R00550,Student,early access,1,1,0
R00551,Student,holdout,0,0,0
R00552,Market trader,holdout,0,1,0
R00553,Market trader,holdout,0,0,0
R00554,Small business,early access,1,0,0
R00555,Market trader,holdout,0,1,0
R00556,Small business,holdout,0,1,0
R00557,Salary earner,holdout,0,1,0
R00558,Salary earner,early access,0,0,0
R00559,Salary earner,holdout,0,1,0
R00560,Market trader,holdout,0,0,0
R00561,Market trader,early access,0,1,0
R00562,Student,early access,1,0,0
R00563,Student,early access,0,0,0
R00564,Market trader,early access,1,1,0
R00565,Salary earner,holdout,0,1,0
R00566,Salary earner,early access,1,1,0
R00567,Student,early access,1,1,0
R00568,Salary earner,holdout,0,0,0
R00569,Salary earner,holdout,0,0,0
R00570,Salary earner,holdout,0,0,0
R00571,Small business,holdout,0,0,0
R00572,Student,holdout,0,0,0
R00573,Student,holdout,0,1,0
R00574,Small business,early access,1,0,1
R00575,Small business,holdout,0,0,0
R00576,Student,early access,1,1,0
R00577,Market trader,holdout,0,0,0
R00578,Student,early access,1,0,0
R00579,Salary earner,early access,1,1,0
R00580,Student,holdout,0,1,0
R00581,Student,holdout,0,1,0
R00582,Student,early access,0,1,0
R00583,Salary earner,early access,1,1,0
R00584,Market trader,holdout,0,1,0
R00585,Market trader,early access,0,1,0
R00586,Small business,holdout,0,0,0
R00587,Salary earner,early access,1,0,0
R00588,Market trader,holdout,0,0,0
R00589,Market trader,holdout,0,0,0
R00590,Student,early access,0,1,0
R00591,Market trader,early access,0,1,0
R00592,Student,holdout,0,0,0
R00593,Small business,early access,0,1,0
R00594,Student,holdout,0,0,0
R00595,Market trader,early access,0,1,0
R00596,Small business,holdout,0,1,0
R00597,Salary earner,early access,1,0,1
R00598,Market trader,early access,1,1,0
R00599,Small business,holdout,0,1,0
R00600,Salary earner,holdout,0,0,0
R00601,Market trader,holdout,0,1,0
R00602,Small business,early access,1,1,0
R00603,Salary earner,holdout,0,1,0
R00604,Small business,holdout,0,1,0
R00605,Student,early access,0,0,0
R00606,Salary earner,holdout,0,1,0
R00607,Market trader,holdout,0,0,0
R00608,Student,holdout,0,0,0
R00609,Small business,holdout,0,1,0
R00610,Student,holdout,0,1,0
R00611,Salary earner,holdout,0,0,0
R00612,Salary earner,holdout,0,0,0
R00613,Salary earner,early access,0,0,0
R00614,Salary earner,holdout,0,0,0
R00615,Salary earner,holdout,0,0,0
R00616,Small business,holdout,0,1,0
R00617,Salary earner,early access,1,1,0
R00618,Salary earner,holdout,0,1,0
R00619,Market trader,early access,1,1,0
R00620,Market trader,holdout,0,0,0
R00621,Salary earner,holdout,0,1,0
R00622,Small business,early access,0,0,1
R00623,Market trader,holdout,0,1,0
R00624,Salary earner,early access,0,0,0
R00625,Salary earner,holdout,0,1,1
R00626,Market trader,holdout,0,0,0
R00627,Small business,early access,1,0,0
R00628,Market trader,holdout,0,1,0
R00629,Student,holdout,0,0,0
R00630,Small business,early access,0,0,0
R00631,Market trader,holdout,0,0,0
R00632,Student,holdout,0,0,0
R00633,Student,early access,1,1,1
R00634,Salary earner,holdout,0,0,0
R00635,Salary earner,holdout,0,1,0
R00636,Small business,early access,0,1,0
R00637,Student,early access,0,0,1
R00638,Student,early access,0,0,0
R00639,Market trader,early access,0,1,0
R00640,Market trader,early access,1,1,0
R00641,Small business,early access,0,1,0
R00642,Market trader,early access,0,1,0
R00643,Student,holdout,0,1,0
R00644,Student,early access,1,1,0
R00645,Student,early access,0,0,0
R00646,Student,early access,0,0,0
R00647,Small business,holdout,0,1,0
R00648,Market trader,early access,0,1,0
R00649,Student,holdout,0,0,0
R00650,Small business,holdout,0,1,0
R00651,Student,early access,1,1,0
R00652,Small business,early access,0,1,0
R00653,Small business,holdout,0,1,0
R00654,Market trader,early access,0,1,0
R00655,Market trader,early access,1,0,0
R00656,Small business,early access,0,0,0
R00657,Market trader,holdout,0,1,0
R00658,Market trader,early access,1,1,0
R00659,Small business,early access,0,0,0
R00660,Market trader,holdout,0,0,0
R00661,Market trader,early access,0,1,0
R00662,Salary earner,holdout,0,1,0
R00663,Salary earner,holdout,0,1,0
R00664,Salary earner,early access,0,1,0
R00665,Salary earner,holdout,0,1,0
R00666,Market trader,early access,0,1,0
R00667,Salary earner,holdout,0,1,0
R00668,Salary earner,holdout,0,0,0
R00669,Small business,early access,0,0,0
R00670,Student,early access,0,0,0
R00671,Market trader,early access,0,0,0
R00672,Salary earner,holdout,0,0,0
R00673,Market trader,holdout,0,1,0
R00674,Small business,early access,0,0,0
R00675,Salary earner,early access,0,0,0
R00676,Salary earner,early access,1,0,0
R00677,Market trader,holdout,0,1,0
R00678,Student,early access,1,0,0
R00679,Market trader,early access,0,0,0
R00680,Market trader,holdout,0,1,0
R00681,Salary earner,holdout,0,0,0
R00682,Salary earner,early access,1,1,0
R00683,Market trader,holdout,0,1,1
R00684,Salary earner,holdout,0,0,0
R00685,Student,holdout,0,1,0
R00686,Salary earner,early access,1,1,0
R00687,Market trader,early access,1,1,0
R00688,Market trader,holdout,0,1,0
R00689,Salary earner,holdout,0,1,0
R00690,Salary earner,holdout,0,0,0
R00691,Market trader,early access,1,0,0
R00692,Market trader,early access,1,0,0
R00693,Small business,holdout,0,1,0
R00694,Market trader,holdout,0,1,0
R00695,Small business,early access,1,1,0
R00696,Student,holdout,0,0,0
R00697,Salary earner,early access,1,1,0
R00698,Market trader,early access,0,0,0
R00699,Salary earner,holdout,0,1,0
R00700,Market trader,early access,0,0,0
R00701,Student,early access,1,1,0
R00702,Salary earner,holdout,0,0,0
R00703,Market trader,holdout,0,1,0
R00704,Small business,holdout,0,0,0
R00705,Salary earner,early access,1,0,0
R00706,Salary earner,early access,0,0,0
R00707,Market trader,early access,0,1,0
R00708,Student,holdout,0,0,1
R00709,Salary earner,early access,0,0,0
R00710,Salary earner,early access,0,0,0
R00711,Market trader,holdout,0,0,0
R00712,Student,early access,0,0,0
R00713,Market trader,early access,0,0,0
R00714,Market trader,holdout,0,1,0
R00715,Market trader,holdout,0,1,0
R00716,Market trader,early access,0,0,0
R00717,Salary earner,holdout,0,0,0
R00718,Salary earner,holdout,0,1,0
R00719,Salary earner,early access,1,0,0
R00720,Market trader,early access,0,0,0
R00721,Student,holdout,0,0,0
R00722,Market trader,early access,0,1,0
R00723,Market trader,holdout,0,1,0
R00724,Salary earner,holdout,0,0,0
R00725,Salary earner,early access,1,0,0
R00726,Market trader,holdout,0,1,0
R00727,Student,early access,1,0,0
R00728,Salary earner,holdout,0,1,0
R00729,Salary earner,holdout,0,1,1
R00730,Market trader,holdout,0,1,0
R00731,Small business,early access,0,1,0
R00732,Student,holdout,0,1,0
R00733,Small business,holdout,0,1,0
R00734,Salary earner,early access,0,1,0
R00735,Small business,early access,1,1,0
R00736,Market trader,early access,0,0,0
R00737,Market trader,early access,0,0,0
R00738,Market trader,holdout,0,1,0
R00739,Salary earner,holdout,0,1,0
R00740,Salary earner,holdout,0,1,0
R00741,Salary earner,holdout,0,1,0
R00742,Small business,holdout,0,1,0
R00743,Salary earner,holdout,0,1,0
R00744,Student,holdout,0,0,0
R00745,Market trader,holdout,0,1,0
R00746,Salary earner,early access,1,1,0
R00747,Market trader,early access,1,1,0
R00748,Student,holdout,0,1,0
R00749,Salary earner,early access,1,1,0
R00750,Small business,holdout,0,1,0
R00751,Student,early access,1,1,0
R00752,Market trader,early access,1,0,0
R00753,Market trader,holdout,0,1,0
R00754,Salary earner,early access,1,1,0
R00755,Salary earner,early access,1,1,0
R00756,Student,holdout,0,0,0
R00757,Market trader,early access,0,0,0
R00758,Salary earner,holdout,0,1,0
R00759,Market trader,early access,0,0,1
R00760,Market trader,early access,1,1,0
R00761,Market trader,holdout,0,1,0
R00762,Market trader,holdout,0,1,0
R00763,Salary earner,holdout,0,1,0
R00764,Market trader,holdout,0,0,0
R00765,Market trader,early access,1,0,0
R00766,Market trader,early access,0,0,0
R00767,Market trader,early access,0,0,0
R00768,Market trader,holdout,0,1,0
R00769,Market trader,holdout,0,0,0
R00770,Market trader,early access,1,1,0
R00771,Salary earner,early access,1,1,0
R00772,Salary earner,holdout,0,1,0
R00773,Small business,early access,0,1,0
R00774,Market trader,holdout,0,1,0
R00775,Market trader,early access,1,1,0
R00776,Market trader,holdout,0,0,0
R00777,Student,early access,1,1,1
R00778,Salary earner,early access,0,0,0
R00779,Market trader,early access,1,0,1
R00780,Student,early access,1,0,0
R00781,Market trader,holdout,0,1,0
R00782,Small business,holdout,0,0,0
R00783,Salary earner,holdout,0,1,0
R00784,Student,holdout,0,1,0
R00785,Salary earner,early access,0,1,0
R00786,Small business,early access,1,1,0
R00787,Market trader,holdout,0,0,1
R00788,Market trader,early access,0,1,0
R00789,Salary earner,holdout,0,1,0
R00790,Student,early access,0,0,0
R00791,Student,holdout,0,0,0
R00792,Salary earner,holdout,0,1,0
R00793,Salary earner,early access,1,1,0
R00794,Market trader,holdout,0,1,0
R00795,Salary earner,holdout,0,1,0
R00796,Market trader,early access,1,1,0
R00797,Student,early access,0,1,0
R00798,Salary earner,early access,1,1,0
R00799,Salary earner,holdout,0,0,1
R00800,Salary earner,holdout,0,1,0
R00801,Salary earner,early access,0,1,0
R00802,Student,early access,1,0,0
R00803,Salary earner,holdout,0,0,0
R00804,Market trader,early access,1,0,0
R00805,Student,holdout,0,1,0
R00806,Small business,holdout,0,0,0
R00807,Student,early access,1,1,0
R00808,Small business,early access,0,0,0
R00809,Market trader,early access,0,1,0
R00810,Salary earner,early access,1,1,0
R00811,Student,early access,0,0,0
R00812,Market trader,early access,1,0,0
R00813,Market trader,holdout,0,1,0
R00814,Market trader,holdout,0,0,0
R00815,Market trader,holdout,0,1,0
R00816,Salary earner,early access,0,1,0
R00817,Small business,early access,0,1,0
R00818,Student,early access,0,1,0
R00819,Market trader,holdout,0,1,0
R00820,Salary earner,early access,0,0,0
R00821,Small business,early access,0,0,0
R00822,Small business,early access,1,1,0
R00823,Market trader,early access,0,0,0
R00824,Small business,holdout,0,0,0
R00825,Salary earner,early access,0,0,0
R00826,Market trader,holdout,0,0,0
R00827,Small business,holdout,0,1,0
R00828,Market trader,early access,0,0,0
R00829,Market trader,early access,1,0,0
R00830,Salary earner,early access,0,1,0
R00831,Salary earner,early access,1,0,0
R00832,Student,early access,0,0,0
R00833,Small business,early access,0,1,0
R00834,Salary earner,holdout,0,0,0
R00835,Small business,holdout,0,1,0
R00836,Market trader,early access,0,1,1
R00837,Salary earner,holdout,0,1,0
R00838,Salary earner,holdout,0,0,0
R00839,Salary earner,holdout,0,0,0
R00840,Small business,holdout,0,1,0
R00841,Market trader,early access,1,1,0
R00842,Market trader,early access,1,1,0
R00843,Salary earner,holdout,0,0,0
R00844,Student,early access,1,1,0
R00845,Small business,early access,0,1,0
R00846,Market trader,holdout,0,1,0
R00847,Market trader,holdout,0,1,0
R00848,Salary earner,holdout,0,1,0
R00849,Student,holdout,0,1,0
R00850,Student,holdout,0,0,0
R00851,Student,early access,1,1,0
R00852,Student,holdout,0,1,0
R00853,Market trader,early access,0,1,0
R00854,Student,holdout,0,0,0
R00855,Salary earner,holdout,0,1,0
R00856,Market trader,early access,1,0,0
R00857,Market trader,early access,0,0,0
R00858,Salary earner,holdout,0,0,0
R00859,Student,early access,1,1,0
R00860,Small business,early access,1,1,1
R00861,Market trader,early access,0,1,0
R00862,Small business,early access,0,0,0
R00863,Student,holdout,0,0,0
R00864,Salary earner,holdout,0,0,0
R00865,Small business,holdout,0,0,0
R00866,Salary earner,early access,1,1,0
R00867,Market trader,holdout,0,0,0
R00868,Market trader,early access,0,0,0
R00869,Small business,early access,0,0,0
R00870,Market trader,holdout,0,0,0
R00871,Salary earner,early access,0,1,0
R00872,Salary earner,early access,1,0,0
R00873,Salary earner,holdout,0,1,0
R00874,Salary earner,early access,1,1,0
R00875,Market trader,early access,1,1,1
R00876,Salary earner,holdout,0,1,0
R00877,Small business,holdout,0,0,1
R00878,Market trader,holdout,0,0,0
R00879,Small business,early access,0,1,0
R00880,Salary earner,early access,0,1,0
R00881,Student,holdout,0,1,0
R00882,Market trader,holdout,0,0,0
R00883,Student,early access,0,1,0
R00884,Student,early access,1,1,0
R00885,Market trader,early access,0,0,0
R00886,Small business,holdout,0,1,0
R00887,Market trader,early access,1,1,0
R00888,Student,holdout,0,1,0
R00889,Market trader,holdout,0,1,0
R00890,Market trader,holdout,0,0,0
R00891,Market trader,early access,1,0,0
R00892,Small business,holdout,0,1,0
R00893,Market trader,holdout,0,1,0
R00894,Market trader,early access,0,1,0
R00895,Market trader,holdout,0,0,0
R00896,Market trader,early access,0,0,0
R00897,Market trader,early access,0,1,0
R00898,Salary earner,early access,1,0,0
R00899,Small business,early access,0,0,0
R00900,Market trader,early access,0,0,0
R00901,Market trader,early access,1,1,0
R00902,Market trader,holdout,0,1,0
R00903,Salary earner,early access,0,1,0
R00904,Salary earner,holdout,0,0,0
R00905,Salary earner,early access,1,0,0
R00906,Market trader,early access,0,1,1
R00907,Market trader,early access,1,1,0
R00908,Salary earner,early access,0,0,0
R00909,Market trader,holdout,0,0,0
R00910,Market trader,holdout,0,1,0
R00911,Small business,holdout,0,0,0
R00912,Salary earner,holdout,0,0,0
R00913,Salary earner,holdout,0,1,0
R00914,Salary earner,early access,1,1,0
R00915,Market trader,holdout,0,1,0
R00916,Salary earner,early access,0,0,0
R00917,Student,early access,1,0,0
R00918,Salary earner,early access,1,0,0
R00919,Small business,holdout,0,1,0
R00920,Market trader,early access,1,0,0
R00921,Small business,early access,0,0,0
R00922,Small business,early access,1,1,1
R00923,Salary earner,early access,1,1,0
R00924,Market trader,holdout,0,1,0
R00925,Salary earner,holdout,0,0,0
R00926,Market trader,holdout,0,1,0
R00927,Salary earner,early access,0,1,0
R00928,Market trader,holdout,0,1,1
R00929,Salary earner,early access,0,0,0
R00930,Salary earner,early access,1,1,0
R00931,Student,early access,0,0,0
R00932,Salary earner,early access,0,1,0
R00933,Student,early access,0,0,0
R00934,Salary earner,early access,1,1,0
R00935,Small business,holdout,0,0,0
R00936,Salary earner,early access,0,1,0
R00937,Student,early access,0,1,0
R00938,Market trader,early access,0,1,0
R00939,Student,holdout,0,1,0
R00940,Salary earner,holdout,0,1,0
R00941,Salary earner,holdout,0,0,0
R00942,Student,early access,0,1,0
R00943,Small business,early access,0,1,0
R00944,Market trader,early access,0,0,0
R00945,Salary earner,early access,1,1,0
R00946,Salary earner,holdout,0,1,0
R00947,Salary earner,holdout,0,1,0
R00948,Salary earner,early access,1,1,0
R00949,Salary earner,early access,1,0,0
R00950,Salary earner,early access,1,1,0
R00951,Small business,holdout,0,1,0
R00952,Salary earner,early access,1,1,0
R00953,Student,holdout,0,0,0
R00954,Small business,early access,0,1,0
R00955,Market trader,early access,1,1,0
R00956,Market trader,holdout,0,0,0
R00957,Salary earner,early access,0,1,0
R00958,Salary earner,holdout,0,0,0
R00959,Student,early access,0,1,0
R00960,Market trader,early access,0,0,0
R00961,Salary earner,early access,1,1,0
R00962,Salary earner,early access,0,0,0
R00963,Market trader,early access,1,1,0
R00964,Market trader,early access,0,0,0
R00965,Market trader,holdout,0,0,0
R00966,Market trader,early access,0,1,0
R00967,Small business,holdout,0,1,1
R00968,Market trader,early access,1,1,0
R00969,Market trader,holdout,0,1,0
R00970,Market trader,early access,0,1,0
R00971,Market trader,early access,0,1,0
R00972,Salary earner,holdout,0,1,0
R00973,Small business,holdout,0,0,0
R00974,Student,holdout,0,1,0
R00975,Salary earner,early access,0,0,0
R00976,Salary earner,holdout,0,0,0
R00977,Salary earner,early access,1,1,0
R00978,Student,holdout,0,0,0
R00979,Market trader,early access,1,1,0
R00980,Market trader,holdout,0,1,0
R00981,Market trader,early access,0,0,0
R00982,Student,early access,1,1,0
R00983,Student,early access,0,1,1
R00984,Market trader,holdout,0,0,0
R00985,Market trader,early access,0,0,0
R00986,Salary earner,holdout,0,1,0
R00987,Market trader,holdout,0,0,0
R00988,Salary earner,early access,1,1,0
R00989,Salary earner,early access,1,0,0
R00990,Salary earner,holdout,0,0,0
R00991,Market trader,early access,0,1,0
R00992,Salary earner,holdout,0,0,0
R00993,Market trader,early access,0,0,0
R00994,Salary earner,early access,1,1,0
R00995,Market trader,holdout,0,1,0
R00996,Market trader,early access,0,0,0
R00997,Market trader,early access,0,0,0
R00998,Student,holdout,0,1,0
R00999,Small business,holdout,0,0,0
R01000,Small business,early access,1,1,0
R01001,Student,holdout,0,1,0
R01002,Market trader,holdout,0,0,0
R01003,Market trader,holdout,0,0,0
R01004,Student,holdout,0,0,0
R01005,Small business,early access,0,1,0
R01006,Student,holdout,0,1,0
R01007,Market trader,early access,0,0,1
R01008,Salary earner,holdout,0,0,0
R01009,Market trader,holdout,0,1,0
R01010,Small business,early access,1,1,0
R01011,Student,early access,0,1,0
R01012,Student,early access,1,1,0
R01013,Market trader,holdout,0,0,0
R01014,Salary earner,early access,0,0,0
R01015,Salary earner,early access,0,0,0
R01016,Salary earner,early access,1,0,0
R01017,Student,early access,0,0,0
R01018,Student,early access,1,1,0
R01019,Market trader,holdout,0,1,0
R01020,Student,early access,1,0,0
R01021,Market trader,holdout,0,0,0
R01022,Salary earner,holdout,0,0,0
R01023,Market trader,early access,0,1,0
R01024,Market trader,early access,1,0,1
R01025,Market trader,holdout,0,0,0
R01026,Market trader,early access,0,0,0
R01027,Market trader,holdout,0,0,0
R01028,Small business,holdout,0,0,0
R01029,Salary earner,holdout,0,1,0
R01030,Salary earner,early access,1,1,0
R01031,Student,early access,0,1,0
R01032,Salary earner,early access,1,1,1
R01033,Market trader,holdout,0,1,0
R01034,Market trader,holdout,0,0,0
R01035,Student,holdout,0,1,0
R01036,Small business,early access,0,0,0
R01037,Student,early access,0,0,0
R01038,Student,holdout,0,1,0
R01039,Student,holdout,0,1,1
R01040,Small business,holdout,0,0,0
R01041,Small business,early access,0,1,0
R01042,Market trader,holdout,0,1,0
R01043,Market trader,holdout,0,0,0
R01044,Market trader,holdout,0,1,0
R01045,Market trader,early access,1,0,0
R01046,Market trader,holdout,0,0,0
R01047,Small business,early access,0,1,0
R01048,Market trader,holdout,0,0,0
R01049,Market trader,holdout,0,1,0
R01050,Student,holdout,0,0,0
R01051,Small business,holdout,0,1,0
R01052,Market trader,holdout,0,0,0
R01053,Market trader,holdout,0,0,0
R01054,Small business,holdout,0,1,0
R01055,Salary earner,early access,1,1,0
R01056,Market trader,early access,1,1,0
R01057,Market trader,early access,1,1,0
R01058,Salary earner,early access,1,1,0
R01059,Student,holdout,0,1,0
R01060,Small business,holdout,0,1,0
R01061,Market trader,holdout,0,0,0
R01062,Market trader,early access,0,0,0
R01063,Student,holdout,0,0,0
R01064,Salary earner,early access,0,0,1
R01065,Salary earner,early access,0,0,0
R01066,Student,early access,0,1,0
R01067,Market trader,early access,0,0,0
R01068,Salary earner,early access,0,0,0
R01069,Small business,holdout,0,1,0
R01070,Market trader,early access,1,1,0
R01071,Market trader,holdout,0,1,0
R01072,Salary earner,holdout,0,1,0
R01073,Student,early access,0,0,0
R01074,Salary earner,holdout,0,1,0
R01075,Salary earner,early access,1,0,0
R01076,Market trader,early access,0,0,0
R01077,Market trader,early access,1,0,0
R01078,Small business,holdout,0,0,0
R01079,Small business,early access,0,0,0
R01080,Salary earner,holdout,0,1,0
R01081,Market trader,holdout,0,0,0
R01082,Student,early access,0,0,0
R01083,Market trader,early access,1,1,0
R01084,Salary earner,holdout,0,1,0
R01085,Market trader,holdout,0,1,0
R01086,Student,early access,1,1,0
R01087,Salary earner,early access,1,0,0
R01088,Salary earner,early access,1,0,0
R01089,Market trader,early access,0,0,0
R01090,Salary earner,holdout,0,0,0
R01091,Student,early access,1,1,0
R01092,Salary earner,early access,1,1,0
R01093,Market trader,early access,0,0,0
R01094,Small business,holdout,0,1,0
R01095,Small business,early access,0,1,0
R01096,Salary earner,early access,0,1,0
R01097,Salary earner,holdout,0,1,0
R01098,Salary earner,early access,0,0,0
R01099,Market trader,early access,0,0,0
R01100,Student,early access,0,0,0
R01101,Salary earner,holdout,0,0,0
R01102,Student,holdout,0,1,0
R01103,Student,early access,0,1,0
R01104,Market trader,early access,0,0,0
R01105,Market trader,early access,1,1,1
R01106,Salary earner,early access,0,0,0
R01107,Salary earner,holdout,0,1,0
R01108,Market trader,holdout,0,0,0
R01109,Salary earner,early access,0,0,0
R01110,Salary earner,early access,1,1,0
R01111,Market trader,holdout,0,1,1
R01112,Market trader,holdout,0,1,0
R01113,Salary earner,holdout,0,1,0
R01114,Salary earner,early access,1,0,0
R01115,Salary earner,early access,1,0,0
R01116,Salary earner,early access,0,0,0
R01117,Salary earner,holdout,0,1,0
R01118,Salary earner,holdout,0,0,0
R01119,Salary earner,early access,0,0,0
R01120,Student,holdout,0,0,0
R01121,Market trader,holdout,0,1,0
R01122,Market trader,holdout,0,1,0
R01123,Student,early access,1,1,0
R01124,Student,holdout,0,0,0
R01125,Small business,holdout,0,1,0
R01126,Salary earner,early access,0,1,0
R01127,Student,holdout,0,0,0
R01128,Market trader,early access,0,0,1
R01129,Student,early access,0,1,0
R01130,Market trader,holdout,0,1,0
R01131,Market trader,holdout,0,1,0
R01132,Salary earner,early access,0,0,0
R01133,Market trader,holdout,0,0,0
R01134,Student,early access,0,1,1
R01135,Market trader,early access,1,1,0
R01136,Salary earner,holdout,0,1,0
R01137,Salary earner,early access,0,0,0
R01138,Salary earner,early access,1,0,0
R01139,Small business,early access,0,0,0
R01140,Small business,holdout,0,1,0
R01141,Market trader,early access,1,1,0
R01142,Salary earner,holdout,0,0,0
R01143,Market trader,early access,0,0,0
R01144,Small business,early access,0,0,0
R01145,Market trader,holdout,0,1,0
R01146,Salary earner,early access,0,0,0
R01147,Market trader,early access,0,0,0
R01148,Small business,holdout,0,1,0
R01149,Salary earner,early access,1,0,0
R01150,Student,early access,0,0,0
R01151,Market trader,early access,0,1,0
R01152,Market trader,early access,0,1,0
R01153,Small business,early access,1,0,0
R01154,Student,holdout,0,1,0
R01155,Salary earner,early access,0,1,0
R01156,Student,holdout,0,1,0
R01157,Salary earner,early access,0,1,0
R01158,Market trader,holdout,0,0,1
R01159,Salary earner,holdout,0,1,0
R01160,Market trader,holdout,0,1,0
R01161,Small business,early access,0,1,0
R01162,Salary earner,early access,0,0,0
R01163,Market trader,holdout,0,0,0
R01164,Small business,holdout,0,0,1
R01165,Market trader,holdout,0,1,0
R01166,Salary earner,early access,1,1,0
R01167,Small business,early access,0,1,0
R01168,Market trader,early access,1,1,0
R01169,Student,holdout,0,1,0
R01170,Student,holdout,0,0,0
R01171,Market trader,holdout,0,0,0
R01172,Student,early access,0,1,0
R01173,Student,early access,0,1,0
R01174,Student,holdout,0,1,0
R01175,Salary earner,holdout,0,1,0
R01176,Market trader,early access,1,1,0
R01177,Small business,early access,1,1,0
R01178,Student,early access,0,1,0
R01179,Small business,holdout,0,1,1
R01180,Market trader,holdout,0,0,0
R01181,Student,early access,0,0,0
R01182,Salary earner,holdout,0,1,1
R01183,Small business,early access,1,1,0
R01184,Salary earner,holdout,0,1,0
R01185,Salary earner,early access,1,0,0
R01186,Student,early access,1,0,0
R01187,Salary earner,holdout,0,1,0
R01188,Small business,holdout,0,1,0
R01189,Salary earner,holdout,0,1,0
R01190,Salary earner,early access,1,0,0
R01191,Small business,early access,1,1,0
R01192,Small business,early access,1,1,0
R01193,Small business,early access,1,1,1
R01194,Market trader,holdout,0,0,0
R01195,Market trader,holdout,0,0,0
R01196,Market trader,early access,1,0,0
R01197,Market trader,holdout,0,0,0
R01198,Market trader,early access,0,0,0
R01199,Student,holdout,0,0,0
R01200,Student,holdout,0,1,0
R01201,Small business,holdout,0,1,0
R01202,Market trader,holdout,0,1,0
R01203,Salary earner,holdout,0,1,0
R01204,Market trader,holdout,0,1,0
R01205,Student,early access,0,1,0
R01206,Small business,holdout,0,1,0
R01207,Market trader,early access,1,1,0
R01208,Salary earner,early access,1,1,0
R01209,Small business,early access,0,0,0
R01210,Salary earner,early access,0,0,0
R01211,Market trader,early access,1,1,0
R01212,Student,holdout,0,0,0
R01213,Salary earner,early access,0,1,0
R01214,Student,early access,0,1,0
R01215,Market trader,early access,0,0,0
R01216,Market trader,early access,1,1,0
R01217,Salary earner,early access,0,1,0
R01218,Market trader,early access,1,1,0
R01219,Market trader,holdout,0,0,0
R01220,Salary earner,holdout,0,1,0
R01221,Small business,early access,0,1,0
R01222,Student,holdout,0,0,0
R01223,Salary earner,holdout,0,1,0
R01224,Student,holdout,0,1,0
R01225,Salary earner,early access,0,0,0
R01226,Salary earner,holdout,0,1,0
R01227,Salary earner,holdout,0,0,0
R01228,Student,early access,1,1,0
R01229,Student,holdout,0,0,0
R01230,Market trader,holdout,0,0,0
R01231,Small business,early access,1,1,0
R01232,Student,early access,0,0,0
R01233,Market trader,early access,0,0,0
R01234,Market trader,early access,0,1,0
R01235,Salary earner,early access,0,1,0
R01236,Market trader,holdout,0,1,0
R01237,Student,holdout,0,1,0
R01238,Market trader,early access,0,0,0
R01239,Student,holdout,0,0,0
R01240,Small business,early access,1,1,0
R01241,Small business,early access,0,1,0
R01242,Salary earner,early access,1,0,0
R01243,Market trader,early access,0,1,0
R01244,Market trader,early access,0,1,0
R01245,Market trader,holdout,0,0,0
R01246,Market trader,holdout,0,1,0
R01247,Market trader,early access,1,0,0
R01248,Small business,holdout,0,0,0
R01249,Market trader,early access,0,1,0
R01250,Small business,holdout,0,1,0
R01251,Market trader,holdout,0,1,0
R01252,Market trader,early access,0,0,0
R01253,Student,early access,0,1,0
R01254,Salary earner,early access,0,1,0
R01255,Small business,early access,1,1,0
R01256,Market trader,holdout,0,1,0
R01257,Market trader,early access,1,1,0
R01258,Market trader,early access,0,1,0
R01259,Market trader,holdout,0,1,0
R01260,Market trader,holdout,0,0,1
R01261,Salary earner,holdout,0,1,0
R01262,Salary earner,early access,0,1,0
R01263,Market trader,early access,0,0,0
R01264,Salary earner,holdout,0,0,1
R01265,Salary earner,early access,1,0,0
R01266,Small business,early access,0,0,0
R01267,Salary earner,early access,0,1,0
R01268,Student,early access,0,1,0
R01269,Salary earner,holdout,0,0,0
R01270,Small business,early access,1,0,0
R01271,Salary earner,early access,1,1,0
R01272,Student,early access,0,1,0
R01273,Market trader,holdout,0,1,0
R01274,Student,holdout,0,1,0
R01275,Student,holdout,0,0,0
R01276,Market trader,early access,0,1,0
R01277,Market trader,holdout,0,0,0
R01278,Salary earner,holdout,0,1,0
R01279,Market trader,early access,0,0,0
R01280,Market trader,holdout,0,1,0
R01281,Salary earner,holdout,0,1,0
R01282,Market trader,holdout,0,1,0
R01283,Salary earner,early access,0,1,0
R01284,Market trader,holdout,0,0,0
R01285,Salary earner,early access,0,1,0
R01286,Small business,holdout,0,1,0
R01287,Salary earner,holdout,0,1,0
R01288,Market trader,holdout,0,1,0
R01289,Salary earner,early access,1,0,0
R01290,Salary earner,holdout,0,0,0
R01291,Salary earner,early access,0,1,0
R01292,Market trader,holdout,0,0,0
R01293,Salary earner,holdout,0,1,0
R01294,Student,holdout,0,1,0
R01295,Salary earner,holdout,0,1,0
R01296,Salary earner,holdout,0,1,0
R01297,Student,holdout,0,1,1
R01298,Small business,early access,0,0,0
R01299,Salary earner,holdout,0,0,1
R01300,Market trader,early access,0,1,0
R01301,Market trader,holdout,0,0,0
R01302,Market trader,early access,0,1,0
R01303,Small business,holdout,0,0,0
R01304,Market trader,early access,1,1,0
R01305,Salary earner,early access,1,1,1
R01306,Salary earner,early access,1,1,0
R01307,Market trader,holdout,0,1,0
R01308,Student,early access,0,0,0
R01309,Small business,early access,1,1,0
R01310,Salary earner,early access,1,1,0
R01311,Market trader,holdout,0,0,0
R01312,Market trader,early access,1,1,0
R01313,Salary earner,early access,0,0,0
R01314,Salary earner,early access,1,0,0
R01315,Student,early access,1,1,0
R01316,Student,early access,0,0,0
R01317,Market trader,holdout,0,0,0
R01318,Salary earner,early access,1,1,0
R01319,Salary earner,holdout,0,1,0
R01320,Market trader,holdout,0,0,0
R01321,Market trader,holdout,0,1,0
R01322,Student,holdout,0,0,1
R01323,Salary earner,holdout,0,0,0
R01324,Salary earner,holdout,0,0,0
R01325,Student,early access,1,1,0
R01326,Salary earner,holdout,0,1,0
R01327,Market trader,early access,1,1,0
R01328,Student,holdout,0,0,0
R01329,Student,holdout,0,0,1
R01330,Student,early access,1,1,0
R01331,Salary earner,early access,1,0,0
R01332,Market trader,early access,0,1,0
R01333,Market trader,early access,1,1,1
R01334,Market trader,holdout,0,1,0
R01335,Salary earner,holdout,0,1,0
R01336,Student,holdout,0,0,0
R01337,Small business,holdout,0,1,0
R01338,Small business,early access,0,0,0
R01339,Student,early access,1,1,0
R01340,Salary earner,early access,1,1,1
R01341,Salary earner,early access,0,1,0
R01342,Small business,early access,1,1,0
R01343,Student,early access,1,1,0
R01344,Market trader,holdout,0,1,0
R01345,Market trader,early access,1,0,0
R01346,Market trader,early access,1,1,0
R01347,Market trader,early access,0,1,0
R01348,Student,holdout,0,1,0
R01349,Small business,holdout,0,1,0
R01350,Salary earner,early access,1,1,0
R01351,Small business,holdout,0,0,0
R01352,Salary earner,early access,0,1,0
R01353,Student,early access,0,1,0
R01354,Market trader,holdout,0,1,0
R01355,Market trader,holdout,0,1,0
R01356,Student,holdout,0,1,0
R01357,Salary earner,holdout,0,1,0
R01358,Small business,holdout,0,1,0
R01359,Salary earner,holdout,0,1,0
R01360,Salary earner,holdout,0,0,0
R01361,Market trader,early access,0,0,0
R01362,Market trader,early access,0,1,0
R01363,Small business,early access,0,0,0
R01364,Student,holdout,0,1,0
R01365,Market trader,holdout,0,1,0
R01366,Student,holdout,0,0,0
R01367,Student,holdout,0,0,0
R01368,Market trader,holdout,0,0,0
R01369,Market trader,holdout,0,0,0
R01370,Salary earner,early access,1,1,0
R01371,Market trader,early access,0,1,0
R01372,Market trader,early access,1,1,0
R01373,Student,holdout,0,0,0
R01374,Student,early access,1,1,0
R01375,Market trader,early access,0,1,0
R01376,Student,holdout,0,1,0
R01377,Student,holdout,0,0,0
R01378,Market trader,holdout,0,0,0
R01379,Small business,holdout,0,1,0
R01380,Market trader,early access,0,1,0
R01381,Market trader,early access,1,1,1
R01382,Student,holdout,0,0,0
R01383,Market trader,early access,0,0,0
R01384,Market trader,holdout,0,1,0
R01385,Salary earner,early access,0,1,0
R01386,Market trader,early access,0,0,0
R01387,Small business,early access,0,1,0
R01388,Salary earner,holdout,0,1,0
R01389,Salary earner,early access,1,0,0
R01390,Student,early access,0,1,0
R01391,Market trader,early access,1,1,0
R01392,Student,early access,0,1,0
R01393,Small business,holdout,0,0,0
R01394,Market trader,holdout,0,0,0
R01395,Salary earner,holdout,0,1,0
R01396,Market trader,early access,1,1,0
R01397,Salary earner,early access,0,1,0
R01398,Salary earner,holdout,0,0,0
R01399,Market trader,early access,0,0,0
R01400,Student,early access,1,0,0
R01401,Student,holdout,0,1,0
R01402,Market trader,early access,0,1,0
R01403,Market trader,holdout,0,1,0
R01404,Market trader,early access,1,1,0
R01405,Market trader,early access,0,1,0
R01406,Market trader,early access,0,0,1
R01407,Salary earner,early access,1,1,1
R01408,Student,early access,1,1,0
R01409,Student,holdout,0,0,0
R01410,Small business,holdout,0,0,0
R01411,Market trader,holdout,0,1,0
R01412,Student,holdout,0,0,0
R01413,Student,early access,0,1,0
R01414,Student,holdout,0,1,0
R01415,Salary earner,early access,1,1,0
R01416,Small business,early access,1,1,0
R01417,Salary earner,holdout,0,1,0
R01418,Market trader,early access,0,1,0
R01419,Market trader,holdout,0,1,0
R01420,Small business,early access,0,0,0
R01421,Salary earner,holdout,0,1,0
R01422,Student,holdout,0,1,0
R01423,Salary earner,holdout,0,1,0
R01424,Market trader,early access,0,1,0
R01425,Market trader,early access,0,1,0
R01426,Small business,holdout,0,0,0
R01427,Market trader,early access,0,1,0
R01428,Salary earner,early access,0,0,0
R01429,Market trader,holdout,0,1,0
R01430,Salary earner,early access,0,0,0
R01431,Salary earner,holdout,0,1,0
R01432,Market trader,holdout,0,1,0
R01433,Student,early access,1,1,0
R01434,Salary earner,holdout,0,0,0
R01435,Small business,holdout,0,1,0
R01436,Student,holdout,0,1,0
R01437,Salary earner,holdout,0,0,0
R01438,Student,holdout,0,1,0
R01439,Market trader,early access,1,1,0
R01440,Salary earner,early access,0,1,0
R01441,Student,holdout,0,0,0
R01442,Small business,early access,1,0,0
R01443,Market trader,holdout,0,1,0
R01444,Salary earner,holdout,0,0,0
R01445,Salary earner,holdout,0,1,0
R01446,Student,holdout,0,0,0
R01447,Market trader,holdout,0,1,0
R01448,Market trader,early access,0,1,0
R01449,Market trader,early access,1,1,0
R01450,Salary earner,holdout,0,0,0
R01451,Student,holdout,0,1,0
R01452,Market trader,holdout,0,0,0
R01453,Market trader,holdout,0,0,0
R01454,Salary earner,early access,0,1,0
R01455,Small business,early access,0,1,0
R01456,Small business,early access,1,0,0
R01457,Small business,holdout,0,1,0
R01458,Market trader,holdout,0,1,0
R01459,Market trader,holdout,0,0,0
R01460,Market trader,early access,0,1,0
R01461,Small business,early access,1,0,0
R01462,Student,early access,1,1,0
R01463,Small business,early access,1,1,0
R01464,Market trader,holdout,0,1,0
R01465,Student,holdout,0,1,1
R01466,Small business,holdout,0,0,0
R01467,Market trader,holdout,0,1,0
R01468,Small business,early access,0,0,0
R01469,Market trader,early access,0,1,0
R01470,Market trader,holdout,0,0,0
R01471,Salary earner,early access,1,1,0
R01472,Student,holdout,0,1,0
R01473,Small business,holdout,0,1,0
R01474,Student,early access,1,1,0
R01475,Market trader,early access,1,1,0
R01476,Salary earner,holdout,0,1,0
R01477,Market trader,early access,0,1,0
R01478,Market trader,early access,1,1,0
R01479,Small business,early access,1,0,0
R01480,Salary earner,holdout,0,1,0
R01481,Market trader,holdout,0,0,0
R01482,Market trader,holdout,0,1,0
R01483,Student,early access,1,0,0
R01484,Market trader,holdout,0,1,0
R01485,Market trader,holdout,0,0,0
R01486,Market trader,early access,1,0,0
R01487,Student,holdout,0,0,0
R01488,Market trader,holdout,0,1,0
R01489,Student,holdout,0,1,0
R01490,Student,early access,1,1,0
R01491,Market trader,holdout,0,0,0
R01492,Market trader,holdout,0,1,0
R01493,Salary earner,early access,0,1,0
R01494,Salary earner,holdout,0,1,0
R01495,Salary earner,early access,1,0,0
R01496,Salary earner,early access,0,0,0
R01497,Salary earner,holdout,0,0,0
R01498,Small business,early access,0,1,0
R01499,Salary earner,holdout,0,0,0
R01500,Salary earner,early access,0,1,0
R01501,Market trader,holdout,0,1,0
R01502,Market trader,early access,0,0,0
R01503,Market trader,holdout,0,1,0
R01504,Salary earner,holdout,0,1,0
R01505,Salary earner,early access,1,0,0
R01506,Small business,early access,0,1,0
R01507,Market trader,early access,0,1,0
R01508,Market trader,early access,0,0,0
R01509,Market trader,holdout,0,1,0
R01510,Market trader,holdout,0,1,0
R01511,Market trader,holdout,0,1,0
R01512,Market trader,holdout,0,1,0
R01513,Salary earner,early access,0,0,0
R01514,Student,holdout,0,0,0
R01515,Salary earner,holdout,0,1,0
R01516,Small business,holdout,0,0,0
R01517,Small business,holdout,0,1,0
R01518,Small business,early access,0,1,0
R01519,Market trader,holdout,0,0,0
R01520,Small business,early access,0,1,0
R01521,Salary earner,holdout,0,0,0
R01522,Salary earner,early access,0,0,0
R01523,Small business,early access,1,1,0
R01524,Salary earner,holdout,0,0,0
R01525,Student,holdout,0,1,1
R01526,Market trader,early access,0,0,0
R01527,Small business,early access,1,0,0
R01528,Market trader,early access,0,0,0
R01529,Market trader,holdout,0,1,0
R01530,Student,holdout,0,0,0
R01531,Salary earner,holdout,0,1,0
R01532,Student,holdout,0,1,0
R01533,Salary earner,early access,0,0,0
R01534,Salary earner,early access,0,0,0
R01535,Market trader,holdout,0,0,0
R01536,Student,holdout,0,1,0
R01537,Salary earner,early access,1,1,0
R01538,Market trader,early access,1,0,0
R01539,Market trader,holdout,0,1,0
R01540,Salary earner,holdout,0,1,0
R01541,Market trader,early access,0,1,0
R01542,Market trader,holdout,0,1,0
R01543,Student,early access,1,0,0
R01544,Salary earner,holdout,0,0,0
R01545,Salary earner,holdout,0,1,0
R01546,Market trader,holdout,0,0,0
R01547,Salary earner,early access,1,0,0
R01548,Small business,holdout,0,1,0
R01549,Student,holdout,0,0,0
R01550,Salary earner,early access,0,0,0
R01551,Small business,early access,0,1,0
R01552,Market trader,holdout,0,1,0
R01553,Market trader,holdout,0,1,0
R01554,Market trader,early access,0,0,1
R01555,Market trader,early access,1,1,0
R01556,Small business,holdout,0,1,1
R01557,Salary earner,early access,0,0,0
R01558,Market trader,holdout,0,1,0
R01559,Market trader,holdout,0,0,0
R01560,Market trader,early access,0,1,0
R01561,Student,holdout,0,1,0
R01562,Market trader,early access,0,0,0
R01563,Salary earner,holdout,0,1,0
R01564,Salary earner,holdout,0,1,0
R01565,Market trader,holdout,0,1,0
R01566,Market trader,holdout,0,0,0
R01567,Student,early access,1,0,0
R01568,Market trader,holdout,0,1,0
R01569,Student,early access,0,0,0
R01570,Market trader,holdout,0,1,0
R01571,Small business,early access,0,1,0
R01572,Market trader,holdout,0,1,0
R01573,Student,holdout,0,0,0
R01574,Salary earner,early access,1,1,1
R01575,Market trader,early access,0,1,0
R01576,Salary earner,early access,0,1,0
R01577,Small business,holdout,0,1,0
R01578,Student,holdout,0,0,0
R01579,Salary earner,early access,0,1,0
R01580,Market trader,holdout,0,0,0
R01581,Market trader,holdout,0,1,0
R01582,Market trader,holdout,0,0,0
R01583,Salary earner,holdout,0,0,0
R01584,Small business,holdout,0,1,0
R01585,Market trader,holdout,0,1,0
R01586,Salary earner,holdout,0,0,0
R01587,Market trader,early access,1,0,0
R01588,Salary earner,early access,0,1,0
R01589,Salary earner,holdout,0,0,0
R01590,Market trader,early access,0,1,0
R01591,Market trader,early access,1,1,0
R01592,Small business,holdout,0,1,0
R01593,Student,holdout,0,0,0
R01594,Salary earner,holdout,0,0,0
R01595,Student,early access,1,1,0
R01596,Salary earner,early access,1,1,0
R01597,Market trader,early access,0,1,0
R01598,Salary earner,holdout,0,1,0
R01599,Small business,early access,1,0,0
R01600,Small business,early access,1,1,1
R01601,Market trader,early access,1,1,0
R01602,Salary earner,holdout,0,1,0
R01603,Market trader,holdout,0,1,0
R01604,Student,early access,0,1,0
R01605,Student,early access,0,0,0
R01606,Salary earner,early access,0,1,0
R01607,Salary earner,holdout,0,0,0
R01608,Salary earner,early access,0,1,0
R01609,Salary earner,early access,0,1,0
R01610,Market trader,holdout,0,1,0
R01611,Market trader,holdout,0,1,0
R01612,Market trader,early access,0,1,0
R01613,Market trader,early access,0,1,0
R01614,Market trader,early access,0,1,0
R01615,Market trader,early access,0,0,0
R01616,Student,early access,0,1,0
R01617,Salary earner,holdout,0,0,0
R01618,Student,early access,0,0,0
R01619,Small business,holdout,0,0,0
R01620,Salary earner,holdout,0,1,0
R01621,Market trader,holdout,0,0,0
R01622,Market trader,early access,0,1,0
R01623,Market trader,holdout,0,0,0
R01624,Small business,early access,1,1,0
R01625,Salary earner,holdout,0,1,0
R01626,Market trader,early access,1,1,0
R01627,Salary earner,holdout,0,1,0
R01628,Salary earner,holdout,0,0,0
R01629,Market trader,holdout,0,1,0
R01630,Market trader,holdout,0,0,0
R01631,Market trader,early access,1,1,0
R01632,Salary earner,early access,0,1,0
R01633,Student,holdout,0,1,1
R01634,Market trader,holdout,0,0,0
R01635,Market trader,holdout,0,1,0
R01636,Market trader,holdout,0,1,1
R01637,Student,holdout,0,1,0
R01638,Salary earner,early access,0,1,0
R01639,Small business,holdout,0,0,0
R01640,Student,early access,0,1,0
R01641,Market trader,holdout,0,1,0
R01642,Student,early access,0,1,0
R01643,Small business,early access,1,1,1
R01644,Small business,early access,0,0,0
R01645,Salary earner,holdout,0,0,0
R01646,Salary earner,early access,1,0,0
R01647,Market trader,holdout,0,0,0
R01648,Salary earner,early access,1,1,0
R01649,Student,holdout,0,1,0
R01650,Market trader,early access,0,0,0
R01651,Student,holdout,0,0,0
R01652,Market trader,holdout,0,1,0
R01653,Small business,early access,1,1,0
R01654,Small business,holdout,0,1,0
R01655,Market trader,early access,0,0,0
R01656,Student,early access,0,0,0
R01657,Market trader,early access,1,0,0
R01658,Market trader,early access,0,1,0
R01659,Market trader,holdout,0,0,0
R01660,Small business,holdout,0,0,0
R01661,Market trader,early access,1,1,0
R01662,Salary earner,early access,1,0,0
R01663,Student,holdout,0,0,0
R01664,Market trader,holdout,0,1,0
R01665,Market trader,early access,0,0,0
R01666,Salary earner,early access,0,1,0
R01667,Market trader,early access,1,1,0
R01668,Small business,holdout,0,0,0
R01669,Student,early access,0,1,0
R01670,Salary earner,early access,0,1,0
R01671,Market trader,early access,1,1,0
R01672,Student,holdout,0,1,0
R01673,Small business,holdout,0,0,0
R01674,Salary earner,early access,0,1,0
R01675,Market trader,early access,0,1,0
R01676,Student,holdout,0,0,0
R01677,Salary earner,early access,1,1,0
R01678,Market trader,holdout,0,0,0
R01679,Market trader,early access,1,0,0
R01680,Small business,early access,0,1,0
R01681,Salary earner,early access,0,1,1
R01682,Market trader,holdout,0,0,0
R01683,Student,holdout,0,1,0
R01684,Market trader,early access,0,0,0
R01685,Salary earner,holdout,0,0,0
R01686,Salary earner,holdout,0,1,0
R01687,Market trader,holdout,0,0,0
R01688,Market trader,holdout,0,0,0
R01689,Market trader,holdout,0,0,0
R01690,Salary earner,early access,1,1,0
R01691,Market trader,holdout,0,1,0
R01692,Market trader,early access,0,1,0
R01693,Salary earner,holdout,0,1,0
R01694,Salary earner,early access,1,1,0
R01695,Student,early access,1,1,0
R01696,Salary earner,early access,0,1,0
R01697,Salary earner,early access,1,0,0
R01698,Student,holdout,0,1,0
R01699,Salary earner,early access,1,1,1
R01700,Small business,early access,0,1,0
R01701,Student,holdout,0,0,0
R01702,Small business,early access,1,1,1
R01703,Salary earner,holdout,0,1,0
R01704,Salary earner,early access,0,1,0
R01705,Salary earner,holdout,0,1,0
R01706,Student,early access,0,1,0
R01707,Salary earner,early access,1,1,0
R01708,Small business,early access,0,0,0
R01709,Salary earner,early access,0,0,0
R01710,Market trader,holdout,0,0,0
R01711,Market trader,holdout,0,0,0
R01712,Salary earner,holdout,0,0,0
R01713,Small business,holdout,0,1,0
R01714,Market trader,early access,1,0,0
R01715,Salary earner,holdout,0,0,0
R01716,Student,early access,1,1,0
R01717,Student,holdout,0,1,0
R01718,Market trader,early access,0,0,0
R01719,Market trader,holdout,0,0,0
R01720,Salary earner,early access,0,0,0
R01721,Market trader,holdout,0,0,0
R01722,Market trader,early access,0,1,0
R01723,Student,early access,1,0,0
R01724,Small business,holdout,0,1,0
R01725,Student,holdout,0,0,0
R01726,Student,holdout,0,0,0
R01727,Salary earner,holdout,0,1,0
R01728,Market trader,early access,0,0,0
R01729,Student,early access,1,0,0
R01730,Market trader,holdout,0,0,0
R01731,Salary earner,holdout,0,1,0
R01732,Small business,holdout,0,1,0
R01733,Market trader,holdout,0,1,0
R01734,Small business,holdout,0,0,1
R01735,Market trader,early access,1,1,0
R01736,Small business,holdout,0,1,0
R01737,Salary earner,holdout,0,1,0
R01738,Market trader,early access,0,1,0
R01739,Salary earner,holdout,0,1,0
R01740,Salary earner,holdout,0,1,0
R01741,Market trader,holdout,0,0,0
R01742,Small business,early access,1,1,1
R01743,Small business,holdout,0,0,0
R01744,Salary earner,holdout,0,0,0
R01745,Market trader,early access,1,1,0
R01746,Salary earner,early access,0,1,0
R01747,Salary earner,early access,0,1,0
R01748,Market trader,holdout,0,1,0
R01749,Market trader,early access,0,1,0
R01750,Salary earner,early access,0,1,0
R01751,Salary earner,early access,1,0,0
R01752,Student,early access,0,0,0
R01753,Salary earner,holdout,0,0,1
R01754,Market trader,holdout,0,0,0
R01755,Small business,early access,0,1,0
R01756,Market trader,holdout,0,1,0
R01757,Market trader,early access,0,0,0
R01758,Salary earner,holdout,0,1,0
R01759,Student,early access,0,1,1
R01760,Market trader,early access,1,1,1
R01761,Salary earner,holdout,0,1,0
R01762,Salary earner,early access,0,0,0
R01763,Salary earner,holdout,0,1,0
R01764,Salary earner,early access,1,1,0
R01765,Market trader,holdout,0,1,0
R01766,Market trader,early access,1,1,0
R01767,Salary earner,holdout,0,0,0
R01768,Student,early access,0,0,0
R01769,Market trader,early access,1,1,0
R01770,Student,holdout,0,1,0
R01771,Small business,early access,0,0,0
R01772,Student,early access,0,1,0
R01773,Student,early access,0,0,0
R01774,Market trader,holdout,0,0,0
R01775,Market trader,early access,0,0,0
R01776,Salary earner,early access,1,1,0
R01777,Salary earner,holdout,0,1,0
R01778,Small business,early access,0,0,0
R01779,Salary earner,holdout,0,0,0
R01780,Salary earner,early access,0,1,0
R01781,Market trader,early access,1,1,0
R01782,Market trader,early access,0,1,0
R01783,Market trader,holdout,0,0,0
R01784,Salary earner,early access,1,1,0
R01785,Salary earner,early access,0,1,0
R01786,Salary earner,early access,0,1,0
R01787,Market trader,holdout,0,0,0
R01788,Student,holdout,0,1,0
R01789,Small business,holdout,0,1,0
R01790,Salary earner,early access,0,1,0
R01791,Salary earner,holdout,0,1,0
R01792,Market trader,holdout,0,0,0
R01793,Student,holdout,0,1,0
R01794,Market trader,early access,1,1,0
R01795,Small business,early access,1,1,0
R01796,Market trader,early access,0,0,0
R01797,Student,early access,1,1,0
R01798,Salary earner,holdout,0,1,0
R01799,Student,holdout,0,0,0
R01800,Market trader,holdout,0,0,0
R01801,Market trader,holdout,0,0,0
R01802,Market trader,holdout,0,0,0
R01803,Small business,holdout,0,1,0
R01804,Student,early access,1,1,0
R01805,Student,early access,0,1,0
R01806,Market trader,early access,1,1,0
R01807,Market trader,holdout,0,1,0
R01808,Small business,holdout,0,0,0
R01809,Salary earner,holdout,0,1,0
R01810,Market trader,early access,0,1,0
R01811,Market trader,holdout,0,1,0
R01812,Salary earner,early access,1,0,0
R01813,Salary earner,holdout,0,1,0
R01814,Market trader,early access,1,1,0
R01815,Salary earner,early access,0,0,0
R01816,Salary earner,holdout,0,0,0
R01817,Student,early access,1,1,0
R01818,Small business,holdout,0,0,0
R01819,Market trader,early access,0,0,0
R01820,Salary earner,holdout,0,0,0
R01821,Market trader,holdout,0,0,0
R01822,Market trader,holdout,0,0,0
R01823,Student,holdout,0,0,1
R01824,Salary earner,holdout,0,0,0
R01825,Student,holdout,0,0,0
R01826,Small business,holdout,0,0,0
R01827,Student,early access,0,1,0
R01828,Small business,early access,0,1,0
R01829,Market trader,early access,0,0,0
R01830,Salary earner,early access,0,1,0
R01831,Market trader,early access,0,0,0
R01832,Salary earner,early access,0,1,0
R01833,Salary earner,early access,1,1,0
R01834,Market trader,holdout,0,1,0
R01835,Market trader,holdout,0,1,0
R01836,Salary earner,holdout,0,0,0
R01837,Market trader,holdout,0,1,0
R01838,Student,holdout,0,0,0
R01839,Salary earner,early access,1,1,0
R01840,Small business,early access,0,0,0
R01841,Market trader,early access,1,1,0
R01842,Market trader,holdout,0,0,0
R01843,Salary earner,early access,0,1,0
R01844,Salary earner,holdout,0,1,0
R01845,Salary earner,holdout,0,0,0
R01846,Salary earner,holdout,0,1,0
R01847,Salary earner,early access,0,1,0
R01848,Salary earner,early access,0,1,0
R01849,Small business,early access,1,1,0
R01850,Salary earner,holdout,0,0,0
R01851,Salary earner,holdout,0,1,0
R01852,Small business,holdout,0,0,0
R01853,Small business,holdout,0,0,0
R01854,Market trader,early access,1,1,0
R01855,Salary earner,early access,1,0,0
R01856,Small business,holdout,0,1,0
R01857,Salary earner,early access,0,0,0
R01858,Market trader,early access,0,0,0
R01859,Salary earner,early access,0,1,0
R01860,Salary earner,holdout,0,1,0
R01861,Market trader,holdout,0,0,0
R01862,Student,early access,0,1,0
R01863,Salary earner,early access,1,1,0
R01864,Market trader,holdout,0,1,0
R01865,Salary earner,early access,0,0,0
R01866,Salary earner,holdout,0,1,0
R01867,Salary earner,holdout,0,0,0
R01868,Market trader,holdout,0,0,0
R01869,Student,early access,0,1,0
R01870,Student,holdout,0,0,0
R01871,Salary earner,holdout,0,0,0
R01872,Small business,early access,1,0,0
R01873,Market trader,early access,0,0,0
R01874,Student,early access,1,1,0
R01875,Market trader,early access,1,1,0
R01876,Small business,holdout,0,0,0
R01877,Salary earner,holdout,0,0,1
R01878,Student,early access,0,1,0
R01879,Market trader,early access,0,0,0
R01880,Student,early access,0,1,0
R01881,Salary earner,early access,0,1,0
R01882,Student,early access,0,1,0
R01883,Market trader,holdout,0,1,0
R01884,Market trader,holdout,0,1,0
R01885,Student,early access,1,1,0
R01886,Student,holdout,0,1,0
R01887,Small business,early access,0,0,0
R01888,Small business,holdout,0,1,0
R01889,Student,holdout,0,1,0
R01890,Student,early access,1,1,0
R01891,Salary earner,early access,1,0,0
R01892,Salary earner,holdout,0,0,0
R01893,Salary earner,holdout,0,0,0
R01894,Market trader,holdout,0,0,0
R01895,Market trader,early access,0,0,0
R01896,Market trader,holdout,0,1,1
R01897,Small business,holdout,0,1,0
R01898,Student,early access,0,1,0
R01899,Salary earner,holdout,0,0,0
R01900,Salary earner,holdout,0,1,0
R01901,Student,early access,1,0,0
R01902,Market trader,holdout,0,0,0
R01903,Market trader,holdout,0,1,0
R01904,Student,holdout,0,1,0
R01905,Market trader,early access,0,0,0
R01906,Salary earner,early access,0,1,0
R01907,Market trader,early access,0,1,0
R01908,Market trader,holdout,0,0,0
R01909,Market trader,early access,0,1,0
R01910,Student,holdout,0,1,0
R01911,Salary earner,early access,1,1,0
R01912,Salary earner,early access,0,1,0
R01913,Salary earner,early access,1,1,1
R01914,Market trader,early access,0,0,0
R01915,Salary earner,early access,1,1,0
R01916,Salary earner,early access,0,1,0
R01917,Student,holdout,0,1,0
R01918,Market trader,early access,0,0,0
R01919,Student,early access,0,1,0
R01920,Market trader,holdout,0,1,0
R01921,Salary earner,holdout,0,1,0
R01922,Student,early access,1,1,0
R01923,Salary earner,early access,1,1,0
R01924,Student,holdout,0,1,0
R01925,Student,holdout,0,0,0
R01926,Market trader,early access,1,1,0
R01927,Student,early access,0,0,1
R01928,Small business,holdout,0,1,0
R01929,Salary earner,holdout,0,1,0
R01930,Small business,holdout,0,1,0
R01931,Salary earner,early access,0,1,0
R01932,Market trader,holdout,0,0,0
R01933,Salary earner,holdout,0,1,0
R01934,Market trader,early access,1,1,0
R01935,Student,early access,1,1,0
R01936,Salary earner,early access,1,0,0
R01937,Market trader,early access,1,1,0
R01938,Market trader,early access,0,1,0
R01939,Market trader,holdout,0,0,0
R01940,Market trader,early access,1,1,0
R01941,Market trader,early access,0,0,0
R01942,Market trader,holdout,0,1,0
R01943,Salary earner,holdout,0,1,0
R01944,Salary earner,holdout,0,1,0
R01945,Market trader,holdout,0,1,0
R01946,Small business,early access,0,0,0
R01947,Market trader,early access,0,0,0
R01948,Market trader,holdout,0,0,0
R01949,Salary earner,early access,1,0,0
R01950,Student,holdout,0,1,0
R01951,Market trader,early access,0,1,0
R01952,Small business,holdout,0,1,1
R01953,Small business,early access,0,0,0
R01954,Salary earner,early access,1,1,0
R01955,Market trader,holdout,0,0,0
R01956,Student,early access,1,1,0
R01957,Small business,holdout,0,1,0
R01958,Market trader,holdout,0,1,0
R01959,Student,early access,0,1,0
R01960,Student,holdout,0,1,0
R01961,Small business,early access,0,1,0
R01962,Student,early access,0,1,0
R01963,Small business,holdout,0,1,0
R01964,Market trader,holdout,0,0,0
R01965,Student,holdout,0,0,0
R01966,Market trader,early access,0,1,0
R01967,Student,early access,0,0,0
R01968,Market trader,holdout,0,1,0
R01969,Market trader,holdout,0,0,0
R01970,Salary earner,holdout,0,1,0
R01971,Market trader,holdout,0,1,0
R01972,Student,early access,0,0,0
R01973,Market trader,early access,0,0,1
R01974,Small business,early access,0,0,0
R01975,Market trader,early access,0,0,0
R01976,Market trader,early access,1,1,0
R01977,Student,holdout,0,1,0
R01978,Market trader,holdout,0,1,0
R01979,Small business,holdout,0,1,0
R01980,Market trader,holdout,0,0,0
R01981,Salary earner,early access,1,0,0
R01982,Market trader,early access,0,0,0
R01983,Small business,holdout,0,0,0
R01984,Small business,early access,0,1,0
R01985,Salary earner,early access,0,1,0
R01986,Salary earner,holdout,0,1,0
R01987,Salary earner,holdout,0,1,0
R01988,Market trader,early access,0,0,0
R01989,Market trader,early access,1,1,0
R01990,Student,early access,1,1,0
R01991,Small business,holdout,0,0,0
R01992,Small business,holdout,0,1,0
R01993,Salary earner,holdout,0,0,0
R01994,Market trader,early access,1,0,0
R01995,Small business,holdout,0,1,0
R01996,Market trader,holdout,0,0,0
R01997,Market trader,holdout,0,1,0
R01998,Salary earner,holdout,0,1,0
R01999,Student,holdout,0,1,0
R02000,Market trader,early access,1,0,0
R02001,Small business,early access,0,0,0
R02002,Market trader,early access,1,1,0
R02003,Salary earner,early access,1,1,0
R02004,Student,early access,0,0,0
R02005,Salary earner,early access,1,1,0
R02006,Market trader,early access,0,0,0
R02007,Small business,early access,0,1,0
R02008,Small business,holdout,0,1,0
R02009,Market trader,holdout,0,1,0
R02010,Salary earner,holdout,0,1,0
R02011,Market trader,holdout,0,1,1
R02012,Salary earner,early access,1,0,0
R02013,Market trader,holdout,0,0,0
R02014,Salary earner,early access,0,0,0
R02015,Student,early access,0,1,0
R02016,Student,early access,0,1,0
R02017,Market trader,early access,1,1,0
R02018,Student,holdout,0,1,0
R02019,Market trader,early access,1,1,0
R02020,Student,early access,0,0,0
R02021,Salary earner,early access,1,0,0
R02022,Student,holdout,0,0,0
R02023,Salary earner,holdout,0,1,0
R02024,Market trader,early access,1,1,0
R02025,Student,early access,0,0,0
R02026,Market trader,holdout,0,1,0
R02027,Salary earner,early access,1,1,0
R02028,Salary earner,early access,0,1,0
R02029,Salary earner,early access,1,0,1
R02030,Small business,holdout,0,0,0
R02031,Small business,early access,1,1,0
R02032,Small business,early access,0,1,0
R02033,Market trader,holdout,0,0,0
R02034,Student,holdout,0,1,0
R02035,Student,holdout,0,0,0
R02036,Small business,early access,0,0,0
R02037,Salary earner,early access,0,1,0
R02038,Small business,early access,1,1,0
R02039,Small business,early access,0,0,0
R02040,Student,early access,0,1,0
R02041,Student,holdout,0,1,0
R02042,Market trader,early access,0,0,0
R02043,Student,holdout,0,0,0
R02044,Salary earner,holdout,0,0,0
R02045,Market trader,early access,1,1,0
R02046,Small business,holdout,0,1,0
R02047,Student,holdout,0,1,1
R02048,Small business,early access,1,0,0
R02049,Student,holdout,0,1,0
R02050,Small business,early access,0,1,0
R02051,Market trader,holdout,0,1,0
R02052,Student,holdout,0,0,0
R02053,Small business,holdout,0,1,0
R02054,Salary earner,early access,0,0,0
R02055,Market trader,early access,0,1,0
R02056,Salary earner,holdout,0,0,0
R02057,Small business,holdout,0,0,0
R02058,Small business,holdout,0,1,0
R02059,Market trader,holdout,0,1,0
R02060,Market trader,early access,1,1,0
R02061,Salary earner,early access,0,0,0
R02062,Salary earner,early access,1,1,0
R02063,Student,holdout,0,1,0
R02064,Small business,holdout,0,1,0
R02065,Market trader,early access,1,0,0
R02066,Market trader,holdout,0,0,0
R02067,Salary earner,early access,1,1,0
R02068,Market trader,early access,1,1,0
R02069,Salary earner,early access,1,1,0
R02070,Small business,early access,1,0,0
R02071,Student,early access,1,1,0
R02072,Small business,holdout,0,0,0
R02073,Market trader,holdout,0,1,0
R02074,Market trader,holdout,0,1,0
R02075,Student,holdout,0,1,0
R02076,Market trader,early access,1,1,0
R02077,Salary earner,early access,1,1,0
R02078,Salary earner,holdout,0,1,0
R02079,Market trader,early access,0,0,0
R02080,Market trader,holdout,0,1,1
R02081,Salary earner,holdout,0,1,0
R02082,Salary earner,holdout,0,1,0
R02083,Salary earner,holdout,0,1,0
R02084,Market trader,holdout,0,0,0
R02085,Salary earner,holdout,0,1,0
R02086,Salary earner,holdout,0,1,0
R02087,Market trader,early access,1,1,0
R02088,Market trader,holdout,0,1,0
R02089,Market trader,early access,0,1,0
R02090,Salary earner,holdout,0,1,0
R02091,Student,holdout,0,1,0
R02092,Student,early access,0,1,0
R02093,Market trader,early access,1,1,0
R02094,Student,early access,0,1,0
R02095,Salary earner,holdout,0,0,0
R02096,Market trader,holdout,0,1,1
R02097,Student,holdout,0,1,0
R02098,Market trader,holdout,0,0,0
R02099,Salary earner,holdout,0,0,0
R02100,Student,holdout,0,0,0
R02101,Student,holdout,0,1,0
R02102,Student,holdout,0,0,0
R02103,Student,holdout,0,1,0
R02104,Student,holdout,0,1,0
R02105,Student,holdout,0,1,1
R02106,Market trader,early access,0,0,0
R02107,Market trader,early access,1,0,0
R02108,Market trader,early access,1,1,0
R02109,Student,holdout,0,1,0
R02110,Student,early access,0,1,0
R02111,Salary earner,early access,1,0,0
R02112,Market trader,holdout,0,1,0
R02113,Market trader,early access,0,1,0
R02114,Market trader,early access,1,1,0
R02115,Market trader,early access,1,1,0
R02116,Student,holdout,0,0,0
R02117,Market trader,holdout,0,1,1
R02118,Salary earner,holdout,0,1,0
R02119,Student,holdout,0,0,1
R02120,Small business,early access,0,1,0
R02121,Market trader,early access,0,1,0
R02122,Market trader,early access,0,0,0
R02123,Salary earner,early access,0,1,0
R02124,Market trader,holdout,0,1,0
R02125,Small business,early access,0,1,0
R02126,Market trader,early access,0,1,0
R02127,Market trader,holdout,0,1,0
R02128,Market trader,holdout,0,0,0
R02129,Salary earner,holdout,0,0,0
R02130,Student,early access,1,1,0
R02131,Small business,early access,1,1,0
R02132,Market trader,holdout,0,1,0
R02133,Small business,early access,1,1,0
R02134,Market trader,holdout,0,0,0
R02135,Market trader,early access,0,1,0
R02136,Salary earner,early access,1,1,0
R02137,Market trader,early access,1,0,0
R02138,Student,holdout,0,1,0
R02139,Small business,early access,0,1,0
R02140,Salary earner,early access,0,1,0
R02141,Market trader,holdout,0,1,0
R02142,Small business,holdout,0,1,1
R02143,Market trader,holdout,0,1,0
R02144,Student,holdout,0,0,0
R02145,Small business,holdout,0,0,0
R02146,Market trader,early access,0,0,0
R02147,Market trader,holdout,0,0,0
R02148,Salary earner,early access,0,1,0
R02149,Small business,holdout,0,1,0
R02150,Salary earner,early access,1,1,0
R02151,Salary earner,holdout,0,0,0
R02152,Salary earner,holdout,0,0,0
R02153,Market trader,holdout,0,0,0
R02154,Market trader,holdout,0,1,0
R02155,Small business,holdout,0,1,0
R02156,Market trader,holdout,0,1,0
R02157,Small business,holdout,0,1,0
R02158,Salary earner,holdout,0,1,0
R02159,Market trader,holdout,0,1,0
R02160,Market trader,early access,0,0,0
R02161,Salary earner,holdout,0,1,0
R02162,Salary earner,early access,0,0,0
R02163,Small business,early access,1,1,0
R02164,Market trader,early access,0,1,0
R02165,Student,holdout,0,1,0
R02166,Salary earner,early access,0,0,0
R02167,Salary earner,early access,1,1,0
R02168,Small business,holdout,0,0,1
R02169,Market trader,holdout,0,1,0
R02170,Salary earner,early access,0,1,0
R02171,Market trader,early access,0,0,0
R02172,Market trader,early access,0,1,0
R02173,Student,early access,0,1,0
R02174,Market trader,holdout,0,0,0
R02175,Small business,early access,0,1,0
R02176,Salary earner,early access,0,1,0
R02177,Small business,early access,1,0,0
R02178,Market trader,holdout,0,1,1
R02179,Salary earner,early access,1,0,0
R02180,Small business,early access,1,1,0
R02181,Small business,early access,0,0,0
R02182,Student,early access,1,0,1
R02183,Salary earner,early access,0,1,0
R02184,Market trader,holdout,0,1,0
R02185,Market trader,holdout,0,0,0
R02186,Market trader,holdout,0,1,0
R02187,Student,early access,1,0,0
R02188,Market trader,early access,0,1,0
R02189,Salary earner,holdout,0,0,0
R02190,Salary earner,early access,1,1,0
R02191,Small business,holdout,0,1,0
R02192,Salary earner,early access,1,1,0
R02193,Market trader,holdout,0,1,0
R02194,Small business,early access,0,0,0
R02195,Student,early access,0,0,0
R02196,Small business,early access,1,0,0
R02197,Market trader,early access,1,1,0
R02198,Student,holdout,0,0,0
R02199,Market trader,holdout,0,0,0
R02200,Student,holdout,0,0,0
R02201,Salary earner,early access,1,1,0
R02202,Small business,early access,0,1,0
R02203,Market trader,early access,1,1,0
R02204,Student,early access,1,1,0
R02205,Student,early access,0,0,0
R02206,Student,holdout,0,1,0
R02207,Salary earner,early access,0,0,0
R02208,Market trader,early access,1,0,0
R02209,Market trader,holdout,0,1,0
R02210,Small business,holdout,0,1,0
R02211,Market trader,holdout,0,1,0
R02212,Salary earner,early access,1,1,0
R02213,Salary earner,holdout,0,0,0
R02214,Student,holdout,0,1,0
R02215,Student,holdout,0,1,0
R02216,Salary earner,early access,1,1,0
R02217,Market trader,early access,1,1,0
R02218,Student,early access,0,0,0
R02219,Student,holdout,0,0,0
R02220,Small business,holdout,0,0,0
R02221,Market trader,holdout,0,0,0
R02222,Salary earner,holdout,0,0,0
R02223,Student,holdout,0,1,0
R02224,Market trader,early access,0,1,0
R02225,Student,early access,0,1,0
R02226,Market trader,early access,1,1,0
R02227,Small business,early access,0,0,0
R02228,Salary earner,holdout,0,1,0
R02229,Salary earner,holdout,0,1,0
R02230,Student,holdout,0,1,0
R02231,Small business,holdout,0,0,0
R02232,Small business,early access,1,1,0
R02233,Student,early access,1,1,0
R02234,Salary earner,holdout,0,1,0
R02235,Market trader,holdout,0,1,0
R02236,Student,holdout,0,1,0
R02237,Market trader,early access,0,0,0
R02238,Market trader,early access,1,1,0
R02239,Student,holdout,0,0,0
R02240,Small business,early access,0,1,0
R02241,Student,early access,0,1,0
R02242,Salary earner,early access,0,0,0
R02243,Small business,early access,0,0,0
R02244,Small business,holdout,0,0,0
R02245,Student,early access,0,1,0
R02246,Student,holdout,0,1,0
R02247,Market trader,holdout,0,1,0
R02248,Market trader,early access,0,1,0
R02249,Student,holdout,0,0,0
R02250,Small business,early access,1,1,0
R02251,Market trader,holdout,0,0,0
R02252,Salary earner,early access,0,1,0
R02253,Market trader,early access,1,1,0
R02254,Salary earner,holdout,0,1,0
R02255,Student,early access,0,0,0
R02256,Salary earner,early access,0,1,0
R02257,Salary earner,early access,1,0,0
R02258,Student,holdout,0,1,0
R02259,Salary earner,holdout,0,1,0
R02260,Small business,early access,0,1,0
R02261,Salary earner,early access,0,1,0
R02262,Market trader,early access,1,0,0
R02263,Salary earner,early access,1,0,0
R02264,Market trader,early access,1,1,0
R02265,Small business,holdout,0,1,0
R02266,Salary earner,holdout,0,0,0
R02267,Salary earner,holdout,0,1,0
R02268,Salary earner,holdout,0,0,0
R02269,Market trader,early access,0,0,0
R02270,Student,early access,0,1,0
R02271,Salary earner,holdout,0,1,0
R02272,Market trader,holdout,0,0,0
R02273,Market trader,early access,0,1,0
R02274,Small business,early access,1,0,0
R02275,Student,early access,0,0,0
R02276,Market trader,early access,0,0,0
R02277,Student,early access,1,1,0
R02278,Small business,early access,0,1,0
R02279,Student,early access,0,1,0
R02280,Market trader,holdout,0,0,0
R02281,Student,early access,1,1,0
R02282,Small business,holdout,0,1,0
R02283,Salary earner,holdout,0,0,0
R02284,Salary earner,early access,1,1,0
R02285,Salary earner,early access,1,1,0
R02286,Salary earner,holdout,0,0,0
R02287,Salary earner,holdout,0,1,0
R02288,Market trader,early access,1,0,0
R02289,Market trader,early access,0,1,0
R02290,Small business,early access,1,1,0
R02291,Small business,holdout,0,1,1
R02292,Student,early access,1,1,0
R02293,Market trader,holdout,0,0,1
R02294,Market trader,holdout,0,0,0
R02295,Market trader,early access,1,1,0
R02296,Small business,early access,0,0,0
R02297,Market trader,early access,0,1,0
R02298,Small business,early access,0,0,0
R02299,Student,holdout,0,0,0
R02300,Student,early access,0,1,0
R02301,Salary earner,holdout,0,1,0
R02302,Student,early access,0,1,0
R02303,Salary earner,early access,1,0,0
R02304,Student,early access,0,1,0
R02305,Salary earner,early access,0,1,0
R02306,Salary earner,early access,0,0,0
R02307,Salary earner,early access,0,1,0
R02308,Salary earner,holdout,0,1,0
R02309,Salary earner,holdout,0,0,0
R02310,Small business,holdout,0,0,0
R02311,Salary earner,holdout,0,1,0
R02312,Small business,holdout,0,1,0
R02313,Market trader,early access,0,0,0
R02314,Student,early access,0,0,0
R02315,Market trader,holdout,0,0,0
R02316,Small business,holdout,0,0,0
R02317,Student,early access,0,1,0
R02318,Salary earner,holdout,0,0,0
R02319,Salary earner,holdout,0,1,0
R02320,Market trader,early access,0,0,0
R02321,Salary earner,holdout,0,0,0
R02322,Market trader,holdout,0,1,0
R02323,Market trader,holdout,0,1,0
R02324,Market trader,early access,0,1,0
R02325,Market trader,early access,1,0,0
R02326,Salary earner,early access,1,0,0
R02327,Salary earner,holdout,0,0,0
R02328,Market trader,early access,0,1,0
R02329,Student,holdout,0,0,0
R02330,Salary earner,early access,0,0,0
R02331,Salary earner,holdout,0,1,0
R02332,Market trader,holdout,0,1,0
R02333,Student,holdout,0,1,0
R02334,Student,early access,1,1,0
R02335,Market trader,early access,1,1,0
R02336,Small business,holdout,0,0,0
R02337,Market trader,early access,0,1,0
R02338,Small business,early access,0,0,0
R02339,Student,early access,1,0,0
R02340,Market trader,holdout,0,0,1
R02341,Market trader,early access,1,1,0
R02342,Student,holdout,0,1,0
R02343,Student,holdout,0,1,0
R02344,Market trader,holdout,0,0,0
R02345,Market trader,holdout,0,1,0
R02346,Market trader,early access,1,1,0
R02347,Market trader,early access,0,1,0
R02348,Salary earner,early access,0,0,0
R02349,Market trader,early access,0,1,0
R02350,Small business,holdout,0,1,0
R02351,Student,early access,0,0,0
R02352,Student,early access,0,1,0
R02353,Student,early access,0,1,0
R02354,Student,early access,1,1,0
R02355,Student,holdout,0,0,0
R02356,Salary earner,holdout,0,1,0
R02357,Student,holdout,0,0,0
R02358,Salary earner,holdout,0,1,0
R02359,Student,holdout,0,0,0
R02360,Salary earner,holdout,0,1,0
R02361,Market trader,early access,0,1,0
R02362,Student,early access,0,1,0
R02363,Salary earner,holdout,0,0,0
R02364,Small business,holdout,0,0,0
R02365,Small business,holdout,0,1,0
R02366,Student,holdout,0,1,0
R02367,Market trader,holdout,0,0,0
R02368,Market trader,early access,1,1,0
R02369,Salary earner,early access,1,1,0
R02370,Small business,holdout,0,1,0
R02371,Small business,holdout,0,0,0
R02372,Small business,holdout,0,0,0
R02373,Salary earner,holdout,0,0,1
R02374,Market trader,holdout,0,1,0
R02375,Student,early access,0,1,0
R02376,Student,early access,1,1,0
R02377,Salary earner,early access,1,1,0
R02378,Market trader,holdout,0,1,0
R02379,Student,early access,0,1,0
R02380,Salary earner,holdout,0,0,0
R02381,Market trader,holdout,0,0,1
R02382,Salary earner,holdout,0,0,0
R02383,Market trader,holdout,0,1,0
R02384,Market trader,holdout,0,0,0
R02385,Salary earner,holdout,0,1,0
R02386,Market trader,early access,1,1,0
R02387,Market trader,holdout,0,0,0
R02388,Small business,holdout,0,1,0
R02389,Salary earner,early access,1,1,0
R02390,Small business,holdout,0,1,0
R02391,Salary earner,early access,1,1,0
R02392,Salary earner,early access,1,1,0
R02393,Student,holdout,0,0,0
R02394,Market trader,early access,0,0,0
R02395,Market trader,holdout,0,0,0
R02396,Small business,early access,0,0,0
R02397,Small business,holdout,0,0,0
R02398,Student,early access,0,1,0
R02399,Salary earner,early access,0,0,0
R02400,Market trader,holdout,0,1,0
R02401,Salary earner,early access,0,1,1
R02402,Salary earner,early access,1,1,0
R02403,Market trader,early access,1,1,0
R02404,Market trader,early access,0,0,0
R02405,Salary earner,early access,0,0,0
R02406,Market trader,holdout,0,1,0
R02407,Small business,early access,1,0,1
R02408,Market trader,early access,0,0,0
R02409,Market trader,holdout,0,0,0
R02410,Market trader,early access,1,1,0
R02411,Market trader,holdout,0,1,0
R02412,Student,holdout,0,1,0
R02413,Market trader,early access,0,1,0
R02414,Student,early access,0,1,0
R02415,Market trader,holdout,0,1,0
R02416,Salary earner,early access,1,1,0
R02417,Salary earner,holdout,0,1,1
R02418,Small business,early access,1,0,0
R02419,Student,early access,0,0,0
R02420,Salary earner,holdout,0,1,0
R02421,Salary earner,early access,0,1,0
R02422,Market trader,early access,0,0,0
R02423,Market trader,early access,0,0,0
R02424,Market trader,early access,0,0,0
R02425,Student,early access,0,1,0
R02426,Small business,early access,0,0,0
R02427,Salary earner,holdout,0,1,0
R02428,Market trader,early access,1,1,0
R02429,Market trader,early access,1,1,0
R02430,Market trader,early access,1,1,0
R02431,Salary earner,holdout,0,0,0
R02432,Small business,holdout,0,1,0
R02433,Student,early access,0,1,0
R02434,Salary earner,early access,0,1,0
R02435,Student,early access,0,0,0
R02436,Market trader,holdout,0,1,0
R02437,Market trader,early access,0,0,0
R02438,Small business,holdout,0,1,0
R02439,Student,holdout,0,1,0
R02440,Market trader,early access,1,1,0
R02441,Market trader,early access,1,0,1
R02442,Small business,holdout,0,1,0
R02443,Market trader,early access,1,1,0
R02444,Student,holdout,0,1,0
R02445,Market trader,early access,0,0,0
R02446,Market trader,holdout,0,1,0
R02447,Salary earner,early access,1,1,0
R02448,Salary earner,holdout,0,1,1
R02449,Market trader,early access,1,1,0
R02450,Market trader,holdout,0,0,0
R02451,Salary earner,holdout,0,0,0
R02452,Market trader,holdout,0,1,0
R02453,Market trader,early access,0,1,0
R02454,Market trader,holdout,0,0,0
R02455,Salary earner,holdout,0,1,0
R02456,Salary earner,holdout,0,1,0
R02457,Salary earner,early access,0,1,0
R02458,Salary earner,early access,1,0,0
R02459,Student,holdout,0,0,0
R02460,Small business,holdout,0,1,0
R02461,Market trader,holdout,0,1,0
R02462,Salary earner,holdout,0,0,0
R02463,Small business,early access,1,1,0
R02464,Salary earner,early access,0,1,0
R02465,Small business,early access,1,0,0
R02466,Market trader,holdout,0,1,0
R02467,Market trader,early access,0,0,0
R02468,Market trader,holdout,0,1,0
R02469,Salary earner,early access,1,0,0
R02470,Small business,early access,1,1,0
R02471,Student,holdout,0,1,0
R02472,Small business,holdout,0,1,0
R02473,Salary earner,early access,1,1,0
R02474,Market trader,holdout,0,1,0
R02475,Small business,early access,1,1,0
R02476,Student,holdout,0,1,0
R02477,Small business,holdout,0,1,0
R02478,Student,holdout,0,0,0
R02479,Salary earner,holdout,0,0,0
R02480,Student,early access,0,0,0
R02481,Student,holdout,0,0,0
R02482,Salary earner,early access,1,1,0
R02483,Market trader,early access,0,1,0
R02484,Salary earner,early access,1,1,0
R02485,Small business,holdout,0,1,0
R02486,Salary earner,early access,1,0,1
R02487,Market trader,holdout,0,1,1
R02488,Student,holdout,0,0,0
R02489,Small business,early access,1,1,0
R02490,Market trader,holdout,0,0,0
R02491,Salary earner,early access,0,1,0
R02492,Student,holdout,0,1,0
R02493,Salary earner,holdout,0,0,0
R02494,Market trader,holdout,0,0,1
R02495,Salary earner,holdout,0,1,0
R02496,Market trader,holdout,0,0,0
R02497,Salary earner,early access,1,0,0
R02498,Market trader,holdout,0,1,0
R02499,Market trader,early access,0,1,0
R02500,Market trader,early access,1,0,0
R02501,Market trader,holdout,0,0,0
R02502,Small business,early access,0,0,0
R02503,Market trader,holdout,0,0,0
R02504,Student,early access,0,1,0
R02505,Salary earner,early access,1,1,0
R02506,Market trader,holdout,0,0,0
R02507,Salary earner,holdout,0,1,0
R02508,Salary earner,early access,1,1,0
R02509,Market trader,holdout,0,0,0
R02510,Salary earner,early access,0,0,0
R02511,Market trader,early access,0,0,0
R02512,Market trader,early access,0,1,0
R02513,Salary earner,early access,0,1,0
R02514,Market trader,holdout,0,1,0
R02515,Salary earner,early access,1,0,0
R02516,Small business,early access,0,0,0
R02517,Market trader,holdout,0,1,0
R02518,Small business,early access,0,0,0
R02519,Small business,early access,0,1,0
R02520,Market trader,holdout,0,1,0
R02521,Student,holdout,0,0,0
R02522,Salary earner,early access,1,1,0
R02523,Salary earner,holdout,0,1,0
R02524,Market trader,early access,0,0,0
R02525,Student,holdout,0,1,1
R02526,Salary earner,holdout,0,1,0
R02527,Student,early access,1,1,0
R02528,Market trader,holdout,0,0,0
R02529,Market trader,holdout,0,0,0
R02530,Market trader,early access,1,1,0
R02531,Market trader,early access,0,0,0
R02532,Salary earner,early access,1,1,0
R02533,Market trader,early access,0,1,0
R02534,Market trader,holdout,0,0,0
R02535,Salary earner,early access,1,1,1
R02536,Market trader,early access,0,1,0
R02537,Market trader,holdout,0,0,0
R02538,Market trader,holdout,0,0,0
R02539,Market trader,early access,0,0,0
R02540,Salary earner,holdout,0,1,0
R02541,Market trader,early access,1,1,0
R02542,Salary earner,holdout,0,1,0
R02543,Student,holdout,0,1,1
R02544,Market trader,holdout,0,0,0
R02545,Small business,holdout,0,0,1
R02546,Market trader,holdout,0,0,1
R02547,Student,holdout,0,1,0
R02548,Salary earner,early access,0,1,0
R02549,Student,holdout,0,1,0
R02550,Market trader,holdout,0,0,0
R02551,Small business,holdout,0,1,0
R02552,Small business,early access,1,1,0
R02553,Student,early access,0,1,0
R02554,Student,holdout,0,1,0
R02555,Salary earner,holdout,0,1,0
R02556,Salary earner,holdout,0,0,0
R02557,Student,holdout,0,1,1
R02558,Market trader,early access,1,1,0
R02559,Market trader,early access,0,0,0
R02560,Salary earner,holdout,0,0,0
R02561,Salary earner,early access,1,1,0
R02562,Salary earner,holdout,0,1,0
R02563,Market trader,holdout,0,0,0
R02564,Small business,early access,0,1,0
R02565,Salary earner,early access,0,1,1
R02566,Student,holdout,0,0,0
R02567,Small business,holdout,0,1,0
R02568,Market trader,early access,1,1,0
R02569,Small business,early access,1,1,0
R02570,Salary earner,holdout,0,1,0
R02571,Market trader,holdout,0,0,0
R02572,Salary earner,early access,1,0,0
R02573,Salary earner,holdout,0,1,0
R02574,Market trader,early access,0,1,0
R02575,Market trader,holdout,0,1,0
R02576,Market trader,holdout,0,1,0
R02577,Student,holdout,0,1,0
R02578,Small business,early access,1,1,0
R02579,Salary earner,holdout,0,1,0
R02580,Market trader,holdout,0,1,0
R02581,Salary earner,holdout,0,1,0
R02582,Student,holdout,0,0,0
R02583,Market trader,holdout,0,0,0
R02584,Market trader,early access,0,1,0
R02585,Market trader,early access,1,1,0
R02586,Market trader,early access,0,0,0
R02587,Market trader,early access,0,0,0
R02588,Market trader,holdout,0,1,1
R02589,Market trader,holdout,0,1,0
R02590,Market trader,early access,0,0,1
R02591,Salary earner,holdout,0,1,0
R02592,Student,holdout,0,1,0
R02593,Salary earner,early access,0,0,0
R02594,Salary earner,holdout,0,1,0
R02595,Student,holdout,0,0,0
R02596,Student,early access,0,0,0
R02597,Student,holdout,0,0,0
R02598,Student,holdout,0,0,0
R02599,Market trader,early access,0,1,0
R02600,Salary earner,holdout,0,1,0
R02601,Market trader,holdout,0,1,0
R02602,Market trader,early access,0,0,0
R02603,Student,holdout,0,1,0
R02604,Small business,early access,1,0,0
R02605,Salary earner,holdout,0,1,0
R02606,Salary earner,early access,1,1,0
R02607,Market trader,holdout,0,1,0
R02608,Market trader,early access,0,0,0
R02609,Salary earner,early access,0,1,0
R02610,Market trader,early access,1,1,0
R02611,Student,holdout,0,1,0
R02612,Market trader,holdout,0,0,0
R02613,Market trader,early access,0,1,0
R02614,Salary earner,early access,0,0,0
R02615,Market trader,early access,0,0,0
R02616,Market trader,early access,1,1,0
R02617,Small business,holdout,0,1,0
R02618,Salary earner,holdout,0,1,0
R02619,Market trader,early access,0,0,0
R02620,Salary earner,early access,1,1,0
R02621,Market trader,early access,0,1,0
R02622,Market trader,early access,0,0,0
R02623,Salary earner,early access,0,1,0
R02624,Small business,early access,1,0,0
R02625,Market trader,holdout,0,1,0
R02626,Market trader,holdout,0,0,0
R02627,Market trader,early access,0,0,0
R02628,Salary earner,holdout,0,1,0
R02629,Market trader,early access,0,1,0
R02630,Market trader,holdout,0,0,0
R02631,Market trader,early access,1,0,0
R02632,Student,early access,1,0,0
R02633,Salary earner,holdout,0,1,1
R02634,Salary earner,holdout,0,1,0
R02635,Salary earner,early access,1,1,0
R02636,Student,holdout,0,0,0
R02637,Small business,early access,0,1,0
R02638,Market trader,early access,0,1,0
R02639,Student,early access,0,1,0
R02640,Market trader,holdout,0,0,0
R02641,Salary earner,holdout,0,0,0
R02642,Small business,holdout,0,1,0
R02643,Student,holdout,0,1,0
R02644,Market trader,early access,1,1,0
R02645,Market trader,holdout,0,0,0
R02646,Salary earner,holdout,0,1,0
R02647,Small business,holdout,0,0,0
R02648,Salary earner,holdout,0,1,0
R02649,Student,holdout,0,1,0
R02650,Student,early access,0,1,0
R02651,Small business,early access,1,1,0
R02652,Market trader,early access,0,1,0
R02653,Student,early access,1,1,0
R02654,Student,holdout,0,1,0
R02655,Salary earner,holdout,0,1,0
R02656,Small business,holdout,0,1,0
R02657,Salary earner,early access,0,0,0
R02658,Market trader,early access,0,0,0
R02659,Salary earner,early access,1,1,0
R02660,Market trader,holdout,0,0,0
R02661,Salary earner,early access,0,1,0
R02662,Market trader,holdout,0,1,0
R02663,Salary earner,holdout,0,0,0
R02664,Student,early access,0,0,0
R02665,Market trader,holdout,0,0,0
R02666,Salary earner,holdout,0,1,0
R02667,Market trader,holdout,0,1,0
R02668,Student,holdout,0,0,0
R02669,Student,early access,1,1,0
R02670,Market trader,holdout,0,0,0
R02671,Student,holdout,0,1,0
R02672,Salary earner,early access,0,1,0
R02673,Market trader,early access,0,0,0
R02674,Market trader,early access,0,0,0
R02675,Small business,early access,0,0,0
R02676,Market trader,early access,1,0,0
R02677,Salary earner,early access,1,0,0
R02678,Salary earner,holdout,0,1,0
R02679,Salary earner,early access,1,1,0
R02680,Market trader,early access,0,0,0
R02681,Student,holdout,0,0,0
R02682,Market trader,holdout,0,0,0
R02683,Student,early access,0,0,0
R02684,Market trader,holdout,0,0,0
R02685,Market trader,early access,0,0,0
R02686,Market trader,holdout,0,1,0
R02687,Market trader,early access,1,0,0
R02688,Student,holdout,0,1,0
R02689,Student,holdout,0,1,0
R02690,Salary earner,early access,1,1,0
R02691,Market trader,holdout,0,0,1
R02692,Salary earner,holdout,0,0,0
R02693,Salary earner,early access,0,1,1
R02694,Market trader,early access,0,1,0
R02695,Student,early access,1,0,0
R02696,Salary earner,holdout,0,1,0
R02697,Market trader,early access,0,1,0
R02698,Salary earner,holdout,0,1,0
R02699,Market trader,holdout,0,0,0
R02700,Salary earner,holdout,0,1,0
R02701,Student,early access,1,1,0
R02702,Salary earner,holdout,0,0,0
R02703,Student,early access,1,1,0
R02704,Student,holdout,0,1,0
R02705,Small business,early access,0,1,0
R02706,Salary earner,holdout,0,0,0
R02707,Market trader,holdout,0,0,0
R02708,Market trader,holdout,0,0,0
R02709,Student,early access,1,1,0
R02710,Small business,early access,0,0,0
R02711,Student,holdout,0,1,0
R02712,Student,holdout,0,1,0
R02713,Market trader,early access,1,1,0
R02714,Salary earner,holdout,0,0,0
R02715,Salary earner,holdout,0,0,0
R02716,Salary earner,holdout,0,1,0
R02717,Student,holdout,0,0,0
R02718,Student,holdout,0,1,0
R02719,Student,holdout,0,1,0
R02720,Salary earner,holdout,0,0,0
R02721,Market trader,early access,0,1,0
R02722,Salary earner,early access,1,0,0
R02723,Small business,early access,0,1,0
R02724,Small business,early access,1,0,0
R02725,Salary earner,holdout,0,0,0
R02726,Market trader,early access,1,1,0
R02727,Market trader,early access,0,0,0
R02728,Student,early access,1,1,1
R02729,Market trader,early access,0,0,0
R02730,Small business,holdout,0,1,0
R02731,Student,holdout,0,0,0
R02732,Student,holdout,0,1,0
R02733,Student,early access,0,1,0
R02734,Student,early access,0,0,0
R02735,Salary earner,early access,0,1,0
R02736,Student,early access,0,1,0
R02737,Salary earner,early access,0,1,0
R02738,Student,early access,1,1,0
R02739,Market trader,holdout,0,0,0
R02740,Market trader,early access,1,1,0
R02741,Market trader,early access,0,1,0
R02742,Salary earner,early access,1,1,0
R02743,Salary earner,early access,0,1,0
R02744,Market trader,early access,0,1,0
R02745,Student,holdout,0,0,0
R02746,Market trader,early access,0,0,0
R02747,Salary earner,early access,0,1,0
R02748,Salary earner,early access,1,1,0
R02749,Small business,holdout,0,1,0
R02750,Salary earner,early access,0,0,0
R02751,Market trader,early access,1,1,0
R02752,Salary earner,early access,0,1,0
R02753,Small business,holdout,0,1,0
R02754,Student,early access,1,1,0
R02755,Salary earner,holdout,0,1,0
R02756,Market trader,holdout,0,1,0
R02757,Market trader,holdout,0,1,0
R02758,Student,holdout,0,1,0
R02759,Market trader,early access,1,0,0
R02760,Small business,holdout,0,1,0
R02761,Salary earner,holdout,0,1,0
R02762,Salary earner,holdout,0,1,0
R02763,Market trader,early access,0,1,0
R02764,Student,early access,0,1,0
R02765,Market trader,early access,1,1,0
R02766,Small business,early access,0,1,0
R02767,Salary earner,early access,0,1,0
R02768,Salary earner,early access,0,0,0
R02769,Salary earner,early access,1,0,0
R02770,Market trader,early access,0,1,0
R02771,Market trader,holdout,0,1,0
R02772,Student,early access,1,0,0
R02773,Market trader,holdout,0,0,0
R02774,Student,holdout,0,0,0
R02775,Market trader,early access,1,1,0
R02776,Salary earner,holdout,0,0,0
R02777,Student,holdout,0,1,0
R02778,Market trader,holdout,0,0,0
R02779,Student,early access,0,0,0
R02780,Market trader,holdout,0,0,0
R02781,Market trader,holdout,0,1,0
R02782,Salary earner,holdout,0,0,0
R02783,Market trader,holdout,0,0,0
R02784,Market trader,holdout,0,1,0
R02785,Salary earner,holdout,0,0,0
R02786,Market trader,holdout,0,0,0
R02787,Market trader,holdout,0,1,0
R02788,Market trader,early access,0,0,0
R02789,Small business,early access,0,1,0
R02790,Small business,early access,1,1,0
R02791,Market trader,holdout,0,0,0
R02792,Market trader,early access,1,1,0
R02793,Small business,holdout,0,1,0
R02794,Salary earner,early access,1,1,0
R02795,Market trader,early access,1,0,0
R02796,Student,holdout,0,1,0
R02797,Salary earner,early access,1,0,0
R02798,Market trader,holdout,0,0,0
R02799,Market trader,early access,0,1,0
R02800,Market trader,holdout,0,0,0
R02801,Salary earner,early access,0,0,0
R02802,Salary earner,early access,0,1,0
R02803,Student,early access,0,0,0
R02804,Market trader,early access,1,0,0
R02805,Small business,early access,1,0,0
R02806,Student,holdout,0,1,0
R02807,Salary earner,holdout,0,0,0
R02808,Market trader,holdout,0,1,0
R02809,Salary earner,early access,0,0,0
R02810,Small business,early access,0,0,0
R02811,Market trader,holdout,0,0,1
R02812,Market trader,holdout,0,1,1
R02813,Market trader,holdout,0,1,0
R02814,Small business,early access,1,1,0
R02815,Market trader,early access,1,1,0
R02816,Salary earner,holdout,0,1,0
R02817,Market trader,holdout,0,0,0
R02818,Salary earner,holdout,0,0,0
R02819,Market trader,holdout,0,0,1
R02820,Salary earner,holdout,0,1,0
R02821,Salary earner,early access,0,1,0
R02822,Market trader,holdout,0,0,0
R02823,Salary earner,early access,1,1,0
R02824,Salary earner,holdout,0,1,0
R02825,Student,holdout,0,1,0
R02826,Small business,early access,0,0,0
R02827,Student,holdout,0,1,0
R02828,Market trader,early access,1,1,0
R02829,Salary earner,early access,0,1,0
R02830,Market trader,holdout,0,1,0
R02831,Salary earner,early access,0,1,0
R02832,Small business,early access,1,0,0
R02833,Market trader,holdout,0,0,0
R02834,Market trader,holdout,0,1,0
R02835,Market trader,early access,1,1,0
R02836,Market trader,early access,0,1,0
R02837,Market trader,early access,1,0,0
R02838,Student,early access,1,0,0
R02839,Market trader,early access,0,1,0
R02840,Salary earner,holdout,0,1,0
R02841,Student,early access,1,1,0
R02842,Market trader,holdout,0,1,1
R02843,Salary earner,holdout,0,1,0
R02844,Market trader,early access,0,0,0
R02845,Salary earner,early access,1,1,0
R02846,Salary earner,early access,0,0,0
R02847,Small business,early access,0,0,0
R02848,Market trader,early access,1,0,0
R02849,Salary earner,early access,0,1,0
R02850,Market trader,early access,1,1,0
R02851,Salary earner,holdout,0,1,0
R02852,Market trader,holdout,0,1,0
R02853,Salary earner,holdout,0,1,0
R02854,Student,early access,1,1,0
R02855,Student,early access,0,0,0
R02856,Student,holdout,0,1,0
R02857,Small business,early access,0,0,0
R02858,Salary earner,holdout,0,0,0
R02859,Small business,early access,0,1,0
R02860,Market trader,early access,1,1,0
R02861,Market trader,early access,0,0,0
R02862,Salary earner,holdout,0,1,0
R02863,Student,holdout,0,0,0
R02864,Student,holdout,0,1,0
R02865,Salary earner,holdout,0,0,0
R02866,Salary earner,early access,0,1,0
R02867,Salary earner,holdout,0,0,0
R02868,Small business,early access,1,1,0
R02869,Market trader,early access,1,1,0
R02870,Market trader,holdout,0,1,0
R02871,Small business,early access,1,0,0
R02872,Student,early access,0,0,0
R02873,Market trader,early access,0,1,0
R02874,Salary earner,holdout,0,1,0
R02875,Market trader,early access,1,0,0
R02876,Market trader,holdout,0,1,0
R02877,Small business,holdout,0,1,0
R02878,Student,holdout,0,0,0
R02879,Market trader,early access,0,1,0
R02880,Salary earner,early access,0,0,0
R02881,Small business,early access,1,1,0
R02882,Small business,early access,1,0,0
R02883,Market trader,early access,1,1,0
R02884,Salary earner,early access,1,1,0
R02885,Small business,early access,0,0,0
R02886,Small business,holdout,0,1,0
R02887,Small business,early access,0,0,0
R02888,Market trader,early access,1,1,0
R02889,Student,holdout,0,0,0
R02890,Salary earner,early access,1,1,0
R02891,Market trader,holdout,0,0,0
R02892,Market trader,holdout,0,0,0
R02893,Market trader,early access,0,1,0
R02894,Student,early access,0,1,0
R02895,Market trader,early access,0,0,0
R02896,Salary earner,early access,0,0,0
R02897,Student,early access,1,1,0
R02898,Small business,holdout,0,1,0
R02899,Small business,early access,0,0,0
R02900,Student,holdout,0,1,0
R02901,Market trader,early access,0,0,0
R02902,Salary earner,early access,1,1,0
R02903,Market trader,early access,1,1,0
R02904,Salary earner,holdout,0,1,0
R02905,Market trader,holdout,0,1,0
R02906,Salary earner,holdout,0,1,0
R02907,Market trader,early access,0,0,0
R02908,Market trader,holdout,0,1,0
R02909,Salary earner,early access,0,0,0
R02910,Student,early access,1,1,0
R02911,Market trader,early access,0,0,0
R02912,Market trader,early access,0,1,0
R02913,Market trader,early access,0,0,0
R02914,Market trader,early access,1,1,0
R02915,Salary earner,holdout,0,0,0
R02916,Market trader,early access,0,1,0
R02917,Salary earner,early access,0,0,0
R02918,Market trader,early access,0,0,0
R02919,Small business,early access,0,0,0
R02920,Small business,early access,1,1,0
R02921,Market trader,early access,0,0,0
R02922,Salary earner,holdout,0,1,1
R02923,Market trader,holdout,0,0,0
R02924,Student,holdout,0,1,0
R02925,Student,early access,0,0,0
R02926,Market trader,early access,1,0,0
R02927,Salary earner,early access,0,0,1
R02928,Market trader,holdout,0,0,0
R02929,Market trader,holdout,0,1,0
R02930,Salary earner,holdout,0,0,0
R02931,Salary earner,early access,1,0,0
R02932,Market trader,holdout,0,1,0
R02933,Market trader,holdout,0,1,0
R02934,Small business,early access,1,0,0
R02935,Small business,early access,1,1,1
R02936,Market trader,early access,1,1,0
R02937,Small business,early access,0,0,0
R02938,Small business,holdout,0,0,0
R02939,Salary earner,early access,1,1,0
R02940,Market trader,holdout,0,0,1
R02941,Student,holdout,0,0,0
R02942,Salary earner,holdout,0,1,0
R02943,Student,early access,1,0,0
R02944,Salary earner,holdout,0,1,0
R02945,Student,early access,1,1,1
R02946,Student,holdout,0,0,0
R02947,Market trader,holdout,0,0,0
R02948,Market trader,holdout,0,1,0
R02949,Student,early access,1,1,0
R02950,Student,holdout,0,1,0
R02951,Small business,holdout,0,0,0
R02952,Salary earner,early access,1,0,0
R02953,Salary earner,holdout,0,1,0
R02954,Student,holdout,0,1,0
R02955,Student,early access,1,0,0
R02956,Market trader,early access,1,1,0
R02957,Salary earner,holdout,0,1,0
R02958,Market trader,holdout,0,0,0
R02959,Salary earner,holdout,0,1,0
R02960,Small business,holdout,0,1,1
R02961,Salary earner,early access,1,1,0
R02962,Student,holdout,0,1,0
R02963,Student,holdout,0,0,0
R02964,Market trader,early access,1,0,0
R02965,Market trader,early access,1,0,0
R02966,Market trader,early access,1,0,0
R02967,Market trader,early access,0,1,0
R02968,Salary earner,early access,0,1,0
R02969,Market trader,early access,1,1,0
R02970,Salary earner,holdout,0,1,0
R02971,Market trader,early access,0,0,0
R02972,Small business,early access,0,0,0
R02973,Market trader,holdout,0,0,0
R02974,Market trader,early access,1,0,0
R02975,Student,early access,0,1,0
R02976,Market trader,early access,1,1,0
R02977,Salary earner,early access,1,1,0
R02978,Small business,early access,0,1,0
R02979,Market trader,early access,1,1,0
R02980,Student,holdout,0,1,0
R02981,Salary earner,holdout,0,0,0
R02982,Market trader,holdout,0,1,0
R02983,Small business,early access,0,1,0
R02984,Market trader,early access,0,1,0
R02985,Student,early access,0,0,0
R02986,Small business,early access,1,1,0
R02987,Market trader,early access,0,0,0
R02988,Salary earner,early access,0,0,0
R02989,Market trader,holdout,0,1,0
R02990,Salary earner,holdout,0,1,0
R02991,Salary earner,early access,1,1,0
R02992,Market trader,early access,0,0,0
R02993,Student,holdout,0,1,0
R02994,Salary earner,holdout,0,1,0
R02995,Market trader,early access,1,0,0
R02996,Market trader,early access,1,1,0
R02997,Student,holdout,0,0,0
R02998,Salary earner,early access,0,0,0
R02999,Student,early access,0,1,0
R03000,Salary earner,holdout,0,1,1
R03001,Small business,holdout,0,1,0
R03002,Salary earner,early access,1,1,0
R03003,Salary earner,holdout,0,1,0
R03004,Market trader,holdout,0,0,1
R03005,Market trader,early access,1,1,0
R03006,Small business,early access,0,0,0
R03007,Student,holdout,0,1,0
R03008,Student,early access,1,1,0
R03009,Salary earner,early access,1,1,0
R03010,Student,early access,1,1,0
R03011,Small business,early access,0,0,0
R03012,Salary earner,holdout,0,1,0
R03013,Student,holdout,0,1,0
R03014,Market trader,early access,1,1,0
R03015,Salary earner,early access,1,0,0
R03016,Small business,holdout,0,1,0
R03017,Salary earner,holdout,0,1,0
R03018,Small business,holdout,0,1,0
R03019,Salary earner,holdout,0,0,0
R03020,Small business,holdout,0,1,0
R03021,Salary earner,early access,0,1,0
R03022,Salary earner,holdout,0,1,0
R03023,Student,early access,1,1,0
R03024,Student,early access,1,0,0
R03025,Small business,holdout,0,0,0
R03026,Market trader,early access,0,1,0
R03027,Small business,early access,0,1,0
R03028,Salary earner,early access,0,0,0
R03029,Salary earner,holdout,0,1,0
R03030,Salary earner,holdout,0,1,0
R03031,Small business,holdout,0,0,0
R03032,Small business,holdout,0,0,0
R03033,Salary earner,holdout,0,1,0
R03034,Student,early access,0,0,0
R03035,Student,early access,0,0,0
R03036,Market trader,early access,0,1,0
R03037,Student,holdout,0,1,0
R03038,Salary earner,holdout,0,1,0
R03039,Salary earner,early access,1,0,0
R03040,Market trader,early access,0,1,0
R03041,Salary earner,holdout,0,0,0
R03042,Small business,holdout,0,0,0
R03043,Market trader,early access,0,1,0
R03044,Salary earner,early access,0,1,0
R03045,Market trader,early access,1,1,0
R03046,Market trader,early access,1,0,1
R03047,Market trader,early access,0,0,0
R03048,Salary earner,early access,0,1,0
R03049,Small business,early access,1,0,0
R03050,Market trader,holdout,0,1,0
R03051,Salary earner,early access,1,0,0
R03052,Salary earner,holdout,0,0,0
R03053,Salary earner,early access,1,1,0
R03054,Market trader,holdout,0,1,0
R03055,Market trader,early access,1,1,1
R03056,Market trader,holdout,0,1,0
R03057,Student,early access,0,1,0
R03058,Salary earner,holdout,0,1,0
R03059,Market trader,holdout,0,1,0
R03060,Salary earner,holdout,0,1,0
R03061,Salary earner,early access,1,1,0
R03062,Market trader,holdout,0,1,0
R03063,Small business,holdout,0,0,0
R03064,Salary earner,early access,1,1,0
R03065,Salary earner,holdout,0,1,1
R03066,Market trader,holdout,0,0,0
R03067,Salary earner,holdout,0,0,0
R03068,Market trader,holdout,0,1,0
R03069,Salary earner,holdout,0,0,0
R03070,Salary earner,early access,1,1,0
R03071,Salary earner,holdout,0,1,0
R03072,Student,holdout,0,1,0
R03073,Student,holdout,0,0,0
R03074,Student,early access,1,0,0
R03075,Market trader,early access,0,1,0
R03076,Small business,early access,1,1,0
R03077,Market trader,early access,0,1,0
R03078,Salary earner,early access,1,0,0
R03079,Small business,early access,0,1,0
R03080,Salary earner,early access,0,0,0
R03081,Student,early access,0,0,0
R03082,Market trader,holdout,0,1,0
R03083,Market trader,early access,0,1,1
R03084,Salary earner,holdout,0,0,0
R03085,Small business,early access,1,1,0
R03086,Salary earner,early access,0,0,0
R03087,Market trader,early access,1,1,0
R03088,Student,early access,0,1,0
R03089,Salary earner,early access,1,1,0
R03090,Student,early access,0,0,1
R03091,Salary earner,early access,0,1,0
R03092,Market trader,early access,0,1,0
R03093,Market trader,early access,0,0,0
R03094,Market trader,holdout,0,0,0
R03095,Small business,early access,0,1,0
R03096,Student,early access,0,0,0
R03097,Market trader,holdout,0,1,0
R03098,Salary earner,holdout,0,1,0
R03099,Market trader,early access,1,1,0
R03100,Small business,holdout,0,1,1
R03101,Salary earner,early access,0,1,0
R03102,Student,holdout,0,0,0
R03103,Small business,early access,0,0,0
R03104,Salary earner,holdout,0,0,0
R03105,Salary earner,holdout,0,0,0
R03106,Small business,holdout,0,1,0
R03107,Student,holdout,0,0,0
R03108,Market trader,early access,1,1,0
R03109,Market trader,early access,1,0,0
R03110,Student,early access,0,0,1
R03111,Salary earner,holdout,0,1,0
R03112,Market trader,early access,1,1,0
R03113,Salary earner,early access,1,1,1
R03114,Small business,holdout,0,0,0
R03115,Salary earner,holdout,0,0,0
R03116,Salary earner,early access,1,0,0
R03117,Salary earner,early access,1,1,0
R03118,Salary earner,early access,0,1,0
R03119,Small business,holdout,0,1,0
R03120,Salary earner,early access,1,1,0
R03121,Small business,early access,0,0,0
R03122,Market trader,early access,1,0,0
R03123,Market trader,holdout,0,1,0
R03124,Small business,early access,1,1,0
R03125,Salary earner,early access,1,0,0
R03126,Small business,holdout,0,1,0
R03127,Small business,early access,0,1,0
R03128,Small business,early access,0,1,0
R03129,Small business,early access,0,0,0
R03130,Salary earner,holdout,0,0,0
R03131,Market trader,holdout,0,1,0
R03132,Salary earner,holdout,0,1,0
R03133,Market trader,early access,1,1,0
R03134,Market trader,early access,1,1,0
R03135,Small business,holdout,0,0,0
R03136,Market trader,early access,0,1,0
R03137,Market trader,early access,0,0,0
R03138,Market trader,holdout,0,1,0
R03139,Salary earner,holdout,0,0,0
R03140,Student,holdout,0,0,0
R03141,Salary earner,early access,0,1,0
R03142,Market trader,early access,0,0,0
R03143,Student,early access,1,1,0
R03144,Student,early access,0,0,0
R03145,Small business,holdout,0,0,0
R03146,Salary earner,early access,1,1,0
R03147,Small business,holdout,0,0,0
R03148,Salary earner,holdout,0,1,0
R03149,Salary earner,early access,1,0,0
R03150,Student,early access,1,1,0
R03151,Salary earner,early access,1,1,0
R03152,Student,early access,0,1,0
R03153,Small business,early access,0,0,0
R03154,Salary earner,holdout,0,0,0
R03155,Market trader,holdout,0,1,0
R03156,Student,holdout,0,0,0
R03157,Student,holdout,0,1,0
R03158,Market trader,early access,0,1,0
R03159,Small business,holdout,0,1,0
R03160,Salary earner,holdout,0,0,0
R03161,Small business,holdout,0,1,0
R03162,Student,holdout,0,1,0
R03163,Student,early access,1,0,0
R03164,Salary earner,holdout,0,0,1
R03165,Small business,holdout,0,0,0
R03166,Market trader,holdout,0,0,0
R03167,Student,holdout,0,0,0
R03168,Market trader,early access,0,1,1
R03169,Salary earner,early access,0,0,0
R03170,Market trader,holdout,0,0,0
R03171,Salary earner,holdout,0,0,1
R03172,Small business,holdout,0,1,0
R03173,Market trader,holdout,0,0,0
R03174,Salary earner,holdout,0,1,0
R03175,Student,early access,0,1,0
R03176,Student,holdout,0,0,0
R03177,Salary earner,early access,0,1,0
R03178,Student,holdout,0,0,0
R03179,Small business,holdout,0,1,0
R03180,Market trader,holdout,0,0,0
R03181,Market trader,early access,0,0,0
R03182,Salary earner,holdout,0,0,0
R03183,Salary earner,early access,0,0,0
R03184,Market trader,holdout,0,0,0
R03185,Salary earner,holdout,0,0,1
R03186,Market trader,early access,1,1,0
R03187,Market trader,holdout,0,1,0
R03188,Market trader,early access,0,1,0
R03189,Salary earner,holdout,0,1,0
R03190,Student,holdout,0,0,0
R03191,Salary earner,early access,0,1,0
R03192,Student,early access,0,0,0
R03193,Salary earner,holdout,0,1,0
R03194,Market trader,holdout,0,1,0
R03195,Market trader,early access,1,1,0
R03196,Salary earner,early access,1,1,0
R03197,Salary earner,holdout,0,1,0
R03198,Market trader,early access,1,1,1
R03199,Market trader,early access,0,0,0
R03200,Student,holdout,0,0,0
R03201,Salary earner,holdout,0,0,0
R03202,Student,early access,0,0,1
R03203,Market trader,early access,0,1,0
R03204,Student,early access,0,0,0
R03205,Small business,holdout,0,1,0
R03206,Market trader,holdout,0,1,0
R03207,Small business,early access,0,1,0
R03208,Market trader,early access,0,1,0
R03209,Market trader,early access,1,1,0
R03210,Salary earner,early access,1,0,0
R03211,Student,holdout,0,1,0
R03212,Salary earner,holdout,0,1,0
R03213,Market trader,holdout,0,0,0
R03214,Salary earner,holdout,0,1,0
R03215,Market trader,holdout,0,1,0
R03216,Market trader,holdout,0,1,0
R03217,Salary earner,early access,0,0,0
R03218,Small business,holdout,0,1,0
R03219,Salary earner,early access,1,1,0
R03220,Salary earner,holdout,0,1,0
R03221,Market trader,holdout,0,0,0
R03222,Student,holdout,0,1,0
R03223,Student,holdout,0,1,0
R03224,Small business,holdout,0,1,0
R03225,Salary earner,early access,0,0,0
R03226,Market trader,holdout,0,1,0
R03227,Market trader,early access,0,0,1
R03228,Student,holdout,0,0,0
R03229,Small business,early access,0,1,0
R03230,Market trader,holdout,0,0,0
R03231,Salary earner,early access,0,1,0
R03232,Small business,early access,0,0,0
R03233,Salary earner,early access,1,0,0
R03234,Market trader,holdout,0,1,0
R03235,Salary earner,holdout,0,0,0
R03236,Salary earner,holdout,0,0,0
R03237,Market trader,early access,1,1,0
R03238,Student,early access,0,1,0
R03239,Salary earner,holdout,0,1,0
R03240,Small business,holdout,0,1,0
R03241,Salary earner,early access,0,0,0
R03242,Student,early access,0,0,0
R03243,Salary earner,early access,0,0,0
R03244,Market trader,holdout,0,1,0
R03245,Student,early access,0,1,0
R03246,Market trader,holdout,0,0,0
R03247,Market trader,early access,1,0,0
R03248,Student,early access,0,0,0
R03249,Market trader,early access,0,1,0
R03250,Salary earner,holdout,0,1,0
R03251,Student,holdout,0,0,0
R03252,Small business,holdout,0,1,0
R03253,Student,early access,0,1,0
R03254,Student,holdout,0,0,0
R03255,Salary earner,holdout,0,0,0
R03256,Salary earner,early access,0,1,0
R03257,Small business,holdout,0,0,0
R03258,Student,holdout,0,0,0
R03259,Student,early access,0,1,0
R03260,Small business,early access,1,1,1
R03261,Salary earner,early access,0,0,0
R03262,Market trader,early access,1,1,0
R03263,Student,early access,0,0,0
R03264,Student,holdout,0,1,0
R03265,Salary earner,early access,1,0,0
R03266,Small business,holdout,0,1,1
R03267,Market trader,holdout,0,0,0
R03268,Student,early access,0,1,0
R03269,Salary earner,early access,1,0,0
R03270,Salary earner,holdout,0,0,1
R03271,Student,early access,1,0,0
R03272,Student,holdout,0,1,0
R03273,Small business,holdout,0,1,0
R03274,Salary earner,early access,1,1,0
R03275,Salary earner,early access,1,1,0
R03276,Student,holdout,0,1,0
R03277,Student,holdout,0,1,0
R03278,Market trader,holdout,0,0,0
R03279,Salary earner,holdout,0,1,0
R03280,Market trader,early access,0,1,0
R03281,Market trader,early access,0,0,0
R03282,Market trader,early access,0,0,0
R03283,Salary earner,holdout,0,0,0
R03284,Salary earner,holdout,0,1,0
R03285,Market trader,early access,1,1,0
R03286,Salary earner,holdout,0,1,0
R03287,Salary earner,early access,0,1,0
R03288,Market trader,holdout,0,1,0
R03289,Market trader,holdout,0,0,0
R03290,Salary earner,early access,0,1,0
R03291,Market trader,holdout,0,0,0
R03292,Salary earner,holdout,0,1,0
R03293,Market trader,holdout,0,0,0
R03294,Market trader,holdout,0,1,0
R03295,Small business,early access,0,1,0
R03296,Small business,holdout,0,1,0
R03297,Market trader,early access,0,1,0
R03298,Student,early access,1,1,0
R03299,Market trader,holdout,0,1,0
R03300,Market trader,holdout,0,1,0
R03301,Salary earner,early access,1,1,0
R03302,Market trader,early access,0,1,0
R03303,Market trader,early access,0,1,0
R03304,Student,holdout,0,0,0
R03305,Market trader,holdout,0,1,0
R03306,Market trader,early access,0,1,0
R03307,Salary earner,holdout,0,1,0
R03308,Student,early access,0,1,0
R03309,Small business,early access,0,0,0
R03310,Salary earner,early access,0,1,0
R03311,Market trader,holdout,0,1,0
R03312,Market trader,holdout,0,1,0
R03313,Market trader,early access,1,0,0
R03314,Market trader,holdout,0,0,0
R03315,Small business,holdout,0,1,0
R03316,Market trader,early access,1,1,0
R03317,Salary earner,holdout,0,0,0
R03318,Salary earner,holdout,0,0,0
R03319,Student,early access,1,1,0
R03320,Small business,holdout,0,1,0
R03321,Salary earner,early access,0,0,1
R03322,Student,holdout,0,0,0
R03323,Salary earner,early access,0,1,0
R03324,Small business,holdout,0,1,0
R03325,Market trader,early access,0,1,0
R03326,Salary earner,early access,0,1,0
R03327,Student,early access,0,1,0
R03328,Salary earner,early access,0,0,0
R03329,Salary earner,early access,0,1,0
R03330,Market trader,holdout,0,0,0
R03331,Salary earner,early access,1,0,0
R03332,Student,holdout,0,0,0
R03333,Market trader,early access,1,1,1
R03334,Small business,early access,1,1,0
R03335,Market trader,early access,0,1,0
R03336,Salary earner,holdout,0,1,0
R03337,Salary earner,early access,1,1,0
R03338,Salary earner,early access,1,0,0
R03339,Salary earner,holdout,0,0,0
R03340,Market trader,early access,0,1,0
R03341,Small business,holdout,0,1,0
R03342,Small business,early access,0,1,0
R03343,Market trader,early access,1,0,0
R03344,Student,holdout,0,1,0
R03345,Salary earner,early access,1,1,0
R03346,Salary earner,early access,1,1,0
R03347,Small business,holdout,0,1,0
R03348,Market trader,holdout,0,1,0
R03349,Market trader,early access,0,0,0
R03350,Salary earner,holdout,0,1,0
R03351,Salary earner,early access,0,1,0
R03352,Salary earner,holdout,0,0,0
R03353,Small business,early access,1,1,0
R03354,Market trader,holdout,0,1,0
R03355,Small business,holdout,0,1,0
R03356,Salary earner,holdout,0,1,0
R03357,Market trader,holdout,0,0,0
R03358,Salary earner,holdout,0,1,0
R03359,Student,holdout,0,0,0
R03360,Student,early access,0,0,0
R03361,Salary earner,early access,0,0,0
R03362,Small business,holdout,0,0,0
R03363,Salary earner,holdout,0,1,0
R03364,Small business,holdout,0,1,0
R03365,Student,early access,0,1,0
R03366,Salary earner,early access,0,1,0
R03367,Small business,holdout,0,0,0
R03368,Market trader,early access,0,1,0
R03369,Small business,early access,1,0,0
R03370,Market trader,holdout,0,1,0
R03371,Student,early access,0,1,0
R03372,Market trader,early access,0,1,0
R03373,Market trader,early access,1,1,0
R03374,Market trader,holdout,0,1,0
R03375,Salary earner,early access,1,1,0
R03376,Market trader,holdout,0,1,0
R03377,Small business,early access,0,1,0
R03378,Small business,early access,0,0,0
R03379,Market trader,holdout,0,1,0
R03380,Market trader,early access,1,1,0
R03381,Small business,early access,1,1,0
R03382,Salary earner,holdout,0,1,0
R03383,Small business,early access,0,0,0
R03384,Salary earner,holdout,0,0,1
R03385,Student,holdout,0,0,0
R03386,Student,early access,0,0,0
R03387,Small business,holdout,0,0,0
R03388,Salary earner,holdout,0,1,0
R03389,Small business,holdout,0,1,0
R03390,Student,holdout,0,1,0
R03391,Salary earner,holdout,0,1,0
R03392,Market trader,early access,0,0,0
R03393,Salary earner,early access,0,1,0
R03394,Small business,holdout,0,0,0
R03395,Student,holdout,0,1,0
R03396,Student,early access,0,0,0
R03397,Market trader,early access,0,1,0
R03398,Market trader,early access,1,0,0
R03399,Small business,holdout,0,0,0
R03400,Market trader,holdout,0,0,0
R03401,Salary earner,early access,0,0,0
R03402,Market trader,early access,0,0,0
R03403,Market trader,holdout,0,0,0
R03404,Student,holdout,0,1,0
R03405,Small business,early access,1,0,0
R03406,Student,holdout,0,0,0
R03407,Small business,holdout,0,0,0
R03408,Market trader,holdout,0,0,0
R03409,Student,holdout,0,1,0
R03410,Market trader,early access,0,1,0
R03411,Student,holdout,0,1,0
R03412,Small business,early access,0,0,0
R03413,Small business,holdout,0,1,0
R03414,Salary earner,early access,0,1,0
R03415,Salary earner,holdout,0,1,0
R03416,Salary earner,holdout,0,1,0
R03417,Salary earner,holdout,0,0,0
R03418,Student,early access,0,1,0
R03419,Student,early access,1,1,0
R03420,Salary earner,holdout,0,0,0
R03421,Salary earner,holdout,0,1,0
R03422,Small business,holdout,0,0,0
R03423,Student,holdout,0,0,0
R03424,Small business,holdout,0,1,0
R03425,Market trader,holdout,0,1,0
R03426,Student,early access,0,0,0
R03427,Market trader,holdout,0,1,0
R03428,Small business,early access,1,1,0
R03429,Market trader,early access,1,1,0
R03430,Salary earner,early access,1,1,0
R03431,Student,holdout,0,0,0
R03432,Student,holdout,0,0,0
R03433,Market trader,early access,0,0,0
R03434,Market trader,holdout,0,0,0
R03435,Market trader,holdout,0,1,0
R03436,Salary earner,holdout,0,0,0
R03437,Market trader,early access,0,1,0
R03438,Salary earner,holdout,0,1,0
R03439,Salary earner,holdout,0,0,0
R03440,Student,early access,0,1,0
R03441,Market trader,early access,0,1,0
R03442,Market trader,holdout,0,1,0
R03443,Market trader,holdout,0,1,0
R03444,Market trader,holdout,0,1,0
R03445,Salary earner,early access,1,1,0
R03446,Market trader,early access,1,1,1
R03447,Market trader,early access,1,1,0
R03448,Student,early access,0,0,0
R03449,Market trader,early access,1,1,0
R03450,Student,holdout,0,0,0
R03451,Salary earner,early access,1,1,0
R03452,Market trader,holdout,0,1,0
R03453,Salary earner,holdout,0,0,0
R03454,Student,holdout,0,0,0
R03455,Market trader,holdout,0,1,0
R03456,Market trader,holdout,0,0,0
R03457,Market trader,holdout,0,1,0
R03458,Small business,holdout,0,1,0
R03459,Salary earner,holdout,0,1,0
R03460,Market trader,early access,0,0,1
R03461,Salary earner,early access,1,0,0
R03462,Salary earner,holdout,0,1,0
R03463,Salary earner,holdout,0,1,0
R03464,Student,early access,1,1,0
R03465,Salary earner,early access,1,1,0
R03466,Market trader,holdout,0,1,0
R03467,Student,early access,0,1,0
R03468,Salary earner,early access,0,1,0
R03469,Small business,holdout,0,0,0
R03470,Market trader,holdout,0,1,0
R03471,Market trader,holdout,0,1,0
R03472,Student,holdout,0,1,0
R03473,Salary earner,holdout,0,1,0
R03474,Small business,early access,0,0,0
R03475,Market trader,early access,1,1,0
R03476,Small business,holdout,0,1,0
R03477,Small business,early access,1,0,0
R03478,Market trader,early access,0,1,0
R03479,Market trader,holdout,0,1,1
R03480,Salary earner,holdout,0,0,0
R03481,Market trader,holdout,0,0,0
R03482,Student,holdout,0,1,0
R03483,Salary earner,early access,0,1,0
R03484,Market trader,holdout,0,0,0
R03485,Student,early access,0,1,0
R03486,Market trader,holdout,0,0,0
R03487,Student,holdout,0,0,0
R03488,Student,holdout,0,1,0
R03489,Student,holdout,0,0,0
R03490,Small business,holdout,0,1,0
R03491,Market trader,holdout,0,0,0
R03492,Market trader,early access,0,0,0
R03493,Salary earner,early access,1,0,0
R03494,Student,holdout,0,1,0
R03495,Market trader,early access,1,1,1
R03496,Salary earner,holdout,0,1,0
R03497,Salary earner,holdout,0,1,1
R03498,Student,holdout,0,1,0
R03499,Student,early access,0,0,0
R03500,Small business,early access,0,1,0
R03501,Market trader,holdout,0,1,0
R03502,Market trader,early access,1,0,0
R03503,Market trader,early access,0,0,1
R03504,Student,early access,1,1,0
R03505,Market trader,early access,0,0,0
R03506,Student,early access,0,0,0
R03507,Small business,holdout,0,1,0
R03508,Salary earner,early access,0,0,0
R03509,Market trader,early access,1,0,0
R03510,Market trader,holdout,0,1,0
R03511,Small business,holdout,0,0,0
R03512,Salary earner,holdout,0,1,0
R03513,Small business,holdout,0,1,0
R03514,Salary earner,holdout,0,1,0
R03515,Market trader,early access,0,0,0
R03516,Market trader,holdout,0,0,0
R03517,Salary earner,early access,1,0,0
R03518,Market trader,early access,0,1,0
R03519,Student,early access,1,1,0
R03520,Student,holdout,0,1,0
R03521,Market trader,early access,0,0,0
R03522,Salary earner,holdout,0,1,0
R03523,Student,holdout,0,1,0
R03524,Market trader,holdout,0,1,0
R03525,Market trader,early access,0,1,0
R03526,Student,early access,0,0,0
R03527,Salary earner,holdout,0,1,0
R03528,Student,early access,0,1,0
R03529,Student,early access,0,1,0
R03530,Small business,early access,0,1,0
R03531,Salary earner,holdout,0,1,0
R03532,Market trader,early access,0,1,0
R03533,Salary earner,early access,1,1,0
R03534,Salary earner,holdout,0,0,0
R03535,Salary earner,early access,0,0,0
R03536,Market trader,early access,0,1,0
R03537,Salary earner,holdout,0,1,0
R03538,Market trader,early access,1,1,0
R03539,Small business,early access,0,0,0
R03540,Salary earner,holdout,0,0,0
R03541,Market trader,holdout,0,1,0
R03542,Market trader,holdout,0,0,0
R03543,Market trader,holdout,0,0,0
R03544,Small business,holdout,0,0,0
R03545,Student,holdout,0,0,0
R03546,Market trader,holdout,0,0,0
R03547,Small business,early access,0,1,0
R03548,Salary earner,holdout,0,0,0
R03549,Salary earner,early access,0,0,0
R03550,Small business,holdout,0,1,0
R03551,Market trader,early access,0,0,0
R03552,Small business,early access,0,0,0
R03553,Market trader,early access,1,1,0
R03554,Market trader,early access,0,1,0
R03555,Salary earner,early access,0,0,0
R03556,Student,holdout,0,1,0
R03557,Student,early access,0,0,0
R03558,Market trader,early access,0,1,0
R03559,Market trader,early access,1,0,0
R03560,Market trader,holdout,0,1,0
R03561,Market trader,early access,0,1,0
R03562,Salary earner,holdout,0,1,0
R03563,Market trader,holdout,0,0,0
R03564,Salary earner,holdout,0,1,0
R03565,Student,early access,0,0,0
R03566,Market trader,early access,0,1,0
R03567,Market trader,holdout,0,1,0
R03568,Small business,early access,1,1,1
R03569,Market trader,holdout,0,0,0
R03570,Salary earner,early access,1,0,0
R03571,Small business,holdout,0,0,0
R03572,Salary earner,holdout,0,0,0
R03573,Market trader,holdout,0,0,0
R03574,Market trader,early access,0,0,0
R03575,Market trader,holdout,0,0,0
R03576,Market trader,holdout,0,1,0
R03577,Student,holdout,0,1,0
R03578,Market trader,holdout,0,1,0
R03579,Small business,holdout,0,0,0
R03580,Salary earner,holdout,0,1,0
R03581,Student,early access,0,0,0
R03582,Student,holdout,0,1,0
R03583,Small business,holdout,0,1,0
R03584,Salary earner,holdout,0,1,0
R03585,Small business,early access,0,1,0
R03586,Student,early access,0,1,0
R03587,Student,holdout,0,1,0
R03588,Salary earner,holdout,0,1,0
R03589,Student,holdout,0,1,0
R03590,Small business,early access,0,0,0
R03591,Student,holdout,0,1,0
R03592,Market trader,holdout,0,1,0
R03593,Salary earner,holdout,0,1,0
R03594,Student,early access,1,1,0
R03595,Market trader,holdout,0,0,1
R03596,Salary earner,holdout,0,0,0
R03597,Market trader,early access,0,1,0
R03598,Small business,holdout,0,1,0
R03599,Market trader,early access,0,0,0
R03600,Market trader,holdout,0,1,0
R03601,Small business,early access,0,0,0
R03602,Market trader,holdout,0,1,0
R03603,Market trader,early access,1,0,0
R03604,Student,holdout,0,1,0
R03605,Salary earner,holdout,0,0,0
R03606,Small business,holdout,0,0,0
R03607,Salary earner,holdout,0,0,0
R03608,Salary earner,early access,0,0,0
R03609,Student,holdout,0,0,0
R03610,Market trader,holdout,0,0,0
R03611,Salary earner,early access,0,1,0
R03612,Small business,early access,0,0,1
R03613,Student,early access,1,1,0
R03614,Salary earner,early access,1,1,0
R03615,Market trader,holdout,0,0,0
R03616,Small business,holdout,0,1,0
R03617,Market trader,holdout,0,1,0
R03618,Student,holdout,0,1,0
R03619,Small business,early access,0,0,0
R03620,Student,holdout,0,1,0
R03621,Market trader,holdout,0,0,0
R03622,Salary earner,early access,1,1,0
R03623,Market trader,early access,0,0,0
R03624,Salary earner,early access,0,1,0
R03625,Market trader,early access,0,0,0
R03626,Salary earner,holdout,0,1,0
R03627,Student,holdout,0,0,0
R03628,Market trader,holdout,0,1,1
R03629,Salary earner,holdout,0,1,0
R03630,Market trader,early access,0,1,0
R03631,Salary earner,early access,1,0,1
R03632,Market trader,holdout,0,1,0
R03633,Salary earner,holdout,0,0,0
R03634,Market trader,early access,1,0,0
R03635,Market trader,holdout,0,1,0
R03636,Salary earner,holdout,0,0,0
R03637,Market trader,holdout,0,1,0
R03638,Salary earner,early access,0,1,0
R03639,Market trader,holdout,0,0,0
R03640,Salary earner,early access,1,1,0
R03641,Salary earner,early access,1,1,0
R03642,Market trader,early access,1,0,1
R03643,Salary earner,early access,0,1,1
R03644,Market trader,holdout,0,1,0
R03645,Market trader,early access,0,0,0
R03646,Salary earner,early access,1,1,0
R03647,Salary earner,holdout,0,1,0
R03648,Market trader,early access,1,1,0
R03649,Student,holdout,0,1,0
R03650,Student,holdout,0,0,0
R03651,Market trader,early access,0,0,0
R03652,Market trader,holdout,0,0,0
R03653,Salary earner,holdout,0,1,1
R03654,Market trader,early access,0,0,0
R03655,Salary earner,holdout,0,1,0
R03656,Market trader,holdout,0,1,0
R03657,Small business,holdout,0,1,0
R03658,Small business,early access,1,1,0
R03659,Market trader,holdout,0,1,0
R03660,Student,holdout,0,1,0
R03661,Salary earner,early access,1,1,0
R03662,Market trader,holdout,0,1,0
R03663,Student,holdout,0,0,0
R03664,Market trader,holdout,0,0,0
R03665,Market trader,early access,1,1,0
R03666,Student,holdout,0,0,0
R03667,Student,holdout,0,1,0
R03668,Salary earner,holdout,0,1,0
R03669,Salary earner,holdout,0,0,0
R03670,Student,early access,1,1,0
R03671,Market trader,early access,0,0,0
R03672,Market trader,holdout,0,1,0
R03673,Market trader,early access,0,1,0
R03674,Salary earner,holdout,0,1,0
R03675,Salary earner,early access,0,0,0
R03676,Market trader,holdout,0,1,0
R03677,Market trader,holdout,0,1,0
R03678,Salary earner,holdout,0,1,0
R03679,Salary earner,early access,0,1,0
R03680,Student,early access,0,0,0
R03681,Student,early access,0,1,0
R03682,Market trader,early access,0,1,0
R03683,Small business,holdout,0,0,0
R03684,Market trader,holdout,0,0,0
R03685,Market trader,holdout,0,1,0
R03686,Salary earner,early access,1,1,0
R03687,Market trader,early access,0,0,0
R03688,Market trader,holdout,0,0,0
R03689,Student,holdout,0,1,0
R03690,Market trader,early access,1,0,0
R03691,Market trader,early access,0,1,0
R03692,Salary earner,holdout,0,0,0
R03693,Small business,holdout,0,0,0
R03694,Market trader,holdout,0,0,0
R03695,Market trader,holdout,0,1,0
R03696,Salary earner,holdout,0,0,0
R03697,Salary earner,holdout,0,1,0
R03698,Market trader,early access,0,1,0
R03699,Market trader,early access,1,0,0
R03700,Student,early access,1,1,0
R03701,Market trader,early access,0,1,0
R03702,Salary earner,early access,0,0,0
R03703,Student,early access,0,0,0
R03704,Student,early access,0,1,0
R03705,Salary earner,early access,0,1,0
R03706,Salary earner,holdout,0,1,0
R03707,Student,early access,0,1,0
R03708,Small business,early access,0,0,0
R03709,Salary earner,early access,0,0,0
R03710,Market trader,early access,0,1,0
R03711,Market trader,early access,1,1,0
R03712,Small business,holdout,0,1,0
R03713,Salary earner,holdout,0,1,0
R03714,Market trader,holdout,0,1,0
R03715,Salary earner,early access,1,1,0
R03716,Market trader,early access,0,1,0
R03717,Market trader,early access,0,0,0
R03718,Market trader,early access,1,1,0
R03719,Salary earner,early access,1,1,0
R03720,Market trader,early access,0,1,0
R03721,Market trader,holdout,0,1,0
R03722,Small business,holdout,0,1,0
R03723,Salary earner,holdout,0,1,0
R03724,Student,holdout,0,0,0
R03725,Salary earner,holdout,0,1,0
R03726,Market trader,holdout,0,0,0
R03727,Small business,holdout,0,1,0
R03728,Small business,early access,0,1,0
R03729,Salary earner,holdout,0,0,0
R03730,Market trader,holdout,0,1,0
R03731,Market trader,holdout,0,0,0
R03732,Salary earner,holdout,0,1,0
R03733,Market trader,early access,0,1,0
R03734,Student,early access,1,0,0
R03735,Market trader,early access,1,0,0
R03736,Student,early access,1,1,0
R03737,Salary earner,holdout,0,0,0
R03738,Market trader,holdout,0,1,0
R03739,Student,holdout,0,1,0
R03740,Market trader,early access,1,1,0
R03741,Market trader,early access,0,0,0
R03742,Salary earner,early access,1,0,0
R03743,Salary earner,early access,0,1,0
R03744,Market trader,holdout,0,1,1
R03745,Market trader,early access,0,1,1
R03746,Market trader,early access,1,1,0
R03747,Market trader,holdout,0,0,0
R03748,Small business,early access,1,1,0
R03749,Salary earner,holdout,0,0,0
R03750,Small business,early access,0,0,0
R03751,Market trader,early access,0,0,0
R03752,Salary earner,holdout,0,1,0
R03753,Small business,early access,0,0,0
R03754,Market trader,early access,1,1,0
R03755,Market trader,holdout,0,1,0
R03756,Salary earner,early access,1,0,0
R03757,Small business,early access,0,0,0
R03758,Market trader,holdout,0,1,0
R03759,Salary earner,holdout,0,1,0
R03760,Salary earner,early access,0,1,0
R03761,Salary earner,early access,1,0,0
R03762,Market trader,early access,0,1,0
R03763,Market trader,early access,1,1,0
R03764,Small business,early access,0,0,1
R03765,Student,early access,0,0,0
R03766,Market trader,early access,1,1,0
R03767,Small business,early access,1,1,0
R03768,Student,holdout,0,0,0
R03769,Small business,early access,0,1,0
R03770,Market trader,early access,0,0,0
R03771,Market trader,early access,0,1,0
R03772,Market trader,early access,0,0,0
R03773,Salary earner,holdout,0,0,0
R03774,Salary earner,early access,0,0,0
R03775,Salary earner,holdout,0,1,0
R03776,Salary earner,early access,0,1,1
R03777,Market trader,early access,0,1,0
R03778,Student,holdout,0,1,0
R03779,Salary earner,early access,1,1,0
R03780,Salary earner,holdout,0,0,0
R03781,Salary earner,early access,1,1,0
R03782,Salary earner,early access,1,1,0
R03783,Salary earner,holdout,0,0,0
R03784,Small business,holdout,0,0,0
R03785,Market trader,early access,0,0,0
R03786,Market trader,early access,0,0,0
R03787,Market trader,holdout,0,0,0
R03788,Market trader,early access,0,1,0
R03789,Market trader,holdout,0,0,0
R03790,Salary earner,early access,1,1,1
R03791,Small business,holdout,0,0,0
R03792,Salary earner,holdout,0,1,0
R03793,Salary earner,early access,1,1,0
R03794,Market trader,holdout,0,1,0
R03795,Small business,early access,1,0,0
R03796,Market trader,early access,1,1,0
R03797,Salary earner,early access,0,1,0
R03798,Market trader,holdout,0,1,0
R03799,Salary earner,holdout,0,0,0
R03800,Student,early access,1,1,0
R03801,Student,early access,1,1,0
R03802,Student,early access,1,1,0
R03803,Student,early access,0,0,0
R03804,Student,early access,1,0,0
R03805,Market trader,holdout,0,0,0
R03806,Student,holdout,0,0,0
R03807,Market trader,early access,0,1,0
R03808,Small business,holdout,0,0,0
R03809,Market trader,holdout,0,0,0
R03810,Market trader,holdout,0,1,1
R03811,Salary earner,early access,0,1,0
R03812,Small business,early access,1,1,0
R03813,Market trader,holdout,0,1,0
R03814,Salary earner,early access,1,1,0
R03815,Salary earner,early access,1,1,0
R03816,Market trader,early access,0,1,0
R03817,Salary earner,holdout,0,1,1
R03818,Small business,early access,0,0,1
R03819,Small business,early access,0,0,0
R03820,Salary earner,early access,1,1,0
R03821,Student,early access,1,1,0
R03822,Small business,holdout,0,0,0
R03823,Market trader,early access,0,1,0
R03824,Market trader,holdout,0,1,0
R03825,Student,holdout,0,0,0
R03826,Salary earner,early access,0,0,0
R03827,Student,early access,0,0,0
R03828,Market trader,early access,0,1,0
R03829,Market trader,holdout,0,0,0
R03830,Market trader,early access,0,0,0
R03831,Market trader,holdout,0,0,0
R03832,Salary earner,early access,0,0,0
R03833,Small business,early access,0,0,0
R03834,Salary earner,early access,0,1,0
R03835,Market trader,holdout,0,0,0
R03836,Market trader,holdout,0,1,0
R03837,Market trader,early access,1,1,0
R03838,Salary earner,early access,1,1,0
R03839,Market trader,holdout,0,1,0
R03840,Market trader,holdout,0,0,0
R03841,Market trader,early access,1,0,0
R03842,Student,holdout,0,1,0
R03843,Student,holdout,0,0,0
R03844,Salary earner,early access,0,0,0
R03845,Salary earner,early access,1,1,0
R03846,Salary earner,early access,1,0,0
R03847,Student,holdout,0,1,0
R03848,Small business,early access,1,0,0
R03849,Market trader,early access,1,1,0
R03850,Salary earner,holdout,0,1,0
R03851,Market trader,holdout,0,1,0
R03852,Market trader,early access,0,0,0
R03853,Student,early access,0,1,0
R03854,Market trader,holdout,0,0,1
R03855,Salary earner,holdout,0,1,0
R03856,Small business,early access,0,0,1
R03857,Market trader,early access,0,1,0
R03858,Salary earner,holdout,0,1,0
R03859,Student,early access,1,1,0
R03860,Market trader,holdout,0,0,0
R03861,Salary earner,holdout,0,1,0
R03862,Student,holdout,0,0,0
R03863,Small business,holdout,0,0,0
R03864,Salary earner,holdout,0,1,0
R03865,Market trader,holdout,0,1,1
R03866,Market trader,early access,0,1,0
R03867,Salary earner,early access,0,1,0
R03868,Salary earner,early access,0,1,0
R03869,Student,holdout,0,1,0
R03870,Market trader,early access,0,0,0
R03871,Small business,holdout,0,0,0
R03872,Market trader,holdout,0,0,0
R03873,Student,early access,0,0,0
R03874,Salary earner,holdout,0,0,1
R03875,Market trader,holdout,0,1,0
R03876,Market trader,holdout,0,0,0
R03877,Student,holdout,0,1,0
R03878,Salary earner,early access,1,1,0
R03879,Market trader,early access,0,0,0
R03880,Salary earner,holdout,0,0,0
R03881,Salary earner,early access,0,0,0
R03882,Salary earner,early access,0,1,0
R03883,Market trader,holdout,0,1,0
R03884,Salary earner,early access,0,1,0
R03885,Student,early access,0,1,0
R03886,Salary earner,early access,1,1,0
R03887,Market trader,holdout,0,0,0
R03888,Market trader,holdout,0,1,0
R03889,Small business,holdout,0,1,0
R03890,Small business,early access,0,1,0
R03891,Small business,early access,0,0,1
R03892,Market trader,early access,1,1,0
R03893,Salary earner,early access,0,0,0
R03894,Market trader,early access,0,1,1
R03895,Market trader,holdout,0,1,0
R03896,Small business,early access,1,0,0
R03897,Market trader,early access,0,0,0
R03898,Market trader,early access,0,0,0
R03899,Small business,early access,0,0,1
R03900,Market trader,holdout,0,0,0
R03901,Salary earner,holdout,0,1,0
R03902,Market trader,early access,1,1,0
R03903,Salary earner,holdout,0,1,0
R03904,Salary earner,early access,1,1,0
R03905,Salary earner,early access,1,0,0
R03906,Student,holdout,0,0,0
R03907,Salary earner,early access,1,1,0
R03908,Salary earner,early access,1,1,0
R03909,Student,holdout,0,0,0
R03910,Student,holdout,0,1,0
R03911,Salary earner,early access,0,1,0
R03912,Student,early access,0,0,0
R03913,Salary earner,early access,0,1,0
R03914,Market trader,holdout,0,1,0
R03915,Small business,holdout,0,1,0
R03916,Market trader,early access,0,0,0
R03917,Student,early access,1,1,0
R03918,Student,early access,0,0,0
R03919,Salary earner,holdout,0,0,0
R03920,Small business,holdout,0,1,1
R03921,Small business,early access,0,1,0
R03922,Student,early access,1,1,0
R03923,Salary earner,early access,0,1,0
R03924,Market trader,holdout,0,0,0
R03925,Salary earner,early access,1,1,0
R03926,Market trader,holdout,0,1,0
R03927,Salary earner,holdout,0,0,0
R03928,Market trader,early access,0,0,0
R03929,Market trader,holdout,0,0,0
R03930,Student,holdout,0,0,0
R03931,Market trader,holdout,0,1,0
R03932,Student,holdout,0,1,0
R03933,Market trader,holdout,0,0,0
R03934,Student,early access,0,0,0
R03935,Market trader,holdout,0,1,0
R03936,Market trader,holdout,0,1,0
R03937,Student,early access,0,0,0
R03938,Market trader,early access,1,1,0
R03939,Small business,holdout,0,1,0
R03940,Market trader,early access,0,0,0
R03941,Market trader,holdout,0,0,0
R03942,Market trader,early access,1,1,0
R03943,Market trader,holdout,0,1,0
R03944,Market trader,holdout,0,1,0
R03945,Market trader,early access,0,1,0
R03946,Market trader,holdout,0,1,0
R03947,Student,early access,1,1,0
R03948,Market trader,early access,1,1,0
R03949,Student,holdout,0,0,0
R03950,Salary earner,holdout,0,1,0
R03951,Salary earner,early access,1,1,0
R03952,Market trader,holdout,0,0,0
R03953,Student,holdout,0,0,0
R03954,Market trader,holdout,0,1,0
R03955,Student,early access,0,1,0
R03956,Salary earner,holdout,0,0,0
R03957,Small business,early access,1,0,0
R03958,Market trader,holdout,0,1,0
R03959,Salary earner,early access,1,0,0
R03960,Student,holdout,0,1,0
R03961,Market trader,holdout,0,0,0
R03962,Market trader,holdout,0,0,0
R03963,Salary earner,early access,0,0,0
R03964,Student,holdout,0,1,0
R03965,Small business,holdout,0,1,0
R03966,Salary earner,holdout,0,1,0
R03967,Market trader,holdout,0,1,0
R03968,Student,holdout,0,0,0
R03969,Market trader,early access,0,0,0
R03970,Market trader,holdout,0,1,0
R03971,Student,holdout,0,0,0
R03972,Small business,holdout,0,0,0
R03973,Salary earner,early access,0,1,0
R03974,Market trader,early access,1,0,0
R03975,Salary earner,holdout,0,1,0
R03976,Market trader,holdout,0,1,0
R03977,Salary earner,holdout,0,1,0
R03978,Student,holdout,0,1,0
R03979,Student,early access,0,0,0
R03980,Salary earner,early access,1,1,0
R03981,Market trader,holdout,0,1,0
R03982,Salary earner,early access,1,1,0
R03983,Student,holdout,0,1,0
R03984,Small business,early access,1,1,0
R03985,Market trader,holdout,0,0,0
R03986,Market trader,holdout,0,0,0
R03987,Market trader,holdout,0,0,0
R03988,Salary earner,early access,0,1,1
R03989,Market trader,holdout,0,0,0
R03990,Market trader,early access,1,1,1
R03991,Salary earner,holdout,0,1,0
R03992,Market trader,holdout,0,0,0
R03993,Student,early access,1,1,0
R03994,Market trader,early access,1,1,0
R03995,Market trader,early access,0,1,0
R03996,Salary earner,early access,1,1,0
R03997,Market trader,early access,0,0,0
R03998,Small business,holdout,0,0,0
R03999,Market trader,holdout,0,0,0
R04000,Market trader,holdout,0,1,0
R04001,Student,holdout,0,0,0
R04002,Small business,early access,0,1,0
R04003,Small business,holdout,0,0,0
R04004,Student,holdout,0,0,0
R04005,Salary earner,early access,0,0,0
R04006,Small business,early access,0,0,0
R04007,Student,early access,0,1,0
R04008,Salary earner,early access,0,1,0
R04009,Salary earner,early access,1,0,0
R04010,Salary earner,early access,1,1,0
R04011,Salary earner,holdout,0,0,0
R04012,Student,early access,1,0,0
R04013,Salary earner,holdout,0,0,0
R04014,Salary earner,early access,1,1,0
R04015,Salary earner,early access,0,0,0
R04016,Student,holdout,0,0,0
R04017,Student,early access,1,1,0
R04018,Small business,holdout,0,1,0
R04019,Salary earner,holdout,0,0,0
R04020,Small business,early access,0,0,0
R04021,Small business,holdout,0,1,0
R04022,Salary earner,early access,1,0,0
R04023,Market trader,early access,1,0,0
R04024,Market trader,early access,0,1,0
R04025,Salary earner,early access,0,0,0
R04026,Market trader,holdout,0,0,0
R04027,Market trader,holdout,0,1,0
R04028,Student,holdout,0,1,0
R04029,Market trader,early access,1,1,0
R04030,Salary earner,holdout,0,1,0
R04031,Small business,holdout,0,0,0
R04032,Small business,holdout,0,0,0
R04033,Salary earner,holdout,0,1,0
R04034,Market trader,early access,1,1,0
R04035,Student,holdout,0,1,0
R04036,Market trader,holdout,0,1,0
R04037,Student,holdout,0,0,0
R04038,Market trader,early access,0,1,0
R04039,Salary earner,early access,0,0,0
R04040,Salary earner,early access,0,1,1
R04041,Market trader,holdout,0,1,0
R04042,Market trader,holdout,0,1,0
R04043,Student,early access,0,1,0
R04044,Student,early access,0,1,0
R04045,Market trader,early access,1,1,0
R04046,Salary earner,holdout,0,1,0
R04047,Student,early access,0,1,0
R04048,Salary earner,holdout,0,0,0
R04049,Salary earner,early access,1,1,0
R04050,Small business,holdout,0,0,0
R04051,Salary earner,holdout,0,0,0
R04052,Student,holdout,0,0,0
R04053,Small business,early access,1,1,0
R04054,Market trader,holdout,0,1,1
R04055,Market trader,holdout,0,1,0
R04056,Market trader,holdout,0,0,0
R04057,Market trader,early access,0,0,0
R04058,Small business,early access,0,1,0
R04059,Salary earner,holdout,0,1,0
R04060,Salary earner,early access,1,0,0
R04061,Small business,holdout,0,1,0
R04062,Small business,early access,1,1,0
R04063,Market trader,early access,0,1,1
R04064,Market trader,holdout,0,1,0
R04065,Market trader,holdout,0,1,0
R04066,Small business,early access,0,0,0
R04067,Salary earner,holdout,0,1,0
R04068,Salary earner,early access,1,0,0
R04069,Market trader,holdout,0,1,0
R04070,Market trader,holdout,0,0,0
R04071,Market trader,early access,0,0,0
R04072,Market trader,holdout,0,0,0
R04073,Salary earner,holdout,0,1,0
R04074,Market trader,holdout,0,0,0
R04075,Salary earner,early access,0,0,0
R04076,Salary earner,holdout,0,1,0
R04077,Market trader,holdout,0,0,0
R04078,Market trader,holdout,0,0,0
R04079,Student,holdout,0,1,0
R04080,Salary earner,early access,0,0,0
R04081,Market trader,early access,0,1,0
R04082,Student,early access,0,1,0
R04083,Salary earner,holdout,0,1,0
R04084,Market trader,holdout,0,1,0
R04085,Small business,holdout,0,1,0
R04086,Student,early access,1,1,0
R04087,Market trader,holdout,0,0,0
R04088,Salary earner,early access,1,1,1
R04089,Salary earner,holdout,0,1,0
R04090,Salary earner,early access,0,1,0
R04091,Salary earner,holdout,0,1,0
R04092,Market trader,early access,1,0,0
R04093,Salary earner,holdout,0,0,0
R04094,Small business,early access,0,0,0
R04095,Salary earner,early access,0,1,0
R04096,Market trader,early access,0,0,0
R04097,Student,early access,1,1,0
R04098,Market trader,holdout,0,0,0
R04099,Salary earner,early access,1,1,0
R04100,Salary earner,early access,0,0,0
R04101,Salary earner,holdout,0,1,0
R04102,Market trader,holdout,0,1,0
R04103,Student,early access,1,0,0
R04104,Small business,holdout,0,0,0
R04105,Market trader,holdout,0,1,0
R04106,Market trader,holdout,0,1,0
R04107,Market trader,early access,1,1,0
R04108,Small business,holdout,0,1,0
R04109,Salary earner,early access,0,1,0
R04110,Salary earner,holdout,0,0,0
R04111,Student,early access,1,1,0
R04112,Market trader,holdout,0,1,0
R04113,Salary earner,early access,0,0,0
R04114,Market trader,holdout,0,0,0
R04115,Market trader,early access,0,1,0
R04116,Salary earner,early access,1,0,0
R04117,Salary earner,holdout,0,1,0
R04118,Market trader,holdout,0,0,0
R04119,Market trader,early access,1,1,0
R04120,Small business,holdout,0,0,0
R04121,Student,early access,0,0,0
R04122,Market trader,early access,0,1,0
R04123,Student,early access,1,0,0
R04124,Market trader,holdout,0,0,0
R04125,Market trader,holdout,0,0,0
R04126,Salary earner,early access,0,0,0
R04127,Student,holdout,0,1,0
R04128,Salary earner,early access,0,0,0
R04129,Student,early access,0,0,0
R04130,Small business,early access,1,1,0
R04131,Small business,early access,1,1,0
R04132,Salary earner,early access,1,0,0
R04133,Small business,holdout,0,1,0
R04134,Market trader,holdout,0,1,0
R04135,Market trader,early access,1,0,0
R04136,Market trader,holdout,0,1,0
R04137,Salary earner,holdout,0,1,0
R04138,Market trader,holdout,0,0,0
R04139,Student,early access,1,1,1
R04140,Market trader,holdout,0,0,0
R04141,Small business,holdout,0,1,0
R04142,Small business,holdout,0,1,0
R04143,Market trader,holdout,0,1,0
R04144,Student,early access,1,1,0
R04145,Student,early access,1,1,0
R04146,Student,early access,0,0,0
R04147,Salary earner,early access,0,1,0
R04148,Student,early access,0,0,0
R04149,Small business,early access,1,0,0
R04150,Market trader,holdout,0,1,0
R04151,Market trader,holdout,0,0,0
R04152,Small business,early access,0,1,0
R04153,Salary earner,early access,0,1,0
R04154,Market trader,holdout,0,0,0
R04155,Salary earner,early access,0,0,0
R04156,Small business,early access,1,0,0
R04157,Market trader,early access,0,0,0
R04158,Student,holdout,0,1,0
R04159,Student,holdout,0,1,0
R04160,Market trader,holdout,0,1,0
R04161,Salary earner,holdout,0,1,0
R04162,Salary earner,holdout,0,1,0
R04163,Salary earner,early access,1,0,0
R04164,Market trader,early access,0,0,0
R04165,Market trader,early access,0,0,0
R04166,Student,early access,1,1,0
R04167,Student,holdout,0,1,0
R04168,Salary earner,holdout,0,1,0
R04169,Small business,holdout,0,1,1
R04170,Small business,holdout,0,1,0
R04171,Market trader,holdout,0,1,0
R04172,Market trader,early access,0,1,0
R04173,Salary earner,holdout,0,1,0
R04174,Small business,holdout,0,1,0
R04175,Student,early access,1,0,0
R04176,Student,holdout,0,1,0
R04177,Student,holdout,0,0,0
R04178,Small business,early access,0,1,0
R04179,Salary earner,holdout,0,0,0
R04180,Market trader,holdout,0,1,0
R04181,Student,early access,1,1,0
R04182,Salary earner,holdout,0,0,0
R04183,Salary earner,early access,0,1,0
R04184,Student,holdout,0,1,0
R04185,Market trader,early access,0,1,0
R04186,Salary earner,early access,1,1,0
R04187,Student,early access,1,0,0
R04188,Salary earner,early access,0,0,0
R04189,Salary earner,holdout,0,0,0
R04190,Market trader,holdout,0,1,0
R04191,Market trader,early access,1,1,0
R04192,Student,early access,1,0,0
R04193,Student,early access,0,0,0
R04194,Salary earner,holdout,0,1,0
R04195,Salary earner,holdout,0,1,0
R04196,Student,holdout,0,1,0
R04197,Market trader,early access,1,1,0
R04198,Market trader,early access,0,1,0
R04199,Salary earner,holdout,0,0,0
R04200,Market trader,holdout,0,0,0
R04201,Salary earner,holdout,0,1,0
R04202,Small business,early access,1,0,0
R04203,Student,early access,0,0,0
R04204,Student,early access,1,1,0
R04205,Salary earner,early access,1,0,0
R04206,Market trader,holdout,0,1,0
R04207,Market trader,holdout,0,0,0
R04208,Student,holdout,0,1,1
R04209,Student,early access,0,1,0
R04210,Student,early access,0,0,0
R04211,Salary earner,early access,0,1,1
R04212,Salary earner,holdout,0,1,0
R04213,Student,holdout,0,1,0
R04214,Student,early access,0,1,0
R04215,Student,holdout,0,1,1
R04216,Salary earner,holdout,0,0,0
R04217,Student,early access,0,1,0
R04218,Salary earner,holdout,0,0,0
R04219,Salary earner,holdout,0,0,0
R04220,Market trader,early access,0,1,0
R04221,Salary earner,early access,0,0,0
R04222,Small business,holdout,0,1,0
R04223,Salary earner,early access,0,0,0
R04224,Student,early access,0,1,0
R04225,Market trader,early access,1,0,0
R04226,Student,holdout,0,1,0
R04227,Salary earner,holdout,0,1,0
R04228,Market trader,early access,1,1,0
R04229,Small business,early access,1,0,0
R04230,Market trader,holdout,0,0,0
R04231,Market trader,early access,0,0,0
R04232,Small business,early access,0,0,0
R04233,Market trader,holdout,0,1,0
R04234,Salary earner,early access,0,0,0
R04235,Small business,early access,0,1,0
R04236,Student,early access,1,0,0
R04237,Salary earner,early access,0,1,0
R04238,Market trader,early access,1,1,0
R04239,Market trader,early access,0,0,0
R04240,Student,early access,0,0,0
R04241,Market trader,holdout,0,0,0
R04242,Student,holdout,0,1,0
R04243,Student,early access,1,1,0
R04244,Student,early access,0,1,1
R04245,Salary earner,early access,1,1,0
R04246,Market trader,holdout,0,0,0
R04247,Market trader,early access,0,0,0
R04248,Salary earner,early access,1,1,0
R04249,Student,holdout,0,0,0
R04250,Small business,early access,1,0,0
R04251,Student,holdout,0,0,0
R04252,Small business,holdout,0,1,0
R04253,Student,early access,1,0,0
R04254,Market trader,early access,1,1,0
R04255,Market trader,holdout,0,0,0
R04256,Market trader,early access,1,1,0
R04257,Small business,early access,0,1,0
R04258,Small business,holdout,0,1,0
R04259,Salary earner,holdout,0,0,0
R04260,Student,holdout,0,1,0
R04261,Market trader,early access,0,0,0
R04262,Salary earner,early access,1,0,0
R04263,Small business,early access,1,1,0
R04264,Market trader,early access,0,0,0
R04265,Market trader,holdout,0,1,0
R04266,Salary earner,early access,0,1,0
R04267,Salary earner,holdout,0,1,0
R04268,Student,early access,0,0,0
R04269,Market trader,holdout,0,1,0
R04270,Student,early access,1,1,0
R04271,Student,early access,1,0,0
R04272,Small business,early access,0,0,0
R04273,Student,holdout,0,1,0
R04274,Small business,early access,1,1,0
R04275,Small business,early access,0,0,0
R04276,Student,holdout,0,0,0
R04277,Student,early access,0,0,0
R04278,Student,holdout,0,1,0
R04279,Student,holdout,0,1,0
R04280,Salary earner,early access,1,0,0
R04281,Salary earner,early access,0,1,0
R04282,Salary earner,early access,1,1,0
R04283,Market trader,early access,0,1,0
R04284,Market trader,holdout,0,1,0
R04285,Student,early access,1,1,0
R04286,Market trader,early access,0,1,0
R04287,Market trader,holdout,0,0,0
R04288,Market trader,holdout,0,0,0
R04289,Market trader,early access,1,1,0
R04290,Small business,early access,0,1,0
R04291,Student,early access,0,1,0
R04292,Salary earner,holdout,0,1,0
R04293,Market trader,holdout,0,1,0
R04294,Salary earner,early access,0,0,0
R04295,Salary earner,holdout,0,1,0
R04296,Student,early access,0,1,0
R04297,Small business,early access,1,1,0
R04298,Small business,early access,0,0,0
R04299,Market trader,early access,0,0,0
R04300,Small business,holdout,0,1,0
R04301,Market trader,holdout,0,1,0
R04302,Salary earner,holdout,0,1,0
R04303,Student,early access,0,0,0
R04304,Market trader,holdout,0,1,0
R04305,Market trader,holdout,0,1,0
R04306,Salary earner,holdout,0,1,0
R04307,Salary earner,early access,1,1,0
R04308,Salary earner,early access,0,0,0
R04309,Student,holdout,0,0,0
R04310,Student,holdout,0,0,0
R04311,Student,holdout,0,1,0
R04312,Market trader,early access,0,1,0
R04313,Salary earner,holdout,0,1,0
R04314,Salary earner,holdout,0,0,0
R04315,Market trader,holdout,0,1,0
R04316,Student,holdout,0,1,0
R04317,Small business,holdout,0,1,0
R04318,Student,early access,0,0,0
R04319,Salary earner,early access,1,1,0
R04320,Market trader,early access,1,1,0
R04321,Market trader,holdout,0,0,0
R04322,Student,holdout,0,1,0
R04323,Salary earner,holdout,0,1,0
R04324,Student,holdout,0,1,0
R04325,Student,early access,1,1,0
R04326,Salary earner,early access,1,1,0
R04327,Small business,holdout,0,1,0
R04328,Salary earner,early access,0,1,0
R04329,Salary earner,early access,1,1,0
R04330,Market trader,early access,0,1,0
R04331,Student,holdout,0,1,0
R04332,Salary earner,early access,0,0,0
R04333,Market trader,early access,0,1,0
R04334,Salary earner,holdout,0,1,0
R04335,Small business,early access,0,0,0
R04336,Salary earner,holdout,0,1,0
R04337,Market trader,holdout,0,1,0
R04338,Market trader,early access,0,1,0
R04339,Salary earner,early access,1,0,0
R04340,Student,early access,1,1,0
R04341,Market trader,holdout,0,0,0
R04342,Market trader,early access,1,1,0
R04343,Salary earner,early access,1,1,0
R04344,Market trader,holdout,0,1,0
R04345,Student,holdout,0,1,0
R04346,Small business,early access,0,1,0
R04347,Market trader,holdout,0,0,0
R04348,Salary earner,early access,1,1,0
R04349,Student,early access,0,1,0
R04350,Salary earner,holdout,0,1,0
R04351,Market trader,holdout,0,0,0
R04352,Student,holdout,0,0,0
R04353,Student,early access,0,1,0
R04354,Market trader,early access,0,0,0
R04355,Student,holdout,0,0,0
R04356,Market trader,early access,1,1,0
R04357,Student,holdout,0,1,0
R04358,Salary earner,early access,0,1,0
R04359,Market trader,early access,1,1,0
R04360,Market trader,early access,0,0,0
R04361,Market trader,early access,0,1,0
R04362,Market trader,early access,0,1,0
R04363,Small business,early access,1,0,0
R04364,Salary earner,holdout,0,0,0
R04365,Market trader,holdout,0,1,0
R04366,Student,early access,1,1,0
R04367,Market trader,early access,1,1,0
R04368,Small business,holdout,0,0,0
R04369,Small business,holdout,0,0,0
R04370,Student,holdout,0,1,0
R04371,Market trader,early access,0,1,0
R04372,Salary earner,holdout,0,1,0
R04373,Market trader,early access,0,1,0
R04374,Salary earner,holdout,0,0,0
R04375,Market trader,early access,1,1,0
R04376,Small business,holdout,0,1,0
R04377,Market trader,early access,1,1,0
R04378,Salary earner,early access,0,0,0
R04379,Salary earner,holdout,0,0,0
R04380,Small business,early access,1,0,0
R04381,Student,early access,1,0,0
R04382,Salary earner,holdout,0,0,0
R04383,Salary earner,early access,0,0,0
R04384,Market trader,holdout,0,1,0
R04385,Salary earner,early access,1,1,0
R04386,Market trader,early access,0,1,0
R04387,Student,early access,1,1,0
R04388,Salary earner,holdout,0,1,0
R04389,Market trader,holdout,0,1,0
R04390,Market trader,holdout,0,1,0
R04391,Small business,early access,1,0,0
R04392,Student,early access,0,0,0
R04393,Salary earner,early access,0,0,0
R04394,Small business,holdout,0,1,0
R04395,Student,holdout,0,1,0
R04396,Market trader,early access,0,0,0
R04397,Salary earner,early access,1,0,0
R04398,Salary earner,early access,0,0,0
R04399,Salary earner,holdout,0,0,0
R04400,Market trader,early access,1,0,0
R04401,Salary earner,holdout,0,0,0
R04402,Market trader,early access,0,1,0
R04403,Salary earner,early access,0,1,0
R04404,Market trader,holdout,0,1,0
R04405,Market trader,holdout,0,1,0
R04406,Salary earner,early access,0,0,0
R04407,Market trader,holdout,0,0,0
R04408,Student,early access,0,1,0
R04409,Market trader,holdout,0,0,0
R04410,Student,early access,0,1,0
R04411,Student,holdout,0,0,0
R04412,Market trader,holdout,0,1,0
R04413,Salary earner,early access,0,1,0
R04414,Salary earner,early access,1,1,0
R04415,Student,holdout,0,0,0
R04416,Salary earner,holdout,0,1,0
R04417,Student,early access,0,0,0
R04418,Student,early access,0,0,0
R04419,Salary earner,early access,0,1,0
R04420,Market trader,early access,0,1,0
R04421,Salary earner,early access,0,0,0
R04422,Market trader,holdout,0,0,0
R04423,Market trader,early access,0,1,0
R04424,Market trader,holdout,0,1,0
R04425,Salary earner,early access,1,1,0
R04426,Salary earner,early access,1,1,0
R04427,Student,early access,0,0,0
R04428,Salary earner,early access,0,1,0
R04429,Market trader,holdout,0,0,0
R04430,Salary earner,holdout,0,1,0
R04431,Salary earner,holdout,0,0,0
R04432,Market trader,holdout,0,0,0
R04433,Market trader,early access,0,1,1
R04434,Salary earner,holdout,0,0,0
R04435,Market trader,early access,0,0,0
R04436,Student,holdout,0,0,0
R04437,Student,holdout,0,1,0
R04438,Student,early access,1,1,0
R04439,Salary earner,holdout,0,0,0
R04440,Student,holdout,0,0,0
R04441,Small business,early access,1,0,0
R04442,Market trader,holdout,0,0,0
R04443,Student,early access,0,1,0
R04444,Market trader,early access,0,1,0
R04445,Student,early access,0,0,0
R04446,Market trader,holdout,0,1,0
R04447,Salary earner,holdout,0,0,0
R04448,Market trader,early access,0,0,0
R04449,Market trader,holdout,0,0,0
R04450,Small business,holdout,0,0,0
R04451,Student,early access,1,1,0
R04452,Student,early access,1,1,0
R04453,Salary earner,early access,0,1,0
R04454,Small business,early access,0,1,0
R04455,Salary earner,holdout,0,0,0
R04456,Salary earner,holdout,0,0,0
R04457,Salary earner,holdout,0,1,0
R04458,Market trader,early access,0,1,0
R04459,Small business,early access,0,1,0
R04460,Small business,holdout,0,1,0
R04461,Salary earner,early access,1,0,0
R04462,Small business,holdout,0,0,0
R04463,Salary earner,early access,1,1,0
R04464,Salary earner,early access,0,0,0
R04465,Small business,early access,0,0,0
R04466,Student,holdout,0,0,0
R04467,Salary earner,early access,0,1,0
R04468,Market trader,holdout,0,0,0
R04469,Salary earner,holdout,0,1,0
R04470,Small business,early access,1,1,0
R04471,Market trader,holdout,0,1,0
R04472,Small business,early access,1,0,0
R04473,Salary earner,holdout,0,1,0
R04474,Market trader,holdout,0,1,0
R04475,Market trader,holdout,0,0,0
R04476,Salary earner,early access,0,1,0
R04477,Salary earner,holdout,0,0,0
R04478,Salary earner,holdout,0,1,0
R04479,Salary earner,holdout,0,0,0
R04480,Student,early access,1,1,0
R04481,Market trader,early access,1,1,0
R04482,Student,early access,1,1,0
R04483,Student,early access,1,0,0
R04484,Salary earner,holdout,0,1,0
R04485,Market trader,holdout,0,1,0
R04486,Student,early access,0,1,1
R04487,Salary earner,holdout,0,1,0
R04488,Student,early access,1,0,0
R04489,Market trader,early access,1,1,0
R04490,Student,early access,1,1,0
R04491,Small business,holdout,0,0,0
R04492,Small business,holdout,0,1,0
R04493,Market trader,holdout,0,0,0
R04494,Market trader,early access,0,0,0
R04495,Market trader,holdout,0,0,0
R04496,Market trader,early access,1,1,0
R04497,Small business,early access,1,1,0
R04498,Market trader,early access,0,1,0
R04499,Small business,early access,0,0,0
R04500,Salary earner,early access,1,1,0
R04501,Market trader,early access,0,0,0
R04502,Market trader,holdout,0,0,0
R04503,Market trader,holdout,0,0,0
R04504,Small business,early access,0,0,0
R04505,Small business,early access,1,1,0
R04506,Student,holdout,0,1,0
R04507,Market trader,early access,0,1,0
R04508,Salary earner,holdout,0,0,0
R04509,Small business,early access,1,1,0
R04510,Salary earner,holdout,0,0,0
R04511,Student,early access,0,1,0
R04512,Student,early access,1,1,0
R04513,Salary earner,early access,0,1,0
R04514,Salary earner,early access,1,1,0
R04515,Market trader,holdout,0,0,0
R04516,Salary earner,early access,1,1,0
R04517,Market trader,holdout,0,1,0
R04518,Salary earner,early access,0,0,0
R04519,Market trader,holdout,0,1,0
R04520,Market trader,early access,1,0,0
R04521,Market trader,early access,0,1,0
R04522,Market trader,holdout,0,1,0
R04523,Market trader,holdout,0,1,0
R04524,Salary earner,early access,1,1,0
R04525,Market trader,early access,0,1,0
R04526,Market trader,early access,0,1,0
R04527,Student,holdout,0,0,0
R04528,Salary earner,holdout,0,1,0
R04529,Salary earner,early access,1,0,0
R04530,Student,holdout,0,1,1
R04531,Salary earner,holdout,0,0,0
R04532,Salary earner,holdout,0,1,0
R04533,Salary earner,holdout,0,0,0
R04534,Market trader,early access,0,0,0
R04535,Salary earner,early access,0,1,0
R04536,Market trader,early access,0,0,0
R04537,Salary earner,holdout,0,0,0
R04538,Salary earner,holdout,0,0,0
R04539,Market trader,holdout,0,0,0
R04540,Small business,early access,1,1,0
R04541,Small business,early access,1,1,0
R04542,Student,early access,0,0,0
R04543,Salary earner,holdout,0,0,0
R04544,Market trader,early access,1,0,1
R04545,Market trader,early access,0,1,0
R04546,Small business,holdout,0,1,0
R04547,Market trader,early access,0,1,0
R04548,Student,early access,0,0,0
R04549,Salary earner,early access,1,1,0
R04550,Market trader,early access,1,1,0
R04551,Salary earner,early access,0,0,0
R04552,Student,holdout,0,0,0
R04553,Salary earner,holdout,0,1,0
R04554,Salary earner,holdout,0,1,0
R04555,Salary earner,holdout,0,1,0
R04556,Student,holdout,0,0,0
R04557,Salary earner,holdout,0,0,0
R04558,Small business,early access,0,1,0
R04559,Salary earner,holdout,0,1,0
R04560,Salary earner,early access,1,1,1
R04561,Small business,holdout,0,1,0
R04562,Market trader,early access,1,1,0
R04563,Small business,early access,0,0,1
R04564,Market trader,early access,0,0,0
R04565,Salary earner,holdout,0,0,0
R04566,Student,early access,0,0,0
R04567,Student,holdout,0,0,0
R04568,Salary earner,holdout,0,1,0
R04569,Salary earner,early access,1,1,0
R04570,Market trader,holdout,0,1,0
R04571,Small business,early access,0,1,0
R04572,Salary earner,holdout,0,0,0
R04573,Student,holdout,0,0,0
R04574,Market trader,holdout,0,0,0
R04575,Market trader,early access,0,0,0
R04576,Market trader,early access,0,1,0
R04577,Market trader,holdout,0,0,0
R04578,Salary earner,holdout,0,1,0
R04579,Small business,early access,1,1,0
R04580,Market trader,early access,0,1,0
R04581,Salary earner,early access,0,1,0
R04582,Market trader,holdout,0,1,0
R04583,Student,early access,1,0,0
R04584,Salary earner,holdout,0,1,0
R04585,Market trader,holdout,0,1,0
R04586,Student,early access,1,1,0
R04587,Student,early access,0,0,0
R04588,Small business,holdout,0,0,0
R04589,Market trader,holdout,0,0,0
R04590,Salary earner,holdout,0,1,0
R04591,Salary earner,holdout,0,1,0
R04592,Salary earner,holdout,0,1,0
R04593,Student,holdout,0,0,0
R04594,Market trader,early access,0,1,0
R04595,Student,early access,1,1,0
R04596,Salary earner,holdout,0,0,0
R04597,Small business,early access,0,0,0
R04598,Salary earner,holdout,0,1,0
R04599,Small business,early access,0,1,0
R04600,Small business,holdout,0,1,0
R04601,Student,early access,0,0,0
R04602,Small business,early access,1,0,0
R04603,Market trader,holdout,0,1,0
R04604,Salary earner,holdout,0,1,0
R04605,Salary earner,holdout,0,1,0
R04606,Salary earner,holdout,0,1,0
R04607,Market trader,early access,0,1,0
R04608,Market trader,early access,1,0,0
R04609,Market trader,early access,1,1,0
R04610,Market trader,holdout,0,0,1
R04611,Small business,early access,0,1,0
R04612,Market trader,holdout,0,0,0
R04613,Market trader,early access,1,1,0
R04614,Salary earner,holdout,0,1,1
R04615,Market trader,early access,0,0,0
R04616,Small business,holdout,0,0,0
R04617,Market trader,early access,1,1,0
R04618,Market trader,holdout,0,1,1
R04619,Salary earner,holdout,0,1,1
R04620,Market trader,holdout,0,1,0
R04621,Market trader,early access,0,1,0
R04622,Market trader,holdout,0,0,0
R04623,Salary earner,holdout,0,1,0
R04624,Salary earner,holdout,0,1,0
R04625,Market trader,holdout,0,1,0
R04626,Small business,holdout,0,1,0
R04627,Small business,holdout,0,0,0
R04628,Market trader,early access,1,1,0
R04629,Salary earner,holdout,0,0,0
R04630,Salary earner,early access,1,0,0
R04631,Small business,early access,0,0,0
R04632,Market trader,holdout,0,1,0
R04633,Market trader,holdout,0,0,0
R04634,Market trader,holdout,0,1,0
R04635,Market trader,early access,0,0,0
R04636,Salary earner,early access,0,1,0
R04637,Small business,early access,0,1,0
R04638,Student,holdout,0,0,0
R04639,Salary earner,early access,1,0,0
R04640,Market trader,holdout,0,1,0
R04641,Market trader,early access,1,1,0
R04642,Student,early access,0,0,0
R04643,Salary earner,holdout,0,0,0
R04644,Student,holdout,0,1,0
R04645,Salary earner,holdout,0,1,0
R04646,Salary earner,early access,0,1,0
R04647,Market trader,early access,0,0,0
R04648,Market trader,holdout,0,1,0
R04649,Market trader,holdout,0,1,0
R04650,Market trader,holdout,0,1,0
R04651,Salary earner,early access,1,1,0
R04652,Market trader,early access,0,0,0
R04653,Market trader,early access,1,1,0
R04654,Market trader,holdout,0,1,0
R04655,Salary earner,holdout,0,0,0
R04656,Small business,early access,0,0,0
R04657,Small business,early access,1,1,0
R04658,Small business,holdout,0,0,0
R04659,Small business,holdout,0,0,0
R04660,Salary earner,early access,0,1,0
R04661,Student,early access,1,1,0
R04662,Student,holdout,0,1,0
R04663,Salary earner,holdout,0,0,0
R04664,Market trader,holdout,0,1,0
R04665,Salary earner,holdout,0,0,0
R04666,Market trader,early access,0,1,0
R04667,Salary earner,early access,0,0,0
R04668,Market trader,holdout,0,1,0
R04669,Small business,holdout,0,0,0
R04670,Student,early access,1,1,0
R04671,Student,holdout,0,1,0
R04672,Small business,early access,1,1,0
R04673,Student,holdout,0,0,0
R04674,Market trader,holdout,0,1,0
R04675,Market trader,early access,0,1,0
R04676,Salary earner,early access,0,0,0
R04677,Student,holdout,0,1,0
R04678,Student,early access,0,1,0
R04679,Small business,early access,0,1,0
R04680,Salary earner,early access,0,1,0
R04681,Student,holdout,0,1,0
R04682,Market trader,early access,0,1,0
R04683,Salary earner,early access,1,1,0
R04684,Salary earner,holdout,0,1,0
R04685,Student,holdout,0,1,0
R04686,Small business,holdout,0,1,0
R04687,Market trader,early access,1,1,0
R04688,Salary earner,holdout,0,0,0
R04689,Market trader,early access,0,1,0
R04690,Salary earner,holdout,0,1,0
R04691,Student,holdout,0,0,0
R04692,Student,early access,0,1,0
R04693,Salary earner,early access,1,0,0
R04694,Salary earner,holdout,0,1,0
R04695,Small business,holdout,0,1,0
R04696,Small business,early access,1,1,0
R04697,Salary earner,holdout,0,0,0
R04698,Small business,holdout,0,1,0
R04699,Market trader,early access,0,0,0
R04700,Market trader,holdout,0,0,0
R04701,Market trader,holdout,0,0,0
R04702,Student,early access,1,0,0
R04703,Salary earner,early access,0,0,0
R04704,Salary earner,holdout,0,1,0
R04705,Student,early access,1,1,0
R04706,Small business,early access,1,1,0
R04707,Small business,early access,0,0,0
R04708,Student,early access,0,1,0
R04709,Salary earner,early access,0,1,0
R04710,Student,early access,0,0,0
R04711,Small business,holdout,0,0,0
R04712,Market trader,holdout,0,1,0
R04713,Market trader,early access,0,0,0
R04714,Salary earner,holdout,0,1,0
R04715,Market trader,early access,1,1,0
R04716,Salary earner,holdout,0,0,0
R04717,Salary earner,holdout,0,1,0
R04718,Market trader,holdout,0,1,1
R04719,Market trader,holdout,0,1,0
R04720,Market trader,holdout,0,0,0
R04721,Student,early access,1,1,0
R04722,Small business,holdout,0,0,0
R04723,Market trader,holdout,0,1,0
R04724,Student,early access,0,0,1
R04725,Salary earner,holdout,0,0,0
R04726,Salary earner,holdout,0,0,0
R04727,Market trader,holdout,0,0,0
R04728,Student,holdout,0,1,0
R04729,Small business,holdout,0,1,0
R04730,Market trader,early access,0,1,0
R04731,Salary earner,holdout,0,0,0
R04732,Salary earner,early access,0,1,0
R04733,Market trader,holdout,0,1,0
R04734,Market trader,early access,1,1,1
R04735,Student,holdout,0,1,0
R04736,Salary earner,holdout,0,1,0
R04737,Market trader,holdout,0,0,0
R04738,Student,holdout,0,0,0
R04739,Market trader,holdout,0,0,0
R04740,Small business,early access,1,1,0
R04741,Salary earner,holdout,0,1,0
R04742,Student,early access,0,1,0
R04743,Student,holdout,0,1,0
R04744,Small business,holdout,0,0,0
R04745,Salary earner,early access,0,0,1
R04746,Small business,holdout,0,0,0
R04747,Student,early access,0,0,0
R04748,Student,early access,0,1,0
R04749,Market trader,holdout,0,0,0
R04750,Salary earner,holdout,0,1,0
R04751,Salary earner,early access,1,1,0
R04752,Small business,holdout,0,0,0
R04753,Salary earner,holdout,0,1,0
R04754,Market trader,early access,0,0,0
R04755,Student,holdout,0,0,0
R04756,Salary earner,holdout,0,1,0
R04757,Student,early access,1,1,0
R04758,Student,early access,1,0,0
R04759,Salary earner,early access,1,1,1
R04760,Market trader,holdout,0,0,0
R04761,Salary earner,early access,1,1,0
R04762,Student,holdout,0,0,0
R04763,Small business,holdout,0,0,0
R04764,Small business,holdout,0,1,0
R04765,Student,holdout,0,0,0
R04766,Salary earner,holdout,0,1,0
R04767,Market trader,early access,1,1,0
R04768,Student,holdout,0,1,0
R04769,Salary earner,holdout,0,0,0
R04770,Salary earner,holdout,0,1,0
R04771,Student,early access,0,0,0
R04772,Market trader,holdout,0,0,0
R04773,Market trader,early access,0,1,0
R04774,Student,early access,0,1,0
R04775,Small business,early access,0,0,0
R04776,Salary earner,holdout,0,1,0
R04777,Market trader,holdout,0,0,0
R04778,Market trader,holdout,0,1,0
R04779,Small business,early access,1,1,0
R04780,Salary earner,early access,1,1,0
R04781,Small business,early access,0,0,0
R04782,Salary earner,early access,1,1,0
R04783,Student,early access,0,0,0
R04784,Small business,holdout,0,0,0
R04785,Market trader,holdout,0,0,0
R04786,Market trader,holdout,0,0,0
R04787,Student,holdout,0,0,0
R04788,Salary earner,holdout,0,1,0
R04789,Salary earner,holdout,0,1,0
R04790,Small business,holdout,0,0,0
R04791,Salary earner,holdout,0,1,0
R04792,Student,holdout,0,0,0
R04793,Market trader,early access,0,0,0
R04794,Market trader,holdout,0,1,0
R04795,Market trader,early access,0,1,0
R04796,Market trader,holdout,0,1,0
R04797,Market trader,holdout,0,1,1
R04798,Market trader,early access,0,1,0
R04799,Salary earner,early access,1,1,0
R04800,Market trader,holdout,0,1,0
R04801,Small business,holdout,0,0,0
R04802,Salary earner,early access,0,1,0
R04803,Salary earner,holdout,0,0,0
R04804,Market trader,early access,0,0,0
R04805,Market trader,early access,0,0,0
R04806,Salary earner,early access,1,0,0
R04807,Student,early access,0,1,0
R04808,Market trader,holdout,0,1,0
R04809,Market trader,holdout,0,1,0
R04810,Market trader,holdout,0,1,0
R04811,Small business,holdout,0,1,0
R04812,Small business,holdout,0,1,0
R04813,Small business,early access,0,1,0
R04814,Market trader,holdout,0,0,0
R04815,Market trader,early access,0,1,0
R04816,Market trader,early access,0,1,0
R04817,Salary earner,early access,0,1,0
R04818,Salary earner,holdout,0,1,0
R04819,Market trader,early access,0,0,0
R04820,Salary earner,holdout,0,0,0
R04821,Salary earner,early access,1,1,0
R04822,Salary earner,holdout,0,0,0
R04823,Salary earner,early access,0,0,0
R04824,Market trader,early access,0,1,0
R04825,Salary earner,holdout,0,1,0
R04826,Student,early access,1,0,0
R04827,Market trader,early access,0,0,0
R04828,Student,early access,1,1,0
R04829,Student,holdout,0,0,0
R04830,Market trader,holdout,0,0,0
R04831,Small business,early access,0,0,0
R04832,Small business,holdout,0,1,0
R04833,Salary earner,holdout,0,1,0
R04834,Salary earner,early access,1,0,0
R04835,Small business,early access,0,0,0
R04836,Market trader,holdout,0,0,0
R04837,Market trader,holdout,0,1,0
R04838,Salary earner,holdout,0,1,0
R04839,Market trader,early access,1,1,0
R04840,Salary earner,holdout,0,1,0
R04841,Small business,holdout,0,1,0
R04842,Salary earner,holdout,0,1,0
R04843,Salary earner,early access,1,1,0
R04844,Small business,holdout,0,0,0
R04845,Student,holdout,0,1,0
R04846,Salary earner,holdout,0,1,0
R04847,Salary earner,early access,1,1,0
R04848,Market trader,early access,0,1,0
R04849,Salary earner,early access,1,1,0
R04850,Student,holdout,0,0,0
R04851,Small business,early access,1,1,0
R04852,Market trader,early access,0,1,0
R04853,Salary earner,early access,0,1,0
R04854,Small business,holdout,0,1,0
R04855,Market trader,early access,0,1,0
R04856,Market trader,holdout,0,1,0
R04857,Salary earner,early access,0,1,0
R04858,Market trader,early access,1,1,0
R04859,Salary earner,early access,1,1,0
R04860,Market trader,holdout,0,0,0
R04861,Small business,early access,1,1,0
R04862,Market trader,early access,0,1,0
R04863,Small business,early access,0,1,0
R04864,Student,holdout,0,0,0
R04865,Market trader,early access,1,0,0
R04866,Salary earner,early access,0,0,0
R04867,Small business,holdout,0,0,0
R04868,Salary earner,early access,0,1,0
R04869,Salary earner,holdout,0,1,0
R04870,Small business,early access,1,1,0
R04871,Student,holdout,0,1,0
R04872,Small business,early access,1,1,0
R04873,Student,early access,0,1,0
R04874,Salary earner,early access,0,1,0
R04875,Student,early access,0,1,0
R04876,Small business,early access,0,1,0
R04877,Salary earner,holdout,0,1,0
R04878,Market trader,holdout,0,0,0
R04879,Student,holdout,0,1,0
R04880,Salary earner,holdout,0,0,0
R04881,Market trader,holdout,0,1,0
R04882,Market trader,early access,1,1,0
R04883,Student,early access,1,1,0
R04884,Salary earner,early access,0,0,0
R04885,Market trader,holdout,0,1,0
R04886,Student,early access,0,0,0
R04887,Market trader,early access,1,1,0
R04888,Salary earner,holdout,0,1,0
R04889,Small business,holdout,0,0,1
R04890,Market trader,holdout,0,0,0
R04891,Salary earner,early access,1,1,0
R04892,Market trader,early access,0,0,0
R04893,Salary earner,early access,0,1,0
R04894,Small business,early access,0,1,0
R04895,Student,early access,1,1,0
R04896,Salary earner,early access,0,0,0
R04897,Student,holdout,0,1,0
R04898,Small business,early access,0,0,0
R04899,Market trader,early access,1,1,0
R04900,Salary earner,holdout,0,1,0
R04901,Market trader,holdout,0,1,0
R04902,Market trader,early access,0,0,0
R04903,Salary earner,holdout,0,1,0
R04904,Student,early access,1,1,0
R04905,Small business,holdout,0,1,0
R04906,Market trader,early access,1,1,0
R04907,Salary earner,holdout,0,1,0
R04908,Salary earner,holdout,0,1,0
R04909,Student,holdout,0,1,0
R04910,Small business,early access,1,1,0
R04911,Salary earner,holdout,0,0,0
R04912,Market trader,early access,0,1,0
R04913,Salary earner,early access,0,1,0
R04914,Small business,early access,1,1,0
R04915,Salary earner,holdout,0,0,0
R04916,Small business,early access,0,1,0
R04917,Student,holdout,0,1,0
R04918,Salary earner,early access,0,0,0
R04919,Student,early access,1,0,0
R04920,Market trader,holdout,0,1,0
R04921,Market trader,holdout,0,0,0
R04922,Salary earner,holdout,0,0,0
R04923,Market trader,holdout,0,0,0
R04924,Student,early access,1,1,0
R04925,Student,holdout,0,0,0
R04926,Small business,early access,1,0,0
R04927,Market trader,holdout,0,1,0
R04928,Salary earner,holdout,0,1,0
R04929,Market trader,holdout,0,1,0
R04930,Market trader,early access,0,0,0
R04931,Salary earner,early access,0,0,0
R04932,Salary earner,holdout,0,1,0
R04933,Student,holdout,0,0,0
R04934,Student,holdout,0,1,0
R04935,Salary earner,early access,0,0,0
R04936,Market trader,holdout,0,0,0
R04937,Student,early access,0,1,0
R04938,Student,holdout,0,1,0
R04939,Market trader,early access,1,1,0
R04940,Market trader,holdout,0,0,0
R04941,Student,early access,0,0,0
R04942,Salary earner,holdout,0,1,0
R04943,Student,early access,0,1,0
R04944,Small business,holdout,0,1,0
R04945,Student,early access,0,1,0
R04946,Student,holdout,0,0,0
R04947,Market trader,early access,0,0,0
R04948,Market trader,holdout,0,1,0
R04949,Salary earner,early access,1,1,0
R04950,Market trader,early access,0,1,0
R04951,Student,early access,0,1,0
R04952,Market trader,holdout,0,0,0
R04953,Student,holdout,0,1,0
R04954,Student,holdout,0,1,0
R04955,Market trader,early access,1,1,0
R04956,Salary earner,early access,1,1,0
R04957,Market trader,holdout,0,1,0
R04958,Student,holdout,0,1,0
R04959,Salary earner,early access,0,0,0
R04960,Market trader,early access,0,1,0
R04961,Market trader,early access,0,0,0
R04962,Student,holdout,0,1,0
R04963,Market trader,early access,1,1,0
R04964,Market trader,holdout,0,0,0
R04965,Market trader,early access,0,1,0
R04966,Salary earner,holdout,0,0,0
R04967,Salary earner,early access,1,1,0
R04968,Student,early access,1,1,0
R04969,Salary earner,holdout,0,1,0
R04970,Small business,early access,1,1,0
R04971,Salary earner,holdout,0,1,0
R04972,Salary earner,early access,0,1,0
R04973,Market trader,holdout,0,1,0
R04974,Student,holdout,0,1,0
R04975,Market trader,holdout,0,0,0
R04976,Market trader,early access,0,1,0
R04977,Market trader,early access,0,1,0
R04978,Market trader,early access,0,0,0
R04979,Small business,holdout,0,1,0
R04980,Market trader,holdout,0,1,0
R04981,Salary earner,early access,1,1,0
R04982,Salary earner,holdout,0,1,0
R04983,Market trader,early access,0,1,0
R04984,Salary earner,holdout,0,1,0
R04985,Student,holdout,0,1,0
R04986,Market trader,early access,1,0,0
R04987,Student,holdout,0,0,0
R04988,Salary earner,holdout,0,0,0
R04989,Salary earner,early access,1,0,1
R04990,Salary earner,holdout,0,1,1
R04991,Salary earner,holdout,0,0,1
R04992,Student,early access,0,0,0
R04993,Small business,early access,0,0,0
R04994,Small business,early access,0,0,0
R04995,Small business,holdout,0,1,0
R04996,Salary earner,holdout,0,1,0
R04997,Student,holdout,0,1,0
R04998,Salary earner,holdout,0,1,0
R04999,Salary earner,early access,1,1,1
R05000,Salary earner,early access,0,0,0
R05001,Small business,early access,0,0,0
R05002,Market trader,holdout,0,1,0
R05003,Market trader,early access,0,0,0
R05004,Market trader,early access,1,1,0
R05005,Market trader,early access,1,1,0
R05006,Salary earner,holdout,0,1,0
R05007,Salary earner,holdout,0,1,0
R05008,Salary earner,early access,1,0,0
R05009,Salary earner,early access,1,1,0
R05010,Salary earner,holdout,0,1,0
R05011,Small business,holdout,0,1,0
R05012,Salary earner,holdout,0,0,0
R05013,Salary earner,holdout,0,1,0
R05014,Salary earner,holdout,0,0,0
R05015,Student,early access,1,0,0
R05016,Market trader,holdout,0,0,0
R05017,Student,early access,0,1,0
R05018,Market trader,early access,1,1,0
R05019,Salary earner,early access,0,0,0
R05020,Student,early access,1,1,0
R05021,Market trader,early access,0,0,0
R05022,Salary earner,early access,0,0,0
R05023,Salary earner,early access,1,1,0
R05024,Salary earner,holdout,0,0,0
R05025,Salary earner,early access,1,1,0
R05026,Market trader,holdout,0,1,0
R05027,Salary earner,early access,0,0,1
R05028,Student,early access,1,1,0
R05029,Salary earner,early access,1,1,0
R05030,Market trader,holdout,0,1,0
R05031,Market trader,holdout,0,1,0
R05032,Salary earner,early access,0,1,0
R05033,Salary earner,early access,1,0,0
R05034,Salary earner,holdout,0,0,0
R05035,Salary earner,early access,0,0,0
R05036,Market trader,early access,1,1,0
R05037,Salary earner,early access,0,1,0
R05038,Market trader,holdout,0,1,0
R05039,Small business,holdout,0,1,0
R05040,Small business,holdout,0,1,0
R05041,Market trader,early access,1,0,0
R05042,Small business,early access,1,1,0
R05043,Market trader,early access,0,0,0
R05044,Market trader,early access,0,1,0
R05045,Market trader,early access,0,0,0
R05046,Market trader,holdout,0,1,0
R05047,Small business,holdout,0,1,0
R05048,Salary earner,early access,0,1,0
R05049,Market trader,early access,1,1,0
R05050,Salary earner,early access,1,0,0
R05051,Small business,holdout,0,0,0
R05052,Student,early access,1,1,0
R05053,Salary earner,holdout,0,0,0
R05054,Market trader,holdout,0,1,0
R05055,Market trader,early access,1,1,0
R05056,Salary earner,early access,1,1,0
R05057,Market trader,holdout,0,1,0
R05058,Salary earner,early access,0,0,0
R05059,Student,holdout,0,0,0
R05060,Student,holdout,0,1,0
R05061,Small business,holdout,0,1,0
R05062,Student,holdout,0,1,0
R05063,Market trader,early access,1,1,0
R05064,Salary earner,holdout,0,1,0
R05065,Market trader,early access,0,1,0
R05066,Salary earner,holdout,0,0,0
R05067,Salary earner,holdout,0,0,0
R05068,Market trader,holdout,0,1,0
R05069,Salary earner,holdout,0,1,0
R05070,Salary earner,early access,0,0,0
R05071,Market trader,holdout,0,1,0
R05072,Market trader,holdout,0,1,0
R05073,Market trader,holdout,0,1,0
R05074,Market trader,early access,0,1,0
R05075,Market trader,holdout,0,1,0
R05076,Salary earner,early access,1,1,0
R05077,Market trader,early access,0,1,0
R05078,Market trader,early access,1,1,0
R05079,Small business,holdout,0,0,0
R05080,Market trader,holdout,0,0,0
R05081,Small business,holdout,0,1,0
R05082,Student,early access,0,1,0
R05083,Salary earner,holdout,0,1,0
R05084,Salary earner,early access,1,1,0
R05085,Market trader,early access,0,0,0
R05086,Student,holdout,0,1,0
R05087,Market trader,holdout,0,1,0
R05088,Student,holdout,0,1,0
R05089,Market trader,holdout,0,1,0
R05090,Salary earner,early access,0,0,1
R05091,Market trader,holdout,0,0,0
R05092,Salary earner,holdout,0,1,0
R05093,Market trader,early access,1,1,0
R05094,Market trader,early access,0,1,0
R05095,Student,holdout,0,0,0
R05096,Salary earner,holdout,0,1,0
R05097,Market trader,holdout,0,0,0
R05098,Salary earner,holdout,0,0,0
R05099,Salary earner,holdout,0,1,0
R05100,Market trader,holdout,0,1,0
R05101,Salary earner,early access,1,0,0
R05102,Student,early access,1,1,0
R05103,Market trader,holdout,0,0,0
R05104,Market trader,holdout,0,0,0
R05105,Student,holdout,0,0,0
R05106,Salary earner,holdout,0,1,0
R05107,Salary earner,holdout,0,0,0
R05108,Market trader,early access,1,1,0
R05109,Salary earner,early access,0,0,0
R05110,Salary earner,early access,0,1,0
R05111,Student,early access,0,0,0
R05112,Salary earner,early access,1,0,0
R05113,Student,early access,1,1,0
R05114,Market trader,early access,0,0,0
R05115,Market trader,holdout,0,1,0
R05116,Salary earner,holdout,0,0,0
R05117,Market trader,early access,0,1,0
R05118,Student,early access,1,1,0
R05119,Salary earner,holdout,0,0,0
R05120,Small business,holdout,0,1,0
R05121,Student,holdout,0,1,0
R05122,Salary earner,holdout,0,0,0
R05123,Student,early access,1,1,0
R05124,Student,early access,1,1,0
R05125,Student,early access,0,0,0
R05126,Student,holdout,0,0,0
R05127,Salary earner,early access,1,0,1
R05128,Market trader,early access,1,1,1
R05129,Market trader,early access,0,0,0
R05130,Market trader,holdout,0,0,0
R05131,Market trader,holdout,0,1,0
R05132,Student,holdout,0,1,0
R05133,Market trader,early access,0,0,0
R05134,Market trader,holdout,0,1,0
R05135,Salary earner,early access,1,1,0
R05136,Salary earner,holdout,0,0,0
R05137,Salary earner,early access,0,1,0
R05138,Market trader,early access,0,1,0
R05139,Market trader,holdout,0,1,0
R05140,Market trader,early access,0,0,0
R05141,Salary earner,holdout,0,0,0
R05142,Student,holdout,0,1,0
R05143,Student,early access,0,0,0
R05144,Student,holdout,0,1,0
R05145,Market trader,holdout,0,0,1
R05146,Salary earner,holdout,0,1,0
R05147,Market trader,holdout,0,1,0
R05148,Market trader,holdout,0,0,0
R05149,Student,holdout,0,1,0
R05150,Market trader,early access,0,0,0
R05151,Market trader,early access,1,1,0
R05152,Market trader,holdout,0,0,0
R05153,Market trader,early access,1,1,0
R05154,Student,holdout,0,1,0
R05155,Small business,early access,0,0,0
R05156,Salary earner,early access,1,0,0
R05157,Market trader,holdout,0,1,0
R05158,Small business,early access,1,1,0
R05159,Salary earner,early access,0,1,0
R05160,Small business,early access,0,0,0
R05161,Market trader,early access,0,0,0
R05162,Market trader,holdout,0,0,0
R05163,Small business,holdout,0,0,0
R05164,Salary earner,early access,0,0,0
R05165,Student,holdout,0,1,0
R05166,Market trader,early access,0,0,0
R05167,Salary earner,holdout,0,0,0
R05168,Market trader,holdout,0,1,0
R05169,Student,early access,1,1,0
R05170,Salary earner,holdout,0,1,0
R05171,Salary earner,holdout,0,1,0
R05172,Student,holdout,0,0,0
R05173,Small business,early access,1,1,0
R05174,Small business,holdout,0,0,0
R05175,Market trader,early access,0,1,0
R05176,Market trader,holdout,0,1,0
R05177,Market trader,holdout,0,1,0
R05178,Market trader,holdout,0,1,0
R05179,Salary earner,holdout,0,1,0
R05180,Student,holdout,0,1,0
R05181,Market trader,holdout,0,0,0
R05182,Salary earner,holdout,0,1,0
R05183,Market trader,holdout,0,1,0
R05184,Small business,early access,1,0,0
R05185,Salary earner,early access,0,1,0
R05186,Salary earner,holdout,0,1,0
R05187,Salary earner,early access,1,0,0
R05188,Student,holdout,0,0,0
R05189,Market trader,early access,0,1,0
R05190,Market trader,early access,1,1,0
R05191,Market trader,holdout,0,0,0
R05192,Student,early access,0,1,0
R05193,Student,holdout,0,1,0
R05194,Student,holdout,0,0,0
R05195,Market trader,holdout,0,1,0
R05196,Small business,early access,1,1,0
R05197,Small business,holdout,0,1,0
R05198,Student,holdout,0,0,0
R05199,Market trader,early access,0,1,1
R05200,Student,holdout,0,0,0
R05201,Student,early access,1,1,0
R05202,Market trader,holdout,0,0,0
R05203,Small business,early access,1,0,1
R05204,Market trader,holdout,0,1,0
R05205,Market trader,early access,0,0,0
R05206,Market trader,holdout,0,1,0
R05207,Salary earner,early access,1,1,0
R05208,Small business,holdout,0,1,0
R05209,Student,early access,0,1,0
R05210,Salary earner,holdout,0,1,0
R05211,Market trader,holdout,0,0,0
R05212,Market trader,holdout,0,1,0
R05213,Market trader,early access,1,1,0
R05214,Market trader,holdout,0,1,0
R05215,Student,early access,0,0,0
R05216,Market trader,holdout,0,1,0
R05217,Market trader,early access,1,1,0
R05218,Salary earner,early access,1,0,0
R05219,Market trader,holdout,0,1,0
R05220,Market trader,holdout,0,0,0
R05221,Market trader,holdout,0,1,0
R05222,Student,early access,0,0,0
R05223,Small business,early access,0,0,1
R05224,Market trader,holdout,0,1,0
R05225,Salary earner,early access,0,0,0
R05226,Market trader,early access,0,1,0
R05227,Student,holdout,0,1,0
R05228,Small business,holdout,0,1,0
R05229,Market trader,holdout,0,0,0
R05230,Small business,holdout,0,1,0
R05231,Student,early access,0,0,0
R05232,Salary earner,holdout,0,1,0
R05233,Salary earner,holdout,0,0,0
R05234,Student,holdout,0,0,0
R05235,Market trader,early access,0,1,0
R05236,Market trader,early access,0,0,0
R05237,Market trader,holdout,0,1,0
R05238,Market trader,holdout,0,1,0
R05239,Salary earner,holdout,0,0,0
R05240,Small business,early access,0,1,0
R05241,Small business,holdout,0,0,0
R05242,Salary earner,early access,0,0,0
R05243,Student,holdout,0,1,0
R05244,Market trader,holdout,0,1,0
R05245,Market trader,early access,0,0,0
R05246,Salary earner,holdout,0,1,0
R05247,Salary earner,holdout,0,1,0
R05248,Market trader,early access,1,0,0
R05249,Salary earner,holdout,0,0,0
R05250,Market trader,early access,0,1,0
R05251,Small business,early access,1,0,0
R05252,Salary earner,holdout,0,1,0
R05253,Salary earner,early access,0,0,0
R05254,Salary earner,holdout,0,1,0
R05255,Market trader,early access,0,0,0
R05256,Small business,holdout,0,1,0
R05257,Salary earner,early access,0,0,0
R05258,Student,holdout,0,0,0
R05259,Student,holdout,0,1,0
R05260,Student,early access,0,0,0
R05261,Market trader,holdout,0,0,1
R05262,Market trader,holdout,0,1,0
R05263,Student,holdout,0,0,0
R05264,Small business,early access,0,1,0
R05265,Market trader,holdout,0,0,0
R05266,Salary earner,holdout,0,0,0
R05267,Salary earner,early access,0,1,0
R05268,Salary earner,holdout,0,1,0
R05269,Market trader,early access,1,1,0
R05270,Market trader,holdout,0,0,0
R05271,Market trader,holdout,0,1,0
R05272,Salary earner,early access,0,1,0
R05273,Small business,holdout,0,1,0
R05274,Student,early access,0,1,0
R05275,Salary earner,holdout,0,1,0
R05276,Small business,holdout,0,0,0
R05277,Salary earner,holdout,0,1,0
R05278,Market trader,early access,0,0,0
R05279,Small business,holdout,0,0,0
R05280,Small business,holdout,0,0,0
R05281,Salary earner,holdout,0,1,0
R05282,Small business,holdout,0,0,0
R05283,Market trader,holdout,0,1,0
R05284,Market trader,early access,0,0,1
R05285,Market trader,early access,1,1,0
R05286,Market trader,early access,0,1,0
R05287,Small business,early access,1,1,0
R05288,Student,early access,1,1,0
R05289,Student,early access,0,0,0
R05290,Market trader,early access,0,1,0
R05291,Market trader,holdout,0,1,0
R05292,Salary earner,early access,1,1,0
R05293,Salary earner,early access,0,1,0
R05294,Student,early access,1,1,0
R05295,Small business,early access,0,1,0
R05296,Small business,holdout,0,0,0
R05297,Salary earner,holdout,0,0,0
R05298,Student,holdout,0,1,0
R05299,Market trader,early access,0,1,0
R05300,Market trader,holdout,0,1,0
R05301,Student,early access,0,1,0
R05302,Student,early access,1,0,0
R05303,Market trader,holdout,0,1,0
R05304,Student,early access,1,1,0
R05305,Salary earner,holdout,0,1,0
R05306,Market trader,holdout,0,0,0
R05307,Student,early access,1,1,0
R05308,Salary earner,early access,0,0,1
R05309,Salary earner,holdout,0,0,0
R05310,Market trader,early access,1,1,0
R05311,Market trader,early access,0,0,0
R05312,Market trader,early access,1,1,0
R05313,Market trader,early access,0,1,0
R05314,Student,holdout,0,0,0
R05315,Salary earner,early access,0,0,0
R05316,Market trader,holdout,0,0,0
R05317,Market trader,holdout,0,0,0
R05318,Student,early access,1,1,0
R05319,Market trader,early access,0,1,0
R05320,Market trader,holdout,0,0,0
R05321,Market trader,holdout,0,1,0
R05322,Student,early access,0,1,0
R05323,Salary earner,early access,1,1,0
R05324,Market trader,early access,0,1,0
R05325,Student,early access,1,1,0
R05326,Salary earner,holdout,0,1,0
R05327,Market trader,early access,1,1,0
R05328,Market trader,holdout,0,1,0
R05329,Salary earner,early access,0,1,0
R05330,Salary earner,holdout,0,1,0
R05331,Salary earner,holdout,0,1,0
R05332,Small business,holdout,0,1,0
R05333,Market trader,holdout,0,0,0
R05334,Student,holdout,0,1,0
R05335,Market trader,holdout,0,0,0
R05336,Salary earner,holdout,0,0,0
R05337,Market trader,holdout,0,0,0
R05338,Small business,holdout,0,1,0
R05339,Student,holdout,0,1,0
R05340,Student,early access,0,1,0
R05341,Salary earner,early access,0,0,1
R05342,Salary earner,holdout,0,1,0
R05343,Small business,early access,0,0,0
R05344,Small business,early access,0,0,0
R05345,Market trader,early access,0,1,0
R05346,Market trader,early access,1,0,0
R05347,Salary earner,holdout,0,1,0
R05348,Student,holdout,0,0,0
R05349,Market trader,holdout,0,1,0
R05350,Market trader,holdout,0,1,0
R05351,Market trader,holdout,0,0,0
R05352,Salary earner,early access,1,0,0
R05353,Market trader,holdout,0,1,0
R05354,Market trader,early access,0,0,0
R05355,Student,early access,0,0,0
R05356,Salary earner,holdout,0,1,0
R05357,Small business,early access,0,1,0
R05358,Market trader,early access,1,1,0
R05359,Small business,early access,1,0,0
R05360,Student,holdout,0,1,0
R05361,Market trader,holdout,0,0,0
R05362,Market trader,early access,0,1,0
R05363,Salary earner,early access,1,0,0
R05364,Small business,early access,1,1,0
R05365,Student,holdout,0,1,0
R05366,Market trader,holdout,0,1,0
R05367,Small business,early access,0,0,0
R05368,Student,holdout,0,1,0
R05369,Student,early access,1,1,0
R05370,Market trader,holdout,0,0,0
R05371,Salary earner,early access,1,0,0
R05372,Small business,early access,0,1,0
R05373,Student,early access,1,0,0
R05374,Market trader,holdout,0,1,0
R05375,Salary earner,holdout,0,1,0
R05376,Student,holdout,0,0,0
R05377,Market trader,early access,0,0,0
R05378,Salary earner,holdout,0,1,0
R05379,Salary earner,holdout,0,0,1
R05380,Salary earner,early access,1,1,0
R05381,Student,early access,0,1,0
R05382,Salary earner,holdout,0,1,0
R05383,Student,holdout,0,1,0
R05384,Salary earner,holdout,0,0,0
R05385,Small business,early access,1,1,1
R05386,Salary earner,early access,1,1,0
R05387,Salary earner,holdout,0,1,0
R05388,Salary earner,early access,1,0,0
R05389,Small business,holdout,0,0,0
R05390,Salary earner,early access,1,1,0
R05391,Student,holdout,0,1,0
R05392,Market trader,early access,1,1,0
R05393,Market trader,early access,0,0,0
R05394,Market trader,early access,0,0,1
R05395,Small business,early access,0,0,0
R05396,Market trader,early access,0,1,0
R05397,Market trader,holdout,0,1,0
R05398,Market trader,holdout,0,1,0
R05399,Market trader,holdout,0,1,0
R05400,Student,holdout,0,0,0
R05401,Small business,holdout,0,0,0
R05402,Salary earner,holdout,0,1,0
R05403,Market trader,holdout,0,1,0
R05404,Market trader,early access,0,0,0
R05405,Salary earner,holdout,0,1,0
R05406,Market trader,early access,1,1,0
R05407,Student,early access,0,0,0
R05408,Salary earner,holdout,0,1,0
R05409,Student,early access,0,0,0
R05410,Salary earner,early access,0,1,0
R05411,Salary earner,early access,0,0,0
R05412,Student,early access,1,0,0
R05413,Student,holdout,0,0,0
R05414,Student,early access,1,1,0
R05415,Salary earner,holdout,0,0,0
R05416,Student,early access,0,1,0
R05417,Salary earner,early access,0,0,1
R05418,Salary earner,early access,0,0,0
R05419,Market trader,early access,0,1,0
R05420,Salary earner,holdout,0,1,0
R05421,Student,early access,0,0,0
R05422,Salary earner,holdout,0,1,0
R05423,Market trader,holdout,0,1,0
R05424,Market trader,early access,1,1,0
R05425,Small business,holdout,0,1,0
R05426,Salary earner,holdout,0,1,1
R05427,Market trader,holdout,0,1,0
R05428,Market trader,early access,1,0,0
R05429,Salary earner,early access,1,1,0
R05430,Student,early access,0,0,0
R05431,Salary earner,holdout,0,1,0
R05432,Student,holdout,0,0,0
R05433,Salary earner,holdout,0,0,0
R05434,Small business,early access,0,1,0
R05435,Small business,early access,1,1,0
R05436,Small business,early access,0,1,0
R05437,Salary earner,early access,0,0,0
R05438,Small business,holdout,0,1,0
R05439,Student,holdout,0,0,0
R05440,Small business,holdout,0,1,0
R05441,Small business,early access,0,1,0
R05442,Salary earner,early access,0,1,0
R05443,Small business,early access,0,1,0
R05444,Market trader,holdout,0,1,0
R05445,Student,early access,0,1,0
R05446,Salary earner,holdout,0,1,0
R05447,Market trader,early access,1,0,0
R05448,Market trader,early access,0,0,0
R05449,Salary earner,early access,1,1,0
R05450,Small business,holdout,0,0,0
R05451,Salary earner,holdout,0,0,0
R05452,Salary earner,holdout,0,1,0
R05453,Market trader,holdout,0,0,0
R05454,Salary earner,early access,0,1,0
R05455,Market trader,early access,0,1,0
R05456,Salary earner,early access,1,1,0
R05457,Market trader,early access,0,1,1
R05458,Salary earner,holdout,0,1,0
R05459,Market trader,early access,1,1,0
R05460,Student,early access,1,1,0
R05461,Small business,early access,1,0,0
R05462,Salary earner,early access,1,1,0
R05463,Student,holdout,0,1,0
R05464,Salary earner,early access,1,1,0
R05465,Salary earner,early access,1,0,0
R05466,Small business,holdout,0,1,0
R05467,Student,early access,1,0,0
R05468,Salary earner,holdout,0,1,0
R05469,Small business,holdout,0,1,0
R05470,Salary earner,holdout,0,0,0
R05471,Market trader,holdout,0,1,0
R05472,Salary earner,holdout,0,0,0
R05473,Market trader,holdout,0,0,0
R05474,Salary earner,early access,1,1,0
R05475,Salary earner,early access,0,1,0
R05476,Small business,holdout,0,1,0
R05477,Student,holdout,0,1,0
R05478,Student,holdout,0,1,0
R05479,Market trader,early access,1,0,0
R05480,Salary earner,early access,0,0,0
R05481,Small business,early access,0,0,0
R05482,Student,early access,0,0,0
R05483,Market trader,holdout,0,0,0
R05484,Market trader,early access,0,1,1
R05485,Salary earner,holdout,0,1,0
R05486,Student,holdout,0,1,0
R05487,Student,early access,0,1,0
R05488,Small business,holdout,0,0,0
R05489,Salary earner,early access,0,0,0
R05490,Market trader,holdout,0,0,0
R05491,Small business,early access,0,1,0
R05492,Student,holdout,0,1,0
R05493,Student,early access,1,0,0
R05494,Salary earner,early access,0,1,0
R05495,Student,holdout,0,0,0
R05496,Student,early access,0,0,0
R05497,Student,holdout,0,0,0
R05498,Salary earner,early access,0,1,0
R05499,Salary earner,holdout,0,1,0
R05500,Salary earner,holdout,0,1,0
R05501,Small business,holdout,0,0,0
R05502,Student,holdout,0,0,0
R05503,Student,holdout,0,0,0
R05504,Market trader,early access,0,1,1
R05505,Salary earner,holdout,0,0,0
R05506,Salary earner,early access,1,1,0
R05507,Salary earner,early access,0,0,0
R05508,Market trader,holdout,0,0,0
R05509,Market trader,holdout,0,1,0
R05510,Student,holdout,0,0,0
R05511,Salary earner,holdout,0,0,0
R05512,Student,early access,0,0,0
R05513,Salary earner,holdout,0,0,0
R05514,Salary earner,early access,1,1,0
R05515,Market trader,early access,1,1,0
R05516,Salary earner,early access,0,1,0
R05517,Salary earner,early access,0,0,0
R05518,Market trader,holdout,0,0,0
R05519,Small business,holdout,0,0,0
R05520,Market trader,holdout,0,1,0
R05521,Market trader,early access,1,1,0
R05522,Salary earner,early access,1,0,0
R05523,Market trader,early access,1,0,0
R05524,Salary earner,holdout,0,0,0
R05525,Salary earner,holdout,0,0,0
R05526,Market trader,early access,0,1,0
R05527,Student,early access,1,1,0
R05528,Student,early access,0,1,0
R05529,Salary earner,holdout,0,1,0
R05530,Market trader,early access,0,1,0
R05531,Salary earner,early access,0,0,0
R05532,Salary earner,holdout,0,0,0
R05533,Salary earner,holdout,0,0,0
R05534,Market trader,early access,0,0,0
R05535,Salary earner,early access,1,0,0
R05536,Student,holdout,0,1,0
R05537,Salary earner,holdout,0,1,0
R05538,Student,holdout,0,1,0
R05539,Salary earner,early access,0,1,0
R05540,Market trader,early access,0,1,0
R05541,Salary earner,early access,1,1,0
R05542,Salary earner,holdout,0,1,0
R05543,Small business,holdout,0,0,0
R05544,Salary earner,holdout,0,0,0
R05545,Small business,holdout,0,1,0
R05546,Salary earner,early access,1,0,0
R05547,Salary earner,holdout,0,1,0
R05548,Student,holdout,0,1,0
R05549,Salary earner,holdout,0,1,0
R05550,Student,early access,1,1,0
R05551,Student,early access,1,0,0
R05552,Market trader,early access,1,1,0
R05553,Salary earner,early access,1,1,1
R05554,Small business,early access,1,0,0
R05555,Salary earner,early access,1,1,0
R05556,Salary earner,early access,0,0,0
R05557,Market trader,early access,0,0,0
R05558,Market trader,early access,0,0,0
R05559,Market trader,holdout,0,1,0
R05560,Market trader,early access,1,1,0
R05561,Market trader,holdout,0,0,0
R05562,Salary earner,early access,0,1,0
R05563,Market trader,early access,0,0,0
R05564,Market trader,holdout,0,0,0
R05565,Salary earner,early access,1,1,0
R05566,Market trader,holdout,0,1,0
R05567,Small business,early access,0,0,0
R05568,Student,holdout,0,1,0
R05569,Student,holdout,0,0,0
R05570,Market trader,early access,0,1,0
R05571,Salary earner,early access,0,0,0
R05572,Salary earner,early access,1,1,0
R05573,Market trader,early access,0,1,0
R05574,Market trader,holdout,0,1,1
R05575,Student,holdout,0,0,0
R05576,Salary earner,early access,1,0,0
R05577,Market trader,holdout,0,1,0
R05578,Salary earner,early access,1,1,0
R05579,Market trader,holdout,0,1,0
R05580,Salary earner,early access,1,1,0
R05581,Market trader,holdout,0,0,0
R05582,Market trader,holdout,0,0,0
R05583,Market trader,holdout,0,1,0
R05584,Market trader,holdout,0,1,0
R05585,Salary earner,holdout,0,1,0
R05586,Market trader,early access,0,1,0
R05587,Student,early access,1,1,0
R05588,Student,holdout,0,1,1
R05589,Market trader,holdout,0,0,0
R05590,Salary earner,early access,1,1,0
R05591,Salary earner,early access,1,1,0
R05592,Student,holdout,0,1,0
R05593,Market trader,early access,0,0,0
R05594,Salary earner,early access,1,1,0
R05595,Salary earner,holdout,0,0,0
R05596,Market trader,early access,0,0,1
R05597,Small business,holdout,0,1,0
R05598,Small business,holdout,0,0,0
R05599,Salary earner,holdout,0,1,0
R05600,Salary earner,early access,1,1,0
R05601,Salary earner,early access,0,0,0
R05602,Market trader,holdout,0,1,0
R05603,Salary earner,holdout,0,1,0
R05604,Student,holdout,0,1,0
R05605,Market trader,holdout,0,0,0
R05606,Student,early access,1,1,1
R05607,Small business,holdout,0,1,0
R05608,Small business,holdout,0,1,1
R05609,Small business,holdout,0,0,0
R05610,Salary earner,early access,1,1,0
R05611,Market trader,early access,0,1,0
R05612,Small business,early access,0,1,0
R05613,Student,holdout,0,1,0
R05614,Student,holdout,0,1,0
R05615,Salary earner,early access,1,0,0
R05616,Market trader,holdout,0,1,0
R05617,Salary earner,holdout,0,1,0
R05618,Salary earner,early access,0,1,0
R05619,Salary earner,holdout,0,0,0
R05620,Small business,early access,1,0,0
R05621,Market trader,early access,0,0,0
R05622,Small business,holdout,0,1,0
R05623,Salary earner,holdout,0,0,0
R05624,Student,holdout,0,0,0
R05625,Salary earner,holdout,0,1,0
R05626,Market trader,early access,1,0,0
R05627,Small business,early access,0,0,0
R05628,Market trader,early access,1,0,0
R05629,Market trader,holdout,0,1,0
R05630,Salary earner,early access,0,1,0
R05631,Salary earner,early access,1,1,0
R05632,Market trader,holdout,0,1,0
R05633,Small business,early access,0,1,0
R05634,Student,holdout,0,0,0
R05635,Salary earner,early access,0,0,0
R05636,Salary earner,holdout,0,0,0
R05637,Market trader,holdout,0,0,0
R05638,Salary earner,holdout,0,0,0
R05639,Small business,holdout,0,0,0
R05640,Salary earner,holdout,0,0,0
R05641,Student,holdout,0,1,0
R05642,Salary earner,early access,0,0,0
R05643,Market trader,early access,0,1,0
R05644,Market trader,early access,1,1,0
R05645,Market trader,early access,0,0,0
R05646,Market trader,holdout,0,0,0
R05647,Small business,early access,0,0,0
R05648,Market trader,early access,0,1,0
R05649,Student,early access,0,1,0
R05650,Student,early access,1,1,0
R05651,Small business,early access,1,1,0
R05652,Student,early access,0,1,0
R05653,Salary earner,early access,1,1,0
R05654,Market trader,holdout,0,0,0
R05655,Salary earner,holdout,0,1,0
R05656,Student,early access,0,1,0
R05657,Market trader,early access,0,1,0
R05658,Market trader,early access,0,0,0
R05659,Student,early access,1,0,0
R05660,Salary earner,early access,1,0,0
R05661,Market trader,holdout,0,1,0
R05662,Salary earner,early access,1,0,0
R05663,Salary earner,early access,1,0,0
R05664,Market trader,early access,1,1,0
R05665,Market trader,holdout,0,0,0
R05666,Salary earner,holdout,0,0,0
R05667,Salary earner,early access,1,0,0
R05668,Market trader,holdout,0,0,0
R05669,Salary earner,early access,0,1,0
R05670,Salary earner,holdout,0,1,0
R05671,Student,holdout,0,0,0
R05672,Student,holdout,0,1,0
R05673,Salary earner,early access,0,1,0
R05674,Student,holdout,0,1,0
R05675,Salary earner,early access,1,0,0
R05676,Salary earner,holdout,0,0,0
R05677,Salary earner,holdout,0,0,0
R05678,Market trader,holdout,0,1,1
R05679,Student,holdout,0,0,0
R05680,Student,early access,0,1,0
R05681,Salary earner,early access,1,1,0
R05682,Small business,early access,0,1,0
R05683,Market trader,holdout,0,1,0
R05684,Salary earner,early access,1,0,0
R05685,Salary earner,holdout,0,0,0
R05686,Salary earner,holdout,0,1,0
R05687,Salary earner,early access,1,1,0
R05688,Salary earner,early access,1,0,0
R05689,Salary earner,holdout,0,0,0
R05690,Market trader,early access,1,1,0
R05691,Student,early access,0,1,0
R05692,Market trader,early access,0,0,0
R05693,Salary earner,holdout,0,0,0
R05694,Market trader,early access,0,0,0
R05695,Market trader,early access,1,0,0
R05696,Market trader,holdout,0,1,0
R05697,Small business,early access,0,0,0
R05698,Student,holdout,0,1,0
R05699,Market trader,holdout,0,1,0
R05700,Salary earner,early access,1,1,0
R05701,Market trader,holdout,0,0,0
R05702,Salary earner,early access,0,1,0
R05703,Salary earner,holdout,0,0,0
R05704,Market trader,early access,0,0,0
R05705,Small business,early access,0,1,0
R05706,Market trader,early access,0,1,0
R05707,Market trader,early access,0,1,0
R05708,Small business,early access,0,0,0
R05709,Salary earner,holdout,0,1,0
R05710,Market trader,holdout,0,1,0
R05711,Market trader,early access,0,1,0
R05712,Student,holdout,0,0,0
R05713,Small business,early access,1,1,0
R05714,Market trader,holdout,0,1,0
R05715,Market trader,holdout,0,1,0
R05716,Market trader,holdout,0,0,0
R05717,Salary earner,early access,1,1,0
R05718,Market trader,holdout,0,0,0
R05719,Student,early access,0,1,0
R05720,Market trader,early access,1,1,1
R05721,Market trader,early access,0,1,0
R05722,Small business,early access,0,0,0
R05723,Market trader,holdout,0,1,0
R05724,Salary earner,holdout,0,0,0
R05725,Small business,holdout,0,0,0
R05726,Market trader,holdout,0,1,0
R05727,Small business,holdout,0,0,0
R05728,Student,holdout,0,1,0
R05729,Student,early access,1,0,0
R05730,Student,early access,0,1,0
R05731,Salary earner,early access,1,0,0
R05732,Market trader,early access,0,0,0
R05733,Market trader,early access,0,1,0
R05734,Small business,early access,0,0,0
R05735,Market trader,holdout,0,0,0
R05736,Salary earner,holdout,0,1,0
R05737,Market trader,holdout,0,0,0
R05738,Small business,holdout,0,1,0
R05739,Market trader,early access,0,0,0
R05740,Market trader,holdout,0,1,0
R05741,Market trader,early access,0,1,0
R05742,Small business,holdout,0,1,0
R05743,Salary earner,early access,0,0,0
R05744,Market trader,early access,0,1,0
R05745,Salary earner,early access,1,1,0
R05746,Salary earner,early access,0,1,0
R05747,Salary earner,holdout,0,0,0
R05748,Small business,early access,1,1,0
R05749,Market trader,holdout,0,0,0
R05750,Salary earner,early access,0,1,0
R05751,Salary earner,early access,0,0,0
R05752,Market trader,holdout,0,0,0
R05753,Market trader,early access,0,1,0
R05754,Market trader,holdout,0,0,0
R05755,Market trader,early access,0,0,0
R05756,Market trader,early access,1,1,0
R05757,Market trader,holdout,0,1,1
R05758,Market trader,holdout,0,1,0
R05759,Small business,early access,0,0,0
R05760,Student,holdout,0,1,0
R05761,Student,holdout,0,1,0
R05762,Market trader,holdout,0,1,0
R05763,Small business,early access,1,1,0
R05764,Small business,early access,1,1,0
R05765,Small business,holdout,0,1,0
R05766,Salary earner,early access,0,0,0
R05767,Market trader,holdout,0,1,0
R05768,Market trader,early access,0,1,0
R05769,Salary earner,holdout,0,1,0
R05770,Student,early access,0,1,0
R05771,Salary earner,early access,0,1,0
R05772,Market trader,holdout,0,1,0
R05773,Market trader,holdout,0,1,0
R05774,Student,holdout,0,1,0
R05775,Salary earner,early access,1,1,0
R05776,Small business,holdout,0,1,0
R05777,Student,holdout,0,0,1
R05778,Market trader,early access,1,1,0
R05779,Small business,holdout,0,1,0
R05780,Market trader,holdout,0,1,0
R05781,Salary earner,holdout,0,1,0
R05782,Small business,holdout,0,0,0
R05783,Salary earner,holdout,0,0,0
R05784,Student,holdout,0,0,0
R05785,Small business,holdout,0,0,0
R05786,Salary earner,holdout,0,1,0
R05787,Market trader,holdout,0,1,0
R05788,Small business,holdout,0,1,0
R05789,Student,early access,0,1,0
R05790,Salary earner,early access,1,0,0
R05791,Market trader,holdout,0,1,0
R05792,Salary earner,early access,1,0,0
R05793,Salary earner,holdout,0,1,0
R05794,Student,holdout,0,0,0
R05795,Market trader,early access,1,1,0
R05796,Small business,holdout,0,0,0
R05797,Market trader,holdout,0,0,0
R05798,Student,holdout,0,1,0
R05799,Student,holdout,0,0,0
R05800,Salary earner,early access,0,0,0
R05801,Market trader,early access,0,0,0
R05802,Small business,early access,1,0,0
R05803,Student,holdout,0,0,0
R05804,Student,early access,0,0,1
R05805,Salary earner,early access,0,0,0
R05806,Salary earner,early access,0,1,0
R05807,Market trader,holdout,0,0,0
R05808,Student,early access,1,1,0
R05809,Market trader,holdout,0,1,0
R05810,Salary earner,early access,1,1,0
R05811,Salary earner,holdout,0,1,0
R05812,Market trader,early access,0,0,0
R05813,Market trader,early access,0,0,0
R05814,Salary earner,holdout,0,1,0
R05815,Market trader,holdout,0,1,0
R05816,Student,holdout,0,0,0
R05817,Student,early access,0,1,0
R05818,Market trader,holdout,0,1,0
R05819,Salary earner,holdout,0,1,0
R05820,Small business,early access,0,0,0
R05821,Salary earner,holdout,0,1,0
R05822,Salary earner,early access,1,1,0
R05823,Salary earner,early access,1,1,0
R05824,Market trader,holdout,0,1,0
R05825,Market trader,early access,0,1,0
R05826,Small business,holdout,0,0,0
R05827,Market trader,early access,1,1,0
R05828,Small business,early access,1,1,0
R05829,Market trader,early access,1,0,0
R05830,Market trader,early access,0,1,0
R05831,Small business,early access,1,1,0
R05832,Market trader,holdout,0,1,0
R05833,Student,early access,1,0,1
R05834,Salary earner,early access,0,0,0
R05835,Salary earner,early access,0,1,0
R05836,Student,holdout,0,1,0
R05837,Salary earner,early access,1,1,0
R05838,Student,holdout,0,0,0
R05839,Salary earner,holdout,0,0,0
R05840,Small business,holdout,0,1,0
R05841,Market trader,holdout,0,1,0
R05842,Market trader,holdout,0,1,0
R05843,Market trader,holdout,0,1,0
R05844,Market trader,early access,0,0,0
R05845,Student,early access,1,0,0
R05846,Market trader,holdout,0,0,0
R05847,Salary earner,holdout,0,0,0
R05848,Salary earner,early access,0,0,0
R05849,Market trader,early access,0,1,1
R05850,Student,early access,1,1,0
R05851,Market trader,early access,0,1,0
R05852,Salary earner,early access,0,1,0
R05853,Market trader,holdout,0,0,0
R05854,Small business,holdout,0,1,0
R05855,Market trader,early access,1,1,0
R05856,Salary earner,early access,1,1,0
R05857,Student,early access,0,1,0
R05858,Salary earner,holdout,0,1,0
R05859,Salary earner,holdout,0,1,0
R05860,Small business,holdout,0,0,0
R05861,Salary earner,holdout,0,0,0
R05862,Student,holdout,0,1,0
R05863,Salary earner,early access,0,1,0
R05864,Student,early access,0,0,0
R05865,Student,early access,0,1,0
R05866,Market trader,holdout,0,0,0
R05867,Student,holdout,0,0,0
R05868,Student,early access,0,1,0
R05869,Market trader,holdout,0,0,0
R05870,Student,early access,0,0,0
R05871,Small business,early access,1,1,0
R05872,Market trader,early access,1,1,0
R05873,Salary earner,early access,0,1,1
R05874,Small business,holdout,0,1,0
R05875,Market trader,early access,0,0,0
R05876,Student,early access,1,1,0
R05877,Small business,early access,0,1,0
R05878,Market trader,early access,0,1,0
R05879,Student,holdout,0,1,0
R05880,Student,holdout,0,0,0
R05881,Small business,holdout,0,1,0
R05882,Salary earner,early access,1,1,0
R05883,Student,holdout,0,1,0
R05884,Salary earner,holdout,0,1,0
R05885,Salary earner,holdout,0,1,0
R05886,Market trader,early access,0,0,1
R05887,Student,early access,1,0,1
R05888,Small business,holdout,0,1,0
R05889,Salary earner,holdout,0,1,0
R05890,Salary earner,holdout,0,0,0
R05891,Market trader,early access,1,1,0
R05892,Student,holdout,0,1,0
R05893,Student,early access,0,1,0
R05894,Small business,early access,0,1,0
R05895,Market trader,early access,1,1,0
R05896,Student,early access,0,1,0
R05897,Small business,holdout,0,1,0
R05898,Student,holdout,0,1,0
R05899,Salary earner,early access,1,1,1
R05900,Salary earner,early access,1,0,0
R05901,Market trader,early access,0,1,0
R05902,Student,holdout,0,1,0
R05903,Student,early access,0,1,0
R05904,Salary earner,holdout,0,1,0
R05905,Market trader,early access,1,0,0
R05906,Salary earner,holdout,0,0,0
R05907,Market trader,early access,0,1,0
R05908,Salary earner,holdout,0,1,0
R05909,Market trader,early access,1,0,0
R05910,Small business,early access,1,0,0
R05911,Market trader,holdout,0,1,0
R05912,Market trader,holdout,0,1,0
R05913,Salary earner,holdout,0,1,0
R05914,Salary earner,early access,0,0,0
R05915,Market trader,early access,0,0,0
R05916,Small business,early access,0,0,1
R05917,Salary earner,holdout,0,1,0
R05918,Market trader,holdout,0,1,0
R05919,Small business,early access,0,0,1
R05920,Student,early access,1,1,0
R05921,Market trader,early access,1,1,0
R05922,Market trader,early access,0,1,0
R05923,Salary earner,early access,1,1,0
R05924,Salary earner,holdout,0,0,0
R05925,Small business,holdout,0,1,0
R05926,Student,early access,1,1,0
R05927,Small business,early access,1,1,0
R05928,Small business,early access,1,1,0
R05929,Market trader,holdout,0,0,0
R05930,Small business,holdout,0,1,0
R05931,Market trader,early access,0,0,0
R05932,Market trader,holdout,0,1,0
R05933,Market trader,holdout,0,1,0
R05934,Market trader,holdout,0,1,0
R05935,Salary earner,early access,0,0,0
R05936,Salary earner,holdout,0,0,0
R05937,Market trader,early access,0,0,0
R05938,Market trader,holdout,0,1,0
R05939,Small business,early access,0,1,0
R05940,Student,holdout,0,1,0
R05941,Salary earner,early access,0,1,0
R05942,Small business,holdout,0,1,1
R05943,Market trader,holdout,0,1,0
R05944,Small business,early access,0,0,0
R05945,Student,holdout,0,0,0
R05946,Student,early access,0,1,1
R05947,Student,early access,0,1,0
R05948,Market trader,holdout,0,0,0
R05949,Salary earner,early access,1,1,0
R05950,Student,early access,1,1,0
R05951,Market trader,holdout,0,1,0
R05952,Market trader,early access,1,1,0
R05953,Salary earner,early access,0,1,0
R05954,Small business,holdout,0,1,0
R05955,Small business,holdout,0,1,0
R05956,Student,early access,0,1,0
R05957,Student,early access,0,0,0
R05958,Salary earner,holdout,0,1,0
R05959,Student,early access,1,0,1
R05960,Market trader,holdout,0,1,0
R05961,Small business,holdout,0,0,0
R05962,Market trader,holdout,0,1,0
R05963,Market trader,early access,1,1,0
R05964,Small business,early access,1,0,0
R05965,Salary earner,early access,0,0,0
R05966,Market trader,holdout,0,0,0
R05967,Market trader,early access,1,1,0
R05968,Salary earner,early access,0,0,0
R05969,Market trader,holdout,0,0,0
R05970,Small business,early access,0,0,0
R05971,Market trader,early access,1,0,0
R05972,Salary earner,early access,1,1,0
R05973,Small business,holdout,0,1,0
R05974,Student,early access,0,0,0
R05975,Small business,holdout,0,1,0
R05976,Salary earner,holdout,0,0,0
R05977,Student,holdout,0,0,0
R05978,Market trader,holdout,0,1,0
R05979,Salary earner,early access,1,1,0
R05980,Salary earner,holdout,0,0,0
R05981,Market trader,early access,1,0,0
R05982,Salary earner,holdout,0,0,0
R05983,Market trader,early access,1,0,0
R05984,Salary earner,early access,0,1,0
R05985,Market trader,holdout,0,0,0
R05986,Student,holdout,0,0,0
R05987,Small business,holdout,0,1,0
R05988,Small business,holdout,0,0,0
R05989,Salary earner,holdout,0,1,0
R05990,Student,early access,0,0,0
R05991,Market trader,early access,0,0,0
R05992,Student,early access,0,1,0
R05993,Market trader,early access,1,0,0
R05994,Small business,holdout,0,0,0
R05995,Student,early access,0,0,0
R05996,Salary earner,holdout,0,0,0
R05997,Market trader,early access,0,0,0
R05998,Salary earner,early access,0,1,0
R05999,Market trader,early access,0,0,0
R06000,Small business,holdout,0,1,0
