user_id,signup_week,segment,channel,phone_verified,bvn_verified,first_deposit,first_transfer
U00001,3,Student,Instagram ad,1,0,0,0
U00002,6,Market trader,Referral,1,1,1,1
U00003,8,Salary earner,Play Store search,1,1,1,1
U00004,2,Market trader,Agent sign-up,1,1,0,0
U00005,8,Salary earner,Play Store search,1,1,1,1
U00006,6,Market trader,Instagram ad,1,0,0,0
U00007,7,Market trader,Agent sign-up,1,1,1,1
U00008,8,Salary earner,Instagram ad,1,0,0,0
U00009,5,Market trader,Agent sign-up,1,1,1,1
U00010,3,Salary earner,Instagram ad,1,1,1,1
U00011,1,Salary earner,Referral,1,1,1,1
U00012,1,Salary earner,Instagram ad,1,0,0,0
U00013,2,Salary earner,Referral,1,1,1,0
U00014,1,Small business,Play Store search,0,0,0,0
U00015,4,Market trader,Play Store search,1,0,0,0
U00016,1,Market trader,Referral,0,0,0,0
U00017,6,Market trader,Play Store search,1,0,0,0
U00018,4,Salary earner,Referral,1,1,1,1
U00019,3,Student,Agent sign-up,1,1,1,1
U00020,3,Salary earner,Referral,1,0,0,0
U00021,3,Salary earner,Play Store search,1,1,1,1
U00022,8,Student,Referral,1,1,1,1
U00023,7,Salary earner,Instagram ad,1,1,0,0
U00024,4,Market trader,Play Store search,0,0,0,0
U00025,4,Market trader,Agent sign-up,1,0,0,0
U00026,8,Student,Agent sign-up,1,1,1,1
U00027,5,Small business,Referral,1,0,0,0
U00028,4,Student,Referral,1,0,0,0
U00029,1,Market trader,Play Store search,1,0,0,0
U00030,6,Salary earner,Instagram ad,1,1,1,1
U00031,2,Market trader,Agent sign-up,1,1,1,1
U00032,8,Salary earner,Instagram ad,1,0,0,0
U00033,8,Salary earner,Play Store search,1,0,0,0
U00034,4,Market trader,Play Store search,1,1,0,0
U00035,7,Market trader,Agent sign-up,1,0,0,0
U00036,3,Small business,Referral,0,0,0,0
U00037,8,Small business,Instagram ad,1,1,1,1
U00038,5,Small business,Referral,1,1,1,0
U00039,4,Salary earner,Referral,1,0,0,0
U00040,4,Market trader,Referral,1,0,0,0
U00041,7,Small business,Referral,1,1,1,1
U00042,8,Small business,Play Store search,1,0,0,0
U00043,2,Salary earner,Referral,1,1,1,1
U00044,7,Salary earner,Play Store search,1,0,0,0
U00045,4,Salary earner,Play Store search,0,0,0,0
U00046,6,Market trader,Agent sign-up,1,1,1,1
U00047,2,Salary earner,Play Store search,1,1,0,0
U00048,3,Market trader,Referral,1,0,0,0
U00049,8,Student,Instagram ad,1,0,0,0
U00050,7,Market trader,Agent sign-up,1,0,0,0
U00051,7,Salary earner,Instagram ad,1,1,1,1
U00052,6,Market trader,Referral,1,0,0,0
U00053,2,Student,Instagram ad,1,0,0,0
U00054,2,Market trader,Agent sign-up,1,0,0,0
U00055,6,Small business,Instagram ad,1,0,0,0
U00056,7,Market trader,Play Store search,1,1,1,0
U00057,6,Salary earner,Play Store search,1,0,0,0
U00058,6,Student,Agent sign-up,1,1,1,1
U00059,4,Market trader,Referral,1,1,1,1
U00060,5,Market trader,Agent sign-up,1,0,0,0
U00061,4,Salary earner,Referral,1,1,1,1
U00062,3,Small business,Instagram ad,1,1,1,1
U00063,4,Market trader,Agent sign-up,1,1,1,0
U00064,2,Small business,Referral,1,0,0,0
U00065,5,Market trader,Referral,1,1,1,1
U00066,3,Market trader,Referral,1,0,0,0
U00067,4,Market trader,Play Store search,1,0,0,0
U00068,8,Small business,Referral,1,1,1,1
U00069,1,Salary earner,Play Store search,1,1,1,0
U00070,6,Salary earner,Play Store search,1,1,1,1
U00071,7,Small business,Instagram ad,1,0,0,0
U00072,7,Student,Instagram ad,1,0,0,0
U00073,3,Student,Referral,1,1,1,1
U00074,1,Market trader,Referral,0,0,0,0
U00075,2,Salary earner,Play Store search,1,1,1,1
U00076,4,Market trader,Play Store search,1,0,0,0
U00077,5,Salary earner,Instagram ad,1,0,0,0
U00078,3,Market trader,Agent sign-up,1,1,1,0
U00079,6,Market trader,Agent sign-up,1,1,1,1
U00080,4,Small business,Play Store search,1,1,1,1
U00081,3,Market trader,Agent sign-up,1,1,1,1
U00082,1,Salary earner,Agent sign-up,1,1,1,1
U00083,6,Student,Referral,1,1,1,1
U00084,8,Market trader,Agent sign-up,1,1,1,1
U00085,1,Small business,Play Store search,1,1,1,1
U00086,8,Salary earner,Play Store search,1,1,1,1
U00087,6,Salary earner,Agent sign-up,1,1,1,1
U00088,6,Salary earner,Referral,1,1,1,1
U00089,5,Student,Instagram ad,1,1,0,0
U00090,6,Market trader,Play Store search,1,0,0,0
U00091,2,Market trader,Referral,1,0,0,0
U00092,1,Small business,Referral,1,1,0,0
U00093,1,Market trader,Agent sign-up,1,1,1,1
U00094,6,Salary earner,Referral,1,1,1,1
U00095,1,Market trader,Agent sign-up,1,0,0,0
U00096,5,Small business,Play Store search,1,1,0,0
U00097,1,Student,Play Store search,1,1,0,0
U00098,7,Small business,Instagram ad,1,0,0,0
U00099,4,Student,Play Store search,1,0,0,0
U00100,8,Student,Play Store search,1,0,0,0
U00101,7,Small business,Play Store search,1,1,1,1
U00102,2,Market trader,Agent sign-up,1,1,1,1
U00103,8,Small business,Referral,1,1,1,1
U00104,3,Market trader,Play Store search,1,1,1,1
U00105,7,Small business,Agent sign-up,1,1,1,1
U00106,7,Small business,Instagram ad,1,0,0,0
U00107,2,Market trader,Agent sign-up,1,1,1,1
U00108,1,Salary earner,Play Store search,1,0,0,0
U00109,3,Market trader,Play Store search,1,0,0,0
U00110,1,Student,Instagram ad,1,0,0,0
U00111,8,Salary earner,Instagram ad,1,1,1,0
U00112,1,Student,Referral,0,0,0,0
U00113,6,Salary earner,Play Store search,1,1,1,0
U00114,8,Student,Referral,1,1,1,0
U00115,1,Salary earner,Instagram ad,1,1,1,0
U00116,5,Salary earner,Instagram ad,1,1,0,0
U00117,8,Market trader,Referral,1,1,1,1
U00118,6,Student,Instagram ad,1,0,0,0
U00119,2,Market trader,Referral,1,1,1,1
U00120,5,Small business,Agent sign-up,1,1,1,0
U00121,1,Market trader,Referral,1,1,1,1
U00122,8,Salary earner,Instagram ad,1,1,1,0
U00123,6,Small business,Instagram ad,0,0,0,0
U00124,1,Market trader,Agent sign-up,1,1,1,1
U00125,5,Salary earner,Agent sign-up,1,1,0,0
U00126,4,Small business,Referral,1,1,1,1
U00127,1,Market trader,Agent sign-up,1,0,0,0
U00128,2,Market trader,Play Store search,1,0,0,0
U00129,3,Salary earner,Play Store search,1,0,0,0
U00130,2,Salary earner,Play Store search,1,1,0,0
U00131,8,Salary earner,Instagram ad,1,0,0,0
U00132,4,Market trader,Agent sign-up,1,1,1,1
U00133,6,Market trader,Agent sign-up,1,0,0,0
U00134,3,Market trader,Referral,1,1,1,1
U00135,2,Salary earner,Play Store search,1,1,1,1
U00136,4,Market trader,Agent sign-up,1,1,1,1
U00137,6,Student,Agent sign-up,1,1,1,1
U00138,8,Small business,Play Store search,1,0,0,0
U00139,4,Student,Referral,1,0,0,0
U00140,7,Small business,Referral,1,1,1,1
U00141,6,Market trader,Referral,1,1,0,0
U00142,8,Small business,Play Store search,1,0,0,0
U00143,3,Student,Instagram ad,1,1,1,0
U00144,2,Salary earner,Play Store search,1,1,1,1
U00145,6,Market trader,Agent sign-up,1,1,1,1
U00146,2,Market trader,Agent sign-up,1,1,1,1
U00147,3,Student,Instagram ad,1,0,0,0
U00148,2,Salary earner,Play Store search,1,1,1,1
U00149,6,Market trader,Instagram ad,0,0,0,0
U00150,5,Market trader,Play Store search,1,0,0,0
U00151,2,Student,Play Store search,0,0,0,0
U00152,2,Market trader,Agent sign-up,1,1,1,1
U00153,2,Small business,Instagram ad,1,1,0,0
U00154,1,Market trader,Referral,1,1,1,1
U00155,7,Small business,Referral,1,1,1,1
U00156,2,Market trader,Play Store search,1,0,0,0
U00157,1,Market trader,Play Store search,1,1,1,1
U00158,4,Student,Instagram ad,1,0,0,0
U00159,1,Market trader,Referral,1,1,1,1
U00160,7,Small business,Instagram ad,0,0,0,0
U00161,6,Salary earner,Play Store search,1,1,1,0
U00162,4,Salary earner,Referral,1,1,1,1
U00163,4,Market trader,Play Store search,1,0,0,0
U00164,2,Salary earner,Referral,1,1,0,0
U00165,8,Market trader,Play Store search,1,0,0,0
U00166,6,Market trader,Play Store search,0,0,0,0
U00167,8,Salary earner,Play Store search,1,1,1,1
U00168,8,Student,Play Store search,1,1,1,1
U00169,6,Small business,Referral,1,1,1,1
U00170,3,Small business,Play Store search,1,1,0,0
U00171,3,Salary earner,Agent sign-up,1,1,1,1
U00172,6,Salary earner,Instagram ad,1,1,1,1
U00173,3,Student,Referral,1,1,1,1
U00174,2,Salary earner,Play Store search,1,0,0,0
U00175,7,Market trader,Referral,1,1,1,1
U00176,5,Market trader,Agent sign-up,1,1,0,0
U00177,5,Small business,Instagram ad,0,0,0,0
U00178,6,Market trader,Agent sign-up,1,0,0,0
U00179,7,Market trader,Agent sign-up,1,1,1,1
U00180,5,Market trader,Agent sign-up,1,1,1,1
U00181,6,Salary earner,Referral,1,1,0,0
U00182,6,Market trader,Play Store search,1,0,0,0
U00183,8,Small business,Instagram ad,1,0,0,0
U00184,3,Salary earner,Agent sign-up,0,0,0,0
U00185,2,Student,Instagram ad,1,1,1,1
U00186,2,Salary earner,Instagram ad,1,1,1,1
U00187,8,Student,Play Store search,1,0,0,0
U00188,8,Small business,Instagram ad,1,1,1,1
U00189,8,Student,Instagram ad,1,1,1,1
U00190,5,Small business,Agent sign-up,1,1,1,1
U00191,3,Salary earner,Play Store search,1,1,1,1
U00192,3,Salary earner,Play Store search,1,1,1,1
U00193,1,Market trader,Agent sign-up,1,0,0,0
U00194,1,Market trader,Referral,1,0,0,0
U00195,8,Small business,Play Store search,1,1,1,1
U00196,1,Market trader,Instagram ad,0,0,0,0
U00197,5,Small business,Play Store search,1,1,1,1
U00198,3,Student,Referral,1,1,1,1
U00199,8,Salary earner,Play Store search,1,0,0,0
U00200,4,Small business,Instagram ad,1,0,0,0
U00201,1,Salary earner,Play Store search,1,1,1,1
U00202,8,Small business,Play Store search,1,0,0,0
U00203,1,Market trader,Play Store search,1,0,0,0
U00204,2,Small business,Referral,1,1,1,1
U00205,4,Salary earner,Agent sign-up,1,1,1,0
U00206,5,Student,Instagram ad,1,1,1,1
U00207,4,Market trader,Referral,1,1,1,1
U00208,6,Student,Agent sign-up,1,1,1,1
U00209,8,Market trader,Agent sign-up,1,1,1,1
U00210,5,Small business,Instagram ad,1,1,1,0
U00211,1,Market trader,Instagram ad,1,0,0,0
U00212,3,Student,Referral,1,0,0,0
U00213,4,Small business,Agent sign-up,1,0,0,0
U00214,3,Student,Referral,1,1,1,1
U00215,8,Salary earner,Play Store search,1,1,1,1
U00216,7,Salary earner,Play Store search,1,1,0,0
U00217,4,Market trader,Agent sign-up,1,1,1,1
U00218,5,Salary earner,Instagram ad,1,0,0,0
U00219,1,Market trader,Agent sign-up,1,0,0,0
U00220,2,Market trader,Instagram ad,1,0,0,0
U00221,5,Small business,Play Store search,1,1,1,1
U00222,1,Market trader,Referral,1,1,1,1
U00223,2,Salary earner,Instagram ad,1,1,1,1
U00224,7,Student,Referral,1,1,1,1
U00225,5,Student,Referral,1,1,1,0
U00226,7,Small business,Instagram ad,1,0,0,0
U00227,3,Small business,Instagram ad,1,1,1,0
U00228,2,Market trader,Agent sign-up,1,0,0,0
U00229,3,Salary earner,Referral,1,1,1,1
U00230,4,Salary earner,Instagram ad,0,0,0,0
U00231,5,Market trader,Referral,1,1,1,0
U00232,2,Market trader,Play Store search,0,0,0,0
U00233,3,Salary earner,Referral,1,1,1,0
U00234,3,Salary earner,Instagram ad,1,1,1,1
U00235,6,Market trader,Play Store search,1,0,0,0
U00236,2,Salary earner,Play Store search,1,1,1,1
U00237,8,Student,Play Store search,1,1,1,1
U00238,7,Salary earner,Referral,1,1,1,1
U00239,5,Market trader,Instagram ad,1,0,0,0
U00240,6,Small business,Play Store search,0,0,0,0
U00241,7,Salary earner,Agent sign-up,1,1,1,1
U00242,1,Salary earner,Play Store search,1,1,1,1
U00243,2,Small business,Agent sign-up,1,1,0,0
U00244,6,Small business,Agent sign-up,1,1,1,1
U00245,3,Market trader,Play Store search,0,0,0,0
U00246,5,Student,Referral,1,1,1,1
U00247,2,Salary earner,Play Store search,1,1,0,0
U00248,3,Market trader,Agent sign-up,1,0,0,0
U00249,7,Student,Instagram ad,1,0,0,0
U00250,2,Student,Instagram ad,1,0,0,0
U00251,5,Market trader,Agent sign-up,1,0,0,0
U00252,7,Salary earner,Instagram ad,1,1,1,1
U00253,6,Student,Agent sign-up,1,1,1,1
U00254,1,Small business,Referral,1,1,1,1
U00255,2,Student,Play Store search,1,0,0,0
U00256,6,Small business,Referral,0,0,0,0
U00257,4,Salary earner,Play Store search,1,1,1,1
U00258,2,Market trader,Agent sign-up,1,1,1,1
U00259,5,Small business,Referral,0,0,0,0
U00260,4,Small business,Play Store search,1,1,0,0
U00261,1,Salary earner,Referral,1,1,1,1
U00262,4,Student,Instagram ad,1,1,1,1
U00263,8,Small business,Instagram ad,1,1,0,0
U00264,7,Student,Referral,1,1,1,1
U00265,7,Salary earner,Instagram ad,1,1,1,1
U00266,4,Market trader,Agent sign-up,1,1,1,1
U00267,2,Student,Play Store search,1,1,1,1
U00268,6,Market trader,Agent sign-up,1,0,0,0
U00269,6,Salary earner,Instagram ad,1,0,0,0
U00270,6,Salary earner,Instagram ad,1,1,1,1
U00271,1,Small business,Play Store search,1,0,0,0
U00272,7,Market trader,Referral,1,1,1,1
U00273,6,Market trader,Play Store search,1,1,1,1
U00274,1,Salary earner,Play Store search,1,0,0,0
U00275,5,Student,Referral,1,1,0,0
U00276,3,Student,Referral,0,0,0,0
U00277,4,Market trader,Referral,1,1,1,0
U00278,8,Salary earner,Instagram ad,1,1,1,1
U00279,5,Market trader,Agent sign-up,1,1,1,1
U00280,8,Small business,Instagram ad,1,1,0,0
U00281,1,Market trader,Play Store search,1,1,1,1
U00282,3,Salary earner,Referral,0,0,0,0
U00283,4,Small business,Instagram ad,0,0,0,0
U00284,3,Salary earner,Referral,1,1,1,1
U00285,5,Market trader,Agent sign-up,1,1,1,1
U00286,4,Small business,Referral,1,1,0,0
U00287,2,Small business,Agent sign-up,1,1,1,1
U00288,5,Student,Play Store search,0,0,0,0
U00289,8,Market trader,Agent sign-up,1,1,1,0
U00290,3,Market trader,Play Store search,1,0,0,0
U00291,2,Market trader,Play Store search,1,0,0,0
U00292,4,Salary earner,Instagram ad,1,0,0,0
U00293,3,Market trader,Play Store search,1,1,1,1
U00294,8,Market trader,Agent sign-up,1,1,0,0
U00295,1,Salary earner,Referral,1,1,1,1
U00296,3,Student,Referral,0,0,0,0
U00297,4,Student,Agent sign-up,1,0,0,0
U00298,7,Market trader,Instagram ad,1,0,0,0
U00299,1,Small business,Play Store search,1,1,1,1
U00300,8,Student,Referral,1,1,0,0
U00301,1,Salary earner,Referral,1,1,1,1
U00302,5,Market trader,Referral,1,1,1,1
U00303,6,Market trader,Agent sign-up,1,1,0,0
U00304,4,Student,Referral,1,1,1,1
U00305,5,Student,Instagram ad,1,1,0,0
U00306,6,Small business,Referral,1,1,1,1
U00307,6,Salary earner,Instagram ad,1,1,1,1
U00308,2,Student,Referral,0,0,0,0
U00309,8,Student,Referral,1,0,0,0
U00310,2,Salary earner,Play Store search,1,1,1,1
U00311,8,Market trader,Agent sign-up,1,1,1,1
U00312,4,Market trader,Agent sign-up,1,1,1,1
U00313,8,Small business,Referral,1,1,0,0
U00314,2,Student,Referral,1,0,0,0
U00315,7,Small business,Referral,1,1,1,1
U00316,3,Salary earner,Agent sign-up,1,1,1,1
U00317,2,Salary earner,Referral,1,1,0,0
U00318,1,Student,Referral,1,1,1,1
U00319,6,Salary earner,Referral,1,0,0,0
U00320,6,Student,Agent sign-up,0,0,0,0
U00321,6,Small business,Instagram ad,1,0,0,0
U00322,2,Salary earner,Referral,1,1,1,1
U00323,1,Market trader,Agent sign-up,1,1,1,1
U00324,4,Student,Agent sign-up,1,1,0,0
U00325,4,Student,Referral,0,0,0,0
U00326,5,Salary earner,Referral,1,0,0,0
U00327,4,Salary earner,Referral,1,1,0,0
U00328,4,Salary earner,Play Store search,1,0,0,0
U00329,4,Salary earner,Agent sign-up,1,1,1,1
U00330,5,Salary earner,Agent sign-up,1,1,1,1
U00331,3,Small business,Agent sign-up,1,1,1,0
U00332,3,Small business,Play Store search,1,1,1,1
U00333,8,Student,Referral,1,0,0,0
U00334,4,Salary earner,Instagram ad,1,1,1,1
U00335,5,Market trader,Referral,1,1,1,1
U00336,3,Salary earner,Play Store search,1,1,0,0
U00337,3,Salary earner,Instagram ad,1,1,0,0
U00338,5,Salary earner,Referral,1,1,1,1
U00339,8,Market trader,Agent sign-up,0,0,0,0
U00340,6,Small business,Referral,1,1,1,1
U00341,2,Small business,Play Store search,1,1,0,0
U00342,5,Small business,Play Store search,1,1,1,1
U00343,5,Market trader,Agent sign-up,1,1,1,1
U00344,5,Small business,Referral,1,1,1,1
U00345,2,Salary earner,Referral,1,1,1,1
U00346,3,Market trader,Agent sign-up,1,0,0,0
U00347,2,Market trader,Play Store search,1,1,1,1
U00348,8,Salary earner,Referral,1,1,1,1
U00349,7,Salary earner,Referral,1,1,1,1
U00350,4,Market trader,Referral,1,1,1,1
U00351,5,Salary earner,Play Store search,1,1,1,1
U00352,2,Student,Referral,1,1,1,1
U00353,4,Student,Agent sign-up,1,1,1,1
U00354,3,Small business,Instagram ad,1,1,0,0
U00355,1,Market trader,Agent sign-up,1,1,1,1
U00356,3,Market trader,Referral,1,0,0,0
U00357,8,Market trader,Instagram ad,1,1,1,1
U00358,5,Market trader,Agent sign-up,1,1,1,1
U00359,8,Salary earner,Referral,1,1,1,1
U00360,6,Salary earner,Instagram ad,1,1,1,1
U00361,1,Salary earner,Instagram ad,0,0,0,0
U00362,1,Market trader,Play Store search,1,1,1,1
U00363,2,Student,Play Store search,1,1,1,1
U00364,3,Market trader,Agent sign-up,1,1,1,1
U00365,8,Student,Agent sign-up,1,0,0,0
U00366,1,Small business,Agent sign-up,1,1,0,0
U00367,8,Small business,Agent sign-up,1,1,1,1
U00368,8,Student,Instagram ad,1,0,0,0
U00369,5,Salary earner,Referral,1,1,1,1
U00370,7,Market trader,Referral,1,1,0,0
U00371,7,Market trader,Agent sign-up,1,0,0,0
U00372,2,Market trader,Agent sign-up,1,1,1,1
U00373,2,Salary earner,Referral,1,0,0,0
U00374,7,Market trader,Agent sign-up,1,1,0,0
U00375,2,Small business,Play Store search,1,1,1,0
U00376,1,Salary earner,Referral,1,1,1,1
U00377,2,Market trader,Agent sign-up,1,1,0,0
U00378,1,Market trader,Agent sign-up,1,1,1,1
U00379,8,Small business,Referral,1,1,1,1
U00380,8,Market trader,Referral,1,0,0,0
U00381,7,Salary earner,Referral,1,1,0,0
U00382,7,Student,Referral,1,1,1,1
U00383,3,Market trader,Play Store search,1,0,0,0
U00384,5,Market trader,Play Store search,1,0,0,0
U00385,4,Market trader,Referral,1,1,1,1
U00386,3,Small business,Instagram ad,1,0,0,0
U00387,3,Market trader,Referral,0,0,0,0
U00388,1,Salary earner,Play Store search,1,1,1,0
U00389,1,Market trader,Referral,1,0,0,0
U00390,2,Market trader,Agent sign-up,1,1,1,1
U00391,5,Salary earner,Play Store search,1,0,0,0
U00392,2,Salary earner,Instagram ad,0,0,0,0
U00393,5,Market trader,Referral,1,0,0,0
U00394,7,Small business,Instagram ad,1,1,1,1
U00395,7,Market trader,Agent sign-up,1,1,0,0
U00396,7,Student,Play Store search,1,1,1,0
U00397,4,Small business,Referral,1,0,0,0
U00398,4,Salary earner,Agent sign-up,1,1,1,1
U00399,8,Small business,Play Store search,1,1,1,1
U00400,8,Salary earner,Play Store search,1,0,0,0
U00401,3,Market trader,Agent sign-up,1,0,0,0
U00402,2,Market trader,Play Store search,1,0,0,0
U00403,2,Student,Referral,1,1,1,1
U00404,6,Market trader,Agent sign-up,1,1,0,0
U00405,8,Small business,Play Store search,1,0,0,0
U00406,5,Student,Referral,1,1,0,0
U00407,5,Student,Instagram ad,1,0,0,0
U00408,5,Salary earner,Play Store search,1,1,1,1
U00409,7,Salary earner,Agent sign-up,1,0,0,0
U00410,5,Student,Instagram ad,1,0,0,0
U00411,4,Salary earner,Referral,0,0,0,0
U00412,5,Market trader,Agent sign-up,1,1,1,0
U00413,6,Student,Referral,1,1,0,0
U00414,8,Market trader,Play Store search,1,0,0,0
U00415,6,Student,Play Store search,1,1,1,0
U00416,2,Market trader,Play Store search,1,0,0,0
U00417,8,Student,Instagram ad,1,0,0,0
U00418,8,Small business,Play Store search,1,1,1,0
U00419,7,Student,Play Store search,1,1,1,1
U00420,2,Student,Referral,1,1,1,1
U00421,1,Salary earner,Instagram ad,1,1,0,0
U00422,7,Small business,Instagram ad,1,0,0,0
U00423,7,Market trader,Play Store search,1,0,0,0
U00424,2,Student,Play Store search,1,0,0,0
U00425,7,Salary earner,Play Store search,1,1,1,1
U00426,1,Market trader,Referral,1,0,0,0
U00427,2,Small business,Referral,1,0,0,0
U00428,4,Salary earner,Agent sign-up,1,1,1,1
U00429,3,Market trader,Agent sign-up,0,0,0,0
U00430,5,Salary earner,Play Store search,1,1,1,0
U00431,6,Student,Instagram ad,1,1,1,1
U00432,3,Salary earner,Instagram ad,1,1,1,1
U00433,1,Salary earner,Instagram ad,0,0,0,0
U00434,4,Salary earner,Play Store search,1,1,0,0
U00435,5,Market trader,Agent sign-up,1,0,0,0
U00436,8,Salary earner,Referral,1,1,1,1
U00437,4,Salary earner,Instagram ad,1,0,0,0
U00438,3,Student,Instagram ad,1,0,0,0
U00439,4,Small business,Referral,1,1,1,1
U00440,2,Market trader,Agent sign-up,1,0,0,0
U00441,4,Salary earner,Play Store search,1,0,0,0
U00442,5,Small business,Instagram ad,1,1,0,0
U00443,6,Small business,Instagram ad,1,1,1,1
U00444,3,Small business,Play Store search,1,1,1,1
U00445,1,Student,Play Store search,1,1,1,1
U00446,5,Market trader,Referral,1,1,1,1
U00447,7,Market trader,Play Store search,1,1,1,1
U00448,7,Student,Referral,1,1,1,1
U00449,5,Market trader,Play Store search,1,0,0,0
U00450,5,Salary earner,Play Store search,1,0,0,0
U00451,7,Small business,Instagram ad,1,1,0,0
U00452,7,Student,Agent sign-up,1,1,0,0
U00453,3,Student,Referral,1,1,1,1
U00454,2,Market trader,Agent sign-up,1,1,1,1
U00455,1,Student,Play Store search,1,1,1,1
U00456,1,Market trader,Referral,1,1,1,1
U00457,2,Salary earner,Referral,1,1,1,1
U00458,6,Market trader,Referral,1,0,0,0
U00459,3,Market trader,Instagram ad,1,1,1,1
U00460,4,Student,Play Store search,1,0,0,0
U00461,7,Market trader,Play Store search,1,0,0,0
U00462,3,Salary earner,Referral,1,1,1,1
U00463,2,Salary earner,Instagram ad,1,1,0,0
U00464,8,Small business,Instagram ad,1,1,1,1
U00465,1,Market trader,Instagram ad,1,0,0,0
U00466,1,Small business,Instagram ad,1,1,1,1
U00467,1,Small business,Instagram ad,1,0,0,0
U00468,8,Small business,Play Store search,1,1,1,1
U00469,3,Student,Referral,1,0,0,0
U00470,3,Market trader,Referral,1,1,1,1
U00471,7,Salary earner,Play Store search,1,1,1,1
U00472,6,Market trader,Agent sign-up,1,1,1,1
U00473,2,Market trader,Referral,1,0,0,0
U00474,7,Salary earner,Instagram ad,1,1,0,0
U00475,7,Salary earner,Referral,1,1,1,1
U00476,6,Student,Referral,1,0,0,0
U00477,3,Market trader,Agent sign-up,1,1,1,1
U00478,4,Market trader,Instagram ad,1,0,0,0
U00479,6,Student,Instagram ad,1,1,1,1
U00480,3,Student,Instagram ad,1,1,1,1
U00481,2,Market trader,Play Store search,1,0,0,0
U00482,1,Student,Instagram ad,1,0,0,0
U00483,2,Salary earner,Referral,0,0,0,0
U00484,2,Salary earner,Agent sign-up,1,1,1,1
U00485,1,Salary earner,Agent sign-up,1,1,1,1
U00486,6,Salary earner,Play Store search,1,1,1,1
U00487,1,Market trader,Agent sign-up,1,1,1,1
U00488,4,Salary earner,Referral,0,0,0,0
U00489,5,Student,Referral,1,0,0,0
U00490,2,Salary earner,Play Store search,0,0,0,0
U00491,7,Student,Play Store search,1,0,0,0
U00492,6,Student,Referral,1,0,0,0
U00493,2,Salary earner,Agent sign-up,1,1,1,1
U00494,2,Salary earner,Instagram ad,0,0,0,0
U00495,7,Market trader,Play Store search,1,0,0,0
U00496,7,Small business,Play Store search,1,1,1,1
U00497,2,Salary earner,Instagram ad,1,1,0,0
U00498,4,Market trader,Play Store search,1,1,1,1
U00499,2,Market trader,Play Store search,1,0,0,0
U00500,2,Student,Instagram ad,1,1,1,1
U00501,7,Market trader,Play Store search,1,1,1,1
U00502,2,Small business,Referral,1,1,1,1
U00503,3,Small business,Instagram ad,1,1,1,1
U00504,7,Salary earner,Instagram ad,1,1,1,1
U00505,3,Salary earner,Instagram ad,0,0,0,0
U00506,2,Salary earner,Play Store search,1,0,0,0
U00507,4,Market trader,Play Store search,1,1,1,0
U00508,4,Market trader,Agent sign-up,1,1,1,0
U00509,3,Salary earner,Referral,1,1,1,1
U00510,4,Salary earner,Referral,1,0,0,0
U00511,3,Small business,Referral,1,1,1,1
U00512,4,Market trader,Instagram ad,1,1,1,1
U00513,5,Salary earner,Play Store search,1,1,1,1
U00514,8,Market trader,Instagram ad,1,1,1,1
U00515,2,Student,Play Store search,1,1,0,0
U00516,4,Salary earner,Instagram ad,1,1,1,1
U00517,2,Market trader,Referral,1,1,1,1
U00518,1,Student,Play Store search,1,1,1,1
U00519,3,Salary earner,Referral,1,1,1,1
U00520,6,Student,Instagram ad,1,1,1,1
U00521,7,Salary earner,Instagram ad,1,1,1,1
U00522,7,Salary earner,Referral,1,1,1,1
U00523,4,Student,Referral,1,0,0,0
U00524,8,Market trader,Referral,1,1,1,1
U00525,1,Market trader,Agent sign-up,1,0,0,0
U00526,5,Small business,Instagram ad,1,1,0,0
U00527,4,Student,Instagram ad,0,0,0,0
U00528,6,Student,Agent sign-up,1,1,0,0
U00529,8,Market trader,Play Store search,1,0,0,0
U00530,7,Market trader,Agent sign-up,1,1,1,1
U00531,8,Small business,Play Store search,1,1,1,0
U00532,8,Salary earner,Instagram ad,1,0,0,0
U00533,2,Market trader,Play Store search,1,1,1,1
U00534,4,Market trader,Agent sign-up,1,1,1,0
U00535,7,Small business,Referral,1,1,1,1
U00536,5,Salary earner,Play Store search,1,1,1,0
U00537,3,Salary earner,Play Store search,1,1,1,1
U00538,5,Small business,Instagram ad,0,0,0,0
U00539,3,Small business,Instagram ad,1,0,0,0
U00540,5,Salary earner,Instagram ad,1,1,1,1
U00541,4,Small business,Play Store search,1,0,0,0
U00542,4,Market trader,Agent sign-up,1,1,1,1
U00543,3,Student,Referral,1,1,1,1
U00544,1,Market trader,Referral,1,0,0,0
U00545,2,Market trader,Agent sign-up,1,1,0,0
U00546,1,Small business,Instagram ad,1,1,1,1
U00547,5,Small business,Instagram ad,1,1,1,0
U00548,1,Salary earner,Referral,0,0,0,0
U00549,7,Salary earner,Play Store search,1,1,1,1
U00550,1,Student,Instagram ad,1,1,1,1
U00551,8,Salary earner,Instagram ad,1,1,1,1
U00552,7,Student,Instagram ad,1,0,0,0
U00553,4,Salary earner,Instagram ad,1,0,0,0
U00554,5,Student,Agent sign-up,1,1,1,1
U00555,8,Market trader,Referral,1,1,1,1
U00556,4,Student,Instagram ad,1,0,0,0
U00557,5,Market trader,Agent sign-up,1,1,1,1
U00558,4,Salary earner,Referral,1,1,1,0
U00559,3,Market trader,Agent sign-up,1,1,1,1
U00560,8,Small business,Play Store search,1,1,0,0
U00561,1,Market trader,Agent sign-up,1,1,1,1
U00562,3,Market trader,Agent sign-up,1,1,1,0
U00563,4,Small business,Instagram ad,1,0,0,0
U00564,6,Small business,Referral,1,1,1,1
U00565,3,Market trader,Play Store search,1,1,1,1
U00566,3,Small business,Agent sign-up,1,1,0,0
U00567,5,Market trader,Play Store search,1,1,1,1
U00568,1,Market trader,Instagram ad,1,1,1,1
U00569,5,Market trader,Play Store search,0,0,0,0
U00570,3,Student,Instagram ad,1,1,1,1
U00571,6,Market trader,Play Store search,1,1,1,1
U00572,8,Small business,Play Store search,1,0,0,0
U00573,1,Small business,Play Store search,1,1,1,1
U00574,6,Market trader,Instagram ad,1,0,0,0
U00575,1,Market trader,Instagram ad,1,1,1,1
U00576,1,Small business,Agent sign-up,1,1,1,1
U00577,8,Small business,Referral,1,1,1,0
U00578,2,Student,Instagram ad,1,0,0,0
U00579,4,Small business,Play Store search,1,1,0,0
U00580,5,Student,Referral,1,0,0,0
U00581,8,Market trader,Agent sign-up,1,1,1,0
U00582,5,Salary earner,Referral,1,1,1,1
U00583,2,Salary earner,Instagram ad,1,0,0,0
U00584,5,Market trader,Agent sign-up,0,0,0,0
U00585,2,Salary earner,Instagram ad,1,0,0,0
U00586,6,Market trader,Play Store search,1,0,0,0
U00587,3,Market trader,Play Store search,1,1,0,0
U00588,5,Market trader,Agent sign-up,1,0,0,0
U00589,3,Market trader,Instagram ad,1,1,0,0
U00590,2,Salary earner,Referral,1,1,1,1
U00591,6,Student,Referral,1,0,0,0
U00592,1,Salary earner,Referral,1,0,0,0
U00593,5,Small business,Referral,1,1,1,1
U00594,5,Student,Play Store search,1,1,1,1
U00595,3,Market trader,Instagram ad,1,1,1,1
U00596,1,Salary earner,Instagram ad,0,0,0,0
U00597,6,Student,Referral,1,1,1,1
U00598,5,Small business,Instagram ad,1,0,0,0
U00599,1,Market trader,Referral,1,1,1,0
U00600,8,Student,Referral,1,1,1,1
U00601,1,Salary earner,Agent sign-up,1,1,1,0
U00602,5,Market trader,Agent sign-up,1,1,0,0
U00603,5,Salary earner,Play Store search,1,0,0,0
U00604,8,Market trader,Agent sign-up,1,1,1,1
U00605,1,Student,Instagram ad,1,0,0,0
U00606,7,Small business,Play Store search,1,0,0,0
U00607,1,Salary earner,Referral,1,1,1,0
U00608,8,Student,Referral,1,1,1,1
U00609,8,Salary earner,Instagram ad,1,1,1,1
U00610,7,Small business,Instagram ad,1,1,1,1
U00611,5,Salary earner,Play Store search,1,1,1,1
U00612,3,Market trader,Play Store search,1,0,0,0
U00613,8,Salary earner,Instagram ad,1,0,0,0
U00614,2,Small business,Referral,1,1,1,1
U00615,6,Market trader,Instagram ad,1,1,1,1
U00616,4,Small business,Play Store search,1,0,0,0
U00617,4,Salary earner,Referral,1,1,1,1
U00618,7,Market trader,Instagram ad,1,1,1,1
U00619,8,Small business,Play Store search,1,1,1,1
U00620,1,Salary earner,Referral,1,1,1,1
U00621,1,Small business,Play Store search,1,1,0,0
U00622,3,Market trader,Agent sign-up,1,1,0,0
U00623,3,Market trader,Referral,0,0,0,0
U00624,2,Salary earner,Referral,1,1,1,1
U00625,2,Market trader,Referral,1,1,1,1
U00626,8,Small business,Referral,1,0,0,0
U00627,4,Market trader,Play Store search,1,0,0,0
U00628,7,Salary earner,Instagram ad,1,1,1,1
U00629,7,Student,Instagram ad,1,0,0,0
U00630,2,Market trader,Agent sign-up,1,0,0,0
U00631,4,Small business,Instagram ad,1,1,1,1
U00632,5,Market trader,Referral,1,1,1,0
U00633,8,Student,Play Store search,1,1,1,1
U00634,5,Market trader,Play Store search,1,0,0,0
U00635,1,Salary earner,Referral,1,1,1,0
U00636,2,Market trader,Agent sign-up,1,1,1,1
U00637,1,Market trader,Referral,1,0,0,0
U00638,2,Market trader,Referral,1,0,0,0
U00639,3,Salary earner,Instagram ad,1,1,1,1
U00640,4,Salary earner,Play Store search,1,0,0,0
U00641,4,Small business,Referral,1,0,0,0
U00642,8,Market trader,Agent sign-up,1,0,0,0
U00643,1,Market trader,Play Store search,0,0,0,0
U00644,5,Market trader,Agent sign-up,1,1,1,1
U00645,2,Market trader,Agent sign-up,1,1,1,1
U00646,6,Salary earner,Instagram ad,0,0,0,0
U00647,8,Student,Play Store search,1,1,1,1
U00648,1,Small business,Agent sign-up,1,1,1,1
U00649,1,Market trader,Agent sign-up,1,1,1,1
U00650,5,Small business,Play Store search,1,1,1,1
U00651,2,Market trader,Agent sign-up,1,1,1,1
U00652,6,Salary earner,Referral,1,1,1,1
U00653,1,Market trader,Agent sign-up,1,0,0,0
U00654,8,Market trader,Agent sign-up,1,1,1,1
U00655,2,Small business,Play Store search,1,1,1,0
U00656,5,Salary earner,Referral,1,0,0,0
U00657,6,Salary earner,Instagram ad,1,1,1,1
U00658,4,Student,Instagram ad,1,1,1,0
U00659,1,Student,Referral,1,0,0,0
U00660,5,Small business,Instagram ad,1,1,1,1
U00661,2,Small business,Instagram ad,1,0,0,0
U00662,7,Salary earner,Instagram ad,0,0,0,0
U00663,1,Student,Play Store search,1,0,0,0
U00664,2,Small business,Referral,1,1,0,0
U00665,1,Salary earner,Play Store search,1,1,1,1
U00666,8,Market trader,Play Store search,1,1,1,1
U00667,1,Student,Instagram ad,0,0,0,0
U00668,2,Market trader,Agent sign-up,1,1,1,1
U00669,3,Market trader,Play Store search,1,0,0,0
U00670,1,Salary earner,Agent sign-up,1,1,0,0
U00671,7,Small business,Referral,1,0,0,0
U00672,2,Small business,Agent sign-up,1,1,1,1
U00673,5,Student,Referral,1,1,1,1
U00674,5,Market trader,Referral,1,0,0,0
U00675,8,Student,Play Store search,1,0,0,0
U00676,5,Market trader,Agent sign-up,1,1,1,1
U00677,5,Small business,Referral,1,1,1,0
U00678,3,Salary earner,Agent sign-up,0,0,0,0
U00679,5,Student,Referral,1,1,1,1
U00680,3,Student,Play Store search,1,1,1,1
U00681,4,Market trader,Referral,1,1,1,1
U00682,1,Market trader,Agent sign-up,1,0,0,0
U00683,6,Market trader,Agent sign-up,1,0,0,0
U00684,4,Market trader,Agent sign-up,1,1,1,1
U00685,7,Small business,Instagram ad,1,0,0,0
U00686,4,Market trader,Agent sign-up,1,0,0,0
U00687,4,Student,Instagram ad,1,1,1,1
U00688,2,Market trader,Instagram ad,1,1,1,1
U00689,6,Student,Play Store search,1,1,1,1
U00690,4,Salary earner,Play Store search,1,1,0,0
U00691,3,Market trader,Instagram ad,1,0,0,0
U00692,6,Market trader,Agent sign-up,1,1,0,0
U00693,2,Student,Agent sign-up,1,1,1,0
U00694,5,Small business,Agent sign-up,1,1,1,1
U00695,7,Salary earner,Referral,1,0,0,0
U00696,7,Salary earner,Play Store search,1,1,1,1
U00697,1,Market trader,Referral,1,1,1,1
U00698,2,Market trader,Agent sign-up,1,0,0,0
U00699,7,Market trader,Agent sign-up,1,0,0,0
U00700,8,Student,Referral,1,1,1,0
U00701,2,Student,Referral,1,0,0,0
U00702,4,Small business,Instagram ad,1,1,1,0
U00703,6,Market trader,Agent sign-up,1,1,1,1
U00704,6,Student,Referral,0,0,0,0
U00705,5,Salary earner,Play Store search,1,1,1,1
U00706,6,Salary earner,Instagram ad,1,1,1,1
U00707,1,Student,Referral,1,0,0,0
U00708,8,Student,Instagram ad,1,1,0,0
U00709,2,Small business,Agent sign-up,1,1,1,1
U00710,4,Salary earner,Referral,1,1,0,0
U00711,1,Market trader,Play Store search,1,1,1,1
U00712,6,Market trader,Referral,1,0,0,0
U00713,1,Student,Instagram ad,1,0,0,0
U00714,3,Market trader,Agent sign-up,1,1,1,1
U00715,5,Market trader,Agent sign-up,1,1,1,1
U00716,8,Student,Referral,0,0,0,0
U00717,8,Small business,Instagram ad,1,0,0,0
U00718,6,Market trader,Agent sign-up,1,1,1,1
U00719,8,Student,Referral,1,0,0,0
U00720,6,Small business,Play Store search,1,1,0,0
U00721,7,Student,Instagram ad,1,0,0,0
U00722,8,Small business,Agent sign-up,1,1,1,1
U00723,7,Small business,Instagram ad,1,1,1,0
U00724,5,Market trader,Agent sign-up,1,1,1,1
U00725,4,Student,Agent sign-up,1,0,0,0
U00726,1,Student,Referral,1,1,1,1
U00727,4,Small business,Instagram ad,1,1,1,1
U00728,4,Student,Play Store search,1,0,0,0
U00729,8,Small business,Instagram ad,1,1,1,1
U00730,4,Salary earner,Referral,1,0,0,0
U00731,8,Small business,Instagram ad,1,1,1,0
U00732,5,Salary earner,Agent sign-up,1,1,0,0
U00733,3,Market trader,Agent sign-up,1,1,1,1
U00734,4,Salary earner,Instagram ad,1,1,1,1
U00735,2,Market trader,Play Store search,1,1,1,1
U00736,2,Student,Play Store search,0,0,0,0
U00737,1,Salary earner,Referral,1,1,1,1
U00738,3,Market trader,Play Store search,1,1,1,1
U00739,5,Salary earner,Referral,0,0,0,0
U00740,7,Market trader,Agent sign-up,1,1,1,1
U00741,8,Student,Referral,1,0,0,0
U00742,8,Market trader,Play Store search,1,1,1,1
U00743,8,Small business,Play Store search,1,1,0,0
U00744,6,Student,Instagram ad,1,0,0,0
U00745,5,Salary earner,Instagram ad,0,0,0,0
U00746,7,Salary earner,Instagram ad,1,1,1,1
U00747,8,Small business,Referral,1,0,0,0
U00748,3,Salary earner,Agent sign-up,1,1,0,0
U00749,3,Small business,Referral,1,0,0,0
U00750,2,Market trader,Agent sign-up,1,1,1,1
U00751,3,Student,Play Store search,1,1,1,1
U00752,6,Salary earner,Play Store search,1,1,0,0
U00753,6,Market trader,Play Store search,0,0,0,0
U00754,1,Student,Referral,1,1,1,0
U00755,6,Small business,Instagram ad,1,1,1,1
U00756,7,Student,Referral,1,1,0,0
U00757,7,Salary earner,Instagram ad,1,1,0,0
U00758,7,Student,Play Store search,1,1,1,0
U00759,4,Market trader,Agent sign-up,1,1,1,1
U00760,1,Market trader,Referral,1,0,0,0
U00761,6,Market trader,Play Store search,1,0,0,0
U00762,2,Salary earner,Play Store search,1,1,0,0
U00763,4,Small business,Instagram ad,1,0,0,0
U00764,7,Student,Instagram ad,1,1,1,0
U00765,6,Student,Referral,0,0,0,0
U00766,8,Salary earner,Play Store search,0,0,0,0
U00767,8,Market trader,Agent sign-up,1,1,1,1
U00768,1,Salary earner,Play Store search,0,0,0,0
U00769,2,Student,Agent sign-up,1,1,1,1
U00770,6,Salary earner,Referral,1,1,1,1
U00771,4,Salary earner,Instagram ad,1,1,1,1
U00772,2,Small business,Referral,1,1,1,1
U00773,4,Market trader,Agent sign-up,1,1,1,1
U00774,4,Market trader,Agent sign-up,1,0,0,0
U00775,1,Small business,Instagram ad,1,1,0,0
U00776,8,Salary earner,Instagram ad,1,1,0,0
U00777,6,Student,Referral,1,1,1,1
U00778,4,Market trader,Referral,1,1,1,1
U00779,8,Market trader,Referral,1,1,1,0
U00780,4,Small business,Referral,1,1,1,1
U00781,1,Small business,Referral,1,0,0,0
U00782,1,Salary earner,Play Store search,1,1,1,0
U00783,6,Market trader,Referral,1,1,1,0
U00784,4,Small business,Play Store search,1,1,1,1
U00785,3,Small business,Instagram ad,1,1,1,1
U00786,3,Small business,Instagram ad,1,0,0,0
U00787,1,Market trader,Agent sign-up,1,0,0,0
U00788,8,Student,Play Store search,1,0,0,0
U00789,8,Market trader,Agent sign-up,1,1,1,1
U00790,8,Small business,Referral,1,1,1,1
U00791,5,Market trader,Referral,1,0,0,0
U00792,3,Salary earner,Instagram ad,1,1,1,1
U00793,7,Small business,Referral,1,0,0,0
U00794,6,Salary earner,Referral,1,1,1,1
U00795,8,Market trader,Agent sign-up,0,0,0,0
U00796,1,Salary earner,Play Store search,1,0,0,0
U00797,5,Salary earner,Play Store search,1,0,0,0
U00798,7,Student,Referral,1,0,0,0
U00799,7,Small business,Instagram ad,1,0,0,0
U00800,7,Student,Agent sign-up,0,0,0,0
U00801,5,Salary earner,Referral,1,1,0,0
U00802,6,Market trader,Referral,1,1,1,1
U00803,4,Market trader,Instagram ad,1,0,0,0
U00804,6,Market trader,Play Store search,1,0,0,0
U00805,3,Salary earner,Referral,1,1,1,1
U00806,3,Small business,Instagram ad,1,1,1,1
U00807,2,Small business,Play Store search,0,0,0,0
U00808,6,Small business,Agent sign-up,1,1,1,1
U00809,6,Market trader,Agent sign-up,1,1,1,1
U00810,7,Student,Play Store search,1,0,0,0
U00811,6,Small business,Instagram ad,1,1,1,1
U00812,6,Market trader,Play Store search,1,1,1,1
U00813,6,Market trader,Play Store search,1,0,0,0
U00814,4,Market trader,Agent sign-up,1,0,0,0
U00815,5,Salary earner,Instagram ad,1,1,1,1
U00816,2,Market trader,Referral,1,0,0,0
U00817,6,Salary earner,Instagram ad,0,0,0,0
U00818,6,Small business,Instagram ad,1,0,0,0
U00819,6,Market trader,Play Store search,1,1,1,1
U00820,6,Market trader,Agent sign-up,1,1,1,1
U00821,4,Market trader,Play Store search,1,1,1,1
U00822,4,Salary earner,Play Store search,1,1,0,0
U00823,1,Small business,Referral,1,1,1,1
U00824,7,Salary earner,Play Store search,1,1,1,0
U00825,7,Salary earner,Play Store search,1,1,1,1
U00826,2,Salary earner,Agent sign-up,1,1,1,1
U00827,2,Student,Play Store search,1,0,0,0
U00828,8,Salary earner,Referral,1,1,1,0
U00829,6,Market trader,Agent sign-up,1,1,0,0
U00830,6,Salary earner,Play Store search,1,1,0,0
U00831,3,Market trader,Play Store search,1,1,1,1
U00832,7,Market trader,Agent sign-up,1,1,0,0
U00833,8,Market trader,Agent sign-up,1,1,1,0
U00834,2,Student,Instagram ad,1,0,0,0
U00835,5,Salary earner,Referral,1,1,0,0
U00836,8,Small business,Instagram ad,0,0,0,0
U00837,8,Market trader,Agent sign-up,1,1,1,1
U00838,2,Salary earner,Instagram ad,1,1,1,0
U00839,5,Market trader,Play Store search,1,1,1,1
U00840,7,Student,Play Store search,1,1,1,1
U00841,7,Small business,Referral,1,1,1,1
U00842,8,Market trader,Play Store search,1,1,1,1
U00843,6,Market trader,Play Store search,1,1,1,1
U00844,6,Market trader,Agent sign-up,1,1,1,1
U00845,4,Market trader,Referral,1,1,1,1
U00846,3,Market trader,Referral,1,1,1,1
U00847,7,Student,Play Store search,1,1,1,1
U00848,8,Small business,Play Store search,1,1,1,0
U00849,5,Market trader,Referral,1,0,0,0
U00850,4,Small business,Referral,1,0,0,0
U00851,1,Student,Instagram ad,1,0,0,0
U00852,1,Student,Play Store search,1,1,0,0
U00853,2,Small business,Play Store search,1,1,1,1
U00854,6,Market trader,Referral,1,1,0,0
U00855,7,Market trader,Referral,1,1,1,1
U00856,1,Salary earner,Play Store search,1,0,0,0
U00857,8,Salary earner,Play Store search,1,0,0,0
U00858,1,Salary earner,Referral,1,0,0,0
U00859,1,Salary earner,Referral,1,1,1,1
U00860,2,Salary earner,Instagram ad,1,1,1,1
U00861,4,Small business,Instagram ad,1,1,1,0
U00862,2,Market trader,Play Store search,1,1,1,1
U00863,6,Market trader,Agent sign-up,1,1,1,1
U00864,1,Small business,Referral,0,0,0,0
U00865,1,Salary earner,Instagram ad,1,1,1,1
U00866,4,Market trader,Play Store search,1,1,1,1
U00867,8,Market trader,Referral,1,0,0,0
U00868,8,Student,Referral,1,1,1,1
U00869,3,Small business,Play Store search,1,1,0,0
U00870,6,Market trader,Play Store search,1,0,0,0
U00871,5,Small business,Instagram ad,1,1,0,0
U00872,4,Market trader,Agent sign-up,0,0,0,0
U00873,3,Market trader,Play Store search,1,1,1,0
U00874,6,Salary earner,Referral,1,1,1,1
U00875,8,Student,Instagram ad,1,1,1,1
U00876,7,Salary earner,Play Store search,1,1,1,1
U00877,7,Market trader,Agent sign-up,1,1,1,0
U00878,4,Small business,Referral,1,1,1,0
U00879,6,Market trader,Play Store search,1,1,1,1
U00880,5,Market trader,Referral,1,1,1,1
U00881,6,Salary earner,Instagram ad,1,1,0,0
U00882,3,Market trader,Agent sign-up,1,1,1,1
U00883,2,Market trader,Agent sign-up,1,1,1,1
U00884,5,Market trader,Play Store search,1,0,0,0
U00885,1,Student,Play Store search,1,1,1,0
U00886,7,Market trader,Play Store search,1,0,0,0
U00887,5,Market trader,Agent sign-up,1,1,1,1
U00888,6,Salary earner,Play Store search,1,1,1,1
U00889,1,Market trader,Agent sign-up,1,1,1,1
U00890,4,Small business,Referral,1,0,0,0
U00891,7,Student,Agent sign-up,1,1,1,1
U00892,6,Market trader,Instagram ad,1,0,0,0
U00893,3,Salary earner,Agent sign-up,1,1,0,0
U00894,7,Market trader,Agent sign-up,1,0,0,0
U00895,6,Market trader,Referral,0,0,0,0
U00896,5,Student,Referral,1,0,0,0
U00897,6,Market trader,Agent sign-up,1,0,0,0
U00898,8,Student,Referral,1,0,0,0
U00899,4,Salary earner,Referral,1,1,1,1
U00900,4,Salary earner,Referral,1,1,1,1
U00901,2,Market trader,Agent sign-up,1,1,1,1
U00902,8,Student,Play Store search,1,1,1,1
U00903,5,Small business,Referral,1,1,1,0
U00904,7,Market trader,Instagram ad,1,0,0,0
U00905,7,Student,Referral,1,1,0,0
U00906,8,Student,Referral,1,0,0,0
U00907,8,Market trader,Referral,1,1,0,0
U00908,1,Market trader,Play Store search,1,0,0,0
U00909,4,Small business,Play Store search,1,0,0,0
U00910,4,Market trader,Agent sign-up,1,1,1,1
U00911,6,Small business,Referral,1,1,1,1
U00912,4,Small business,Agent sign-up,1,1,1,1
U00913,8,Market trader,Agent sign-up,0,0,0,0
U00914,3,Market trader,Agent sign-up,0,0,0,0
U00915,6,Salary earner,Instagram ad,1,1,1,1
U00916,2,Salary earner,Instagram ad,1,1,1,1
U00917,7,Salary earner,Instagram ad,1,1,1,0
U00918,7,Salary earner,Referral,1,1,1,1
U00919,4,Small business,Instagram ad,1,1,1,1
U00920,3,Small business,Instagram ad,1,1,1,1
U00921,7,Salary earner,Referral,1,1,1,1
U00922,1,Salary earner,Agent sign-up,1,1,1,1
U00923,1,Small business,Referral,0,0,0,0
U00924,2,Student,Play Store search,1,0,0,0
U00925,8,Salary earner,Instagram ad,1,0,0,0
U00926,5,Market trader,Agent sign-up,1,1,0,0
U00927,8,Small business,Instagram ad,0,0,0,0
U00928,6,Market trader,Instagram ad,1,0,0,0
U00929,4,Salary earner,Referral,1,1,1,1
U00930,3,Student,Play Store search,1,0,0,0
U00931,6,Market trader,Agent sign-up,1,0,0,0
U00932,3,Market trader,Agent sign-up,1,0,0,0
U00933,4,Market trader,Agent sign-up,1,1,1,1
U00934,4,Market trader,Agent sign-up,1,0,0,0
U00935,1,Small business,Instagram ad,1,1,0,0
U00936,8,Market trader,Referral,1,1,1,1
U00937,7,Small business,Referral,1,0,0,0
U00938,2,Market trader,Instagram ad,1,0,0,0
U00939,5,Salary earner,Instagram ad,1,1,1,0
U00940,7,Student,Agent sign-up,1,1,0,0
U00941,2,Small business,Instagram ad,1,1,1,1
U00942,3,Student,Referral,1,1,0,0
U00943,7,Salary earner,Play Store search,1,1,1,1
U00944,4,Small business,Agent sign-up,1,1,1,1
U00945,7,Market trader,Agent sign-up,1,1,0,0
U00946,2,Market trader,Referral,1,1,1,1
U00947,2,Salary earner,Referral,1,1,1,1
U00948,5,Salary earner,Play Store search,1,1,1,1
U00949,3,Salary earner,Play Store search,1,1,1,1
U00950,4,Market trader,Agent sign-up,1,1,1,1
U00951,7,Small business,Referral,1,1,1,1
U00952,3,Small business,Instagram ad,1,1,0,0
U00953,6,Salary earner,Referral,1,1,1,1
U00954,4,Small business,Instagram ad,1,1,1,1
U00955,4,Student,Play Store search,1,1,1,1
U00956,3,Salary earner,Referral,1,1,1,1
U00957,5,Small business,Referral,1,1,0,0
U00958,8,Salary earner,Referral,0,0,0,0
U00959,2,Student,Play Store search,1,1,1,1
U00960,6,Student,Play Store search,1,0,0,0
U00961,5,Small business,Referral,1,1,1,1
U00962,1,Small business,Referral,1,1,1,1
U00963,5,Student,Play Store search,1,1,1,1
U00964,5,Student,Instagram ad,1,1,1,1
U00965,2,Salary earner,Instagram ad,1,1,0,0
U00966,4,Salary earner,Referral,1,1,1,0
U00967,6,Student,Referral,0,0,0,0
U00968,1,Market trader,Instagram ad,1,0,0,0
U00969,5,Market trader,Referral,1,0,0,0
U00970,7,Small business,Instagram ad,1,0,0,0
U00971,3,Market trader,Agent sign-up,1,0,0,0
U00972,6,Market trader,Agent sign-up,0,0,0,0
U00973,2,Small business,Instagram ad,1,0,0,0
U00974,4,Market trader,Agent sign-up,1,1,1,1
U00975,3,Small business,Agent sign-up,1,1,1,1
U00976,1,Small business,Agent sign-up,1,1,1,1
U00977,5,Salary earner,Play Store search,1,1,1,1
U00978,8,Student,Referral,1,1,1,1
U00979,6,Market trader,Agent sign-up,1,0,0,0
U00980,1,Salary earner,Instagram ad,1,1,1,1
U00981,7,Market trader,Agent sign-up,1,1,1,1
U00982,7,Market trader,Agent sign-up,0,0,0,0
U00983,7,Salary earner,Play Store search,1,1,0,0
U00984,1,Student,Agent sign-up,1,1,1,1
U00985,6,Salary earner,Instagram ad,1,1,1,1
U00986,5,Salary earner,Agent sign-up,1,1,1,1
U00987,6,Student,Referral,1,1,1,1
U00988,7,Student,Referral,1,1,1,1
U00989,5,Student,Instagram ad,1,0,0,0
U00990,1,Small business,Agent sign-up,1,1,1,0
U00991,7,Student,Referral,1,0,0,0
U00992,8,Small business,Play Store search,1,1,0,0
U00993,5,Market trader,Referral,1,0,0,0
U00994,5,Small business,Instagram ad,1,1,1,1
U00995,4,Salary earner,Instagram ad,1,1,1,1
U00996,6,Salary earner,Agent sign-up,1,1,1,1
U00997,3,Market trader,Play Store search,1,1,1,1
U00998,7,Salary earner,Instagram ad,1,0,0,0
U00999,7,Student,Agent sign-up,1,1,1,1
U01000,6,Salary earner,Agent sign-up,1,1,0,0
U01001,2,Small business,Agent sign-up,1,1,1,1
U01002,2,Salary earner,Referral,1,1,1,0
U01003,1,Market trader,Referral,1,0,0,0
U01004,7,Small business,Play Store search,1,1,1,1
U01005,8,Market trader,Referral,1,1,1,1
U01006,7,Student,Instagram ad,1,1,1,1
U01007,1,Market trader,Play Store search,1,1,0,0
U01008,5,Market trader,Agent sign-up,1,1,1,1
U01009,3,Market trader,Agent sign-up,1,1,1,1
U01010,1,Salary earner,Referral,1,1,1,1
U01011,8,Student,Referral,1,1,1,1
U01012,5,Student,Referral,1,0,0,0
U01013,8,Market trader,Play Store search,1,0,0,0
U01014,2,Salary earner,Instagram ad,1,1,1,1
U01015,8,Salary earner,Play Store search,1,1,1,1
U01016,6,Market trader,Instagram ad,1,0,0,0
U01017,2,Salary earner,Instagram ad,1,1,0,0
U01018,1,Salary earner,Play Store search,1,1,0,0
U01019,1,Market trader,Instagram ad,1,1,1,1
U01020,3,Small business,Instagram ad,0,0,0,0
U01021,5,Salary earner,Agent sign-up,1,1,1,1
U01022,3,Student,Referral,1,0,0,0
U01023,2,Market trader,Agent sign-up,1,0,0,0
U01024,4,Market trader,Agent sign-up,1,0,0,0
U01025,4,Salary earner,Referral,1,1,1,1
U01026,8,Small business,Referral,1,1,1,1
U01027,6,Market trader,Agent sign-up,1,1,1,1
U01028,1,Student,Instagram ad,1,0,0,0
U01029,1,Market trader,Agent sign-up,1,1,1,1
U01030,4,Market trader,Referral,1,1,1,1
U01031,4,Student,Referral,1,0,0,0
U01032,3,Student,Instagram ad,1,1,1,1
U01033,8,Student,Instagram ad,1,1,1,1
U01034,4,Student,Referral,1,1,0,0
U01035,4,Salary earner,Play Store search,1,1,1,1
U01036,4,Small business,Instagram ad,1,1,1,1
U01037,2,Salary earner,Referral,1,1,1,1
U01038,5,Student,Instagram ad,1,0,0,0
U01039,1,Market trader,Agent sign-up,0,0,0,0
U01040,8,Market trader,Agent sign-up,1,0,0,0
U01041,4,Salary earner,Referral,1,1,1,1
U01042,6,Salary earner,Play Store search,1,1,1,1
U01043,6,Student,Instagram ad,1,0,0,0
U01044,1,Salary earner,Play Store search,1,1,1,1
U01045,6,Student,Instagram ad,1,1,1,1
U01046,1,Market trader,Agent sign-up,1,0,0,0
U01047,3,Salary earner,Referral,0,0,0,0
U01048,1,Market trader,Play Store search,0,0,0,0
U01049,2,Market trader,Play Store search,1,1,1,1
U01050,1,Market trader,Agent sign-up,1,0,0,0
U01051,5,Student,Play Store search,1,0,0,0
U01052,2,Student,Agent sign-up,1,1,1,1
U01053,1,Student,Instagram ad,1,0,0,0
U01054,5,Market trader,Agent sign-up,1,0,0,0
U01055,4,Salary earner,Referral,1,1,1,1
U01056,2,Student,Referral,1,1,1,1
U01057,8,Market trader,Agent sign-up,1,1,1,1
U01058,5,Student,Referral,1,0,0,0
U01059,7,Market trader,Play Store search,1,1,1,1
U01060,4,Salary earner,Referral,1,1,1,1
U01061,2,Market trader,Referral,1,1,0,0
U01062,7,Student,Play Store search,1,1,1,1
U01063,8,Market trader,Instagram ad,1,1,1,1
U01064,8,Salary earner,Agent sign-up,1,0,0,0
U01065,2,Salary earner,Instagram ad,1,0,0,0
U01066,6,Market trader,Agent sign-up,1,1,0,0
U01067,3,Salary earner,Instagram ad,1,0,0,0
U01068,4,Student,Instagram ad,1,0,0,0
U01069,6,Market trader,Play Store search,1,0,0,0
U01070,5,Small business,Instagram ad,1,1,1,1
U01071,2,Market trader,Agent sign-up,1,1,1,1
U01072,3,Market trader,Referral,1,1,1,1
U01073,4,Salary earner,Agent sign-up,1,1,1,1
U01074,3,Market trader,Instagram ad,1,1,1,0
U01075,2,Student,Instagram ad,1,0,0,0
U01076,7,Salary earner,Referral,1,0,0,0
U01077,2,Market trader,Agent sign-up,1,1,1,1
U01078,4,Salary earner,Instagram ad,1,0,0,0
U01079,5,Small business,Play Store search,0,0,0,0
U01080,7,Market trader,Instagram ad,1,1,1,1
U01081,2,Market trader,Play Store search,1,1,1,1
U01082,1,Small business,Play Store search,1,1,1,0
U01083,4,Market trader,Referral,1,1,1,1
U01084,1,Student,Instagram ad,1,1,1,1
U01085,6,Small business,Play Store search,1,1,1,1
U01086,3,Salary earner,Instagram ad,1,0,0,0
U01087,7,Salary earner,Instagram ad,1,0,0,0
U01088,2,Market trader,Agent sign-up,1,1,1,0
U01089,4,Salary earner,Play Store search,0,0,0,0
U01090,5,Market trader,Agent sign-up,1,1,1,1
U01091,3,Small business,Referral,1,1,0,0
U01092,7,Salary earner,Instagram ad,1,1,0,0
U01093,1,Market trader,Agent sign-up,1,0,0,0
U01094,3,Small business,Agent sign-up,1,1,0,0
U01095,4,Salary earner,Referral,0,0,0,0
U01096,6,Salary earner,Play Store search,1,1,1,1
U01097,8,Salary earner,Referral,1,1,1,1
U01098,3,Salary earner,Referral,1,1,1,1
U01099,1,Market trader,Agent sign-up,1,1,1,1
U01100,8,Salary earner,Agent sign-up,1,1,0,0
U01101,6,Student,Agent sign-up,1,1,1,1
U01102,6,Salary earner,Instagram ad,1,1,1,1
U01103,7,Small business,Instagram ad,1,0,0,0
U01104,4,Market trader,Agent sign-up,0,0,0,0
U01105,6,Student,Play Store search,1,1,1,1
U01106,4,Salary earner,Instagram ad,1,1,1,0
U01107,5,Small business,Instagram ad,1,0,0,0
U01108,3,Market trader,Agent sign-up,1,1,1,1
U01109,5,Small business,Instagram ad,1,1,0,0
U01110,8,Market trader,Referral,1,1,0,0
U01111,6,Salary earner,Agent sign-up,1,1,1,1
U01112,3,Salary earner,Referral,1,1,1,1
U01113,2,Market trader,Agent sign-up,1,1,1,1
U01114,7,Salary earner,Referral,1,1,0,0
U01115,5,Salary earner,Play Store search,1,1,1,1
U01116,6,Small business,Play Store search,1,1,1,1
U01117,6,Student,Instagram ad,1,1,1,0
U01118,7,Market trader,Agent sign-up,1,1,1,1
U01119,1,Salary earner,Referral,1,1,0,0
U01120,4,Student,Referral,1,1,1,0
U01121,7,Student,Instagram ad,1,1,0,0
U01122,5,Student,Play Store search,1,1,1,1
U01123,8,Market trader,Agent sign-up,1,1,1,1
U01124,6,Small business,Referral,1,1,1,0
U01125,6,Market trader,Agent sign-up,1,1,0,0
U01126,7,Market trader,Agent sign-up,1,1,1,1
U01127,8,Market trader,Agent sign-up,1,1,0,0
U01128,8,Market trader,Agent sign-up,1,0,0,0
U01129,4,Student,Instagram ad,1,0,0,0
U01130,5,Student,Play Store search,1,0,0,0
U01131,7,Small business,Play Store search,1,1,1,1
U01132,7,Student,Referral,1,1,1,1
U01133,8,Salary earner,Agent sign-up,1,1,1,1
U01134,4,Market trader,Play Store search,1,0,0,0
U01135,4,Student,Instagram ad,1,0,0,0
U01136,7,Salary earner,Play Store search,1,1,1,1
U01137,7,Small business,Instagram ad,1,1,1,1
U01138,6,Market trader,Play Store search,1,1,1,1
U01139,6,Salary earner,Play Store search,0,0,0,0
U01140,3,Salary earner,Instagram ad,1,1,1,1
U01141,6,Student,Instagram ad,0,0,0,0
U01142,7,Salary earner,Referral,1,1,1,1
U01143,1,Salary earner,Referral,1,1,1,0
U01144,8,Student,Instagram ad,0,0,0,0
U01145,8,Market trader,Play Store search,1,1,1,1
U01146,7,Student,Agent sign-up,1,1,1,1
U01147,1,Student,Instagram ad,1,0,0,0
U01148,5,Small business,Play Store search,1,1,1,1
U01149,8,Salary earner,Instagram ad,1,1,1,1
U01150,8,Market trader,Referral,1,0,0,0
U01151,3,Small business,Referral,1,1,1,0
U01152,1,Market trader,Referral,1,0,0,0
U01153,1,Salary earner,Play Store search,0,0,0,0
U01154,2,Market trader,Agent sign-up,1,1,1,1
U01155,2,Student,Instagram ad,1,0,0,0
U01156,3,Market trader,Agent sign-up,1,1,1,1
U01157,2,Salary earner,Play Store search,1,1,1,1
U01158,1,Small business,Instagram ad,1,0,0,0
U01159,4,Student,Instagram ad,1,1,1,1
U01160,7,Salary earner,Instagram ad,1,1,1,1
U01161,4,Salary earner,Instagram ad,1,1,1,1
U01162,7,Salary earner,Referral,1,1,1,1
U01163,2,Salary earner,Referral,1,1,1,1
U01164,1,Salary earner,Instagram ad,1,1,1,1
U01165,4,Market trader,Referral,1,1,1,1
U01166,7,Market trader,Referral,1,0,0,0
U01167,6,Market trader,Agent sign-up,1,0,0,0
U01168,3,Student,Agent sign-up,1,1,1,1
U01169,5,Market trader,Agent sign-up,1,1,1,0
U01170,8,Student,Agent sign-up,1,1,1,1
U01171,5,Small business,Instagram ad,0,0,0,0
U01172,8,Small business,Play Store search,1,1,1,1
U01173,1,Market trader,Agent sign-up,1,1,1,1
U01174,3,Student,Play Store search,1,1,0,0
U01175,7,Small business,Instagram ad,1,0,0,0
U01176,1,Market trader,Referral,1,1,1,1
U01177,5,Market trader,Agent sign-up,1,1,1,1
U01178,3,Market trader,Agent sign-up,1,0,0,0
U01179,6,Salary earner,Agent sign-up,1,1,1,1
U01180,1,Market trader,Play Store search,1,0,0,0
U01181,4,Market trader,Agent sign-up,1,1,0,0
U01182,8,Market trader,Agent sign-up,0,0,0,0
U01183,7,Salary earner,Instagram ad,1,1,1,0
U01184,3,Market trader,Agent sign-up,0,0,0,0
U01185,5,Salary earner,Instagram ad,1,0,0,0
U01186,2,Salary earner,Play Store search,1,0,0,0
U01187,1,Student,Play Store search,1,0,0,0
U01188,6,Salary earner,Instagram ad,1,1,0,0
U01189,4,Small business,Agent sign-up,1,1,1,0
U01190,2,Market trader,Instagram ad,1,0,0,0
U01191,2,Salary earner,Agent sign-up,1,1,1,1
U01192,7,Salary earner,Referral,1,1,0,0
U01193,4,Small business,Play Store search,1,1,1,1
U01194,6,Student,Agent sign-up,1,1,1,1
U01195,3,Market trader,Referral,1,1,1,1
U01196,5,Salary earner,Play Store search,1,0,0,0
U01197,3,Market trader,Play Store search,1,1,1,1
U01198,5,Salary earner,Instagram ad,1,1,1,1
U01199,6,Student,Referral,1,1,1,1
U01200,7,Market trader,Play Store search,1,1,1,1
U01201,7,Student,Referral,1,1,1,1
U01202,1,Market trader,Agent sign-up,1,1,1,0
U01203,8,Market trader,Agent sign-up,1,0,0,0
U01204,8,Small business,Instagram ad,1,0,0,0
U01205,2,Market trader,Agent sign-up,1,0,0,0
U01206,8,Salary earner,Agent sign-up,1,1,1,0
U01207,3,Salary earner,Referral,1,1,1,1
U01208,2,Salary earner,Referral,1,1,1,1
U01209,8,Student,Play Store search,0,0,0,0
U01210,4,Student,Play Store search,1,1,1,1
U01211,6,Salary earner,Play Store search,1,1,0,0
U01212,1,Student,Instagram ad,1,1,0,0
U01213,4,Salary earner,Referral,1,1,1,1
U01214,5,Salary earner,Play Store search,1,0,0,0
U01215,4,Student,Instagram ad,1,0,0,0
U01216,1,Market trader,Agent sign-up,1,1,1,1
U01217,7,Student,Referral,1,0,0,0
U01218,4,Market trader,Referral,1,1,0,0
U01219,6,Student,Instagram ad,1,0,0,0
U01220,5,Salary earner,Instagram ad,1,1,0,0
U01221,5,Salary earner,Referral,1,1,0,0
U01222,7,Student,Referral,1,0,0,0
U01223,7,Student,Referral,1,1,0,0
U01224,6,Small business,Referral,1,1,0,0
U01225,2,Small business,Agent sign-up,1,1,0,0
U01226,2,Salary earner,Referral,1,1,1,0
U01227,3,Salary earner,Agent sign-up,1,1,1,1
U01228,2,Student,Instagram ad,1,0,0,0
U01229,7,Student,Instagram ad,1,1,1,1
U01230,6,Market trader,Instagram ad,1,0,0,0
U01231,6,Market trader,Instagram ad,1,0,0,0
U01232,1,Market trader,Referral,1,1,1,1
U01233,6,Market trader,Agent sign-up,1,1,1,1
U01234,8,Small business,Instagram ad,1,1,1,1
U01235,1,Salary earner,Instagram ad,1,1,1,0
U01236,2,Market trader,Agent sign-up,1,1,1,1
U01237,7,Student,Instagram ad,1,1,1,1
U01238,1,Student,Referral,1,1,1,0
U01239,3,Salary earner,Referral,1,1,1,1
U01240,3,Small business,Instagram ad,1,1,0,0
U01241,2,Market trader,Agent sign-up,1,1,1,1
U01242,1,Salary earner,Referral,1,1,1,1
U01243,8,Salary earner,Instagram ad,1,0,0,0
U01244,7,Student,Play Store search,1,1,1,1
U01245,2,Market trader,Agent sign-up,1,1,1,1
U01246,7,Student,Play Store search,1,1,1,0
U01247,3,Market trader,Agent sign-up,1,1,1,0
U01248,6,Market trader,Agent sign-up,1,1,1,1
U01249,7,Student,Referral,1,1,1,1
U01250,1,Salary earner,Instagram ad,1,1,1,1
U01251,4,Student,Referral,1,1,1,1
U01252,6,Market trader,Play Store search,0,0,0,0
U01253,8,Market trader,Play Store search,1,1,1,1
U01254,3,Salary earner,Play Store search,1,1,0,0
U01255,3,Student,Referral,1,1,1,1
U01256,5,Market trader,Referral,1,0,0,0
U01257,5,Market trader,Instagram ad,1,0,0,0
U01258,7,Salary earner,Play Store search,1,1,0,0
U01259,3,Student,Instagram ad,1,0,0,0
U01260,5,Small business,Instagram ad,1,1,1,1
U01261,1,Student,Instagram ad,1,1,1,1
U01262,2,Salary earner,Instagram ad,1,0,0,0
U01263,3,Market trader,Agent sign-up,1,0,0,0
U01264,6,Small business,Agent sign-up,1,0,0,0
U01265,7,Salary earner,Referral,1,1,1,1
U01266,8,Market trader,Referral,1,1,1,1
U01267,1,Student,Referral,1,1,1,1
U01268,3,Market trader,Agent sign-up,1,0,0,0
U01269,5,Salary earner,Play Store search,1,1,1,1
U01270,3,Student,Referral,0,0,0,0
U01271,6,Market trader,Agent sign-up,1,1,1,1
U01272,7,Small business,Referral,1,1,0,0
U01273,5,Market trader,Play Store search,1,1,1,1
U01274,2,Salary earner,Referral,1,1,1,1
U01275,3,Small business,Instagram ad,1,1,0,0
U01276,4,Small business,Play Store search,1,1,0,0
U01277,4,Market trader,Agent sign-up,1,1,1,1
U01278,8,Salary earner,Referral,1,1,1,1
U01279,5,Salary earner,Play Store search,1,1,0,0
U01280,5,Salary earner,Referral,1,1,1,1
U01281,5,Student,Instagram ad,1,0,0,0
U01282,1,Market trader,Play Store search,1,0,0,0
U01283,1,Market trader,Referral,1,1,1,1
U01284,3,Market trader,Agent sign-up,1,1,0,0
U01285,2,Market trader,Agent sign-up,1,0,0,0
U01286,5,Salary earner,Play Store search,1,1,0,0
U01287,1,Small business,Referral,1,1,1,1
U01288,2,Student,Referral,1,0,0,0
U01289,2,Student,Play Store search,1,1,1,0
U01290,7,Salary earner,Instagram ad,1,1,1,1
U01291,3,Small business,Instagram ad,1,1,0,0
U01292,5,Student,Referral,0,0,0,0
U01293,3,Market trader,Agent sign-up,1,1,1,1
U01294,5,Student,Referral,1,1,1,1
U01295,5,Salary earner,Instagram ad,1,1,1,1
U01296,5,Student,Referral,1,1,1,1
U01297,1,Market trader,Agent sign-up,1,1,1,1
U01298,4,Market trader,Agent sign-up,1,1,1,1
U01299,3,Salary earner,Referral,1,1,1,1
U01300,6,Small business,Play Store search,1,1,0,0
U01301,1,Student,Play Store search,1,0,0,0
U01302,1,Salary earner,Instagram ad,1,1,1,1
U01303,4,Small business,Referral,1,1,1,1
U01304,1,Market trader,Agent sign-up,1,1,1,0
U01305,1,Market trader,Agent sign-up,1,1,1,1
U01306,3,Salary earner,Agent sign-up,1,1,0,0
U01307,8,Salary earner,Instagram ad,0,0,0,0
U01308,3,Salary earner,Referral,1,1,1,0
U01309,5,Salary earner,Referral,1,1,0,0
U01310,7,Salary earner,Instagram ad,0,0,0,0
U01311,4,Market trader,Play Store search,1,0,0,0
U01312,1,Market trader,Agent sign-up,1,1,1,1
U01313,7,Market trader,Referral,1,0,0,0
U01314,5,Salary earner,Play Store search,1,1,1,1
U01315,4,Market trader,Play Store search,1,0,0,0
U01316,8,Small business,Instagram ad,1,1,1,1
U01317,4,Salary earner,Instagram ad,1,1,1,1
U01318,5,Salary earner,Agent sign-up,1,1,1,1
U01319,7,Salary earner,Referral,1,1,1,1
U01320,3,Market trader,Agent sign-up,1,0,0,0
U01321,6,Small business,Play Store search,1,1,1,1
U01322,4,Salary earner,Play Store search,0,0,0,0
U01323,6,Salary earner,Play Store search,1,1,1,1
U01324,6,Salary earner,Instagram ad,1,0,0,0
U01325,2,Salary earner,Referral,1,0,0,0
U01326,3,Market trader,Agent sign-up,1,1,1,1
U01327,4,Student,Play Store search,1,1,0,0
U01328,4,Small business,Agent sign-up,1,1,1,1
U01329,3,Small business,Agent sign-up,1,1,1,1
U01330,2,Student,Instagram ad,1,1,1,1
U01331,3,Market trader,Referral,1,1,1,0
U01332,4,Small business,Play Store search,1,0,0,0
U01333,6,Salary earner,Agent sign-up,1,1,1,1
U01334,5,Student,Play Store search,1,1,1,1
U01335,6,Market trader,Referral,1,0,0,0
U01336,3,Market trader,Referral,1,0,0,0
U01337,1,Student,Referral,1,1,1,1
U01338,4,Salary earner,Instagram ad,1,1,1,1
U01339,8,Student,Instagram ad,1,1,1,1
U01340,3,Market trader,Referral,1,0,0,0
U01341,2,Salary earner,Referral,1,1,1,1
U01342,2,Small business,Referral,1,1,1,1
U01343,4,Small business,Referral,1,0,0,0
U01344,1,Market trader,Referral,1,1,0,0
U01345,5,Market trader,Play Store search,1,0,0,0
U01346,8,Market trader,Agent sign-up,0,0,0,0
U01347,2,Market trader,Agent sign-up,0,0,0,0
U01348,5,Market trader,Referral,1,0,0,0
U01349,7,Salary earner,Referral,1,1,1,1
U01350,5,Market trader,Agent sign-up,1,1,1,1
U01351,4,Student,Play Store search,1,1,1,1
U01352,7,Market trader,Play Store search,1,1,1,1
U01353,1,Salary earner,Play Store search,1,1,1,1
U01354,3,Market trader,Instagram ad,1,0,0,0
U01355,6,Small business,Play Store search,1,1,1,0
U01356,1,Student,Play Store search,1,1,1,1
U01357,6,Student,Referral,1,0,0,0
U01358,7,Small business,Referral,1,0,0,0
U01359,6,Market trader,Play Store search,1,0,0,0
U01360,8,Student,Instagram ad,1,1,1,1
U01361,1,Student,Instagram ad,1,1,1,1
U01362,7,Salary earner,Instagram ad,1,1,1,1
U01363,3,Small business,Play Store search,1,1,1,1
U01364,7,Market trader,Referral,1,1,0,0
U01365,3,Student,Referral,1,1,1,1
U01366,8,Small business,Instagram ad,1,0,0,0
U01367,4,Salary earner,Referral,1,1,1,1
U01368,6,Salary earner,Referral,1,1,0,0
U01369,7,Small business,Referral,1,1,1,1
U01370,1,Small business,Instagram ad,1,0,0,0
U01371,1,Small business,Referral,1,1,0,0
U01372,2,Small business,Play Store search,1,0,0,0
U01373,6,Salary earner,Play Store search,1,0,0,0
U01374,8,Salary earner,Agent sign-up,0,0,0,0
U01375,6,Market trader,Play Store search,1,0,0,0
U01376,3,Student,Instagram ad,1,0,0,0
U01377,3,Market trader,Referral,1,1,1,0
U01378,1,Salary earner,Referral,1,1,1,1
U01379,2,Small business,Agent sign-up,1,1,0,0
U01380,7,Salary earner,Play Store search,1,1,0,0
U01381,2,Market trader,Agent sign-up,1,1,1,1
U01382,7,Student,Play Store search,1,1,1,1
U01383,8,Student,Agent sign-up,1,0,0,0
U01384,5,Market trader,Agent sign-up,1,0,0,0
U01385,7,Small business,Play Store search,1,0,0,0
U01386,3,Market trader,Referral,1,0,0,0
U01387,8,Market trader,Agent sign-up,1,1,1,1
U01388,2,Market trader,Play Store search,1,1,1,1
U01389,3,Salary earner,Play Store search,1,1,0,0
U01390,4,Salary earner,Play Store search,1,1,1,0
U01391,7,Market trader,Agent sign-up,1,0,0,0
U01392,6,Small business,Instagram ad,1,0,0,0
U01393,7,Market trader,Agent sign-up,1,0,0,0
U01394,7,Student,Referral,0,0,0,0
U01395,6,Student,Referral,1,1,1,1
U01396,7,Salary earner,Referral,1,1,0,0
U01397,8,Salary earner,Instagram ad,1,1,0,0
U01398,8,Small business,Instagram ad,1,0,0,0
U01399,7,Market trader,Agent sign-up,1,1,1,1
U01400,4,Small business,Instagram ad,1,1,1,0
U01401,5,Market trader,Play Store search,1,0,0,0
U01402,7,Salary earner,Instagram ad,1,0,0,0
U01403,3,Small business,Play Store search,1,0,0,0
U01404,8,Salary earner,Play Store search,0,0,0,0
U01405,2,Small business,Instagram ad,1,1,1,1
U01406,6,Salary earner,Referral,1,1,1,1
U01407,1,Salary earner,Instagram ad,0,0,0,0
U01408,7,Market trader,Agent sign-up,1,0,0,0
U01409,8,Salary earner,Agent sign-up,1,1,0,0
U01410,8,Salary earner,Instagram ad,1,1,1,1
U01411,4,Market trader,Play Store search,1,0,0,0
U01412,3,Market trader,Instagram ad,1,0,0,0
U01413,6,Market trader,Agent sign-up,1,0,0,0
U01414,2,Small business,Referral,1,1,0,0
U01415,7,Salary earner,Agent sign-up,1,1,1,0
U01416,3,Student,Instagram ad,1,0,0,0
U01417,3,Market trader,Agent sign-up,1,1,1,0
U01418,5,Market trader,Play Store search,1,1,0,0
U01419,3,Salary earner,Referral,1,0,0,0
U01420,7,Market trader,Referral,1,1,1,1
U01421,1,Salary earner,Instagram ad,1,0,0,0
U01422,6,Market trader,Referral,1,1,1,0
U01423,5,Student,Play Store search,1,1,1,1
U01424,8,Salary earner,Instagram ad,1,1,1,0
U01425,4,Market trader,Agent sign-up,1,1,1,1
U01426,4,Market trader,Play Store search,1,1,1,0
U01427,5,Salary earner,Instagram ad,1,1,0,0
U01428,6,Market trader,Play Store search,1,0,0,0
U01429,6,Student,Instagram ad,1,1,1,0
U01430,5,Student,Referral,1,1,1,1
U01431,3,Market trader,Agent sign-up,1,0,0,0
U01432,5,Market trader,Agent sign-up,1,1,1,1
U01433,1,Salary earner,Instagram ad,1,1,1,1
U01434,5,Salary earner,Instagram ad,1,1,1,1
U01435,4,Salary earner,Referral,1,0,0,0
U01436,5,Salary earner,Referral,1,1,0,0
U01437,6,Market trader,Agent sign-up,1,1,1,1
U01438,5,Market trader,Play Store search,1,0,0,0
U01439,4,Small business,Referral,0,0,0,0
U01440,8,Market trader,Instagram ad,0,0,0,0
U01441,1,Salary earner,Play Store search,1,1,1,1
U01442,2,Salary earner,Agent sign-up,1,1,1,0
U01443,5,Market trader,Agent sign-up,1,1,1,1
U01444,5,Small business,Instagram ad,1,1,0,0
U01445,5,Salary earner,Instagram ad,1,1,1,1
U01446,6,Market trader,Agent sign-up,1,0,0,0
U01447,3,Salary earner,Play Store search,1,1,0,0
U01448,5,Market trader,Play Store search,1,0,0,0
U01449,2,Student,Instagram ad,1,0,0,0
U01450,6,Salary earner,Instagram ad,1,1,1,1
U01451,1,Salary earner,Agent sign-up,1,1,1,1
U01452,1,Market trader,Agent sign-up,1,1,1,1
U01453,7,Market trader,Agent sign-up,1,1,1,1
U01454,3,Salary earner,Agent sign-up,1,1,1,1
U01455,1,Student,Agent sign-up,1,1,1,1
U01456,7,Small business,Play Store search,1,1,1,1
U01457,1,Small business,Play Store search,1,1,1,1
U01458,1,Market trader,Play Store search,1,0,0,0
U01459,4,Market trader,Agent sign-up,1,1,1,1
U01460,5,Market trader,Play Store search,1,0,0,0
U01461,8,Salary earner,Instagram ad,1,1,1,1
U01462,5,Student,Referral,0,0,0,0
U01463,2,Market trader,Agent sign-up,1,1,1,1
U01464,7,Small business,Referral,1,1,0,0
U01465,3,Salary earner,Play Store search,1,0,0,0
U01466,3,Market trader,Referral,0,0,0,0
U01467,4,Salary earner,Play Store search,1,1,1,1
U01468,4,Salary earner,Instagram ad,1,1,1,1
U01469,2,Small business,Agent sign-up,1,1,1,1
U01470,4,Salary earner,Referral,1,1,1,1
U01471,1,Market trader,Instagram ad,1,1,0,0
U01472,3,Salary earner,Play Store search,1,1,1,1
U01473,6,Student,Referral,1,0,0,0
U01474,3,Student,Agent sign-up,0,0,0,0
U01475,4,Student,Referral,1,1,1,1
U01476,1,Salary earner,Referral,1,0,0,0
U01477,8,Market trader,Play Store search,1,0,0,0
U01478,5,Student,Instagram ad,1,0,0,0
U01479,6,Student,Referral,1,1,1,1
U01480,4,Salary earner,Play Store search,1,1,1,1
U01481,4,Small business,Agent sign-up,1,1,1,1
U01482,8,Small business,Instagram ad,0,0,0,0
U01483,7,Market trader,Agent sign-up,1,1,1,1
U01484,5,Market trader,Play Store search,1,1,1,1
U01485,5,Salary earner,Agent sign-up,1,1,1,1
U01486,6,Salary earner,Referral,1,1,1,1
U01487,1,Salary earner,Play Store search,1,1,1,1
U01488,1,Student,Agent sign-up,1,1,1,1
U01489,7,Salary earner,Instagram ad,1,1,1,1
U01490,3,Student,Referral,1,1,1,1
U01491,6,Salary earner,Instagram ad,1,1,1,1
U01492,4,Market trader,Agent sign-up,1,1,1,1
U01493,5,Salary earner,Instagram ad,1,0,0,0
U01494,1,Salary earner,Instagram ad,1,1,1,1
U01495,3,Market trader,Agent sign-up,1,0,0,0
U01496,5,Market trader,Agent sign-up,1,1,0,0
U01497,3,Salary earner,Referral,1,1,1,1
U01498,3,Student,Referral,1,1,1,1
U01499,5,Student,Play Store search,1,0,0,0
U01500,2,Small business,Instagram ad,1,1,1,1
U01501,4,Market trader,Play Store search,1,1,1,1
U01502,8,Small business,Play Store search,1,1,1,1
U01503,3,Market trader,Agent sign-up,1,0,0,0
U01504,1,Market trader,Referral,1,1,1,1
U01505,3,Market trader,Play Store search,1,0,0,0
U01506,4,Market trader,Agent sign-up,1,1,1,1
U01507,3,Student,Play Store search,1,1,1,1
U01508,3,Student,Instagram ad,1,0,0,0
U01509,7,Student,Play Store search,1,0,0,0
U01510,8,Salary earner,Referral,0,0,0,0
U01511,6,Student,Instagram ad,0,0,0,0
U01512,1,Student,Instagram ad,1,1,1,1
U01513,3,Salary earner,Instagram ad,1,1,1,0
U01514,4,Student,Referral,1,1,0,0
U01515,7,Market trader,Play Store search,1,0,0,0
U01516,3,Salary earner,Referral,1,0,0,0
U01517,1,Salary earner,Referral,1,1,1,0
U01518,4,Small business,Agent sign-up,1,1,1,1
U01519,1,Market trader,Agent sign-up,1,1,1,1
U01520,4,Salary earner,Referral,1,1,0,0
U01521,8,Market trader,Agent sign-up,1,1,1,1
U01522,1,Small business,Play Store search,1,1,1,1
U01523,3,Market trader,Referral,1,1,0,0
U01524,6,Market trader,Play Store search,1,0,0,0
U01525,4,Salary earner,Instagram ad,1,1,1,0
U01526,5,Market trader,Play Store search,1,1,1,1
U01527,7,Small business,Instagram ad,0,0,0,0
U01528,2,Student,Instagram ad,1,1,1,1
U01529,1,Market trader,Referral,1,0,0,0
U01530,3,Salary earner,Agent sign-up,1,1,1,1
U01531,2,Student,Instagram ad,1,1,0,0
U01532,5,Market trader,Play Store search,1,1,0,0
U01533,6,Market trader,Referral,1,1,1,1
U01534,5,Student,Instagram ad,1,0,0,0
U01535,6,Market trader,Agent sign-up,0,0,0,0
U01536,7,Market trader,Play Store search,1,1,1,0
U01537,2,Salary earner,Play Store search,1,1,1,1
U01538,2,Small business,Instagram ad,1,1,0,0
U01539,6,Salary earner,Instagram ad,1,1,1,0
U01540,4,Market trader,Agent sign-up,1,0,0,0
U01541,1,Small business,Instagram ad,1,1,0,0
U01542,6,Market trader,Agent sign-up,1,1,1,1
U01543,2,Small business,Play Store search,1,1,0,0
U01544,3,Salary earner,Referral,0,0,0,0
U01545,1,Student,Play Store search,1,1,1,1
U01546,3,Market trader,Referral,1,1,1,0
U01547,5,Market trader,Play Store search,1,0,0,0
U01548,3,Market trader,Agent sign-up,1,0,0,0
U01549,1,Student,Referral,1,1,1,1
U01550,6,Market trader,Agent sign-up,1,0,0,0
U01551,1,Student,Instagram ad,1,1,0,0
U01552,4,Market trader,Instagram ad,1,1,0,0
U01553,5,Salary earner,Referral,1,1,1,0
U01554,6,Small business,Instagram ad,1,1,1,1
U01555,1,Salary earner,Agent sign-up,1,1,0,0
U01556,2,Market trader,Referral,1,0,0,0
U01557,4,Small business,Referral,1,1,1,1
U01558,2,Market trader,Play Store search,1,1,1,1
U01559,2,Market trader,Play Store search,1,1,1,1
U01560,6,Salary earner,Play Store search,1,1,1,1
U01561,5,Market trader,Agent sign-up,1,1,1,1
U01562,6,Salary earner,Referral,1,1,1,1
U01563,8,Market trader,Agent sign-up,1,1,1,1
U01564,4,Salary earner,Referral,1,1,1,1
U01565,1,Market trader,Instagram ad,1,1,1,1
U01566,4,Market trader,Agent sign-up,0,0,0,0
U01567,3,Student,Play Store search,1,0,0,0
U01568,6,Salary earner,Referral,1,1,1,0
U01569,1,Market trader,Referral,1,0,0,0
U01570,3,Market trader,Agent sign-up,1,0,0,0
U01571,6,Salary earner,Referral,1,1,1,1
U01572,2,Market trader,Agent sign-up,1,1,1,1
U01573,3,Market trader,Instagram ad,1,0,0,0
U01574,7,Market trader,Referral,0,0,0,0
U01575,8,Market trader,Agent sign-up,1,1,0,0
U01576,7,Salary earner,Referral,1,1,1,1
U01577,5,Salary earner,Instagram ad,1,1,1,0
U01578,3,Small business,Instagram ad,1,1,0,0
U01579,6,Student,Referral,1,1,1,1
U01580,1,Small business,Play Store search,1,0,0,0
U01581,8,Market trader,Agent sign-up,1,0,0,0
U01582,7,Market trader,Agent sign-up,1,0,0,0
U01583,2,Student,Instagram ad,1,1,1,0
U01584,8,Market trader,Referral,1,1,1,1
U01585,8,Market trader,Instagram ad,1,0,0,0
U01586,7,Market trader,Referral,1,1,1,1
U01587,1,Salary earner,Referral,0,0,0,0
U01588,3,Small business,Instagram ad,1,1,1,0
U01589,5,Salary earner,Instagram ad,1,0,0,0
U01590,1,Market trader,Play Store search,1,0,0,0
U01591,7,Market trader,Agent sign-up,1,0,0,0
U01592,8,Small business,Play Store search,1,1,1,1
U01593,3,Market trader,Agent sign-up,0,0,0,0
U01594,1,Salary earner,Play Store search,1,1,1,1
U01595,3,Market trader,Play Store search,1,1,1,0
U01596,5,Salary earner,Referral,1,1,1,1
U01597,5,Market trader,Play Store search,1,0,0,0
U01598,6,Salary earner,Referral,1,1,1,1
U01599,2,Market trader,Play Store search,1,0,0,0
U01600,7,Salary earner,Agent sign-up,1,1,1,1
U01601,1,Salary earner,Play Store search,1,1,1,1
U01602,4,Salary earner,Play Store search,1,0,0,0
U01603,6,Market trader,Agent sign-up,1,1,1,0
U01604,8,Salary earner,Instagram ad,1,1,1,1
U01605,3,Student,Instagram ad,0,0,0,0
U01606,4,Salary earner,Play Store search,0,0,0,0
U01607,5,Small business,Instagram ad,1,0,0,0
U01608,8,Salary earner,Referral,1,1,0,0
U01609,1,Student,Agent sign-up,1,0,0,0
U01610,7,Market trader,Agent sign-up,1,1,1,1
U01611,7,Salary earner,Instagram ad,0,0,0,0
U01612,3,Small business,Instagram ad,1,0,0,0
U01613,4,Market trader,Agent sign-up,1,1,1,0
U01614,5,Market trader,Agent sign-up,1,1,1,1
U01615,8,Market trader,Agent sign-up,1,1,1,1
U01616,4,Small business,Instagram ad,1,1,1,1
U01617,6,Market trader,Instagram ad,1,1,1,1
U01618,1,Salary earner,Referral,1,1,1,1
U01619,8,Market trader,Agent sign-up,1,1,1,1
U01620,5,Market trader,Agent sign-up,1,1,1,0
U01621,1,Small business,Referral,1,1,0,0
U01622,1,Student,Instagram ad,1,0,0,0
U01623,6,Salary earner,Instagram ad,1,1,1,1
U01624,2,Salary earner,Referral,1,1,1,1
U01625,4,Salary earner,Instagram ad,1,0,0,0
U01626,1,Student,Play Store search,1,1,1,0
U01627,1,Salary earner,Referral,1,1,1,1
U01628,4,Salary earner,Play Store search,1,0,0,0
U01629,1,Market trader,Instagram ad,1,0,0,0
U01630,6,Market trader,Agent sign-up,1,0,0,0
U01631,7,Student,Play Store search,1,0,0,0
U01632,6,Market trader,Agent sign-up,1,1,1,1
U01633,2,Salary earner,Instagram ad,1,1,1,1
U01634,7,Student,Instagram ad,1,0,0,0
U01635,4,Student,Agent sign-up,1,1,1,1
U01636,3,Salary earner,Play Store search,1,1,1,0
U01637,7,Salary earner,Play Store search,1,1,1,1
U01638,7,Salary earner,Instagram ad,1,1,1,1
U01639,2,Market trader,Referral,1,1,0,0
U01640,1,Market trader,Agent sign-up,1,1,1,1
U01641,6,Market trader,Agent sign-up,1,1,1,1
U01642,5,Market trader,Agent sign-up,1,0,0,0
U01643,5,Salary earner,Referral,1,1,1,1
U01644,4,Salary earner,Agent sign-up,1,1,1,1
U01645,6,Salary earner,Instagram ad,1,1,1,1
U01646,7,Market trader,Play Store search,1,1,1,1
U01647,6,Salary earner,Referral,1,1,1,1
U01648,4,Salary earner,Referral,0,0,0,0
U01649,4,Market trader,Referral,1,0,0,0
U01650,1,Small business,Referral,1,1,1,1
U01651,3,Market trader,Play Store search,1,0,0,0
U01652,8,Salary earner,Instagram ad,1,1,0,0
U01653,8,Small business,Referral,1,1,1,0
U01654,3,Market trader,Referral,0,0,0,0
U01655,2,Market trader,Referral,1,0,0,0
U01656,6,Market trader,Agent sign-up,1,1,1,1
U01657,1,Salary earner,Agent sign-up,1,1,0,0
U01658,5,Salary earner,Play Store search,1,0,0,0
U01659,5,Salary earner,Play Store search,1,0,0,0
U01660,7,Student,Instagram ad,1,1,1,1
U01661,3,Salary earner,Referral,1,1,1,1
U01662,7,Market trader,Referral,1,1,1,1
U01663,3,Small business,Instagram ad,1,0,0,0
U01664,3,Market trader,Play Store search,1,0,0,0
U01665,8,Student,Instagram ad,1,1,1,1
U01666,2,Small business,Referral,1,1,0,0
U01667,4,Salary earner,Play Store search,0,0,0,0
U01668,3,Student,Referral,1,1,1,1
U01669,4,Salary earner,Referral,1,1,1,1
U01670,2,Market trader,Agent sign-up,1,1,0,0
U01671,3,Salary earner,Agent sign-up,1,0,0,0
U01672,6,Student,Play Store search,1,0,0,0
U01673,5,Small business,Instagram ad,1,1,1,1
U01674,7,Salary earner,Instagram ad,1,0,0,0
U01675,3,Student,Instagram ad,1,0,0,0
U01676,3,Salary earner,Instagram ad,1,1,1,1
U01677,1,Small business,Agent sign-up,1,1,1,0
U01678,6,Market trader,Agent sign-up,1,1,0,0
U01679,4,Salary earner,Referral,1,1,1,1
U01680,4,Salary earner,Referral,1,1,1,1
U01681,6,Small business,Referral,1,1,1,1
U01682,3,Small business,Agent sign-up,1,1,1,1
U01683,3,Salary earner,Play Store search,1,1,1,1
U01684,2,Student,Referral,1,0,0,0
U01685,4,Salary earner,Instagram ad,1,0,0,0
U01686,8,Student,Play Store search,1,0,0,0
U01687,3,Salary earner,Referral,1,1,1,1
U01688,1,Market trader,Agent sign-up,1,0,0,0
U01689,6,Market trader,Instagram ad,1,1,1,1
U01690,7,Student,Instagram ad,1,0,0,0
U01691,6,Market trader,Agent sign-up,1,1,1,0
U01692,2,Small business,Instagram ad,1,1,1,1
U01693,7,Student,Agent sign-up,1,0,0,0
U01694,1,Student,Referral,1,0,0,0
U01695,4,Small business,Play Store search,1,1,1,1
U01696,8,Small business,Play Store search,1,1,1,1
U01697,3,Salary earner,Play Store search,0,0,0,0
U01698,2,Small business,Play Store search,0,0,0,0
U01699,2,Student,Instagram ad,1,1,1,1
U01700,4,Market trader,Play Store search,0,0,0,0
U01701,7,Salary earner,Instagram ad,1,0,0,0
U01702,2,Market trader,Referral,1,0,0,0
U01703,6,Salary earner,Referral,1,1,1,1
U01704,4,Salary earner,Instagram ad,1,1,1,1
U01705,8,Salary earner,Play Store search,1,1,1,1
U01706,4,Salary earner,Play Store search,1,0,0,0
U01707,5,Salary earner,Referral,1,0,0,0
U01708,3,Market trader,Instagram ad,0,0,0,0
U01709,1,Salary earner,Instagram ad,1,1,1,1
U01710,2,Market trader,Play Store search,1,0,0,0
U01711,2,Salary earner,Play Store search,1,1,0,0
U01712,2,Salary earner,Instagram ad,1,1,1,1
U01713,7,Student,Instagram ad,1,0,0,0
U01714,8,Market trader,Referral,1,0,0,0
U01715,1,Salary earner,Instagram ad,1,1,1,0
U01716,7,Salary earner,Agent sign-up,1,1,1,1
U01717,1,Salary earner,Instagram ad,1,1,1,1
U01718,2,Small business,Referral,1,1,1,1
U01719,1,Salary earner,Referral,1,1,1,1
U01720,6,Student,Instagram ad,1,0,0,0
U01721,7,Salary earner,Referral,1,1,1,1
U01722,6,Salary earner,Agent sign-up,1,1,1,1
U01723,1,Small business,Instagram ad,1,0,0,0
U01724,5,Salary earner,Referral,1,1,1,1
U01725,7,Salary earner,Agent sign-up,1,1,1,1
U01726,6,Salary earner,Instagram ad,1,1,1,1
U01727,3,Salary earner,Instagram ad,1,1,1,0
U01728,8,Salary earner,Instagram ad,1,1,1,1
U01729,8,Market trader,Referral,1,0,0,0
U01730,2,Salary earner,Agent sign-up,1,1,1,1
U01731,5,Salary earner,Referral,1,1,0,0
U01732,5,Student,Referral,0,0,0,0
U01733,5,Salary earner,Instagram ad,1,1,1,1
U01734,4,Salary earner,Instagram ad,1,1,1,1
U01735,2,Market trader,Agent sign-up,1,1,1,1
U01736,1,Small business,Play Store search,1,1,0,0
U01737,8,Market trader,Agent sign-up,1,1,1,1
U01738,6,Salary earner,Instagram ad,1,1,1,1
U01739,4,Salary earner,Agent sign-up,1,1,0,0
U01740,6,Student,Referral,0,0,0,0
U01741,1,Market trader,Play Store search,1,0,0,0
U01742,3,Small business,Referral,1,0,0,0
U01743,5,Market trader,Play Store search,1,1,1,1
U01744,3,Student,Play Store search,1,1,1,1
U01745,6,Small business,Instagram ad,1,1,1,1
U01746,7,Market trader,Referral,1,1,1,1
U01747,8,Salary earner,Referral,1,0,0,0
U01748,8,Salary earner,Referral,1,0,0,0
U01749,5,Market trader,Play Store search,1,1,1,1
U01750,3,Market trader,Referral,1,1,1,1
U01751,3,Salary earner,Referral,1,1,0,0
U01752,1,Market trader,Play Store search,1,1,1,1
U01753,1,Market trader,Agent sign-up,1,1,1,1
U01754,5,Salary earner,Referral,1,1,1,0
U01755,3,Market trader,Referral,1,1,1,1
U01756,7,Market trader,Agent sign-up,1,0,0,0
U01757,5,Market trader,Agent sign-up,1,1,1,1
U01758,7,Student,Instagram ad,1,1,1,1
U01759,4,Salary earner,Play Store search,1,1,1,1
U01760,1,Market trader,Referral,1,1,0,0
U01761,8,Salary earner,Instagram ad,1,1,1,1
U01762,2,Salary earner,Referral,0,0,0,0
U01763,4,Market trader,Agent sign-up,1,1,1,1
U01764,2,Salary earner,Play Store search,1,1,1,1
U01765,1,Market trader,Agent sign-up,1,1,0,0
U01766,5,Salary earner,Referral,1,1,1,1
U01767,6,Salary earner,Instagram ad,1,1,1,1
U01768,3,Salary earner,Referral,0,0,0,0
U01769,8,Student,Referral,1,0,0,0
U01770,1,Market trader,Agent sign-up,1,1,1,1
U01771,7,Salary earner,Referral,1,1,1,1
U01772,3,Market trader,Referral,0,0,0,0
U01773,1,Market trader,Play Store search,1,0,0,0
U01774,5,Salary earner,Play Store search,1,0,0,0
U01775,2,Student,Instagram ad,1,1,1,0
U01776,7,Market trader,Referral,1,0,0,0
U01777,4,Market trader,Agent sign-up,1,1,1,1
U01778,6,Small business,Referral,1,1,1,1
U01779,8,Market trader,Agent sign-up,1,1,0,0
U01780,5,Salary earner,Agent sign-up,1,1,1,1
U01781,2,Small business,Instagram ad,1,1,1,1
U01782,7,Market trader,Referral,1,1,0,0
U01783,4,Salary earner,Instagram ad,1,1,1,0
U01784,4,Salary earner,Play Store search,1,1,1,0
U01785,4,Student,Referral,1,1,1,1
U01786,7,Student,Instagram ad,1,0,0,0
U01787,1,Salary earner,Play Store search,1,1,1,1
U01788,1,Market trader,Agent sign-up,0,0,0,0
U01789,8,Market trader,Agent sign-up,1,1,1,1
U01790,7,Salary earner,Instagram ad,1,1,0,0
U01791,3,Market trader,Referral,1,1,1,1
U01792,6,Small business,Instagram ad,1,1,0,0
U01793,8,Market trader,Agent sign-up,1,0,0,0
U01794,5,Salary earner,Instagram ad,1,0,0,0
U01795,2,Student,Referral,1,0,0,0
U01796,5,Market trader,Agent sign-up,1,0,0,0
U01797,6,Small business,Play Store search,1,1,0,0
U01798,6,Market trader,Agent sign-up,1,1,1,1
U01799,1,Student,Agent sign-up,1,1,1,1
U01800,7,Student,Instagram ad,1,1,1,1
U01801,5,Market trader,Agent sign-up,0,0,0,0
U01802,6,Market trader,Play Store search,1,1,1,1
U01803,4,Market trader,Instagram ad,0,0,0,0
U01804,1,Salary earner,Instagram ad,1,1,1,1
U01805,6,Student,Instagram ad,1,1,1,1
U01806,8,Market trader,Agent sign-up,1,1,1,1
U01807,2,Salary earner,Instagram ad,1,1,1,1
U01808,7,Small business,Play Store search,1,1,1,1
U01809,8,Market trader,Agent sign-up,1,0,0,0
U01810,7,Small business,Instagram ad,1,0,0,0
U01811,3,Small business,Referral,1,1,0,0
U01812,1,Market trader,Play Store search,1,1,1,1
U01813,6,Market trader,Play Store search,1,1,1,1
U01814,5,Student,Instagram ad,0,0,0,0
U01815,6,Small business,Referral,1,1,1,1
U01816,3,Salary earner,Instagram ad,1,1,1,1
U01817,8,Student,Instagram ad,1,1,1,1
U01818,5,Small business,Instagram ad,0,0,0,0
U01819,2,Small business,Instagram ad,1,1,1,1
U01820,8,Salary earner,Play Store search,1,0,0,0
U01821,1,Market trader,Agent sign-up,0,0,0,0
U01822,1,Small business,Referral,1,1,1,1
U01823,3,Market trader,Referral,1,1,1,1
U01824,5,Student,Instagram ad,1,1,1,1
U01825,7,Salary earner,Agent sign-up,1,1,1,1
U01826,7,Salary earner,Agent sign-up,1,1,1,1
U01827,5,Small business,Referral,1,1,1,1
U01828,6,Market trader,Agent sign-up,1,1,0,0
U01829,3,Salary earner,Referral,1,1,1,1
U01830,7,Student,Referral,0,0,0,0
U01831,7,Market trader,Instagram ad,1,0,0,0
U01832,1,Student,Play Store search,1,0,0,0
U01833,5,Salary earner,Instagram ad,1,1,1,0
U01834,2,Student,Play Store search,1,1,0,0
U01835,6,Market trader,Referral,1,1,1,1
U01836,6,Salary earner,Instagram ad,1,1,0,0
U01837,6,Market trader,Agent sign-up,1,1,1,1
U01838,4,Market trader,Referral,1,0,0,0
U01839,5,Salary earner,Referral,1,1,0,0
U01840,1,Student,Instagram ad,1,0,0,0
U01841,3,Market trader,Instagram ad,1,0,0,0
U01842,4,Market trader,Instagram ad,1,1,0,0
U01843,5,Market trader,Agent sign-up,1,0,0,0
U01844,5,Salary earner,Play Store search,1,0,0,0
U01845,5,Small business,Instagram ad,1,1,1,1
U01846,1,Salary earner,Instagram ad,1,0,0,0
U01847,1,Market trader,Instagram ad,1,0,0,0
U01848,5,Salary earner,Instagram ad,1,1,1,1
U01849,3,Market trader,Agent sign-up,1,0,0,0
U01850,4,Market trader,Referral,1,1,1,1
U01851,2,Student,Play Store search,1,0,0,0
U01852,1,Small business,Instagram ad,1,1,1,1
U01853,2,Market trader,Agent sign-up,1,1,1,0
U01854,8,Market trader,Agent sign-up,1,1,1,1
U01855,2,Student,Play Store search,1,0,0,0
U01856,2,Market trader,Agent sign-up,0,0,0,0
U01857,7,Student,Instagram ad,1,0,0,0
U01858,4,Market trader,Agent sign-up,1,1,0,0
U01859,7,Market trader,Play Store search,1,0,0,0
U01860,5,Market trader,Agent sign-up,1,1,0,0
U01861,4,Market trader,Play Store search,0,0,0,0
U01862,6,Small business,Play Store search,1,0,0,0
U01863,6,Market trader,Referral,1,1,1,1
U01864,7,Salary earner,Play Store search,1,1,1,0
U01865,4,Small business,Referral,1,1,1,1
U01866,8,Student,Instagram ad,1,0,0,0
U01867,8,Salary earner,Play Store search,1,1,1,1
U01868,6,Salary earner,Instagram ad,1,0,0,0
U01869,6,Salary earner,Referral,1,1,1,1
U01870,1,Salary earner,Instagram ad,1,0,0,0
U01871,4,Small business,Referral,1,1,0,0
U01872,8,Market trader,Agent sign-up,0,0,0,0
U01873,4,Salary earner,Play Store search,1,1,0,0
U01874,2,Market trader,Agent sign-up,1,1,1,0
U01875,8,Small business,Play Store search,1,1,0,0
U01876,6,Market trader,Referral,1,1,1,1
U01877,3,Market trader,Agent sign-up,1,1,1,0
U01878,8,Salary earner,Instagram ad,1,0,0,0
U01879,4,Market trader,Agent sign-up,1,0,0,0
U01880,1,Small business,Agent sign-up,1,1,1,1
U01881,6,Market trader,Referral,1,1,1,1
U01882,6,Salary earner,Play Store search,1,1,1,1
U01883,1,Salary earner,Referral,1,1,1,1
U01884,8,Student,Instagram ad,1,1,1,1
U01885,7,Market trader,Agent sign-up,1,0,0,0
U01886,1,Student,Instagram ad,1,0,0,0
U01887,3,Market trader,Referral,1,0,0,0
U01888,3,Salary earner,Instagram ad,1,1,1,1
U01889,4,Student,Referral,1,1,1,0
U01890,2,Salary earner,Play Store search,1,1,1,1
U01891,2,Market trader,Agent sign-up,1,0,0,0
U01892,3,Market trader,Agent sign-up,1,0,0,0
U01893,3,Small business,Instagram ad,1,1,1,1
U01894,8,Salary earner,Agent sign-up,1,1,1,1
U01895,2,Market trader,Referral,1,1,0,0
U01896,7,Market trader,Agent sign-up,1,1,1,1
U01897,4,Market trader,Agent sign-up,1,0,0,0
U01898,8,Market trader,Play Store search,1,0,0,0
U01899,6,Salary earner,Referral,1,1,0,0
U01900,4,Student,Play Store search,1,1,1,1
U01901,8,Student,Agent sign-up,1,1,1,1
U01902,5,Small business,Instagram ad,1,1,1,1
U01903,4,Salary earner,Play Store search,1,0,0,0
U01904,5,Market trader,Play Store search,1,0,0,0
U01905,3,Market trader,Referral,1,1,1,1
U01906,2,Student,Instagram ad,1,1,1,1
U01907,7,Small business,Referral,0,0,0,0
U01908,3,Student,Instagram ad,1,0,0,0
U01909,6,Salary earner,Instagram ad,1,1,0,0
U01910,7,Student,Referral,1,1,1,1
U01911,8,Salary earner,Referral,1,1,1,1
U01912,8,Salary earner,Referral,1,1,1,0
U01913,8,Market trader,Agent sign-up,0,0,0,0
U01914,1,Salary earner,Referral,1,1,1,1
U01915,1,Salary earner,Instagram ad,1,1,1,1
U01916,7,Student,Play Store search,0,0,0,0
U01917,5,Student,Instagram ad,0,0,0,0
U01918,2,Salary earner,Instagram ad,1,1,1,1
U01919,8,Salary earner,Referral,0,0,0,0
U01920,7,Market trader,Play Store search,0,0,0,0
U01921,3,Market trader,Referral,1,0,0,0
U01922,1,Small business,Referral,1,1,1,1
U01923,6,Salary earner,Instagram ad,1,0,0,0
U01924,2,Student,Referral,1,1,1,1
U01925,2,Market trader,Agent sign-up,1,1,0,0
U01926,6,Salary earner,Referral,1,1,1,1
U01927,7,Salary earner,Play Store search,0,0,0,0
U01928,3,Small business,Referral,1,1,0,0
U01929,7,Market trader,Play Store search,1,0,0,0
U01930,5,Small business,Instagram ad,1,1,1,1
U01931,3,Salary earner,Instagram ad,1,0,0,0
U01932,1,Student,Instagram ad,1,1,1,1
U01933,8,Small business,Instagram ad,1,1,1,1
U01934,8,Student,Play Store search,1,0,0,0
U01935,2,Student,Play Store search,1,1,0,0
U01936,7,Small business,Agent sign-up,1,1,1,1
U01937,2,Small business,Referral,1,0,0,0
U01938,2,Market trader,Agent sign-up,1,1,1,1
U01939,3,Salary earner,Play Store search,1,0,0,0
U01940,7,Student,Instagram ad,1,0,0,0
U01941,3,Small business,Referral,1,1,1,0
U01942,7,Student,Play Store search,1,0,0,0
U01943,1,Small business,Referral,1,1,1,1
U01944,8,Market trader,Agent sign-up,1,1,1,0
U01945,6,Small business,Instagram ad,1,1,1,0
U01946,4,Market trader,Agent sign-up,1,0,0,0
U01947,5,Small business,Play Store search,1,1,1,0
U01948,2,Market trader,Instagram ad,1,0,0,0
U01949,3,Market trader,Play Store search,1,0,0,0
U01950,1,Market trader,Instagram ad,1,0,0,0
U01951,5,Salary earner,Agent sign-up,1,1,1,1
U01952,4,Market trader,Play Store search,1,0,0,0
U01953,2,Small business,Play Store search,1,1,1,1
U01954,3,Market trader,Agent sign-up,1,0,0,0
U01955,4,Market trader,Agent sign-up,1,1,1,1
U01956,3,Student,Referral,1,1,1,1
U01957,5,Small business,Referral,1,0,0,0
U01958,3,Small business,Play Store search,1,0,0,0
U01959,5,Salary earner,Instagram ad,1,0,0,0
U01960,2,Market trader,Play Store search,1,0,0,0
U01961,8,Salary earner,Play Store search,1,1,1,1
U01962,4,Market trader,Agent sign-up,1,1,1,0
U01963,7,Small business,Instagram ad,1,1,1,1
U01964,3,Market trader,Agent sign-up,1,1,1,1
U01965,6,Student,Agent sign-up,1,1,1,1
U01966,4,Student,Instagram ad,1,0,0,0
U01967,8,Student,Instagram ad,1,1,1,1
U01968,2,Market trader,Agent sign-up,1,1,1,1
U01969,4,Market trader,Instagram ad,1,0,0,0
U01970,6,Student,Instagram ad,1,0,0,0
U01971,7,Salary earner,Instagram ad,1,1,1,1
U01972,8,Student,Play Store search,1,0,0,0
U01973,7,Market trader,Agent sign-up,1,1,1,1
U01974,1,Salary earner,Play Store search,1,0,0,0
U01975,3,Small business,Instagram ad,1,0,0,0
U01976,8,Salary earner,Instagram ad,1,1,1,1
U01977,1,Market trader,Agent sign-up,1,1,1,1
U01978,6,Market trader,Play Store search,1,1,0,0
U01979,1,Small business,Instagram ad,1,0,0,0
U01980,4,Salary earner,Play Store search,1,1,0,0
U01981,4,Salary earner,Play Store search,1,0,0,0
U01982,6,Salary earner,Play Store search,1,1,1,1
U01983,1,Student,Referral,1,1,1,1
U01984,8,Student,Referral,0,0,0,0
U01985,5,Small business,Play Store search,1,0,0,0
U01986,1,Salary earner,Instagram ad,1,1,1,1
U01987,2,Student,Play Store search,1,1,1,0
U01988,6,Market trader,Instagram ad,0,0,0,0
U01989,2,Market trader,Play Store search,1,0,0,0
U01990,8,Salary earner,Agent sign-up,1,1,1,1
U01991,4,Market trader,Agent sign-up,1,1,1,1
U01992,7,Student,Play Store search,1,1,1,1
U01993,4,Market trader,Referral,1,0,0,0
U01994,8,Student,Instagram ad,1,0,0,0
U01995,7,Salary earner,Play Store search,1,1,1,1
U01996,7,Market trader,Play Store search,1,0,0,0
U01997,4,Student,Referral,1,1,1,1
U01998,1,Salary earner,Agent sign-up,1,0,0,0
U01999,3,Student,Play Store search,1,1,0,0
U02000,7,Salary earner,Instagram ad,1,1,1,1
U02001,1,Market trader,Agent sign-up,1,0,0,0
U02002,2,Small business,Play Store search,1,1,0,0
U02003,5,Market trader,Play Store search,1,1,0,0
U02004,4,Salary earner,Play Store search,1,1,1,0
U02005,1,Salary earner,Instagram ad,1,1,1,1
U02006,8,Salary earner,Play Store search,1,1,0,0
U02007,2,Student,Instagram ad,1,1,0,0
U02008,4,Market trader,Play Store search,1,0,0,0
U02009,3,Market trader,Referral,1,1,1,1
U02010,2,Salary earner,Play Store search,1,1,1,1
U02011,3,Student,Referral,1,1,1,1
U02012,6,Market trader,Agent sign-up,1,0,0,0
U02013,3,Salary earner,Instagram ad,1,0,0,0
U02014,6,Market trader,Agent sign-up,1,0,0,0
U02015,7,Market trader,Play Store search,1,1,0,0
U02016,8,Small business,Play Store search,1,1,1,1
U02017,3,Market trader,Play Store search,1,0,0,0
U02018,7,Small business,Agent sign-up,1,1,1,0
U02019,2,Salary earner,Play Store search,1,1,1,1
U02020,1,Market trader,Referral,1,0,0,0
U02021,2,Market trader,Agent sign-up,1,1,0,0
U02022,3,Salary earner,Instagram ad,1,0,0,0
U02023,5,Student,Play Store search,1,1,1,1
U02024,8,Student,Play Store search,1,1,1,1
U02025,2,Student,Referral,1,1,1,1
U02026,8,Salary earner,Referral,1,1,1,1
U02027,5,Small business,Referral,1,1,0,0
U02028,4,Market trader,Agent sign-up,1,1,1,0
U02029,7,Salary earner,Agent sign-up,1,1,1,1
U02030,3,Student,Instagram ad,1,0,0,0
U02031,1,Market trader,Agent sign-up,1,1,0,0
U02032,1,Small business,Referral,1,1,1,1
U02033,5,Salary earner,Referral,1,1,1,1
U02034,6,Small business,Referral,1,1,1,0
U02035,6,Student,Agent sign-up,1,1,1,1
U02036,8,Small business,Instagram ad,1,1,1,1
U02037,5,Salary earner,Play Store search,1,1,1,1
U02038,3,Market trader,Agent sign-up,1,1,1,1
U02039,2,Student,Referral,1,0,0,0
U02040,2,Market trader,Play Store search,0,0,0,0
U02041,1,Market trader,Agent sign-up,1,1,1,1
U02042,8,Market trader,Agent sign-up,1,1,1,1
U02043,4,Salary earner,Referral,1,1,1,1
U02044,8,Salary earner,Referral,1,1,1,1
U02045,6,Salary earner,Agent sign-up,0,0,0,0
U02046,6,Salary earner,Instagram ad,1,1,1,1
U02047,5,Market trader,Agent sign-up,1,1,0,0
U02048,3,Salary earner,Instagram ad,1,1,0,0
U02049,1,Small business,Agent sign-up,1,1,1,0
U02050,1,Small business,Referral,1,1,1,0
U02051,6,Salary earner,Instagram ad,1,1,1,1
U02052,6,Salary earner,Referral,1,1,0,0
U02053,5,Small business,Agent sign-up,1,1,1,1
U02054,5,Salary earner,Referral,0,0,0,0
U02055,2,Salary earner,Instagram ad,1,0,0,0
U02056,8,Market trader,Agent sign-up,1,0,0,0
U02057,4,Student,Agent sign-up,1,0,0,0
U02058,7,Salary earner,Referral,1,1,1,1
U02059,6,Student,Referral,1,0,0,0
U02060,1,Salary earner,Instagram ad,1,0,0,0
U02061,2,Salary earner,Instagram ad,1,0,0,0
U02062,6,Market trader,Agent sign-up,1,1,1,1
U02063,1,Market trader,Referral,1,1,1,1
U02064,4,Student,Play Store search,1,1,1,1
U02065,4,Small business,Referral,1,1,1,1
U02066,6,Salary earner,Instagram ad,0,0,0,0
U02067,3,Salary earner,Play Store search,1,1,0,0
U02068,2,Small business,Play Store search,1,0,0,0
U02069,1,Student,Play Store search,0,0,0,0
U02070,1,Market trader,Agent sign-up,1,1,1,1
U02071,3,Salary earner,Play Store search,1,1,1,1
U02072,2,Salary earner,Instagram ad,1,1,1,1
U02073,4,Student,Play Store search,1,0,0,0
U02074,7,Student,Instagram ad,1,1,0,0
U02075,8,Small business,Referral,1,0,0,0
U02076,6,Market trader,Referral,1,1,1,0
U02077,1,Market trader,Referral,1,1,1,1
U02078,6,Market trader,Agent sign-up,1,1,1,0
U02079,5,Small business,Referral,1,1,1,1
U02080,1,Market trader,Agent sign-up,1,1,1,1
U02081,3,Student,Agent sign-up,1,1,1,1
U02082,5,Student,Instagram ad,1,1,1,1
U02083,4,Small business,Referral,1,1,1,1
U02084,6,Salary earner,Referral,0,0,0,0
U02085,6,Small business,Play Store search,1,1,1,1
U02086,2,Salary earner,Referral,1,1,1,1
U02087,4,Student,Agent sign-up,1,1,1,1
U02088,7,Salary earner,Instagram ad,0,0,0,0
U02089,1,Small business,Instagram ad,1,1,1,0
U02090,2,Small business,Referral,1,1,1,1
U02091,4,Salary earner,Instagram ad,1,0,0,0
U02092,3,Market trader,Play Store search,0,0,0,0
U02093,3,Small business,Referral,1,0,0,0
U02094,1,Student,Referral,1,0,0,0
U02095,4,Market trader,Agent sign-up,1,1,1,1
U02096,3,Salary earner,Play Store search,1,0,0,0
U02097,6,Salary earner,Play Store search,1,1,1,1
U02098,7,Student,Instagram ad,1,0,0,0
U02099,8,Salary earner,Referral,1,1,0,0
U02100,3,Market trader,Agent sign-up,1,1,1,1
U02101,6,Market trader,Agent sign-up,1,1,1,1
U02102,7,Market trader,Play Store search,1,1,1,1
U02103,4,Student,Play Store search,1,1,1,0
U02104,4,Student,Referral,1,1,1,1
U02105,4,Market trader,Agent sign-up,1,1,1,0
U02106,5,Student,Referral,1,1,1,0
U02107,3,Student,Referral,0,0,0,0
U02108,1,Student,Play Store search,1,1,1,1
U02109,5,Salary earner,Referral,0,0,0,0
U02110,2,Salary earner,Instagram ad,1,1,0,0
U02111,6,Market trader,Play Store search,1,0,0,0
U02112,8,Small business,Instagram ad,1,1,1,1
U02113,8,Market trader,Instagram ad,1,0,0,0
U02114,5,Market trader,Agent sign-up,1,1,1,1
U02115,4,Market trader,Instagram ad,1,0,0,0
U02116,4,Market trader,Play Store search,1,0,0,0
U02117,5,Small business,Play Store search,1,1,1,1
U02118,1,Student,Instagram ad,1,1,1,1
U02119,8,Market trader,Play Store search,1,0,0,0
U02120,2,Salary earner,Play Store search,1,1,1,1
U02121,7,Salary earner,Instagram ad,1,1,0,0
U02122,7,Salary earner,Instagram ad,1,1,1,0
U02123,7,Salary earner,Instagram ad,1,1,1,0
U02124,7,Market trader,Agent sign-up,1,0,0,0
U02125,4,Market trader,Agent sign-up,1,1,1,1
U02126,8,Market trader,Play Store search,1,0,0,0
U02127,2,Salary earner,Instagram ad,1,0,0,0
U02128,5,Small business,Referral,1,1,0,0
U02129,2,Student,Agent sign-up,1,1,0,0
U02130,8,Salary earner,Instagram ad,1,1,1,1
U02131,3,Market trader,Instagram ad,1,0,0,0
U02132,7,Market trader,Play Store search,0,0,0,0
U02133,3,Market trader,Agent sign-up,1,0,0,0
U02134,1,Salary earner,Referral,1,0,0,0
U02135,7,Market trader,Referral,1,0,0,0
U02136,1,Market trader,Agent sign-up,1,1,1,1
U02137,7,Salary earner,Instagram ad,1,1,1,1
U02138,3,Market trader,Agent sign-up,1,1,0,0
U02139,8,Market trader,Agent sign-up,1,1,0,0
U02140,7,Salary earner,Referral,1,1,1,0
U02141,8,Market trader,Agent sign-up,1,1,1,1
U02142,2,Salary earner,Referral,1,0,0,0
U02143,1,Market trader,Agent sign-up,1,1,1,1
U02144,8,Student,Instagram ad,1,0,0,0
U02145,1,Market trader,Play Store search,1,0,0,0
U02146,3,Market trader,Play Store search,1,1,1,1
U02147,2,Salary earner,Instagram ad,1,1,1,1
U02148,3,Market trader,Agent sign-up,0,0,0,0
U02149,3,Student,Agent sign-up,1,1,1,1
U02150,2,Market trader,Agent sign-up,1,0,0,0
U02151,7,Market trader,Instagram ad,1,0,0,0
U02152,2,Student,Play Store search,1,1,0,0
U02153,1,Market trader,Referral,1,0,0,0
U02154,5,Salary earner,Instagram ad,1,0,0,0
U02155,6,Small business,Agent sign-up,1,1,1,1
U02156,7,Market trader,Play Store search,1,1,1,1
U02157,5,Salary earner,Play Store search,1,1,1,1
U02158,8,Salary earner,Referral,1,1,1,1
U02159,4,Market trader,Referral,1,0,0,0
U02160,7,Market trader,Play Store search,1,1,1,1
U02161,6,Student,Instagram ad,1,0,0,0
U02162,6,Market trader,Play Store search,1,1,1,1
U02163,3,Student,Agent sign-up,1,1,1,1
U02164,7,Market trader,Instagram ad,1,0,0,0
U02165,6,Student,Referral,1,1,1,1
U02166,4,Student,Referral,1,1,0,0
U02167,6,Small business,Instagram ad,1,0,0,0
U02168,6,Market trader,Agent sign-up,1,1,0,0
U02169,2,Small business,Play Store search,1,0,0,0
U02170,6,Market trader,Referral,1,0,0,0
U02171,3,Small business,Instagram ad,1,1,0,0
U02172,1,Salary earner,Instagram ad,1,0,0,0
U02173,7,Small business,Referral,1,1,1,1
U02174,4,Market trader,Play Store search,1,0,0,0
U02175,7,Market trader,Referral,1,0,0,0
U02176,5,Student,Referral,0,0,0,0
U02177,6,Student,Instagram ad,1,0,0,0
U02178,3,Salary earner,Play Store search,1,1,1,1
U02179,8,Student,Instagram ad,1,1,1,1
U02180,8,Student,Play Store search,1,1,0,0
U02181,8,Market trader,Agent sign-up,1,1,1,1
U02182,7,Salary earner,Play Store search,1,1,1,1
U02183,2,Small business,Referral,1,1,1,1
U02184,6,Salary earner,Play Store search,1,1,1,1
U02185,3,Small business,Instagram ad,1,1,0,0
U02186,8,Salary earner,Play Store search,1,1,1,0
U02187,1,Market trader,Referral,1,0,0,0
U02188,7,Market trader,Agent sign-up,1,1,1,0
U02189,8,Market trader,Agent sign-up,1,1,0,0
U02190,5,Market trader,Referral,1,0,0,0
U02191,3,Salary earner,Instagram ad,1,1,1,1
U02192,8,Student,Agent sign-up,1,1,0,0
U02193,5,Salary earner,Instagram ad,1,1,1,0
U02194,6,Small business,Instagram ad,0,0,0,0
U02195,4,Small business,Instagram ad,1,1,1,1
U02196,5,Small business,Instagram ad,1,1,1,0
U02197,7,Market trader,Referral,1,0,0,0
U02198,7,Small business,Instagram ad,1,1,1,1
U02199,2,Small business,Instagram ad,0,0,0,0
U02200,2,Student,Referral,1,1,1,1
U02201,3,Student,Instagram ad,1,1,1,1
U02202,8,Salary earner,Referral,1,1,1,1
U02203,3,Market trader,Play Store search,1,1,0,0
U02204,5,Small business,Instagram ad,1,1,1,1
U02205,7,Market trader,Referral,1,1,1,1
U02206,5,Market trader,Agent sign-up,1,1,1,1
U02207,5,Market trader,Instagram ad,1,0,0,0
U02208,4,Market trader,Agent sign-up,1,1,1,0
U02209,7,Market trader,Referral,1,0,0,0
U02210,2,Market trader,Agent sign-up,1,1,1,1
U02211,7,Student,Referral,1,1,1,0
U02212,3,Salary earner,Instagram ad,1,1,0,0
U02213,1,Small business,Play Store search,1,1,1,1
U02214,4,Student,Agent sign-up,1,1,0,0
U02215,1,Salary earner,Referral,0,0,0,0
U02216,3,Market trader,Agent sign-up,1,1,0,0
U02217,3,Salary earner,Referral,1,1,1,0
U02218,1,Market trader,Play Store search,1,1,0,0
U02219,3,Salary earner,Instagram ad,1,0,0,0
U02220,3,Salary earner,Agent sign-up,1,1,1,0
U02221,6,Student,Referral,1,1,1,1
U02222,4,Market trader,Play Store search,1,0,0,0
U02223,7,Market trader,Referral,1,0,0,0
U02224,5,Market trader,Agent sign-up,1,0,0,0
U02225,6,Small business,Agent sign-up,1,0,0,0
U02226,4,Salary earner,Referral,1,1,0,0
U02227,6,Salary earner,Referral,1,1,1,1
U02228,1,Salary earner,Instagram ad,0,0,0,0
U02229,6,Market trader,Play Store search,1,1,0,0
U02230,1,Small business,Referral,1,1,1,1
U02231,7,Student,Referral,1,1,1,1
U02232,7,Salary earner,Instagram ad,1,1,0,0
U02233,8,Small business,Referral,1,0,0,0
U02234,1,Market trader,Agent sign-up,1,0,0,0
U02235,3,Market trader,Referral,1,1,1,1
U02236,5,Market trader,Agent sign-up,1,0,0,0
U02237,7,Market trader,Agent sign-up,1,1,1,1
U02238,5,Student,Play Store search,1,1,1,1
U02239,4,Student,Play Store search,1,0,0,0
U02240,6,Salary earner,Referral,1,1,1,1
U02241,4,Student,Instagram ad,1,0,0,0
U02242,1,Market trader,Instagram ad,1,0,0,0
U02243,2,Salary earner,Instagram ad,1,1,0,0
U02244,4,Small business,Referral,1,1,1,1
U02245,8,Student,Play Store search,1,0,0,0
U02246,4,Small business,Instagram ad,1,0,0,0
U02247,8,Market trader,Agent sign-up,0,0,0,0
U02248,8,Market trader,Agent sign-up,1,0,0,0
U02249,5,Small business,Instagram ad,0,0,0,0
U02250,7,Small business,Agent sign-up,1,1,0,0
U02251,2,Market trader,Referral,1,0,0,0
U02252,8,Salary earner,Agent sign-up,1,1,0,0
U02253,7,Market trader,Referral,1,1,1,1
U02254,2,Salary earner,Instagram ad,1,0,0,0
U02255,1,Student,Instagram ad,0,0,0,0
U02256,1,Salary earner,Referral,1,1,1,1
U02257,5,Market trader,Play Store search,1,1,1,1
U02258,3,Student,Play Store search,1,0,0,0
U02259,1,Student,Referral,0,0,0,0
U02260,1,Salary earner,Play Store search,1,1,1,1
U02261,1,Market trader,Agent sign-up,1,1,1,1
U02262,3,Market trader,Agent sign-up,1,0,0,0
U02263,8,Salary earner,Instagram ad,1,1,1,1
U02264,1,Salary earner,Referral,1,1,1,1
U02265,7,Market trader,Play Store search,1,1,0,0
U02266,5,Student,Referral,1,1,1,0
U02267,2,Small business,Instagram ad,1,1,1,1
U02268,3,Market trader,Agent sign-up,1,1,1,1
U02269,6,Market trader,Play Store search,1,1,0,0
U02270,3,Small business,Play Store search,1,1,1,1
U02271,5,Market trader,Referral,1,1,1,1
U02272,5,Small business,Play Store search,0,0,0,0
U02273,3,Salary earner,Referral,1,1,1,1
U02274,2,Salary earner,Instagram ad,1,1,0,0
U02275,4,Salary earner,Play Store search,1,0,0,0
U02276,3,Market trader,Play Store search,1,0,0,0
U02277,1,Small business,Instagram ad,1,0,0,0
U02278,7,Salary earner,Instagram ad,1,0,0,0
U02279,2,Salary earner,Play Store search,1,0,0,0
U02280,3,Market trader,Play Store search,1,0,0,0
U02281,4,Market trader,Instagram ad,1,1,0,0
U02282,6,Salary earner,Agent sign-up,0,0,0,0
U02283,3,Salary earner,Instagram ad,1,0,0,0
U02284,1,Salary earner,Play Store search,1,1,1,1
U02285,4,Market trader,Referral,1,0,0,0
U02286,3,Student,Referral,1,0,0,0
U02287,8,Market trader,Agent sign-up,1,1,1,1
U02288,8,Small business,Play Store search,1,1,1,1
U02289,2,Salary earner,Referral,1,1,1,0
U02290,8,Market trader,Instagram ad,1,1,1,1
U02291,1,Market trader,Play Store search,1,0,0,0
U02292,4,Salary earner,Referral,1,1,1,0
U02293,1,Student,Referral,1,0,0,0
U02294,4,Small business,Play Store search,1,1,1,0
U02295,1,Student,Referral,1,0,0,0
U02296,3,Market trader,Agent sign-up,1,1,0,0
U02297,3,Salary earner,Referral,1,1,1,1
U02298,1,Market trader,Agent sign-up,1,1,1,1
U02299,1,Student,Referral,1,1,1,1
U02300,1,Small business,Instagram ad,1,1,1,0
U02301,6,Student,Play Store search,1,1,1,1
U02302,1,Salary earner,Instagram ad,1,1,1,1
U02303,1,Small business,Agent sign-up,1,1,1,1
U02304,3,Student,Agent sign-up,1,1,1,1
U02305,3,Salary earner,Referral,1,0,0,0
U02306,7,Market trader,Agent sign-up,1,1,1,1
U02307,4,Salary earner,Instagram ad,1,1,1,1
U02308,8,Small business,Instagram ad,1,0,0,0
U02309,5,Market trader,Instagram ad,1,0,0,0
U02310,2,Salary earner,Referral,1,1,1,1
U02311,1,Student,Referral,1,1,1,0
U02312,7,Salary earner,Play Store search,1,1,1,1
U02313,8,Salary earner,Play Store search,1,0,0,0
U02314,4,Salary earner,Play Store search,1,1,1,1
U02315,6,Student,Referral,1,0,0,0
U02316,6,Market trader,Agent sign-up,1,1,1,1
U02317,3,Student,Agent sign-up,0,0,0,0
U02318,5,Salary earner,Instagram ad,1,1,1,1
U02319,5,Student,Instagram ad,0,0,0,0
U02320,6,Salary earner,Instagram ad,1,1,1,1
U02321,2,Student,Referral,1,0,0,0
U02322,4,Salary earner,Referral,1,1,0,0
U02323,8,Market trader,Agent sign-up,1,1,1,1
U02324,3,Market trader,Play Store search,1,1,1,1
U02325,7,Market trader,Agent sign-up,1,1,0,0
U02326,5,Small business,Referral,1,1,1,1
U02327,6,Market trader,Play Store search,1,1,1,1
U02328,8,Market trader,Agent sign-up,1,0,0,0
U02329,6,Student,Play Store search,0,0,0,0
U02330,1,Student,Play Store search,1,1,1,1
U02331,5,Salary earner,Referral,1,1,1,1
U02332,7,Market trader,Play Store search,1,1,1,1
U02333,5,Market trader,Play Store search,1,0,0,0
U02334,2,Student,Instagram ad,0,0,0,0
U02335,8,Market trader,Play Store search,1,1,1,1
U02336,7,Salary earner,Instagram ad,1,1,1,1
U02337,6,Market trader,Agent sign-up,1,0,0,0
U02338,6,Small business,Instagram ad,1,1,0,0
U02339,5,Salary earner,Agent sign-up,1,1,1,1
U02340,4,Market trader,Agent sign-up,1,1,1,1
U02341,5,Market trader,Agent sign-up,0,0,0,0
U02342,4,Salary earner,Instagram ad,1,0,0,0
U02343,7,Student,Instagram ad,1,0,0,0
U02344,3,Market trader,Agent sign-up,0,0,0,0
U02345,7,Small business,Play Store search,1,1,1,0
U02346,6,Salary earner,Instagram ad,1,1,0,0
U02347,5,Salary earner,Instagram ad,1,1,1,1
U02348,3,Salary earner,Instagram ad,1,1,0,0
U02349,5,Market trader,Agent sign-up,1,1,1,1
U02350,7,Small business,Play Store search,1,1,1,1
U02351,6,Student,Instagram ad,1,0,0,0
U02352,3,Market trader,Agent sign-up,1,1,1,1
U02353,5,Market trader,Agent sign-up,1,1,0,0
U02354,1,Salary earner,Referral,1,1,0,0
U02355,7,Market trader,Agent sign-up,1,1,1,1
U02356,4,Student,Instagram ad,1,1,0,0
U02357,7,Salary earner,Agent sign-up,1,1,1,1
U02358,2,Market trader,Agent sign-up,1,1,0,0
U02359,5,Salary earner,Instagram ad,1,0,0,0
U02360,2,Salary earner,Instagram ad,1,0,0,0
U02361,7,Market trader,Instagram ad,1,0,0,0
U02362,7,Market trader,Agent sign-up,1,1,1,1
U02363,2,Student,Play Store search,1,1,1,1
U02364,1,Student,Referral,1,1,1,1
U02365,1,Student,Play Store search,1,1,0,0
U02366,5,Market trader,Play Store search,1,1,1,1
U02367,1,Student,Instagram ad,0,0,0,0
U02368,6,Salary earner,Referral,1,1,1,1
U02369,2,Student,Referral,1,1,1,1
U02370,3,Student,Play Store search,1,1,1,1
U02371,6,Salary earner,Referral,1,1,1,0
U02372,3,Salary earner,Instagram ad,1,1,1,0
U02373,3,Student,Agent sign-up,1,1,1,1
U02374,6,Salary earner,Play Store search,1,0,0,0
U02375,7,Student,Play Store search,1,0,0,0
U02376,2,Market trader,Play Store search,1,1,0,0
U02377,8,Market trader,Referral,1,0,0,0
U02378,2,Market trader,Referral,0,0,0,0
U02379,4,Small business,Instagram ad,1,1,0,0
U02380,6,Small business,Referral,1,1,1,1
U02381,3,Salary earner,Play Store search,1,1,1,1
U02382,3,Market trader,Play Store search,1,0,0,0
U02383,4,Salary earner,Agent sign-up,1,1,0,0
U02384,7,Small business,Referral,0,0,0,0
U02385,6,Student,Referral,1,1,1,0
U02386,7,Student,Referral,1,0,0,0
U02387,2,Small business,Referral,1,0,0,0
U02388,4,Market trader,Agent sign-up,1,1,0,0
U02389,5,Student,Play Store search,1,1,1,1
U02390,7,Small business,Agent sign-up,1,1,1,1
U02391,1,Student,Instagram ad,1,1,1,0
U02392,2,Small business,Play Store search,1,1,1,1
U02393,2,Salary earner,Play Store search,1,1,1,1
U02394,7,Salary earner,Referral,1,1,0,0
U02395,1,Student,Referral,1,1,1,1
U02396,4,Market trader,Agent sign-up,1,1,0,0
U02397,6,Salary earner,Instagram ad,1,1,1,1
U02398,5,Market trader,Agent sign-up,1,0,0,0
U02399,5,Salary earner,Agent sign-up,1,1,0,0
U02400,3,Market trader,Referral,1,0,0,0
U02401,2,Salary earner,Instagram ad,1,1,1,1
U02402,5,Student,Play Store search,1,1,0,0
U02403,5,Salary earner,Play Store search,1,1,1,1
U02404,4,Salary earner,Instagram ad,1,1,0,0
U02405,7,Market trader,Play Store search,1,0,0,0
U02406,7,Salary earner,Referral,1,1,0,0
U02407,6,Market trader,Referral,1,1,0,0
U02408,6,Student,Referral,1,0,0,0
U02409,1,Student,Play Store search,1,1,1,1
U02410,5,Salary earner,Agent sign-up,1,1,1,1
U02411,8,Student,Play Store search,1,1,1,1
U02412,2,Student,Play Store search,1,1,1,1
U02413,6,Salary earner,Play Store search,1,1,1,1
U02414,6,Market trader,Agent sign-up,0,0,0,0
U02415,4,Salary earner,Instagram ad,1,0,0,0
U02416,4,Salary earner,Referral,1,1,1,1
U02417,4,Salary earner,Instagram ad,1,0,0,0
U02418,2,Salary earner,Referral,1,1,1,0
U02419,7,Small business,Instagram ad,1,0,0,0
U02420,2,Student,Referral,1,1,1,1
U02421,2,Salary earner,Referral,1,1,1,1
U02422,3,Salary earner,Instagram ad,1,1,1,1
U02423,1,Market trader,Instagram ad,1,0,0,0
U02424,2,Salary earner,Instagram ad,1,0,0,0
U02425,6,Market trader,Referral,1,0,0,0
U02426,2,Small business,Instagram ad,1,1,1,0
U02427,4,Market trader,Agent sign-up,1,1,0,0
U02428,6,Salary earner,Referral,1,0,0,0
U02429,7,Student,Referral,1,1,1,0
U02430,1,Salary earner,Referral,1,0,0,0
U02431,5,Student,Referral,1,1,1,1
U02432,7,Market trader,Agent sign-up,0,0,0,0
U02433,5,Salary earner,Play Store search,1,1,1,1
U02434,2,Salary earner,Instagram ad,1,1,1,1
U02435,2,Salary earner,Instagram ad,1,1,1,1
U02436,3,Student,Play Store search,1,0,0,0
U02437,4,Small business,Referral,1,1,1,1
U02438,1,Small business,Referral,0,0,0,0
U02439,2,Salary earner,Play Store search,1,1,1,1
U02440,3,Salary earner,Agent sign-up,1,1,0,0
U02441,8,Small business,Instagram ad,1,1,1,1
U02442,1,Market trader,Agent sign-up,1,0,0,0
U02443,5,Small business,Referral,1,1,1,1
U02444,4,Small business,Instagram ad,1,1,1,1
U02445,2,Student,Agent sign-up,1,1,1,0
U02446,5,Small business,Instagram ad,1,0,0,0
U02447,3,Student,Instagram ad,1,0,0,0
U02448,5,Student,Instagram ad,1,1,1,1
U02449,5,Market trader,Agent sign-up,1,0,0,0
U02450,6,Student,Instagram ad,1,0,0,0
U02451,2,Market trader,Agent sign-up,1,1,1,1
U02452,5,Market trader,Agent sign-up,1,0,0,0
U02453,2,Student,Instagram ad,1,0,0,0
U02454,4,Market trader,Agent sign-up,1,1,1,1
U02455,5,Student,Referral,1,1,1,1
U02456,6,Salary earner,Instagram ad,1,1,1,0
U02457,5,Salary earner,Instagram ad,1,0,0,0
U02458,5,Salary earner,Play Store search,1,1,1,1
U02459,7,Student,Referral,1,1,1,1
U02460,7,Market trader,Agent sign-up,1,1,1,1
U02461,5,Salary earner,Play Store search,1,1,1,1
U02462,8,Market trader,Instagram ad,1,0,0,0
U02463,2,Small business,Agent sign-up,1,1,1,1
U02464,2,Market trader,Instagram ad,1,1,0,0
U02465,1,Small business,Instagram ad,1,0,0,0
U02466,6,Small business,Play Store search,1,0,0,0
U02467,1,Student,Instagram ad,1,0,0,0
U02468,6,Student,Play Store search,1,0,0,0
U02469,5,Salary earner,Referral,1,1,1,1
U02470,2,Salary earner,Referral,1,1,1,1
U02471,1,Salary earner,Instagram ad,1,0,0,0
U02472,4,Market trader,Agent sign-up,1,1,1,1
U02473,6,Small business,Referral,0,0,0,0
U02474,3,Market trader,Play Store search,1,1,1,1
U02475,3,Student,Instagram ad,1,1,1,1
U02476,4,Small business,Referral,0,0,0,0
U02477,7,Market trader,Agent sign-up,1,0,0,0
U02478,8,Small business,Play Store search,1,1,1,1
U02479,1,Market trader,Agent sign-up,1,0,0,0
U02480,3,Student,Instagram ad,1,1,1,1
U02481,2,Market trader,Agent sign-up,1,0,0,0
U02482,1,Salary earner,Play Store search,1,1,1,1
U02483,4,Market trader,Agent sign-up,1,1,1,0
U02484,3,Student,Instagram ad,1,0,0,0
U02485,8,Student,Instagram ad,1,0,0,0
U02486,6,Salary earner,Referral,1,0,0,0
U02487,1,Market trader,Agent sign-up,1,1,1,1
U02488,7,Salary earner,Agent sign-up,1,1,1,1
U02489,2,Student,Instagram ad,1,0,0,0
U02490,6,Salary earner,Play Store search,1,1,1,1
U02491,5,Small business,Instagram ad,1,1,1,1
U02492,8,Market trader,Agent sign-up,1,1,1,1
U02493,7,Small business,Instagram ad,1,1,1,1
U02494,7,Salary earner,Referral,0,0,0,0
U02495,4,Market trader,Agent sign-up,0,0,0,0
U02496,1,Student,Play Store search,1,1,1,1
U02497,6,Small business,Instagram ad,1,1,0,0
U02498,7,Market trader,Instagram ad,1,0,0,0
U02499,4,Market trader,Referral,1,0,0,0
U02500,3,Salary earner,Referral,0,0,0,0
U02501,8,Student,Play Store search,1,1,1,1
U02502,5,Market trader,Agent sign-up,1,1,1,0
U02503,4,Salary earner,Play Store search,1,1,1,0
U02504,4,Salary earner,Instagram ad,1,0,0,0
U02505,3,Small business,Play Store search,1,1,0,0
U02506,3,Market trader,Play Store search,1,0,0,0
U02507,4,Market trader,Agent sign-up,1,0,0,0
U02508,2,Salary earner,Instagram ad,1,1,1,1
U02509,8,Student,Agent sign-up,1,1,0,0
U02510,5,Student,Referral,1,0,0,0
U02511,2,Salary earner,Agent sign-up,1,1,0,0
U02512,3,Salary earner,Instagram ad,1,1,1,1
U02513,2,Market trader,Play Store search,0,0,0,0
U02514,1,Small business,Play Store search,1,1,0,0
U02515,8,Small business,Agent sign-up,1,1,0,0
U02516,5,Salary earner,Play Store search,1,0,0,0
U02517,7,Market trader,Play Store search,1,1,1,1
U02518,3,Student,Instagram ad,1,0,0,0
U02519,6,Salary earner,Referral,1,1,1,1
U02520,4,Student,Instagram ad,1,1,1,1
U02521,2,Market trader,Agent sign-up,1,0,0,0
U02522,6,Small business,Instagram ad,0,0,0,0
U02523,6,Student,Instagram ad,1,1,1,1
U02524,4,Student,Instagram ad,1,0,0,0
U02525,8,Salary earner,Referral,1,1,1,1
U02526,5,Salary earner,Referral,1,1,1,1
U02527,5,Salary earner,Instagram ad,1,1,1,1
U02528,7,Market trader,Agent sign-up,1,1,1,1
U02529,3,Market trader,Agent sign-up,1,0,0,0
U02530,8,Salary earner,Referral,1,1,0,0
U02531,4,Salary earner,Referral,1,1,1,1
U02532,4,Market trader,Play Store search,1,1,1,0
U02533,5,Salary earner,Instagram ad,1,0,0,0
U02534,6,Market trader,Agent sign-up,1,0,0,0
U02535,7,Student,Referral,1,1,1,0
U02536,6,Salary earner,Play Store search,1,1,1,1
U02537,3,Salary earner,Referral,1,1,1,1
U02538,8,Student,Referral,1,0,0,0
U02539,2,Market trader,Referral,1,0,0,0
U02540,4,Salary earner,Referral,1,1,1,1
U02541,1,Salary earner,Play Store search,1,1,1,1
U02542,6,Market trader,Play Store search,1,0,0,0
U02543,3,Small business,Referral,1,1,0,0
U02544,5,Student,Referral,1,0,0,0
U02545,1,Salary earner,Referral,1,1,1,0
U02546,2,Salary earner,Instagram ad,1,0,0,0
U02547,8,Salary earner,Instagram ad,0,0,0,0
U02548,4,Market trader,Play Store search,1,0,0,0
U02549,4,Student,Referral,1,1,0,0
U02550,7,Market trader,Play Store search,1,1,1,1
U02551,4,Student,Referral,1,1,1,1
U02552,6,Market trader,Play Store search,1,1,1,0
U02553,7,Salary earner,Referral,1,1,1,1
U02554,3,Market trader,Agent sign-up,1,1,1,1
U02555,8,Market trader,Play Store search,1,0,0,0
U02556,3,Market trader,Play Store search,1,0,0,0
U02557,4,Market trader,Agent sign-up,1,1,1,1
U02558,7,Student,Play Store search,1,1,1,1
U02559,1,Salary earner,Referral,1,1,1,1
U02560,3,Student,Referral,1,1,1,1
U02561,7,Student,Referral,1,1,0,0
U02562,6,Small business,Play Store search,1,1,1,1
U02563,1,Salary earner,Referral,1,1,1,1
U02564,3,Market trader,Agent sign-up,1,1,1,1
U02565,7,Salary earner,Referral,1,1,1,1
U02566,4,Small business,Agent sign-up,1,1,1,1
U02567,2,Salary earner,Instagram ad,0,0,0,0
U02568,7,Small business,Play Store search,1,1,0,0
U02569,7,Student,Instagram ad,1,0,0,0
U02570,5,Market trader,Instagram ad,1,0,0,0
U02571,4,Small business,Play Store search,1,1,1,1
U02572,1,Market trader,Referral,1,0,0,0
U02573,6,Student,Play Store search,1,1,1,1
U02574,2,Salary earner,Referral,1,1,0,0
U02575,5,Market trader,Play Store search,1,0,0,0
U02576,4,Salary earner,Referral,1,1,0,0
U02577,1,Market trader,Instagram ad,1,1,1,1
U02578,4,Market trader,Agent sign-up,1,1,1,0
U02579,8,Student,Instagram ad,1,0,0,0
U02580,2,Market trader,Referral,1,0,0,0
U02581,1,Salary earner,Agent sign-up,1,1,1,0
U02582,8,Student,Referral,1,0,0,0
U02583,7,Salary earner,Play Store search,1,0,0,0
U02584,3,Student,Instagram ad,1,0,0,0
U02585,5,Small business,Referral,1,1,0,0
U02586,5,Market trader,Play Store search,1,1,1,1
U02587,1,Salary earner,Agent sign-up,1,1,1,1
U02588,5,Small business,Play Store search,1,1,1,0
U02589,4,Market trader,Instagram ad,1,0,0,0
U02590,3,Market trader,Referral,1,1,1,1
U02591,7,Market trader,Referral,1,0,0,0
U02592,3,Salary earner,Instagram ad,0,0,0,0
U02593,3,Student,Referral,1,1,1,1
U02594,4,Market trader,Agent sign-up,1,1,1,1
U02595,2,Small business,Instagram ad,0,0,0,0
U02596,2,Student,Agent sign-up,1,0,0,0
U02597,6,Salary earner,Referral,1,1,0,0
U02598,1,Salary earner,Play Store search,0,0,0,0
U02599,2,Salary earner,Referral,1,1,1,1
U02600,8,Market trader,Instagram ad,1,0,0,0
U02601,7,Market trader,Referral,1,1,0,0
U02602,6,Market trader,Play Store search,1,0,0,0
U02603,2,Salary earner,Play Store search,1,1,1,1
U02604,7,Small business,Referral,1,1,1,1
U02605,6,Small business,Instagram ad,1,0,0,0
U02606,4,Market trader,Agent sign-up,1,1,1,1
U02607,2,Student,Instagram ad,1,0,0,0
U02608,4,Student,Instagram ad,1,0,0,0
U02609,2,Salary earner,Referral,1,0,0,0
U02610,5,Market trader,Referral,1,1,0,0
U02611,2,Market trader,Agent sign-up,0,0,0,0
U02612,1,Market trader,Referral,1,0,0,0
U02613,2,Salary earner,Instagram ad,1,0,0,0
U02614,1,Small business,Referral,1,1,1,1
U02615,5,Salary earner,Referral,1,0,0,0
U02616,6,Salary earner,Referral,1,1,1,1
U02617,5,Student,Referral,1,0,0,0
U02618,7,Market trader,Agent sign-up,1,1,0,0
U02619,6,Salary earner,Referral,1,0,0,0
U02620,2,Student,Referral,1,1,1,1
U02621,4,Small business,Referral,1,1,1,1
U02622,6,Small business,Instagram ad,1,0,0,0
U02623,2,Small business,Play Store search,1,1,1,1
U02624,5,Market trader,Referral,1,0,0,0
U02625,4,Student,Instagram ad,1,1,0,0
U02626,5,Salary earner,Instagram ad,1,1,1,1
U02627,3,Student,Referral,1,1,0,0
U02628,2,Market trader,Instagram ad,1,1,1,1
U02629,1,Salary earner,Instagram ad,1,1,1,1
U02630,3,Salary earner,Referral,1,1,1,1
U02631,8,Market trader,Instagram ad,0,0,0,0
U02632,4,Market trader,Agent sign-up,0,0,0,0
U02633,1,Salary earner,Instagram ad,1,1,1,0
U02634,6,Small business,Instagram ad,1,1,1,0
U02635,3,Salary earner,Instagram ad,1,0,0,0
U02636,8,Salary earner,Agent sign-up,1,1,1,1
U02637,7,Salary earner,Referral,0,0,0,0
U02638,2,Salary earner,Instagram ad,1,1,0,0
U02639,2,Salary earner,Referral,1,1,0,0
U02640,2,Small business,Instagram ad,1,1,1,1
U02641,4,Student,Play Store search,1,1,1,1
U02642,4,Market trader,Play Store search,1,1,1,1
U02643,1,Market trader,Agent sign-up,1,0,0,0
U02644,2,Small business,Play Store search,1,1,1,0
U02645,5,Small business,Play Store search,1,0,0,0
U02646,6,Market trader,Referral,1,1,0,0
U02647,7,Market trader,Play Store search,1,0,0,0
U02648,6,Market trader,Referral,1,0,0,0
U02649,1,Market trader,Play Store search,1,0,0,0
U02650,3,Salary earner,Play Store search,1,1,1,1
U02651,2,Market trader,Agent sign-up,1,0,0,0
U02652,3,Market trader,Instagram ad,1,0,0,0
U02653,3,Small business,Referral,1,1,1,1
U02654,8,Market trader,Referral,1,1,1,1
U02655,4,Student,Play Store search,1,0,0,0
U02656,6,Small business,Referral,1,0,0,0
U02657,7,Small business,Instagram ad,1,1,0,0
U02658,7,Market trader,Instagram ad,1,1,1,1
U02659,6,Small business,Instagram ad,1,1,1,1
U02660,6,Market trader,Play Store search,1,0,0,0
U02661,5,Market trader,Play Store search,0,0,0,0
U02662,5,Market trader,Play Store search,1,1,0,0
U02663,6,Market trader,Agent sign-up,1,1,1,1
U02664,3,Salary earner,Play Store search,1,1,1,1
U02665,6,Market trader,Agent sign-up,1,0,0,0
U02666,4,Salary earner,Referral,1,1,1,1
U02667,3,Student,Referral,1,1,1,0
U02668,8,Salary earner,Instagram ad,1,0,0,0
U02669,8,Market trader,Agent sign-up,0,0,0,0
U02670,7,Market trader,Agent sign-up,1,1,1,1
U02671,3,Salary earner,Referral,1,1,1,1
U02672,5,Salary earner,Instagram ad,1,0,0,0
U02673,1,Student,Play Store search,1,1,1,1
U02674,4,Salary earner,Play Store search,1,1,1,1
U02675,5,Market trader,Agent sign-up,1,1,1,0
U02676,4,Salary earner,Play Store search,1,1,1,1
U02677,6,Market trader,Agent sign-up,1,1,1,1
U02678,1,Salary earner,Agent sign-up,1,1,1,1
U02679,3,Student,Referral,1,1,1,1
U02680,4,Small business,Instagram ad,1,1,1,1
U02681,3,Small business,Instagram ad,1,1,1,1
U02682,8,Small business,Play Store search,1,1,1,1
U02683,5,Market trader,Play Store search,1,1,0,0
U02684,8,Market trader,Referral,0,0,0,0
U02685,5,Salary earner,Agent sign-up,0,0,0,0
U02686,8,Salary earner,Play Store search,1,1,1,1
U02687,7,Market trader,Play Store search,1,1,0,0
U02688,3,Salary earner,Instagram ad,1,1,1,1
U02689,5,Market trader,Referral,1,1,1,1
U02690,1,Salary earner,Instagram ad,1,1,0,0
U02691,6,Salary earner,Instagram ad,1,1,1,1
U02692,5,Small business,Instagram ad,1,1,1,1
U02693,2,Market trader,Agent sign-up,1,0,0,0
U02694,7,Student,Instagram ad,1,0,0,0
U02695,8,Student,Referral,1,0,0,0
U02696,5,Student,Play Store search,1,1,0,0
U02697,5,Salary earner,Referral,1,0,0,0
U02698,5,Small business,Instagram ad,1,0,0,0
U02699,7,Small business,Referral,1,1,1,1
U02700,1,Salary earner,Instagram ad,1,1,1,1
U02701,8,Salary earner,Instagram ad,1,1,1,0
U02702,8,Student,Instagram ad,0,0,0,0
U02703,1,Market trader,Agent sign-up,1,1,0,0
U02704,4,Student,Referral,0,0,0,0
U02705,2,Salary earner,Play Store search,1,0,0,0
U02706,2,Salary earner,Agent sign-up,1,1,0,0
U02707,8,Student,Instagram ad,1,1,1,1
U02708,4,Market trader,Agent sign-up,1,1,1,0
U02709,6,Salary earner,Instagram ad,1,1,0,0
U02710,8,Market trader,Instagram ad,1,1,1,1
U02711,7,Market trader,Agent sign-up,1,1,0,0
U02712,7,Small business,Instagram ad,1,0,0,0
U02713,8,Market trader,Play Store search,1,0,0,0
U02714,3,Salary earner,Play Store search,1,1,1,0
U02715,6,Salary earner,Agent sign-up,1,1,1,1
U02716,1,Salary earner,Referral,1,1,1,1
U02717,5,Market trader,Play Store search,1,0,0,0
U02718,3,Market trader,Play Store search,1,0,0,0
U02719,7,Small business,Referral,1,0,0,0
U02720,2,Salary earner,Referral,1,1,0,0
U02721,8,Student,Referral,1,1,1,1
U02722,6,Salary earner,Play Store search,1,1,1,1
U02723,6,Salary earner,Instagram ad,1,1,1,0
U02724,4,Salary earner,Instagram ad,1,1,1,1
U02725,8,Salary earner,Referral,1,1,1,1
U02726,5,Student,Referral,1,1,1,1
U02727,8,Market trader,Play Store search,1,0,0,0
U02728,2,Market trader,Play Store search,1,0,0,0
U02729,4,Salary earner,Instagram ad,1,1,1,1
U02730,4,Small business,Play Store search,1,0,0,0
U02731,6,Small business,Instagram ad,1,1,1,1
U02732,5,Small business,Instagram ad,1,1,0,0
U02733,2,Small business,Instagram ad,1,1,1,1
U02734,8,Market trader,Play Store search,1,1,1,1
U02735,3,Market trader,Play Store search,0,0,0,0
U02736,3,Salary earner,Play Store search,1,1,0,0
U02737,1,Market trader,Play Store search,1,1,0,0
U02738,3,Salary earner,Referral,1,1,0,0
U02739,1,Salary earner,Agent sign-up,1,1,1,1
U02740,1,Market trader,Agent sign-up,1,1,1,1
U02741,2,Market trader,Instagram ad,1,1,1,1
U02742,8,Student,Referral,0,0,0,0
U02743,8,Market trader,Referral,1,0,0,0
U02744,3,Salary earner,Play Store search,1,1,0,0
U02745,7,Salary earner,Instagram ad,1,0,0,0
U02746,2,Market trader,Instagram ad,1,1,1,1
U02747,3,Student,Agent sign-up,1,1,1,1
U02748,3,Salary earner,Play Store search,1,1,1,1
U02749,5,Student,Referral,1,1,0,0
U02750,7,Salary earner,Referral,1,1,0,0
U02751,8,Market trader,Play Store search,1,0,0,0
U02752,8,Salary earner,Play Store search,1,1,1,1
U02753,7,Market trader,Agent sign-up,1,1,1,1
U02754,5,Small business,Play Store search,0,0,0,0
U02755,8,Salary earner,Referral,1,1,1,0
U02756,4,Salary earner,Play Store search,0,0,0,0
U02757,2,Market trader,Referral,0,0,0,0
U02758,7,Market trader,Play Store search,1,0,0,0
U02759,8,Student,Instagram ad,1,0,0,0
U02760,6,Market trader,Agent sign-up,1,1,1,1
U02761,3,Salary earner,Instagram ad,1,0,0,0
U02762,6,Market trader,Agent sign-up,1,1,1,1
U02763,1,Student,Play Store search,1,0,0,0
U02764,1,Salary earner,Referral,1,1,1,1
U02765,6,Student,Instagram ad,1,1,0,0
U02766,2,Small business,Play Store search,1,1,1,1
U02767,2,Market trader,Agent sign-up,1,0,0,0
U02768,3,Market trader,Agent sign-up,1,0,0,0
U02769,8,Salary earner,Agent sign-up,1,1,1,1
U02770,8,Student,Instagram ad,1,1,1,1
U02771,2,Market trader,Instagram ad,1,1,1,1
U02772,3,Salary earner,Play Store search,1,1,1,1
U02773,5,Salary earner,Referral,1,1,1,1
U02774,7,Market trader,Referral,1,0,0,0
U02775,3,Market trader,Agent sign-up,1,0,0,0
U02776,8,Market trader,Agent sign-up,1,1,1,1
U02777,6,Salary earner,Instagram ad,1,1,1,1
U02778,3,Market trader,Agent sign-up,1,1,1,1
U02779,5,Student,Instagram ad,1,0,0,0
U02780,1,Small business,Referral,1,0,0,0
U02781,3,Salary earner,Instagram ad,1,1,1,1
U02782,1,Market trader,Agent sign-up,1,1,1,1
U02783,8,Market trader,Play Store search,1,0,0,0
U02784,8,Student,Instagram ad,1,1,1,1
U02785,3,Market trader,Agent sign-up,1,1,0,0
U02786,2,Small business,Play Store search,1,1,0,0
U02787,1,Salary earner,Play Store search,1,0,0,0
U02788,8,Salary earner,Instagram ad,1,1,1,1
U02789,8,Salary earner,Instagram ad,1,0,0,0
U02790,8,Market trader,Play Store search,1,1,0,0
U02791,7,Market trader,Referral,1,1,1,1
U02792,5,Small business,Referral,1,0,0,0
U02793,4,Market trader,Referral,1,1,1,1
U02794,7,Student,Play Store search,0,0,0,0
U02795,2,Market trader,Referral,1,1,1,1
U02796,2,Small business,Referral,1,1,1,1
U02797,5,Small business,Play Store search,1,1,1,1
U02798,2,Market trader,Referral,1,0,0,0
U02799,7,Salary earner,Instagram ad,1,1,1,1
U02800,4,Market trader,Play Store search,1,0,0,0
U02801,5,Salary earner,Referral,1,1,1,0
U02802,7,Market trader,Agent sign-up,1,1,1,1
U02803,7,Salary earner,Play Store search,1,1,1,1
U02804,1,Salary earner,Referral,1,1,0,0
U02805,3,Salary earner,Play Store search,1,1,1,1
U02806,8,Market trader,Agent sign-up,1,1,1,1
U02807,6,Market trader,Agent sign-up,1,0,0,0
U02808,7,Salary earner,Agent sign-up,1,1,0,0
U02809,1,Salary earner,Referral,0,0,0,0
U02810,2,Salary earner,Instagram ad,1,1,1,1
U02811,1,Small business,Referral,1,1,1,1
U02812,8,Small business,Referral,1,1,1,1
U02813,7,Salary earner,Instagram ad,1,0,0,0
U02814,3,Market trader,Agent sign-up,1,0,0,0
U02815,2,Salary earner,Instagram ad,1,1,1,1
U02816,6,Market trader,Referral,1,1,1,1
U02817,8,Market trader,Agent sign-up,1,1,1,1
U02818,7,Small business,Agent sign-up,1,1,1,1
U02819,3,Salary earner,Agent sign-up,1,1,1,1
U02820,2,Student,Referral,1,1,1,1
U02821,2,Market trader,Play Store search,1,0,0,0
U02822,5,Market trader,Referral,1,1,0,0
U02823,2,Small business,Referral,1,1,1,1
U02824,8,Market trader,Instagram ad,1,0,0,0
U02825,1,Small business,Referral,1,0,0,0
U02826,3,Student,Instagram ad,1,1,1,0
U02827,7,Market trader,Agent sign-up,1,0,0,0
U02828,2,Market trader,Referral,1,0,0,0
U02829,5,Market trader,Play Store search,1,1,1,1
U02830,1,Salary earner,Instagram ad,1,1,1,1
U02831,4,Salary earner,Agent sign-up,1,1,0,0
U02832,1,Small business,Referral,1,1,1,1
U02833,8,Small business,Play Store search,0,0,0,0
U02834,8,Small business,Instagram ad,1,1,1,1
U02835,3,Market trader,Agent sign-up,1,1,1,1
U02836,2,Market trader,Agent sign-up,1,1,1,1
U02837,1,Salary earner,Instagram ad,1,1,0,0
U02838,7,Student,Play Store search,1,0,0,0
U02839,2,Student,Referral,1,1,1,1
U02840,6,Salary earner,Instagram ad,1,1,1,0
U02841,2,Student,Play Store search,1,0,0,0
U02842,2,Salary earner,Referral,1,1,0,0
U02843,2,Market trader,Referral,1,0,0,0
U02844,7,Salary earner,Instagram ad,1,1,1,1
U02845,7,Student,Instagram ad,1,1,1,1
U02846,4,Salary earner,Instagram ad,1,1,0,0
U02847,1,Salary earner,Play Store search,1,1,1,1
U02848,4,Market trader,Referral,0,0,0,0
U02849,8,Salary earner,Play Store search,0,0,0,0
U02850,5,Market trader,Instagram ad,1,0,0,0
U02851,1,Market trader,Referral,1,1,1,1
U02852,6,Small business,Play Store search,1,1,0,0
U02853,8,Salary earner,Referral,1,1,0,0
U02854,3,Market trader,Instagram ad,1,0,0,0
U02855,7,Market trader,Agent sign-up,1,1,1,0
U02856,5,Student,Referral,1,1,1,1
U02857,6,Salary earner,Play Store search,1,1,1,1
U02858,3,Salary earner,Instagram ad,1,1,1,0
U02859,6,Student,Instagram ad,1,1,1,1
U02860,2,Market trader,Play Store search,1,0,0,0
U02861,8,Market trader,Agent sign-up,1,0,0,0
U02862,2,Market trader,Referral,1,1,1,1
U02863,2,Market trader,Agent sign-up,1,1,0,0
U02864,4,Market trader,Agent sign-up,1,1,1,1
U02865,7,Small business,Referral,1,0,0,0
U02866,8,Small business,Agent sign-up,1,1,0,0
U02867,5,Student,Referral,1,1,0,0
U02868,3,Salary earner,Instagram ad,1,1,1,0
U02869,4,Market trader,Referral,1,0,0,0
U02870,1,Salary earner,Instagram ad,1,1,1,1
U02871,2,Small business,Play Store search,1,1,1,0
U02872,5,Salary earner,Play Store search,1,1,1,1
U02873,3,Market trader,Referral,1,0,0,0
U02874,2,Market trader,Agent sign-up,1,0,0,0
U02875,7,Small business,Play Store search,1,1,1,1
U02876,5,Market trader,Agent sign-up,1,0,0,0
U02877,6,Salary earner,Instagram ad,1,1,0,0
U02878,6,Salary earner,Instagram ad,1,0,0,0
U02879,5,Market trader,Play Store search,1,0,0,0
U02880,2,Student,Play Store search,1,0,0,0
U02881,7,Market trader,Play Store search,1,1,1,1
U02882,6,Market trader,Agent sign-up,1,0,0,0
U02883,7,Student,Instagram ad,1,0,0,0
U02884,6,Market trader,Referral,1,0,0,0
U02885,5,Salary earner,Referral,1,1,1,1
U02886,8,Market trader,Agent sign-up,1,0,0,0
U02887,2,Student,Referral,1,1,1,1
U02888,1,Student,Instagram ad,1,0,0,0
U02889,2,Market trader,Referral,1,0,0,0
U02890,5,Salary earner,Play Store search,1,0,0,0
U02891,4,Market trader,Agent sign-up,0,0,0,0
U02892,8,Market trader,Agent sign-up,1,0,0,0
U02893,8,Market trader,Referral,1,0,0,0
U02894,2,Market trader,Agent sign-up,1,1,1,1
U02895,7,Student,Play Store search,1,1,1,0
U02896,3,Student,Referral,1,1,1,1
U02897,6,Market trader,Play Store search,1,1,1,1
U02898,5,Salary earner,Referral,1,1,1,1
U02899,2,Market trader,Agent sign-up,1,1,1,1
U02900,7,Market trader,Agent sign-up,1,1,1,1
U02901,7,Market trader,Agent sign-up,1,1,1,1
U02902,7,Market trader,Agent sign-up,0,0,0,0
U02903,2,Small business,Instagram ad,1,1,1,1
U02904,1,Market trader,Agent sign-up,1,1,1,1
U02905,5,Small business,Referral,1,1,1,1
U02906,4,Market trader,Referral,1,1,1,1
U02907,6,Small business,Referral,1,1,1,1
U02908,7,Market trader,Agent sign-up,1,1,0,0
U02909,8,Salary earner,Referral,1,1,1,1
U02910,8,Salary earner,Agent sign-up,1,1,1,1
U02911,4,Small business,Referral,1,1,1,1
U02912,1,Salary earner,Referral,0,0,0,0
U02913,4,Student,Instagram ad,1,0,0,0
U02914,1,Market trader,Referral,1,0,0,0
U02915,4,Salary earner,Play Store search,1,1,1,1
U02916,7,Market trader,Agent sign-up,1,1,1,1
U02917,6,Small business,Play Store search,1,1,1,1
U02918,6,Market trader,Play Store search,1,0,0,0
U02919,3,Market trader,Agent sign-up,1,1,1,0
U02920,4,Market trader,Referral,1,1,1,1
U02921,5,Student,Agent sign-up,1,1,0,0
U02922,4,Market trader,Play Store search,1,0,0,0
U02923,8,Market trader,Referral,1,0,0,0
U02924,2,Market trader,Agent sign-up,1,0,0,0
U02925,5,Small business,Play Store search,1,1,1,1
U02926,4,Small business,Referral,1,1,1,1
U02927,8,Salary earner,Agent sign-up,1,1,1,0
U02928,8,Student,Referral,1,1,1,1
U02929,5,Market trader,Agent sign-up,1,1,1,1
U02930,2,Market trader,Instagram ad,1,1,0,0
U02931,5,Salary earner,Instagram ad,1,1,1,0
U02932,7,Market trader,Referral,0,0,0,0
U02933,8,Market trader,Play Store search,0,0,0,0
U02934,1,Salary earner,Instagram ad,0,0,0,0
U02935,7,Small business,Referral,1,1,1,1
U02936,8,Salary earner,Play Store search,1,1,1,1
U02937,1,Student,Instagram ad,1,0,0,0
U02938,5,Salary earner,Instagram ad,1,1,1,1
U02939,6,Student,Instagram ad,1,0,0,0
U02940,5,Market trader,Instagram ad,0,0,0,0
U02941,8,Market trader,Play Store search,1,1,1,1
U02942,3,Market trader,Play Store search,1,1,1,1
U02943,4,Student,Play Store search,1,0,0,0
U02944,8,Market trader,Referral,1,1,1,1
U02945,5,Market trader,Referral,1,1,1,1
U02946,5,Small business,Instagram ad,0,0,0,0
U02947,5,Market trader,Instagram ad,1,0,0,0
U02948,4,Market trader,Play Store search,1,1,1,1
U02949,7,Market trader,Agent sign-up,1,1,1,1
U02950,3,Market trader,Agent sign-up,1,0,0,0
U02951,5,Salary earner,Play Store search,1,1,1,1
U02952,1,Salary earner,Instagram ad,1,1,1,1
U02953,1,Student,Referral,1,1,1,1
U02954,3,Student,Referral,1,1,0,0
U02955,4,Student,Instagram ad,0,0,0,0
U02956,8,Market trader,Play Store search,1,1,1,1
U02957,4,Student,Referral,1,1,1,0
U02958,6,Salary earner,Agent sign-up,1,1,1,1
U02959,6,Small business,Referral,1,1,1,1
U02960,5,Salary earner,Referral,1,1,1,0
U02961,3,Small business,Referral,1,1,0,0
U02962,6,Market trader,Play Store search,1,0,0,0
U02963,6,Market trader,Play Store search,1,1,1,1
U02964,8,Small business,Referral,1,0,0,0
U02965,3,Salary earner,Play Store search,1,1,1,1
U02966,7,Market trader,Referral,1,1,1,1
U02967,6,Market trader,Play Store search,1,1,1,1
U02968,3,Market trader,Play Store search,1,1,0,0
U02969,2,Salary earner,Play Store search,1,1,1,1
U02970,8,Small business,Instagram ad,1,1,1,1
U02971,8,Small business,Agent sign-up,1,1,1,1
U02972,3,Student,Play Store search,1,0,0,0
U02973,5,Salary earner,Agent sign-up,1,1,0,0
U02974,8,Salary earner,Play Store search,1,1,1,0
U02975,3,Student,Instagram ad,1,1,1,1
U02976,4,Market trader,Play Store search,1,0,0,0
U02977,4,Market trader,Referral,0,0,0,0
U02978,5,Market trader,Referral,1,0,0,0
U02979,7,Market trader,Agent sign-up,1,1,1,1
U02980,3,Salary earner,Referral,1,1,1,1
U02981,5,Market trader,Play Store search,1,0,0,0
U02982,8,Salary earner,Play Store search,1,1,1,1
U02983,4,Salary earner,Referral,0,0,0,0
U02984,7,Small business,Play Store search,1,1,1,1
U02985,1,Salary earner,Referral,1,1,0,0
U02986,4,Salary earner,Play Store search,1,1,1,1
U02987,7,Market trader,Agent sign-up,1,1,0,0
U02988,6,Market trader,Agent sign-up,1,0,0,0
U02989,5,Market trader,Agent sign-up,1,1,1,1
U02990,2,Salary earner,Referral,1,1,1,1
U02991,8,Market trader,Instagram ad,1,1,0,0
U02992,2,Student,Instagram ad,1,1,1,1
U02993,1,Market trader,Play Store search,1,1,1,1
U02994,3,Student,Instagram ad,1,1,1,1
U02995,4,Market trader,Instagram ad,1,0,0,0
U02996,3,Salary earner,Play Store search,1,1,1,0
U02997,5,Salary earner,Agent sign-up,1,1,1,0
U02998,6,Student,Referral,1,1,1,1
U02999,2,Market trader,Play Store search,1,1,0,0
U03000,8,Student,Instagram ad,1,1,1,1
U03001,6,Small business,Instagram ad,1,1,1,1
U03002,7,Student,Referral,1,1,1,1
U03003,1,Student,Agent sign-up,1,1,1,0
U03004,8,Salary earner,Instagram ad,1,1,1,1
U03005,3,Salary earner,Instagram ad,1,1,0,0
U03006,8,Student,Play Store search,1,1,1,1
U03007,2,Market trader,Play Store search,1,1,1,1
U03008,3,Small business,Referral,1,0,0,0
U03009,3,Student,Instagram ad,1,0,0,0
U03010,4,Small business,Referral,1,1,1,1
U03011,4,Market trader,Agent sign-up,1,1,0,0
U03012,4,Salary earner,Play Store search,1,1,0,0
U03013,3,Market trader,Play Store search,1,0,0,0
U03014,3,Salary earner,Referral,1,0,0,0
U03015,4,Market trader,Referral,1,0,0,0
U03016,1,Market trader,Referral,0,0,0,0
U03017,5,Salary earner,Instagram ad,1,1,1,1
U03018,3,Small business,Referral,1,1,0,0
U03019,1,Salary earner,Instagram ad,1,1,1,1
U03020,3,Market trader,Referral,1,1,1,0
U03021,5,Salary earner,Play Store search,1,1,1,1
U03022,1,Salary earner,Referral,1,1,1,0
U03023,2,Salary earner,Agent sign-up,1,1,1,1
U03024,6,Salary earner,Agent sign-up,1,1,0,0
U03025,3,Small business,Referral,1,1,1,1
U03026,6,Market trader,Agent sign-up,1,1,1,1
U03027,5,Market trader,Agent sign-up,1,1,1,1
U03028,1,Small business,Play Store search,1,0,0,0
U03029,1,Student,Instagram ad,1,0,0,0
U03030,1,Market trader,Agent sign-up,1,1,1,1
U03031,3,Market trader,Play Store search,1,1,1,1
U03032,3,Salary earner,Instagram ad,1,0,0,0
U03033,3,Salary earner,Instagram ad,1,1,1,1
U03034,6,Market trader,Play Store search,1,1,1,1
U03035,7,Market trader,Agent sign-up,0,0,0,0
U03036,8,Market trader,Agent sign-up,1,1,1,1
U03037,2,Market trader,Play Store search,1,1,0,0
U03038,6,Student,Agent sign-up,1,1,1,1
U03039,5,Market trader,Agent sign-up,1,0,0,0
U03040,4,Student,Instagram ad,1,1,1,1
U03041,4,Market trader,Agent sign-up,1,1,1,1
U03042,1,Salary earner,Referral,1,1,1,0
U03043,7,Salary earner,Play Store search,1,1,1,0
U03044,8,Market trader,Play Store search,1,1,1,0
U03045,7,Salary earner,Referral,1,1,0,0
U03046,1,Small business,Agent sign-up,1,1,1,1
U03047,7,Salary earner,Play Store search,1,1,1,1
U03048,2,Student,Agent sign-up,1,1,0,0
U03049,4,Market trader,Play Store search,1,1,1,1
U03050,6,Market trader,Agent sign-up,1,0,0,0
U03051,2,Salary earner,Agent sign-up,1,0,0,0
U03052,3,Small business,Instagram ad,1,1,1,1
U03053,1,Market trader,Agent sign-up,1,1,1,1
U03054,7,Student,Referral,1,1,0,0
U03055,7,Salary earner,Play Store search,1,1,1,0
U03056,8,Salary earner,Referral,1,1,1,1
U03057,8,Small business,Referral,1,0,0,0
U03058,7,Market trader,Play Store search,1,0,0,0
U03059,6,Market trader,Referral,0,0,0,0
U03060,4,Salary earner,Instagram ad,1,1,1,1
U03061,6,Student,Agent sign-up,1,1,1,1
U03062,6,Market trader,Referral,1,0,0,0
U03063,7,Market trader,Instagram ad,0,0,0,0
U03064,6,Small business,Referral,1,1,1,1
U03065,2,Small business,Referral,1,1,0,0
U03066,7,Market trader,Agent sign-up,1,0,0,0
U03067,4,Market trader,Play Store search,1,0,0,0
U03068,2,Salary earner,Referral,1,1,1,1
U03069,4,Market trader,Instagram ad,1,0,0,0
U03070,3,Salary earner,Instagram ad,1,0,0,0
U03071,1,Student,Instagram ad,1,0,0,0
U03072,6,Market trader,Agent sign-up,1,1,1,1
U03073,5,Salary earner,Instagram ad,1,1,1,1
U03074,2,Market trader,Agent sign-up,1,0,0,0
U03075,2,Student,Referral,1,1,1,1
U03076,3,Market trader,Agent sign-up,1,1,1,1
U03077,2,Market trader,Play Store search,1,0,0,0
U03078,8,Small business,Referral,1,1,1,0
U03079,3,Student,Play Store search,0,0,0,0
U03080,2,Market trader,Agent sign-up,1,1,1,1
U03081,2,Market trader,Referral,1,0,0,0
U03082,3,Student,Referral,1,1,1,1
U03083,3,Market trader,Agent sign-up,0,0,0,0
U03084,4,Student,Agent sign-up,1,1,1,1
U03085,8,Salary earner,Play Store search,1,1,0,0
U03086,3,Student,Play Store search,1,0,0,0
U03087,3,Salary earner,Instagram ad,1,1,1,1
U03088,3,Salary earner,Referral,1,1,1,1
U03089,1,Salary earner,Play Store search,1,1,0,0
U03090,1,Salary earner,Instagram ad,1,1,0,0
U03091,2,Small business,Play Store search,1,1,1,1
U03092,5,Market trader,Agent sign-up,1,1,0,0
U03093,6,Market trader,Agent sign-up,0,0,0,0
U03094,3,Salary earner,Referral,1,1,1,1
U03095,8,Small business,Instagram ad,1,1,1,1
U03096,6,Student,Referral,1,1,1,0
U03097,8,Market trader,Agent sign-up,1,1,1,0
U03098,7,Small business,Instagram ad,1,1,0,0
U03099,8,Market trader,Agent sign-up,1,1,1,1
U03100,1,Small business,Instagram ad,1,1,0,0
U03101,6,Market trader,Play Store search,1,0,0,0
U03102,7,Market trader,Referral,1,1,1,1
U03103,7,Salary earner,Instagram ad,1,1,1,1
U03104,3,Market trader,Agent sign-up,1,1,1,0
U03105,1,Market trader,Play Store search,1,1,0,0
U03106,4,Market trader,Agent sign-up,1,0,0,0
U03107,5,Market trader,Instagram ad,1,1,1,1
U03108,1,Student,Play Store search,1,1,1,1
U03109,6,Student,Agent sign-up,1,1,1,1
U03110,6,Salary earner,Referral,1,1,0,0
U03111,2,Salary earner,Instagram ad,1,1,0,0
U03112,3,Market trader,Agent sign-up,1,1,1,1
U03113,7,Market trader,Referral,1,0,0,0
U03114,7,Small business,Agent sign-up,1,1,1,1
U03115,2,Market trader,Instagram ad,1,0,0,0
U03116,6,Market trader,Referral,1,0,0,0
U03117,8,Market trader,Play Store search,1,1,1,1
U03118,4,Salary earner,Play Store search,1,0,0,0
U03119,2,Student,Play Store search,1,1,0,0
U03120,4,Student,Referral,1,1,0,0
U03121,4,Salary earner,Play Store search,1,0,0,0
U03122,7,Student,Referral,1,1,1,1
U03123,3,Student,Instagram ad,1,0,0,0
U03124,7,Market trader,Play Store search,1,1,1,1
U03125,4,Salary earner,Referral,1,0,0,0
U03126,4,Small business,Referral,0,0,0,0
U03127,5,Salary earner,Instagram ad,1,1,0,0
U03128,6,Market trader,Agent sign-up,1,1,1,1
U03129,5,Salary earner,Referral,0,0,0,0
U03130,7,Market trader,Play Store search,0,0,0,0
U03131,7,Student,Instagram ad,1,1,0,0
U03132,1,Market trader,Agent sign-up,1,1,1,1
U03133,7,Market trader,Play Store search,1,1,0,0
U03134,8,Student,Play Store search,1,1,1,1
U03135,4,Salary earner,Referral,1,1,1,1
U03136,8,Student,Instagram ad,1,1,1,1
U03137,5,Small business,Referral,1,1,1,0
U03138,4,Market trader,Referral,1,1,1,1
U03139,1,Student,Referral,1,1,1,1
U03140,3,Market trader,Agent sign-up,0,0,0,0
U03141,5,Salary earner,Agent sign-up,1,1,1,1
U03142,4,Market trader,Play Store search,0,0,0,0
U03143,8,Salary earner,Instagram ad,1,1,1,1
U03144,3,Salary earner,Instagram ad,0,0,0,0
U03145,5,Small business,Instagram ad,1,0,0,0
U03146,7,Small business,Instagram ad,1,1,1,0
U03147,6,Market trader,Play Store search,1,1,1,1
U03148,6,Student,Play Store search,1,1,1,0
U03149,6,Student,Play Store search,1,1,1,1
U03150,3,Market trader,Play Store search,1,1,1,1
U03151,3,Salary earner,Instagram ad,1,1,1,1
U03152,4,Salary earner,Play Store search,1,1,1,1
U03153,8,Market trader,Referral,1,0,0,0
U03154,3,Student,Instagram ad,1,0,0,0
U03155,6,Market trader,Instagram ad,1,1,1,1
U03156,8,Market trader,Play Store search,1,0,0,0
U03157,1,Salary earner,Instagram ad,0,0,0,0
U03158,3,Market trader,Play Store search,1,1,1,1
U03159,8,Market trader,Referral,1,1,1,1
U03160,5,Market trader,Agent sign-up,1,1,1,1
U03161,8,Salary earner,Referral,1,1,0,0
U03162,7,Small business,Referral,1,1,1,1
U03163,3,Salary earner,Referral,1,0,0,0
U03164,6,Salary earner,Instagram ad,1,0,0,0
U03165,7,Student,Play Store search,1,0,0,0
U03166,2,Salary earner,Referral,1,1,1,1
U03167,5,Market trader,Agent sign-up,1,1,0,0
U03168,3,Salary earner,Play Store search,1,1,1,1
U03169,8,Student,Play Store search,1,1,1,1
U03170,7,Salary earner,Instagram ad,1,1,1,1
U03171,5,Market trader,Agent sign-up,0,0,0,0
U03172,7,Market trader,Agent sign-up,1,1,0,0
U03173,8,Small business,Agent sign-up,1,1,1,1
U03174,2,Small business,Instagram ad,1,1,1,1
U03175,3,Market trader,Referral,1,1,1,1
U03176,8,Market trader,Agent sign-up,1,1,0,0
U03177,4,Student,Play Store search,1,1,1,1
U03178,8,Small business,Play Store search,1,1,0,0
U03179,7,Small business,Instagram ad,1,0,0,0
U03180,2,Salary earner,Agent sign-up,1,1,1,1
U03181,3,Student,Instagram ad,1,0,0,0
U03182,3,Small business,Play Store search,1,1,1,1
U03183,2,Student,Instagram ad,1,1,1,1
U03184,8,Salary earner,Instagram ad,1,1,1,1
U03185,4,Salary earner,Agent sign-up,1,1,0,0
U03186,3,Student,Instagram ad,1,1,1,1
U03187,7,Small business,Play Store search,1,1,1,1
U03188,3,Student,Referral,1,1,1,1
U03189,8,Student,Instagram ad,1,0,0,0
U03190,8,Salary earner,Instagram ad,1,1,1,0
U03191,1,Salary earner,Referral,1,1,0,0
U03192,7,Salary earner,Play Store search,1,1,1,0
U03193,1,Student,Referral,1,0,0,0
U03194,3,Salary earner,Instagram ad,1,1,0,0
U03195,4,Small business,Instagram ad,1,1,1,1
U03196,3,Small business,Play Store search,1,1,1,1
U03197,1,Salary earner,Play Store search,1,1,1,1
U03198,6,Salary earner,Agent sign-up,1,1,1,1
U03199,4,Salary earner,Instagram ad,1,0,0,0
U03200,4,Market trader,Agent sign-up,1,1,1,1
U03201,1,Salary earner,Instagram ad,1,1,1,1
U03202,5,Market trader,Play Store search,1,1,0,0
U03203,5,Small business,Referral,1,0,0,0
U03204,2,Market trader,Play Store search,1,1,0,0
U03205,5,Market trader,Agent sign-up,1,0,0,0
U03206,1,Market trader,Agent sign-up,1,1,1,1
U03207,3,Market trader,Agent sign-up,1,0,0,0
U03208,5,Student,Play Store search,1,0,0,0
U03209,5,Market trader,Play Store search,1,1,1,1
U03210,1,Small business,Referral,1,1,0,0
U03211,1,Student,Agent sign-up,1,1,1,1
U03212,4,Market trader,Agent sign-up,1,0,0,0
U03213,3,Salary earner,Play Store search,1,1,0,0
U03214,8,Market trader,Play Store search,0,0,0,0
U03215,5,Student,Play Store search,1,0,0,0
U03216,2,Salary earner,Instagram ad,1,1,1,1
U03217,7,Salary earner,Instagram ad,1,0,0,0
U03218,6,Student,Play Store search,0,0,0,0
U03219,5,Salary earner,Referral,1,1,0,0
U03220,3,Salary earner,Referral,1,1,1,1
U03221,6,Student,Instagram ad,1,1,1,1
U03222,4,Student,Instagram ad,0,0,0,0
U03223,8,Salary earner,Instagram ad,1,0,0,0
U03224,4,Market trader,Agent sign-up,1,1,1,0
U03225,1,Salary earner,Play Store search,1,1,0,0
U03226,5,Small business,Play Store search,1,1,0,0
U03227,2,Small business,Referral,0,0,0,0
U03228,6,Student,Instagram ad,1,1,1,1
U03229,6,Student,Play Store search,1,1,1,1
U03230,8,Small business,Instagram ad,1,1,1,1
U03231,2,Student,Referral,0,0,0,0
U03232,4,Salary earner,Instagram ad,1,0,0,0
U03233,5,Salary earner,Play Store search,1,1,1,1
U03234,2,Student,Instagram ad,1,1,1,1
U03235,5,Salary earner,Play Store search,1,1,1,1
U03236,1,Student,Play Store search,1,1,1,0
U03237,8,Market trader,Agent sign-up,0,0,0,0
U03238,3,Small business,Instagram ad,1,1,0,0
U03239,1,Salary earner,Referral,1,1,0,0
U03240,4,Salary earner,Instagram ad,1,1,1,0
U03241,8,Student,Instagram ad,1,1,1,1
U03242,6,Salary earner,Referral,0,0,0,0
U03243,7,Market trader,Instagram ad,1,0,0,0
U03244,4,Salary earner,Referral,1,1,1,1
U03245,6,Salary earner,Referral,1,1,1,1
U03246,8,Small business,Agent sign-up,1,1,1,1
U03247,8,Market trader,Play Store search,1,0,0,0
U03248,1,Salary earner,Instagram ad,1,1,1,0
U03249,1,Market trader,Play Store search,1,0,0,0
U03250,4,Small business,Referral,1,1,0,0
U03251,3,Market trader,Agent sign-up,0,0,0,0
U03252,1,Student,Referral,1,1,1,1
U03253,8,Market trader,Referral,1,1,0,0
U03254,2,Salary earner,Referral,1,1,1,1
U03255,7,Salary earner,Play Store search,1,1,1,1
U03256,1,Market trader,Agent sign-up,1,0,0,0
U03257,6,Salary earner,Agent sign-up,1,1,1,1
U03258,2,Student,Play Store search,1,1,0,0
U03259,5,Student,Instagram ad,1,0,0,0
U03260,3,Student,Referral,1,1,0,0
U03261,6,Market trader,Play Store search,1,1,1,0
U03262,8,Market trader,Play Store search,1,1,1,1
U03263,8,Salary earner,Instagram ad,0,0,0,0
U03264,5,Salary earner,Play Store search,1,0,0,0
U03265,4,Student,Referral,1,1,1,1
U03266,3,Small business,Referral,1,1,1,1
U03267,7,Salary earner,Referral,1,1,1,1
U03268,5,Salary earner,Referral,1,1,1,1
U03269,7,Market trader,Agent sign-up,0,0,0,0
U03270,2,Small business,Agent sign-up,1,1,1,1
U03271,7,Market trader,Agent sign-up,1,0,0,0
U03272,2,Student,Instagram ad,1,0,0,0
U03273,7,Market trader,Agent sign-up,1,1,1,1
U03274,6,Market trader,Agent sign-up,1,1,1,0
U03275,5,Salary earner,Play Store search,1,1,1,1
U03276,6,Student,Agent sign-up,1,1,1,1
U03277,4,Student,Instagram ad,0,0,0,0
U03278,3,Salary earner,Agent sign-up,1,1,1,1
U03279,4,Salary earner,Referral,1,1,0,0
U03280,6,Market trader,Play Store search,1,1,1,1
U03281,1,Student,Agent sign-up,1,1,0,0
U03282,1,Student,Play Store search,1,0,0,0
U03283,6,Small business,Instagram ad,1,1,1,1
U03284,7,Small business,Instagram ad,1,1,1,1
U03285,5,Small business,Instagram ad,1,1,1,1
U03286,1,Salary earner,Play Store search,1,1,0,0
U03287,6,Small business,Play Store search,1,1,0,0
U03288,7,Student,Play Store search,1,1,1,1
U03289,4,Student,Instagram ad,1,0,0,0
U03290,6,Salary earner,Play Store search,1,1,1,1
U03291,7,Student,Play Store search,1,1,0,0
U03292,8,Market trader,Agent sign-up,1,0,0,0
U03293,5,Salary earner,Agent sign-up,1,1,0,0
U03294,4,Student,Referral,1,1,1,0
U03295,3,Market trader,Referral,1,1,1,1
U03296,5,Student,Agent sign-up,0,0,0,0
U03297,2,Small business,Referral,1,0,0,0
U03298,8,Student,Referral,1,1,1,1
U03299,4,Market trader,Agent sign-up,1,1,0,0
U03300,2,Market trader,Referral,1,0,0,0
U03301,3,Market trader,Instagram ad,1,1,0,0
U03302,1,Salary earner,Instagram ad,1,1,1,1
U03303,5,Market trader,Play Store search,1,1,1,1
U03304,6,Small business,Play Store search,1,0,0,0
U03305,3,Market trader,Agent sign-up,0,0,0,0
U03306,5,Salary earner,Play Store search,1,1,0,0
U03307,3,Salary earner,Instagram ad,1,1,0,0
U03308,8,Market trader,Agent sign-up,1,1,0,0
U03309,6,Small business,Instagram ad,1,1,0,0
U03310,6,Market trader,Play Store search,1,1,1,1
U03311,6,Market trader,Agent sign-up,0,0,0,0
U03312,4,Small business,Instagram ad,1,0,0,0
U03313,2,Small business,Agent sign-up,1,1,0,0
U03314,6,Market trader,Play Store search,1,0,0,0
U03315,2,Salary earner,Referral,1,1,0,0
U03316,3,Small business,Agent sign-up,1,1,1,1
U03317,4,Market trader,Agent sign-up,0,0,0,0
U03318,1,Salary earner,Referral,1,1,1,1
U03319,1,Small business,Play Store search,1,1,1,1
U03320,2,Small business,Referral,1,1,0,0
U03321,4,Salary earner,Play Store search,1,1,1,0
U03322,8,Small business,Referral,1,0,0,0
U03323,4,Small business,Referral,1,1,1,1
U03324,7,Salary earner,Referral,1,1,1,0
U03325,8,Market trader,Agent sign-up,1,1,1,1
U03326,4,Market trader,Play Store search,0,0,0,0
U03327,7,Market trader,Agent sign-up,0,0,0,0
U03328,5,Market trader,Agent sign-up,1,1,1,0
U03329,5,Market trader,Play Store search,0,0,0,0
U03330,1,Market trader,Instagram ad,1,1,1,1
U03331,8,Salary earner,Referral,1,1,1,1
U03332,3,Salary earner,Play Store search,1,1,0,0
U03333,1,Market trader,Agent sign-up,1,1,1,1
U03334,8,Market trader,Play Store search,1,1,1,1
U03335,7,Salary earner,Instagram ad,1,1,1,1
U03336,6,Market trader,Referral,1,0,0,0
U03337,4,Student,Instagram ad,1,0,0,0
U03338,3,Student,Instagram ad,1,1,1,1
U03339,2,Salary earner,Agent sign-up,1,1,1,1
U03340,1,Market trader,Referral,1,1,0,0
U03341,8,Market trader,Agent sign-up,1,1,1,1
U03342,1,Market trader,Agent sign-up,1,0,0,0
U03343,5,Market trader,Agent sign-up,1,1,1,1
U03344,3,Market trader,Agent sign-up,0,0,0,0
U03345,5,Salary earner,Instagram ad,1,0,0,0
U03346,6,Market trader,Agent sign-up,1,0,0,0
U03347,7,Market trader,Referral,1,1,1,1
U03348,4,Salary earner,Instagram ad,1,1,1,0
U03349,1,Market trader,Referral,1,1,1,0
U03350,8,Salary earner,Referral,1,1,1,1
U03351,6,Market trader,Play Store search,1,0,0,0
U03352,4,Market trader,Play Store search,1,1,1,1
U03353,2,Market trader,Referral,1,1,1,1
U03354,3,Salary earner,Play Store search,1,1,1,1
U03355,2,Market trader,Referral,1,1,1,1
U03356,7,Market trader,Agent sign-up,1,1,0,0
U03357,5,Salary earner,Referral,1,1,1,1
U03358,4,Salary earner,Referral,1,1,1,1
U03359,5,Student,Agent sign-up,1,1,1,1
U03360,1,Market trader,Agent sign-up,1,1,1,1
U03361,2,Market trader,Agent sign-up,1,1,1,1
U03362,7,Small business,Play Store search,1,1,0,0
U03363,4,Market trader,Instagram ad,1,1,1,1
U03364,3,Student,Referral,1,0,0,0
U03365,4,Student,Play Store search,1,1,1,1
U03366,7,Student,Instagram ad,1,0,0,0
U03367,2,Market trader,Agent sign-up,1,0,0,0
U03368,2,Market trader,Referral,1,0,0,0
U03369,8,Student,Instagram ad,1,1,1,1
U03370,8,Student,Instagram ad,1,1,1,1
U03371,3,Market trader,Play Store search,1,0,0,0
U03372,8,Small business,Instagram ad,1,0,0,0
U03373,4,Market trader,Agent sign-up,1,1,1,1
U03374,1,Small business,Play Store search,1,1,1,1
U03375,5,Market trader,Agent sign-up,1,1,1,1
U03376,6,Market trader,Instagram ad,1,0,0,0
U03377,2,Salary earner,Instagram ad,1,1,1,0
U03378,1,Salary earner,Play Store search,1,1,1,1
U03379,8,Small business,Play Store search,1,1,0,0
U03380,3,Student,Referral,0,0,0,0
U03381,3,Small business,Referral,1,0,0,0
U03382,5,Small business,Play Store search,1,1,1,0
U03383,1,Small business,Instagram ad,1,1,1,1
U03384,7,Student,Play Store search,1,1,1,1
U03385,5,Salary earner,Agent sign-up,1,1,1,1
U03386,5,Student,Referral,1,1,1,1
U03387,1,Salary earner,Play Store search,1,1,1,1
U03388,1,Salary earner,Agent sign-up,1,1,0,0
U03389,4,Student,Agent sign-up,1,0,0,0
U03390,6,Salary earner,Referral,1,0,0,0
U03391,3,Market trader,Agent sign-up,1,1,1,0
U03392,6,Salary earner,Play Store search,1,1,0,0
U03393,4,Market trader,Agent sign-up,1,0,0,0
U03394,1,Salary earner,Instagram ad,1,1,1,1
U03395,6,Student,Referral,1,1,1,1
U03396,5,Market trader,Instagram ad,1,0,0,0
U03397,2,Salary earner,Instagram ad,1,1,0,0
U03398,2,Salary earner,Instagram ad,1,0,0,0
U03399,8,Market trader,Agent sign-up,0,0,0,0
U03400,1,Student,Referral,1,0,0,0
U03401,6,Salary earner,Referral,1,1,1,1
U03402,6,Salary earner,Play Store search,1,0,0,0
U03403,7,Salary earner,Referral,1,1,1,0
U03404,7,Salary earner,Play Store search,1,0,0,0
U03405,4,Small business,Instagram ad,1,1,1,1
U03406,7,Salary earner,Play Store search,1,1,1,0
U03407,8,Market trader,Agent sign-up,1,1,1,1
U03408,5,Salary earner,Instagram ad,1,1,1,1
U03409,6,Salary earner,Referral,1,1,1,1
U03410,3,Salary earner,Referral,1,1,1,1
U03411,1,Student,Play Store search,1,1,0,0
U03412,2,Market trader,Play Store search,0,0,0,0
U03413,1,Salary earner,Referral,1,1,1,1
U03414,7,Market trader,Agent sign-up,1,1,0,0
U03415,2,Salary earner,Instagram ad,1,1,0,0
U03416,2,Student,Agent sign-up,1,1,1,1
U03417,2,Market trader,Play Store search,1,1,1,1
U03418,7,Market trader,Agent sign-up,1,1,1,1
U03419,7,Student,Instagram ad,1,1,1,0
U03420,8,Salary earner,Referral,1,1,1,1
U03421,6,Market trader,Referral,1,0,0,0
U03422,2,Student,Referral,0,0,0,0
U03423,7,Student,Agent sign-up,1,1,0,0
U03424,8,Student,Play Store search,1,0,0,0
U03425,8,Market trader,Play Store search,1,0,0,0
U03426,1,Market trader,Agent sign-up,1,1,1,1
U03427,7,Salary earner,Play Store search,1,1,1,1
U03428,5,Small business,Play Store search,1,1,1,1
U03429,5,Small business,Instagram ad,1,0,0,0
U03430,3,Market trader,Agent sign-up,0,0,0,0
U03431,4,Salary earner,Agent sign-up,0,0,0,0
U03432,4,Market trader,Agent sign-up,1,0,0,0
U03433,2,Small business,Instagram ad,1,1,1,1
U03434,2,Salary earner,Referral,1,1,1,1
U03435,3,Student,Play Store search,1,1,1,1
U03436,1,Small business,Agent sign-up,1,1,1,1
U03437,7,Salary earner,Instagram ad,1,1,1,0
U03438,5,Salary earner,Agent sign-up,1,1,1,1
U03439,8,Salary earner,Referral,1,1,1,1
U03440,1,Market trader,Play Store search,1,1,1,1
U03441,6,Market trader,Agent sign-up,1,1,1,1
U03442,1,Student,Agent sign-up,1,1,0,0
U03443,6,Salary earner,Play Store search,1,1,1,1
U03444,2,Salary earner,Referral,1,1,0,0
U03445,1,Small business,Agent sign-up,0,0,0,0
U03446,4,Market trader,Instagram ad,1,1,0,0
U03447,4,Salary earner,Referral,1,1,1,1
U03448,5,Salary earner,Instagram ad,1,1,1,1
U03449,8,Salary earner,Play Store search,1,1,1,1
U03450,6,Small business,Referral,1,1,1,1
U03451,5,Small business,Instagram ad,1,0,0,0
U03452,1,Salary earner,Referral,1,1,0,0
U03453,8,Market trader,Play Store search,1,0,0,0
U03454,8,Small business,Play Store search,1,1,1,1
U03455,7,Salary earner,Instagram ad,1,1,1,1
U03456,5,Market trader,Referral,1,0,0,0
U03457,6,Market trader,Referral,1,0,0,0
U03458,3,Student,Agent sign-up,1,1,0,0
U03459,2,Small business,Referral,1,1,1,1
U03460,6,Student,Instagram ad,0,0,0,0
U03461,3,Small business,Referral,1,1,1,1
U03462,6,Salary earner,Instagram ad,1,0,0,0
U03463,3,Student,Agent sign-up,1,0,0,0
U03464,6,Market trader,Play Store search,0,0,0,0
U03465,1,Salary earner,Referral,1,0,0,0
U03466,7,Market trader,Instagram ad,1,0,0,0
U03467,6,Salary earner,Instagram ad,1,0,0,0
U03468,7,Small business,Play Store search,1,1,1,1
U03469,3,Salary earner,Agent sign-up,1,1,1,1
U03470,5,Market trader,Referral,1,0,0,0
U03471,1,Market trader,Agent sign-up,1,1,0,0
U03472,7,Market trader,Agent sign-up,1,0,0,0
U03473,6,Market trader,Play Store search,1,1,1,0
U03474,8,Salary earner,Instagram ad,1,1,1,1
U03475,2,Salary earner,Referral,0,0,0,0
U03476,1,Salary earner,Play Store search,1,1,1,1
U03477,5,Small business,Referral,1,1,1,1
U03478,7,Market trader,Referral,1,1,1,1
U03479,6,Salary earner,Play Store search,1,0,0,0
U03480,2,Small business,Referral,1,1,1,1
U03481,5,Market trader,Play Store search,1,0,0,0
U03482,4,Student,Play Store search,1,1,1,1
U03483,8,Salary earner,Instagram ad,1,0,0,0
U03484,5,Small business,Instagram ad,1,0,0,0
U03485,1,Student,Referral,1,1,0,0
U03486,5,Student,Referral,1,1,0,0
U03487,8,Market trader,Play Store search,1,0,0,0
U03488,7,Market trader,Referral,0,0,0,0
U03489,6,Salary earner,Instagram ad,1,1,1,1
U03490,3,Student,Play Store search,1,0,0,0
U03491,5,Salary earner,Instagram ad,1,1,1,1
U03492,5,Market trader,Play Store search,1,1,1,1
U03493,7,Student,Instagram ad,1,1,1,1
U03494,3,Small business,Referral,0,0,0,0
U03495,1,Small business,Referral,1,1,1,1
U03496,5,Student,Instagram ad,1,0,0,0
U03497,5,Student,Play Store search,1,0,0,0
U03498,5,Salary earner,Play Store search,1,1,1,1
U03499,6,Salary earner,Referral,1,0,0,0
U03500,8,Small business,Instagram ad,1,1,1,1
U03501,1,Student,Agent sign-up,1,1,0,0
U03502,6,Market trader,Play Store search,1,0,0,0
U03503,6,Salary earner,Instagram ad,1,1,1,0
U03504,4,Market trader,Agent sign-up,0,0,0,0
U03505,3,Small business,Agent sign-up,1,1,1,1
U03506,4,Salary earner,Instagram ad,1,1,1,1
U03507,4,Salary earner,Instagram ad,1,1,0,0
U03508,1,Salary earner,Play Store search,1,1,1,1
U03509,8,Student,Instagram ad,1,1,1,1
U03510,8,Small business,Referral,1,1,1,0
U03511,5,Market trader,Agent sign-up,1,1,1,1
U03512,2,Market trader,Play Store search,1,1,1,1
U03513,4,Market trader,Play Store search,1,0,0,0
U03514,8,Salary earner,Agent sign-up,1,1,1,1
U03515,5,Salary earner,Referral,1,0,0,0
U03516,3,Salary earner,Referral,1,1,1,1
U03517,2,Salary earner,Play Store search,1,1,1,1
U03518,1,Small business,Play Store search,1,1,1,1
U03519,5,Market trader,Referral,1,0,0,0
U03520,1,Salary earner,Referral,1,1,1,1
U03521,4,Market trader,Play Store search,1,0,0,0
U03522,5,Market trader,Agent sign-up,1,1,0,0
U03523,8,Market trader,Agent sign-up,1,1,0,0
U03524,5,Salary earner,Instagram ad,1,1,1,1
U03525,1,Market trader,Play Store search,1,1,0,0
U03526,1,Small business,Agent sign-up,1,1,1,1
U03527,6,Small business,Agent sign-up,1,1,1,1
U03528,4,Salary earner,Referral,1,1,0,0
U03529,1,Market trader,Agent sign-up,1,1,1,0
U03530,4,Market trader,Instagram ad,1,1,1,1
U03531,5,Small business,Play Store search,1,1,1,1
U03532,7,Salary earner,Instagram ad,1,1,0,0
U03533,8,Salary earner,Play Store search,1,1,0,0
U03534,1,Small business,Play Store search,1,0,0,0
U03535,1,Salary earner,Referral,1,1,1,1
U03536,7,Salary earner,Agent sign-up,1,1,0,0
U03537,8,Market trader,Referral,1,0,0,0
U03538,5,Salary earner,Play Store search,1,1,1,1
U03539,8,Market trader,Agent sign-up,1,1,0,0
U03540,6,Small business,Referral,1,0,0,0
U03541,5,Market trader,Referral,1,0,0,0
U03542,4,Small business,Instagram ad,0,0,0,0
U03543,7,Salary earner,Play Store search,1,0,0,0
U03544,2,Market trader,Referral,1,1,1,1
U03545,1,Market trader,Play Store search,0,0,0,0
U03546,6,Market trader,Play Store search,1,0,0,0
U03547,5,Small business,Agent sign-up,1,0,0,0
U03548,3,Salary earner,Referral,1,1,1,1
U03549,5,Salary earner,Referral,1,1,1,1
U03550,3,Market trader,Agent sign-up,1,1,1,1
U03551,8,Small business,Agent sign-up,1,1,1,0
U03552,6,Small business,Instagram ad,1,1,1,1
U03553,2,Small business,Referral,1,1,1,1
U03554,2,Small business,Instagram ad,1,1,1,1
U03555,8,Market trader,Play Store search,1,1,1,1
U03556,6,Salary earner,Referral,1,1,0,0
U03557,2,Market trader,Play Store search,1,1,1,1
U03558,1,Student,Instagram ad,1,1,0,0
U03559,7,Salary earner,Referral,0,0,0,0
U03560,7,Salary earner,Play Store search,1,1,0,0
U03561,3,Student,Play Store search,1,0,0,0
U03562,6,Market trader,Referral,1,1,0,0
U03563,3,Small business,Instagram ad,1,0,0,0
U03564,1,Student,Referral,0,0,0,0
U03565,2,Student,Referral,1,1,1,1
U03566,2,Market trader,Agent sign-up,1,1,1,1
U03567,7,Market trader,Agent sign-up,1,1,1,1
U03568,2,Student,Play Store search,1,1,1,1
U03569,8,Market trader,Agent sign-up,1,1,1,1
U03570,7,Market trader,Referral,1,1,1,1
U03571,8,Salary earner,Referral,1,1,1,1
U03572,4,Salary earner,Referral,1,0,0,0
U03573,2,Student,Referral,1,0,0,0
U03574,7,Market trader,Referral,1,0,0,0
U03575,4,Market trader,Agent sign-up,1,1,0,0
U03576,3,Market trader,Play Store search,1,1,1,1
U03577,5,Market trader,Play Store search,1,1,1,1
U03578,6,Small business,Play Store search,1,1,1,0
U03579,6,Salary earner,Instagram ad,1,0,0,0
U03580,4,Market trader,Instagram ad,1,0,0,0
U03581,5,Salary earner,Instagram ad,1,1,1,0
U03582,7,Market trader,Agent sign-up,1,1,1,1
U03583,3,Market trader,Agent sign-up,1,1,0,0
U03584,4,Salary earner,Referral,1,1,1,0
U03585,2,Salary earner,Referral,1,1,1,1
U03586,4,Salary earner,Referral,0,0,0,0
U03587,4,Salary earner,Instagram ad,1,1,1,1
U03588,8,Salary earner,Play Store search,1,1,0,0
U03589,2,Market trader,Agent sign-up,1,1,1,1
U03590,2,Salary earner,Instagram ad,1,0,0,0
U03591,8,Salary earner,Instagram ad,1,0,0,0
U03592,1,Market trader,Agent sign-up,1,1,1,1
U03593,2,Market trader,Agent sign-up,1,0,0,0
U03594,4,Salary earner,Instagram ad,1,1,0,0
U03595,8,Salary earner,Instagram ad,1,1,1,1
U03596,2,Salary earner,Play Store search,1,1,1,1
U03597,5,Market trader,Instagram ad,1,1,1,1
U03598,8,Student,Instagram ad,1,0,0,0
U03599,3,Student,Referral,1,1,1,1
U03600,3,Student,Play Store search,1,0,0,0
U03601,1,Salary earner,Agent sign-up,1,1,0,0
U03602,5,Salary earner,Instagram ad,1,0,0,0
U03603,7,Market trader,Agent sign-up,1,1,1,1
U03604,3,Salary earner,Instagram ad,1,1,1,0
U03605,6,Market trader,Play Store search,1,1,1,1
U03606,7,Student,Referral,1,0,0,0
U03607,6,Market trader,Agent sign-up,0,0,0,0
U03608,6,Small business,Instagram ad,1,1,0,0
U03609,1,Salary earner,Play Store search,0,0,0,0
U03610,6,Small business,Referral,1,1,1,1
U03611,3,Market trader,Agent sign-up,1,1,1,1
U03612,6,Salary earner,Instagram ad,1,1,1,0
U03613,3,Salary earner,Instagram ad,1,0,0,0
U03614,5,Market trader,Referral,1,1,1,1
U03615,1,Small business,Referral,1,1,1,0
U03616,7,Market trader,Agent sign-up,0,0,0,0
U03617,2,Student,Referral,1,0,0,0
U03618,2,Salary earner,Referral,1,1,1,1
U03619,1,Market trader,Play Store search,1,0,0,0
U03620,1,Salary earner,Referral,1,0,0,0
U03621,3,Market trader,Referral,1,1,1,1
U03622,8,Salary earner,Play Store search,1,0,0,0
U03623,1,Market trader,Play Store search,1,0,0,0
U03624,3,Market trader,Play Store search,1,0,0,0
U03625,2,Market trader,Play Store search,1,1,0,0
U03626,1,Market trader,Play Store search,1,1,1,1
U03627,8,Salary earner,Agent sign-up,1,1,1,1
U03628,2,Salary earner,Instagram ad,1,1,1,0
U03629,6,Salary earner,Play Store search,0,0,0,0
U03630,4,Market trader,Agent sign-up,1,1,0,0
U03631,3,Salary earner,Referral,1,1,1,1
U03632,7,Market trader,Agent sign-up,1,1,1,1
U03633,6,Student,Instagram ad,1,1,1,1
U03634,5,Small business,Referral,1,1,1,1
U03635,7,Market trader,Agent sign-up,1,1,1,1
U03636,6,Market trader,Play Store search,1,0,0,0
U03637,3,Market trader,Play Store search,1,1,1,1
U03638,3,Small business,Instagram ad,0,0,0,0
U03639,8,Small business,Play Store search,0,0,0,0
U03640,7,Salary earner,Referral,0,0,0,0
U03641,4,Market trader,Agent sign-up,0,0,0,0
U03642,3,Student,Instagram ad,1,1,1,1
U03643,3,Market trader,Agent sign-up,1,1,1,0
U03644,6,Market trader,Agent sign-up,1,0,0,0
U03645,3,Small business,Instagram ad,1,1,1,1
U03646,8,Market trader,Play Store search,0,0,0,0
U03647,1,Student,Referral,1,1,1,1
U03648,4,Market trader,Play Store search,1,0,0,0
U03649,6,Market trader,Play Store search,1,0,0,0
U03650,8,Market trader,Play Store search,1,0,0,0
U03651,8,Salary earner,Referral,1,1,1,1
U03652,8,Student,Agent sign-up,1,1,1,1
U03653,3,Market trader,Agent sign-up,1,1,1,1
U03654,2,Small business,Referral,0,0,0,0
U03655,5,Salary earner,Referral,1,0,0,0
U03656,8,Salary earner,Instagram ad,1,1,1,1
U03657,5,Salary earner,Agent sign-up,1,1,1,0
U03658,3,Salary earner,Play Store search,1,1,1,1
U03659,6,Student,Referral,1,1,1,1
U03660,8,Market trader,Agent sign-up,1,0,0,0
U03661,2,Student,Play Store search,1,1,1,0
U03662,1,Market trader,Referral,1,0,0,0
U03663,4,Salary earner,Instagram ad,1,1,1,1
U03664,3,Salary earner,Agent sign-up,1,0,0,0
U03665,4,Student,Referral,1,1,1,1
U03666,8,Small business,Play Store search,1,1,1,1
U03667,2,Market trader,Agent sign-up,1,1,0,0
U03668,2,Market trader,Agent sign-up,1,1,1,1
U03669,6,Small business,Referral,1,1,0,0
U03670,1,Market trader,Referral,1,0,0,0
U03671,6,Salary earner,Referral,1,1,1,1
U03672,1,Market trader,Agent sign-up,0,0,0,0
U03673,2,Student,Referral,1,0,0,0
U03674,5,Student,Referral,1,1,0,0
U03675,8,Market trader,Referral,1,0,0,0
U03676,5,Student,Agent sign-up,1,1,1,1
U03677,6,Salary earner,Instagram ad,1,1,1,1
U03678,1,Salary earner,Instagram ad,1,1,1,1
U03679,1,Student,Play Store search,1,1,1,1
U03680,3,Salary earner,Referral,1,1,1,1
U03681,2,Student,Play Store search,1,1,1,1
U03682,8,Salary earner,Instagram ad,1,0,0,0
U03683,8,Salary earner,Referral,1,1,1,1
U03684,8,Student,Play Store search,0,0,0,0
U03685,6,Student,Referral,1,0,0,0
U03686,6,Market trader,Referral,0,0,0,0
U03687,5,Salary earner,Referral,1,1,1,1
U03688,2,Market trader,Agent sign-up,0,0,0,0
U03689,1,Small business,Referral,1,1,1,1
U03690,7,Small business,Referral,1,1,1,1
U03691,1,Small business,Play Store search,1,1,1,1
U03692,8,Student,Referral,1,1,1,0
U03693,1,Salary earner,Instagram ad,1,1,1,0
U03694,2,Small business,Play Store search,1,1,1,1
U03695,6,Small business,Instagram ad,1,1,1,1
U03696,6,Salary earner,Referral,0,0,0,0
U03697,2,Market trader,Referral,1,0,0,0
U03698,6,Salary earner,Play Store search,1,1,1,1
U03699,3,Salary earner,Play Store search,1,1,1,1
U03700,2,Student,Referral,1,0,0,0
U03701,8,Salary earner,Instagram ad,1,1,1,1
U03702,2,Salary earner,Play Store search,1,1,1,0
U03703,6,Market trader,Agent sign-up,1,1,0,0
U03704,3,Market trader,Agent sign-up,1,0,0,0
U03705,8,Salary earner,Instagram ad,1,1,1,1
U03706,8,Student,Play Store search,1,1,0,0
U03707,8,Small business,Play Store search,1,0,0,0
U03708,6,Salary earner,Referral,1,1,1,1
U03709,3,Student,Instagram ad,1,0,0,0
U03710,3,Market trader,Referral,1,1,1,1
U03711,2,Market trader,Agent sign-up,1,0,0,0
U03712,1,Student,Instagram ad,1,0,0,0
U03713,3,Student,Play Store search,0,0,0,0
U03714,2,Small business,Instagram ad,1,1,0,0
U03715,8,Student,Instagram ad,0,0,0,0
U03716,1,Market trader,Referral,0,0,0,0
U03717,7,Market trader,Referral,1,1,1,1
U03718,2,Market trader,Agent sign-up,1,0,0,0
U03719,6,Student,Instagram ad,1,1,1,1
U03720,5,Market trader,Agent sign-up,1,1,0,0
U03721,6,Salary earner,Referral,1,1,1,1
U03722,2,Student,Play Store search,1,1,1,1
U03723,6,Student,Instagram ad,1,1,1,1
U03724,1,Student,Instagram ad,1,0,0,0
U03725,7,Small business,Play Store search,1,1,1,1
U03726,2,Student,Referral,1,1,0,0
U03727,4,Small business,Referral,1,0,0,0
U03728,2,Market trader,Agent sign-up,1,1,1,1
U03729,4,Small business,Instagram ad,1,1,1,1
U03730,4,Salary earner,Referral,1,0,0,0
U03731,8,Market trader,Instagram ad,1,0,0,0
U03732,1,Salary earner,Instagram ad,1,1,1,1
U03733,5,Salary earner,Agent sign-up,1,1,1,1
U03734,7,Salary earner,Play Store search,1,1,1,1
U03735,4,Salary earner,Instagram ad,1,1,1,1
U03736,4,Market trader,Agent sign-up,1,1,1,1
U03737,2,Small business,Play Store search,0,0,0,0
U03738,5,Small business,Instagram ad,1,1,1,1
U03739,3,Student,Instagram ad,1,0,0,0
U03740,5,Small business,Referral,1,1,1,1
U03741,1,Small business,Play Store search,1,1,1,1
U03742,1,Student,Play Store search,1,0,0,0
U03743,4,Small business,Instagram ad,1,1,0,0
U03744,7,Student,Play Store search,1,0,0,0
U03745,3,Market trader,Agent sign-up,1,0,0,0
U03746,1,Student,Referral,1,0,0,0
U03747,6,Salary earner,Play Store search,1,1,0,0
U03748,8,Market trader,Referral,1,1,0,0
U03749,5,Salary earner,Play Store search,1,1,1,0
U03750,7,Salary earner,Instagram ad,1,1,1,1
U03751,2,Market trader,Agent sign-up,1,1,1,1
U03752,8,Student,Play Store search,1,0,0,0
U03753,6,Salary earner,Instagram ad,1,0,0,0
U03754,5,Salary earner,Referral,1,1,1,1
U03755,8,Student,Agent sign-up,1,0,0,0
U03756,7,Market trader,Play Store search,1,1,1,0
U03757,1,Market trader,Agent sign-up,1,1,0,0
U03758,5,Salary earner,Referral,0,0,0,0
U03759,7,Student,Referral,1,1,1,1
U03760,8,Market trader,Agent sign-up,1,1,1,1
U03761,3,Salary earner,Instagram ad,1,1,0,0
U03762,1,Student,Play Store search,1,1,1,1
U03763,1,Salary earner,Play Store search,1,1,1,1
U03764,1,Small business,Instagram ad,0,0,0,0
U03765,8,Market trader,Agent sign-up,1,0,0,0
U03766,3,Market trader,Referral,0,0,0,0
U03767,4,Market trader,Play Store search,1,0,0,0
U03768,2,Small business,Agent sign-up,1,1,0,0
U03769,4,Market trader,Instagram ad,0,0,0,0
U03770,7,Student,Instagram ad,1,0,0,0
U03771,2,Market trader,Play Store search,1,1,1,1
U03772,4,Student,Referral,1,1,1,1
U03773,6,Small business,Instagram ad,1,1,0,0
U03774,2,Market trader,Agent sign-up,1,1,0,0
U03775,4,Market trader,Agent sign-up,1,1,1,1
U03776,4,Market trader,Referral,1,0,0,0
U03777,5,Market trader,Agent sign-up,1,0,0,0
U03778,8,Salary earner,Instagram ad,1,1,1,1
U03779,3,Salary earner,Instagram ad,1,0,0,0
U03780,1,Salary earner,Referral,1,1,0,0
U03781,6,Market trader,Referral,1,0,0,0
U03782,7,Small business,Instagram ad,1,0,0,0
U03783,1,Salary earner,Instagram ad,1,1,1,1
U03784,3,Market trader,Play Store search,1,0,0,0
U03785,7,Small business,Agent sign-up,1,0,0,0
U03786,1,Market trader,Agent sign-up,1,1,1,1
U03787,6,Student,Instagram ad,1,1,0,0
U03788,8,Salary earner,Referral,1,0,0,0
U03789,2,Small business,Referral,1,1,1,1
U03790,4,Student,Instagram ad,1,1,1,0
U03791,8,Student,Referral,1,1,1,0
U03792,5,Student,Instagram ad,1,0,0,0
U03793,3,Market trader,Agent sign-up,1,0,0,0
U03794,2,Salary earner,Instagram ad,1,1,1,1
U03795,8,Salary earner,Referral,0,0,0,0
U03796,3,Salary earner,Referral,1,1,1,1
U03797,2,Market trader,Agent sign-up,1,1,1,1
U03798,8,Market trader,Instagram ad,1,0,0,0
U03799,1,Market trader,Agent sign-up,1,0,0,0
U03800,3,Student,Instagram ad,1,1,1,1
U03801,3,Market trader,Play Store search,1,0,0,0
U03802,2,Salary earner,Referral,1,1,0,0
U03803,2,Salary earner,Instagram ad,1,1,0,0
U03804,1,Market trader,Instagram ad,1,0,0,0
U03805,2,Small business,Play Store search,1,1,0,0
U03806,5,Market trader,Agent sign-up,1,0,0,0
U03807,2,Student,Instagram ad,0,0,0,0
U03808,1,Student,Referral,1,0,0,0
U03809,5,Salary earner,Referral,1,1,1,1
U03810,7,Market trader,Instagram ad,1,1,1,0
U03811,6,Small business,Play Store search,1,1,1,1
U03812,4,Small business,Play Store search,1,1,0,0
U03813,6,Student,Agent sign-up,1,0,0,0
U03814,1,Market trader,Agent sign-up,1,1,1,1
U03815,7,Market trader,Agent sign-up,1,1,1,0
U03816,2,Small business,Referral,0,0,0,0
U03817,1,Market trader,Play Store search,0,0,0,0
U03818,3,Market trader,Agent sign-up,1,0,0,0
U03819,6,Salary earner,Agent sign-up,1,1,1,0
U03820,5,Salary earner,Referral,1,1,1,1
U03821,3,Small business,Referral,1,1,1,1
U03822,5,Small business,Referral,1,1,1,1
U03823,6,Market trader,Agent sign-up,1,1,1,1
U03824,2,Market trader,Referral,1,1,1,1
U03825,5,Salary earner,Play Store search,1,1,0,0
U03826,8,Salary earner,Instagram ad,1,1,1,0
U03827,6,Student,Referral,1,1,1,1
U03828,3,Market trader,Play Store search,1,1,1,1
U03829,1,Market trader,Play Store search,1,0,0,0
U03830,1,Market trader,Agent sign-up,1,0,0,0
U03831,5,Market trader,Agent sign-up,1,1,1,1
U03832,4,Market trader,Play Store search,1,0,0,0
U03833,5,Student,Agent sign-up,0,0,0,0
U03834,2,Salary earner,Play Store search,1,1,1,1
U03835,2,Small business,Referral,1,1,1,0
U03836,7,Salary earner,Referral,1,1,1,1
U03837,8,Market trader,Agent sign-up,0,0,0,0
U03838,8,Market trader,Agent sign-up,1,1,1,0
U03839,6,Small business,Instagram ad,1,1,0,0
U03840,8,Market trader,Agent sign-up,1,0,0,0
U03841,1,Market trader,Play Store search,1,1,1,1
U03842,1,Market trader,Agent sign-up,1,1,1,1
U03843,6,Salary earner,Referral,1,1,0,0
U03844,3,Salary earner,Instagram ad,1,1,0,0
U03845,6,Market trader,Referral,1,1,1,1
U03846,2,Salary earner,Play Store search,1,1,1,1
U03847,8,Student,Agent sign-up,1,1,0,0
U03848,6,Small business,Referral,1,1,1,0
U03849,1,Salary earner,Instagram ad,1,0,0,0
U03850,3,Market trader,Play Store search,1,0,0,0
U03851,3,Salary earner,Play Store search,1,1,1,0
U03852,2,Market trader,Play Store search,1,0,0,0
U03853,2,Salary earner,Agent sign-up,1,1,1,1
U03854,6,Market trader,Agent sign-up,1,1,1,1
U03855,7,Student,Instagram ad,1,0,0,0
U03856,3,Market trader,Play Store search,0,0,0,0
U03857,6,Market trader,Agent sign-up,1,0,0,0
U03858,1,Salary earner,Play Store search,1,0,0,0
U03859,7,Small business,Play Store search,1,0,0,0
U03860,2,Market trader,Play Store search,1,0,0,0
U03861,4,Market trader,Referral,1,0,0,0
U03862,5,Small business,Instagram ad,1,1,0,0
U03863,6,Market trader,Referral,1,1,1,1
U03864,4,Salary earner,Instagram ad,1,0,0,0
U03865,6,Small business,Referral,1,1,1,1
U03866,7,Student,Agent sign-up,1,0,0,0
U03867,8,Market trader,Agent sign-up,1,1,1,1
U03868,7,Salary earner,Instagram ad,1,1,0,0
U03869,1,Salary earner,Referral,1,1,1,1
U03870,5,Market trader,Agent sign-up,1,0,0,0
U03871,5,Salary earner,Agent sign-up,1,1,1,1
U03872,2,Student,Agent sign-up,1,1,1,1
U03873,2,Salary earner,Referral,1,0,0,0
U03874,1,Small business,Instagram ad,1,1,1,1
U03875,2,Market trader,Play Store search,1,0,0,0
U03876,2,Student,Play Store search,1,1,0,0
U03877,8,Student,Instagram ad,1,0,0,0
U03878,6,Market trader,Agent sign-up,1,1,1,1
U03879,1,Market trader,Agent sign-up,1,1,1,1
U03880,8,Salary earner,Referral,1,1,1,1
U03881,8,Market trader,Agent sign-up,1,1,1,1
U03882,5,Student,Instagram ad,1,0,0,0
U03883,4,Salary earner,Referral,1,1,1,1
U03884,6,Market trader,Play Store search,1,1,1,1
U03885,6,Small business,Play Store search,1,1,1,1
U03886,7,Student,Instagram ad,1,1,1,1
U03887,5,Student,Referral,1,1,0,0
U03888,7,Market trader,Play Store search,1,0,0,0
U03889,2,Market trader,Agent sign-up,1,1,0,0
U03890,5,Market trader,Referral,1,1,1,1
U03891,1,Student,Agent sign-up,1,1,1,1
U03892,8,Salary earner,Referral,1,1,1,1
U03893,7,Market trader,Agent sign-up,1,0,0,0
U03894,7,Market trader,Agent sign-up,1,1,1,0
U03895,6,Salary earner,Play Store search,1,1,1,1
U03896,4,Salary earner,Referral,1,1,0,0
U03897,8,Market trader,Agent sign-up,1,0,0,0
U03898,3,Student,Instagram ad,1,0,0,0
U03899,1,Student,Play Store search,1,0,0,0
U03900,5,Student,Agent sign-up,1,1,1,1
U03901,3,Salary earner,Instagram ad,1,1,1,1
U03902,7,Market trader,Play Store search,1,0,0,0
U03903,5,Salary earner,Instagram ad,1,1,1,1
U03904,3,Salary earner,Referral,1,1,1,1
U03905,3,Market trader,Agent sign-up,1,0,0,0
U03906,7,Small business,Referral,1,1,1,0
U03907,2,Salary earner,Instagram ad,1,0,0,0
U03908,5,Student,Play Store search,1,1,1,1
U03909,2,Small business,Play Store search,0,0,0,0
U03910,6,Small business,Play Store search,0,0,0,0
U03911,4,Salary earner,Instagram ad,1,1,1,1
U03912,1,Market trader,Referral,1,1,1,1
U03913,3,Small business,Play Store search,1,1,1,1
U03914,8,Small business,Instagram ad,1,1,1,1
U03915,1,Student,Agent sign-up,1,0,0,0
U03916,8,Market trader,Agent sign-up,0,0,0,0
U03917,5,Student,Play Store search,1,1,1,1
U03918,8,Market trader,Referral,1,1,1,1
U03919,3,Market trader,Agent sign-up,1,1,1,1
U03920,7,Market trader,Referral,0,0,0,0
U03921,8,Market trader,Agent sign-up,1,1,1,1
U03922,8,Market trader,Play Store search,1,0,0,0
U03923,6,Market trader,Agent sign-up,1,0,0,0
U03924,4,Student,Instagram ad,1,1,0,0
U03925,3,Market trader,Agent sign-up,0,0,0,0
U03926,6,Salary earner,Referral,1,1,1,1
U03927,6,Student,Referral,1,1,0,0
U03928,1,Salary earner,Instagram ad,1,0,0,0
U03929,3,Small business,Referral,1,1,0,0
U03930,1,Market trader,Play Store search,1,0,0,0
U03931,6,Market trader,Agent sign-up,1,1,1,1
U03932,2,Market trader,Referral,1,1,1,1
U03933,7,Salary earner,Instagram ad,1,1,1,1
U03934,6,Market trader,Agent sign-up,1,1,1,0
U03935,3,Market trader,Agent sign-up,1,1,1,1
U03936,3,Student,Referral,1,1,1,1
U03937,8,Salary earner,Referral,1,1,0,0
U03938,4,Market trader,Agent sign-up,1,0,0,0
U03939,8,Market trader,Agent sign-up,1,1,1,1
U03940,5,Market trader,Instagram ad,0,0,0,0
U03941,1,Student,Play Store search,1,0,0,0
U03942,8,Market trader,Play Store search,1,1,1,1
U03943,4,Market trader,Referral,0,0,0,0
U03944,4,Salary earner,Referral,1,1,1,1
U03945,5,Student,Referral,1,0,0,0
U03946,4,Student,Instagram ad,1,1,1,1
U03947,3,Student,Agent sign-up,1,1,1,1
U03948,1,Salary earner,Referral,1,1,1,1
U03949,2,Student,Referral,1,1,1,1
U03950,8,Student,Referral,1,1,1,1
U03951,7,Student,Referral,1,1,1,1
U03952,4,Salary earner,Referral,1,1,1,1
U03953,4,Small business,Play Store search,1,1,1,1
U03954,6,Salary earner,Play Store search,1,1,1,1
U03955,6,Student,Referral,1,1,1,1
U03956,6,Market trader,Instagram ad,1,0,0,0
U03957,6,Student,Play Store search,0,0,0,0
U03958,5,Salary earner,Play Store search,0,0,0,0
U03959,7,Market trader,Instagram ad,1,0,0,0
U03960,6,Salary earner,Referral,1,1,1,0
U03961,8,Market trader,Instagram ad,1,1,1,1
U03962,4,Student,Instagram ad,1,0,0,0
U03963,3,Market trader,Play Store search,1,0,0,0
U03964,4,Salary earner,Instagram ad,1,1,1,1
U03965,8,Market trader,Play Store search,0,0,0,0
U03966,7,Salary earner,Referral,1,1,1,1
U03967,2,Salary earner,Play Store search,1,1,1,1
U03968,7,Market trader,Agent sign-up,1,0,0,0
U03969,5,Market trader,Instagram ad,1,1,1,1
U03970,8,Small business,Agent sign-up,1,1,1,1
U03971,2,Market trader,Play Store search,1,1,0,0
U03972,3,Small business,Referral,1,1,1,1
U03973,7,Salary earner,Play Store search,0,0,0,0
U03974,5,Market trader,Play Store search,1,0,0,0
U03975,1,Salary earner,Instagram ad,1,1,1,1
U03976,8,Student,Referral,1,0,0,0
U03977,8,Market trader,Play Store search,1,0,0,0
U03978,7,Market trader,Referral,1,1,1,1
U03979,8,Salary earner,Instagram ad,1,1,1,1
U03980,8,Market trader,Play Store search,1,0,0,0
U03981,4,Market trader,Play Store search,1,1,0,0
U03982,1,Salary earner,Referral,1,1,0,0
U03983,1,Small business,Instagram ad,0,0,0,0
U03984,4,Market trader,Agent sign-up,1,1,1,1
U03985,3,Market trader,Agent sign-up,1,0,0,0
U03986,6,Salary earner,Agent sign-up,1,1,1,1
U03987,2,Salary earner,Play Store search,1,1,0,0
U03988,7,Salary earner,Play Store search,0,0,0,0
U03989,5,Market trader,Play Store search,1,1,1,1
U03990,4,Salary earner,Agent sign-up,1,1,1,1
U03991,1,Small business,Agent sign-up,1,1,1,1
U03992,6,Student,Referral,1,1,0,0
U03993,4,Market trader,Play Store search,1,1,1,1
U03994,6,Student,Referral,1,1,1,1
U03995,1,Market trader,Play Store search,1,1,1,1
U03996,4,Small business,Referral,1,1,1,1
U03997,4,Market trader,Referral,1,1,1,1
U03998,4,Student,Referral,1,0,0,0
U03999,3,Student,Instagram ad,1,0,0,0
U04000,6,Market trader,Referral,1,1,1,1
U04001,2,Student,Referral,1,0,0,0
U04002,2,Salary earner,Instagram ad,1,0,0,0
U04003,8,Student,Referral,1,0,0,0
U04004,7,Market trader,Agent sign-up,1,0,0,0
U04005,3,Student,Referral,1,1,1,1
U04006,4,Salary earner,Play Store search,1,0,0,0
U04007,4,Salary earner,Play Store search,1,1,1,0
U04008,1,Salary earner,Play Store search,1,1,0,0
U04009,4,Market trader,Instagram ad,0,0,0,0
U04010,5,Salary earner,Referral,0,0,0,0
U04011,3,Small business,Agent sign-up,0,0,0,0
U04012,1,Student,Agent sign-up,0,0,0,0
U04013,2,Market trader,Agent sign-up,0,0,0,0
U04014,2,Small business,Referral,1,0,0,0
U04015,7,Salary earner,Referral,1,0,0,0
U04016,2,Student,Play Store search,1,1,1,0
U04017,6,Market trader,Agent sign-up,1,1,1,1
U04018,8,Student,Agent sign-up,1,1,1,1
U04019,1,Salary earner,Referral,1,1,1,1
U04020,1,Market trader,Referral,1,1,1,1
U04021,8,Salary earner,Play Store search,1,1,1,1
U04022,7,Salary earner,Referral,1,1,1,1
U04023,6,Market trader,Referral,1,1,1,0
U04024,8,Market trader,Referral,1,0,0,0
U04025,1,Small business,Play Store search,1,1,1,0
U04026,6,Student,Referral,1,1,1,1
U04027,7,Market trader,Agent sign-up,1,1,0,0
U04028,2,Student,Instagram ad,1,0,0,0
U04029,1,Small business,Referral,1,1,1,1
U04030,2,Market trader,Play Store search,1,1,1,1
U04031,5,Market trader,Agent sign-up,1,1,1,1
U04032,7,Salary earner,Instagram ad,1,1,1,1
U04033,7,Student,Referral,1,1,1,1
U04034,7,Salary earner,Referral,1,1,1,1
U04035,2,Market trader,Instagram ad,1,0,0,0
U04036,8,Market trader,Agent sign-up,1,1,1,1
U04037,5,Small business,Referral,1,0,0,0
U04038,2,Market trader,Instagram ad,1,0,0,0
U04039,2,Market trader,Referral,1,0,0,0
U04040,7,Market trader,Agent sign-up,1,0,0,0
U04041,4,Student,Instagram ad,1,0,0,0
U04042,8,Salary earner,Play Store search,1,1,1,1
U04043,4,Salary earner,Agent sign-up,1,1,1,1
U04044,1,Student,Instagram ad,1,1,1,1
U04045,6,Small business,Agent sign-up,1,1,1,1
U04046,3,Market trader,Instagram ad,1,0,0,0
U04047,4,Small business,Referral,0,0,0,0
U04048,8,Salary earner,Instagram ad,0,0,0,0
U04049,3,Salary earner,Agent sign-up,1,1,1,1
U04050,2,Salary earner,Instagram ad,1,1,1,1
U04051,2,Salary earner,Play Store search,1,1,1,1
U04052,1,Salary earner,Play Store search,1,1,0,0
U04053,7,Salary earner,Referral,1,1,1,1
U04054,5,Salary earner,Referral,1,0,0,0
U04055,6,Market trader,Play Store search,1,0,0,0
U04056,1,Market trader,Play Store search,1,0,0,0
U04057,4,Small business,Instagram ad,1,0,0,0
U04058,3,Salary earner,Instagram ad,1,1,0,0
U04059,5,Student,Play Store search,1,1,1,1
U04060,8,Small business,Referral,1,1,1,1
U04061,7,Salary earner,Instagram ad,1,1,1,1
U04062,1,Market trader,Agent sign-up,1,1,1,1
U04063,6,Salary earner,Referral,1,1,1,1
U04064,1,Salary earner,Agent sign-up,1,1,1,1
U04065,3,Salary earner,Instagram ad,0,0,0,0
U04066,1,Student,Referral,1,1,1,1
U04067,3,Market trader,Agent sign-up,1,1,1,1
U04068,8,Market trader,Referral,1,0,0,0
U04069,1,Market trader,Agent sign-up,1,0,0,0
U04070,3,Small business,Referral,1,1,1,1
U04071,5,Salary earner,Agent sign-up,1,1,1,1
U04072,8,Small business,Instagram ad,0,0,0,0
U04073,7,Salary earner,Instagram ad,0,0,0,0
U04074,3,Salary earner,Instagram ad,1,1,1,1
U04075,8,Market trader,Agent sign-up,1,1,1,1
U04076,4,Small business,Referral,1,1,0,0
U04077,3,Market trader,Agent sign-up,1,1,1,1
U04078,7,Market trader,Play Store search,1,0,0,0
U04079,7,Student,Play Store search,1,1,1,1
U04080,8,Small business,Instagram ad,1,0,0,0
U04081,7,Salary earner,Agent sign-up,1,1,1,1
U04082,7,Market trader,Referral,1,1,1,1
U04083,3,Student,Instagram ad,1,0,0,0
U04084,6,Salary earner,Agent sign-up,1,1,1,0
U04085,1,Salary earner,Instagram ad,1,1,1,1
U04086,3,Salary earner,Agent sign-up,1,1,1,1
U04087,7,Market trader,Referral,1,0,0,0
U04088,5,Small business,Instagram ad,1,0,0,0
U04089,3,Market trader,Agent sign-up,1,1,1,0
U04090,2,Small business,Agent sign-up,1,1,1,0
U04091,5,Market trader,Play Store search,1,0,0,0
U04092,5,Small business,Referral,1,1,1,1
U04093,3,Market trader,Agent sign-up,1,1,1,1
U04094,1,Market trader,Instagram ad,1,0,0,0
U04095,6,Market trader,Agent sign-up,1,1,1,1
U04096,4,Market trader,Referral,0,0,0,0
U04097,6,Market trader,Play Store search,1,0,0,0
U04098,2,Market trader,Agent sign-up,1,0,0,0
U04099,1,Salary earner,Referral,1,1,0,0
U04100,7,Student,Instagram ad,1,1,1,1
U04101,6,Salary earner,Instagram ad,1,0,0,0
U04102,8,Market trader,Play Store search,1,1,1,1
U04103,6,Student,Referral,1,1,0,0
U04104,6,Small business,Referral,1,1,1,1
U04105,4,Student,Play Store search,1,0,0,0
U04106,6,Market trader,Agent sign-up,1,0,0,0
U04107,8,Student,Referral,1,1,1,1
U04108,3,Salary earner,Referral,1,1,1,1
U04109,4,Salary earner,Referral,1,0,0,0
U04110,3,Market trader,Agent sign-up,1,0,0,0
U04111,2,Student,Instagram ad,1,1,1,1
U04112,2,Student,Instagram ad,1,1,1,0
U04113,4,Salary earner,Instagram ad,1,0,0,0
U04114,1,Market trader,Play Store search,1,1,1,1
U04115,4,Salary earner,Instagram ad,0,0,0,0
U04116,3,Salary earner,Instagram ad,1,0,0,0
U04117,3,Small business,Instagram ad,1,1,1,1
U04118,7,Salary earner,Play Store search,1,1,0,0
U04119,8,Salary earner,Instagram ad,1,1,1,1
U04120,3,Small business,Instagram ad,1,0,0,0
U04121,3,Student,Referral,1,0,0,0
U04122,6,Market trader,Referral,1,0,0,0
U04123,5,Market trader,Agent sign-up,1,1,1,1
U04124,3,Salary earner,Play Store search,1,1,1,0
U04125,7,Market trader,Play Store search,1,0,0,0
U04126,4,Market trader,Instagram ad,1,0,0,0
U04127,2,Market trader,Play Store search,1,0,0,0
U04128,7,Market trader,Play Store search,1,1,1,1
U04129,2,Small business,Agent sign-up,1,1,1,1
U04130,5,Market trader,Referral,1,0,0,0
U04131,1,Salary earner,Referral,1,1,1,1
U04132,8,Market trader,Agent sign-up,1,0,0,0
U04133,8,Student,Referral,0,0,0,0
U04134,6,Salary earner,Play Store search,1,1,1,1
U04135,6,Small business,Referral,1,1,1,1
U04136,7,Small business,Instagram ad,1,1,0,0
U04137,2,Market trader,Instagram ad,1,0,0,0
U04138,6,Market trader,Play Store search,1,0,0,0
U04139,7,Salary earner,Instagram ad,1,1,0,0
U04140,4,Small business,Agent sign-up,1,1,1,1
U04141,7,Market trader,Agent sign-up,1,1,1,0
U04142,4,Student,Instagram ad,1,1,0,0
U04143,1,Market trader,Play Store search,1,1,1,1
U04144,1,Student,Referral,0,0,0,0
U04145,2,Salary earner,Referral,1,1,1,1
U04146,8,Salary earner,Play Store search,1,1,1,1
U04147,7,Salary earner,Referral,1,1,1,1
U04148,4,Salary earner,Agent sign-up,1,1,0,0
U04149,8,Salary earner,Agent sign-up,1,1,1,1
U04150,5,Salary earner,Instagram ad,1,0,0,0
U04151,3,Salary earner,Instagram ad,1,1,1,1
U04152,5,Market trader,Referral,1,1,1,0
U04153,2,Small business,Agent sign-up,1,1,0,0
U04154,1,Small business,Referral,0,0,0,0
U04155,7,Market trader,Play Store search,1,0,0,0
U04156,7,Market trader,Play Store search,1,0,0,0
U04157,8,Small business,Referral,1,0,0,0
U04158,7,Small business,Play Store search,1,1,1,1
U04159,6,Small business,Instagram ad,1,1,1,1
U04160,6,Market trader,Instagram ad,1,0,0,0
U04161,8,Market trader,Referral,1,0,0,0
U04162,5,Market trader,Agent sign-up,1,1,1,1
U04163,7,Salary earner,Instagram ad,1,0,0,0
U04164,7,Small business,Play Store search,1,1,1,1
U04165,3,Salary earner,Instagram ad,0,0,0,0
U04166,6,Small business,Referral,1,1,1,0
U04167,4,Salary earner,Referral,1,1,0,0
U04168,5,Market trader,Play Store search,1,0,0,0
U04169,4,Salary earner,Referral,1,1,1,1
U04170,1,Student,Instagram ad,0,0,0,0
U04171,6,Market trader,Agent sign-up,1,1,1,1
U04172,3,Market trader,Play Store search,1,0,0,0
U04173,4,Market trader,Agent sign-up,1,1,1,1
U04174,7,Market trader,Agent sign-up,1,1,1,0
U04175,4,Salary earner,Referral,1,1,1,1
U04176,4,Student,Play Store search,1,1,1,1
U04177,7,Student,Instagram ad,1,1,1,1
U04178,6,Market trader,Referral,1,1,1,1
U04179,7,Salary earner,Referral,1,1,1,1
U04180,2,Student,Referral,1,0,0,0
U04181,4,Market trader,Play Store search,0,0,0,0
U04182,2,Salary earner,Referral,0,0,0,0
U04183,8,Market trader,Agent sign-up,1,1,0,0
U04184,1,Market trader,Play Store search,1,1,1,1
U04185,3,Market trader,Agent sign-up,1,0,0,0
U04186,7,Small business,Agent sign-up,1,1,1,0
U04187,4,Salary earner,Agent sign-up,1,1,1,1
U04188,4,Small business,Instagram ad,1,0,0,0
U04189,3,Salary earner,Agent sign-up,1,1,1,1
U04190,4,Student,Play Store search,1,1,1,1
U04191,6,Student,Instagram ad,1,0,0,0
U04192,6,Student,Referral,0,0,0,0
U04193,4,Market trader,Referral,1,1,1,1
U04194,2,Market trader,Agent sign-up,1,0,0,0
U04195,4,Student,Instagram ad,1,1,1,1
U04196,4,Salary earner,Referral,1,1,0,0
U04197,5,Student,Play Store search,1,1,0,0
U04198,4,Market trader,Agent sign-up,1,1,1,1
U04199,8,Student,Agent sign-up,1,1,1,1
U04200,7,Salary earner,Instagram ad,1,1,1,0
U04201,7,Small business,Agent sign-up,1,1,1,1
U04202,1,Student,Agent sign-up,1,1,1,1
U04203,4,Salary earner,Instagram ad,1,0,0,0
U04204,5,Student,Play Store search,1,0,0,0
U04205,3,Small business,Referral,1,1,0,0
U04206,6,Student,Play Store search,1,0,0,0
U04207,1,Small business,Play Store search,1,1,0,0
U04208,8,Salary earner,Play Store search,1,1,1,1
U04209,6,Market trader,Agent sign-up,1,0,0,0
U04210,4,Market trader,Agent sign-up,1,1,1,0
U04211,1,Student,Referral,1,1,1,1
U04212,8,Market trader,Play Store search,1,0,0,0
U04213,2,Small business,Agent sign-up,1,1,1,1
U04214,7,Salary earner,Instagram ad,0,0,0,0
U04215,1,Student,Instagram ad,1,1,0,0
U04216,7,Small business,Play Store search,1,1,1,1
U04217,8,Market trader,Agent sign-up,1,1,1,0
U04218,3,Salary earner,Referral,1,1,1,1
U04219,6,Student,Play Store search,1,0,0,0
U04220,8,Market trader,Agent sign-up,1,1,0,0
U04221,2,Market trader,Instagram ad,1,1,1,0
U04222,8,Market trader,Referral,1,0,0,0
U04223,3,Market trader,Agent sign-up,1,1,1,1
U04224,6,Market trader,Agent sign-up,1,1,0,0
U04225,1,Small business,Referral,1,0,0,0
U04226,1,Salary earner,Referral,1,1,0,0
U04227,8,Market trader,Agent sign-up,0,0,0,0
U04228,8,Market trader,Agent sign-up,0,0,0,0
U04229,6,Student,Instagram ad,1,0,0,0
U04230,7,Student,Referral,1,1,1,0
U04231,4,Market trader,Play Store search,1,1,1,1
U04232,6,Market trader,Agent sign-up,0,0,0,0
U04233,2,Market trader,Referral,1,1,1,1
U04234,8,Student,Instagram ad,1,1,0,0
U04235,2,Market trader,Instagram ad,1,0,0,0
U04236,8,Market trader,Instagram ad,1,0,0,0
U04237,7,Salary earner,Instagram ad,1,1,1,1
U04238,4,Market trader,Play Store search,0,0,0,0
U04239,1,Small business,Agent sign-up,1,1,0,0
U04240,1,Salary earner,Referral,1,1,1,1
U04241,7,Salary earner,Referral,1,1,0,0
U04242,6,Market trader,Agent sign-up,1,0,0,0
U04243,5,Small business,Referral,1,1,0,0
U04244,8,Small business,Agent sign-up,1,1,1,1
U04245,3,Market trader,Agent sign-up,1,0,0,0
U04246,8,Salary earner,Referral,0,0,0,0
U04247,4,Small business,Instagram ad,1,1,1,1
U04248,1,Market trader,Play Store search,1,1,1,1
U04249,1,Market trader,Agent sign-up,1,0,0,0
U04250,4,Market trader,Play Store search,1,0,0,0
U04251,6,Salary earner,Instagram ad,1,0,0,0
U04252,7,Small business,Instagram ad,1,1,1,1
U04253,7,Market trader,Play Store search,1,1,0,0
U04254,2,Student,Agent sign-up,1,1,1,1
U04255,1,Salary earner,Instagram ad,1,1,1,1
U04256,5,Student,Referral,1,0,0,0
U04257,7,Market trader,Agent sign-up,1,1,1,1
U04258,7,Market trader,Play Store search,1,1,1,0
U04259,1,Market trader,Play Store search,1,1,0,0
U04260,3,Student,Instagram ad,1,0,0,0
U04261,3,Small business,Referral,1,1,1,1
U04262,6,Market trader,Referral,1,0,0,0
U04263,4,Salary earner,Referral,1,1,1,1
U04264,2,Salary earner,Play Store search,1,1,1,1
U04265,5,Market trader,Play Store search,0,0,0,0
U04266,7,Salary earner,Referral,1,0,0,0
U04267,1,Salary earner,Play Store search,0,0,0,0
U04268,7,Market trader,Agent sign-up,1,1,1,1
U04269,8,Small business,Play Store search,1,0,0,0
U04270,8,Market trader,Play Store search,0,0,0,0
U04271,8,Salary earner,Referral,1,1,0,0
U04272,3,Student,Play Store search,1,0,0,0
U04273,4,Small business,Instagram ad,1,1,0,0
U04274,4,Market trader,Play Store search,1,1,1,1
U04275,7,Salary earner,Play Store search,1,1,1,1
U04276,2,Market trader,Agent sign-up,1,1,1,1
U04277,1,Market trader,Play Store search,1,1,1,1
U04278,6,Salary earner,Instagram ad,1,1,1,1
U04279,2,Salary earner,Instagram ad,0,0,0,0
U04280,8,Market trader,Play Store search,1,0,0,0
U04281,6,Small business,Referral,1,1,1,1
U04282,8,Student,Instagram ad,1,1,1,1
U04283,3,Small business,Agent sign-up,1,1,0,0
U04284,5,Salary earner,Play Store search,1,1,1,1
U04285,5,Salary earner,Instagram ad,1,1,1,1
U04286,7,Small business,Play Store search,1,1,1,1
U04287,2,Salary earner,Instagram ad,1,0,0,0
U04288,6,Small business,Instagram ad,1,0,0,0
U04289,4,Small business,Play Store search,1,1,1,1
U04290,7,Market trader,Agent sign-up,1,1,1,1
U04291,3,Small business,Instagram ad,0,0,0,0
U04292,8,Small business,Referral,1,1,1,1
U04293,7,Small business,Play Store search,1,1,1,0
U04294,4,Market trader,Play Store search,1,0,0,0
U04295,5,Salary earner,Agent sign-up,1,1,0,0
U04296,1,Small business,Agent sign-up,1,1,1,1
U04297,6,Salary earner,Agent sign-up,1,1,0,0
U04298,5,Market trader,Instagram ad,1,1,1,1
U04299,8,Market trader,Agent sign-up,1,1,1,1
U04300,4,Market trader,Agent sign-up,0,0,0,0
U04301,8,Student,Instagram ad,0,0,0,0
U04302,2,Salary earner,Referral,1,1,1,1
U04303,2,Small business,Agent sign-up,1,1,1,1
U04304,7,Salary earner,Play Store search,1,1,1,1
U04305,3,Market trader,Play Store search,1,1,1,0
U04306,1,Salary earner,Referral,1,1,0,0
U04307,6,Small business,Referral,1,1,1,1
U04308,8,Market trader,Referral,1,1,1,1
U04309,2,Small business,Instagram ad,1,0,0,0
U04310,1,Market trader,Referral,1,0,0,0
U04311,7,Salary earner,Referral,1,1,1,1
U04312,2,Student,Referral,1,0,0,0
U04313,4,Salary earner,Play Store search,1,1,1,1
U04314,2,Salary earner,Agent sign-up,1,1,1,1
U04315,5,Small business,Referral,1,1,1,1
U04316,6,Salary earner,Referral,1,1,1,1
U04317,5,Student,Play Store search,1,1,1,1
U04318,1,Small business,Referral,1,1,1,0
U04319,5,Student,Agent sign-up,1,1,1,1
U04320,7,Student,Play Store search,1,1,1,1
U04321,2,Market trader,Agent sign-up,1,1,1,1
U04322,8,Student,Instagram ad,1,1,1,1
U04323,4,Market trader,Agent sign-up,1,0,0,0
U04324,2,Market trader,Play Store search,1,0,0,0
U04325,8,Student,Play Store search,1,0,0,0
U04326,4,Salary earner,Referral,0,0,0,0
U04327,4,Student,Referral,1,0,0,0
U04328,1,Market trader,Play Store search,1,1,1,1
U04329,6,Salary earner,Play Store search,1,0,0,0
U04330,1,Salary earner,Referral,1,1,0,0
U04331,4,Market trader,Referral,0,0,0,0
U04332,7,Market trader,Agent sign-up,1,1,1,1
U04333,4,Market trader,Agent sign-up,1,1,0,0
U04334,5,Salary earner,Referral,1,1,1,1
U04335,7,Student,Instagram ad,1,1,1,1
U04336,3,Market trader,Agent sign-up,1,1,1,1
U04337,3,Salary earner,Instagram ad,1,0,0,0
U04338,3,Salary earner,Play Store search,1,0,0,0
U04339,8,Salary earner,Play Store search,1,0,0,0
U04340,7,Salary earner,Play Store search,1,1,1,1
U04341,5,Small business,Play Store search,1,1,1,0
U04342,5,Small business,Instagram ad,1,1,1,0
U04343,7,Salary earner,Instagram ad,1,0,0,0
U04344,5,Salary earner,Play Store search,1,1,1,1
U04345,5,Small business,Instagram ad,0,0,0,0
U04346,7,Market trader,Referral,1,0,0,0
U04347,2,Market trader,Play Store search,1,0,0,0
U04348,2,Small business,Instagram ad,1,1,1,1
U04349,8,Market trader,Agent sign-up,1,1,0,0
U04350,6,Market trader,Instagram ad,1,0,0,0
U04351,2,Market trader,Referral,1,0,0,0
U04352,5,Student,Agent sign-up,0,0,0,0
U04353,7,Salary earner,Instagram ad,1,0,0,0
U04354,4,Market trader,Agent sign-up,1,1,0,0
U04355,3,Market trader,Agent sign-up,1,1,1,1
U04356,4,Student,Referral,1,0,0,0
U04357,3,Salary earner,Referral,1,1,1,1
U04358,3,Salary earner,Instagram ad,1,0,0,0
U04359,2,Market trader,Play Store search,1,0,0,0
U04360,6,Student,Play Store search,1,1,0,0
U04361,1,Student,Play Store search,1,0,0,0
U04362,8,Market trader,Agent sign-up,1,1,1,1
U04363,7,Market trader,Agent sign-up,1,0,0,0
U04364,4,Small business,Referral,1,1,1,1
U04365,7,Market trader,Referral,1,0,0,0
U04366,4,Salary earner,Instagram ad,1,1,1,1
U04367,3,Small business,Play Store search,1,1,1,1
U04368,5,Salary earner,Referral,1,1,0,0
U04369,5,Salary earner,Play Store search,1,1,1,1
U04370,5,Salary earner,Referral,1,1,1,1
U04371,8,Market trader,Play Store search,1,0,0,0
U04372,3,Market trader,Referral,1,1,1,1
U04373,7,Small business,Instagram ad,1,1,1,1
U04374,5,Salary earner,Play Store search,1,1,1,1
U04375,5,Market trader,Agent sign-up,1,1,1,1
U04376,3,Salary earner,Instagram ad,1,1,1,1
U04377,8,Student,Referral,1,1,1,1
U04378,5,Market trader,Play Store search,1,0,0,0
U04379,1,Small business,Instagram ad,1,0,0,0
U04380,5,Small business,Play Store search,0,0,0,0
U04381,5,Market trader,Referral,1,1,1,1
U04382,1,Salary earner,Instagram ad,1,1,1,1
U04383,2,Market trader,Agent sign-up,1,1,1,0
U04384,6,Salary earner,Instagram ad,1,0,0,0
U04385,1,Market trader,Play Store search,0,0,0,0
U04386,8,Market trader,Referral,1,0,0,0
U04387,4,Small business,Play Store search,1,1,0,0
U04388,6,Salary earner,Instagram ad,1,1,1,1
U04389,5,Salary earner,Play Store search,1,1,1,1
U04390,4,Student,Referral,1,1,0,0
U04391,1,Salary earner,Instagram ad,1,0,0,0
U04392,5,Student,Instagram ad,1,0,0,0
U04393,5,Salary earner,Agent sign-up,1,1,1,1
U04394,2,Market trader,Agent sign-up,1,1,1,1
U04395,7,Salary earner,Instagram ad,1,1,1,1
U04396,5,Market trader,Play Store search,1,0,0,0
U04397,3,Market trader,Play Store search,1,1,1,1
U04398,4,Market trader,Play Store search,1,0,0,0
U04399,5,Student,Play Store search,1,1,1,1
U04400,2,Salary earner,Referral,1,1,1,1
U04401,8,Student,Referral,1,1,1,1
U04402,7,Student,Play Store search,0,0,0,0
U04403,4,Student,Play Store search,1,1,1,1
U04404,1,Salary earner,Referral,0,0,0,0
U04405,4,Market trader,Referral,1,1,1,1
U04406,4,Market trader,Instagram ad,1,0,0,0
U04407,6,Market trader,Referral,1,0,0,0
U04408,7,Salary earner,Play Store search,1,1,1,1
U04409,4,Student,Agent sign-up,1,1,1,1
U04410,5,Salary earner,Instagram ad,0,0,0,0
U04411,8,Market trader,Play Store search,1,1,0,0
U04412,3,Market trader,Referral,1,0,0,0
U04413,3,Salary earner,Play Store search,1,1,1,0
U04414,1,Salary earner,Referral,1,1,1,0
U04415,1,Salary earner,Referral,0,0,0,0
U04416,4,Small business,Referral,1,1,0,0
U04417,7,Salary earner,Play Store search,1,0,0,0
U04418,6,Market trader,Play Store search,1,0,0,0
U04419,4,Market trader,Play Store search,0,0,0,0
U04420,6,Salary earner,Agent sign-up,1,1,0,0
U04421,4,Student,Referral,0,0,0,0
U04422,2,Student,Instagram ad,1,0,0,0
U04423,7,Small business,Referral,1,0,0,0
U04424,1,Market trader,Agent sign-up,1,1,0,0
U04425,2,Market trader,Agent sign-up,1,0,0,0
U04426,2,Small business,Instagram ad,1,0,0,0
U04427,3,Salary earner,Play Store search,1,1,1,1
U04428,8,Salary earner,Play Store search,1,0,0,0
U04429,1,Salary earner,Instagram ad,1,1,1,0
U04430,4,Student,Referral,1,1,1,1
U04431,6,Student,Instagram ad,1,0,0,0
U04432,3,Student,Instagram ad,1,1,1,1
U04433,5,Salary earner,Instagram ad,1,1,1,1
U04434,1,Market trader,Referral,1,1,1,1
U04435,1,Student,Referral,1,1,1,0
U04436,4,Market trader,Agent sign-up,1,0,0,0
U04437,6,Salary earner,Agent sign-up,1,1,1,1
U04438,1,Market trader,Agent sign-up,1,1,1,0
U04439,6,Salary earner,Play Store search,1,1,1,1
U04440,1,Small business,Referral,1,1,1,1
U04441,1,Market trader,Agent sign-up,1,1,1,1
U04442,5,Salary earner,Instagram ad,1,0,0,0
U04443,4,Salary earner,Referral,1,1,0,0
U04444,1,Small business,Play Store search,1,1,0,0
U04445,1,Market trader,Play Store search,1,0,0,0
U04446,8,Salary earner,Referral,1,1,0,0
U04447,2,Salary earner,Agent sign-up,1,1,1,1
U04448,7,Student,Agent sign-up,1,1,1,1
U04449,3,Small business,Instagram ad,1,1,1,1
U04450,7,Salary earner,Instagram ad,1,1,0,0
U04451,1,Salary earner,Referral,1,1,1,1
U04452,8,Market trader,Referral,1,1,1,1
U04453,3,Salary earner,Instagram ad,1,1,0,0
U04454,1,Student,Instagram ad,1,0,0,0
U04455,3,Market trader,Agent sign-up,1,1,1,0
U04456,7,Student,Play Store search,1,0,0,0
U04457,2,Student,Agent sign-up,1,1,1,1
U04458,8,Small business,Instagram ad,1,0,0,0
U04459,5,Salary earner,Referral,1,1,1,1
U04460,4,Market trader,Play Store search,1,0,0,0
U04461,6,Small business,Instagram ad,1,1,1,0
U04462,4,Student,Play Store search,1,0,0,0
U04463,2,Student,Referral,1,1,0,0
U04464,6,Small business,Instagram ad,1,1,1,1
U04465,6,Market trader,Referral,1,1,0,0
U04466,4,Salary earner,Instagram ad,1,1,1,1
U04467,2,Salary earner,Referral,1,1,1,1
U04468,5,Student,Instagram ad,1,0,0,0
U04469,6,Salary earner,Referral,1,1,1,1
U04470,5,Salary earner,Play Store search,1,1,1,0
U04471,8,Market trader,Agent sign-up,1,0,0,0
U04472,6,Small business,Play Store search,1,1,1,1
U04473,7,Market trader,Agent sign-up,0,0,0,0
U04474,2,Salary earner,Instagram ad,1,1,1,1
U04475,8,Salary earner,Referral,1,1,1,1
U04476,5,Salary earner,Play Store search,1,0,0,0
U04477,3,Market trader,Play Store search,1,0,0,0
U04478,6,Student,Instagram ad,1,1,1,1
U04479,2,Small business,Agent sign-up,1,1,1,1
U04480,7,Small business,Referral,1,1,1,1
U04481,5,Student,Play Store search,1,1,0,0
U04482,4,Market trader,Agent sign-up,1,1,1,1
U04483,1,Salary earner,Instagram ad,1,1,1,1
U04484,2,Market trader,Agent sign-up,1,0,0,0
U04485,3,Student,Referral,1,0,0,0
U04486,2,Market trader,Agent sign-up,1,0,0,0
U04487,5,Student,Instagram ad,1,1,1,1
U04488,5,Market trader,Instagram ad,1,1,0,0
U04489,5,Small business,Instagram ad,1,0,0,0
U04490,6,Student,Referral,1,0,0,0
U04491,2,Salary earner,Referral,1,1,1,1
U04492,8,Market trader,Play Store search,1,0,0,0
U04493,1,Salary earner,Instagram ad,1,1,0,0
U04494,3,Salary earner,Instagram ad,1,1,1,1
U04495,2,Student,Referral,1,1,0,0
U04496,7,Small business,Referral,1,1,0,0
U04497,6,Market trader,Agent sign-up,1,0,0,0
U04498,6,Market trader,Play Store search,1,0,0,0
U04499,4,Market trader,Referral,1,1,1,1
U04500,7,Student,Play Store search,1,1,1,1
U04501,3,Market trader,Play Store search,1,1,1,0
U04502,5,Small business,Instagram ad,1,1,1,1
U04503,5,Student,Instagram ad,1,1,1,1
U04504,2,Student,Instagram ad,1,1,1,1
U04505,6,Salary earner,Play Store search,1,1,1,1
U04506,7,Salary earner,Instagram ad,1,1,0,0
U04507,8,Student,Instagram ad,1,0,0,0
U04508,4,Market trader,Referral,1,1,1,1
U04509,4,Market trader,Agent sign-up,1,1,0,0
U04510,2,Market trader,Agent sign-up,1,0,0,0
U04511,8,Salary earner,Instagram ad,1,1,0,0
U04512,4,Market trader,Play Store search,1,0,0,0
U04513,4,Salary earner,Referral,1,1,1,1
U04514,3,Student,Play Store search,1,0,0,0
U04515,2,Salary earner,Play Store search,1,1,1,1
U04516,2,Salary earner,Instagram ad,1,0,0,0
U04517,5,Student,Agent sign-up,1,1,1,1
U04518,8,Salary earner,Play Store search,1,1,0,0
U04519,8,Salary earner,Instagram ad,1,1,1,0
U04520,3,Small business,Referral,1,1,1,0
U04521,6,Market trader,Agent sign-up,1,1,1,1
U04522,7,Market trader,Agent sign-up,1,0,0,0
U04523,8,Salary earner,Play Store search,1,1,1,0
U04524,4,Salary earner,Instagram ad,1,1,1,1
U04525,7,Market trader,Agent sign-up,1,0,0,0
U04526,5,Student,Play Store search,1,0,0,0
U04527,8,Market trader,Agent sign-up,1,1,1,1
U04528,2,Market trader,Agent sign-up,1,1,1,1
U04529,4,Small business,Referral,1,1,1,1
U04530,6,Salary earner,Referral,1,0,0,0
U04531,5,Market trader,Agent sign-up,1,1,1,1
U04532,3,Small business,Instagram ad,1,0,0,0
U04533,5,Student,Referral,0,0,0,0
U04534,1,Market trader,Referral,1,1,0,0
U04535,2,Market trader,Referral,1,1,1,1
U04536,2,Small business,Referral,1,1,0,0
U04537,7,Student,Referral,1,1,1,1
U04538,4,Student,Agent sign-up,1,0,0,0
U04539,2,Student,Referral,1,1,1,1
U04540,8,Student,Referral,1,1,1,1
U04541,2,Market trader,Agent sign-up,1,0,0,0
U04542,8,Small business,Agent sign-up,1,1,1,1
U04543,6,Student,Instagram ad,1,1,1,1
U04544,8,Market trader,Play Store search,1,0,0,0
U04545,5,Salary earner,Agent sign-up,1,1,1,1
U04546,3,Small business,Agent sign-up,1,1,1,1
U04547,8,Salary earner,Referral,1,1,1,0
U04548,5,Student,Referral,1,1,0,0
U04549,1,Market trader,Referral,1,1,1,1
U04550,5,Salary earner,Play Store search,1,1,1,0
U04551,8,Small business,Referral,0,0,0,0
U04552,3,Salary earner,Play Store search,1,1,1,1
U04553,5,Small business,Referral,1,1,1,1
U04554,1,Market trader,Play Store search,1,1,1,1
U04555,6,Market trader,Play Store search,1,1,1,1
U04556,6,Salary earner,Play Store search,1,1,1,0
U04557,4,Small business,Referral,1,1,0,0
U04558,8,Student,Instagram ad,1,0,0,0
U04559,1,Market trader,Play Store search,1,0,0,0
U04560,1,Salary earner,Referral,1,0,0,0
U04561,2,Salary earner,Instagram ad,1,1,1,0
U04562,8,Salary earner,Play Store search,1,1,1,1
U04563,2,Student,Instagram ad,1,0,0,0
U04564,8,Market trader,Agent sign-up,1,0,0,0
U04565,8,Small business,Play Store search,1,1,0,0
U04566,4,Market trader,Agent sign-up,1,1,1,1
U04567,2,Small business,Referral,1,0,0,0
U04568,1,Salary earner,Agent sign-up,0,0,0,0
U04569,1,Salary earner,Instagram ad,1,0,0,0
U04570,4,Market trader,Referral,1,0,0,0
U04571,4,Market trader,Instagram ad,1,0,0,0
U04572,4,Small business,Referral,1,1,1,0
U04573,1,Salary earner,Referral,1,1,1,1
U04574,4,Salary earner,Instagram ad,1,1,1,1
U04575,1,Market trader,Agent sign-up,1,1,1,1
U04576,5,Market trader,Referral,1,0,0,0
U04577,3,Market trader,Agent sign-up,1,1,0,0
U04578,5,Student,Play Store search,1,0,0,0
U04579,1,Student,Referral,1,0,0,0
U04580,4,Small business,Referral,1,1,1,1
U04581,2,Student,Referral,1,1,1,1
U04582,4,Market trader,Play Store search,1,1,0,0
U04583,4,Salary earner,Referral,1,1,0,0
U04584,4,Small business,Referral,1,0,0,0
U04585,7,Market trader,Referral,1,1,1,1
U04586,3,Market trader,Agent sign-up,1,0,0,0
U04587,7,Market trader,Referral,0,0,0,0
U04588,8,Market trader,Agent sign-up,1,1,1,0
U04589,4,Small business,Referral,1,1,1,1
U04590,5,Market trader,Agent sign-up,1,0,0,0
U04591,1,Salary earner,Play Store search,1,1,1,1
U04592,1,Small business,Referral,1,1,1,1
U04593,1,Market trader,Agent sign-up,1,0,0,0
U04594,6,Student,Referral,1,1,1,1
U04595,3,Salary earner,Referral,1,1,0,0
U04596,3,Market trader,Play Store search,1,0,0,0
U04597,8,Student,Instagram ad,1,1,0,0
U04598,6,Market trader,Agent sign-up,1,1,1,1
U04599,6,Student,Instagram ad,1,0,0,0
U04600,5,Student,Instagram ad,1,0,0,0
U04601,8,Market trader,Agent sign-up,1,1,1,0
U04602,6,Small business,Instagram ad,1,0,0,0
U04603,6,Salary earner,Referral,1,1,1,1
U04604,8,Small business,Instagram ad,1,1,1,1
U04605,3,Market trader,Agent sign-up,0,0,0,0
U04606,3,Student,Instagram ad,1,1,1,0
U04607,7,Student,Referral,1,0,0,0
U04608,1,Small business,Referral,1,1,1,1
U04609,4,Salary earner,Referral,1,1,1,1
U04610,1,Student,Referral,1,1,1,1
U04611,4,Salary earner,Agent sign-up,1,1,1,0
U04612,6,Small business,Agent sign-up,1,1,1,1
U04613,7,Salary earner,Agent sign-up,1,0,0,0
U04614,8,Market trader,Agent sign-up,1,1,1,1
U04615,8,Small business,Referral,1,0,0,0
U04616,6,Market trader,Referral,1,1,1,1
U04617,8,Market trader,Agent sign-up,1,1,1,1
U04618,3,Market trader,Agent sign-up,1,1,0,0
U04619,4,Salary earner,Instagram ad,1,1,1,0
U04620,4,Salary earner,Instagram ad,1,0,0,0
U04621,2,Student,Play Store search,1,1,1,1
U04622,5,Salary earner,Instagram ad,1,1,1,1
U04623,6,Market trader,Referral,1,1,1,0
U04624,3,Salary earner,Play Store search,1,1,1,0
U04625,7,Salary earner,Agent sign-up,1,1,1,1
U04626,1,Market trader,Referral,1,1,1,1
U04627,5,Small business,Instagram ad,0,0,0,0
U04628,4,Salary earner,Referral,1,1,1,0
U04629,6,Market trader,Agent sign-up,1,1,0,0
U04630,6,Market trader,Agent sign-up,1,1,1,1
U04631,8,Salary earner,Referral,1,1,1,1
U04632,4,Market trader,Agent sign-up,1,1,1,1
U04633,3,Market trader,Play Store search,1,0,0,0
U04634,4,Salary earner,Instagram ad,1,0,0,0
U04635,5,Student,Instagram ad,1,1,1,1
U04636,4,Market trader,Agent sign-up,0,0,0,0
U04637,4,Market trader,Play Store search,1,1,1,1
U04638,8,Small business,Instagram ad,1,0,0,0
U04639,8,Market trader,Agent sign-up,1,1,1,1
U04640,6,Market trader,Agent sign-up,1,1,1,1
U04641,1,Salary earner,Play Store search,1,0,0,0
U04642,8,Market trader,Instagram ad,0,0,0,0
U04643,6,Small business,Agent sign-up,1,1,1,0
U04644,8,Small business,Instagram ad,1,0,0,0
U04645,5,Salary earner,Play Store search,0,0,0,0
U04646,8,Salary earner,Referral,1,0,0,0
U04647,5,Market trader,Play Store search,1,0,0,0
U04648,8,Market trader,Agent sign-up,1,1,1,1
U04649,4,Student,Referral,0,0,0,0
U04650,3,Salary earner,Agent sign-up,1,1,1,1
U04651,5,Salary earner,Instagram ad,1,1,1,0
U04652,5,Student,Referral,1,1,0,0
U04653,1,Market trader,Play Store search,1,1,1,1
U04654,5,Salary earner,Play Store search,1,1,1,1
U04655,7,Market trader,Play Store search,1,1,0,0
U04656,1,Salary earner,Agent sign-up,1,1,1,1
U04657,2,Small business,Instagram ad,1,0,0,0
U04658,4,Salary earner,Referral,0,0,0,0
U04659,8,Student,Play Store search,0,0,0,0
U04660,3,Market trader,Referral,0,0,0,0
U04661,7,Salary earner,Agent sign-up,1,1,1,1
U04662,3,Salary earner,Play Store search,1,1,1,1
U04663,5,Salary earner,Instagram ad,1,1,1,1
U04664,1,Market trader,Instagram ad,1,0,0,0
U04665,7,Salary earner,Instagram ad,1,1,1,1
U04666,2,Student,Instagram ad,1,1,1,1
U04667,1,Salary earner,Play Store search,1,1,1,1
U04668,2,Salary earner,Play Store search,1,1,1,1
U04669,3,Market trader,Play Store search,1,1,0,0
U04670,7,Salary earner,Agent sign-up,1,1,1,1
U04671,7,Student,Play Store search,1,1,1,0
U04672,1,Small business,Play Store search,0,0,0,0
U04673,4,Student,Referral,1,0,0,0
U04674,6,Salary earner,Instagram ad,1,1,1,1
U04675,3,Salary earner,Agent sign-up,1,1,0,0
U04676,8,Market trader,Agent sign-up,1,0,0,0
U04677,1,Salary earner,Referral,1,1,0,0
U04678,3,Student,Agent sign-up,0,0,0,0
U04679,2,Student,Instagram ad,1,1,1,1
U04680,2,Student,Referral,1,0,0,0
U04681,4,Market trader,Agent sign-up,1,0,0,0
U04682,4,Market trader,Referral,1,1,0,0
U04683,1,Salary earner,Agent sign-up,1,1,1,1
U04684,4,Market trader,Play Store search,1,1,1,1
U04685,8,Market trader,Agent sign-up,1,1,1,1
U04686,4,Market trader,Agent sign-up,1,1,1,0
U04687,1,Market trader,Play Store search,1,1,1,1
U04688,7,Market trader,Referral,1,1,1,0
U04689,1,Salary earner,Play Store search,1,1,1,1
U04690,1,Small business,Instagram ad,1,0,0,0
U04691,3,Market trader,Agent sign-up,1,1,1,1
U04692,4,Market trader,Agent sign-up,1,1,1,1
U04693,2,Market trader,Agent sign-up,1,1,0,0
U04694,7,Student,Referral,1,1,1,0
U04695,7,Market trader,Instagram ad,1,0,0,0
U04696,3,Salary earner,Referral,1,1,1,0
U04697,1,Small business,Play Store search,1,1,1,1
U04698,3,Salary earner,Referral,1,0,0,0
U04699,4,Student,Instagram ad,1,0,0,0
U04700,6,Student,Referral,1,1,1,1
U04701,7,Market trader,Referral,0,0,0,0
U04702,5,Student,Play Store search,1,1,1,0
U04703,2,Market trader,Agent sign-up,1,0,0,0
U04704,8,Market trader,Agent sign-up,1,0,0,0
U04705,2,Market trader,Agent sign-up,1,0,0,0
U04706,4,Market trader,Agent sign-up,1,1,1,1
U04707,2,Salary earner,Play Store search,1,1,1,1
U04708,5,Student,Play Store search,1,1,1,1
U04709,6,Salary earner,Instagram ad,1,0,0,0
U04710,5,Student,Play Store search,1,1,1,1
U04711,1,Small business,Referral,1,1,1,1
U04712,5,Student,Referral,1,1,1,1
U04713,5,Salary earner,Play Store search,1,0,0,0
U04714,7,Small business,Instagram ad,1,1,0,0
U04715,1,Salary earner,Instagram ad,1,1,1,1
U04716,3,Market trader,Agent sign-up,0,0,0,0
U04717,2,Student,Referral,1,0,0,0
U04718,8,Student,Play Store search,1,1,1,0
U04719,1,Student,Referral,1,0,0,0
U04720,2,Small business,Instagram ad,1,1,1,1
U04721,5,Market trader,Referral,1,0,0,0
U04722,3,Market trader,Play Store search,1,0,0,0
U04723,7,Market trader,Agent sign-up,1,0,0,0
U04724,8,Market trader,Agent sign-up,1,1,1,1
U04725,6,Market trader,Agent sign-up,0,0,0,0
U04726,2,Salary earner,Instagram ad,1,1,1,1
U04727,2,Salary earner,Instagram ad,1,1,1,0
U04728,7,Market trader,Play Store search,1,0,0,0
U04729,2,Market trader,Agent sign-up,1,1,1,1
U04730,2,Small business,Instagram ad,1,1,1,1
U04731,7,Salary earner,Instagram ad,1,1,1,1
U04732,2,Salary earner,Play Store search,1,1,1,1
U04733,8,Salary earner,Referral,1,0,0,0
U04734,8,Student,Play Store search,1,1,1,1
U04735,1,Market trader,Agent sign-up,1,1,1,1
U04736,2,Market trader,Agent sign-up,1,0,0,0
U04737,5,Market trader,Agent sign-up,1,0,0,0
U04738,6,Student,Play Store search,1,1,1,1
U04739,2,Market trader,Instagram ad,1,0,0,0
U04740,4,Market trader,Agent sign-up,1,1,0,0
U04741,2,Salary earner,Play Store search,1,1,1,1
U04742,1,Market trader,Referral,1,1,0,0
U04743,3,Salary earner,Instagram ad,1,1,1,1
U04744,7,Small business,Instagram ad,1,1,1,1
U04745,2,Salary earner,Referral,1,1,1,0
U04746,3,Small business,Agent sign-up,1,1,1,0
U04747,5,Market trader,Play Store search,1,1,1,1
U04748,6,Market trader,Play Store search,1,0,0,0
U04749,4,Small business,Referral,1,1,1,1
U04750,6,Market trader,Agent sign-up,1,0,0,0
U04751,4,Salary earner,Instagram ad,1,1,1,1
U04752,4,Salary earner,Instagram ad,0,0,0,0
U04753,7,Student,Referral,1,0,0,0
U04754,5,Student,Referral,1,1,1,1
U04755,5,Salary earner,Referral,1,1,1,1
U04756,7,Salary earner,Instagram ad,1,0,0,0
U04757,8,Small business,Instagram ad,1,1,1,1
U04758,4,Small business,Instagram ad,1,0,0,0
U04759,6,Small business,Referral,1,1,1,1
U04760,2,Small business,Agent sign-up,1,1,0,0
U04761,8,Small business,Agent sign-up,1,1,1,0
U04762,4,Salary earner,Play Store search,1,0,0,0
U04763,2,Student,Instagram ad,1,0,0,0
U04764,3,Student,Instagram ad,1,0,0,0
U04765,1,Salary earner,Referral,1,1,1,1
U04766,6,Small business,Instagram ad,1,1,0,0
U04767,5,Market trader,Referral,1,0,0,0
U04768,8,Market trader,Agent sign-up,1,0,0,0
U04769,6,Market trader,Agent sign-up,1,0,0,0
U04770,3,Market trader,Instagram ad,1,1,1,0
U04771,1,Student,Referral,1,1,1,1
U04772,1,Student,Instagram ad,1,1,1,1
U04773,3,Market trader,Agent sign-up,1,1,1,1
U04774,5,Market trader,Agent sign-up,0,0,0,0
U04775,7,Salary earner,Instagram ad,1,1,1,1
U04776,2,Market trader,Agent sign-up,1,0,0,0
U04777,7,Salary earner,Referral,1,1,1,0
U04778,6,Market trader,Play Store search,1,1,1,1
U04779,6,Small business,Agent sign-up,1,1,1,1
U04780,4,Salary earner,Referral,1,1,0,0
U04781,3,Market trader,Play Store search,1,1,1,1
U04782,3,Market trader,Agent sign-up,1,1,1,1
U04783,6,Market trader,Agent sign-up,1,0,0,0
U04784,5,Market trader,Instagram ad,0,0,0,0
U04785,8,Market trader,Agent sign-up,1,1,1,1
U04786,4,Salary earner,Instagram ad,1,1,1,0
U04787,8,Salary earner,Instagram ad,1,1,0,0
U04788,5,Student,Agent sign-up,1,1,0,0
U04789,4,Student,Agent sign-up,1,1,1,1
U04790,5,Small business,Referral,1,1,1,0
U04791,6,Student,Instagram ad,1,1,1,1
U04792,4,Market trader,Agent sign-up,1,0,0,0
U04793,7,Student,Play Store search,1,1,1,1
U04794,7,Salary earner,Referral,1,1,1,1
U04795,5,Salary earner,Referral,1,1,0,0
U04796,5,Market trader,Play Store search,1,1,1,0
U04797,4,Market trader,Referral,1,0,0,0
U04798,7,Salary earner,Referral,1,0,0,0
U04799,8,Market trader,Referral,1,1,1,1
U04800,4,Salary earner,Instagram ad,1,1,1,1
U04801,3,Student,Play Store search,1,1,1,1
U04802,7,Market trader,Play Store search,1,0,0,0
U04803,4,Small business,Play Store search,1,1,1,0
U04804,5,Salary earner,Referral,1,0,0,0
U04805,8,Market trader,Agent sign-up,1,1,1,1
U04806,1,Market trader,Referral,1,0,0,0
U04807,4,Salary earner,Play Store search,1,1,1,1
U04808,1,Small business,Play Store search,1,1,1,1
U04809,8,Salary earner,Play Store search,1,1,1,1
U04810,2,Student,Instagram ad,1,0,0,0
U04811,3,Student,Referral,1,0,0,0
U04812,4,Salary earner,Referral,1,1,1,1
U04813,8,Small business,Referral,1,0,0,0
U04814,8,Market trader,Instagram ad,1,1,1,1
U04815,4,Small business,Instagram ad,0,0,0,0
U04816,2,Student,Referral,1,1,1,0
U04817,6,Market trader,Play Store search,0,0,0,0
U04818,2,Salary earner,Play Store search,1,1,1,1
U04819,2,Salary earner,Referral,1,1,1,1
U04820,4,Market trader,Play Store search,1,0,0,0
U04821,3,Market trader,Play Store search,1,1,1,1
U04822,6,Market trader,Referral,1,1,1,1
U04823,2,Student,Referral,1,1,1,1
U04824,7,Small business,Play Store search,1,1,0,0
U04825,2,Market trader,Agent sign-up,1,1,1,1
U04826,8,Small business,Play Store search,1,1,1,1
U04827,8,Salary earner,Play Store search,0,0,0,0
U04828,5,Small business,Instagram ad,1,1,1,1
U04829,3,Salary earner,Instagram ad,1,1,1,1
U04830,1,Small business,Referral,1,1,1,1
U04831,8,Market trader,Agent sign-up,1,0,0,0
U04832,2,Salary earner,Referral,1,1,1,1
U04833,8,Student,Play Store search,1,0,0,0
U04834,4,Market trader,Referral,1,0,0,0
U04835,6,Student,Referral,1,1,1,1
U04836,7,Salary earner,Referral,1,1,1,1
U04837,3,Salary earner,Play Store search,1,1,1,1
U04838,4,Small business,Referral,1,1,1,1
U04839,3,Market trader,Agent sign-up,1,1,1,1
U04840,4,Market trader,Agent sign-up,1,1,0,0
U04841,2,Salary earner,Instagram ad,1,1,1,1
U04842,1,Market trader,Instagram ad,1,0,0,0
U04843,1,Student,Play Store search,1,0,0,0
U04844,3,Salary earner,Referral,1,1,1,0
U04845,5,Salary earner,Play Store search,1,1,1,1
U04846,5,Salary earner,Referral,1,1,1,1
U04847,6,Student,Referral,0,0,0,0
U04848,4,Market trader,Play Store search,1,0,0,0
U04849,8,Salary earner,Referral,1,0,0,0
U04850,1,Student,Instagram ad,1,0,0,0
U04851,5,Salary earner,Instagram ad,1,1,1,0
U04852,1,Student,Play Store search,1,1,1,0
U04853,7,Salary earner,Play Store search,1,1,1,0
U04854,5,Student,Referral,1,0,0,0
U04855,1,Salary earner,Play Store search,1,1,1,1
U04856,2,Small business,Referral,1,1,1,1
U04857,6,Salary earner,Play Store search,0,0,0,0
U04858,3,Student,Play Store search,0,0,0,0
U04859,1,Market trader,Play Store search,1,1,1,0
U04860,8,Salary earner,Play Store search,1,1,1,1
U04861,7,Student,Instagram ad,1,1,1,1
U04862,7,Salary earner,Instagram ad,1,1,1,1
U04863,1,Salary earner,Agent sign-up,1,1,1,1
U04864,7,Market trader,Referral,1,1,1,1
U04865,1,Market trader,Play Store search,1,0,0,0
U04866,4,Student,Referral,1,1,1,1
U04867,4,Market trader,Play Store search,1,1,1,1
U04868,6,Market trader,Agent sign-up,1,1,1,1
U04869,2,Market trader,Agent sign-up,1,0,0,0
U04870,3,Salary earner,Instagram ad,1,1,0,0
U04871,6,Small business,Play Store search,1,1,1,1
U04872,3,Salary earner,Instagram ad,1,1,1,1
U04873,5,Student,Play Store search,1,1,1,1
U04874,6,Market trader,Instagram ad,1,1,1,1
U04875,4,Student,Play Store search,1,1,1,1
U04876,8,Small business,Instagram ad,0,0,0,0
U04877,4,Salary earner,Referral,1,1,1,1
U04878,7,Market trader,Play Store search,1,0,0,0
U04879,7,Market trader,Agent sign-up,1,1,1,1
U04880,2,Salary earner,Instagram ad,1,0,0,0
U04881,1,Market trader,Agent sign-up,1,0,0,0
U04882,6,Market trader,Referral,1,0,0,0
U04883,3,Salary earner,Agent sign-up,0,0,0,0
U04884,2,Market trader,Play Store search,1,0,0,0
U04885,1,Market trader,Instagram ad,1,0,0,0
U04886,8,Market trader,Play Store search,1,1,1,1
U04887,1,Salary earner,Referral,1,1,1,0
U04888,7,Market trader,Play Store search,1,1,1,1
U04889,3,Small business,Referral,1,1,0,0
U04890,6,Small business,Referral,1,1,1,1
U04891,4,Market trader,Agent sign-up,1,1,0,0
U04892,6,Student,Referral,1,1,1,1
U04893,4,Salary earner,Play Store search,1,1,1,1
U04894,8,Small business,Instagram ad,0,0,0,0
U04895,2,Market trader,Play Store search,1,1,1,1
U04896,3,Salary earner,Instagram ad,1,0,0,0
U04897,1,Salary earner,Play Store search,1,1,1,1
U04898,6,Market trader,Agent sign-up,1,0,0,0
U04899,4,Salary earner,Instagram ad,1,0,0,0
U04900,5,Salary earner,Instagram ad,1,1,1,1
U04901,4,Market trader,Agent sign-up,1,1,1,1
U04902,7,Salary earner,Instagram ad,1,1,1,1
U04903,1,Salary earner,Play Store search,1,1,1,1
U04904,6,Small business,Play Store search,1,1,0,0
U04905,6,Market trader,Agent sign-up,1,1,1,1
U04906,3,Market trader,Agent sign-up,1,1,1,1
U04907,6,Market trader,Agent sign-up,1,1,1,1
U04908,6,Salary earner,Referral,1,1,1,1
U04909,2,Student,Play Store search,1,0,0,0
U04910,4,Student,Agent sign-up,1,1,1,1
U04911,1,Salary earner,Referral,1,1,1,1
U04912,1,Market trader,Agent sign-up,1,1,1,1
U04913,7,Market trader,Agent sign-up,1,1,0,0
U04914,4,Market trader,Play Store search,0,0,0,0
U04915,7,Salary earner,Play Store search,1,1,1,0
U04916,5,Small business,Referral,1,1,1,1
U04917,6,Market trader,Agent sign-up,1,1,1,1
U04918,6,Student,Instagram ad,1,1,1,1
U04919,8,Student,Play Store search,1,1,0,0
U04920,8,Salary earner,Play Store search,1,1,1,1
U04921,7,Market trader,Referral,1,0,0,0
U04922,1,Market trader,Play Store search,1,0,0,0
U04923,3,Market trader,Agent sign-up,1,1,1,1
U04924,6,Market trader,Agent sign-up,1,1,0,0
U04925,8,Salary earner,Referral,1,1,0,0
U04926,1,Market trader,Agent sign-up,1,1,1,0
U04927,7,Salary earner,Instagram ad,1,1,1,1
U04928,1,Salary earner,Referral,1,1,1,1
U04929,8,Market trader,Agent sign-up,1,1,1,0
U04930,6,Market trader,Referral,1,0,0,0
U04931,5,Salary earner,Play Store search,1,1,1,0
U04932,4,Student,Agent sign-up,1,1,0,0
U04933,2,Market trader,Agent sign-up,1,0,0,0
U04934,1,Small business,Referral,1,1,0,0
U04935,4,Small business,Instagram ad,1,1,1,1
U04936,4,Market trader,Agent sign-up,1,0,0,0
U04937,6,Salary earner,Referral,1,1,1,1
U04938,1,Market trader,Play Store search,1,1,1,1
U04939,2,Small business,Play Store search,1,0,0,0
U04940,4,Market trader,Play Store search,1,1,0,0
U04941,5,Salary earner,Instagram ad,1,0,0,0
U04942,4,Student,Instagram ad,1,1,0,0
U04943,1,Salary earner,Referral,1,1,0,0
U04944,6,Market trader,Play Store search,1,1,1,1
U04945,8,Salary earner,Instagram ad,1,1,1,1
U04946,6,Market trader,Play Store search,1,0,0,0
U04947,5,Salary earner,Referral,1,1,1,1
U04948,4,Market trader,Play Store search,1,0,0,0
U04949,5,Salary earner,Referral,0,0,0,0
U04950,1,Salary earner,Instagram ad,1,1,1,1
U04951,7,Small business,Play Store search,1,1,1,1
U04952,6,Salary earner,Play Store search,1,1,1,1
U04953,6,Market trader,Play Store search,1,0,0,0
U04954,1,Salary earner,Play Store search,1,1,0,0
U04955,7,Salary earner,Play Store search,1,1,1,1
U04956,3,Salary earner,Play Store search,1,1,1,1
U04957,1,Salary earner,Play Store search,1,1,1,1
U04958,7,Student,Referral,1,0,0,0
U04959,1,Salary earner,Referral,1,1,1,1
U04960,3,Student,Play Store search,1,0,0,0
U04961,3,Salary earner,Referral,1,1,0,0
U04962,7,Salary earner,Play Store search,1,1,1,1
U04963,8,Salary earner,Referral,1,1,1,1
U04964,8,Market trader,Agent sign-up,1,0,0,0
U04965,2,Market trader,Play Store search,1,1,1,1
U04966,2,Market trader,Play Store search,1,1,1,1
U04967,6,Salary earner,Agent sign-up,1,1,0,0
U04968,4,Small business,Instagram ad,1,0,0,0
U04969,4,Salary earner,Instagram ad,1,0,0,0
U04970,8,Market trader,Agent sign-up,1,1,1,1
U04971,7,Market trader,Agent sign-up,1,1,1,1
U04972,6,Salary earner,Instagram ad,1,1,1,1
U04973,2,Salary earner,Play Store search,1,1,1,1
U04974,8,Salary earner,Referral,1,1,1,1
U04975,5,Market trader,Play Store search,1,1,0,0
U04976,2,Market trader,Agent sign-up,1,1,1,0
U04977,5,Market trader,Referral,1,1,1,1
U04978,3,Market trader,Referral,1,0,0,0
U04979,7,Student,Referral,1,1,0,0
U04980,5,Salary earner,Instagram ad,1,0,0,0
U04981,2,Salary earner,Instagram ad,1,0,0,0
U04982,2,Small business,Play Store search,1,0,0,0
U04983,7,Market trader,Play Store search,1,0,0,0
U04984,4,Salary earner,Instagram ad,1,1,1,1
U04985,1,Salary earner,Instagram ad,1,1,1,1
U04986,2,Student,Instagram ad,1,0,0,0
U04987,5,Small business,Instagram ad,1,0,0,0
U04988,5,Market trader,Play Store search,1,0,0,0
U04989,5,Salary earner,Referral,1,1,0,0
U04990,5,Small business,Referral,1,1,1,1
U04991,7,Salary earner,Instagram ad,1,1,1,1
U04992,7,Salary earner,Instagram ad,1,1,0,0
U04993,5,Student,Referral,0,0,0,0
U04994,2,Market trader,Play Store search,1,1,0,0
U04995,1,Small business,Referral,1,1,1,1
U04996,5,Market trader,Referral,1,1,0,0
U04997,6,Market trader,Play Store search,1,0,0,0
U04998,5,Student,Agent sign-up,1,1,1,1
U04999,3,Market trader,Agent sign-up,1,1,0,0
U05000,1,Market trader,Agent sign-up,1,0,0,0
U05001,7,Student,Instagram ad,1,0,0,0
U05002,4,Student,Play Store search,1,0,0,0
U05003,8,Salary earner,Referral,1,1,1,1
U05004,7,Market trader,Play Store search,1,1,1,1
U05005,6,Small business,Referral,1,0,0,0
U05006,7,Market trader,Instagram ad,1,1,1,1
U05007,7,Student,Instagram ad,1,0,0,0
U05008,7,Market trader,Play Store search,1,1,1,1
U05009,7,Market trader,Agent sign-up,1,1,1,1
U05010,7,Salary earner,Instagram ad,0,0,0,0
U05011,4,Market trader,Agent sign-up,0,0,0,0
U05012,2,Small business,Referral,1,1,0,0
U05013,1,Market trader,Play Store search,1,0,0,0
U05014,8,Student,Referral,1,1,1,1
U05015,5,Market trader,Play Store search,1,0,0,0
U05016,2,Small business,Referral,1,1,0,0
U05017,5,Salary earner,Play Store search,0,0,0,0
U05018,2,Market trader,Referral,1,0,0,0
U05019,3,Student,Instagram ad,1,0,0,0
U05020,7,Student,Referral,1,1,1,1
U05021,1,Salary earner,Play Store search,0,0,0,0
U05022,4,Salary earner,Referral,1,1,1,1
U05023,2,Small business,Instagram ad,1,0,0,0
U05024,5,Market trader,Instagram ad,1,1,1,1
U05025,5,Salary earner,Instagram ad,1,1,1,1
U05026,7,Student,Referral,1,0,0,0
U05027,4,Market trader,Agent sign-up,0,0,0,0
U05028,7,Salary earner,Instagram ad,1,0,0,0
U05029,1,Market trader,Referral,1,0,0,0
U05030,1,Market trader,Play Store search,1,1,1,1
U05031,8,Market trader,Agent sign-up,1,0,0,0
U05032,1,Small business,Agent sign-up,1,1,1,1
U05033,6,Market trader,Agent sign-up,1,1,1,1
U05034,3,Salary earner,Play Store search,1,1,1,1
U05035,8,Student,Play Store search,1,1,1,1
U05036,8,Student,Agent sign-up,1,0,0,0
U05037,2,Student,Instagram ad,1,0,0,0
U05038,6,Student,Referral,1,1,1,1
U05039,6,Market trader,Referral,1,0,0,0
U05040,5,Market trader,Referral,1,1,1,0
U05041,7,Market trader,Agent sign-up,1,1,1,1
U05042,8,Market trader,Agent sign-up,1,0,0,0
U05043,8,Student,Instagram ad,1,1,1,1
U05044,7,Market trader,Referral,1,1,1,1
U05045,3,Salary earner,Play Store search,1,0,0,0
U05046,4,Salary earner,Instagram ad,1,1,1,0
U05047,8,Small business,Instagram ad,1,1,0,0
U05048,5,Market trader,Instagram ad,1,0,0,0
U05049,6,Student,Referral,1,1,1,1
U05050,1,Student,Referral,1,1,1,1
U05051,5,Small business,Play Store search,1,0,0,0
U05052,4,Salary earner,Play Store search,1,0,0,0
U05053,6,Market trader,Agent sign-up,1,1,1,1
U05054,1,Small business,Referral,1,0,0,0
U05055,4,Salary earner,Instagram ad,1,1,1,1
U05056,1,Student,Agent sign-up,1,0,0,0
U05057,6,Student,Instagram ad,1,1,1,0
U05058,8,Salary earner,Play Store search,1,1,0,0
U05059,3,Small business,Referral,1,1,1,1
U05060,6,Market trader,Referral,1,0,0,0
U05061,6,Salary earner,Instagram ad,1,1,1,1
U05062,3,Salary earner,Play Store search,1,0,0,0
U05063,4,Salary earner,Agent sign-up,1,1,0,0
U05064,5,Student,Agent sign-up,1,1,0,0
U05065,3,Market trader,Referral,1,1,1,1
U05066,8,Market trader,Agent sign-up,1,0,0,0
U05067,4,Salary earner,Referral,1,0,0,0
U05068,4,Student,Play Store search,1,1,1,1
U05069,7,Student,Instagram ad,1,1,1,1
U05070,3,Market trader,Play Store search,1,1,1,1
U05071,5,Student,Referral,1,1,1,1
U05072,1,Student,Agent sign-up,1,1,0,0
U05073,1,Student,Instagram ad,1,1,1,1
U05074,8,Salary earner,Play Store search,1,1,1,1
U05075,5,Student,Instagram ad,1,1,1,1
U05076,4,Student,Play Store search,1,0,0,0
U05077,2,Student,Agent sign-up,1,1,0,0
U05078,8,Student,Instagram ad,1,1,1,0
U05079,4,Student,Play Store search,0,0,0,0
U05080,6,Market trader,Agent sign-up,1,1,1,0
U05081,6,Market trader,Play Store search,1,1,0,0
U05082,6,Market trader,Play Store search,1,0,0,0
U05083,6,Salary earner,Instagram ad,1,1,1,1
U05084,8,Market trader,Instagram ad,1,0,0,0
U05085,6,Small business,Referral,1,1,1,1
U05086,4,Market trader,Play Store search,1,1,1,1
U05087,7,Market trader,Agent sign-up,1,0,0,0
U05088,8,Salary earner,Referral,1,1,1,0
U05089,5,Student,Referral,1,1,1,1
U05090,8,Market trader,Play Store search,1,1,1,1
U05091,7,Market trader,Play Store search,1,0,0,0
U05092,8,Student,Play Store search,1,0,0,0
U05093,1,Salary earner,Instagram ad,1,0,0,0
U05094,5,Market trader,Play Store search,1,1,0,0
U05095,6,Small business,Instagram ad,1,1,1,1
U05096,2,Small business,Referral,0,0,0,0
U05097,4,Salary earner,Instagram ad,1,1,1,0
U05098,8,Student,Referral,1,0,0,0
U05099,4,Small business,Referral,1,1,1,1
U05100,2,Salary earner,Agent sign-up,0,0,0,0
U05101,4,Market trader,Referral,1,1,1,1
U05102,4,Student,Play Store search,1,0,0,0
U05103,2,Small business,Play Store search,1,1,0,0
U05104,4,Student,Referral,0,0,0,0
U05105,4,Salary earner,Referral,1,1,0,0
U05106,8,Small business,Play Store search,1,1,0,0
U05107,2,Student,Referral,1,1,1,1
U05108,8,Small business,Agent sign-up,1,1,0,0
U05109,4,Market trader,Agent sign-up,1,1,1,0
U05110,3,Market trader,Agent sign-up,1,1,0,0
U05111,3,Student,Referral,1,0,0,0
U05112,1,Market trader,Agent sign-up,1,1,1,1
U05113,1,Market trader,Play Store search,0,0,0,0
U05114,7,Small business,Instagram ad,1,0,0,0
U05115,8,Small business,Instagram ad,1,0,0,0
U05116,4,Salary earner,Agent sign-up,1,1,1,1
U05117,5,Salary earner,Referral,1,1,1,1
U05118,8,Market trader,Play Store search,0,0,0,0
U05119,7,Salary earner,Referral,0,0,0,0
U05120,5,Small business,Referral,1,0,0,0
U05121,3,Salary earner,Play Store search,1,1,1,1
U05122,3,Market trader,Play Store search,1,1,0,0
U05123,4,Student,Referral,1,1,1,1
U05124,8,Salary earner,Referral,1,1,1,1
U05125,8,Student,Instagram ad,1,1,1,0
U05126,8,Student,Instagram ad,1,1,1,1
U05127,7,Market trader,Play Store search,1,1,1,1
U05128,2,Small business,Referral,1,1,0,0
U05129,4,Salary earner,Play Store search,1,0,0,0
U05130,4,Market trader,Play Store search,1,1,0,0
U05131,6,Market trader,Referral,1,1,1,1
U05132,1,Market trader,Instagram ad,1,1,1,1
U05133,4,Student,Referral,1,1,1,0
U05134,2,Salary earner,Referral,1,1,1,0
U05135,7,Market trader,Agent sign-up,1,1,1,1
U05136,5,Small business,Agent sign-up,1,1,1,1
U05137,3,Market trader,Agent sign-up,1,1,1,1
U05138,1,Market trader,Referral,1,0,0,0
U05139,8,Salary earner,Instagram ad,1,0,0,0
U05140,3,Salary earner,Agent sign-up,1,1,1,1
U05141,4,Market trader,Play Store search,0,0,0,0
U05142,3,Small business,Play Store search,1,1,1,1
U05143,1,Small business,Instagram ad,1,1,1,1
U05144,6,Small business,Instagram ad,1,0,0,0
U05145,4,Market trader,Agent sign-up,1,1,1,1
U05146,4,Salary earner,Instagram ad,1,1,0,0
U05147,4,Market trader,Agent sign-up,1,1,1,1
U05148,7,Student,Instagram ad,1,1,1,1
U05149,8,Market trader,Agent sign-up,1,0,0,0
U05150,1,Market trader,Agent sign-up,1,1,1,1
U05151,1,Student,Play Store search,1,0,0,0
U05152,6,Market trader,Referral,1,0,0,0
U05153,4,Market trader,Instagram ad,1,0,0,0
U05154,1,Market trader,Play Store search,1,0,0,0
U05155,3,Market trader,Instagram ad,0,0,0,0
U05156,5,Salary earner,Referral,1,1,1,1
U05157,8,Market trader,Agent sign-up,1,1,1,1
U05158,7,Market trader,Agent sign-up,1,1,0,0
U05159,1,Salary earner,Agent sign-up,1,1,1,0
U05160,5,Market trader,Instagram ad,1,0,0,0
U05161,3,Market trader,Play Store search,1,0,0,0
U05162,6,Market trader,Play Store search,1,1,0,0
U05163,6,Salary earner,Agent sign-up,0,0,0,0
U05164,2,Student,Referral,1,1,0,0
U05165,7,Market trader,Agent sign-up,1,1,1,1
U05166,4,Student,Referral,1,0,0,0
U05167,7,Market trader,Agent sign-up,1,1,1,1
U05168,4,Student,Agent sign-up,1,1,1,1
U05169,4,Salary earner,Play Store search,0,0,0,0
U05170,5,Salary earner,Instagram ad,1,1,1,1
U05171,7,Market trader,Agent sign-up,1,1,1,0
U05172,3,Market trader,Play Store search,1,0,0,0
U05173,5,Small business,Play Store search,1,1,1,1
U05174,6,Market trader,Referral,1,1,0,0
U05175,5,Market trader,Play Store search,1,0,0,0
U05176,7,Market trader,Agent sign-up,1,0,0,0
U05177,3,Student,Referral,1,0,0,0
U05178,6,Student,Play Store search,1,0,0,0
U05179,6,Salary earner,Referral,1,1,1,1
U05180,5,Student,Referral,1,1,1,0
U05181,5,Market trader,Play Store search,1,1,1,0
U05182,8,Salary earner,Play Store search,1,1,1,1
U05183,3,Market trader,Agent sign-up,1,1,1,0
U05184,5,Salary earner,Referral,1,1,1,1
U05185,1,Salary earner,Instagram ad,1,1,1,1
U05186,4,Salary earner,Play Store search,1,1,1,1
U05187,2,Market trader,Referral,1,0,0,0
U05188,3,Student,Play Store search,1,1,0,0
U05189,4,Market trader,Agent sign-up,1,1,0,0
U05190,6,Salary earner,Referral,1,1,1,0
U05191,6,Market trader,Agent sign-up,1,0,0,0
U05192,3,Small business,Instagram ad,1,0,0,0
U05193,7,Small business,Play Store search,1,1,1,1
U05194,7,Student,Instagram ad,1,0,0,0
U05195,6,Salary earner,Agent sign-up,1,1,1,1
U05196,1,Salary earner,Play Store search,1,0,0,0
U05197,6,Salary earner,Play Store search,0,0,0,0
U05198,7,Salary earner,Instagram ad,1,1,0,0
U05199,1,Market trader,Agent sign-up,1,0,0,0
U05200,8,Student,Instagram ad,1,0,0,0
U05201,2,Salary earner,Instagram ad,1,0,0,0
U05202,4,Student,Instagram ad,1,0,0,0
U05203,7,Market trader,Instagram ad,1,1,1,1
U05204,6,Salary earner,Referral,1,1,1,1
U05205,1,Small business,Instagram ad,1,1,1,1
U05206,7,Salary earner,Play Store search,1,1,1,1
U05207,6,Small business,Play Store search,1,0,0,0
U05208,7,Market trader,Play Store search,1,1,1,1
U05209,2,Salary earner,Play Store search,1,1,0,0
U05210,7,Student,Instagram ad,1,0,0,0
U05211,1,Market trader,Referral,1,0,0,0
U05212,5,Market trader,Play Store search,1,0,0,0
U05213,2,Salary earner,Play Store search,1,1,1,1
U05214,7,Student,Instagram ad,1,0,0,0
U05215,8,Salary earner,Instagram ad,1,0,0,0
U05216,1,Salary earner,Instagram ad,1,0,0,0
U05217,7,Market trader,Play Store search,1,1,1,1
U05218,1,Student,Instagram ad,1,1,1,1
U05219,3,Market trader,Agent sign-up,1,1,1,1
U05220,4,Market trader,Agent sign-up,1,1,1,0
U05221,1,Small business,Referral,1,1,1,1
U05222,2,Student,Instagram ad,1,1,0,0
U05223,7,Salary earner,Instagram ad,1,1,1,1
U05224,4,Small business,Agent sign-up,1,1,0,0
U05225,5,Student,Agent sign-up,1,1,0,0
U05226,7,Market trader,Instagram ad,1,1,1,1
U05227,1,Salary earner,Referral,1,1,1,1
U05228,5,Small business,Agent sign-up,1,1,0,0
U05229,1,Market trader,Instagram ad,1,0,0,0
U05230,1,Student,Referral,1,1,0,0
U05231,5,Small business,Referral,1,1,1,1
U05232,1,Market trader,Referral,1,1,1,1
U05233,3,Salary earner,Referral,1,1,1,1
U05234,8,Small business,Referral,1,0,0,0
U05235,1,Salary earner,Referral,1,1,1,1
U05236,5,Salary earner,Referral,1,1,1,1
U05237,6,Salary earner,Play Store search,1,1,1,1
U05238,1,Small business,Instagram ad,1,1,0,0
U05239,5,Market trader,Agent sign-up,1,1,0,0
U05240,3,Market trader,Agent sign-up,1,1,1,0
U05241,1,Salary earner,Referral,0,0,0,0
U05242,5,Small business,Referral,1,0,0,0
U05243,8,Market trader,Agent sign-up,1,0,0,0
U05244,8,Salary earner,Referral,1,1,0,0
U05245,5,Salary earner,Agent sign-up,1,1,1,1
U05246,4,Market trader,Play Store search,1,0,0,0
U05247,4,Student,Referral,1,0,0,0
U05248,8,Student,Instagram ad,1,0,0,0
U05249,4,Small business,Instagram ad,0,0,0,0
U05250,4,Small business,Play Store search,1,1,1,1
U05251,3,Market trader,Referral,1,0,0,0
U05252,3,Salary earner,Instagram ad,1,1,1,1
U05253,4,Market trader,Agent sign-up,1,1,1,0
U05254,6,Student,Play Store search,1,0,0,0
U05255,3,Salary earner,Referral,1,1,0,0
U05256,8,Small business,Instagram ad,0,0,0,0
U05257,6,Student,Instagram ad,0,0,0,0
U05258,8,Salary earner,Instagram ad,1,1,1,1
U05259,5,Salary earner,Referral,1,1,1,1
U05260,4,Market trader,Agent sign-up,1,1,1,1
U05261,5,Small business,Referral,1,1,1,1
U05262,1,Student,Agent sign-up,1,1,0,0
U05263,2,Salary earner,Referral,1,1,1,0
U05264,2,Small business,Referral,1,1,0,0
U05265,5,Market trader,Play Store search,1,1,1,1
U05266,3,Market trader,Referral,1,1,1,0
U05267,4,Small business,Play Store search,1,0,0,0
U05268,2,Student,Instagram ad,1,1,1,1
U05269,7,Student,Play Store search,1,1,1,1
U05270,1,Market trader,Referral,1,1,1,1
U05271,8,Market trader,Agent sign-up,1,1,1,0
U05272,1,Small business,Instagram ad,1,0,0,0
U05273,4,Market trader,Play Store search,1,1,1,1
U05274,6,Salary earner,Referral,1,1,1,0
U05275,6,Salary earner,Referral,1,1,1,1
U05276,7,Market trader,Referral,1,1,1,1
U05277,5,Student,Play Store search,1,1,1,0
U05278,5,Market trader,Agent sign-up,1,0,0,0
U05279,5,Student,Play Store search,1,1,1,1
U05280,8,Market trader,Agent sign-up,1,0,0,0
U05281,3,Market trader,Agent sign-up,1,0,0,0
U05282,4,Market trader,Play Store search,1,1,0,0
U05283,3,Student,Instagram ad,1,1,1,1
U05284,5,Student,Play Store search,1,0,0,0
U05285,5,Salary earner,Referral,1,0,0,0
U05286,8,Market trader,Instagram ad,1,1,0,0
U05287,6,Market trader,Agent sign-up,1,1,0,0
U05288,3,Salary earner,Agent sign-up,1,1,1,1
U05289,5,Salary earner,Agent sign-up,1,1,1,1
U05290,1,Market trader,Referral,1,1,1,1
U05291,3,Salary earner,Instagram ad,0,0,0,0
U05292,4,Small business,Play Store search,1,0,0,0
U05293,3,Salary earner,Referral,1,1,1,1
U05294,5,Small business,Play Store search,1,1,1,1
U05295,7,Market trader,Agent sign-up,1,0,0,0
U05296,4,Small business,Instagram ad,1,0,0,0
U05297,6,Market trader,Agent sign-up,1,1,1,1
U05298,3,Market trader,Agent sign-up,1,0,0,0
U05299,5,Small business,Referral,1,1,1,1
U05300,7,Salary earner,Agent sign-up,0,0,0,0
U05301,7,Student,Referral,1,1,1,1
U05302,7,Small business,Referral,1,1,1,1
U05303,4,Market trader,Agent sign-up,1,0,0,0
U05304,1,Market trader,Referral,1,1,1,0
U05305,3,Salary earner,Referral,1,1,1,0
U05306,3,Student,Play Store search,1,1,0,0
U05307,7,Market trader,Agent sign-up,1,1,0,0
U05308,5,Market trader,Referral,0,0,0,0
U05309,5,Market trader,Play Store search,1,0,0,0
U05310,1,Small business,Instagram ad,1,1,1,1
U05311,3,Market trader,Agent sign-up,1,0,0,0
U05312,2,Salary earner,Instagram ad,1,1,1,1
U05313,5,Salary earner,Instagram ad,1,1,0,0
U05314,5,Market trader,Instagram ad,1,0,0,0
U05315,5,Small business,Instagram ad,1,1,1,1
U05316,3,Market trader,Agent sign-up,0,0,0,0
U05317,4,Student,Instagram ad,1,0,0,0
U05318,2,Salary earner,Referral,1,1,0,0
U05319,4,Student,Instagram ad,1,0,0,0
U05320,1,Market trader,Play Store search,1,0,0,0
U05321,7,Market trader,Instagram ad,1,1,1,1
U05322,8,Student,Instagram ad,0,0,0,0
U05323,7,Market trader,Agent sign-up,1,1,1,1
U05324,7,Market trader,Referral,1,1,1,1
U05325,6,Market trader,Referral,1,0,0,0
U05326,8,Salary earner,Referral,1,1,1,1
U05327,3,Salary earner,Play Store search,1,1,1,1
U05328,4,Student,Instagram ad,1,1,1,1
U05329,6,Small business,Referral,1,1,1,0
U05330,8,Salary earner,Instagram ad,1,1,1,1
U05331,6,Market trader,Referral,0,0,0,0
U05332,3,Market trader,Agent sign-up,1,1,1,1
U05333,1,Market trader,Referral,1,0,0,0
U05334,3,Market trader,Play Store search,0,0,0,0
U05335,8,Salary earner,Referral,1,1,1,0
U05336,1,Market trader,Agent sign-up,0,0,0,0
U05337,5,Market trader,Agent sign-up,1,1,1,1
U05338,2,Market trader,Agent sign-up,0,0,0,0
U05339,4,Market trader,Agent sign-up,1,1,1,1
U05340,6,Student,Referral,1,1,1,1
U05341,5,Market trader,Referral,1,1,1,1
U05342,7,Small business,Play Store search,1,0,0,0
U05343,8,Salary earner,Referral,1,1,0,0
U05344,2,Market trader,Agent sign-up,1,0,0,0
U05345,6,Salary earner,Instagram ad,1,1,1,0
U05346,7,Salary earner,Instagram ad,1,0,0,0
U05347,6,Student,Play Store search,1,1,1,1
U05348,2,Market trader,Agent sign-up,1,0,0,0
U05349,5,Market trader,Agent sign-up,1,1,1,1
U05350,8,Salary earner,Play Store search,1,1,1,0
U05351,1,Salary earner,Instagram ad,1,0,0,0
U05352,4,Small business,Instagram ad,1,1,1,1
U05353,2,Student,Referral,1,1,1,1
U05354,4,Salary earner,Instagram ad,1,1,1,1
U05355,6,Market trader,Agent sign-up,1,0,0,0
U05356,4,Salary earner,Play Store search,1,1,0,0
U05357,7,Market trader,Referral,1,1,0,0
U05358,1,Student,Instagram ad,1,1,1,1
U05359,5,Student,Referral,0,0,0,0
U05360,4,Market trader,Referral,1,1,1,1
U05361,6,Student,Referral,1,0,0,0
U05362,1,Salary earner,Agent sign-up,1,1,1,1
U05363,4,Student,Instagram ad,1,1,1,1
U05364,5,Salary earner,Referral,1,1,1,1
U05365,2,Small business,Referral,1,1,1,0
U05366,8,Salary earner,Instagram ad,0,0,0,0
U05367,8,Student,Play Store search,1,0,0,0
U05368,1,Market trader,Instagram ad,1,0,0,0
U05369,5,Small business,Referral,1,1,1,0
U05370,7,Salary earner,Agent sign-up,1,1,1,1
U05371,2,Market trader,Instagram ad,1,0,0,0
U05372,7,Student,Referral,1,1,1,1
U05373,6,Market trader,Referral,1,0,0,0
U05374,3,Student,Referral,1,1,1,0
U05375,7,Market trader,Agent sign-up,0,0,0,0
U05376,7,Market trader,Agent sign-up,1,1,1,1
U05377,4,Market trader,Play Store search,1,0,0,0
U05378,5,Market trader,Play Store search,1,0,0,0
U05379,4,Salary earner,Referral,0,0,0,0
U05380,4,Salary earner,Referral,0,0,0,0
U05381,5,Market trader,Agent sign-up,1,0,0,0
U05382,1,Salary earner,Play Store search,1,0,0,0
U05383,8,Market trader,Play Store search,1,1,1,1
U05384,6,Market trader,Agent sign-up,1,0,0,0
U05385,1,Student,Play Store search,1,1,1,1
U05386,8,Market trader,Referral,1,0,0,0
U05387,3,Small business,Play Store search,1,0,0,0
U05388,1,Market trader,Agent sign-up,1,1,1,1
U05389,4,Student,Instagram ad,1,1,1,1
U05390,4,Salary earner,Instagram ad,1,1,0,0
U05391,3,Student,Agent sign-up,0,0,0,0
U05392,5,Student,Referral,1,1,1,1
U05393,4,Market trader,Agent sign-up,1,1,0,0
U05394,4,Student,Instagram ad,1,0,0,0
U05395,1,Market trader,Referral,1,0,0,0
U05396,5,Market trader,Instagram ad,1,1,1,1
U05397,8,Salary earner,Instagram ad,1,1,1,0
U05398,7,Market trader,Instagram ad,1,0,0,0
U05399,4,Market trader,Play Store search,1,1,1,1
U05400,7,Market trader,Instagram ad,1,0,0,0
U05401,5,Salary earner,Play Store search,1,0,0,0
U05402,6,Student,Instagram ad,1,1,1,1
U05403,4,Salary earner,Instagram ad,1,0,0,0
U05404,5,Small business,Referral,1,0,0,0
U05405,4,Salary earner,Referral,1,1,1,1
U05406,6,Salary earner,Referral,1,1,1,0
U05407,1,Market trader,Agent sign-up,1,0,0,0
U05408,7,Market trader,Referral,1,1,1,1
U05409,8,Market trader,Referral,1,0,0,0
U05410,4,Small business,Agent sign-up,1,1,1,1
U05411,1,Market trader,Agent sign-up,1,1,1,1
U05412,8,Student,Referral,1,1,1,0
U05413,8,Student,Agent sign-up,1,1,0,0
U05414,8,Small business,Instagram ad,0,0,0,0
U05415,7,Market trader,Instagram ad,1,0,0,0
U05416,4,Market trader,Agent sign-up,1,1,1,1
U05417,6,Salary earner,Instagram ad,1,0,0,0
U05418,6,Small business,Agent sign-up,1,1,1,1
U05419,7,Market trader,Instagram ad,1,0,0,0
U05420,8,Salary earner,Play Store search,1,1,1,1
U05421,1,Market trader,Referral,1,1,0,0
U05422,1,Market trader,Agent sign-up,1,1,1,1
U05423,8,Market trader,Agent sign-up,1,0,0,0
U05424,8,Market trader,Play Store search,1,1,1,0
U05425,7,Student,Play Store search,1,1,0,0
U05426,1,Student,Referral,1,0,0,0
U05427,5,Salary earner,Play Store search,1,1,1,1
U05428,5,Market trader,Referral,1,0,0,0
U05429,4,Student,Play Store search,1,0,0,0
U05430,6,Salary earner,Instagram ad,0,0,0,0
U05431,8,Salary earner,Instagram ad,1,1,1,1
U05432,2,Market trader,Agent sign-up,1,1,1,1
U05433,7,Small business,Referral,1,1,1,1
U05434,2,Market trader,Play Store search,1,0,0,0
U05435,3,Market trader,Agent sign-up,1,1,0,0
U05436,4,Salary earner,Instagram ad,1,1,1,1
U05437,8,Salary earner,Instagram ad,1,1,0,0
U05438,1,Small business,Referral,1,1,1,1
U05439,5,Salary earner,Play Store search,1,0,0,0
U05440,3,Student,Instagram ad,1,1,1,1
U05441,7,Salary earner,Play Store search,1,0,0,0
U05442,5,Salary earner,Instagram ad,1,0,0,0
U05443,3,Salary earner,Instagram ad,1,1,0,0
U05444,2,Student,Play Store search,1,1,1,1
U05445,1,Student,Play Store search,1,1,1,1
U05446,7,Market trader,Referral,1,0,0,0
U05447,4,Salary earner,Referral,1,1,1,1
U05448,3,Market trader,Play Store search,1,1,1,1
U05449,2,Market trader,Agent sign-up,1,1,0,0
U05450,5,Market trader,Agent sign-up,1,0,0,0
U05451,4,Student,Instagram ad,1,0,0,0
U05452,6,Small business,Play Store search,1,1,1,1
U05453,5,Student,Instagram ad,1,0,0,0
U05454,2,Market trader,Agent sign-up,1,0,0,0
U05455,3,Market trader,Referral,0,0,0,0
U05456,1,Salary earner,Instagram ad,1,1,1,1
U05457,1,Market trader,Referral,1,1,1,1
U05458,1,Small business,Instagram ad,1,1,1,1
U05459,8,Salary earner,Referral,1,0,0,0
U05460,1,Student,Agent sign-up,1,1,1,1
U05461,5,Student,Play Store search,1,0,0,0
U05462,3,Salary earner,Referral,1,1,1,1
U05463,8,Market trader,Play Store search,1,1,1,1
U05464,1,Student,Referral,0,0,0,0
U05465,2,Salary earner,Instagram ad,1,0,0,0
U05466,3,Salary earner,Instagram ad,1,1,1,1
U05467,4,Salary earner,Instagram ad,1,0,0,0
U05468,4,Market trader,Agent sign-up,1,1,1,1
U05469,2,Market trader,Referral,1,0,0,0
U05470,1,Small business,Instagram ad,0,0,0,0
U05471,5,Market trader,Instagram ad,1,0,0,0
U05472,8,Salary earner,Instagram ad,1,0,0,0
U05473,7,Student,Agent sign-up,1,1,1,0
U05474,8,Market trader,Referral,1,0,0,0
U05475,3,Salary earner,Play Store search,1,1,1,1
U05476,4,Student,Instagram ad,1,0,0,0
U05477,7,Market trader,Play Store search,1,0,0,0
U05478,4,Student,Referral,0,0,0,0
U05479,5,Market trader,Instagram ad,1,0,0,0
U05480,3,Market trader,Play Store search,1,0,0,0
U05481,5,Salary earner,Instagram ad,1,0,0,0
U05482,6,Market trader,Play Store search,1,0,0,0
U05483,8,Small business,Referral,1,1,1,1
U05484,6,Salary earner,Instagram ad,1,1,1,1
U05485,4,Small business,Instagram ad,1,1,1,1
U05486,4,Market trader,Agent sign-up,1,0,0,0
U05487,1,Market trader,Agent sign-up,1,0,0,0
U05488,5,Market trader,Agent sign-up,1,1,1,0
U05489,4,Market trader,Agent sign-up,1,0,0,0
U05490,8,Salary earner,Instagram ad,1,1,1,1
U05491,7,Student,Play Store search,1,1,1,1
U05492,1,Salary earner,Play Store search,1,1,0,0
U05493,6,Small business,Agent sign-up,1,1,1,0
U05494,2,Salary earner,Play Store search,1,1,1,1
U05495,5,Small business,Referral,1,1,1,1
U05496,4,Small business,Instagram ad,1,0,0,0
U05497,6,Student,Instagram ad,1,0,0,0
U05498,7,Student,Play Store search,1,1,1,1
U05499,6,Market trader,Referral,1,0,0,0
U05500,6,Student,Instagram ad,0,0,0,0
U05501,5,Salary earner,Agent sign-up,1,1,1,1
U05502,8,Salary earner,Agent sign-up,0,0,0,0
U05503,3,Salary earner,Instagram ad,1,1,1,0
U05504,4,Salary earner,Referral,1,0,0,0
U05505,3,Student,Instagram ad,1,0,0,0
U05506,7,Salary earner,Instagram ad,1,0,0,0
U05507,1,Salary earner,Instagram ad,1,1,0,0
U05508,5,Student,Referral,0,0,0,0
U05509,3,Salary earner,Instagram ad,1,1,1,1
U05510,3,Student,Instagram ad,0,0,0,0
U05511,3,Salary earner,Instagram ad,1,1,1,1
U05512,7,Market trader,Agent sign-up,1,0,0,0
U05513,6,Student,Referral,1,1,0,0
U05514,8,Market trader,Agent sign-up,1,1,1,1
U05515,4,Student,Play Store search,1,1,1,1
U05516,6,Market trader,Agent sign-up,0,0,0,0
U05517,8,Student,Instagram ad,1,1,1,1
U05518,2,Student,Instagram ad,1,1,1,1
U05519,4,Market trader,Play Store search,1,1,1,1
U05520,2,Small business,Referral,1,1,1,1
U05521,4,Salary earner,Play Store search,1,1,1,1
U05522,8,Salary earner,Instagram ad,1,1,1,1
U05523,2,Market trader,Play Store search,1,0,0,0
U05524,6,Salary earner,Instagram ad,1,0,0,0
U05525,2,Market trader,Referral,1,1,1,0
U05526,4,Market trader,Agent sign-up,1,1,1,1
U05527,5,Student,Play Store search,1,0,0,0
U05528,8,Market trader,Agent sign-up,1,1,1,1
U05529,8,Market trader,Play Store search,1,0,0,0
U05530,7,Salary earner,Instagram ad,1,1,0,0
U05531,3,Salary earner,Instagram ad,1,0,0,0
U05532,4,Market trader,Referral,1,1,1,1
U05533,1,Market trader,Referral,1,1,0,0
U05534,2,Small business,Instagram ad,1,0,0,0
U05535,1,Student,Instagram ad,1,1,1,1
U05536,1,Salary earner,Referral,1,1,1,1
U05537,6,Small business,Agent sign-up,1,1,1,1
U05538,8,Salary earner,Referral,1,1,1,1
U05539,5,Salary earner,Instagram ad,1,1,1,1
U05540,7,Market trader,Referral,1,1,1,1
U05541,5,Salary earner,Play Store search,1,1,1,0
U05542,5,Market trader,Agent sign-up,1,0,0,0
U05543,1,Small business,Referral,1,1,1,1
U05544,8,Market trader,Instagram ad,1,1,1,1
U05545,2,Market trader,Agent sign-up,0,0,0,0
U05546,3,Salary earner,Agent sign-up,1,1,1,1
U05547,3,Market trader,Referral,1,0,0,0
U05548,4,Salary earner,Instagram ad,1,0,0,0
U05549,4,Market trader,Instagram ad,1,1,1,1
U05550,7,Market trader,Referral,0,0,0,0
U05551,7,Salary earner,Play Store search,0,0,0,0
U05552,5,Salary earner,Referral,1,1,1,1
U05553,3,Market trader,Referral,1,0,0,0
U05554,5,Small business,Instagram ad,1,1,1,1
U05555,8,Student,Referral,1,1,1,1
U05556,8,Student,Instagram ad,0,0,0,0
U05557,2,Salary earner,Referral,1,1,0,0
U05558,5,Market trader,Referral,1,1,1,1
U05559,8,Market trader,Agent sign-up,1,0,0,0
U05560,5,Salary earner,Instagram ad,1,1,1,1
U05561,5,Salary earner,Instagram ad,1,1,0,0
U05562,5,Student,Instagram ad,1,1,1,1
U05563,5,Salary earner,Referral,1,1,1,1
U05564,4,Salary earner,Play Store search,1,0,0,0
U05565,8,Student,Play Store search,1,1,1,1
U05566,1,Student,Instagram ad,1,0,0,0
U05567,3,Market trader,Agent sign-up,1,1,1,0
U05568,7,Market trader,Agent sign-up,0,0,0,0
U05569,3,Small business,Instagram ad,1,0,0,0
U05570,1,Small business,Instagram ad,1,0,0,0
U05571,5,Student,Instagram ad,1,1,1,0
U05572,4,Market trader,Agent sign-up,0,0,0,0
U05573,5,Salary earner,Play Store search,1,1,1,1
U05574,8,Market trader,Play Store search,1,0,0,0
U05575,5,Market trader,Play Store search,1,0,0,0
U05576,4,Small business,Instagram ad,1,1,0,0
U05577,7,Market trader,Referral,1,0,0,0
U05578,4,Student,Instagram ad,1,1,0,0
U05579,7,Salary earner,Play Store search,1,1,1,1
U05580,4,Student,Agent sign-up,1,1,1,1
U05581,1,Student,Instagram ad,1,1,1,1
U05582,8,Salary earner,Agent sign-up,1,1,1,1
U05583,6,Salary earner,Instagram ad,1,1,1,1
U05584,6,Market trader,Agent sign-up,1,1,1,0
U05585,2,Salary earner,Play Store search,1,1,0,0
U05586,1,Salary earner,Instagram ad,1,1,1,1
U05587,1,Market trader,Agent sign-up,1,0,0,0
U05588,2,Salary earner,Instagram ad,1,1,1,1
U05589,4,Student,Referral,1,1,1,1
U05590,5,Small business,Instagram ad,1,1,1,1
U05591,5,Market trader,Referral,1,1,1,1
U05592,1,Market trader,Referral,1,0,0,0
U05593,5,Market trader,Referral,1,1,1,1
U05594,1,Student,Play Store search,1,1,1,1
U05595,5,Salary earner,Instagram ad,1,0,0,0
U05596,6,Salary earner,Play Store search,1,0,0,0
U05597,5,Salary earner,Instagram ad,1,1,0,0
U05598,8,Salary earner,Referral,1,1,1,1
U05599,1,Salary earner,Referral,1,1,1,1
U05600,3,Salary earner,Referral,1,1,0,0
U05601,3,Salary earner,Play Store search,1,1,1,1
U05602,6,Student,Instagram ad,1,0,0,0
U05603,7,Student,Referral,1,1,1,1
U05604,2,Small business,Referral,1,1,1,1
U05605,5,Salary earner,Play Store search,1,1,1,1
U05606,1,Student,Referral,1,1,0,0
U05607,7,Student,Referral,1,1,1,0
U05608,8,Market trader,Play Store search,1,1,0,0
U05609,5,Salary earner,Instagram ad,1,1,1,0
U05610,8,Market trader,Instagram ad,1,0,0,0
U05611,5,Student,Referral,1,1,1,1
U05612,7,Market trader,Agent sign-up,1,1,1,1
U05613,3,Small business,Referral,0,0,0,0
U05614,1,Small business,Referral,1,0,0,0
U05615,4,Market trader,Play Store search,1,1,0,0
U05616,3,Market trader,Agent sign-up,1,1,1,1
U05617,3,Market trader,Play Store search,1,0,0,0
U05618,6,Market trader,Referral,1,0,0,0
U05619,8,Student,Instagram ad,1,1,1,1
U05620,6,Market trader,Play Store search,0,0,0,0
U05621,3,Student,Referral,1,1,1,1
U05622,6,Student,Referral,1,1,0,0
U05623,2,Small business,Instagram ad,1,0,0,0
U05624,1,Market trader,Instagram ad,1,0,0,0
U05625,1,Small business,Play Store search,1,0,0,0
U05626,2,Market trader,Agent sign-up,1,0,0,0
U05627,2,Small business,Referral,1,1,1,1
U05628,5,Market trader,Play Store search,0,0,0,0
U05629,6,Student,Instagram ad,1,1,1,1
U05630,8,Small business,Agent sign-up,1,1,0,0
U05631,2,Student,Referral,1,0,0,0
U05632,8,Student,Instagram ad,1,0,0,0
U05633,4,Salary earner,Referral,1,0,0,0
U05634,7,Salary earner,Play Store search,1,1,1,0
U05635,3,Salary earner,Referral,0,0,0,0
U05636,4,Salary earner,Instagram ad,1,1,1,0
U05637,8,Student,Referral,1,0,0,0
U05638,2,Market trader,Instagram ad,1,1,1,1
U05639,1,Student,Referral,1,1,1,1
U05640,2,Salary earner,Instagram ad,1,1,1,1
U05641,2,Market trader,Agent sign-up,1,1,1,1
U05642,1,Small business,Referral,1,0,0,0
U05643,2,Market trader,Play Store search,1,1,1,0
U05644,6,Student,Instagram ad,1,1,1,0
U05645,4,Market trader,Instagram ad,1,0,0,0
U05646,6,Small business,Referral,0,0,0,0
U05647,5,Salary earner,Agent sign-up,0,0,0,0
U05648,5,Market trader,Referral,1,0,0,0
U05649,3,Salary earner,Play Store search,1,1,1,1
U05650,1,Student,Play Store search,1,1,1,0
U05651,3,Market trader,Referral,1,0,0,0
U05652,1,Market trader,Play Store search,1,0,0,0
U05653,2,Salary earner,Instagram ad,1,1,0,0
U05654,8,Student,Referral,0,0,0,0
U05655,7,Salary earner,Referral,1,1,1,1
U05656,6,Salary earner,Referral,1,0,0,0
U05657,1,Market trader,Referral,1,0,0,0
U05658,1,Small business,Referral,1,1,1,1
U05659,8,Salary earner,Play Store search,1,1,0,0
U05660,5,Market trader,Agent sign-up,1,1,1,1
U05661,8,Salary earner,Referral,1,1,0,0
U05662,2,Market trader,Agent sign-up,1,0,0,0
U05663,5,Salary earner,Play Store search,1,0,0,0
U05664,4,Salary earner,Instagram ad,1,1,1,1
U05665,7,Student,Instagram ad,0,0,0,0
U05666,3,Market trader,Agent sign-up,1,0,0,0
U05667,8,Market trader,Instagram ad,1,0,0,0
U05668,2,Student,Play Store search,1,1,0,0
U05669,5,Market trader,Agent sign-up,1,1,0,0
U05670,8,Student,Instagram ad,0,0,0,0
U05671,7,Student,Agent sign-up,1,1,1,0
U05672,4,Salary earner,Play Store search,1,0,0,0
U05673,8,Market trader,Play Store search,1,0,0,0
U05674,5,Student,Play Store search,1,1,1,1
U05675,8,Market trader,Play Store search,1,1,1,1
U05676,1,Student,Referral,1,0,0,0
U05677,5,Market trader,Referral,1,1,1,1
U05678,1,Market trader,Agent sign-up,1,1,1,1
U05679,6,Market trader,Agent sign-up,1,1,1,1
U05680,1,Student,Referral,1,1,0,0
U05681,5,Market trader,Agent sign-up,0,0,0,0
U05682,8,Salary earner,Instagram ad,1,1,1,0
U05683,3,Small business,Instagram ad,1,0,0,0
U05684,6,Market trader,Agent sign-up,1,0,0,0
U05685,3,Student,Instagram ad,1,1,1,1
U05686,3,Salary earner,Play Store search,1,1,1,1
U05687,4,Salary earner,Instagram ad,0,0,0,0
U05688,2,Student,Instagram ad,1,1,0,0
U05689,3,Salary earner,Agent sign-up,1,1,0,0
U05690,6,Student,Instagram ad,1,1,1,1
U05691,8,Salary earner,Referral,1,1,0,0
U05692,5,Salary earner,Referral,1,0,0,0
U05693,1,Salary earner,Referral,1,1,1,1
U05694,3,Market trader,Referral,1,1,1,0
U05695,5,Market trader,Play Store search,1,0,0,0
U05696,2,Student,Instagram ad,1,0,0,0
U05697,5,Student,Referral,1,1,1,1
U05698,3,Small business,Play Store search,1,1,1,1
U05699,6,Small business,Instagram ad,0,0,0,0
U05700,2,Market trader,Agent sign-up,1,1,1,1
U05701,4,Small business,Instagram ad,1,0,0,0
U05702,7,Salary earner,Agent sign-up,1,1,1,1
U05703,8,Salary earner,Play Store search,1,0,0,0
U05704,6,Salary earner,Referral,1,1,0,0
U05705,3,Salary earner,Referral,1,1,1,1
U05706,8,Student,Referral,1,1,1,1
U05707,6,Small business,Referral,1,1,1,1
U05708,8,Market trader,Agent sign-up,1,1,1,1
U05709,7,Small business,Referral,1,1,0,0
U05710,5,Small business,Referral,1,1,1,1
U05711,8,Market trader,Referral,1,0,0,0
U05712,2,Salary earner,Referral,1,1,1,1
U05713,1,Small business,Instagram ad,1,1,0,0
U05714,5,Market trader,Referral,0,0,0,0
U05715,6,Small business,Play Store search,1,1,0,0
U05716,4,Salary earner,Instagram ad,1,1,1,1
U05717,5,Small business,Instagram ad,1,1,1,0
U05718,2,Salary earner,Instagram ad,1,0,0,0
U05719,6,Small business,Play Store search,1,1,0,0
U05720,6,Salary earner,Instagram ad,1,1,1,1
U05721,1,Small business,Instagram ad,1,0,0,0
U05722,6,Student,Agent sign-up,1,0,0,0
U05723,4,Student,Play Store search,1,1,1,0
U05724,2,Salary earner,Referral,1,1,1,1
U05725,4,Small business,Instagram ad,1,0,0,0
U05726,2,Market trader,Referral,1,1,1,0
U05727,4,Market trader,Play Store search,1,0,0,0
U05728,6,Salary earner,Referral,1,1,1,0
U05729,7,Student,Play Store search,1,1,1,1
U05730,6,Small business,Referral,1,1,1,1
U05731,8,Small business,Referral,1,1,1,1
U05732,8,Salary earner,Play Store search,1,0,0,0
U05733,1,Salary earner,Agent sign-up,1,1,1,1
U05734,6,Student,Play Store search,1,1,0,0
U05735,3,Small business,Referral,1,0,0,0
U05736,3,Market trader,Play Store search,1,0,0,0
U05737,6,Student,Referral,1,0,0,0
U05738,2,Salary earner,Instagram ad,1,1,1,1
U05739,6,Salary earner,Referral,1,1,1,0
U05740,2,Salary earner,Instagram ad,1,1,1,1
U05741,6,Student,Play Store search,1,1,1,1
U05742,7,Student,Instagram ad,1,1,1,0
U05743,8,Salary earner,Instagram ad,1,1,1,1
U05744,4,Small business,Play Store search,1,1,0,0
U05745,5,Market trader,Play Store search,1,1,1,0
U05746,1,Market trader,Play Store search,1,1,0,0
U05747,7,Market trader,Play Store search,1,0,0,0
U05748,3,Student,Play Store search,1,1,1,1
U05749,4,Salary earner,Instagram ad,1,1,0,0
U05750,4,Salary earner,Referral,1,1,1,1
U05751,6,Salary earner,Referral,1,1,0,0
U05752,6,Market trader,Agent sign-up,1,0,0,0
U05753,3,Salary earner,Instagram ad,1,1,1,1
U05754,2,Small business,Instagram ad,1,0,0,0
U05755,1,Small business,Agent sign-up,1,1,1,1
U05756,6,Student,Instagram ad,1,1,1,0
U05757,2,Market trader,Agent sign-up,1,0,0,0
U05758,8,Small business,Instagram ad,1,1,1,1
U05759,4,Market trader,Agent sign-up,1,1,1,1
U05760,7,Market trader,Agent sign-up,1,1,0,0
U05761,7,Salary earner,Play Store search,1,1,0,0
U05762,6,Student,Instagram ad,1,1,1,1
U05763,3,Market trader,Agent sign-up,1,0,0,0
U05764,5,Student,Referral,1,1,1,1
U05765,6,Market trader,Play Store search,1,0,0,0
U05766,8,Student,Instagram ad,0,0,0,0
U05767,7,Salary earner,Referral,1,1,0,0
U05768,2,Student,Instagram ad,1,0,0,0
U05769,7,Market trader,Instagram ad,0,0,0,0
U05770,3,Salary earner,Instagram ad,1,1,1,1
U05771,8,Student,Play Store search,1,0,0,0
U05772,1,Student,Instagram ad,0,0,0,0
U05773,8,Small business,Instagram ad,1,1,1,1
U05774,8,Student,Instagram ad,1,1,1,1
U05775,6,Student,Instagram ad,1,1,0,0
U05776,5,Student,Instagram ad,1,1,1,1
U05777,5,Salary earner,Instagram ad,1,0,0,0
U05778,8,Student,Referral,1,1,1,1
U05779,7,Market trader,Referral,1,0,0,0
U05780,2,Salary earner,Play Store search,1,0,0,0
U05781,6,Salary earner,Referral,1,1,1,1
U05782,7,Market trader,Instagram ad,0,0,0,0
U05783,1,Student,Instagram ad,1,0,0,0
U05784,6,Market trader,Agent sign-up,1,0,0,0
U05785,2,Salary earner,Instagram ad,1,1,1,1
U05786,6,Student,Instagram ad,1,0,0,0
U05787,5,Salary earner,Instagram ad,1,0,0,0
U05788,1,Market trader,Play Store search,1,1,0,0
U05789,1,Salary earner,Referral,1,1,1,0
U05790,2,Salary earner,Play Store search,1,1,1,1
U05791,3,Salary earner,Referral,1,1,1,1
U05792,3,Salary earner,Play Store search,1,1,1,1
U05793,1,Salary earner,Instagram ad,1,1,0,0
U05794,8,Student,Instagram ad,1,0,0,0
U05795,5,Salary earner,Play Store search,1,1,1,1
U05796,8,Salary earner,Referral,1,1,0,0
U05797,7,Student,Instagram ad,1,1,1,1
U05798,6,Salary earner,Referral,1,1,1,1
U05799,3,Market trader,Play Store search,1,0,0,0
U05800,6,Student,Referral,1,0,0,0
U05801,1,Market trader,Play Store search,1,0,0,0
U05802,1,Salary earner,Instagram ad,1,1,0,0
U05803,3,Student,Referral,1,1,1,1
U05804,2,Market trader,Agent sign-up,0,0,0,0
U05805,8,Student,Instagram ad,1,0,0,0
U05806,8,Salary earner,Instagram ad,1,0,0,0
U05807,4,Market trader,Agent sign-up,1,1,1,1
U05808,3,Market trader,Agent sign-up,1,1,0,0
U05809,8,Student,Instagram ad,1,0,0,0
U05810,1,Small business,Referral,1,1,0,0
U05811,3,Salary earner,Instagram ad,1,1,0,0
U05812,5,Small business,Referral,1,1,1,1
U05813,5,Student,Agent sign-up,1,1,0,0
U05814,5,Salary earner,Play Store search,1,1,1,1
U05815,3,Market trader,Play Store search,1,1,1,0
U05816,6,Student,Agent sign-up,0,0,0,0
U05817,8,Salary earner,Play Store search,1,1,1,1
U05818,7,Small business,Referral,1,1,1,0
U05819,5,Market trader,Instagram ad,1,1,1,0
U05820,4,Salary earner,Referral,1,1,1,1
U05821,7,Market trader,Referral,1,0,0,0
U05822,8,Market trader,Agent sign-up,1,1,1,1
U05823,8,Salary earner,Referral,0,0,0,0
U05824,5,Market trader,Agent sign-up,1,1,1,1
U05825,8,Small business,Play Store search,1,1,1,1
U05826,1,Market trader,Referral,1,1,1,1
U05827,2,Salary earner,Agent sign-up,1,1,1,1
U05828,6,Salary earner,Instagram ad,1,1,0,0
U05829,3,Small business,Agent sign-up,1,1,1,1
U05830,4,Student,Referral,1,1,1,0
U05831,4,Student,Agent sign-up,1,1,1,1
U05832,2,Market trader,Play Store search,1,1,1,0
U05833,4,Market trader,Agent sign-up,1,1,0,0
U05834,7,Salary earner,Instagram ad,1,0,0,0
U05835,4,Market trader,Referral,1,0,0,0
U05836,6,Small business,Instagram ad,1,1,1,1
U05837,5,Small business,Instagram ad,1,1,1,0
U05838,5,Market trader,Referral,1,0,0,0
U05839,7,Student,Play Store search,0,0,0,0
U05840,5,Salary earner,Referral,1,1,1,1
U05841,5,Market trader,Agent sign-up,0,0,0,0
U05842,5,Salary earner,Agent sign-up,1,1,1,1
U05843,5,Market trader,Play Store search,1,1,1,1
U05844,2,Market trader,Play Store search,1,0,0,0
U05845,8,Market trader,Play Store search,1,0,0,0
U05846,3,Market trader,Agent sign-up,1,1,1,1
U05847,2,Small business,Agent sign-up,1,1,1,1
U05848,8,Market trader,Play Store search,1,1,0,0
U05849,4,Student,Play Store search,1,1,1,1
U05850,3,Market trader,Instagram ad,1,0,0,0
U05851,8,Student,Instagram ad,1,1,1,1
U05852,5,Market trader,Agent sign-up,1,1,1,1
U05853,8,Market trader,Agent sign-up,1,1,1,0
U05854,2,Market trader,Referral,1,0,0,0
U05855,3,Student,Instagram ad,1,1,1,1
U05856,8,Student,Agent sign-up,1,1,1,1
U05857,7,Salary earner,Instagram ad,1,1,0,0
U05858,6,Salary earner,Play Store search,1,1,1,1
U05859,4,Small business,Instagram ad,0,0,0,0
U05860,3,Salary earner,Instagram ad,1,1,1,1
U05861,1,Small business,Play Store search,1,1,1,1
U05862,2,Student,Play Store search,1,1,1,1
U05863,4,Salary earner,Play Store search,1,1,1,1
U05864,8,Student,Play Store search,1,1,1,0
U05865,7,Market trader,Agent sign-up,1,0,0,0
U05866,4,Market trader,Referral,1,1,1,1
U05867,3,Salary earner,Instagram ad,1,1,1,1
U05868,5,Student,Referral,1,1,0,0
U05869,3,Market trader,Agent sign-up,1,1,0,0
U05870,4,Market trader,Play Store search,1,1,1,1
U05871,8,Student,Referral,0,0,0,0
U05872,3,Salary earner,Play Store search,1,1,1,0
U05873,7,Student,Referral,1,1,0,0
U05874,3,Market trader,Referral,1,0,0,0
U05875,6,Student,Referral,1,0,0,0
U05876,6,Market trader,Instagram ad,1,0,0,0
U05877,3,Student,Play Store search,1,1,0,0
U05878,5,Student,Play Store search,1,1,1,1
U05879,7,Salary earner,Instagram ad,1,1,1,1
U05880,8,Student,Instagram ad,1,0,0,0
U05881,4,Market trader,Agent sign-up,1,1,1,1
U05882,2,Small business,Instagram ad,1,1,1,1
U05883,8,Salary earner,Agent sign-up,1,1,1,1
U05884,2,Salary earner,Agent sign-up,1,1,1,1
U05885,6,Market trader,Play Store search,1,0,0,0
U05886,1,Student,Instagram ad,1,1,1,1
U05887,1,Market trader,Agent sign-up,1,1,1,0
U05888,2,Market trader,Referral,1,1,1,0
U05889,4,Student,Instagram ad,1,0,0,0
U05890,4,Student,Referral,1,0,0,0
U05891,2,Salary earner,Referral,1,1,0,0
U05892,6,Market trader,Play Store search,1,0,0,0
U05893,6,Market trader,Play Store search,1,0,0,0
U05894,4,Salary earner,Play Store search,1,1,1,1
U05895,5,Market trader,Agent sign-up,1,1,1,1
U05896,7,Small business,Instagram ad,1,0,0,0
U05897,2,Student,Instagram ad,1,1,1,1
U05898,1,Small business,Instagram ad,1,0,0,0
U05899,2,Student,Agent sign-up,0,0,0,0
U05900,4,Student,Referral,1,0,0,0
U05901,1,Market trader,Instagram ad,1,0,0,0
U05902,2,Market trader,Agent sign-up,1,1,1,1
U05903,3,Small business,Agent sign-up,1,1,1,1
U05904,2,Market trader,Play Store search,1,1,1,1
U05905,4,Small business,Referral,1,1,1,1
U05906,1,Small business,Referral,1,0,0,0
U05907,7,Student,Play Store search,1,1,1,1
U05908,8,Market trader,Agent sign-up,1,0,0,0
U05909,8,Salary earner,Play Store search,1,1,1,1
U05910,6,Salary earner,Referral,1,1,1,1
U05911,5,Student,Instagram ad,1,0,0,0
U05912,4,Small business,Instagram ad,1,0,0,0
U05913,8,Small business,Referral,1,1,1,1
U05914,7,Salary earner,Referral,1,1,1,1
U05915,2,Market trader,Agent sign-up,1,1,1,1
U05916,6,Market trader,Agent sign-up,1,1,0,0
U05917,2,Salary earner,Agent sign-up,1,1,1,1
U05918,5,Market trader,Agent sign-up,1,1,1,1
U05919,2,Student,Instagram ad,1,0,0,0
U05920,4,Salary earner,Play Store search,1,0,0,0
U05921,7,Salary earner,Instagram ad,1,1,1,1
U05922,2,Student,Play Store search,1,1,1,1
U05923,6,Student,Instagram ad,1,1,1,1
U05924,8,Market trader,Referral,1,1,1,1
U05925,2,Small business,Agent sign-up,1,1,1,1
U05926,5,Salary earner,Instagram ad,1,0,0,0
U05927,1,Market trader,Referral,1,1,1,1
U05928,6,Market trader,Referral,1,0,0,0
U05929,2,Salary earner,Instagram ad,1,1,1,1
U05930,7,Small business,Play Store search,1,1,0,0
U05931,7,Student,Referral,1,1,1,1
U05932,3,Salary earner,Referral,1,0,0,0
U05933,6,Salary earner,Referral,1,1,0,0
U05934,6,Salary earner,Referral,1,1,1,1
U05935,2,Salary earner,Agent sign-up,1,1,1,1
U05936,1,Salary earner,Instagram ad,1,1,1,1
U05937,2,Market trader,Agent sign-up,1,1,0,0
U05938,8,Salary earner,Referral,1,1,0,0
U05939,1,Salary earner,Play Store search,1,1,1,1
U05940,3,Salary earner,Referral,0,0,0,0
U05941,4,Market trader,Referral,0,0,0,0
U05942,5,Market trader,Agent sign-up,1,1,0,0
U05943,8,Salary earner,Play Store search,1,1,1,1
U05944,4,Small business,Instagram ad,1,1,1,1
U05945,6,Salary earner,Referral,1,1,0,0
U05946,7,Market trader,Play Store search,1,0,0,0
U05947,5,Salary earner,Agent sign-up,1,1,0,0
U05948,4,Market trader,Play Store search,1,0,0,0
U05949,4,Market trader,Referral,1,1,1,1
U05950,1,Market trader,Referral,1,0,0,0
U05951,3,Student,Instagram ad,1,1,1,1
U05952,3,Market trader,Instagram ad,1,0,0,0
U05953,1,Small business,Play Store search,1,1,1,1
U05954,2,Salary earner,Play Store search,1,1,1,0
U05955,7,Student,Agent sign-up,1,1,1,1
U05956,8,Salary earner,Referral,1,1,1,0
U05957,4,Salary earner,Instagram ad,1,1,1,1
U05958,2,Salary earner,Instagram ad,1,1,1,1
U05959,4,Student,Play Store search,1,0,0,0
U05960,6,Market trader,Play Store search,1,1,1,1
U05961,7,Market trader,Play Store search,1,0,0,0
U05962,2,Market trader,Play Store search,1,0,0,0
U05963,7,Salary earner,Instagram ad,1,0,0,0
U05964,7,Student,Referral,1,1,1,1
U05965,2,Market trader,Referral,1,1,0,0
U05966,6,Salary earner,Play Store search,1,0,0,0
U05967,3,Market trader,Referral,1,1,0,0
U05968,7,Student,Referral,0,0,0,0
U05969,2,Small business,Play Store search,1,1,0,0
U05970,3,Salary earner,Referral,1,1,1,1
U05971,7,Small business,Play Store search,1,1,1,1
U05972,8,Market trader,Referral,1,0,0,0
U05973,7,Salary earner,Instagram ad,1,1,0,0
U05974,6,Salary earner,Play Store search,1,1,1,0
U05975,7,Student,Instagram ad,1,0,0,0
U05976,3,Salary earner,Instagram ad,1,1,0,0
U05977,4,Salary earner,Instagram ad,1,1,1,1
U05978,7,Student,Agent sign-up,1,1,1,0
U05979,7,Small business,Instagram ad,1,1,1,1
U05980,4,Salary earner,Play Store search,1,1,1,1
U05981,6,Salary earner,Instagram ad,1,1,1,0
U05982,7,Salary earner,Instagram ad,1,1,1,0
U05983,3,Market trader,Referral,1,0,0,0
U05984,1,Market trader,Agent sign-up,1,0,0,0
U05985,7,Small business,Agent sign-up,1,1,1,1
U05986,3,Small business,Instagram ad,1,1,1,1
U05987,1,Student,Instagram ad,1,1,1,0
U05988,2,Small business,Referral,1,0,0,0
U05989,2,Student,Play Store search,1,1,1,1
U05990,2,Student,Instagram ad,1,1,1,1
U05991,6,Student,Referral,1,1,0,0
U05992,2,Market trader,Instagram ad,1,0,0,0
U05993,5,Small business,Instagram ad,0,0,0,0
U05994,4,Small business,Instagram ad,1,1,1,1
U05995,3,Salary earner,Agent sign-up,1,1,1,0
U05996,3,Market trader,Referral,1,1,1,0
U05997,8,Salary earner,Referral,1,1,1,1
U05998,7,Market trader,Play Store search,1,1,0,0
U05999,5,Salary earner,Instagram ad,1,0,0,0
U06000,1,Student,Play Store search,1,0,0,0
U06001,8,Student,Referral,1,1,1,0
U06002,8,Market trader,Agent sign-up,1,1,1,0
U06003,1,Market trader,Agent sign-up,1,0,0,0
U06004,8,Salary earner,Agent sign-up,1,1,1,1
U06005,3,Student,Agent sign-up,1,1,0,0
U06006,5,Student,Instagram ad,1,0,0,0
U06007,6,Market trader,Agent sign-up,1,0,0,0
U06008,6,Salary earner,Referral,1,1,1,1
U06009,3,Market trader,Agent sign-up,1,1,1,1
U06010,8,Market trader,Agent sign-up,1,1,1,0
U06011,6,Student,Play Store search,1,0,0,0
U06012,3,Market trader,Play Store search,1,1,0,0
U06013,5,Student,Instagram ad,1,1,1,1
U06014,6,Small business,Referral,1,0,0,0
U06015,1,Small business,Play Store search,1,0,0,0
U06016,3,Salary earner,Referral,1,1,0,0
U06017,5,Salary earner,Instagram ad,1,0,0,0
U06018,1,Market trader,Referral,1,1,1,1
U06019,2,Market trader,Instagram ad,1,0,0,0
U06020,3,Salary earner,Instagram ad,1,0,0,0
U06021,2,Market trader,Referral,1,0,0,0
U06022,7,Salary earner,Instagram ad,1,0,0,0
U06023,7,Market trader,Agent sign-up,1,1,1,1
U06024,4,Student,Play Store search,1,1,1,0
U06025,2,Salary earner,Instagram ad,1,1,1,1
U06026,6,Salary earner,Referral,1,1,1,1
U06027,8,Salary earner,Referral,1,1,1,1
U06028,1,Student,Referral,1,0,0,0
U06029,5,Student,Referral,1,0,0,0
U06030,7,Salary earner,Referral,1,1,1,1
U06031,5,Salary earner,Referral,1,1,0,0
U06032,3,Salary earner,Instagram ad,1,1,1,1
U06033,5,Student,Instagram ad,1,1,0,0
U06034,6,Student,Play Store search,1,1,1,1
U06035,2,Salary earner,Play Store search,1,0,0,0
U06036,2,Student,Instagram ad,1,1,1,1
U06037,5,Salary earner,Instagram ad,1,1,1,1
U06038,3,Salary earner,Play Store search,1,1,1,1
U06039,8,Student,Referral,1,0,0,0
U06040,2,Student,Play Store search,1,1,1,1
U06041,8,Salary earner,Instagram ad,1,1,1,0
U06042,4,Student,Instagram ad,1,1,1,1
U06043,4,Salary earner,Agent sign-up,1,1,1,1
U06044,6,Market trader,Referral,1,0,0,0
U06045,7,Student,Play Store search,1,0,0,0
U06046,8,Market trader,Agent sign-up,1,1,1,1
U06047,1,Salary earner,Referral,1,1,0,0
U06048,3,Market trader,Referral,0,0,0,0
U06049,7,Student,Instagram ad,1,0,0,0
U06050,6,Market trader,Play Store search,1,1,0,0
U06051,8,Market trader,Agent sign-up,1,1,1,0
U06052,3,Small business,Instagram ad,1,0,0,0
U06053,8,Market trader,Referral,1,0,0,0
U06054,8,Market trader,Play Store search,1,1,1,1
U06055,5,Market trader,Referral,1,1,1,1
U06056,5,Salary earner,Agent sign-up,1,1,1,1
U06057,8,Market trader,Play Store search,1,0,0,0
U06058,7,Salary earner,Instagram ad,1,0,0,0
U06059,6,Market trader,Agent sign-up,1,1,1,1
U06060,7,Market trader,Referral,1,1,0,0
U06061,7,Salary earner,Play Store search,1,1,1,1
U06062,6,Salary earner,Play Store search,1,1,0,0
U06063,1,Student,Instagram ad,1,1,1,1
U06064,6,Salary earner,Play Store search,1,1,1,0
U06065,2,Small business,Play Store search,1,1,0,0
U06066,1,Market trader,Instagram ad,0,0,0,0
U06067,2,Student,Instagram ad,1,0,0,0
U06068,3,Student,Instagram ad,1,1,1,1
U06069,3,Market trader,Agent sign-up,1,1,1,0
U06070,7,Student,Referral,1,1,1,1
U06071,5,Small business,Referral,1,1,1,1
U06072,8,Small business,Referral,1,1,1,1
U06073,4,Student,Referral,1,1,1,1
U06074,2,Market trader,Referral,1,1,1,1
U06075,6,Small business,Play Store search,1,0,0,0
U06076,2,Small business,Instagram ad,1,1,0,0
U06077,3,Market trader,Play Store search,1,1,1,1
U06078,3,Salary earner,Referral,1,1,1,0
U06079,1,Market trader,Agent sign-up,1,1,1,1
U06080,4,Market trader,Referral,1,0,0,0
U06081,7,Salary earner,Referral,1,1,1,1
U06082,3,Market trader,Instagram ad,1,1,0,0
U06083,3,Market trader,Referral,1,0,0,0
U06084,8,Small business,Referral,1,0,0,0
U06085,8,Small business,Instagram ad,1,1,1,0
U06086,2,Salary earner,Play Store search,1,1,1,1
U06087,8,Small business,Instagram ad,1,1,1,1
U06088,5,Small business,Referral,1,1,1,1
U06089,3,Small business,Referral,1,1,1,1
U06090,2,Market trader,Agent sign-up,1,1,1,1
U06091,8,Small business,Play Store search,1,1,1,1
U06092,6,Salary earner,Referral,1,0,0,0
U06093,8,Student,Play Store search,1,1,1,1
U06094,8,Small business,Play Store search,1,0,0,0
U06095,3,Student,Instagram ad,1,0,0,0
U06096,1,Salary earner,Referral,1,0,0,0
U06097,1,Market trader,Play Store search,1,0,0,0
U06098,4,Salary earner,Play Store search,1,1,1,0
U06099,4,Salary earner,Instagram ad,1,1,1,1
U06100,5,Small business,Instagram ad,1,1,1,1
U06101,2,Salary earner,Referral,1,1,1,0
U06102,7,Market trader,Agent sign-up,1,0,0,0
U06103,1,Small business,Agent sign-up,1,1,0,0
U06104,5,Small business,Instagram ad,1,1,1,1
U06105,6,Student,Instagram ad,1,1,0,0
U06106,7,Student,Play Store search,1,0,0,0
U06107,1,Student,Instagram ad,1,1,1,1
U06108,4,Market trader,Agent sign-up,1,1,0,0
U06109,1,Student,Instagram ad,1,0,0,0
U06110,5,Salary earner,Agent sign-up,1,1,1,1
U06111,6,Student,Instagram ad,0,0,0,0
U06112,2,Small business,Referral,1,1,1,0
U06113,5,Salary earner,Instagram ad,0,0,0,0
U06114,5,Student,Referral,1,1,1,1
U06115,1,Market trader,Referral,0,0,0,0
U06116,7,Market trader,Agent sign-up,1,0,0,0
U06117,7,Student,Agent sign-up,0,0,0,0
U06118,3,Small business,Play Store search,1,1,1,1
U06119,8,Student,Play Store search,1,1,1,1
U06120,3,Market trader,Play Store search,0,0,0,0
U06121,3,Student,Instagram ad,1,0,0,0
U06122,3,Market trader,Play Store search,1,1,1,0
U06123,2,Small business,Play Store search,1,1,1,0
U06124,2,Student,Referral,1,1,1,1
U06125,7,Market trader,Agent sign-up,1,1,1,0
U06126,7,Market trader,Referral,1,1,0,0
U06127,8,Market trader,Instagram ad,1,0,0,0
U06128,8,Small business,Referral,1,1,0,0
U06129,5,Salary earner,Referral,1,1,1,1
U06130,1,Salary earner,Referral,1,1,1,0
U06131,3,Market trader,Play Store search,1,1,1,1
U06132,5,Market trader,Instagram ad,1,1,1,1
U06133,4,Salary earner,Agent sign-up,1,1,1,1
U06134,5,Market trader,Agent sign-up,1,1,1,1
U06135,7,Salary earner,Instagram ad,1,1,1,1
U06136,7,Student,Agent sign-up,1,1,1,1
U06137,4,Student,Referral,1,0,0,0
U06138,7,Student,Instagram ad,1,0,0,0
U06139,2,Market trader,Play Store search,1,1,0,0
U06140,7,Salary earner,Instagram ad,1,1,0,0
U06141,7,Small business,Referral,1,1,1,1
U06142,1,Student,Referral,1,1,1,1
U06143,8,Market trader,Referral,1,0,0,0
U06144,6,Salary earner,Referral,1,0,0,0
U06145,4,Market trader,Instagram ad,1,0,0,0
U06146,4,Market trader,Agent sign-up,1,0,0,0
U06147,3,Salary earner,Agent sign-up,1,1,0,0
U06148,1,Market trader,Play Store search,1,1,0,0
U06149,1,Student,Play Store search,1,1,1,1
U06150,1,Market trader,Play Store search,1,1,1,1
U06151,8,Salary earner,Instagram ad,1,1,1,1
U06152,6,Student,Play Store search,1,1,1,1
U06153,5,Salary earner,Referral,1,1,1,1
U06154,8,Salary earner,Instagram ad,1,1,1,1
U06155,7,Market trader,Play Store search,1,1,1,0
U06156,5,Salary earner,Instagram ad,1,1,1,1
U06157,4,Student,Instagram ad,1,1,1,1
U06158,2,Salary earner,Instagram ad,1,0,0,0
U06159,4,Market trader,Referral,1,0,0,0
U06160,5,Salary earner,Instagram ad,1,1,0,0
U06161,7,Market trader,Agent sign-up,1,0,0,0
U06162,5,Student,Play Store search,1,1,1,0
U06163,6,Salary earner,Play Store search,1,1,0,0
U06164,1,Salary earner,Instagram ad,0,0,0,0
U06165,1,Small business,Instagram ad,1,1,1,1
U06166,7,Market trader,Agent sign-up,1,1,1,1
U06167,3,Student,Instagram ad,1,0,0,0
U06168,5,Market trader,Referral,1,1,0,0
U06169,8,Salary earner,Play Store search,1,1,1,1
U06170,1,Student,Referral,1,1,1,1
U06171,5,Market trader,Play Store search,1,0,0,0
U06172,7,Student,Play Store search,1,1,1,1
U06173,3,Student,Referral,0,0,0,0
U06174,1,Student,Referral,0,0,0,0
U06175,1,Salary earner,Play Store search,1,1,1,1
U06176,4,Salary earner,Play Store search,1,1,1,1
U06177,2,Salary earner,Play Store search,1,1,0,0
U06178,1,Salary earner,Play Store search,1,1,1,1
U06179,1,Student,Play Store search,1,1,1,1
U06180,6,Student,Referral,1,1,1,1
U06181,1,Salary earner,Referral,1,1,1,1
U06182,6,Salary earner,Instagram ad,1,0,0,0
U06183,4,Market trader,Play Store search,0,0,0,0
U06184,7,Salary earner,Instagram ad,1,1,0,0
U06185,5,Salary earner,Instagram ad,1,0,0,0
U06186,5,Salary earner,Instagram ad,1,0,0,0
U06187,3,Salary earner,Play Store search,1,1,1,0
U06188,4,Salary earner,Play Store search,1,1,1,0
U06189,2,Salary earner,Instagram ad,1,1,1,0
U06190,4,Student,Referral,1,1,1,0
U06191,6,Small business,Agent sign-up,1,1,1,1
U06192,4,Student,Play Store search,1,1,1,1
U06193,2,Salary earner,Instagram ad,1,1,1,1
U06194,3,Salary earner,Referral,1,1,1,1
U06195,3,Market trader,Instagram ad,0,0,0,0
U06196,7,Student,Play Store search,1,0,0,0
U06197,4,Market trader,Agent sign-up,1,1,1,1
U06198,2,Market trader,Instagram ad,1,0,0,0
U06199,3,Small business,Agent sign-up,1,1,1,1
U06200,2,Salary earner,Play Store search,1,1,0,0
U06201,1,Student,Instagram ad,1,0,0,0
U06202,5,Market trader,Agent sign-up,1,1,0,0
U06203,3,Student,Referral,1,1,1,1
U06204,7,Student,Play Store search,1,0,0,0
U06205,8,Salary earner,Referral,1,1,1,1
U06206,7,Market trader,Play Store search,1,0,0,0
U06207,5,Small business,Instagram ad,1,1,1,0
U06208,4,Small business,Play Store search,1,1,0,0
U06209,2,Student,Play Store search,1,1,0,0
U06210,4,Market trader,Agent sign-up,1,1,1,1
U06211,4,Small business,Instagram ad,1,1,0,0
U06212,8,Small business,Play Store search,1,0,0,0
U06213,7,Market trader,Agent sign-up,1,1,1,1
U06214,5,Small business,Referral,1,1,0,0
U06215,1,Student,Play Store search,1,1,1,1
U06216,1,Student,Play Store search,0,0,0,0
U06217,1,Market trader,Agent sign-up,1,1,1,1
U06218,2,Salary earner,Play Store search,0,0,0,0
U06219,6,Salary earner,Instagram ad,1,1,1,1
U06220,5,Salary earner,Referral,1,1,1,1
U06221,8,Salary earner,Play Store search,1,1,1,1
U06222,6,Small business,Agent sign-up,1,1,1,1
U06223,6,Small business,Instagram ad,1,1,0,0
U06224,1,Market trader,Agent sign-up,0,0,0,0
U06225,6,Student,Referral,1,0,0,0
U06226,1,Market trader,Play Store search,1,0,0,0
U06227,4,Market trader,Agent sign-up,1,1,0,0
U06228,8,Salary earner,Referral,1,1,1,1
U06229,5,Salary earner,Play Store search,1,0,0,0
U06230,1,Student,Instagram ad,1,0,0,0
U06231,7,Small business,Instagram ad,1,0,0,0
U06232,3,Market trader,Agent sign-up,1,1,1,1
U06233,6,Salary earner,Referral,1,1,1,1
U06234,3,Market trader,Agent sign-up,1,1,1,1
U06235,1,Salary earner,Play Store search,1,1,1,1
U06236,5,Market trader,Play Store search,1,0,0,0
U06237,1,Small business,Play Store search,1,1,1,0
U06238,5,Market trader,Referral,1,0,0,0
U06239,5,Small business,Referral,1,0,0,0
U06240,4,Market trader,Agent sign-up,1,1,1,1
U06241,3,Student,Play Store search,1,1,1,1
U06242,6,Market trader,Agent sign-up,1,0,0,0
U06243,3,Student,Instagram ad,0,0,0,0
U06244,8,Market trader,Play Store search,1,1,1,0
U06245,3,Salary earner,Instagram ad,1,1,1,1
U06246,3,Salary earner,Referral,1,1,0,0
U06247,6,Market trader,Agent sign-up,1,1,1,1
U06248,4,Student,Instagram ad,1,1,1,1
U06249,3,Student,Referral,1,0,0,0
U06250,6,Student,Instagram ad,1,1,1,1
U06251,5,Market trader,Agent sign-up,1,1,0,0
U06252,3,Small business,Instagram ad,1,1,1,1
U06253,8,Market trader,Instagram ad,1,0,0,0
U06254,8,Market trader,Agent sign-up,1,1,1,1
U06255,6,Market trader,Agent sign-up,1,1,1,0
U06256,1,Salary earner,Referral,1,1,0,0
U06257,4,Salary earner,Play Store search,1,1,1,1
U06258,2,Student,Referral,1,1,1,1
U06259,1,Salary earner,Referral,1,1,1,0
U06260,4,Small business,Referral,1,0,0,0
U06261,6,Salary earner,Referral,1,1,1,1
U06262,3,Salary earner,Referral,1,1,1,1
U06263,7,Student,Instagram ad,1,0,0,0
U06264,2,Salary earner,Play Store search,1,0,0,0
U06265,6,Student,Play Store search,1,0,0,0
U06266,5,Market trader,Agent sign-up,1,1,1,1
U06267,1,Small business,Instagram ad,1,0,0,0
U06268,5,Market trader,Agent sign-up,1,1,1,1
U06269,4,Market trader,Agent sign-up,1,1,1,1
U06270,3,Student,Instagram ad,1,1,0,0
U06271,7,Student,Referral,1,0,0,0
U06272,7,Market trader,Agent sign-up,1,1,1,1
U06273,2,Student,Agent sign-up,1,1,0,0
U06274,6,Market trader,Play Store search,1,0,0,0
U06275,6,Market trader,Play Store search,1,0,0,0
U06276,6,Salary earner,Play Store search,1,1,1,1
U06277,3,Market trader,Agent sign-up,1,1,1,1
U06278,8,Student,Play Store search,1,1,1,1
U06279,5,Salary earner,Play Store search,1,1,0,0
U06280,1,Salary earner,Instagram ad,1,0,0,0
U06281,2,Market trader,Agent sign-up,1,1,1,1
U06282,6,Market trader,Instagram ad,1,1,1,1
U06283,1,Student,Referral,0,0,0,0
U06284,5,Market trader,Agent sign-up,1,1,1,1
U06285,7,Salary earner,Referral,1,0,0,0
U06286,4,Student,Play Store search,1,0,0,0
U06287,4,Salary earner,Referral,1,1,0,0
U06288,5,Small business,Referral,1,1,0,0
U06289,7,Salary earner,Play Store search,1,0,0,0
U06290,5,Salary earner,Referral,1,1,1,1
U06291,4,Market trader,Agent sign-up,1,1,1,1
U06292,6,Salary earner,Referral,1,1,1,0
U06293,1,Market trader,Agent sign-up,1,1,1,1
U06294,6,Small business,Referral,1,1,1,1
U06295,6,Market trader,Referral,1,1,1,1
U06296,7,Salary earner,Referral,1,1,1,1
U06297,4,Salary earner,Agent sign-up,1,1,0,0
U06298,8,Salary earner,Agent sign-up,1,1,1,1
U06299,4,Student,Referral,0,0,0,0
U06300,8,Small business,Referral,1,1,1,1
U06301,2,Market trader,Agent sign-up,1,1,1,1
U06302,8,Student,Play Store search,0,0,0,0
U06303,1,Market trader,Agent sign-up,1,0,0,0
U06304,5,Market trader,Play Store search,1,1,1,1
U06305,1,Market trader,Instagram ad,1,0,0,0
U06306,8,Salary earner,Referral,1,1,1,1
U06307,6,Salary earner,Referral,1,1,1,1
U06308,2,Market trader,Instagram ad,1,1,1,1
U06309,4,Student,Play Store search,1,0,0,0
U06310,3,Market trader,Agent sign-up,1,1,0,0
U06311,8,Student,Play Store search,1,1,0,0
U06312,7,Salary earner,Play Store search,1,0,0,0
U06313,7,Market trader,Agent sign-up,1,1,1,1
U06314,4,Market trader,Referral,0,0,0,0
U06315,3,Salary earner,Referral,1,1,1,0
U06316,1,Student,Instagram ad,1,1,1,1
U06317,7,Salary earner,Instagram ad,1,1,1,1
U06318,8,Small business,Referral,1,1,1,0
U06319,4,Salary earner,Referral,1,0,0,0
U06320,1,Student,Referral,1,0,0,0
U06321,6,Student,Instagram ad,1,1,1,1
U06322,6,Market trader,Agent sign-up,1,0,0,0
U06323,4,Market trader,Agent sign-up,1,1,1,1
U06324,4,Market trader,Play Store search,1,1,0,0
U06325,2,Market trader,Referral,1,0,0,0
U06326,5,Market trader,Instagram ad,1,1,1,1
U06327,1,Salary earner,Instagram ad,1,1,1,1
U06328,6,Market trader,Instagram ad,1,0,0,0
U06329,6,Market trader,Agent sign-up,1,0,0,0
U06330,1,Small business,Referral,1,1,1,1
U06331,2,Salary earner,Referral,0,0,0,0
U06332,8,Salary earner,Instagram ad,1,1,1,1
U06333,3,Market trader,Play Store search,1,0,0,0
U06334,6,Market trader,Play Store search,1,0,0,0
U06335,5,Salary earner,Instagram ad,1,1,1,1
U06336,2,Salary earner,Play Store search,1,0,0,0
U06337,7,Student,Instagram ad,1,0,0,0
U06338,2,Market trader,Play Store search,1,1,0,0
U06339,3,Market trader,Agent sign-up,1,1,1,0
U06340,8,Salary earner,Referral,1,1,1,1
U06341,1,Small business,Play Store search,1,1,1,1
U06342,3,Market trader,Referral,1,1,0,0
U06343,7,Salary earner,Referral,1,1,1,1
U06344,1,Small business,Agent sign-up,1,1,1,1
U06345,5,Market trader,Referral,0,0,0,0
U06346,7,Market trader,Agent sign-up,1,0,0,0
U06347,3,Salary earner,Instagram ad,1,1,1,1
U06348,3,Small business,Instagram ad,1,1,1,1
U06349,4,Salary earner,Referral,1,1,1,1
U06350,5,Student,Referral,1,1,1,1
U06351,3,Salary earner,Instagram ad,1,0,0,0
U06352,4,Market trader,Referral,1,1,0,0
U06353,2,Salary earner,Instagram ad,1,0,0,0
U06354,5,Student,Play Store search,1,1,1,1
U06355,1,Salary earner,Instagram ad,0,0,0,0
U06356,5,Market trader,Agent sign-up,1,1,1,1
U06357,8,Small business,Referral,1,1,0,0
U06358,7,Small business,Referral,1,0,0,0
U06359,3,Market trader,Agent sign-up,1,1,0,0
U06360,3,Market trader,Agent sign-up,1,1,0,0
U06361,1,Student,Instagram ad,1,0,0,0
U06362,7,Student,Play Store search,1,1,1,1
U06363,2,Student,Play Store search,1,0,0,0
U06364,3,Salary earner,Instagram ad,1,1,1,0
U06365,8,Salary earner,Agent sign-up,0,0,0,0
U06366,2,Market trader,Agent sign-up,1,0,0,0
U06367,3,Student,Play Store search,1,0,0,0
U06368,3,Small business,Instagram ad,1,0,0,0
U06369,4,Market trader,Agent sign-up,1,0,0,0
U06370,5,Salary earner,Instagram ad,1,1,0,0
U06371,6,Market trader,Agent sign-up,1,1,1,1
U06372,6,Small business,Referral,1,1,0,0
U06373,4,Market trader,Referral,0,0,0,0
U06374,3,Salary earner,Instagram ad,1,0,0,0
U06375,7,Salary earner,Instagram ad,1,1,1,1
U06376,8,Market trader,Agent sign-up,1,1,1,1
U06377,2,Salary earner,Instagram ad,1,0,0,0
U06378,5,Market trader,Instagram ad,1,1,1,0
U06379,1,Small business,Play Store search,1,1,0,0
U06380,1,Student,Instagram ad,1,1,1,1
U06381,4,Market trader,Agent sign-up,1,1,1,1
U06382,2,Market trader,Agent sign-up,1,1,1,0
U06383,4,Market trader,Play Store search,1,0,0,0
U06384,8,Salary earner,Instagram ad,0,0,0,0
U06385,8,Student,Instagram ad,1,1,0,0
U06386,6,Student,Instagram ad,1,0,0,0
U06387,3,Small business,Instagram ad,1,1,0,0
U06388,3,Salary earner,Referral,1,1,1,1
U06389,5,Market trader,Agent sign-up,1,1,1,1
U06390,5,Market trader,Play Store search,1,1,1,1
U06391,6,Market trader,Referral,1,1,1,1
U06392,5,Small business,Referral,1,1,1,1
U06393,8,Salary earner,Instagram ad,1,1,0,0
U06394,3,Market trader,Instagram ad,0,0,0,0
U06395,6,Market trader,Agent sign-up,1,1,1,0
U06396,1,Market trader,Agent sign-up,1,1,1,1
U06397,3,Salary earner,Play Store search,1,1,1,1
U06398,5,Salary earner,Agent sign-up,1,1,1,1
U06399,4,Salary earner,Referral,1,1,0,0
U06400,3,Market trader,Referral,1,0,0,0
U06401,7,Market trader,Agent sign-up,1,1,1,1
U06402,3,Student,Play Store search,1,0,0,0
U06403,4,Market trader,Play Store search,1,0,0,0
U06404,7,Salary earner,Play Store search,1,1,1,1
U06405,2,Salary earner,Instagram ad,0,0,0,0
U06406,8,Small business,Agent sign-up,1,1,1,1
U06407,6,Student,Play Store search,1,0,0,0
U06408,6,Market trader,Instagram ad,1,1,1,1
U06409,8,Salary earner,Instagram ad,1,1,1,1
U06410,2,Market trader,Play Store search,1,1,1,1
U06411,3,Salary earner,Instagram ad,0,0,0,0
U06412,1,Student,Play Store search,1,0,0,0
U06413,6,Small business,Instagram ad,1,0,0,0
U06414,8,Small business,Play Store search,1,1,1,1
U06415,5,Market trader,Referral,1,1,1,1
U06416,5,Small business,Instagram ad,1,0,0,0
U06417,7,Salary earner,Instagram ad,1,1,1,1
U06418,1,Market trader,Referral,1,1,1,1
U06419,2,Salary earner,Referral,1,1,1,1
U06420,6,Small business,Play Store search,1,1,1,1
U06421,8,Small business,Instagram ad,1,1,1,0
U06422,4,Student,Referral,1,0,0,0
U06423,1,Student,Play Store search,0,0,0,0
U06424,3,Market trader,Play Store search,1,0,0,0
U06425,4,Small business,Agent sign-up,1,1,1,1
U06426,8,Salary earner,Referral,1,1,1,1
U06427,5,Market trader,Instagram ad,1,0,0,0
U06428,8,Market trader,Agent sign-up,1,0,0,0
U06429,8,Salary earner,Instagram ad,1,1,1,1
U06430,2,Salary earner,Instagram ad,1,1,1,1
U06431,6,Market trader,Referral,1,1,1,1
U06432,4,Salary earner,Agent sign-up,1,1,1,1
U06433,2,Market trader,Play Store search,1,1,1,0
U06434,7,Salary earner,Instagram ad,1,1,1,1
U06435,6,Market trader,Referral,1,1,0,0
U06436,6,Student,Referral,1,0,0,0
U06437,7,Student,Referral,1,0,0,0
U06438,7,Small business,Instagram ad,1,0,0,0
U06439,4,Salary earner,Instagram ad,1,1,1,1
U06440,5,Salary earner,Agent sign-up,1,1,1,1
U06441,6,Market trader,Agent sign-up,1,1,1,1
U06442,6,Student,Referral,0,0,0,0
U06443,4,Student,Play Store search,1,1,1,1
U06444,3,Market trader,Play Store search,1,0,0,0
U06445,5,Salary earner,Referral,1,1,1,1
U06446,2,Market trader,Agent sign-up,1,0,0,0
U06447,3,Market trader,Agent sign-up,1,1,1,1
U06448,2,Small business,Referral,1,1,1,1
U06449,2,Small business,Instagram ad,1,1,1,0
U06450,1,Salary earner,Agent sign-up,1,1,1,1
U06451,6,Salary earner,Play Store search,1,0,0,0
U06452,5,Market trader,Agent sign-up,1,1,1,1
U06453,7,Market trader,Play Store search,1,0,0,0
U06454,4,Salary earner,Instagram ad,1,1,0,0
U06455,7,Market trader,Agent sign-up,1,1,1,0
U06456,2,Salary earner,Agent sign-up,1,0,0,0
U06457,1,Salary earner,Referral,1,0,0,0
U06458,3,Market trader,Agent sign-up,1,0,0,0
U06459,3,Salary earner,Referral,1,1,1,1
U06460,7,Student,Instagram ad,1,0,0,0
U06461,6,Small business,Play Store search,1,0,0,0
U06462,4,Salary earner,Referral,1,1,1,1
U06463,8,Market trader,Agent sign-up,1,1,1,1
U06464,4,Small business,Instagram ad,0,0,0,0
U06465,5,Salary earner,Instagram ad,1,0,0,0
U06466,8,Market trader,Referral,1,1,1,1
U06467,3,Student,Play Store search,1,0,0,0
U06468,2,Student,Play Store search,0,0,0,0
U06469,5,Small business,Play Store search,1,1,1,1
U06470,2,Student,Referral,1,1,1,1
U06471,3,Salary earner,Agent sign-up,1,1,1,1
U06472,8,Small business,Referral,1,1,1,0
U06473,6,Market trader,Agent sign-up,1,0,0,0
U06474,4,Student,Referral,1,1,1,1
U06475,1,Market trader,Play Store search,1,0,0,0
U06476,7,Small business,Instagram ad,1,0,0,0
U06477,5,Salary earner,Instagram ad,1,0,0,0
U06478,5,Student,Instagram ad,1,1,1,1
U06479,5,Salary earner,Instagram ad,1,1,0,0
U06480,2,Salary earner,Instagram ad,1,1,1,0
U06481,6,Market trader,Referral,1,1,1,1
U06482,1,Salary earner,Instagram ad,1,1,1,1
U06483,3,Market trader,Agent sign-up,1,1,0,0
U06484,8,Student,Play Store search,1,0,0,0
U06485,5,Student,Referral,1,0,0,0
U06486,3,Market trader,Instagram ad,1,0,0,0
U06487,4,Salary earner,Referral,1,1,1,1
U06488,3,Small business,Referral,1,0,0,0
U06489,1,Market trader,Play Store search,1,0,0,0
U06490,7,Salary earner,Instagram ad,1,1,1,1
U06491,4,Market trader,Referral,1,1,1,1
U06492,1,Small business,Agent sign-up,1,0,0,0
U06493,5,Market trader,Instagram ad,1,1,1,1
U06494,5,Salary earner,Referral,1,1,0,0
U06495,4,Small business,Referral,1,1,1,1
U06496,7,Market trader,Agent sign-up,0,0,0,0
U06497,8,Salary earner,Play Store search,1,1,0,0
U06498,8,Salary earner,Instagram ad,1,0,0,0
U06499,2,Small business,Referral,1,1,1,1
U06500,6,Small business,Play Store search,1,0,0,0
U06501,7,Student,Referral,1,0,0,0
U06502,7,Salary earner,Play Store search,1,1,0,0
U06503,8,Market trader,Referral,1,0,0,0
U06504,8,Small business,Play Store search,1,1,1,0
U06505,2,Salary earner,Instagram ad,1,1,0,0
U06506,7,Salary earner,Instagram ad,1,1,0,0
U06507,2,Small business,Instagram ad,1,1,1,1
U06508,6,Salary earner,Instagram ad,1,0,0,0
U06509,5,Student,Referral,1,1,1,1
U06510,2,Small business,Play Store search,1,1,1,1
U06511,5,Market trader,Agent sign-up,1,1,0,0
U06512,5,Salary earner,Instagram ad,1,1,1,1
U06513,8,Market trader,Instagram ad,1,0,0,0
U06514,5,Market trader,Play Store search,1,1,1,0
U06515,5,Student,Play Store search,1,1,1,1
U06516,2,Market trader,Agent sign-up,1,1,1,1
U06517,2,Student,Referral,1,1,1,0
U06518,5,Market trader,Play Store search,1,1,1,0
U06519,8,Salary earner,Agent sign-up,1,1,0,0
U06520,8,Student,Agent sign-up,1,1,1,1
U06521,1,Market trader,Referral,1,0,0,0
U06522,8,Market trader,Referral,1,0,0,0
U06523,7,Salary earner,Play Store search,1,1,1,0
U06524,4,Salary earner,Instagram ad,1,1,0,0
U06525,4,Salary earner,Instagram ad,0,0,0,0
U06526,5,Salary earner,Play Store search,1,0,0,0
U06527,4,Salary earner,Play Store search,1,0,0,0
U06528,3,Salary earner,Play Store search,1,1,1,1
U06529,2,Student,Referral,1,1,1,0
U06530,6,Student,Play Store search,0,0,0,0
U06531,3,Student,Instagram ad,1,1,0,0
U06532,2,Student,Play Store search,1,0,0,0
U06533,4,Market trader,Instagram ad,0,0,0,0
U06534,6,Salary earner,Instagram ad,1,0,0,0
U06535,4,Student,Agent sign-up,1,1,1,1
U06536,7,Market trader,Agent sign-up,1,1,1,1
U06537,3,Salary earner,Referral,1,1,0,0
U06538,7,Market trader,Play Store search,1,1,1,1
U06539,5,Market trader,Referral,1,0,0,0
U06540,3,Market trader,Agent sign-up,0,0,0,0
U06541,2,Student,Play Store search,1,0,0,0
U06542,8,Salary earner,Referral,1,1,1,1
U06543,2,Market trader,Referral,1,1,1,1
U06544,1,Salary earner,Play Store search,1,1,1,1
U06545,7,Salary earner,Instagram ad,1,1,1,1
U06546,5,Student,Agent sign-up,1,0,0,0
U06547,3,Small business,Play Store search,1,1,1,1
U06548,7,Student,Agent sign-up,1,1,1,1
U06549,1,Salary earner,Referral,1,1,1,1
U06550,3,Market trader,Instagram ad,1,0,0,0
U06551,2,Student,Referral,1,0,0,0
U06552,8,Salary earner,Instagram ad,1,1,1,0
U06553,8,Salary earner,Referral,1,1,1,1
U06554,6,Market trader,Play Store search,1,1,1,1
U06555,5,Market trader,Agent sign-up,1,0,0,0
U06556,1,Student,Referral,1,1,1,1
U06557,3,Market trader,Play Store search,1,1,1,1
U06558,8,Salary earner,Referral,1,1,0,0
U06559,8,Market trader,Agent sign-up,0,0,0,0
U06560,4,Market trader,Play Store search,1,0,0,0
U06561,1,Salary earner,Referral,1,1,1,1
U06562,5,Small business,Referral,1,1,0,0
U06563,2,Small business,Referral,1,1,1,1
U06564,8,Salary earner,Referral,1,1,1,0
U06565,6,Market trader,Referral,1,1,1,0
U06566,3,Market trader,Agent sign-up,1,1,1,0
U06567,4,Market trader,Agent sign-up,1,0,0,0
U06568,8,Market trader,Agent sign-up,1,0,0,0
U06569,2,Small business,Instagram ad,1,1,0,0
U06570,2,Market trader,Agent sign-up,1,1,1,1
U06571,5,Market trader,Agent sign-up,1,0,0,0
U06572,4,Market trader,Referral,1,1,1,0
U06573,4,Market trader,Instagram ad,1,0,0,0
U06574,8,Salary earner,Agent sign-up,1,0,0,0
U06575,4,Student,Instagram ad,1,0,0,0
U06576,2,Market trader,Play Store search,1,1,0,0
U06577,2,Market trader,Agent sign-up,0,0,0,0
U06578,3,Market trader,Agent sign-up,1,1,1,1
U06579,4,Student,Play Store search,1,1,1,1
U06580,1,Small business,Instagram ad,1,0,0,0
U06581,1,Student,Referral,1,0,0,0
U06582,8,Student,Referral,1,1,1,1
U06583,7,Salary earner,Referral,1,0,0,0
U06584,5,Market trader,Agent sign-up,1,1,1,1
U06585,8,Salary earner,Referral,0,0,0,0
U06586,8,Salary earner,Instagram ad,1,1,1,0
U06587,5,Market trader,Referral,1,1,0,0
U06588,2,Student,Referral,1,1,1,1
U06589,3,Small business,Agent sign-up,1,1,1,1
U06590,8,Market trader,Play Store search,1,0,0,0
U06591,6,Salary earner,Referral,1,1,1,1
U06592,5,Salary earner,Referral,0,0,0,0
U06593,8,Student,Instagram ad,1,0,0,0
U06594,3,Student,Instagram ad,1,0,0,0
U06595,1,Student,Referral,1,0,0,0
U06596,6,Small business,Agent sign-up,1,1,1,0
U06597,8,Salary earner,Instagram ad,1,1,0,0
U06598,1,Market trader,Agent sign-up,1,1,0,0
U06599,6,Salary earner,Instagram ad,1,0,0,0
U06600,1,Salary earner,Play Store search,1,1,1,1
U06601,8,Salary earner,Instagram ad,1,0,0,0
U06602,6,Market trader,Play Store search,1,0,0,0
U06603,4,Market trader,Agent sign-up,1,0,0,0
U06604,6,Student,Referral,1,1,1,1
U06605,3,Market trader,Instagram ad,0,0,0,0
U06606,2,Salary earner,Instagram ad,1,0,0,0
U06607,5,Student,Referral,1,1,1,1
U06608,3,Salary earner,Play Store search,1,0,0,0
U06609,4,Market trader,Agent sign-up,1,1,1,1
U06610,2,Student,Play Store search,1,1,0,0
U06611,3,Market trader,Referral,1,1,1,1
U06612,1,Market trader,Play Store search,1,0,0,0
U06613,8,Student,Agent sign-up,1,1,1,1
U06614,1,Salary earner,Instagram ad,1,0,0,0
U06615,7,Market trader,Instagram ad,1,0,0,0
U06616,6,Student,Instagram ad,1,1,0,0
U06617,8,Market trader,Referral,0,0,0,0
U06618,1,Market trader,Agent sign-up,1,0,0,0
U06619,5,Market trader,Play Store search,1,0,0,0
U06620,4,Market trader,Play Store search,1,0,0,0
U06621,5,Salary earner,Instagram ad,1,1,0,0
U06622,7,Student,Play Store search,1,0,0,0
U06623,2,Salary earner,Referral,0,0,0,0
U06624,2,Student,Referral,1,0,0,0
U06625,1,Small business,Referral,1,1,1,1
U06626,7,Market trader,Agent sign-up,1,1,0,0
U06627,5,Market trader,Instagram ad,1,0,0,0
U06628,6,Salary earner,Play Store search,0,0,0,0
U06629,6,Market trader,Instagram ad,1,1,1,1
U06630,7,Market trader,Play Store search,1,0,0,0
U06631,3,Market trader,Referral,1,1,1,1
U06632,7,Market trader,Agent sign-up,1,1,0,0
U06633,3,Market trader,Agent sign-up,1,1,1,1
U06634,2,Student,Referral,1,1,1,1
U06635,7,Student,Referral,1,1,0,0
U06636,2,Small business,Agent sign-up,1,1,0,0
U06637,2,Small business,Instagram ad,1,0,0,0
U06638,3,Market trader,Play Store search,1,0,0,0
U06639,3,Market trader,Referral,1,0,0,0
U06640,8,Student,Agent sign-up,1,0,0,0
U06641,1,Small business,Referral,1,0,0,0
U06642,2,Salary earner,Play Store search,1,0,0,0
U06643,5,Market trader,Agent sign-up,1,1,1,1
U06644,4,Market trader,Referral,1,0,0,0
U06645,4,Student,Agent sign-up,1,0,0,0
U06646,7,Market trader,Agent sign-up,1,1,0,0
U06647,4,Student,Instagram ad,1,1,1,1
U06648,4,Salary earner,Play Store search,1,1,0,0
U06649,8,Salary earner,Referral,1,1,1,1
U06650,5,Student,Play Store search,1,1,1,0
U06651,8,Market trader,Instagram ad,1,0,0,0
U06652,3,Market trader,Play Store search,1,0,0,0
U06653,2,Salary earner,Play Store search,1,0,0,0
U06654,5,Small business,Referral,1,1,0,0
U06655,7,Salary earner,Play Store search,1,1,1,1
U06656,3,Market trader,Play Store search,0,0,0,0
U06657,6,Market trader,Agent sign-up,1,1,0,0
U06658,8,Market trader,Play Store search,1,1,1,1
U06659,2,Salary earner,Play Store search,1,1,1,0
U06660,6,Market trader,Play Store search,1,0,0,0
U06661,2,Small business,Play Store search,1,1,1,1
U06662,3,Small business,Referral,1,1,1,1
U06663,5,Salary earner,Agent sign-up,1,1,1,1
U06664,5,Market trader,Referral,1,1,1,1
U06665,7,Small business,Agent sign-up,1,1,1,1
U06666,3,Student,Instagram ad,1,1,1,1
U06667,6,Salary earner,Instagram ad,0,0,0,0
U06668,1,Small business,Agent sign-up,1,1,1,1
U06669,7,Salary earner,Play Store search,1,0,0,0
U06670,4,Market trader,Referral,1,0,0,0
U06671,6,Small business,Instagram ad,1,1,0,0
U06672,2,Student,Referral,1,1,1,1
U06673,6,Market trader,Play Store search,1,0,0,0
U06674,5,Market trader,Agent sign-up,1,1,0,0
U06675,7,Market trader,Agent sign-up,1,1,1,1
U06676,1,Student,Agent sign-up,1,1,1,1
U06677,3,Student,Instagram ad,1,1,1,0
U06678,8,Market trader,Referral,1,1,1,1
U06679,5,Market trader,Play Store search,1,0,0,0
U06680,1,Market trader,Play Store search,1,1,1,1
U06681,2,Market trader,Agent sign-up,1,0,0,0
U06682,7,Small business,Play Store search,1,1,0,0
U06683,8,Small business,Referral,1,1,1,1
U06684,5,Student,Referral,1,1,1,1
U06685,3,Student,Play Store search,1,1,1,0
U06686,3,Small business,Referral,1,0,0,0
U06687,8,Market trader,Agent sign-up,1,1,1,1
U06688,3,Market trader,Play Store search,0,0,0,0
U06689,1,Salary earner,Play Store search,1,1,1,1
U06690,3,Market trader,Play Store search,0,0,0,0
U06691,5,Market trader,Instagram ad,1,0,0,0
U06692,3,Small business,Instagram ad,1,0,0,0
U06693,6,Market trader,Instagram ad,1,0,0,0
U06694,8,Student,Agent sign-up,1,0,0,0
U06695,6,Small business,Instagram ad,1,1,1,1
U06696,4,Student,Agent sign-up,1,1,1,0
U06697,5,Market trader,Referral,1,1,1,1
U06698,4,Market trader,Referral,1,0,0,0
U06699,4,Small business,Play Store search,0,0,0,0
U06700,7,Salary earner,Instagram ad,1,1,1,1
U06701,3,Student,Instagram ad,1,1,1,1
U06702,4,Student,Referral,1,0,0,0
U06703,8,Student,Play Store search,0,0,0,0
U06704,4,Market trader,Referral,1,1,0,0
U06705,8,Salary earner,Referral,1,1,1,1
U06706,1,Salary earner,Referral,1,0,0,0
U06707,4,Student,Instagram ad,1,0,0,0
U06708,6,Salary earner,Instagram ad,1,0,0,0
U06709,2,Market trader,Agent sign-up,1,1,1,1
U06710,5,Market trader,Play Store search,1,1,1,1
U06711,7,Small business,Referral,1,0,0,0
U06712,4,Market trader,Agent sign-up,1,0,0,0
U06713,7,Salary earner,Play Store search,1,0,0,0
U06714,4,Student,Referral,1,0,0,0
U06715,4,Market trader,Instagram ad,1,0,0,0
U06716,1,Small business,Referral,1,1,1,1
U06717,5,Market trader,Agent sign-up,1,1,1,1
U06718,1,Market trader,Agent sign-up,1,0,0,0
U06719,8,Salary earner,Referral,0,0,0,0
U06720,3,Student,Instagram ad,0,0,0,0
U06721,5,Salary earner,Referral,1,1,1,1
U06722,6,Market trader,Play Store search,1,1,1,1
U06723,4,Salary earner,Instagram ad,1,0,0,0
U06724,8,Salary earner,Referral,1,1,1,1
U06725,1,Student,Referral,1,1,1,1
U06726,2,Salary earner,Referral,1,1,1,1
U06727,8,Small business,Play Store search,1,1,0,0
U06728,6,Market trader,Agent sign-up,1,1,1,1
U06729,3,Market trader,Instagram ad,1,0,0,0
U06730,5,Salary earner,Instagram ad,1,0,0,0
U06731,3,Small business,Referral,1,1,1,1
U06732,6,Market trader,Referral,1,1,1,1
U06733,6,Salary earner,Instagram ad,1,0,0,0
U06734,4,Market trader,Referral,1,1,1,1
U06735,3,Student,Play Store search,0,0,0,0
U06736,4,Small business,Agent sign-up,1,1,1,1
U06737,5,Salary earner,Referral,1,1,0,0
U06738,8,Market trader,Play Store search,1,0,0,0
U06739,5,Market trader,Play Store search,1,1,1,1
U06740,4,Small business,Instagram ad,1,1,1,1
U06741,3,Market trader,Agent sign-up,1,1,1,1
U06742,7,Salary earner,Agent sign-up,1,0,0,0
U06743,1,Student,Agent sign-up,1,1,1,1
U06744,2,Student,Play Store search,1,1,1,0
U06745,2,Salary earner,Referral,1,1,0,0
U06746,6,Salary earner,Play Store search,1,0,0,0
U06747,1,Market trader,Referral,1,0,0,0
U06748,8,Market trader,Instagram ad,1,0,0,0
U06749,4,Market trader,Play Store search,1,0,0,0
U06750,2,Market trader,Agent sign-up,1,1,0,0
U06751,6,Student,Instagram ad,1,0,0,0
U06752,5,Student,Instagram ad,1,1,1,1
U06753,2,Market trader,Agent sign-up,0,0,0,0
U06754,1,Salary earner,Play Store search,1,1,1,1
U06755,3,Student,Referral,1,1,1,1
U06756,6,Student,Play Store search,1,0,0,0
U06757,5,Salary earner,Agent sign-up,1,1,1,1
U06758,7,Market trader,Instagram ad,1,0,0,0
U06759,5,Student,Play Store search,1,0,0,0
U06760,4,Salary earner,Play Store search,1,0,0,0
U06761,4,Small business,Play Store search,1,1,1,1
U06762,4,Salary earner,Play Store search,1,1,0,0
U06763,7,Salary earner,Instagram ad,1,1,1,0
U06764,2,Salary earner,Agent sign-up,1,1,0,0
U06765,4,Student,Play Store search,1,1,0,0
U06766,4,Market trader,Play Store search,1,0,0,0
U06767,7,Market trader,Agent sign-up,1,1,1,0
U06768,8,Salary earner,Play Store search,1,1,1,1
U06769,6,Market trader,Play Store search,1,0,0,0
U06770,6,Market trader,Agent sign-up,1,1,1,1
U06771,6,Salary earner,Referral,0,0,0,0
U06772,5,Salary earner,Play Store search,0,0,0,0
U06773,7,Student,Instagram ad,1,0,0,0
U06774,4,Small business,Instagram ad,1,1,1,1
U06775,5,Market trader,Play Store search,0,0,0,0
U06776,3,Market trader,Agent sign-up,1,1,1,1
U06777,3,Small business,Play Store search,1,1,1,1
U06778,6,Market trader,Agent sign-up,1,1,1,1
U06779,2,Small business,Instagram ad,0,0,0,0
U06780,2,Small business,Play Store search,1,0,0,0
U06781,8,Student,Referral,1,1,1,1
U06782,1,Student,Instagram ad,1,1,0,0
U06783,7,Student,Referral,1,1,1,1
U06784,3,Market trader,Play Store search,1,0,0,0
U06785,3,Small business,Instagram ad,1,1,1,1
U06786,4,Student,Referral,1,1,1,0
U06787,4,Student,Instagram ad,1,1,1,1
U06788,8,Market trader,Play Store search,1,0,0,0
U06789,5,Market trader,Agent sign-up,1,1,1,1
U06790,6,Student,Play Store search,1,0,0,0
U06791,7,Salary earner,Play Store search,1,1,1,1
U06792,2,Student,Play Store search,1,1,1,1
U06793,8,Student,Instagram ad,1,1,1,1
U06794,6,Small business,Referral,1,1,0,0
U06795,3,Salary earner,Instagram ad,1,1,1,1
U06796,3,Small business,Instagram ad,1,0,0,0
U06797,8,Salary earner,Referral,1,1,0,0
U06798,3,Market trader,Instagram ad,1,1,0,0
U06799,7,Student,Instagram ad,1,1,1,1
U06800,4,Market trader,Agent sign-up,1,1,0,0
U06801,5,Small business,Instagram ad,1,1,1,1
U06802,4,Market trader,Play Store search,0,0,0,0
U06803,3,Salary earner,Referral,1,1,0,0
U06804,7,Small business,Referral,1,1,1,1
U06805,1,Student,Instagram ad,1,1,0,0
U06806,3,Market trader,Referral,1,0,0,0
U06807,7,Market trader,Play Store search,1,0,0,0
U06808,1,Small business,Play Store search,1,1,1,1
U06809,4,Salary earner,Referral,1,1,0,0
U06810,8,Salary earner,Referral,1,1,1,1
U06811,7,Student,Agent sign-up,1,1,0,0
U06812,4,Market trader,Play Store search,1,0,0,0
U06813,4,Small business,Referral,1,1,1,1
U06814,7,Salary earner,Instagram ad,1,0,0,0
U06815,2,Small business,Instagram ad,1,1,1,1
U06816,5,Market trader,Referral,1,0,0,0
U06817,2,Market trader,Agent sign-up,1,0,0,0
U06818,2,Market trader,Referral,1,1,0,0
U06819,2,Salary earner,Play Store search,1,1,0,0
U06820,3,Market trader,Agent sign-up,1,1,0,0
U06821,6,Student,Referral,1,0,0,0
U06822,5,Market trader,Agent sign-up,1,0,0,0
U06823,5,Market trader,Referral,1,0,0,0
U06824,7,Market trader,Instagram ad,1,1,1,1
U06825,5,Small business,Agent sign-up,1,1,1,1
U06826,5,Student,Instagram ad,1,1,1,1
U06827,6,Salary earner,Referral,1,1,1,1
U06828,7,Salary earner,Instagram ad,1,0,0,0
U06829,5,Market trader,Instagram ad,1,0,0,0
U06830,3,Student,Referral,1,0,0,0
U06831,7,Student,Play Store search,1,0,0,0
U06832,2,Market trader,Agent sign-up,1,0,0,0
U06833,4,Salary earner,Play Store search,1,1,1,1
U06834,2,Market trader,Play Store search,1,0,0,0
U06835,7,Market trader,Play Store search,1,1,0,0
U06836,6,Market trader,Play Store search,1,1,1,1
U06837,3,Salary earner,Referral,1,1,0,0
U06838,6,Salary earner,Instagram ad,0,0,0,0
U06839,4,Salary earner,Play Store search,1,1,1,1
U06840,2,Student,Agent sign-up,1,1,1,1
U06841,7,Salary earner,Instagram ad,1,1,1,1
U06842,6,Small business,Referral,1,1,1,1
U06843,1,Market trader,Agent sign-up,0,0,0,0
U06844,8,Student,Instagram ad,1,1,1,1
U06845,2,Market trader,Agent sign-up,1,1,1,0
U06846,5,Market trader,Play Store search,1,0,0,0
U06847,2,Salary earner,Play Store search,1,1,1,1
U06848,8,Salary earner,Referral,0,0,0,0
U06849,6,Salary earner,Instagram ad,1,0,0,0
U06850,1,Market trader,Instagram ad,1,0,0,0
U06851,3,Student,Instagram ad,1,1,1,1
U06852,2,Salary earner,Play Store search,1,1,1,1
U06853,2,Student,Instagram ad,1,0,0,0
U06854,8,Student,Referral,1,1,1,0
U06855,5,Market trader,Agent sign-up,1,1,1,1
U06856,7,Small business,Referral,1,1,1,1
U06857,2,Salary earner,Play Store search,1,0,0,0
U06858,8,Small business,Play Store search,1,1,0,0
U06859,4,Small business,Play Store search,1,1,1,1
U06860,7,Student,Play Store search,1,0,0,0
U06861,3,Small business,Instagram ad,1,0,0,0
U06862,5,Salary earner,Agent sign-up,1,1,0,0
U06863,4,Market trader,Referral,1,1,1,1
U06864,4,Market trader,Play Store search,1,0,0,0
U06865,7,Salary earner,Agent sign-up,1,1,0,0
U06866,3,Student,Instagram ad,1,0,0,0
U06867,4,Salary earner,Instagram ad,1,0,0,0
U06868,6,Salary earner,Referral,1,1,0,0
U06869,5,Small business,Instagram ad,1,0,0,0
U06870,2,Market trader,Agent sign-up,1,0,0,0
U06871,7,Salary earner,Instagram ad,1,1,1,1
U06872,7,Student,Referral,1,0,0,0
U06873,2,Market trader,Referral,1,1,1,1
U06874,5,Student,Referral,1,1,1,1
U06875,1,Small business,Agent sign-up,1,1,0,0
U06876,2,Student,Play Store search,1,1,0,0
U06877,4,Market trader,Play Store search,1,1,1,1
U06878,8,Salary earner,Instagram ad,1,1,0,0
U06879,6,Salary earner,Play Store search,1,1,1,1
U06880,3,Salary earner,Instagram ad,1,0,0,0
U06881,4,Salary earner,Referral,1,0,0,0
U06882,2,Market trader,Play Store search,1,0,0,0
U06883,1,Student,Play Store search,1,0,0,0
U06884,1,Market trader,Referral,1,0,0,0
U06885,5,Salary earner,Play Store search,1,1,1,0
U06886,5,Market trader,Agent sign-up,1,1,1,1
U06887,7,Salary earner,Instagram ad,1,1,1,1
U06888,5,Market trader,Agent sign-up,1,0,0,0
U06889,4,Market trader,Agent sign-up,1,1,1,1
U06890,8,Market trader,Agent sign-up,1,1,1,1
U06891,5,Salary earner,Instagram ad,1,0,0,0
U06892,7,Salary earner,Referral,0,0,0,0
U06893,7,Salary earner,Play Store search,1,1,1,0
U06894,5,Salary earner,Instagram ad,0,0,0,0
U06895,5,Market trader,Referral,1,0,0,0
U06896,7,Market trader,Play Store search,1,0,0,0
U06897,4,Salary earner,Instagram ad,1,1,1,1
U06898,8,Market trader,Referral,1,0,0,0
U06899,2,Small business,Instagram ad,1,0,0,0
U06900,5,Salary earner,Instagram ad,1,1,1,1
U06901,2,Salary earner,Instagram ad,1,1,1,1
U06902,1,Student,Play Store search,1,0,0,0
U06903,2,Salary earner,Referral,1,1,0,0
U06904,1,Small business,Play Store search,1,1,1,1
U06905,8,Student,Agent sign-up,1,1,1,1
U06906,2,Market trader,Play Store search,1,0,0,0
U06907,8,Market trader,Referral,0,0,0,0
U06908,6,Salary earner,Instagram ad,1,1,1,0
U06909,6,Salary earner,Instagram ad,1,1,1,1
U06910,3,Market trader,Referral,1,0,0,0
U06911,1,Student,Play Store search,0,0,0,0
U06912,3,Salary earner,Referral,1,1,1,0
U06913,8,Small business,Agent sign-up,1,1,1,1
U06914,3,Salary earner,Play Store search,1,1,1,1
U06915,4,Market trader,Agent sign-up,1,1,1,1
U06916,6,Student,Play Store search,1,0,0,0
U06917,5,Market trader,Agent sign-up,1,0,0,0
U06918,3,Salary earner,Referral,1,1,1,1
U06919,7,Student,Agent sign-up,1,1,1,1
U06920,5,Small business,Instagram ad,1,1,1,1
U06921,5,Student,Agent sign-up,1,1,1,1
U06922,8,Student,Play Store search,1,1,1,1
U06923,2,Market trader,Play Store search,1,1,1,1
U06924,1,Market trader,Agent sign-up,1,1,0,0
U06925,7,Market trader,Agent sign-up,1,0,0,0
U06926,8,Salary earner,Referral,1,1,1,1
U06927,8,Student,Play Store search,1,1,1,1
U06928,8,Salary earner,Agent sign-up,1,1,1,1
U06929,8,Salary earner,Instagram ad,1,1,1,1
U06930,6,Salary earner,Play Store search,1,1,1,1
U06931,8,Student,Instagram ad,1,1,1,1
U06932,2,Student,Play Store search,1,0,0,0
U06933,2,Small business,Referral,1,1,1,0
U06934,6,Student,Instagram ad,1,0,0,0
U06935,6,Small business,Referral,1,1,1,1
U06936,6,Student,Referral,1,1,1,1
U06937,8,Market trader,Agent sign-up,1,1,1,1
U06938,1,Student,Instagram ad,1,0,0,0
U06939,2,Market trader,Play Store search,1,0,0,0
U06940,4,Market trader,Agent sign-up,1,0,0,0
U06941,8,Small business,Play Store search,1,1,1,1
U06942,1,Small business,Instagram ad,1,1,1,1
U06943,4,Salary earner,Play Store search,1,1,1,1
U06944,3,Small business,Instagram ad,1,1,1,1
U06945,4,Small business,Referral,1,1,1,1
U06946,2,Market trader,Agent sign-up,1,0,0,0
U06947,1,Salary earner,Referral,1,1,1,1
U06948,5,Market trader,Agent sign-up,1,1,1,1
U06949,6,Student,Referral,1,0,0,0
U06950,4,Market trader,Agent sign-up,1,1,1,1
U06951,1,Salary earner,Play Store search,1,1,1,0
U06952,1,Market trader,Play Store search,1,0,0,0
U06953,5,Salary earner,Referral,1,0,0,0
U06954,8,Student,Instagram ad,1,1,0,0
U06955,7,Small business,Referral,1,1,0,0
U06956,4,Market trader,Agent sign-up,1,0,0,0
U06957,7,Salary earner,Instagram ad,1,0,0,0
U06958,8,Student,Play Store search,1,1,1,1
U06959,5,Market trader,Agent sign-up,1,0,0,0
U06960,2,Salary earner,Instagram ad,1,1,0,0
U06961,3,Student,Referral,0,0,0,0
U06962,6,Salary earner,Referral,1,1,1,0
U06963,8,Small business,Play Store search,1,1,0,0
U06964,2,Market trader,Play Store search,1,1,1,1
U06965,5,Student,Play Store search,1,1,1,1
U06966,8,Salary earner,Instagram ad,1,1,0,0
U06967,4,Salary earner,Instagram ad,1,1,0,0
U06968,7,Market trader,Instagram ad,1,0,0,0
U06969,4,Market trader,Instagram ad,1,1,1,1
U06970,4,Student,Agent sign-up,1,1,1,1
U06971,3,Student,Play Store search,1,1,1,1
U06972,8,Salary earner,Play Store search,1,1,1,1
U06973,3,Salary earner,Referral,1,1,1,1
U06974,7,Student,Instagram ad,1,1,0,0
U06975,8,Market trader,Play Store search,1,0,0,0
U06976,3,Student,Instagram ad,1,1,1,1
U06977,6,Market trader,Agent sign-up,1,1,1,1
U06978,7,Market trader,Agent sign-up,1,0,0,0
U06979,6,Market trader,Agent sign-up,1,0,0,0
U06980,5,Student,Referral,1,1,1,1
U06981,3,Market trader,Referral,0,0,0,0
U06982,7,Market trader,Instagram ad,0,0,0,0
U06983,3,Student,Play Store search,1,1,1,1
U06984,5,Small business,Play Store search,1,1,1,1
U06985,1,Market trader,Instagram ad,1,0,0,0
U06986,7,Market trader,Play Store search,1,0,0,0
U06987,5,Small business,Instagram ad,1,1,1,1
U06988,7,Market trader,Agent sign-up,0,0,0,0
U06989,8,Market trader,Agent sign-up,1,1,1,1
U06990,7,Salary earner,Referral,1,1,1,1
U06991,1,Student,Instagram ad,1,1,1,1
U06992,3,Salary earner,Instagram ad,1,1,1,1
U06993,5,Market trader,Referral,0,0,0,0
U06994,3,Salary earner,Referral,1,1,1,1
U06995,6,Salary earner,Referral,1,1,1,1
U06996,4,Market trader,Agent sign-up,1,0,0,0
U06997,8,Market trader,Agent sign-up,1,1,0,0
U06998,3,Small business,Referral,1,1,1,1
U06999,7,Market trader,Referral,1,1,0,0
U07000,3,Market trader,Play Store search,1,0,0,0
U07001,8,Small business,Referral,1,0,0,0
U07002,5,Market trader,Referral,1,1,1,1
U07003,4,Market trader,Referral,1,1,0,0
U07004,6,Student,Instagram ad,1,0,0,0
U07005,5,Student,Instagram ad,1,0,0,0
U07006,8,Market trader,Instagram ad,1,0,0,0
U07007,2,Small business,Instagram ad,1,1,1,1
U07008,2,Market trader,Play Store search,1,1,1,1
U07009,7,Salary earner,Instagram ad,1,1,1,1
U07010,1,Salary earner,Instagram ad,1,1,0,0
U07011,2,Student,Referral,1,1,1,1
U07012,2,Market trader,Play Store search,1,1,1,1
U07013,5,Market trader,Play Store search,1,0,0,0
U07014,5,Salary earner,Play Store search,1,0,0,0
U07015,3,Salary earner,Instagram ad,1,1,1,1
U07016,3,Market trader,Instagram ad,1,0,0,0
U07017,1,Market trader,Agent sign-up,1,0,0,0
U07018,1,Salary earner,Referral,1,1,1,1
U07019,6,Student,Referral,1,1,1,0
U07020,1,Student,Instagram ad,1,0,0,0
U07021,3,Salary earner,Referral,1,1,1,0
U07022,8,Salary earner,Referral,1,1,1,1
U07023,1,Small business,Instagram ad,1,1,1,1
U07024,4,Market trader,Instagram ad,1,1,1,0
U07025,5,Small business,Instagram ad,1,1,1,1
U07026,1,Salary earner,Play Store search,1,1,0,0
U07027,5,Small business,Referral,1,1,1,1
U07028,7,Salary earner,Agent sign-up,1,1,1,1
U07029,4,Market trader,Instagram ad,1,0,0,0
U07030,5,Small business,Referral,1,0,0,0
U07031,7,Student,Instagram ad,0,0,0,0
U07032,8,Market trader,Agent sign-up,1,1,1,1
U07033,5,Salary earner,Referral,1,1,1,1
U07034,1,Market trader,Referral,0,0,0,0
U07035,5,Market trader,Play Store search,1,1,1,1
U07036,5,Salary earner,Instagram ad,1,1,1,1
U07037,6,Market trader,Referral,1,0,0,0
U07038,2,Student,Instagram ad,1,0,0,0
U07039,4,Salary earner,Instagram ad,1,0,0,0
U07040,2,Salary earner,Referral,1,1,1,1
U07041,4,Salary earner,Referral,1,1,1,0
U07042,2,Market trader,Instagram ad,0,0,0,0
U07043,5,Student,Agent sign-up,0,0,0,0
U07044,4,Market trader,Play Store search,1,1,1,0
U07045,1,Market trader,Play Store search,1,0,0,0
U07046,5,Market trader,Agent sign-up,1,1,1,0
U07047,2,Market trader,Referral,1,0,0,0
U07048,7,Salary earner,Referral,1,1,1,1
U07049,5,Market trader,Agent sign-up,1,1,1,1
U07050,6,Market trader,Instagram ad,1,0,0,0
U07051,7,Student,Play Store search,1,0,0,0
U07052,7,Salary earner,Referral,1,1,0,0
U07053,7,Market trader,Referral,1,0,0,0
U07054,4,Salary earner,Referral,0,0,0,0
U07055,5,Small business,Play Store search,1,1,0,0
U07056,4,Salary earner,Play Store search,1,0,0,0
U07057,1,Salary earner,Referral,1,1,1,1
U07058,5,Salary earner,Play Store search,1,1,0,0
U07059,8,Salary earner,Play Store search,1,1,1,1
U07060,7,Market trader,Play Store search,1,1,1,0
U07061,6,Salary earner,Instagram ad,1,1,0,0
U07062,1,Small business,Agent sign-up,1,1,1,1
U07063,2,Market trader,Referral,1,0,0,0
U07064,7,Market trader,Referral,1,1,1,1
U07065,1,Salary earner,Instagram ad,1,1,1,1
U07066,6,Small business,Referral,1,1,1,1
U07067,7,Small business,Instagram ad,1,0,0,0
U07068,1,Market trader,Referral,1,0,0,0
U07069,1,Small business,Referral,1,1,1,1
U07070,2,Market trader,Instagram ad,1,0,0,0
U07071,1,Student,Instagram ad,0,0,0,0
U07072,2,Market trader,Play Store search,1,1,1,1
U07073,2,Salary earner,Agent sign-up,1,1,1,1
U07074,5,Small business,Instagram ad,1,0,0,0
U07075,7,Salary earner,Referral,1,1,1,1
U07076,3,Market trader,Agent sign-up,1,0,0,0
U07077,7,Student,Play Store search,1,1,0,0
U07078,6,Salary earner,Play Store search,1,0,0,0
U07079,1,Market trader,Play Store search,0,0,0,0
U07080,7,Salary earner,Play Store search,1,1,1,1
U07081,6,Salary earner,Referral,1,1,1,1
U07082,7,Market trader,Instagram ad,1,1,1,1
U07083,6,Salary earner,Referral,1,1,1,1
U07084,7,Salary earner,Play Store search,1,1,1,1
U07085,1,Salary earner,Referral,1,1,1,1
U07086,8,Small business,Instagram ad,1,0,0,0
U07087,7,Market trader,Play Store search,1,1,1,0
U07088,1,Student,Referral,1,1,1,1
U07089,7,Small business,Referral,1,1,0,0
U07090,8,Salary earner,Agent sign-up,1,1,1,1
U07091,6,Student,Play Store search,1,0,0,0
U07092,3,Market trader,Instagram ad,1,1,1,0
U07093,7,Market trader,Referral,1,0,0,0
U07094,7,Market trader,Play Store search,1,0,0,0
U07095,4,Market trader,Agent sign-up,1,1,1,1
U07096,7,Small business,Referral,1,1,1,1
U07097,1,Salary earner,Play Store search,1,1,1,1
U07098,7,Market trader,Agent sign-up,1,1,1,1
U07099,4,Student,Instagram ad,1,0,0,0
U07100,5,Salary earner,Referral,1,1,1,1
U07101,3,Market trader,Play Store search,1,0,0,0
U07102,6,Salary earner,Instagram ad,1,1,1,1
U07103,7,Market trader,Agent sign-up,1,1,1,1
U07104,5,Salary earner,Play Store search,0,0,0,0
U07105,7,Market trader,Instagram ad,1,0,0,0
U07106,4,Market trader,Agent sign-up,1,0,0,0
U07107,4,Market trader,Referral,1,0,0,0
U07108,1,Salary earner,Instagram ad,1,1,1,1
U07109,3,Small business,Play Store search,1,1,1,1
U07110,2,Salary earner,Referral,0,0,0,0
U07111,7,Student,Play Store search,1,0,0,0
U07112,5,Student,Referral,1,0,0,0
U07113,4,Market trader,Agent sign-up,1,1,1,1
U07114,1,Salary earner,Play Store search,1,1,1,0
U07115,4,Salary earner,Agent sign-up,1,0,0,0
U07116,2,Small business,Agent sign-up,1,1,1,1
U07117,6,Market trader,Referral,1,1,1,1
U07118,1,Salary earner,Play Store search,1,1,1,0
U07119,6,Market trader,Play Store search,1,0,0,0
U07120,4,Market trader,Referral,1,0,0,0
U07121,1,Salary earner,Instagram ad,1,1,1,1
U07122,7,Small business,Agent sign-up,1,1,1,1
U07123,8,Student,Agent sign-up,1,1,1,1
U07124,1,Market trader,Agent sign-up,1,1,1,1
U07125,4,Market trader,Agent sign-up,1,1,1,1
U07126,3,Student,Agent sign-up,1,1,0,0
U07127,4,Student,Instagram ad,1,0,0,0
U07128,1,Student,Referral,1,0,0,0
U07129,7,Salary earner,Referral,1,1,0,0
U07130,7,Small business,Instagram ad,1,0,0,0
U07131,8,Small business,Agent sign-up,0,0,0,0
U07132,6,Small business,Play Store search,1,1,1,1
U07133,3,Market trader,Agent sign-up,1,1,1,1
U07134,5,Market trader,Agent sign-up,1,1,1,1
U07135,6,Market trader,Play Store search,1,1,1,1
U07136,5,Market trader,Agent sign-up,1,0,0,0
U07137,4,Small business,Instagram ad,1,1,1,1
U07138,7,Student,Referral,1,1,0,0
U07139,3,Salary earner,Referral,1,1,1,1
U07140,1,Salary earner,Instagram ad,1,1,1,1
U07141,4,Market trader,Play Store search,1,0,0,0
U07142,1,Salary earner,Instagram ad,1,0,0,0
U07143,8,Small business,Play Store search,1,1,1,1
U07144,8,Market trader,Agent sign-up,1,0,0,0
U07145,8,Salary earner,Instagram ad,1,1,1,1
U07146,2,Student,Referral,1,1,0,0
U07147,3,Salary earner,Referral,1,1,1,1
U07148,8,Salary earner,Instagram ad,0,0,0,0
U07149,7,Student,Referral,1,1,1,1
U07150,8,Small business,Play Store search,1,1,1,0
U07151,5,Market trader,Agent sign-up,1,0,0,0
U07152,8,Small business,Instagram ad,1,1,1,1
U07153,7,Salary earner,Agent sign-up,1,1,1,1
U07154,5,Market trader,Play Store search,1,0,0,0
U07155,2,Market trader,Agent sign-up,1,1,1,1
U07156,2,Market trader,Agent sign-up,1,1,1,1
U07157,8,Market trader,Play Store search,1,1,0,0
U07158,8,Market trader,Agent sign-up,1,0,0,0
U07159,2,Market trader,Referral,1,0,0,0
U07160,6,Market trader,Play Store search,1,0,0,0
U07161,8,Student,Play Store search,0,0,0,0
U07162,3,Market trader,Play Store search,1,0,0,0
U07163,2,Student,Referral,1,1,1,1
U07164,3,Market trader,Agent sign-up,1,1,0,0
U07165,3,Salary earner,Play Store search,1,1,1,1
U07166,2,Student,Play Store search,1,1,0,0
U07167,4,Salary earner,Play Store search,1,1,1,1
U07168,2,Salary earner,Play Store search,1,0,0,0
U07169,3,Market trader,Referral,1,1,0,0
U07170,4,Market trader,Agent sign-up,1,1,1,1
U07171,7,Student,Agent sign-up,1,1,1,1
U07172,6,Market trader,Play Store search,1,1,1,1
U07173,2,Student,Play Store search,1,0,0,0
U07174,6,Salary earner,Referral,1,1,1,1
U07175,6,Student,Instagram ad,1,0,0,0
U07176,2,Student,Referral,1,0,0,0
U07177,3,Salary earner,Instagram ad,1,0,0,0
U07178,5,Student,Referral,1,0,0,0
U07179,2,Market trader,Agent sign-up,0,0,0,0
U07180,8,Student,Instagram ad,1,0,0,0
U07181,6,Market trader,Agent sign-up,1,1,1,1
U07182,5,Market trader,Instagram ad,1,0,0,0
U07183,4,Salary earner,Agent sign-up,1,0,0,0
U07184,4,Student,Play Store search,1,1,0,0
U07185,1,Small business,Referral,1,1,1,1
U07186,8,Student,Referral,1,0,0,0
U07187,4,Salary earner,Referral,1,1,1,1
U07188,4,Salary earner,Play Store search,1,1,1,1
U07189,3,Market trader,Agent sign-up,1,0,0,0
U07190,4,Small business,Referral,1,1,0,0
U07191,3,Market trader,Play Store search,1,1,1,1
U07192,3,Small business,Referral,1,1,1,1
U07193,6,Salary earner,Referral,1,1,1,0
U07194,5,Salary earner,Instagram ad,1,0,0,0
U07195,1,Market trader,Play Store search,1,1,1,0
U07196,8,Student,Referral,1,0,0,0
U07197,1,Salary earner,Instagram ad,1,1,1,1
U07198,2,Market trader,Agent sign-up,0,0,0,0
U07199,8,Salary earner,Agent sign-up,0,0,0,0
U07200,5,Salary earner,Instagram ad,1,1,1,1
U07201,1,Salary earner,Play Store search,1,1,1,1
U07202,7,Salary earner,Referral,1,1,1,1
U07203,6,Market trader,Referral,1,0,0,0
U07204,3,Market trader,Agent sign-up,1,1,1,1
U07205,1,Student,Instagram ad,1,0,0,0
U07206,7,Market trader,Play Store search,1,0,0,0
U07207,3,Salary earner,Instagram ad,1,0,0,0
U07208,2,Market trader,Agent sign-up,0,0,0,0
U07209,6,Salary earner,Play Store search,1,1,1,1
U07210,6,Market trader,Play Store search,1,1,1,0
U07211,4,Salary earner,Referral,1,1,1,1
U07212,4,Market trader,Agent sign-up,1,0,0,0
U07213,2,Small business,Play Store search,1,1,0,0
U07214,3,Salary earner,Instagram ad,1,0,0,0
U07215,6,Small business,Instagram ad,1,0,0,0
U07216,5,Student,Play Store search,1,0,0,0
U07217,2,Student,Referral,1,1,1,1
U07218,6,Salary earner,Referral,1,1,1,1
U07219,2,Small business,Agent sign-up,1,1,1,1
U07220,7,Market trader,Play Store search,0,0,0,0
U07221,3,Salary earner,Referral,0,0,0,0
U07222,1,Student,Referral,1,1,0,0
U07223,8,Salary earner,Instagram ad,1,1,1,1
U07224,8,Market trader,Agent sign-up,1,0,0,0
U07225,7,Market trader,Referral,1,1,1,1
U07226,2,Market trader,Referral,1,0,0,0
U07227,1,Market trader,Play Store search,1,1,1,1
U07228,8,Market trader,Agent sign-up,1,1,0,0
U07229,2,Salary earner,Play Store search,1,1,1,1
U07230,7,Small business,Instagram ad,1,1,1,1
U07231,2,Small business,Instagram ad,1,1,1,0
U07232,8,Salary earner,Referral,1,1,0,0
U07233,1,Market trader,Referral,1,1,1,1
U07234,3,Student,Instagram ad,0,0,0,0
U07235,6,Small business,Play Store search,1,1,0,0
U07236,4,Student,Referral,1,1,0,0
U07237,3,Salary earner,Instagram ad,1,0,0,0
U07238,2,Salary earner,Agent sign-up,1,1,1,1
U07239,7,Salary earner,Referral,1,1,0,0
U07240,6,Small business,Play Store search,1,1,0,0
U07241,4,Salary earner,Instagram ad,1,0,0,0
U07242,5,Student,Instagram ad,1,1,1,1
U07243,1,Small business,Instagram ad,1,0,0,0
U07244,4,Market trader,Referral,1,1,1,0
U07245,7,Student,Play Store search,1,1,1,1
U07246,2,Market trader,Agent sign-up,1,1,1,1
U07247,8,Salary earner,Instagram ad,1,0,0,0
U07248,6,Market trader,Instagram ad,1,1,1,1
U07249,5,Small business,Referral,1,1,1,1
U07250,7,Salary earner,Agent sign-up,1,1,1,0
U07251,1,Student,Play Store search,1,1,1,1
U07252,3,Student,Referral,1,1,1,1
U07253,3,Market trader,Play Store search,1,0,0,0
U07254,3,Market trader,Agent sign-up,1,1,1,0
U07255,5,Small business,Play Store search,1,1,1,1
U07256,5,Market trader,Agent sign-up,1,1,0,0
U07257,3,Market trader,Referral,1,0,0,0
U07258,7,Market trader,Play Store search,1,0,0,0
U07259,3,Student,Instagram ad,1,1,1,1
U07260,3,Student,Agent sign-up,1,1,0,0
U07261,6,Small business,Play Store search,1,0,0,0
U07262,5,Market trader,Referral,1,0,0,0
U07263,8,Student,Referral,1,1,1,1
U07264,5,Student,Referral,1,0,0,0
U07265,8,Student,Agent sign-up,1,1,0,0
U07266,1,Market trader,Play Store search,1,0,0,0
U07267,5,Student,Referral,1,1,0,0
U07268,4,Salary earner,Instagram ad,1,1,1,0
U07269,8,Market trader,Referral,1,1,1,0
U07270,2,Salary earner,Play Store search,1,1,1,0
U07271,3,Salary earner,Referral,1,0,0,0
U07272,1,Salary earner,Referral,1,1,1,0
U07273,3,Student,Referral,1,0,0,0
U07274,3,Market trader,Agent sign-up,1,1,1,1
U07275,5,Market trader,Referral,1,1,1,1
U07276,7,Small business,Referral,1,1,1,1
U07277,3,Market trader,Agent sign-up,1,0,0,0
U07278,1,Salary earner,Referral,1,1,0,0
U07279,6,Salary earner,Instagram ad,0,0,0,0
U07280,5,Salary earner,Referral,1,1,1,1
U07281,5,Salary earner,Referral,1,0,0,0
U07282,6,Student,Instagram ad,1,1,1,1
U07283,5,Market trader,Agent sign-up,1,1,1,0
U07284,6,Market trader,Instagram ad,1,0,0,0
U07285,4,Student,Instagram ad,1,0,0,0
U07286,5,Market trader,Instagram ad,1,1,1,1
U07287,5,Student,Play Store search,1,1,1,0
U07288,7,Market trader,Referral,1,1,1,1
U07289,5,Student,Play Store search,1,1,1,0
U07290,4,Small business,Instagram ad,1,0,0,0
U07291,1,Salary earner,Agent sign-up,1,1,1,1
U07292,1,Salary earner,Instagram ad,1,1,1,1
U07293,7,Salary earner,Instagram ad,1,0,0,0
U07294,7,Market trader,Agent sign-up,1,0,0,0
U07295,8,Market trader,Agent sign-up,1,1,1,1
U07296,2,Salary earner,Agent sign-up,1,1,1,1
U07297,4,Market trader,Agent sign-up,1,1,1,1
U07298,1,Student,Agent sign-up,1,1,1,1
U07299,8,Market trader,Agent sign-up,1,1,1,1
U07300,8,Salary earner,Play Store search,1,1,1,1
U07301,4,Market trader,Play Store search,1,0,0,0
U07302,3,Salary earner,Agent sign-up,1,0,0,0
U07303,4,Market trader,Play Store search,1,1,1,1
U07304,7,Salary earner,Play Store search,1,1,1,1
U07305,1,Market trader,Referral,1,0,0,0
U07306,3,Market trader,Referral,1,0,0,0
U07307,2,Salary earner,Play Store search,1,0,0,0
U07308,8,Market trader,Instagram ad,1,1,1,1
U07309,5,Salary earner,Play Store search,1,0,0,0
U07310,5,Small business,Play Store search,1,0,0,0
U07311,8,Market trader,Agent sign-up,1,1,1,1
U07312,1,Salary earner,Referral,1,1,1,1
U07313,6,Salary earner,Play Store search,1,1,1,1
U07314,7,Market trader,Agent sign-up,1,0,0,0
U07315,1,Student,Instagram ad,1,1,1,1
U07316,8,Market trader,Play Store search,1,0,0,0
U07317,1,Small business,Instagram ad,1,0,0,0
U07318,4,Salary earner,Play Store search,0,0,0,0
U07319,3,Student,Referral,1,1,1,1
U07320,5,Market trader,Referral,1,0,0,0
U07321,6,Salary earner,Play Store search,1,0,0,0
U07322,6,Small business,Instagram ad,1,1,1,1
U07323,3,Market trader,Instagram ad,1,1,1,1
U07324,8,Market trader,Agent sign-up,1,0,0,0
U07325,6,Market trader,Referral,1,0,0,0
U07326,8,Market trader,Play Store search,1,1,0,0
U07327,6,Market trader,Agent sign-up,1,0,0,0
U07328,3,Salary earner,Instagram ad,1,0,0,0
U07329,2,Salary earner,Instagram ad,1,1,1,1
U07330,1,Salary earner,Play Store search,1,1,1,1
U07331,2,Salary earner,Referral,1,1,1,0
U07332,3,Market trader,Agent sign-up,1,1,1,0
U07333,5,Market trader,Agent sign-up,1,1,0,0
U07334,8,Salary earner,Instagram ad,1,1,1,1
U07335,7,Student,Play Store search,1,0,0,0
U07336,4,Salary earner,Instagram ad,1,1,1,1
U07337,5,Salary earner,Referral,1,1,1,0
U07338,8,Student,Play Store search,1,1,1,1
U07339,5,Small business,Instagram ad,1,0,0,0
U07340,3,Market trader,Agent sign-up,1,0,0,0
U07341,3,Student,Instagram ad,1,1,1,0
U07342,8,Market trader,Play Store search,1,1,1,1
U07343,4,Student,Referral,1,1,1,1
U07344,2,Market trader,Instagram ad,1,0,0,0
U07345,5,Market trader,Play Store search,1,0,0,0
U07346,8,Student,Instagram ad,1,0,0,0
U07347,5,Market trader,Agent sign-up,1,1,1,1
U07348,1,Salary earner,Play Store search,0,0,0,0
U07349,7,Market trader,Agent sign-up,1,1,1,1
U07350,4,Salary earner,Referral,0,0,0,0
U07351,2,Salary earner,Instagram ad,1,0,0,0
U07352,2,Small business,Referral,1,0,0,0
U07353,7,Market trader,Instagram ad,1,1,1,0
U07354,2,Small business,Play Store search,1,1,1,1
U07355,2,Small business,Instagram ad,1,1,1,0
U07356,6,Salary earner,Instagram ad,1,1,0,0
U07357,6,Student,Play Store search,1,1,1,1
U07358,5,Salary earner,Instagram ad,1,0,0,0
U07359,8,Small business,Instagram ad,1,1,0,0
U07360,1,Market trader,Referral,1,0,0,0
U07361,6,Salary earner,Instagram ad,1,0,0,0
U07362,4,Market trader,Referral,1,1,1,1
U07363,3,Student,Referral,1,1,1,0
U07364,8,Market trader,Referral,1,0,0,0
U07365,1,Student,Agent sign-up,1,1,1,0
U07366,7,Student,Referral,1,0,0,0
U07367,5,Student,Instagram ad,1,1,1,1
U07368,5,Student,Referral,1,1,1,0
U07369,4,Salary earner,Referral,1,1,1,1
U07370,6,Salary earner,Play Store search,1,1,1,1
U07371,4,Small business,Play Store search,1,1,1,1
U07372,8,Student,Agent sign-up,1,0,0,0
U07373,3,Salary earner,Instagram ad,0,0,0,0
U07374,1,Salary earner,Instagram ad,1,1,1,1
U07375,4,Salary earner,Agent sign-up,1,1,1,1
U07376,6,Small business,Referral,1,0,0,0
U07377,3,Market trader,Agent sign-up,1,0,0,0
U07378,5,Small business,Instagram ad,1,0,0,0
U07379,2,Market trader,Agent sign-up,1,0,0,0
U07380,4,Student,Instagram ad,1,0,0,0
U07381,1,Market trader,Agent sign-up,1,1,1,1
U07382,6,Small business,Play Store search,1,1,1,1
U07383,2,Salary earner,Instagram ad,1,1,1,0
U07384,3,Salary earner,Agent sign-up,1,1,1,1
U07385,7,Student,Instagram ad,1,0,0,0
U07386,5,Salary earner,Referral,1,1,1,1
U07387,6,Salary earner,Play Store search,1,1,1,1
U07388,1,Market trader,Agent sign-up,1,0,0,0
U07389,3,Small business,Instagram ad,1,1,1,1
U07390,2,Market trader,Agent sign-up,0,0,0,0
U07391,2,Market trader,Referral,1,0,0,0
U07392,3,Salary earner,Referral,1,1,1,0
U07393,5,Salary earner,Instagram ad,1,0,0,0
U07394,3,Student,Play Store search,1,0,0,0
U07395,1,Market trader,Play Store search,1,1,1,1
U07396,3,Student,Agent sign-up,1,1,1,1
U07397,8,Salary earner,Play Store search,1,1,1,1
U07398,7,Market trader,Agent sign-up,1,1,0,0
U07399,7,Market trader,Play Store search,0,0,0,0
U07400,2,Market trader,Referral,1,1,1,1
U07401,4,Market trader,Agent sign-up,1,1,1,1
U07402,4,Salary earner,Play Store search,1,1,1,1
U07403,6,Market trader,Agent sign-up,1,1,1,1
U07404,6,Salary earner,Instagram ad,1,0,0,0
U07405,8,Market trader,Referral,1,1,0,0
U07406,4,Salary earner,Play Store search,1,1,1,1
U07407,6,Salary earner,Referral,1,1,1,1
U07408,3,Student,Play Store search,0,0,0,0
U07409,1,Salary earner,Play Store search,1,1,1,1
U07410,8,Salary earner,Instagram ad,1,1,1,1
U07411,6,Student,Agent sign-up,1,0,0,0
U07412,2,Salary earner,Instagram ad,1,1,1,0
U07413,8,Market trader,Instagram ad,1,0,0,0
U07414,5,Student,Play Store search,1,1,1,0
U07415,8,Student,Instagram ad,1,1,1,1
U07416,6,Student,Instagram ad,1,1,1,1
U07417,8,Market trader,Agent sign-up,1,0,0,0
U07418,7,Salary earner,Instagram ad,1,0,0,0
U07419,6,Student,Agent sign-up,1,1,1,1
U07420,5,Market trader,Agent sign-up,1,1,1,1
U07421,1,Small business,Play Store search,1,0,0,0
U07422,7,Salary earner,Instagram ad,1,1,0,0
U07423,6,Market trader,Agent sign-up,1,1,1,1
U07424,6,Salary earner,Play Store search,1,0,0,0
U07425,1,Salary earner,Referral,1,1,0,0
U07426,7,Market trader,Referral,1,1,1,1
U07427,1,Market trader,Agent sign-up,1,0,0,0
U07428,8,Student,Play Store search,1,0,0,0
U07429,8,Small business,Play Store search,1,0,0,0
U07430,3,Small business,Referral,1,0,0,0
U07431,6,Salary earner,Referral,1,1,1,1
U07432,3,Market trader,Agent sign-up,1,0,0,0
U07433,2,Salary earner,Referral,1,1,1,1
U07434,3,Student,Instagram ad,1,0,0,0
U07435,4,Market trader,Play Store search,1,0,0,0
U07436,6,Small business,Instagram ad,0,0,0,0
U07437,5,Small business,Instagram ad,0,0,0,0
U07438,2,Student,Instagram ad,1,0,0,0
U07439,2,Market trader,Play Store search,1,0,0,0
U07440,4,Salary earner,Referral,1,1,1,1
U07441,4,Salary earner,Referral,1,1,1,1
U07442,2,Student,Instagram ad,1,1,1,1
U07443,1,Market trader,Agent sign-up,1,1,1,0
U07444,1,Salary earner,Referral,1,1,1,1
U07445,8,Salary earner,Play Store search,1,1,1,1
U07446,6,Salary earner,Referral,1,1,1,1
U07447,4,Small business,Play Store search,1,1,1,1
U07448,6,Market trader,Agent sign-up,1,1,1,0
U07449,4,Market trader,Play Store search,1,0,0,0
U07450,8,Market trader,Play Store search,1,1,1,1
U07451,1,Salary earner,Play Store search,1,1,1,1
U07452,3,Salary earner,Referral,1,1,1,1
U07453,4,Student,Play Store search,1,0,0,0
U07454,8,Market trader,Agent sign-up,0,0,0,0
U07455,5,Market trader,Play Store search,1,1,1,0
U07456,6,Student,Agent sign-up,0,0,0,0
U07457,1,Market trader,Agent sign-up,0,0,0,0
U07458,8,Market trader,Play Store search,1,0,0,0
U07459,6,Salary earner,Play Store search,1,1,1,0
U07460,8,Student,Instagram ad,1,0,0,0
U07461,2,Small business,Instagram ad,1,1,1,1
U07462,1,Salary earner,Referral,1,1,1,1
U07463,1,Salary earner,Agent sign-up,1,1,0,0
U07464,7,Market trader,Play Store search,1,0,0,0
U07465,6,Salary earner,Referral,1,1,1,1
U07466,2,Salary earner,Referral,1,1,1,1
U07467,8,Student,Instagram ad,1,0,0,0
U07468,1,Small business,Play Store search,1,1,0,0
U07469,3,Salary earner,Play Store search,1,1,1,0
U07470,2,Small business,Referral,1,1,1,1
U07471,4,Market trader,Play Store search,1,1,1,1
U07472,7,Market trader,Play Store search,1,1,1,1
U07473,7,Market trader,Play Store search,1,0,0,0
U07474,2,Salary earner,Play Store search,1,1,1,1
U07475,3,Market trader,Referral,0,0,0,0
U07476,7,Small business,Agent sign-up,1,1,1,1
U07477,3,Salary earner,Instagram ad,1,0,0,0
U07478,1,Student,Referral,0,0,0,0
U07479,1,Salary earner,Referral,1,1,1,1
U07480,1,Student,Instagram ad,1,1,1,1
U07481,6,Market trader,Play Store search,0,0,0,0
U07482,2,Student,Instagram ad,0,0,0,0
U07483,4,Salary earner,Referral,1,0,0,0
U07484,7,Small business,Instagram ad,1,1,1,0
U07485,7,Salary earner,Instagram ad,1,1,1,1
U07486,8,Market trader,Play Store search,0,0,0,0
U07487,1,Student,Agent sign-up,1,0,0,0
U07488,7,Student,Instagram ad,1,0,0,0
U07489,1,Market trader,Play Store search,1,0,0,0
U07490,2,Market trader,Agent sign-up,1,1,1,1
U07491,5,Market trader,Play Store search,1,1,1,1
U07492,2,Salary earner,Instagram ad,1,0,0,0
U07493,4,Salary earner,Instagram ad,1,1,1,1
U07494,2,Student,Instagram ad,1,1,1,1
U07495,6,Market trader,Referral,1,1,1,1
U07496,8,Market trader,Agent sign-up,1,1,1,1
U07497,2,Salary earner,Play Store search,1,0,0,0
U07498,2,Student,Referral,0,0,0,0
U07499,1,Salary earner,Referral,1,1,1,1
U07500,8,Small business,Instagram ad,0,0,0,0
U07501,1,Market trader,Play Store search,1,0,0,0
U07502,1,Salary earner,Play Store search,1,1,0,0
U07503,6,Market trader,Play Store search,1,1,1,1
U07504,4,Small business,Referral,1,1,1,1
U07505,6,Salary earner,Play Store search,1,1,1,1
U07506,8,Market trader,Agent sign-up,1,1,0,0
U07507,1,Market trader,Agent sign-up,1,1,1,1
U07508,5,Student,Play Store search,1,0,0,0
U07509,8,Small business,Instagram ad,1,1,1,0
U07510,5,Student,Referral,1,1,0,0
U07511,1,Market trader,Instagram ad,0,0,0,0
U07512,2,Student,Referral,1,1,1,1
U07513,7,Salary earner,Referral,1,0,0,0
U07514,6,Market trader,Agent sign-up,1,0,0,0
U07515,2,Market trader,Play Store search,1,1,1,0
U07516,5,Small business,Agent sign-up,1,1,1,0
U07517,3,Market trader,Agent sign-up,1,1,1,0
U07518,1,Market trader,Play Store search,1,1,1,1
U07519,5,Market trader,Play Store search,1,0,0,0
U07520,6,Student,Play Store search,1,0,0,0
U07521,8,Salary earner,Referral,1,1,1,1
U07522,2,Small business,Referral,1,0,0,0
U07523,2,Student,Instagram ad,1,0,0,0
U07524,4,Market trader,Agent sign-up,1,1,1,1
U07525,7,Market trader,Agent sign-up,1,1,1,1
U07526,5,Market trader,Instagram ad,1,0,0,0
U07527,1,Small business,Referral,1,1,1,1
U07528,2,Market trader,Agent sign-up,1,1,1,1
U07529,6,Market trader,Play Store search,1,1,1,1
U07530,8,Small business,Referral,0,0,0,0
U07531,4,Salary earner,Referral,1,1,0,0
U07532,3,Salary earner,Instagram ad,1,0,0,0
U07533,3,Market trader,Referral,1,1,1,0
U07534,6,Student,Referral,0,0,0,0
U07535,7,Student,Play Store search,1,1,1,1
U07536,7,Market trader,Referral,1,1,1,1
U07537,1,Salary earner,Agent sign-up,1,1,1,1
U07538,7,Salary earner,Referral,1,1,1,1
U07539,7,Student,Instagram ad,1,0,0,0
U07540,6,Salary earner,Referral,1,1,1,1
U07541,4,Small business,Instagram ad,1,1,0,0
U07542,6,Market trader,Agent sign-up,1,0,0,0
U07543,4,Market trader,Referral,1,1,1,1
U07544,5,Salary earner,Instagram ad,1,1,1,1
U07545,8,Salary earner,Instagram ad,1,0,0,0
U07546,8,Market trader,Agent sign-up,1,1,1,1
U07547,6,Salary earner,Play Store search,1,1,1,0
U07548,4,Salary earner,Instagram ad,0,0,0,0
U07549,2,Salary earner,Play Store search,1,1,1,1
U07550,5,Market trader,Play Store search,1,0,0,0
U07551,1,Market trader,Play Store search,1,0,0,0
U07552,3,Salary earner,Referral,1,1,0,0
U07553,7,Small business,Play Store search,1,1,1,1
U07554,4,Market trader,Referral,1,1,0,0
U07555,3,Student,Referral,1,0,0,0
U07556,1,Salary earner,Referral,1,1,1,1
U07557,8,Salary earner,Play Store search,0,0,0,0
U07558,3,Salary earner,Play Store search,1,1,1,0
U07559,1,Market trader,Instagram ad,1,0,0,0
U07560,4,Salary earner,Instagram ad,0,0,0,0
U07561,5,Market trader,Instagram ad,1,0,0,0
U07562,8,Salary earner,Instagram ad,1,1,1,1
U07563,2,Salary earner,Play Store search,1,1,1,1
U07564,3,Market trader,Agent sign-up,1,1,1,1
U07565,1,Market trader,Referral,1,1,1,1
U07566,3,Student,Agent sign-up,1,1,0,0
U07567,4,Small business,Play Store search,1,1,1,1
U07568,1,Market trader,Referral,1,0,0,0
U07569,2,Market trader,Referral,1,1,1,1
U07570,8,Small business,Instagram ad,0,0,0,0
U07571,3,Small business,Agent sign-up,1,1,1,1
U07572,3,Salary earner,Play Store search,0,0,0,0
U07573,3,Student,Agent sign-up,1,1,1,1
U07574,1,Salary earner,Play Store search,1,0,0,0
U07575,2,Market trader,Play Store search,1,1,1,1
U07576,8,Salary earner,Instagram ad,1,0,0,0
U07577,7,Student,Agent sign-up,0,0,0,0
U07578,6,Small business,Referral,1,1,0,0
U07579,2,Salary earner,Play Store search,1,1,1,1
U07580,6,Small business,Play Store search,1,0,0,0
U07581,4,Salary earner,Instagram ad,0,0,0,0
U07582,3,Salary earner,Agent sign-up,1,1,1,1
U07583,4,Salary earner,Referral,1,1,1,1
U07584,3,Small business,Referral,1,0,0,0
U07585,8,Market trader,Agent sign-up,1,1,1,1
U07586,2,Small business,Play Store search,1,0,0,0
U07587,5,Salary earner,Referral,1,1,1,0
U07588,8,Market trader,Play Store search,1,1,1,1
U07589,3,Student,Instagram ad,1,1,0,0
U07590,1,Market trader,Referral,1,0,0,0
U07591,3,Salary earner,Referral,1,1,1,1
U07592,3,Market trader,Agent sign-up,0,0,0,0
U07593,1,Salary earner,Instagram ad,1,0,0,0
U07594,1,Small business,Instagram ad,1,0,0,0
U07595,6,Student,Agent sign-up,1,1,0,0
U07596,7,Small business,Referral,1,0,0,0
U07597,1,Student,Play Store search,1,1,1,1
U07598,4,Market trader,Agent sign-up,1,1,1,1
U07599,5,Salary earner,Agent sign-up,1,1,0,0
U07600,7,Market trader,Agent sign-up,1,1,1,1
U07601,5,Salary earner,Instagram ad,1,0,0,0
U07602,8,Salary earner,Instagram ad,1,1,1,1
U07603,6,Market trader,Agent sign-up,1,1,1,1
U07604,5,Salary earner,Referral,1,0,0,0
U07605,8,Market trader,Play Store search,1,0,0,0
U07606,8,Market trader,Play Store search,1,0,0,0
U07607,1,Market trader,Referral,1,1,1,1
U07608,6,Salary earner,Instagram ad,1,1,1,0
U07609,4,Salary earner,Instagram ad,1,1,1,1
U07610,8,Small business,Referral,1,1,1,0
U07611,1,Student,Agent sign-up,1,1,1,1
U07612,7,Market trader,Referral,1,0,0,0
U07613,2,Student,Instagram ad,1,0,0,0
U07614,2,Market trader,Agent sign-up,1,1,1,0
U07615,2,Small business,Agent sign-up,1,1,0,0
U07616,2,Small business,Play Store search,1,1,0,0
U07617,5,Market trader,Agent sign-up,1,1,1,0
U07618,5,Salary earner,Play Store search,1,1,0,0
U07619,2,Student,Instagram ad,1,0,0,0
U07620,8,Salary earner,Instagram ad,1,1,0,0
U07621,1,Market trader,Agent sign-up,1,1,1,0
U07622,6,Market trader,Agent sign-up,1,0,0,0
U07623,6,Student,Play Store search,1,1,1,0
U07624,2,Market trader,Referral,1,0,0,0
U07625,8,Salary earner,Play Store search,0,0,0,0
U07626,8,Student,Referral,1,1,1,1
U07627,6,Market trader,Agent sign-up,1,0,0,0
U07628,5,Student,Agent sign-up,1,1,0,0
U07629,3,Salary earner,Instagram ad,1,0,0,0
U07630,6,Student,Instagram ad,1,1,1,1
U07631,2,Market trader,Agent sign-up,1,0,0,0
U07632,6,Salary earner,Instagram ad,1,1,1,1
U07633,2,Market trader,Agent sign-up,1,0,0,0
U07634,5,Market trader,Agent sign-up,1,1,1,1
U07635,1,Market trader,Agent sign-up,1,1,1,1
U07636,4,Small business,Referral,1,0,0,0
U07637,6,Salary earner,Play Store search,1,1,1,1
U07638,4,Student,Referral,1,0,0,0
U07639,5,Salary earner,Referral,0,0,0,0
U07640,7,Market trader,Agent sign-up,1,0,0,0
U07641,5,Market trader,Instagram ad,1,0,0,0
U07642,6,Small business,Instagram ad,1,1,1,1
U07643,4,Salary earner,Instagram ad,1,1,1,1
U07644,5,Small business,Instagram ad,1,0,0,0
U07645,4,Market trader,Instagram ad,1,0,0,0
U07646,4,Market trader,Play Store search,1,1,1,1
U07647,7,Salary earner,Play Store search,1,1,1,1
U07648,3,Small business,Play Store search,1,1,1,0
U07649,6,Small business,Play Store search,1,1,1,1
U07650,5,Small business,Referral,1,1,1,1
U07651,4,Student,Referral,1,1,1,1
U07652,4,Salary earner,Instagram ad,1,0,0,0
U07653,1,Salary earner,Play Store search,1,1,1,1
U07654,3,Student,Instagram ad,0,0,0,0
U07655,4,Salary earner,Referral,1,1,1,1
U07656,1,Market trader,Referral,1,0,0,0
U07657,8,Market trader,Referral,1,1,0,0
U07658,3,Market trader,Agent sign-up,1,1,1,1
U07659,6,Salary earner,Instagram ad,1,1,1,1
U07660,4,Small business,Referral,1,1,1,1
U07661,7,Small business,Play Store search,1,0,0,0
U07662,5,Student,Instagram ad,1,1,1,1
U07663,7,Market trader,Referral,1,0,0,0
U07664,8,Salary earner,Instagram ad,1,1,1,0
U07665,6,Student,Instagram ad,1,1,1,1
U07666,5,Salary earner,Instagram ad,1,1,0,0
U07667,4,Student,Referral,1,1,0,0
U07668,4,Market trader,Agent sign-up,1,0,0,0
U07669,5,Market trader,Referral,0,0,0,0
U07670,3,Small business,Referral,1,1,1,0
U07671,3,Market trader,Play Store search,1,1,1,1
U07672,5,Market trader,Agent sign-up,1,1,1,1
U07673,3,Student,Instagram ad,1,1,1,1
U07674,2,Student,Agent sign-up,1,1,0,0
U07675,7,Salary earner,Agent sign-up,1,1,0,0
U07676,1,Salary earner,Play Store search,1,1,0,0
U07677,5,Market trader,Agent sign-up,1,1,0,0
U07678,4,Market trader,Agent sign-up,1,1,1,1
U07679,6,Small business,Instagram ad,1,1,1,1
U07680,2,Small business,Referral,1,1,1,1
U07681,8,Market trader,Agent sign-up,1,1,0,0
U07682,5,Salary earner,Play Store search,1,1,0,0
U07683,4,Salary earner,Referral,1,1,1,1
U07684,8,Student,Agent sign-up,1,1,1,1
U07685,6,Salary earner,Instagram ad,0,0,0,0
U07686,6,Salary earner,Instagram ad,1,1,1,1
U07687,3,Small business,Play Store search,1,1,1,1
U07688,6,Salary earner,Agent sign-up,1,1,1,1
U07689,1,Market trader,Play Store search,1,0,0,0
U07690,8,Salary earner,Instagram ad,1,1,1,1
U07691,5,Market trader,Agent sign-up,1,0,0,0
U07692,1,Market trader,Agent sign-up,1,1,1,1
U07693,1,Market trader,Agent sign-up,1,1,1,1
U07694,3,Market trader,Agent sign-up,1,1,1,1
U07695,6,Student,Play Store search,1,1,1,1
U07696,6,Student,Play Store search,1,1,1,0
U07697,1,Student,Instagram ad,1,1,1,1
U07698,8,Market trader,Referral,1,0,0,0
U07699,7,Salary earner,Instagram ad,0,0,0,0
U07700,6,Salary earner,Referral,1,1,1,1
U07701,4,Salary earner,Instagram ad,1,1,1,1
U07702,4,Student,Instagram ad,1,1,1,1
U07703,3,Market trader,Referral,1,0,0,0
U07704,1,Student,Referral,1,1,1,1
U07705,4,Student,Referral,0,0,0,0
U07706,8,Salary earner,Instagram ad,1,1,1,1
U07707,6,Market trader,Referral,1,0,0,0
U07708,5,Salary earner,Instagram ad,1,1,1,1
U07709,5,Small business,Instagram ad,0,0,0,0
U07710,5,Student,Instagram ad,1,1,1,1
U07711,2,Market trader,Agent sign-up,1,0,0,0
U07712,7,Salary earner,Instagram ad,1,1,1,1
U07713,5,Salary earner,Referral,1,1,1,1
U07714,3,Market trader,Agent sign-up,1,0,0,0
U07715,4,Market trader,Agent sign-up,1,1,0,0
U07716,3,Market trader,Agent sign-up,1,1,1,1
U07717,2,Market trader,Referral,1,0,0,0
U07718,4,Salary earner,Instagram ad,1,0,0,0
U07719,8,Salary earner,Referral,1,1,1,1
U07720,6,Market trader,Play Store search,1,0,0,0
U07721,2,Market trader,Instagram ad,1,0,0,0
U07722,2,Student,Instagram ad,1,0,0,0
U07723,3,Student,Instagram ad,1,0,0,0
U07724,5,Salary earner,Referral,1,1,1,1
U07725,6,Small business,Instagram ad,1,1,0,0
U07726,5,Salary earner,Agent sign-up,1,1,1,0
U07727,7,Small business,Instagram ad,1,1,1,1
U07728,7,Salary earner,Instagram ad,1,0,0,0
U07729,2,Student,Referral,1,1,1,1
U07730,5,Salary earner,Play Store search,1,1,1,1
U07731,5,Student,Referral,1,1,1,1
U07732,3,Salary earner,Referral,1,1,1,1
U07733,5,Salary earner,Referral,1,0,0,0
U07734,7,Market trader,Referral,1,1,0,0
U07735,1,Salary earner,Referral,0,0,0,0
U07736,7,Market trader,Play Store search,1,0,0,0
U07737,6,Market trader,Agent sign-up,1,1,1,0
U07738,6,Small business,Agent sign-up,1,1,1,1
U07739,1,Student,Referral,0,0,0,0
U07740,4,Salary earner,Referral,1,1,1,1
U07741,8,Student,Instagram ad,1,1,1,1
U07742,8,Salary earner,Play Store search,0,0,0,0
U07743,4,Small business,Play Store search,1,1,1,0
U07744,8,Market trader,Play Store search,1,1,1,1
U07745,6,Salary earner,Instagram ad,1,1,0,0
U07746,6,Salary earner,Play Store search,1,1,1,1
U07747,1,Student,Instagram ad,1,0,0,0
U07748,5,Salary earner,Play Store search,1,1,1,1
U07749,7,Salary earner,Referral,1,0,0,0
U07750,1,Market trader,Referral,1,1,1,1
U07751,1,Student,Referral,1,0,0,0
U07752,7,Student,Instagram ad,1,0,0,0
U07753,3,Market trader,Agent sign-up,1,0,0,0
U07754,6,Market trader,Referral,1,0,0,0
U07755,7,Salary earner,Play Store search,1,1,1,1
U07756,5,Market trader,Referral,0,0,0,0
U07757,2,Salary earner,Agent sign-up,1,1,1,1
U07758,7,Salary earner,Play Store search,1,1,1,1
U07759,2,Market trader,Instagram ad,1,0,0,0
U07760,8,Small business,Referral,1,1,1,1
U07761,4,Student,Instagram ad,0,0,0,0
U07762,3,Student,Agent sign-up,1,1,1,1
U07763,5,Salary earner,Play Store search,1,1,1,1
U07764,8,Market trader,Agent sign-up,1,0,0,0
U07765,6,Salary earner,Agent sign-up,1,1,0,0
U07766,6,Market trader,Referral,1,0,0,0
U07767,5,Market trader,Referral,1,1,1,1
U07768,5,Market trader,Agent sign-up,1,0,0,0
U07769,7,Salary earner,Agent sign-up,1,1,1,1
U07770,7,Student,Referral,1,0,0,0
U07771,8,Salary earner,Instagram ad,1,1,0,0
U07772,4,Market trader,Play Store search,1,1,1,1
U07773,2,Small business,Referral,1,1,1,1
U07774,5,Market trader,Referral,1,1,1,1
U07775,6,Small business,Referral,1,1,0,0
U07776,8,Small business,Referral,1,1,1,1
U07777,5,Student,Play Store search,0,0,0,0
U07778,7,Student,Agent sign-up,1,1,0,0
U07779,3,Salary earner,Play Store search,1,0,0,0
U07780,1,Small business,Instagram ad,1,1,1,0
U07781,4,Small business,Play Store search,1,1,1,0
U07782,3,Market trader,Agent sign-up,1,1,1,1
U07783,7,Salary earner,Instagram ad,1,1,1,1
U07784,8,Salary earner,Agent sign-up,1,1,0,0
U07785,3,Market trader,Referral,1,0,0,0
U07786,4,Student,Instagram ad,1,0,0,0
U07787,8,Student,Referral,1,1,1,1
U07788,2,Salary earner,Agent sign-up,1,1,1,1
U07789,7,Salary earner,Referral,1,1,0,0
U07790,1,Small business,Play Store search,1,0,0,0
U07791,1,Small business,Referral,1,1,1,1
U07792,7,Market trader,Agent sign-up,1,1,1,1
U07793,4,Small business,Referral,1,1,1,1
U07794,4,Student,Instagram ad,0,0,0,0
U07795,2,Salary earner,Instagram ad,1,0,0,0
U07796,4,Market trader,Play Store search,0,0,0,0
U07797,8,Salary earner,Instagram ad,1,1,1,1
U07798,3,Salary earner,Instagram ad,1,1,1,1
U07799,8,Small business,Instagram ad,1,1,1,1
U07800,8,Market trader,Agent sign-up,1,1,1,1
U07801,4,Market trader,Referral,1,0,0,0
U07802,7,Student,Play Store search,1,1,1,1
U07803,4,Salary earner,Referral,1,1,0,0
U07804,8,Market trader,Agent sign-up,1,1,0,0
U07805,5,Market trader,Agent sign-up,1,1,1,1
U07806,2,Salary earner,Instagram ad,1,0,0,0
U07807,2,Salary earner,Referral,1,1,0,0
U07808,1,Salary earner,Play Store search,0,0,0,0
U07809,7,Market trader,Play Store search,1,1,1,1
U07810,5,Student,Referral,1,1,1,1
U07811,3,Market trader,Referral,1,1,0,0
U07812,8,Student,Instagram ad,1,1,1,1
U07813,7,Salary earner,Instagram ad,1,1,0,0
U07814,4,Salary earner,Play Store search,1,1,1,1
U07815,2,Student,Play Store search,1,1,1,1
U07816,8,Market trader,Agent sign-up,0,0,0,0
U07817,8,Market trader,Agent sign-up,1,1,1,1
U07818,5,Market trader,Referral,1,0,0,0
U07819,3,Salary earner,Referral,1,1,1,1
U07820,4,Market trader,Agent sign-up,1,1,1,1
U07821,2,Student,Agent sign-up,1,1,1,1
U07822,5,Salary earner,Play Store search,1,0,0,0
U07823,2,Salary earner,Play Store search,1,0,0,0
U07824,8,Market trader,Play Store search,1,1,1,1
U07825,8,Market trader,Agent sign-up,1,1,1,1
U07826,5,Market trader,Referral,1,1,0,0
U07827,3,Market trader,Play Store search,1,0,0,0
U07828,2,Small business,Referral,1,1,1,0
U07829,4,Market trader,Play Store search,1,0,0,0
U07830,6,Market trader,Agent sign-up,0,0,0,0
U07831,5,Small business,Instagram ad,1,0,0,0
U07832,2,Small business,Instagram ad,1,0,0,0
U07833,6,Salary earner,Instagram ad,0,0,0,0
U07834,3,Student,Instagram ad,0,0,0,0
U07835,3,Salary earner,Referral,1,1,1,1
U07836,3,Market trader,Referral,1,0,0,0
U07837,5,Market trader,Play Store search,1,1,1,1
U07838,6,Student,Referral,1,0,0,0
U07839,6,Student,Instagram ad,1,0,0,0
U07840,3,Student,Referral,0,0,0,0
U07841,3,Salary earner,Play Store search,0,0,0,0
U07842,4,Salary earner,Instagram ad,1,1,0,0
U07843,7,Salary earner,Play Store search,1,0,0,0
U07844,3,Small business,Instagram ad,1,1,1,1
U07845,1,Salary earner,Instagram ad,1,1,1,1
U07846,2,Salary earner,Referral,1,1,1,1
U07847,8,Small business,Referral,1,1,1,0
U07848,3,Market trader,Play Store search,1,0,0,0
U07849,7,Student,Play Store search,1,0,0,0
U07850,2,Market trader,Agent sign-up,1,1,1,1
U07851,3,Salary earner,Agent sign-up,1,1,1,1
U07852,6,Salary earner,Instagram ad,1,1,1,1
U07853,1,Student,Instagram ad,1,0,0,0
U07854,2,Market trader,Referral,0,0,0,0
U07855,1,Market trader,Instagram ad,1,0,0,0
U07856,5,Market trader,Referral,1,0,0,0
U07857,2,Market trader,Instagram ad,1,0,0,0
U07858,1,Salary earner,Instagram ad,1,0,0,0
U07859,2,Student,Play Store search,1,1,1,0
U07860,7,Market trader,Agent sign-up,1,1,1,0
U07861,6,Market trader,Referral,1,0,0,0
U07862,6,Market trader,Play Store search,1,1,1,0
U07863,1,Student,Referral,1,1,1,0
U07864,1,Market trader,Play Store search,1,0,0,0
U07865,8,Student,Referral,1,1,1,1
U07866,8,Salary earner,Referral,1,1,1,0
U07867,1,Market trader,Agent sign-up,1,0,0,0
U07868,8,Student,Referral,1,1,1,1
U07869,1,Market trader,Referral,1,0,0,0
U07870,7,Student,Instagram ad,0,0,0,0
U07871,3,Salary earner,Referral,1,1,1,1
U07872,3,Small business,Agent sign-up,1,1,0,0
U07873,5,Salary earner,Instagram ad,1,1,1,1
U07874,6,Salary earner,Instagram ad,1,1,1,1
U07875,1,Market trader,Agent sign-up,1,1,1,1
U07876,1,Market trader,Play Store search,1,1,0,0
U07877,4,Salary earner,Play Store search,1,1,1,0
U07878,7,Salary earner,Play Store search,1,1,1,1
U07879,5,Salary earner,Instagram ad,0,0,0,0
U07880,1,Market trader,Agent sign-up,1,1,1,1
U07881,6,Student,Referral,1,1,0,0
U07882,1,Salary earner,Referral,1,1,1,1
U07883,2,Student,Instagram ad,1,0,0,0
U07884,3,Market trader,Play Store search,1,0,0,0
U07885,3,Student,Instagram ad,1,1,1,0
U07886,4,Salary earner,Agent sign-up,1,1,1,0
U07887,1,Market trader,Play Store search,1,0,0,0
U07888,3,Market trader,Instagram ad,0,0,0,0
U07889,5,Market trader,Play Store search,1,1,0,0
U07890,3,Salary earner,Referral,1,1,1,1
U07891,4,Salary earner,Instagram ad,1,0,0,0
U07892,1,Salary earner,Referral,1,0,0,0
U07893,2,Salary earner,Instagram ad,1,0,0,0
U07894,1,Salary earner,Referral,1,1,0,0
U07895,7,Market trader,Agent sign-up,1,1,1,1
U07896,5,Student,Instagram ad,1,0,0,0
U07897,1,Market trader,Play Store search,1,1,1,1
U07898,2,Market trader,Play Store search,1,0,0,0
U07899,1,Salary earner,Referral,1,1,0,0
U07900,7,Market trader,Agent sign-up,1,1,1,1
U07901,5,Small business,Referral,1,0,0,0
U07902,7,Student,Referral,0,0,0,0
U07903,4,Market trader,Agent sign-up,1,0,0,0
U07904,2,Market trader,Agent sign-up,1,0,0,0
U07905,4,Salary earner,Instagram ad,1,0,0,0
U07906,5,Salary earner,Referral,1,1,0,0
U07907,1,Student,Instagram ad,1,0,0,0
U07908,7,Market trader,Play Store search,1,0,0,0
U07909,6,Market trader,Agent sign-up,0,0,0,0
U07910,6,Market trader,Agent sign-up,1,0,0,0
U07911,8,Student,Play Store search,1,0,0,0
U07912,4,Salary earner,Instagram ad,0,0,0,0
U07913,5,Market trader,Play Store search,1,0,0,0
U07914,1,Small business,Play Store search,1,1,1,0
U07915,3,Market trader,Play Store search,1,1,1,1
U07916,8,Salary earner,Referral,1,1,1,1
U07917,2,Salary earner,Instagram ad,0,0,0,0
U07918,7,Student,Instagram ad,1,0,0,0
U07919,5,Salary earner,Play Store search,1,1,1,1
U07920,1,Salary earner,Agent sign-up,1,1,0,0
U07921,1,Small business,Play Store search,1,1,1,1
U07922,8,Market trader,Instagram ad,1,1,1,1
U07923,7,Salary earner,Referral,1,1,1,1
U07924,5,Small business,Referral,1,1,1,0
U07925,1,Salary earner,Instagram ad,1,0,0,0
U07926,8,Market trader,Agent sign-up,1,0,0,0
U07927,7,Salary earner,Referral,1,1,1,1
U07928,5,Market trader,Agent sign-up,1,0,0,0
U07929,1,Small business,Instagram ad,1,1,1,1
U07930,3,Student,Instagram ad,1,0,0,0
U07931,6,Student,Instagram ad,1,1,1,1
U07932,2,Student,Play Store search,1,1,1,1
U07933,7,Salary earner,Referral,1,1,1,1
U07934,2,Salary earner,Instagram ad,0,0,0,0
U07935,7,Market trader,Play Store search,1,0,0,0
U07936,3,Salary earner,Instagram ad,1,1,1,1
U07937,3,Small business,Instagram ad,1,1,1,1
U07938,6,Salary earner,Instagram ad,1,0,0,0
U07939,6,Market trader,Play Store search,1,1,1,1
U07940,5,Market trader,Play Store search,1,0,0,0
U07941,6,Salary earner,Instagram ad,1,1,1,1
U07942,1,Small business,Instagram ad,1,0,0,0
U07943,7,Student,Instagram ad,1,1,1,1
U07944,3,Market trader,Play Store search,1,1,1,1
U07945,2,Small business,Referral,1,1,1,1
U07946,6,Market trader,Referral,1,0,0,0
U07947,1,Salary earner,Agent sign-up,1,1,1,0
U07948,1,Student,Instagram ad,1,0,0,0
U07949,1,Salary earner,Instagram ad,1,1,0,0
U07950,6,Small business,Play Store search,1,0,0,0
U07951,3,Student,Play Store search,1,1,1,1
U07952,2,Salary earner,Play Store search,1,1,1,1
U07953,3,Small business,Instagram ad,1,0,0,0
U07954,8,Salary earner,Instagram ad,0,0,0,0
U07955,4,Market trader,Agent sign-up,1,0,0,0
U07956,8,Student,Instagram ad,1,0,0,0
U07957,6,Student,Play Store search,1,0,0,0
U07958,7,Market trader,Referral,1,1,1,0
U07959,6,Salary earner,Referral,1,1,1,1
U07960,1,Small business,Instagram ad,1,1,0,0
U07961,1,Salary earner,Play Store search,1,1,0,0
U07962,6,Salary earner,Referral,1,1,1,1
U07963,8,Salary earner,Referral,1,0,0,0
U07964,4,Salary earner,Agent sign-up,1,1,1,0
U07965,3,Student,Referral,1,1,1,1
U07966,3,Salary earner,Agent sign-up,1,1,0,0
U07967,8,Salary earner,Agent sign-up,1,1,0,0
U07968,7,Salary earner,Play Store search,1,0,0,0
U07969,1,Market trader,Agent sign-up,1,0,0,0
U07970,6,Student,Play Store search,1,1,1,1
U07971,2,Salary earner,Instagram ad,1,1,1,1
U07972,8,Student,Play Store search,0,0,0,0
U07973,8,Salary earner,Instagram ad,1,1,1,1
U07974,6,Market trader,Agent sign-up,1,0,0,0
U07975,4,Market trader,Agent sign-up,1,1,1,1
U07976,2,Small business,Referral,1,1,1,1
U07977,8,Salary earner,Instagram ad,1,1,1,1
U07978,7,Salary earner,Referral,1,0,0,0
U07979,3,Salary earner,Instagram ad,1,0,0,0
U07980,4,Salary earner,Agent sign-up,1,1,0,0
U07981,2,Small business,Instagram ad,1,1,1,1
U07982,3,Salary earner,Play Store search,1,1,1,1
U07983,6,Small business,Referral,1,1,0,0
U07984,8,Salary earner,Instagram ad,1,1,1,1
U07985,4,Small business,Referral,1,0,0,0
U07986,3,Salary earner,Agent sign-up,1,1,1,1
U07987,5,Market trader,Agent sign-up,1,1,1,1
U07988,6,Market trader,Play Store search,1,1,1,0
U07989,4,Small business,Instagram ad,1,1,1,1
U07990,8,Market trader,Agent sign-up,1,1,1,1
U07991,8,Salary earner,Referral,1,1,1,1
U07992,8,Market trader,Agent sign-up,0,0,0,0
U07993,1,Student,Referral,1,0,0,0
U07994,6,Student,Referral,1,1,1,1
U07995,3,Market trader,Agent sign-up,1,1,1,1
U07996,3,Market trader,Referral,1,0,0,0
U07997,7,Market trader,Referral,1,1,1,1
U07998,3,Market trader,Instagram ad,1,0,0,0
U07999,4,Salary earner,Instagram ad,1,1,1,1
U08000,6,Salary earner,Play Store search,1,1,1,1
