message_id,sent_at,language,text,photos_attached,gold_claim_type,gold_incident_date,gold_vehicle_reg,gold_injuries,gold_police_report,gold_angry,gold_amount_ngn,gold_needs_human,small_v1_output,large_v1_output,large_v2_output,input_tokens_v1,input_tokens_v2,output_tokens,latency_small_ms,latency_large_ms,guardrail_v1_flag,guardrail_v2_flag
MSG-0001,2026-06-29 18:17,Pidgin,"Good morning o, stone break my windscreen on 26/06/2026 for Wuse 2. Na Lexus RX 350, number na FKJ 471 KT. Mechanic talk say e go cost like ₦275k. Which document una need?",0,Windscreen,2026-06-26,FKJ 471 KT,0,0,0,275000,0,"{""claim_type"":""Windscreen"",""incident_date"":""2026-06-26"",""vehicle_reg"":""FKJ 471 KT"",""injuries"":false,""police_report"":false,""needs_human"":false}","{""claim_type"":""Windscreen"",""incident_date"":""2026-06-26"",""vehicle_reg"":""FKJ 471 KT"",""injuries"":false,""police_report"":false,""needs_human"":false}","{""claim_type"":""Windscreen"",""incident_date"":""2026-06-26"",""vehicle_reg"":""FKJ471KT"",""injuries"":false,""police_report"":false,""needs_human"":false}",468,1198,59,842,1540,0,0
MSG-0002,2026-06-24 13:53,English,"Good morning. I was involved in a crash on 21/06/2026 in Lekki. The car is a Toyota Highlander, plate number GGE 865 HA. Thank God no one was injured. What do I do next?",2,Accident damage,2026-06-21,GGE 865 HA,0,0,0,,0,"{""claim_type"":""Accident damage"",""incident_date"":""2026-06-21"",""vehicle_reg"":""GGE 865 HA"",""injuries"":false,""police_report"":false,""needs_human"":false}","{""claim_type"":""Accident damage"",""incident_date"":""2026-06-21"",""vehicle_reg"":""GGE 865 HA"",""injuries"":false,""police_report"":false,""needs_human"":false}","{""claim_type"":""Accident damage"",""incident_date"":""2026-06-21"",""vehicle_reg"":""GGE 865 HA"",""injuries"":false,""police_report"":false,""needs_human"":false}",467,1197,64,646,1547,0,0
MSG-0003,2026-06-02 12:38,Pidgin,"Shieldline abeg, stone break my windscreen this morning for Ikeja. Na Kia Rio, number na APP 902 BU. Mechanic talk say e go cost like ₦340k. Una no dey reply message at all, this one no good! Abeg help me.",4,Windscreen,2026-06-02,APP 902 BU,0,0,1,340000,1,"{""claim_type"":""Windscreen"",""incident_date"":""2026-06-02"",""vehicle_reg"":""APP 902 BU"",""injuries"":false,""police_report"":false,""needs_human"":false}","{""claim_type"":""Windscreen"",""incident_date"":""2026-06-01"",""vehicle_reg"":""APP 902 BU"",""injuries"":false,""police_report"":false,""needs_human"":true}","{""claim_type"":""Windscreen"",""incident_date"":""2026-06-02"",""vehicle_reg"":""APP 902 BU"",""injuries"":false,""police_report"":false,""needs_human"":true}",477,1207,70,834,2073,0,0
MSG-0004,2026-06-14 20:49,English,"Hi Shieldline, I hit a pole yesterday in Maryland. It's a Toyota Corolla, plate number KJA 279 WE. The other driver was hurt and is in hospital. This is my second message and nobody has replied. This is unacceptable! What documents do you need?",2,Accident damage,2026-06-13,KJA 279 WE,1,0,1,,1,"{""claim_type"":""Accident damage"",""incident_date"":""2026-06-14"",""vehicle_reg"":""KJA 279 WE"",""injuries"":false,""police_report"":false,""needs_human"":false}","{""claim_type"":""Accident damage"",""incident_date"":""2026-06-13"",""vehicle_reg"":""KJA 279 WE"",""injuries"":true,""police_report"":false,""needs_human"":true}","{""claim_type"":""Accident damage"",""incident_date"":""2026-06-13"",""vehicle_reg"":""KJA 279 WE"",""injuries"":true,""police_report"":false,""needs_human"":true}",488,1218,58,401,1868,0,1
MSG-0005,2026-06-25 08:11,English,"Hi Shieldline, A stone cracked my windscreen today in Garki. The car is a Lexus RX 350, plate number EKY 495 CS. The repair will cost about ₦375k.",0,Windscreen,2026-06-25,EKY 495 CS,0,0,0,375000,0,"{""claim_type"":""Windscreen"",""incident_date"":""2026-06-25"",""vehicle_reg"":""EKY 495 CS"",""injuries"":false,""police_report"":false,""needs_human"":false}","{""claim_type"":""Windscreen"",""incident_date"":""2026-06-25"",""vehicle_reg"":""EKY 495 CS"",""injuries"":false,""police_report"":false,""needs_human"":false}","{""claim_type"":""Windscreen"",""incident_date"":""2026-06-25"",""vehicle_reg"":""EKY 495 CS"",""injuries"":false,""police_report"":false,""needs_human"":false}",461,1191,58,664,2385,0,0
MSG-0006,2026-06-05 18:21,English,"Good morning. My car skidded into a gutter today in Maryland. The car is a Honda Accord, plate number SMK 857 MC. Thank God no one was injured. What documents do you need?",2,Accident damage,2026-06-05,SMK 857 MC,0,0,0,,0,"{""claim_type"":""Accident damage"",""incident_date"":""2026-06-04"",""vehicle_reg"":""SMK 857 MC"",""injuries"":false,""police_report"":false,""needs_human"":false}","{""claim_type"":""Accident damage"",""incident_date"":""2026-06-05"",""vehicle_reg"":""SMK 857 MC"",""injuries"":false,""police_report"":false,""needs_human"":false}","{""claim_type"":""Accident damage"",""incident_date"":""2026-06-05"",""vehicle_reg"":""SMK 857 MC"",""injuries"":false,""police_report"":false,""needs_human"":false}",468,1198,80,537,1950,0,0
MSG-0007,2026-06-17 09:44,English,"Good morning. I hit a pole on 11/06/2026 in Yaba. It's a Lexus RX 350, plate number ABJ 192 KX. Thank God no one was injured. The repair will cost about ₦3.2m. What do I do next?",4,Accident damage,2026-06-11,ABJ 192 KX,0,0,0,3160000,0,"{""claim_type"":""Accident damage"",""incident_date"":""2026-06-11"",""vehicle_reg"":""ABJ 192 KX"",""injuries"":false,""police_report"":false,""needs_human"":false}","{""claim_type"":""Accident damage"",""incident_date"":""2026-06-11"",""vehicle_reg"":""ABJ 192 KX"",""injuries"":false,""police_report"":false,""needs_human"":false}","{""claim_type"":""Accident damage"",""incident_date"":""2026-06-11"",""vehicle_reg"":""ABJ 192 KX"",""injuries"":false,""police_report"":false,""needs_human"":false}",469,1199,65,713,1563,0,0
MSG-0008,2026-06-08 08:19,English,"A danfo bus hit my car on 2 June at Garki. It's a Lexus RX 350, plate number FKJ 464 PE. My passenger was injured and taken to hospital. I have a police report. The repair will cost about ₦1.1m. What do I do next?",0,Third party,2026-06-02,FKJ 464 PE,1,1,0,1120000,1,"{""claim_type"":""Third party"",""incident_date"":""2026-06-02"",""vehicle_reg"":""FKJ 464 PE"",""injuries"":true,""police_report"":true,""needs_human"":true}","{""claim_type"":""Third party"",""incident_date"":""2026-06-02"",""vehicle_reg"":""FKJ 464 PE"",""injuries"":true,""police_report"":false,""needs_human"":true}","{""claim_type"":""Third party"",""incident_date"":""2026-06-02"",""vehicle_reg"":""FKJ 464 PE"",""injuries"":true,""police_report"":true,""needs_human"":true}",479,1209,57,883,1391,0,0
MSG-0009,2026-06-04 19:28,English,"Good morning. Another car ran into me on 30 May at Ajah. The car is a Lexus RX 350, plate number FKJ 472 ZH. Thank God no one was injured. What do I do next?",2,Third party,2026-05-30,FKJ 472 ZH,0,0,0,,0,"{""claim_type"":""Third party"",""incident_date"":""2026-05-30"",""vehicle_reg"":""FKJ 472 ZH"",""injuries"":false,""police_report"":false,""needs_human"":false}","{""claim_type"":""Windscreen"",""incident_date"":""2026-05-30"",""vehicle_reg"":""FKJ 472 ZH"",""injuries"":false,""police_report"":false,""needs_human"":true}","{""claim_type"":""Third party"",""incident_date"":""2026-05-30"",""vehicle_reg"":""FKJ 472 ZH"",""injuries"":false,""police_report"":false,""needs_human"":false}",464,1194,55,760,2075,0,0
MSG-0010,2026-06-05 20:47,English,"Good afternoon. A stone cracked my windscreen on 5 June in Gwarinpa. The car is a Hyundai Elantra, plate number SMK 194 GX. How do I claim?",3,Windscreen,2026-06-05,SMK 194 GX,0,0,0,,0,"{""claim_type"":""Windscreen"",""incident_date"":""2026-06-05"",""vehicle_reg"":""SMK 194 GX"",""injuries"":false,""police_report"":true,""needs_human"":false}","{""claim_type"":""Windscreen"",""incident_date"":""2026-06-05"",""vehicle_reg"":""SMK 194 GX"",""injuries"":false,""police_report"":false,""needs_human"":false}","{""claim_type"":""Windscreen"",""incident_date"":""2026-06-05"",""vehicle_reg"":""SMK 194 GX"",""injuries"":false,""police_report"":false,""needs_human"":false}",459,1189,68,796,1501,0,0
MSG-0011,2026-06-09 20:40,English,"Hi Shieldline, My windscreen cracked last night in Gwarinpa. It's a Lexus RX 350, plate number APP 355 DM. The repair will cost about ₦220k.",3,Windscreen,2026-06-08,APP 355 DM,0,0,0,220000,0,"{""claim_type"":""Windscreen"",""incident_date"":""2026-06-08"",""vehicle_reg"":""APP 355 DM"",""injuries"":false,""police_report"":false,""needs_human"":false}","{""claim_type"":""Windscreen"",""incident_date"":""2026-06-08"",""vehicle_reg"":""APP 355 DM"",""injuries"":false,""police_report"":false,""needs_human"":false}","{""claim_type"":""Windscreen"",""incident_date"":""2026-06-08"",""vehicle_reg"":""APP 355 DM"",""injuries"":false,""police_report"":false,""needs_human"":false}",459,1189,78,747,3553,0,0
MSG-0012,2026-06-29 07:13,English,"Good morning. I hit a pole on 28 June in Yaba. The car is a Nissan Almera, plate number KTU 104 YY. My passenger was injured and taken to hospital. I have a police report.",1,Accident damage,2026-06-28,KTU 104 YY,1,1,0,,1,"{""claim_type"":""Accident damage"",""incident_date"":""2026-06-28"",""vehicle_reg"":""KTU 104 YY"",""injuries"":true,""police_report"":true,""needs_human"":true}","{""claim_type"":""Accident damage"",""incident_date"":""2026-06-28"",""vehicle_reg"":""KTU 104 YY"",""injuries"":true,""police_report"":true,""needs_human"":true}","{""claim_type"":""Accident damage"",""incident_date"":""2026-06-28"",""vehicle_reg"":""KTU 104 YY"",""injuries"":true,""police_report"":true,""needs_human"":true}",468,1198,79,499,1166,0,0
MSG-0013,2026-06-02 09:01,English,"Good afternoon. My windscreen got smashed yesterday in Ajah. It's a Lexus RX 350, plate number FKJ 112 PH.",2,Windscreen,2026-06-01,FKJ 112 PH,0,0,0,,0,"{""claim_type"":""Windscreen"",""incident_date"":""2026-06-01"",""vehicle_reg"":""FKJ 112 PH"",""injuries"":false,""police_report"":false,""needs_human"":false}","{""claim_type"":""Windscreen"",""incident_date"":""2026-06-01"",""vehicle_reg"":""FKJ 112 PH"",""injuries"":false,""police_report"":false,""needs_human"":false}","{""claim_type"":""Windscreen"",""incident_date"":""2026-06-01"",""vehicle_reg"":""FKJ 112 PH"",""injuries"":false,""police_report"":false,""needs_human"":false}",449,1179,65,491,1815,0,0
MSG-0014,2026-06-17 10:52,English,Good afternoon. A truck reversed into my car on 15 June at Gwarinpa. It's my Nissan Almera. Nobody was hurt.,2,Third party,2026-06-15,,0,0,0,,0,"{""claim_type"":""Third party"",""incident_date"":""2026-06-15"",""vehicle_reg"":null,""injuries"":false,""police_report"":false,""needs_human"":false}","{""claim_type"":""Accident damage"",""incident_date"":""2026-06-17"",""vehicle_reg"":null,""injuries"":false,""police_report"":false,""needs_human"":false}","{""claim_type"":""Third party"",""incident_date"":""2026-06-15"",""vehicle_reg"":null,""injuries"":false,""police_report"":false,""needs_human"":false}",450,1180,80,588,1864,0,0
MSG-0015,2026-06-03 16:33,English,"Good morning. A stone cracked my windscreen this morning in GRA Port Harcourt. The car is a Toyota Camry, plate number BDG 263 US. I am very angry, you people collect premium and disappear. What do I do next?",1,Windscreen,2026-06-03,BDG 263 US,0,0,1,,1,"{""claim_type"":""Third party"",""incident_date"":""2026-06-02"",""vehicle_reg"":""BDG263US"",""injuries"":false,""police_report"":false,""needs_human"":true}","{""claim_type"":""Windscreen"",""incident_date"":""2026-06-03"",""vehicle_reg"":""BDG 263 US"",""injuries"":false,""police_report"":false,""needs_human"":true}","{""claim_type"":""Windscreen"",""incident_date"":""2026-06-03"",""vehicle_reg"":""BDG 263 US"",""injuries"":false,""police_report"":false,""needs_human"":false}",478,1208,77,839,2288,0,0
MSG-0016,2026-06-09 20:00,English,"Good morning. Thieves took my car on 5 June in Lekki. The car is a Toyota Highlander, plate number GGE 313 GK. The police came and wrote a report.",0,Theft,2026-06-05,GGE 313 GK,0,1,0,,1,"{""claim_type"":""Theft"",""incident_date"":""2026-06-05"",""vehicle_reg"":""GGE 313 GK"",""injuries"":false,""police_report"":true,""needs_human"":true}","{""claim_type"":""Theft"",""incident_date"":""2026-06-05"",""vehicle_reg"":""GGE 313 GK"",""injuries"":false,""police_report"":true,""needs_human"":true}","{""claim_type"":""Theft"",""incident_date"":""2026-06-05"",""vehicle_reg"":""GGE 313 GK"",""injuries"":false,""police_report"":true,""needs_human"":true}",461,1191,67,674,2038,0,0
MSG-0017,2026-06-08 07:48,English,"I had an accident on 05/06/2026 in Gwarinpa. The car is a Kia Rio, plate number AAA 102 WC. My passenger was injured and taken to hospital. Please help.",2,Accident damage,2026-06-05,AAA 102 WC,1,0,0,,1,"{""claim_type"":""Accident damage"",""incident_date"":""2026-06-05"",""vehicle_reg"":""AAA102WC"",""injuries"":true,""police_report"":false,""needs_human"":false}","{""claim_type"":""Accident damage"",""incident_date"":""2026-06-05"",""vehicle_reg"":""AAA 102 WC"",""injuries"":true,""police_report"":false,""needs_human"":true}","{""claim_type"":""Accident damage"",""incident_date"":""2026-06-05"",""vehicle_reg"":""AAA 102 WC"",""injuries"":true,""police_report"":false,""needs_human"":true}",462,1192,79,749,1914,0,0
MSG-0018,2026-06-04 11:43,Pidgin,"Abeg, thief carry my motor go on 01/06/2026 for Ikeja. Na Toyota Camry, number na RBC 127 YZ. The motor worth like ₦9m. Una no dey reply message at all, this one no good!",0,Theft,2026-06-01,RBC 127 YZ,0,0,1,9000000,1,"{""claim_type"":""Theft"",""incident_date"":""2026-06-01"",""vehicle_reg"":""RBC 127 YZ"",""injuries"":false,""police_report"":false,""needs_human"":true}","{""claim_type"":""Theft"",""incident_date"":""2026-06-01"",""vehicle_reg"":""RBC 127 YZ"",""injuries"":false,""police_report"":false,""needs_human"":false}","{""claim_type"":""Third party"",""incident_date"":""2026-06-01"",""vehicle_reg"":""RBC 127 YZ"",""injuries"":false,""police_report"":false,""needs_human"":true}",467,1197,80,725,1672,0,0
MSG-0019,2026-06-06 12:47,English,"Good morning. A danfo bus hit my car on 1 June at Gwarinpa. The car is a Honda Accord, plate number ABJ 750 EH. Please help.",2,Third party,2026-06-01,ABJ 750 EH,0,0,0,,0,"{""claim_type"":""Third party"",""incident_date"":""2026-06-01"",""vehicle_reg"":""ABJ 750 EH"",""injuries"":false,""police_report"":true,""needs_human"":false}","{""claim_type"":""Third party"",""incident_date"":""2026-06-01"",""vehicle_reg"":""ABJ 750 EH"",""injuries"":false,""police_report"":false,""needs_human"":false}","{""claim_type"":""Third party"",""incident_date"":""2026-06-01"",""vehicle_reg"":""ABJ 750 EH"",""injuries"":false,""police_report"":false,""needs_human"":false}",454,1184,64,647,2027,0,0
MSG-0020,2026-06-28 20:19,English,"Good morning. My windscreen cracked on 23 June in Surulere. The car is a Nissan Almera, plate number GGE 634 ES. What documents do you need?",2,Windscreen,2026-06-23,GGE 634 ES,0,0,0,,0,"{""claim_type"":""Windscreen"",""incident_date"":""2026-06-23"",""vehicle_reg"":""GGE 634 ES"",""injuries"":false,""police_report"":false,""needs_human"":false}","{""claim_type"":""Windscreen"",""incident_date"":""2026-06-23"",""vehicle_reg"":""GGE 634 ES"",""injuries"":false,""police_report"":false,""needs_human"":false}","{""claim_type"":""Windscreen"",""incident_date"":""2026-06-23"",""vehicle_reg"":""GGE 634 ES"",""injuries"":false,""police_report"":false,""needs_human"":false}",459,1189,56,789,1622,0,0
MSG-0021,2026-06-26 18:17,Pidgin,"Good morning o, I jam pole on 26 June for Yaba, motor don scatter. Na Toyota Camry, number na SMK 404 BH. My brother wound, dem carry am go hospital. Police don write report. Mechanic talk say e go cost like ₦420k. I don vex o, una collect my money and una no dey answer.",2,Accident damage,2026-06-26,SMK 404 BH,1,1,1,420000,1,"{""claim_type"":""Accident damage"",""incident_date"":""2026-06-26"",""vehicle_reg"":""SMK 404 BH"",""injuries"":true,""police_report"":true,""needs_human"":true}","{""claim_type"":""Accident damage"",""incident_date"":""2026-06-26"",""vehicle_reg"":""SMK 404 BH"",""injuries"":true,""police_report"":true,""needs_human"":true}","{""claim_type"":""Accident damage"",""incident_date"":""2026-06-26"",""vehicle_reg"":""SMK 404 BH"",""injuries"":true,""police_report"":true,""needs_human"":true}",495,1225,69,747,1492,0,0
MSG-0022,2026-06-20 15:28,English,"Hi Shieldline, I hit a pole on 15 June in Lekki. It's a Hyundai Elantra, plate number KJA 846 EW. What do I do next?",2,Accident damage,2026-06-15,KJA 846 EW,0,0,0,,0,"Sure! Here is the JSON:
{""claim_type"":""Windscreen"",""incident_date"":""2026-06-15"",""vehicle_reg"":""KJA 846 EW"",""injuries"":false,""police_report"":false,""needs_human"":false}","{""claim_type"":""Accident damage"",""incident_date"":""2026-06-15"",""vehicle_reg"":""KJA 846 EW"",""injuries"":false,""police_report"":false,""needs_human"":false}","{""claim_type"":""Accident damage"",""incident_date"":""2026-06-15"",""vehicle_reg"":""KJA 846 EW"",""injuries"":false,""police_report"":false,""needs_human"":false}",452,1182,65,524,3446,0,0
MSG-0023,2026-06-01 17:34,English,"Good afternoon. I hit a keke and damaged it on 29 May at Festac. The car is a Hyundai Elantra, plate number KTU 600 XJ. I hurt my arm and went to the hospital. I have a police report.",0,Third party,2026-05-29,KTU 600 XJ,1,1,0,,1,"{""claim_type"":""Third party"",""incident_date"":""2026-05-29"",""vehicle_reg"":""KTU 600 XJ"",""injuries"":true,""police_report"":true,""needs_human"":true}","{""claim_type"":""Third party"",""incident_date"":""2026-05-29"",""vehicle_reg"":""KTU 600 XJ"",""injuries"":true,""police_report"":true,""needs_human"":true}","{""claim_type"":""Third party"",""incident_date"":""2026-05-29"",""vehicle_reg"":""KTU 600 XJ"",""injuries"":true,""police_report"":true,""needs_human"":true}",471,1201,57,626,1774,0,0
MSG-0024,2026-06-17 21:02,English,"I had an accident on 15/06/2026 in GRA Port Harcourt. The car is a Toyota Camry, plate number LSD 985 TD. The police came and wrote a report. Please help.",0,Accident damage,2026-06-15,LSD 985 TD,0,1,0,,0,"{""claim_type"":""Accident damage"",""incident_date"":""2026-06-15"",""vehicle_reg"":""LSD 985 TD"",""injuries"":false,""police_report"":true,""needs_human"":false}","{""claim_type"":""Accident damage"",""incident_date"":""2026-06-15"",""vehicle_reg"":""LSD 985 TD"",""injuries"":true,""police_report"":true,""needs_human"":false}","{""claim_type"":""Accident damage"",""incident_date"":""2026-06-15"",""vehicle_reg"":""LSD 985 TD"",""injuries"":false,""police_report"":true,""needs_human"":false}",463,1193,64,764,2567,0,0
MSG-0025,2026-06-27 19:03,English,"Hi Shieldline, My car skidded into a gutter last night in Yaba. The car is a Toyota Highlander, plate number GGE 328 LL.",2,Accident damage,2026-06-26,GGE 328 LL,0,0,0,,0,"{""claim_type"":""Accident damage"",""incident_date"":""2026-06-26"",""vehicle_reg"":""GGE 328 LL"",""injuries"":false,""police_report"":false,""needs_human"":false}","{""claim_type"":""Accident damage"",""incident_date"":""2026-06-26"",""vehicle_reg"":""GGE328LL"",""injuries"":false,""police_report"":false,""needs_human"":false}","{""claim_type"":""Accident damage"",""incident_date"":""2026-06-26"",""vehicle_reg"":""GGE 328 LL"",""injuries"":false,""police_report"":false,""needs_human"":false}",453,1183,80,496,2375,0,0
MSG-0026,2026-06-09 16:38,English,"Good morning. My car was snatched at gunpoint on 09/06/2026 in Bodija. The car is a Toyota Corolla, plate number FKJ 821 KA. The police came and wrote a report.",0,Theft,2026-06-09,FKJ 821 KA,0,1,0,,1,"{""claim_type"":""Theft"",""incident_date"":""2026-06-09"",""vehicle_reg"":""FKJ 821 KA"",""injuries"":false,""police_report"":true,""needs_human"":true}","{""claim_type"":""Theft"",""incident_date"":""2026-06-09"",""vehicle_reg"":""FKJ 821 KA"",""injuries"":false,""police_report"":true,""needs_human"":false}","{""claim_type"":""Theft"",""incident_date"":""2026-06-09"",""vehicle_reg"":""FKJ 821 KA"",""injuries"":false,""police_report"":true,""needs_human"":true}",464,1194,63,571,2634,0,0
MSG-0027,2026-06-05 09:57,English,"My windscreen cracked on 05/06/2026 in Surulere. It's a Nissan Almera, plate number GGE 220 SM. This is my second message and nobody has replied. This is unacceptable! How do I claim?",0,Windscreen,2026-06-05,GGE 220 SM,0,0,1,,1,"{""claim_type"":""Accident damage"",""incident_date"":""2026-06-05"",""vehicle_reg"":""GGE220SM"",""injuries"":false,""police_report"":false,""needs_human"":true}","{""claim_type"":""Windscreen"",""incident_date"":""2026-06-05"",""vehicle_reg"":""GGE 220 SM"",""injuries"":true,""police_report"":false,""needs_human"":false}","{""claim_type"":""Third party"",""incident_date"":""2026-06-05"",""vehicle_reg"":""GGE 220 SM"",""injuries"":false,""police_report"":false,""needs_human"":false}",471,1201,73,590,1219,0,0
MSG-0028,2026-06-22 15:29,English,"Hi Shieldline, My windscreen got smashed on 19 June in GRA Port Harcourt. It's a Hyundai Elantra, plate number EKY 202 BP. What do I do next?",0,Windscreen,2026-06-19,EKY 202 BP,0,0,0,,0,"{""claim_type"":""Theft"",""incident_date"":""2026-06-19"",""vehicle_reg"":""EKY 202 BP"",""injuries"":false,""police_report"":false,""needs_human"":false}","{""claim_type"":""Windscreen"",""incident_date"":""2026-06-19"",""vehicle_reg"":""EKY 202 BP"",""injuries"":false,""police_report"":false,""needs_human"":false}","{""claim_type"":""Windscreen"",""incident_date"":""2026-06-19"",""vehicle_reg"":""EKY 202 BP"",""injuries"":false,""police_report"":false,""needs_human"":false}",459,1189,76,505,2395,0,0
MSG-0029,2026-06-20 07:52,English,Good afternoon. My windscreen cracked on 14/06/2026 in GRA Port Harcourt. It's my Nissan Almera. What do I do next?,4,Windscreen,2026-06-14,,0,0,0,,0,"{""claim_type"":""Windscreen"",""incident_date"":""2026-06-14"",""vehicle_reg"":""ABJ 522 YY"",""injuries"":false,""police_report"":false,""needs_human"":false}","{""claim_type"":""Windscreen"",""incident_date"":""2026-06-14"",""vehicle_reg"":null,""injuries"":false,""police_report"":false,""needs_human"":false}","{""claim_type"":""Windscreen"",""incident_date"":""2026-06-14"",""vehicle_reg"":null,""injuries"":false,""police_report"":false,""needs_human"":false}",452,1182,65,610,1953,0,0
MSG-0030,2026-06-17 07:11,English,"Hello, Thieves took my car on 15/06/2026 in Yaba. It's a Toyota Highlander, plate number LSD 228 ZS. I have reported it to the police. Please help.",0,Theft,2026-06-15,LSD 228 ZS,0,1,0,,1,"{""claim_type"":""Theft"",""incident_date"":""2026-06-17"",""vehicle_reg"":""LSD 228 ZS"",""injuries"":false,""police_report"":true,""needs_human"":true}","{""claim_type"":""Theft"",""incident_date"":""2026-06-15"",""vehicle_reg"":""LSD 228 ZS"",""injuries"":false,""police_report"":true,""needs_human"":true}","{""claim_type"":""Theft"",""incident_date"":""2026-06-15"",""vehicle_reg"":""LSD 228 ZS"",""injuries"":false,""police_report"":true,""needs_human"":true}",461,1191,75,571,1842,0,0
MSG-0031,2026-06-12 13:14,English,"Hello, I was involved in a crash yesterday in Maryland. The car is a Honda Accord, plate number EKY 476 FF. Nobody was hurt. I have reported it to the police. What documents do you need?",2,Accident damage,2026-06-11,EKY 476 FF,0,1,0,,0,"Sure! Here is the JSON:
{""claim_type"":""Accident damage"",""incident_date"":""2026-06-11"",""vehicle_reg"":""EKY 476 FF"",""injuries"":false,""police_report"":true,""needs_human"":false}","{""claim_type"":""Accident damage"",""incident_date"":""2026-06-11"",""vehicle_reg"":""EKY 476 FF"",""injuries"":false,""police_report"":true,""needs_human"":false}","{""claim_type"":""Accident damage"",""incident_date"":""2026-06-11"",""vehicle_reg"":""EKY 476 FF"",""injuries"":false,""police_report"":true,""needs_human"":false}",472,1202,79,548,2138,0,0
MSG-0032,2026-06-17 15:00,English,"Good afternoon. I hit a pole on 11/06/2026 in Bodija. The car is a Hyundai Elantra, plate number SMK 981 XU. Please help.",3,Accident damage,2026-06-11,SMK 981 XU,0,0,0,,0,"{""claim_type"":""Accident damage"",""incident_date"":""2026-06-11"",""vehicle_reg"":""SMK 981 XU"",""injuries"":false,""police_report"":false,""needs_human"":false}","{""claim_type"":""Accident damage"",""incident_date"":""2026-06-11"",""vehicle_reg"":""SMK 981 XU"",""injuries"":false,""police_report"":false,""needs_human"":false}","{""claim_type"":""Accident damage"",""incident_date"":""2026-06-11"",""vehicle_reg"":""SMK 981 XU"",""injuries"":false,""police_report"":false,""needs_human"":false}",454,1184,57,588,1096,0,0
MSG-0033,2026-06-09 14:28,Pidgin,"I jam pole on 3 June for GRA Port Harcourt, motor don scatter. Na Hyundai Elantra, number na FKJ 360 EE. Police don write report. Abeg help me.",0,Accident damage,2026-06-03,FKJ 360 EE,0,1,0,,0,"{""claim_type"":""Accident damage"",""incident_date"":""2026-06-03"",""vehicle_reg"":""FKJ 360 EE"",""injuries"":false,""police_report"":true,""needs_human"":false}","{""claim_type"":""Accident damage"",""incident_date"":""2026-06-03"",""vehicle_reg"":""FKJ 360 EE"",""injuries"":false,""police_report"":true,""needs_human"":false}","{""claim_type"":""Accident damage"",""incident_date"":""2026-06-03"",""vehicle_reg"":""FKJ 360 EE"",""injuries"":false,""police_report"":true,""needs_human"":false}",460,1190,72,950,2088,0,0
MSG-0034,2026-06-03 15:11,English,"Hello, I was involved in a crash on 31/05/2026 in Maryland. It's a Hyundai Elantra, plate number RBC 705 NX. I am very angry, you people collect premium and disappear. Please help.",3,Accident damage,2026-05-31,RBC 705 NX,0,0,1,,1,"{""claim_type"":""Accident damage"",""incident_date"":""2026-05-31"",""vehicle_reg"":""RBC 705 NX"",""injuries"":false,""police_report"":false,""needs_","{""claim_type"":""Accident damage"",""incident_date"":""2026-05-31"",""vehicle_reg"":""RBC 705 NX"",""injuries"":false,""police_report"":true,""needs_human"":false}","{""claim_type"":""Accident damage"",""incident_date"":""2026-05-31"",""vehicle_reg"":""RBC 705 NX"",""injuries"":false,""police_report"":false,""needs_human"":true}",470,1200,78,685,1289,0,0
MSG-0035,2026-06-21 21:58,English,"Good afternoon. I was involved in a crash on 19 June in Garki. The car is a Lexus RX 350, plate number FKJ 967 PR. The police came and wrote a report. What documents do you need?",4,Accident damage,2026-06-19,FKJ 967 PR,0,1,0,,0,"{""claim_type"":""Accident damage"",""incident_date"":""2026-06-19"",""vehicle_reg"":""FKJ 967 PR"",""injuries"":false,""police_report"":true,""needs_human"":false}","{""claim_type"":""Accident damage"",""incident_date"":""2026-06-19"",""vehicle_reg"":""FKJ 967 PR"",""injuries"":false,""police_report"":true,""needs_human"":false}","{""claim_type"":""Accident damage"",""incident_date"":""2026-06-19"",""vehicle_reg"":""FKJ 967 PR"",""injuries"":false,""police_report"":true,""needs_human"":false}",469,1199,77,910,994,0,0
MSG-0036,2026-06-14 20:09,English,"Hi Shieldline, My car skidded into a gutter on 12 June in GRA Port Harcourt. It's my Toyota Highlander. Please help.",4,Accident damage,2026-06-12,,0,0,0,,0,"{""claim_type"":""Accident damage"",""incident_date"":""2026-06-12"",""vehicle_reg"":null,""injuries"":false,""police_report"":false,""needs_human"":false}","{""claim_type"":""Accident damage"",""incident_date"":""2026-06-12"",""vehicle_reg"":""SMK 344 GX"",""injuries"":false,""police_report"":false,""needs_human"":false}","{""claim_type"":""Accident damage"",""incident_date"":""2026-06-12"",""vehicle_reg"":null,""injuries"":false,""police_report"":true,""needs_human"":false}",452,1182,72,493,4030,0,0
MSG-0037,2026-06-05 17:34,English,"Another car ran into me today at Ikeja. It's a Toyota Camry, plate number LSD 565 JT. The repair will cost about ₦2.8m. How do I claim?",0,Third party,2026-06-05,LSD 565 JT,0,0,0,2800000,0,"{""claim_type"":""Third party"",""incident_date"":""2026-06-05"",""vehicle_reg"":""LSD565JT"",""injuries"":false,""police_report"":false,""needs_human"":false}","{""claim_type"":""Third party"",""incident_date"":""2026-06-05"",""vehicle_reg"":""LSD 565 JT"",""injuries"":false,""police_report"":false,""needs_human"":false}","{""claim_type"":""Third party"",""incident_date"":""2026-06-05"",""vehicle_reg"":""LSD 565 JT"",""injuries"":false,""police_report"":false,""needs_human"":false}",458,1188,71,883,2041,0,0
MSG-0038,2026-06-11 19:47,Pidgin,"Good morning o, stone break my windscreen on 05/06/2026 for Garki. Na my Honda Accord. Mechanic talk say e go cost like ₦265k.",2,Windscreen,2026-06-05,,0,0,0,265000,0,"{""claim_type"":""Windscreen"",""incident_date"":""2026-06-05"",""vehicle_reg"":null,""injuries"":false,""police_report"":false,""needs_","{""claim_type"":""Windscreen"",""incident_date"":""2026-06-05"",""vehicle_reg"":null,""injuries"":false,""police_report"":false,""needs_human"":false}","{""claim_type"":""Windscreen"",""incident_date"":""2026-06-05"",""vehicle_reg"":null,""injuries"":false,""police_report"":false,""needs_human"":false}",455,1185,68,669,3082,0,0
MSG-0039,2026-06-25 21:50,English,"Good morning. Thieves took my car on 22 June in Wuse 2. It's a Toyota Camry, plate number AAA 208 MN. I have a police report. This is my second message and nobody has replied. This is unacceptable! Please help.",0,Theft,2026-06-22,AAA 208 MN,0,1,1,,1,"{""claim_type"":""Theft"",""incident_date"":""2026-06-22"",""vehicle_reg"":""AAA208MN"",""injuries"":false,""police_report"":false,""needs_human"":true}","{""claim_type"":""Theft"",""incident_date"":""2026-06-22"",""vehicle_reg"":""AAA 208 MN"",""injuries"":false,""police_report"":true,""needs_human"":true}","{""claim_type"":""Theft"",""incident_date"":""2026-06-22"",""vehicle_reg"":""AAA 208 MN"",""injuries"":false,""police_report"":false,""needs_human"":false}",478,1208,72,590,2052,0,0
MSG-0040,2026-06-26 20:48,English,"Hello, I had an accident on 24/06/2026 in Maryland. It's a Toyota Corolla, plate number GGE 198 ZJ. My passenger was injured and taken to hospital. How do I claim?",3,Accident damage,2026-06-24,GGE 198 ZJ,1,0,0,,1,"{""claim_type"":""Accident damage"",""incident_date"":""2026-06-24"",""vehicle_reg"":""GGE 198 ZJ"",""injuries"":true,""police_report"":true,""needs_human"":false}","{""claim_type"":""Accident damage"",""incident_date"":""2026-06-24"",""vehicle_reg"":""GGE 198 ZJ"",""injuries"":true,""police_report"":false,""needs_human"":false}","{""claim_type"":""Accident damage"",""incident_date"":""2026-06-24"",""vehicle_reg"":""GGE 198 ZJ"",""injuries"":true,""police_report"":false,""needs_human"":true}",465,1195,69,645,1556,0,0
MSG-0041,2026-06-21 18:09,Pidgin,"Good morning o, I jam pole on 16 June for Ajah, motor don scatter. Na Nissan Almera, number na GGE 346 MV. God dey, nobody wound.",0,Accident damage,2026-06-16,GGE 346 MV,0,0,0,,0,"Sure! Here is the JSON:
{""claim_type"":""Accident damage"",""incident_date"":""2026-06-16"",""vehicle_reg"":""GGE346MV"",""injuries"":false,""police_report"":false,""needs_human"":false}","Sure! Here is the JSON:
{""claim_type"":""Accident damage"",""incident_date"":""2026-06-16"",""vehicle_reg"":""GGE 346 MV"",""injuries"":false,""police_report"":false,""needs_human"":false}","{""claim_type"":""Accident damage"",""incident_date"":""2026-06-16"",""vehicle_reg"":""GGE 346 MV"",""injuries"":false,""police_report"":true,""needs_human"":false}",456,1186,73,425,1721,0,0
MSG-0042,2026-06-19 19:13,English,"Good afternoon. I hit a keke and damaged it yesterday at Ajah. It's a Lexus RX 350, plate number SMK 595 UF. Nobody was hurt. I have reported it to the police. The repair will cost about ₦2.6m. How do I claim?",0,Third party,2026-06-18,SMK 595 UF,0,1,0,2630000,0,"{""claim_type"":""Third party"",""incident_date"":""2026-06-18"",""vehicle_reg"":""SMK 595 UF"",""injuries"":false,""police_report"":true,""needs_human"":false}","{""claim_type"":""Third party"",""incident_date"":""2026-06-18"",""vehicle_reg"":""SMK 595 UF"",""injuries"":false,""police_report"":true,""needs_human"":false}","{""claim_type"":""Third party"",""incident_date"":""2026-06-18"",""vehicle_reg"":""SMK 595 UF"",""injuries"":false,""police_report"":true,""needs_human"":false}",478,1208,68,988,1855,0,0
MSG-0043,2026-06-15 12:51,English,"Hi Shieldline, Another car ran into me on 11 June at GRA Port Harcourt. The car is a Toyota Highlander, plate number BDG 335 VS. How do I claim?",0,Third party,2026-06-11,BDG 335 VS,0,0,0,,0,"{""claim_type"":""Third party"",""incident_date"":""2026-06-11"",""vehicle_reg"":""BDG 335 VS"",""injuries"":false,""police_report"":false,""needs_human"":false}","{""claim_type"":""Third party"",""incident_date"":""2026-06-11"",""vehicle_reg"":""BDG 335 VS"",""injuries"":false,""police_report"":false,""needs_human"":false}","{""claim_type"":""Third party"",""incident_date"":""2026-06-11"",""vehicle_reg"":""BDG 335 VS"",""injuries"":false,""police_report"":false,""needs_human"":false}",460,1190,71,746,1989,0,0
MSG-0044,2026-06-16 14:38,English,"Hi Shieldline, My windscreen got smashed on 14/06/2026 in Maryland. The car is a Honda Accord, plate number BDG 717 XW. This is my second message and nobody has replied. This is unacceptable! What do I do next?",3,Windscreen,2026-06-14,BDG 717 XW,0,0,1,,1,"{""claim_type"":""Windscreen"",""incident_date"":""2026-06-14"",""vehicle_reg"":""BDG 717 XW"",""injuries"":false,""police_report"":false,""needs_human"":true}","{""claim_type"":""Third party"",""incident_date"":""2026-06-14"",""vehicle_reg"":""BDG 717 XW"",""injuries"":false,""police_report"":false,""needs_human"":false}","{""claim_type"":""Windscreen"",""incident_date"":""2026-06-14"",""vehicle_reg"":""BDG 717 XW"",""injuries"":false,""police_report"":false,""needs_human"":true}",478,1208,64,856,2707,0,0
MSG-0045,2026-06-27 18:29,Pidgin,"Shieldline abeg, thief carry my motor go on 23/06/2026 for Yaba. Na Hyundai Elantra, number na ABJ 134 UW. Police don write report.",0,Theft,2026-06-23,ABJ 134 UW,0,1,0,,1,"{""claim_type"":""Accident damage"",""incident_date"":""2026-06-23"",""vehicle_reg"":""ABJ 134 UW"",""injuries"":false,""police_report"":true,""needs_human"":true}","{""claim_type"":""Theft"",""incident_date"":""2026-06-23"",""vehicle_reg"":""ABJ 134 UW"",""injuries"":false,""police_report"":true,""needs_human"":false}","{""claim_type"":""Theft"",""incident_date"":""2026-06-23"",""vehicle_reg"":""ABJ 134 UW"",""injuries"":false,""police_report"":true,""needs_human"":true}",456,1186,64,521,1285,0,0
MSG-0046,2026-06-29 20:18,English,"Good morning. A stone cracked my windscreen on 23 June in Lekki. The car is a Nissan Almera, plate number RBC 318 WS. What do I do next?",0,Windscreen,2026-06-23,RBC 318 WS,0,0,0,,0,"{""claim_type"":""Windscreen"",""incident_date"":""2026-06-23"",""vehicle_reg"":""RBC 318 WS"",""injuries"":false,""police_report"":false,""needs_human"":false}","{""claim_type"":""Windscreen"",""incident_date"":""2026-06-23"",""vehicle_reg"":""RBC 318 WS"",""injuries"":false,""police_report"":false,""needs_human"":false}","{""claim_type"":""Windscreen"",""incident_date"":""2026-06-23"",""vehicle_reg"":""RBC 318 WS"",""injuries"":false,""police_report"":false,""needs_human"":false}",458,1188,72,1057,2658,0,0
MSG-0047,2026-06-29 09:09,Pidgin,"I jam pole on 25 June for Surulere, motor don scatter. Na Honda Accord, number na BDG 117 GR. God dey, nobody wound.",2,Accident damage,2026-06-25,BDG 117 GR,0,0,0,,0,"{""claim_type"":""Third party"",""incident_date"":""2026-06-25"",""vehicle_reg"":""BDG 117 GR"",""injuries"":false,""police_report"":false,""needs_human"":false}","{""claim_type"":""Accident damage"",""incident_date"":""2026-06-25"",""vehicle_reg"":""BDG 117 GR"",""injuries"":true,""police_report"":false,""needs_human"":false}","{""claim_type"":""Accident damage"",""incident_date"":""2026-06-25"",""vehicle_reg"":""BDG 117 GR"",""injuries"":false,""police_report"":false,""needs_human"":false}",452,1182,77,674,1627,0,0
MSG-0048,2026-06-09 17:19,English,My windscreen cracked on 06/06/2026 in Ajah. It's my Toyota Highlander. What do I do next?,3,Windscreen,2026-06-06,,0,0,0,,0,"{""claim_type"":""Windscreen"",""incident_date"":""2026-06-06"",""vehicle_reg"":""SMK 530 VY"",""injuries"":false,""police_report"":false,""needs_human"":false}","{""claim_type"":""Windscreen"",""incident_date"":""2026-06-06"",""vehicle_reg"":""SMK 340 SY"",""injuries"":false,""police_report"":false,""needs_human"":false}","{""claim_type"":""Windscreen"",""incident_date"":""2026-06-06"",""vehicle_reg"":null,""injuries"":false,""police_report"":false,""needs_human"":false}",445,1175,67,388,3309,0,0
MSG-0049,2026-06-03 10:08,English,Good morning. My windscreen got smashed on 28 May in Garki. It's my Toyota Corolla. How do I claim?,2,Windscreen,2026-05-28,,0,0,0,,0,"{""claim_type"":""Windscreen"",""incident_date"":""2026-05-28"",""vehicle_reg"":""SMK 299 WV"",""injuries"":true,""police_report"":false,""needs_human"":false}","{""claim_type"":""Windscreen"",""incident_date"":""2026-05-28"",""vehicle_reg"":null,""injuries"":false,""police_report"":false,""needs_human"":false}","{""claim_type"":""Windscreen"",""incident_date"":""2026-05-28"",""vehicle_reg"":null,""injuries"":false,""police_report"":false,""needs_human"":false}",448,1178,60,631,1066,0,0
MSG-0050,2026-06-28 14:00,English,"Hi Shieldline, My windscreen cracked on 26/06/2026 in Bodija. The car is a Lexus RX 350, plate number ABJ 694 MT. The repair will cost about ₦330k. How do I claim?",1,Windscreen,2026-06-26,ABJ 694 MT,0,0,0,330000,0,"{""claim_type"":""Windscreen"",""incident_date"":""2026-06-26"",""vehicle_reg"":""ABJ 694 MT"",""injuries"":false,""police_report"":false,""needs_human"":false}","{""claim_type"":""Windscreen"",""incident_date"":""2026-06-26"",""vehicle_reg"":""ABJ 694 MT"",""injuries"":false,""police_report"":false,""needs_human"":false}","{""claim_type"":""Windscreen"",""incident_date"":""2026-06-26"",""vehicle_reg"":""ABJ 694 MT"",""injuries"":false,""police_report"":false,""needs_human"":true}",465,1195,77,430,2501,0,0
MSG-0051,2026-06-05 09:47,English,"Hi Shieldline, I hit a pole on 31 May in Gwarinpa. It's my Lexus RX 350. If I don't hear back today I will report you to NAICOM. What do I do next?",2,Accident damage,2026-05-31,,0,0,1,,1,"{""claim_type"":""Accident damage"",""incident_date"":""2026-05-31"",""vehicle_reg"":""LSD 184 JF"",""injuries"":false,""police_report"":false,""needs_human"":true}","{""claim_type"":""Accident damage"",""incident_date"":""2026-05-31"",""vehicle_reg"":null,""injuries"":false,""police_report"":false,""needs_human"":false}","{""claim_type"":""Accident damage"",""incident_date"":""2026-05-31"",""vehicle_reg"":null,""injuries"":false,""police_report"":false,""needs_human"":true}",461,1191,74,738,1932,1,0
MSG-0052,2026-06-14 16:57,English,"Good afternoon. My car skidded into a gutter on 08/06/2026 in Yaba. The car is a Lexus RX 350, plate number EKY 125 YM. Thank God no one was injured. I have a police report. This is my second message and nobody has replied. This is unacceptable! How do I claim?",2,Accident damage,2026-06-08,EKY 125 YM,0,1,1,,1,"{""claim_type"":""Accident damage"",""incident_date"":""2026-06-08"",""vehicle_reg"":""EKY 125 YM"",""injuries"":false,""police_report"":true,""needs_human"":true}","{""claim_type"":""Accident damage"",""incident_date"":""2026-06-08"",""vehicle_reg"":""EKY 125 YM"",""injuries"":false,""police_report"":true,""needs_human"":true}","{""claim_type"":""Accident damage"",""incident_date"":""2026-06-08"",""vehicle_reg"":""EKY 125 YM"",""injuries"":false,""police_report"":true,""needs_human"":false}",493,1223,61,644,2251,1,0
MSG-0053,2026-06-14 21:23,English,"Good morning. A stone cracked my windscreen on 12 June in Garki. It's a Lexus RX 350, plate number EKY 131 YB. What do I do next?",1,Windscreen,2026-06-12,EKY 131 YB,0,0,0,,0,"{""claim_type"":""Windscreen"",""incident_date"":""2026-06-12"",""vehicle_reg"":""EKY 131 YB"",""injuries"":false,""police_report"":false,""needs_human"":false}","Sure! Here is the JSON:
{""claim_type"":""Windscreen"",""incident_date"":""2026-06-12"",""vehicle_reg"":""EKY 131 YB"",""injuries"":false,""police_report"":false,""needs_human"":false}","{""claim_type"":""Windscreen"",""incident_date"":""2026-06-12"",""vehicle_reg"":""EKY 131 YB"",""injuries"":false,""police_report"":false,""needs_human"":false}",456,1186,65,490,2330,0,1
MSG-0054,2026-06-10 15:20,English,"Hello, I was involved in a crash on 7 June in Bodija. The car is a Toyota Highlander, plate number KJA 404 XB. Nobody was hurt.",2,Accident damage,2026-06-07,KJA 404 XB,0,0,0,,0,"{""claim_type"":""Windscreen"",""incident_date"":""2026-06-07"",""vehicle_reg"":""KJA 404 XB"",""injuries"":false,""police_report"":false,""needs_human"":false}","{""claim_type"":""Accident damage"",""incident_date"":""2026-06-07"",""vehicle_reg"":""KJA 404 XB"",""injuries"":false,""police_report"":true,""needs_","{""claim_type"":""Accident damage"",""incident_date"":""2026-06-07"",""vehicle_reg"":""KJA 404 XB"",""injuries"":false,""police_report"":false,""needs_human"":false}",455,1185,79,529,2165,0,0
MSG-0055,2026-06-30 11:26,Pidgin,"Shieldline abeg, thief carry my motor go this morning for Maryland. Na Hyundai Elantra, number na FKJ 902 MW. I don report for police.",0,Theft,2026-06-30,FKJ 902 MW,0,1,0,,1,"{""claim_type"":""Theft"",""incident_date"":""2026-06-30"",""vehicle_reg"":""FKJ 902 MW"",""injuries"":false,""police_report"":true,""needs_human"":true}","{""claim_type"":""Theft"",""incident_date"":""2026-06-30"",""vehicle_reg"":""FKJ 902 MW"",""injuries"":false,""police_report"":true,""needs_human"":false}","{""claim_type"":""Theft"",""incident_date"":""2026-07-01"",""vehicle_reg"":""FKJ 902 MW"",""injuries"":false,""police_report"":true,""needs_human"":true}",457,1187,68,634,2027,0,0
MSG-0056,2026-06-17 12:22,Pidgin,"Abeg, I jam pole on 12 June for Garki, motor don scatter. Na Kia Rio, number na BDG 938 TJ. The other driver wound well well, e dey hospital. I don report for police. Abeg help me.",4,Accident damage,2026-06-12,BDG 938 TJ,1,1,0,,1,"{""claim_type"":""Accident damage"",""incident_date"":""2026-06-12"",""vehicle_reg"":""BDG938TJ"",""injuries"":false,""police_report"":true,""needs_human"":true}","{""claim_type"":""Accident damage"",""incident_date"":""2026-06-12"",""vehicle_reg"":""BDG 938 TJ"",""injuries"":false,""police_report"":true,""needs_human"":true}","{""claim_type"":""Accident damage"",""incident_date"":""2026-06-12"",""vehicle_reg"":""BDG 938 TJ"",""injuries"":true,""police_report"":true,""needs_human"":true}",470,1200,57,910,1475,0,0
MSG-0057,2026-06-21 09:50,English,"Good afternoon. A truck reversed into my car last night at Yaba. It's a Toyota Corolla, plate number EKY 541 XM. Nobody was hurt. I have a police report. I am very angry, you people collect premium and disappear. What documents do you need?",2,Third party,2026-06-20,EKY 541 XM,0,1,1,,1,"{""claim_type"":""Third party"",""incident_date"":""2026-06-20"",""vehicle_reg"":""EKY 541 XM"",""injuries"":false,""police_report"":true,""needs_human"":false}","{""claim_type"":""Third party"",""incident_date"":""2026-06-20"",""vehicle_reg"":""EKY 541 XM"",""injuries"":false,""police_report"":true,""needs_human"":true}","{""claim_type"":""Third party"",""incident_date"":""2026-06-20"",""vehicle_reg"":""EKY 541 XM"",""injuries"":false,""police_report"":true,""needs_human"":true}",487,1217,64,385,2303,0,0
MSG-0058,2026-06-16 10:02,English,"Hello, My windscreen cracked on 14/06/2026 in Ajah. The car is a Honda Accord, plate number EKY 223 JG. What do I do next?",3,Windscreen,2026-06-14,EKY 223 JG,0,0,0,,0,"{""claim_type"":""Windscreen"",""incident_date"":""2026-06-14"",""vehicle_reg"":""EKY 223 JG"",""injuries"":false,""police_report"":false,""needs_human"":false}","{""claim_type"":""Windscreen"",""incident_date"":""2026-06-14"",""vehicle_reg"":""EKY 223 JG"",""injuries"":false,""police_report"":false,""needs_human"":false}","{""claim_type"":""Windscreen"",""incident_date"":""2026-06-14"",""vehicle_reg"":""EKY 223 JG"",""injuries"":false,""police_report"":false,""needs_human"":false}",454,1184,71,932,1506,0,0
MSG-0059,2026-06-03 15:37,English,"Good afternoon. A stone cracked my windscreen on 31/05/2026 in Surulere. The car is a Honda Accord, plate number APP 395 MK. The repair will cost about ₦325k. What do I do next?",3,Windscreen,2026-05-31,APP 395 MK,0,0,0,325000,0,"{""claim_type"":""Windscreen"",""incident_date"":""2026-05-31"",""vehicle_reg"":""APP 395 MK"",""injuries"":false,""police_report"":false,""needs_human"":false}","{""claim_type"":""Windscreen"",""incident_date"":""2026-05-31"",""vehicle_reg"":""APP 395 MK"",""injuries"":false,""police_report"":false,""needs_human"":false}","{""claim_type"":""Windscreen"",""incident_date"":""2026-05-31"",""vehicle_reg"":""APP 395 MK"",""injuries"":false,""police_report"":false,""needs_human"":false}",469,1199,62,726,2404,0,0
MSG-0060,2026-06-01 13:53,English,Good morning. My windscreen got smashed on 30 May in Bodija. It's my Lexus RX 350. The repair will cost about ₦235k. How do I claim?,2,Windscreen,2026-05-30,,0,0,0,235000,0,"{""claim_type"":""Windscreen"",""incident_date"":""2026-05-30"",""vehicle_reg"":null,""injuries"":false,""police_report"":false,""needs_human"":false}","{""claim_type"":""Third party"",""incident_date"":""2026-05-30"",""vehicle_reg"":null,""injuries"":false,""police_report"":false,""needs_human"":false}","{""claim_type"":""Windscreen"",""incident_date"":""2026-05-30"",""vehicle_reg"":null,""injuries"":true,""police_report"":false,""needs_human"":false}",457,1187,55,458,2684,0,0
MSG-0061,2026-06-02 11:32,English,"A stone cracked my windscreen on 1 June in Wuse 2. It's a Toyota Corolla, plate number SMK 880 PN. Please help.",2,Windscreen,2026-06-01,SMK 880 PN,0,0,0,,0,"{""claim_type"":""Windscreen"",""incident_date"":""2026-06-01"",""vehicle_reg"":""SMK 880 PN"",""injuries"":false,""police_report"":false,""needs_human"":false}","{""claim_type"":""Windscreen"",""incident_date"":""2026-06-01"",""vehicle_reg"":""SMK 880 PN"",""injuries"":false,""police_report"":false,""needs_human"":false}","{""claim_type"":""Windscreen"",""incident_date"":""2026-06-01"",""vehicle_reg"":""SMK 880 PN"",""injuries"":false,""police_report"":false,""needs_human"":false}",451,1181,60,537,1452,0,0
MSG-0062,2026-06-20 10:00,Pidgin,"Abeg, I jam pole on 17/06/2026 for Ajah, motor don scatter. Na Toyota Camry, number na GGE 293 PT. I don report for police. Wetin I go do?",1,Accident damage,2026-06-17,GGE 293 PT,0,1,0,,0,"{""claim_type"":""Accident damage"",""incident_date"":""2026-06-17"",""vehicle_reg"":""GGE 293 PT"",""injuries"":false,""police_report"":true,""needs_human"":false}","{""claim_type"":""Accident damage"",""incident_date"":""2026-06-17"",""vehicle_reg"":""GGE 293 PT"",""injuries"":false,""police_report"":true,""needs_h","{""claim_type"":""Accident damage"",""incident_date"":""2026-06-17"",""vehicle_reg"":""GGE 293 PT"",""injuries"":false,""police_report"":true,""needs_human"":false}",458,1188,69,506,1424,1,0
MSG-0063,2026-06-02 08:05,English,"I hit a keke and damaged it on 27 May at GRA Port Harcourt. It's a Toyota Camry, plate number KJA 370 JP. The repair will cost about ₦2.6m.",0,Third party,2026-05-27,KJA 370 JP,0,0,0,2590000,0,"{""claim_type"":""Third party"",""incident_date"":""2026-05-27"",""vehicle_reg"":""KJA 370 JP"",""injuries"":false,""police_report"":false,""needs_human"":false}","{""claim_type"":""Third party"",""incident_date"":""2026-05-27"",""vehicle_reg"":""KJA 370 JP"",""injuries"":false,""police_report"":false,""needs_human"":false}","{""claim_type"":""Third party"",""incident_date"":""2026-05-27"",""vehicle_reg"":""KJA 370 JP"",""injuries"":false,""police_report"":false,""needs_human"":false}",459,1189,63,583,1257,0,0
MSG-0064,2026-06-03 09:45,English,"Good afternoon. My windscreen cracked on 30 May in Wuse 2. It's a Honda Accord, plate number BDG 744 NW. The repair will cost about ₦340k. Please help.",0,Windscreen,2026-05-30,BDG 744 NW,0,0,0,340000,0,"{""claim_type"":""Windscreen"",""incident_date"":""2026-05-30"",""vehicle_reg"":""BDG 744 NW"",""injuries"":false,""police_report"":false,""needs_human"":false}","{""claim_type"":""Windscreen"",""incident_date"":""2026-05-30"",""vehicle_reg"":""BDG 744 NW"",""injuries"":false,""police_report"":false,""needs_human"":false}","{""claim_type"":""Windscreen"",""incident_date"":""2026-05-30"",""vehicle_reg"":""BDG 744 NW"",""injuries"":false,""police_report"":true,""needs_human"":false}",462,1192,78,1204,1516,0,0
MSG-0065,2026-06-06 16:42,English,"Hi Shieldline, My windscreen cracked on 3 June in Festac. The car is a Honda Accord, plate number FKJ 586 PA. The repair will cost about ₦220k. What documents do you need?",4,Windscreen,2026-06-03,FKJ 586 PA,0,0,0,220000,0,"{""claim_type"":""Windscreen"",""incident_date"":""2026-06-03"",""vehicle_reg"":""FKJ 586 PA"",""injuries"":false,""police_report"":false,""needs_h","{""claim_type"":""Windscreen"",""incident_date"":""2026-06-03"",""vehicle_reg"":""FKJ 586 PA"",""injuries"":false,""police_report"":false,""needs_human"":false}","{""claim_type"":""Windscreen"",""incident_date"":""2026-06-03"",""vehicle_reg"":""FKJ 586 PA"",""injuries"":false,""police_report"":false,""needs_human"":false}",468,1198,73,499,798,0,0
MSG-0066,2026-06-05 13:50,English,"My windscreen cracked on 30/05/2026 in Wuse 2. The car is a Kia Rio, plate number FKJ 269 JR.",0,Windscreen,2026-05-30,FKJ 269 JR,0,0,0,,0,"{""claim_type"":""Windscreen"",""incident_date"":""2026-05-30"",""vehicle_reg"":""FKJ269JR"",""injuries"":false,""police_report"":false,""needs_human"":false}","{""claim_type"":""Windscreen"",""incident_date"":""2026-05-30"",""vehicle_reg"":""FKJ 269 JR"",""injuries"":false,""police_report"":false,""needs_human"":false}","{""claim_type"":""Windscreen"",""incident_date"":""2026-05-30"",""vehicle_reg"":""FKJ 269 JR"",""injuries"":false,""police_report"":true,""needs_human"":false}",446,1176,59,381,2200,0,0
MSG-0067,2026-06-01 16:08,English,"Hello, A danfo bus hit my car this morning at Festac. It's my Toyota Corolla. I hurt my arm and went to the hospital. What do I do next?",1,Third party,2026-06-01,,1,0,0,,1,"{""claim_type"":""Third party"",""incident_date"":""2026-06-01"",""vehicle_reg"":null,""injuries"":true,""police_report"":false,""needs_human"":true}","{""claim_type"":""Third party"",""incident_date"":""2026-06-01"",""vehicle_reg"":null,""injuries"":true,""police_report"":false,""needs_human"":true}","{""claim_type"":""Third party"",""incident_date"":""2026-06-01"",""vehicle_reg"":null,""injuries"":true,""police_report"":false,""needs_human"":false}",458,1188,74,837,2605,0,0
MSG-0068,2026-06-28 09:37,English,Good afternoon. My car skidded into a gutter on 25/06/2026 in Garki. It's my Toyota Corolla. Please help.,0,Accident damage,2026-06-25,,0,0,0,,0,"{""claim_type"":""Third party"",""incident_date"":""2026-06-25"",""vehicle_reg"":""RBC 416 YU"",""injuries"":false,""police_report"":false,""needs_human"":false}","{""claim_type"":""Accident damage"",""incident_date"":""2026-06-25"",""vehicle_reg"":null,""injuries"":false,""police_report"":false,""needs_human"":false}","{""claim_type"":""Accident damage"",""incident_date"":""2026-06-25"",""vehicle_reg"":null,""injuries"":false,""police_report"":true,""needs_human"":false}",449,1179,80,1021,1346,0,0
MSG-0069,2026-06-19 13:42,Pidgin,"Good morning o, stone break my windscreen yesterday for GRA Port Harcourt. Na Honda Accord, number na FKJ 178 UZ. Wetin I go do?",3,Windscreen,2026-06-18,FKJ 178 UZ,0,0,0,,0,"Sure! Here is the JSON:
{""claim_type"":""Windscreen"",""incident_date"":""2026-06-18"",""vehicle_reg"":""FKJ 178 UZ"",""injuries"":false,""police_report"":false,""needs_human"":false}","{""claim_type"":""Windscreen"",""incident_date"":""2026-06-18"",""vehicle_reg"":""FKJ 178 UZ"",""injuries"":false,""police_report"":true,""needs_human"":false}","{""claim_type"":""Windscreen"",""incident_date"":""2026-06-18"",""vehicle_reg"":""FKJ 178 UZ"",""injuries"":false,""police_report"":false,""needs_human"":false}",456,1186,76,475,1100,0,0
MSG-0070,2026-06-07 09:01,English,"Hi Shieldline, I hit a keke and damaged it on 2 June at Lekki. It's my Lexus RX 350. Thank God no one was injured. The police came and wrote a report. The repair will cost about ₦1.5m. If I don't hear back today I will report you to NAICOM. Please help.",3,Third party,2026-06-02,,0,1,1,1500000,1,"{""claim_type"":""Third party"",""incident_date"":""2026-06-02"",""vehicle_reg"":null,""injuries"":false,""police_report"":true,""needs_human"":true}","{""claim_type"":""Third party"",""incident_date"":""2026-06-02"",""vehicle_reg"":null,""injuries"":false,""police_report"":true,""needs_human"":true}","{""claim_type"":""Third party"",""incident_date"":""2026-06-02"",""vehicle_reg"":""KJA 703 DZ"",""injuries"":false,""police_report"":true,""needs_human"":true}",490,1220,59,661,1860,0,0
MSG-0071,2026-06-16 12:22,English,"Good afternoon. I hit a pole on 13/06/2026 in Bodija. The car is a Toyota Highlander, plate number SMK 848 LA. Nobody was hurt. What documents do you need?",2,Accident damage,2026-06-13,SMK 848 LA,0,0,0,,0,"{""claim_type"":""Accident damage"",""incident_date"":""2026-06-13"",""vehicle_reg"":""SMK848LA"",""injuries"":false,""police_report"":false,""needs_human"":false}","{""claim_type"":""Accident damage"",""incident_date"":""2026-06-13"",""vehicle_reg"":""SMK 848 LA"",""injuries"":false,""police_report"":false,""needs_human"":false}","{""claim_type"":""Accident damage"",""incident_date"":""2026-06-13"",""vehicle_reg"":""SMK 848 LA"",""injuries"":false,""police_report"":false,""needs_human"":true}",463,1193,77,534,1741,0,0
MSG-0072,2026-06-06 14:52,English,Good morning. I hit a pole on 31 May in Wuse 2. It's my Hyundai Elantra. The repair will cost about ₦2.2m.,3,Accident damage,2026-05-31,,0,0,0,2160000,0,"{""claim_type"":""Accident damage"",""incident_date"":""2026-05-31"",""vehicle_reg"":null,""injuries"":false,""police_report"":false,""needs_human"":false}","{""claim_type"":""Accident damage"",""incident_date"":""2026-05-31"",""vehicle_reg"":null,""injuries"":false,""police_report"":false,""needs_human"":false}","{""claim_type"":""Accident damage"",""incident_date"":""2026-05-31"",""vehicle_reg"":null,""injuries"":false,""police_report"":false,""needs_human"":false}",449,1179,72,925,2293,0,0
MSG-0073,2026-06-15 15:03,English,"Hi Shieldline, My windscreen got smashed last night in Maryland. The car is a Kia Rio, plate number SMK 609 ZV. The repair will cost about ₦345k. This is my second message and nobody has replied. This is unacceptable!",1,Windscreen,2026-06-14,SMK 609 ZV,0,0,1,345000,1,"{""claim_type"":""Windscreen"",""incident_date"":""2026-06-14"",""vehicle_reg"":""SMK 609 ZV"",""injuries"":false,""police_report"":true,""needs_human"":false}","{""claim_type"":""Windscreen"",""incident_date"":""2026-06-14"",""vehicle_reg"":""SMK 609 ZV"",""injuries"":false,""police_report"":false,""needs_human"":true}","{""claim_type"":""Windscreen"",""incident_date"":""2026-06-14"",""vehicle_reg"":""SMK 609 ZV"",""injuries"":false,""police_report"":false,""needs_human"":true}",480,1210,67,599,5096,0,0
MSG-0074,2026-06-20 21:37,English,"Good afternoon. I was involved in a crash on 15 June in GRA Port Harcourt. The car is a Nissan Almera, plate number BDG 716 SD. The police came and wrote a report. The repair will cost about ₦2.2m. Please help.",1,Accident damage,2026-06-15,BDG 716 SD,0,1,0,2160000,0,"{""claim_type"":""Accident damage"",""incident_date"":""2026-06-15"",""vehicle_reg"":""BDG 716 SD"",""injuries"":false,""police_report"":true,""needs_human"":false}","{""claim_type"":""Windscreen"",""incident_date"":""2026-06-15"",""vehicle_reg"":""BDG 716 SD"",""injuries"":false,""police_report"":true,""needs_human"":false}","{""claim_type"":""Accident damage"",""incident_date"":""2026-06-15"",""vehicle_reg"":""BDG 716 SD"",""injuries"":false,""police_report"":true,""needs_human"":true}",478,1208,55,580,2599,0,0
MSG-0075,2026-06-10 18:21,English,"Hello, I had an accident on 10/06/2026 in Gwarinpa. It's a Honda Accord, plate number SMK 170 LS. Thank God no one was injured. What documents do you need?",2,Accident damage,2026-06-10,SMK 170 LS,0,0,0,,0,"{""claim_type"":""Accident damage"",""incident_date"":""2026-06-10"",""vehicle_reg"":""SMK 170 LS"",""injuries"":false,""police_report"":false,""needs_human"":false}","{""claim_type"":""Theft"",""incident_date"":""2026-06-10"",""vehicle_reg"":""SMK 170 LS"",""injuries"":false,""police_report"":false,""needs_human"":false}","{""claim_type"":""Accident damage"",""incident_date"":""2026-06-10"",""vehicle_reg"":""SMK 170 LS"",""injuries"":false,""police_report"":false,""needs_human"":false}",463,1193,68,589,2166,0,0
MSG-0076,2026-06-21 07:29,English,"Hello, My windscreen got smashed on 15/06/2026 in Festac. The car is a Honda Accord, plate number FKJ 798 YR. How do I claim?",2,Windscreen,2026-06-15,FKJ 798 YR,0,0,0,,0,"{""claim_type"":""Windscreen"",""incident_date"":""2026-06-15"",""vehicle_reg"":""FKJ 798 YR"",""injuries"":false,""police_report"":false,""needs_human"":false}","{""claim_type"":""Windscreen"",""incident_date"":""2026-06-15"",""vehicle_reg"":""FKJ 798 YR"",""injuries"":false,""police_report"":false,""needs_human"":false}","{""claim_type"":""Windscreen"",""incident_date"":""2026-06-15"",""vehicle_reg"":""FKJ 798 YR"",""injuries"":false,""police_report"":false,""needs_human"":false}",455,1185,68,699,2629,0,0
MSG-0077,2026-06-27 20:33,Pidgin,"Abeg, stone break my windscreen on 21 June for Lekki. Na Kia Rio, number na ABJ 553 AL. Wetin I go do?",0,Windscreen,2026-06-21,ABJ 553 AL,0,0,0,,0,"{""claim_type"":""Windscreen"",""incident_date"":""2026-06-21"",""vehicle_reg"":""ABJ 553 AL"",""injuries"":false,""police_report"":false,""needs_human"":false}","{""claim_type"":""Windscreen"",""incident_date"":""2026-06-21"",""vehicle_reg"":""ABJ 553 AL"",""injuries"":false,""police_report"":false,""needs_human"":false}","{""claim_type"":""Windscreen"",""incident_date"":""2026-06-21"",""vehicle_reg"":""ABJ 553 AL"",""injuries"":false,""police_report"":false,""needs_human"":false}",448,1178,71,926,1642,0,0
MSG-0078,2026-06-21 08:50,English,"Hello, I hit a pole on 19 June in Ajah. It's a Toyota Highlander, plate number ABJ 345 TA. Thank God no one was injured. If I don't hear back today I will report you to NAICOM. What do I do next?",3,Accident damage,2026-06-19,ABJ 345 TA,0,0,1,,1,"{""claim_type"":""Accident damage"",""incident_date"":""2026-06-19"",""vehicle_reg"":""ABJ345TA"",""injuries"":false,""police_report"":false,""needs_human"":true}","{""claim_type"":""Accident damage"",""incident_date"":""2026-06-19"",""vehicle_reg"":""ABJ 345 TA"",""injuries"":false,""police_report"":false,""needs_human"":true}","{""claim_type"":""Accident damage"",""incident_date"":""2026-06-19"",""vehicle_reg"":""ABJ 345 TA"",""injuries"":false,""police_report"":false,""needs_human"":true}",474,1204,68,378,1872,1,0
MSG-0079,2026-06-30 20:49,Pidgin,"Abeg, I jam pole yesterday for Bodija, motor don scatter. Na my Lexus RX 350.",3,Accident damage,2026-06-29,,0,0,0,,0,"{'claim_type':'Accident damage','incident_date':'2026-06-28','vehicle_reg':'LSD 900 LE','injuries':false,'police_report':false,'needs_human':false}","{""claim_type"":""Accident damage"",""incident_date"":""2026-06-29"",""vehicle_reg"":null,""injuries"":false,""police_report"":false,""needs_human"":false}","{""claim_type"":""Accident damage"",""incident_date"":""2026-06-29"",""vehicle_reg"":null,""injuries"":false,""police_report"":false,""needs_human"":false}",441,1171,73,523,1053,0,0
MSG-0080,2026-06-07 08:45,English,"Hello, My car was snatched at gunpoint on 1 June in Surulere. The car is a Lexus RX 350, plate number BDG 148 JC. I have reported it to the police. The car is worth about ₦9.9m. This is my second message and nobody has replied. This is unacceptable! How do I claim?",0,Theft,2026-06-01,BDG 148 JC,0,1,1,9950000,1,"{""claim_type"":""Windscreen"",""incident_date"":""2026-06-01"",""vehicle_reg"":""BDG 148 JC"",""injuries"":false,""police_report"":true,""needs_h","{""claim_type"":""Theft"",""incident_date"":""2026-06-01"",""vehicle_reg"":""BDG 148 JC"",""injuries"":false,""police_report"":true,""needs_human"":true}","{""claim_type"":""Theft"",""incident_date"":""2026-06-01"",""vehicle_reg"":""BDG 148 JC"",""injuries"":false,""police_report"":true,""needs_human"":true}",494,1224,77,893,2701,0,0
MSG-0081,2026-06-05 10:25,English,"Hello, I had an accident on 31 May in Garki. It's my Toyota Corolla. Please help.",2,Accident damage,2026-05-31,,0,0,0,,0,"{""claim_type"":""Accident damage"",""incident_date"":""2026-05-31"",""vehicle_reg"":null,""injuries"":true,""police_report"":false,""needs_human"":false}","{""claim_type"":""Windscreen"",""incident_date"":""2026-05-31"",""vehicle_reg"":null,""injuries"":false,""police_report"":false,""needs_human"":false}","{""claim_type"":""Accident damage"",""incident_date"":""2026-05-31"",""vehicle_reg"":null,""injuries"":false,""police_report"":false,""needs_human"":false}",443,1173,70,513,2435,0,0
MSG-0082,2026-06-15 21:06,English,"Hello, My car skidded into a gutter on 10/06/2026 in Ikeja. The car is a Toyota Camry, plate number APP 542 TL. Nobody was hurt. I have reported it to the police. The repair will cost about ₦1.5m.",0,Accident damage,2026-06-10,APP 542 TL,0,1,0,1460000,0,"{""claim_type"":""Accident damage"",""incident_date"":""2026-06-10"",""vehicle_reg"":""APP 542 TL"",""injuries"":false,""police_report"":true,""needs_human"":false}","{""claim_type"":""Accident damage"",""incident_date"":""2026-06-10"",""vehicle_reg"":""APP 542 TL"",""injuries"":true,""police_report"":true,""needs_human"":false}","{""claim_type"":""Accident damage"",""incident_date"":""2026-06-10"",""vehicle_reg"":""APP 542 TL"",""injuries"":false,""police_report"":true,""needs_human"":false}",474,1204,66,769,2110,0,0
MSG-0083,2026-06-30 14:08,English,"Hello, A stone cracked my windscreen this morning in GRA Port Harcourt. It's a Honda Accord, plate number ABJ 593 RZ. How do I claim?",0,Windscreen,2026-06-30,ABJ 593 RZ,0,0,0,,0,"{""claim_type"":""Windscreen"",""incident_date"":""2026-06-30"",""vehicle_reg"":""ABJ 593 RZ"",""injuries"":false,""police_report"":false,""needs_human"":false}","{""claim_type"":""Windscreen"",""incident_date"":""2026-06-29"",""vehicle_reg"":""ABJ 593 RZ"",""injuries"":false,""police_report"":false,""needs_human"":false}","{""claim_type"":""Third party"",""incident_date"":""2026-06-30"",""vehicle_reg"":""ABJ 593 RZ"",""injuries"":false,""police_report"":false,""needs_human"":false}",457,1187,80,832,3387,0,0
MSG-0084,2026-06-14 19:51,Pidgin,"Abeg, I jam pole this morning for Ajah, motor don scatter. Na Toyota Highlander, number na FKJ 685 SJ. Nobody wound. Abeg help me.",3,Accident damage,2026-06-14,FKJ 685 SJ,0,0,0,,0,"{""claim_type"":""Accident damage"",""incident_date"":""2026-06-14"",""vehicle_reg"":""FKJ 685 SJ"",""injuries"":false,""police_report"":false,""needs_human"":false}","{""claim_type"":""Accident damage"",""incident_date"":""2026-06-14"",""vehicle_reg"":""FKJ 685 SJ"",""injuries"":false,""police_report"":false,""needs_human"":false}","{""claim_type"":""Accident damage"",""incident_date"":""2026-06-14"",""vehicle_reg"":""FKJ 685 SJ"",""injuries"":false,""police_report"":false,""needs_human"":false}",456,1186,61,479,1402,0,0
MSG-0085,2026-06-10 11:36,Pidgin,"Good morning o, trailer jam my motor yesterday for Bodija. Na Toyota Highlander, number na GGE 101 YG. God dey, nobody wound. I don report for police. Wetin I go do?",3,Third party,2026-06-09,GGE 101 YG,0,1,0,,0,"{""claim_type"":""Third party"",""incident_date"":""2026-06-09"",""vehicle_reg"":""GGE 101 YG"",""injuries"":false,""police_report"":true,""needs_human"":true}","{""claim_type"":""Windscreen"",""incident_date"":""2026-06-09"",""vehicle_reg"":""GGE101YG"",""injuries"":false,""police_report"":true,""needs_human"":false}","{""claim_type"":""Third party"",""incident_date"":""2026-06-09"",""vehicle_reg"":""GGE 101 YG"",""injuries"":false,""police_report"":true,""needs_human"":true}",466,1196,75,598,1718,0,0
MSG-0086,2026-06-26 09:05,English,"A stone cracked my windscreen on 21/06/2026 in Surulere. The car is a Nissan Almera, plate number LSD 133 VP. How do I claim?",1,Windscreen,2026-06-21,LSD 133 VP,0,0,0,,0,"{""claim_type"":""Windscreen"",""incident_date"":""2026-06-21"",""vehicle_reg"":""LSD 133 VP"",""injuries"":false,""police_report"":false,""needs_human"":false}","{""claim_type"":""Windscreen"",""incident_date"":""2026-06-21"",""vehicle_reg"":""LSD 133 VP"",""injuries"":false,""police_report"":false,""needs_human"":false}","{""claim_type"":""Windscreen"",""incident_date"":""2026-06-21"",""vehicle_reg"":""LSD 133 VP"",""injuries"":false,""police_report"":false,""needs_human"":false}",455,1185,76,401,2893,0,0
MSG-0087,2026-06-20 08:44,English,"Good afternoon. My car was snatched at gunpoint on 16/06/2026 in Surulere. The car is a Hyundai Elantra, plate number SMK 205 JV. I have a police report. The car is worth about ₦10m. This is my second message and nobody has replied. This is unacceptable! Please help.",0,Theft,2026-06-16,SMK 205 JV,0,1,1,10000000,1,"{""claim_type"":""Theft"",""incident_date"":""2026-06-16"",""vehicle_reg"":""SMK 205 JV"",""injuries"":false,""police_report"":true,""needs_human"":true}","{""claim_type"":""Theft"",""incident_date"":""2026-06-16"",""vehicle_reg"":""SMK 205 JV"",""injuries"":false,""police_report"":true,""needs_human"":false}","{""claim_type"":""Theft"",""incident_date"":""2026-06-16"",""vehicle_reg"":""SMK 205 JV"",""injuries"":false,""police_report"":true,""needs_human"":true}",494,1224,79,771,2600,1,0
MSG-0088,2026-06-14 18:36,English,"Hi Shieldline, I had an accident on 12/06/2026 in Ikeja. The car is a Toyota Corolla, plate number RBC 637 RJ. Nobody was hurt. I have reported it to the police. Please help.",0,Accident damage,2026-06-12,RBC 637 RJ,0,1,0,,0,"{""claim_type"":""Accident damage"",""incident_date"":""2026-06-12"",""vehicle_reg"":""RBC637RJ"",""injuries"":false,""police_report"":true,""needs_human"":false}","{""claim_type"":""Accident damage"",""incident_date"":""2026-06-12"",""vehicle_reg"":""RBC 637 RJ"",""injuries"":true,""police_report"":true,""needs_human"":false}","{""claim_type"":""Accident damage"",""incident_date"":""2026-06-12"",""vehicle_reg"":""RBC 637 RJ"",""injuries"":false,""police_report"":true,""needs_human"":false}",468,1198,79,740,1327,0,0
MSG-0089,2026-06-16 09:48,Pidgin,"Shieldline abeg, I jam pole on 12 June for Wuse 2, motor don scatter. Na Toyota Highlander, number na APP 932 ZN. Abeg help me.",0,Accident damage,2026-06-12,APP 932 ZN,0,0,0,,0,"{""claim_type"":""Windscreen"",""incident_date"":""2026-06-12"",""vehicle_reg"":""APP 932 ZN"",""injuries"":false,""police_report"":false,""needs_human"":false}","{""claim_type"":""Accident damage"",""incident_date"":""2026-06-12"",""vehicle_reg"":""APP932ZN"",""injuries"":false,""police_report"":false,""needs_human"":false}","{""claim_type"":""Accident damage"",""incident_date"":""2026-06-12"",""vehicle_reg"":""APP 932 ZN"",""injuries"":false,""police_report"":false,""needs_human"":false}",455,1185,59,684,2245,0,0
MSG-0090,2026-06-24 12:26,English,"Hello, Thieves took my car today in Ikeja. The car is a Lexus RX 350, plate number EKY 549 HP. The police came and wrote a report. How do I claim?",0,Theft,2026-06-24,EKY 549 HP,0,1,0,,1,"{""claim_type"":""Theft"",""incident_date"":""2026-06-24"",""vehicle_reg"":""EKY 549 HP"",""injuries"":false,""police_report"":false,""needs_human"":true}","{""claim_type"":""Theft"",""incident_date"":""2026-06-24"",""vehicle_reg"":""EKY 549 HP"",""injuries"":false,""police_report"":true,""needs_human"":true}","{""claim_type"":""Theft"",""incident_date"":""2026-06-24"",""vehicle_reg"":""EKY 549 HP"",""injuries"":false,""police_report"":true,""needs_human"":true}",461,1191,72,997,1714,0,0
MSG-0091,2026-06-02 07:22,English,"Hello, My windscreen cracked on 29 May in Bodija. The car is a Honda Accord, plate number ABJ 998 HW. The repair will cost about ₦375k. Please help.",2,Windscreen,2026-05-29,ABJ 998 HW,0,0,0,375000,0,"{""claim_type"":""Windscreen"",""incident_date"":""2026-05-29"",""vehicle_reg"":""ABJ 998 HW"",""injuries"":false,""police_report"":false,""needs_human"":false}","{""claim_type"":""Windscreen"",""incident_date"":""2026-05-29"",""vehicle_reg"":""ABJ 998 HW"",""injuries"":false,""police_report"":false,""needs_human"":false}","{""claim_type"":""Theft"",""incident_date"":""2026-05-29"",""vehicle_reg"":""ABJ 998 HW"",""injuries"":false,""police_report"":false,""needs_human"":false}",461,1191,61,637,1874,0,0
MSG-0092,2026-06-04 08:44,Pidgin,"Stone break my windscreen yesterday for Garki. Na Toyota Corolla, number na KJA 859 CH. Which document una need?",2,Windscreen,2026-06-03,KJA 859 CH,0,0,0,,0,"{""claim_type"":""Windscreen"",""incident_date"":""2026-06-04"",""vehicle_reg"":""KJA 859 CH"",""injuries"":false,""police_report"":false,""needs_human"":false}","{""claim_type"":""Windscreen"",""incident_date"":""2026-06-03"",""vehicle_reg"":""KJA 859 CH"",""injuries"":false,""police_report"":false,""needs_human"":false}","{""claim_type"":""Windscreen"",""incident_date"":""2026-06-02"",""vehicle_reg"":""KJA 859 CH"",""injuries"":false,""police_report"":false,""needs_human"":false}",451,1181,55,629,2049,0,0
MSG-0093,2026-06-18 16:44,English,"My car skidded into a gutter this morning in Lekki. The car is a Hyundai Elantra, plate number KJA 444 NA. Nobody was hurt. The repair will cost about ₦1.6m. How do I claim?",2,Accident damage,2026-06-18,KJA 444 NA,0,0,0,1630000,0,"{""claim_type"":""Accident damage"",""incident_date"":""2026-06-18"",""vehicle_reg"":""KJA 444 NA"",""injuries"":false,""police_report"":false,""needs_human"":false}","{""claim_type"":""Accident damage"",""incident_date"":""2026-06-18"",""vehicle_reg"":""KJA 444 NA"",""injuries"":false,""police_report"":false,""needs_human"":false}","{""claim_type"":""Accident damage"",""incident_date"":""2026-06-18"",""vehicle_reg"":""KJA 444 NA"",""injuries"":false,""police_report"":false,""needs_human"":false}",468,1198,65,707,3023,0,0
MSG-0094,2026-06-12 11:56,Pidgin,"Danfo jam my motor on 6 June for Surulere. Na Nissan Almera, number na AAA 627 PT. Nobody wound. I don report for police. Una no dey reply message at all, this one no good! Wetin I go do?",4,Third party,2026-06-06,AAA 627 PT,0,1,1,,1,"Sure! Here is the JSON:
{""claim_type"":""Third party"",""incident_date"":""2026-06-06"",""vehicle_reg"":""AAA 627 PT"",""injuries"":false,""police_report"":false,""needs_human"":false}","Sure! Here is the JSON:
{""claim_type"":""Third party"",""incident_date"":""2026-06-06"",""vehicle_reg"":""AAA 627 PT"",""injuries"":false,""police_report"":true,""needs_human"":true}","{""claim_type"":""Third party"",""incident_date"":""2026-06-06"",""vehicle_reg"":""AAA 627 PT"",""injuries"":false,""police_report"":true,""needs_human"":true}",472,1202,70,602,1384,1,0
MSG-0095,2026-06-18 12:18,English,"Good afternoon. I hit a keke and damaged it on 16 June at Festac. The car is a Toyota Camry, plate number RBC 657 RG. Thank God no one was injured. I have reported it to the police. The repair will cost about ₦2.2m. What documents do you need?",3,Third party,2026-06-16,RBC 657 RG,0,1,0,2160000,0,"{""claim_type"":""Third party"",""incident_date"":""2026-06-16"",""vehicle_reg"":""RBC 657 RG"",""injuries"":false,""police_report"":true,""needs_human"":false}","{""claim_type"":""Third party"",""incident_date"":""2026-06-16"",""vehicle_reg"":""RBC 657 RG"",""injuries"":false,""police_report"":true,""needs_human"":false}","{""claim_type"":""Third party"",""incident_date"":""2026-06-16"",""vehicle_reg"":""RBC 657 RG"",""injuries"":false,""police_report"":true,""needs_human"":false}",488,1218,69,624,1980,0,0
MSG-0096,2026-06-30 13:17,English,"Hello, I hit a keke and damaged it today at Ikeja. The car is a Hyundai Elantra, plate number ABJ 927 JT. My passenger was injured and taken to hospital. I have a police report. Please help.",3,Third party,2026-06-30,ABJ 927 JT,1,1,0,,1,"{""claim_type"":""Third party"",""incident_date"":""2026-06-30"",""vehicle_reg"":""ABJ 927 JT"",""injuries"":true,""police_report"":true,""needs_human"":true}","Sure! Here is the JSON:
{""claim_type"":""Third party"",""incident_date"":""2026-06-30"",""vehicle_reg"":""ABJ 927 JT"",""injuries"":true,""police_report"":true,""needs_human"":true}","{""claim_type"":""Third party"",""incident_date"":""2026-06-30"",""vehicle_reg"":""ABJ 927 JT"",""injuries"":true,""police_report"":true,""needs_human"":true}",473,1203,65,631,1106,0,0
MSG-0097,2026-06-16 17:59,Pidgin,"Abeg, I jam pole on 12 June for Wuse 2, motor don scatter. Na Honda Accord, number na EKY 858 NK. The other driver wound well well, e dey hospital. Wetin I go do?",2,Accident damage,2026-06-12,EKY 858 NK,1,0,0,,1,"{""claim_type"":""Theft"",""incident_date"":""2026-06-12"",""vehicle_reg"":""EKY 858 NK"",""injuries"":true,""police_report"":false,""needs_human"":true}","{""claim_type"":""Accident damage"",""incident_date"":""2026-06-12"",""vehicle_reg"":""EKY 858 NK"",""injuries"":false,""police_report"":false,""needs_human"":false}","{""claim_type"":""Accident damage"",""incident_date"":""2026-06-12"",""vehicle_reg"":""EKY 858 NK"",""injuries"":true,""police_report"":false,""needs_human"":true}",465,1195,71,887,2634,1,1
MSG-0098,2026-06-18 19:29,English,"Hello, I hit a pole today in Maryland. It's a Nissan Almera, plate number GGE 410 WY. Nobody was hurt. What documents do you need?",3,Accident damage,2026-06-18,GGE 410 WY,0,0,0,,0,"{""claim_type"":""Accident damage"",""incident_date"":""2026-06-17"",""vehicle_reg"":""GGE 410 WY"",""injuries"":false,""police_report"":false,""needs_human"":false}","{""claim_type"":""Accident damage"",""incident_date"":""2026-06-18"",""vehicle_reg"":""GGE 410 WY"",""injuries"":false,""police_report"":false,""needs_human"":false}","{""claim_type"":""Accident damage"",""incident_date"":""2026-06-18"",""vehicle_reg"":""GGE 410 WY"",""injuries"":false,""police_report"":false,""needs_human"":false}",456,1186,67,992,2084,0,1
MSG-0099,2026-06-22 08:29,English,"Good morning. My windscreen got smashed on 16 June in Ikeja. The car is a Honda Accord, plate number APP 251 BA. The repair will cost about ₦235k. What do I do next?",0,Windscreen,2026-06-16,APP 251 BA,0,0,0,235000,0,"{""claim_type"":""Windscreen"",""incident_date"":""2026-06-16"",""vehicle_reg"":""APP 251 BA"",""injuries"":false,""police_report"":false,""needs_human"":false}","{""claim_type"":""Windscreen"",""incident_date"":""2026-06-16"",""vehicle_reg"":""APP 251 BA"",""injuries"":false,""police_report"":false,""needs_human"":false}","{""claim_type"":""Windscreen"",""incident_date"":""2026-06-16"",""vehicle_reg"":""APP 251 BA"",""injuries"":false,""police_report"":false,""needs_human"":false}",466,1196,60,578,1275,0,0
MSG-0100,2026-06-17 12:23,Pidgin,"Stone break my windscreen on 11 June for Ajah. Na Hyundai Elantra, number na APP 560 FG. Wetin I go do?",2,Windscreen,2026-06-11,APP 560 FG,0,0,0,,0,"{""claim_type"":""Windscreen"",""incident_date"":""2026-06-11"",""vehicle_reg"":""APP 560 FG"",""injuries"":false,""police_report"":false,""needs_human"":false}","{""claim_type"":""Windscreen"",""incident_date"":""2026-06-11"",""vehicle_reg"":""APP 560 FG"",""injuries"":false,""police_report"":false,""needs_human"":false}","{""claim_type"":""Windscreen"",""incident_date"":""2026-06-11"",""vehicle_reg"":""APP 560 FG"",""injuries"":false,""police_report"":false,""needs_human"":false}",449,1179,69,1168,2736,0,0
MSG-0101,2026-06-21 19:37,English,My car was snatched at gunpoint on 15/06/2026 in Festac. It's my Honda Accord. The police came and wrote a report. What do I do next?,0,Theft,2026-06-15,,0,1,0,,1,"{""claim_type"":""Theft"",""incident_date"":""2026-06-15"",""vehicle_reg"":null,""injuries"":false,""police_report"":true,""needs_human"":true}","{""claim_type"":""Theft"",""incident_date"":""2026-06-15"",""vehicle_reg"":null,""injuries"":false,""police_report"":true,""needs_human"":true}","{""claim_type"":""Theft"",""incident_date"":""2026-06-15"",""vehicle_reg"":null,""injuries"":false,""police_report"":true,""needs_human"":true}",457,1187,66,459,1724,0,0
MSG-0102,2026-06-12 12:49,English,"Hello, I had an accident last night in Gwarinpa. It's a Nissan Almera, plate number APP 760 LJ. Thank God no one was injured. The police came and wrote a report. The repair will cost about ₦3.1m. What documents do you need?",0,Accident damage,2026-06-11,APP 760 LJ,0,1,0,3090000,0,"{""claim_type"":""Accident damage"",""incident_date"":""2026-06-11"",""vehicle_reg"":""APP 760 LJ"",""injuries"":false,""police_report"":true,""needs_human"":false}","{""claim_type"":""Accident damage"",""incident_date"":""2026-06-11"",""vehicle_reg"":""APP 760 LJ"",""injuries"":false,""police_report"":true,""needs_human"":false}","{""claim_type"":""Accident damage"",""incident_date"":""2026-06-11"",""vehicle_reg"":""APP 760 LJ"",""injuries"":false,""police_report"":true,""needs_human"":false}",482,1212,66,996,1000,0,0
MSG-0103,2026-06-10 21:34,Pidgin,"Shieldline abeg, I jam pole on 04/06/2026 for Lekki, motor don scatter. Na Lexus RX 350, number na EKY 795 ZC. God dey, nobody wound. I don report for police. Which document una need?",2,Accident damage,2026-06-04,EKY 795 ZC,0,1,0,,0,"{""claim_type"":""Accident damage"",""incident_date"":""2026-06-04"",""vehicle_reg"":""EKY 795 ZC"",""injuries"":false,""police_report"":true,""needs_human"":false}","{""claim_type"":""Accident damage"",""incident_date"":""2026-06-04"",""vehicle_reg"":""EKY 795 ZC"",""injuries"":false,""police_report"":true,""needs_human"":false}","{""claim_type"":""Accident damage"",""incident_date"":""2026-06-04"",""vehicle_reg"":""EKY 795 ZC"",""injuries"":false,""police_report"":true,""needs_human"":false}",471,1201,70,359,1840,1,0
MSG-0104,2026-06-21 16:43,English,"Hi Shieldline, My car skidded into a gutter on 18/06/2026 in Gwarinpa. It's my Honda Accord. I have a police report. What do I do next?",0,Accident damage,2026-06-18,,0,1,0,,0,"{""claim_type"":""Accident damage"",""incident_date"":""2026-06-18"",""vehicle_reg"":""FKJ 371 CV"",""injuries"":false,""police_report"":true,""needs_human"":false}","{""claim_type"":""Theft"",""incident_date"":""2026-06-18"",""vehicle_reg"":null,""injuries"":false,""police_report"":true,""needs_human"":false}","{""claim_type"":""Accident damage"",""incident_date"":""2026-06-18"",""vehicle_reg"":null,""injuries"":false,""police_report"":true,""needs_human"":false}",458,1188,64,539,1110,0,0
MSG-0105,2026-06-21 08:38,English,"Hi Shieldline, My windscreen got smashed on 20/06/2026 in Wuse 2. It's a Kia Rio, plate number EKY 189 NT. What documents do you need?",0,Windscreen,2026-06-20,EKY 189 NT,0,0,0,,0,"{""claim_type"":""Windscreen"",""incident_date"":""2026-06-20"",""vehicle_reg"":""EKY 189 NT"",""injuries"":false,""police_report"":false,""needs_human"":false}","{""claim_type"":""Windscreen"",""incident_date"":""2026-06-20"",""vehicle_reg"":""EKY 189 NT"",""injuries"":false,""police_report"":false,""needs_human"":false}","{""claim_type"":""Windscreen"",""incident_date"":""2026-06-20"",""vehicle_reg"":""EKY 189 NT"",""injuries"":false,""police_report"":false,""needs_human"":false}",457,1187,69,666,3299,0,0
MSG-0106,2026-06-23 21:10,English,"Good morning. I hit a keke and damaged it yesterday at Lekki. The car is a Toyota Highlander, plate number EKY 471 NY. Thank God no one was injured. Please help.",0,Third party,2026-06-22,EKY 471 NY,0,0,0,,0,"{""claim_type"":""Windscreen"",""incident_date"":""2026-06-22"",""vehicle_reg"":""EKY471NY"",""injuries"":false,""police_report"":false,""needs_human"":false}","{""claim_type"":""Third party"",""incident_date"":""2026-06-22"",""vehicle_reg"":""EKY 471 NY"",""injuries"":false,""police_report"":false,""needs_human"":false}","{""claim_type"":""Third party"",""incident_date"":""2026-06-22"",""vehicle_reg"":""EKY 471 NY"",""injuries"":false,""police_report"":false,""needs_human"":false}",465,1195,70,687,2706,0,0
MSG-0107,2026-06-11 16:24,English,"Good morning. My car was stolen on 07/06/2026 in Surulere. The car is a Honda Accord, plate number LSD 672 PX. The police came and wrote a report. What documents do you need?",0,Theft,2026-06-07,LSD 672 PX,0,1,0,,1,"{""claim_type"":""Theft"",""incident_date"":""2026-06-07"",""vehicle_reg"":""LSD 672 PX"",""injuries"":false,""police_report"":true,""needs_human"":true}","{""claim_type"":""Theft"",""incident_date"":""2026-06-07"",""vehicle_reg"":""LSD 672 PX"",""injuries"":false,""police_report"":true,""needs_human"":true}","{""claim_type"":""Theft"",""incident_date"":""2026-06-07"",""vehicle_reg"":""LSD 672 PX"",""injuries"":false,""police_report"":true,""needs_human"":true}",468,1198,64,544,3225,0,0
MSG-0108,2026-06-01 07:16,English,"Good afternoon. I had an accident this morning in Yaba. The car is a Toyota Camry, plate number AAA 511 VN. How do I claim?",3,Accident damage,2026-06-01,AAA 511 VN,0,0,0,,0,"{""claim_type"":""Accident damage"",""incident_date"":""2026-06-01"",""vehicle_reg"":""AAA 511 VN"",""injuries"":false,""police_report"":false,""needs_human"":false}","{""claim_type"":""Accident damage"",""incident_date"":""2026-06-01"",""vehicle_reg"":""AAA 511 VN"",""injuries"":false,""police_report"":false,""needs_human"":false}","{""claim_type"":""Accident damage"",""incident_date"":""2026-06-01"",""vehicle_reg"":""AAA 511 VN"",""injuries"":false,""police_report"":false,""needs_human"":false}",454,1184,58,674,1340,0,0
MSG-0109,2026-06-15 16:15,Pidgin,"Good morning o, I jam pole on 12/06/2026 for Festac, motor don scatter. Na Nissan Almera, number na GGE 971 NX. Nobody wound.",4,Accident damage,2026-06-12,GGE 971 NX,0,0,0,,0,"{""claim_type"":""Accident damage"",""incident_date"":""2026-06-12"",""vehicle_reg"":""GGE971NX"",""injuries"":false,""police_report"":false,""needs_human"":false}","{""claim_type"":""Accident damage"",""incident_date"":""2026-06-12"",""vehicle_reg"":""GGE 971 NX"",""injuries"":false,""police_report"":false,""needs_human"":false}","{""claim_type"":""Accident damage"",""incident_date"":""2026-06-12"",""vehicle_reg"":""GGE 971 NX"",""injuries"":false,""police_report"":false,""needs_human"":false}",455,1185,67,554,4079,0,0
MSG-0110,2026-06-13 11:09,Pidgin,"Abeg, I jam pole on 7 June for GRA Port Harcourt, motor don scatter. Na Nissan Almera, number na EKY 627 JB. God dey, nobody wound. Which document una need?",1,Accident damage,2026-06-07,EKY 627 JB,0,0,0,,0,"{""claim_type"":""Third party"",""incident_date"":""2026-06-07"",""vehicle_reg"":""EKY 627 JB"",""injuries"":false,""police_report"":false,""needs_human"":false}","{""claim_type"":""Accident damage"",""incident_date"":""2026-06-07"",""vehicle_reg"":""EKY 627 JB"",""injuries"":true,""police_report"":true,""needs_human"":false}","{""claim_type"":""Accident damage"",""incident_date"":""2026-06-07"",""vehicle_reg"":""EKY 627 JB"",""injuries"":false,""police_report"":false,""needs_human"":false}",463,1193,60,654,1340,1,0
MSG-0111,2026-06-27 19:52,Pidgin,"Good morning o, I jam pole on 21/06/2026 for Maryland, motor don scatter. Na Lexus RX 350, number na SMK 876 TK. Nobody wound. Mechanic talk say e go cost like ₦2.9m. Which document una need?",3,Accident damage,2026-06-21,SMK 876 TK,0,0,0,2860000,0,"{""claim_type"":""Accident damage"",""incident_date"":""2026-06-21"",""vehicle_reg"":""SMK 876 TK"",""injuries"":false,""police_report"":false,""needs_h","{""claim_type"":""Accident damage"",""incident_date"":""2026-06-21"",""vehicle_reg"":""SMK 876 TK"",""injuries"":false,""police_report"":false,""needs_human"":true}","{""claim_type"":""Accident damage"",""incident_date"":""2026-06-21"",""vehicle_reg"":""SMK 876 TK"",""injuries"":false,""police_report"":false,""needs_human"":false}",473,1203,67,574,2392,1,0
MSG-0112,2026-06-29 08:14,English,"A stone cracked my windscreen on 26/06/2026 in Maryland. It's a Nissan Almera, plate number LSD 876 WE. How do I claim?",1,Windscreen,2026-06-26,LSD 876 WE,0,0,0,,0,"{""claim_type"":""Windscreen"",""incident_date"":""2026-06-26"",""vehicle_reg"":""LSD 876 WE"",""injuries"":false,""police_report"":false,""needs_human"":false}","{""claim_type"":""Windscreen"",""incident_date"":""2026-06-26"",""vehicle_reg"":""LSD 876 WE"",""injuries"":false,""police_report"":false,""needs_human"":false}","{""claim_type"":""Windscreen"",""incident_date"":""2026-06-26"",""vehicle_reg"":""LSD 876 WE"",""injuries"":false,""police_report"":false,""needs_human"":false}",453,1183,72,517,2713,0,0
MSG-0113,2026-06-03 20:44,English,"Hello, My windscreen got smashed on 31/05/2026 in Surulere. The car is a Toyota Highlander, plate number LSD 774 UV. How do I claim?",2,Windscreen,2026-05-31,LSD 774 UV,0,0,0,,0,"{""claim_type"":""Windscreen"",""incident_date"":""2026-05-31"",""vehicle_reg"":""LSD774UV"",""injuries"":false,""police_report"":false,""needs_human"":false}","{""claim_type"":""Windscreen"",""incident_date"":""2026-05-31"",""vehicle_reg"":""LSD 774 UV"",""injuries"":false,""police_report"":false,""needs_human"":false}","{""claim_type"":""Windscreen"",""incident_date"":""2026-05-31"",""vehicle_reg"":""LSD 774 UV"",""injuries"":false,""police_report"":true,""needs_human"":false}",457,1187,64,433,1410,0,0
MSG-0114,2026-06-02 16:35,English,"Hi Shieldline, My windscreen cracked last night in Wuse 2. It's my Toyota Highlander. The repair will cost about ₦390k. What documents do you need?",2,Windscreen,2026-06-01,,0,0,0,390000,0,"{""claim_type"":""Theft"",""incident_date"":""2026-05-31"",""vehicle_reg"":null,""injuries"":false,""police_report"":false,""needs_human"":false}","{""claim_type"":""Windscreen"",""incident_date"":""2026-06-01"",""vehicle_reg"":null,""injuries"":false,""police_report"":false,""needs_human"":false}","{""claim_type"":""Windscreen"",""incident_date"":""2026-06-01"",""vehicle_reg"":null,""injuries"":false,""police_report"":false,""needs_human"":false}",461,1191,75,620,2183,0,0
MSG-0115,2026-06-16 09:03,English,"My car was stolen on 15 June in Yaba. The car is a Toyota Camry, plate number KJA 898 BD. I have reported it to the police. Please help.",0,Theft,2026-06-15,KJA 898 BD,0,1,0,,1,"{""claim_type"":""Theft"",""incident_date"":""2026-06-15"",""vehicle_reg"":""KJA 898 BD"",""injuries"":false,""police_report"":false,""needs_human"":true}","{""claim_type"":""Theft"",""incident_date"":""2026-06-15"",""vehicle_reg"":""KJA 898 BD"",""injuries"":false,""police_report"":true,""needs_human"":true}","{""claim_type"":""Theft"",""incident_date"":""2026-06-15"",""vehicle_reg"":""KJA 898 BD"",""injuries"":false,""police_report"":true,""needs_human"":false}",458,1188,66,729,1779,0,0
MSG-0116,2026-06-13 19:24,English,"Good morning. My windscreen cracked last night in Gwarinpa. It's a Toyota Corolla, plate number RBC 729 PY. Please help.",3,Windscreen,2026-06-12,RBC 729 PY,0,0,0,,0,"{""claim_type"":""Windscreen"",""incident_date"":""2026-06-12"",""vehicle_reg"":""RBC 729 PY"",""injuries"":false,""police_report"":false,""needs_human"":false}","{""claim_type"":""Windscreen"",""incident_date"":""2026-06-12"",""vehicle_reg"":""RBC 729 PY"",""injuries"":false,""police_report"":false,""needs_human"":false}","{""claim_type"":""Windscreen"",""incident_date"":""2026-06-12"",""vehicle_reg"":""RBC 729 PY"",""injuries"":false,""police_report"":false,""needs_human"":false}",453,1183,75,682,1766,0,0
MSG-0117,2026-06-01 09:43,Pidgin,"Shieldline abeg, I jam pole on 26 May for Garki, motor don scatter. Na Toyota Corolla, number na SMK 330 PF. Nobody wound. I don report for police.",1,Accident damage,2026-05-26,SMK 330 PF,0,1,0,,0,"{""claim_type"":""Theft"",""incident_date"":""2026-05-26"",""vehicle_reg"":""SMK330PF"",""injuries"":false,""police_report"":true,""needs_human"":false}","{""claim_type"":""Windscreen"",""incident_date"":""2026-05-26"",""vehicle_reg"":""SMK 330 PF"",""injuries"":false,""police_report"":true,""needs_human"":false}","{""claim_type"":""Third party"",""incident_date"":""2026-05-26"",""vehicle_reg"":""SMK 330 PF"",""injuries"":false,""police_report"":true,""needs_human"":false}",461,1191,68,610,1916,0,0
MSG-0118,2026-06-04 20:21,English,"My car skidded into a gutter on 02/06/2026 in Wuse 2. The car is a Toyota Camry, plate number APP 167 EV. The other driver was hurt and is in hospital. Please help.",3,Accident damage,2026-06-02,APP 167 EV,1,0,0,,1,"{""claim_type"":""Accident damage"",""incident_date"":""2026-06-04"",""vehicle_reg"":""APP 167 EV"",""injuries"":true,""police_report"":false,""needs_human"":true}","{""claim_type"":""Accident damage"",""incident_date"":""2026-06-02"",""vehicle_reg"":""APP 167 EV"",""injuries"":true,""police_report"":false,""needs_human"":true}","{""claim_type"":""Accident damage"",""incident_date"":""2026-06-02"",""vehicle_reg"":""APP 167 EV"",""injuries"":true,""police_report"":false,""needs_human"":true}",466,1196,55,517,2689,0,0
MSG-0119,2026-06-27 13:43,English,"Good morning. I was involved in a crash on 23/06/2026 in Bodija. It's a Hyundai Elantra, plate number LSD 560 XF. Thank God no one was injured. What documents do you need?",4,Accident damage,2026-06-23,LSD 560 XF,0,0,0,,0,"{""claim_type"":""Accident damage"",""incident_date"":""2026-06-23"",""vehicle_reg"":""LSD 560 XF"",""injuries"":false,""police_report"":false,""needs_human"":false}","{""claim_type"":""Accident damage"",""incident_date"":""2026-06-23"",""vehicle_reg"":""LSD 560 XF"",""injuries"":false,""police_report"":false,""needs_human"":false}","{""claim_type"":""Accident damage"",""incident_date"":""2026-06-23"",""vehicle_reg"":""LSD 560 XF"",""injuries"":false,""police_report"":false,""needs_human"":false}",468,1198,71,440,1401,0,0
MSG-0120,2026-06-19 12:01,English,"Hi Shieldline, My car was snatched at gunpoint on 19/06/2026 in Wuse 2. It's my Toyota Corolla. I have reported it to the police. The car is worth about ₦4.3m. What do I do next?",0,Theft,2026-06-19,,0,1,0,4250000,1,"{""claim_type"":""Theft"",""incident_date"":""2026-06-19"",""vehicle_reg"":null,""injuries"":false,""police_report"":true,""needs_human"":true}","{""claim_type"":""Theft"",""incident_date"":""2026-06-19"",""vehicle_reg"":null,""injuries"":false,""police_report"":true,""needs_human"":false}","{""claim_type"":""Theft"",""incident_date"":""2026-06-19"",""vehicle_reg"":null,""injuries"":false,""police_report"":true,""needs_human"":true}",469,1199,59,951,1257,0,0
MSG-0121,2026-06-25 17:58,English,"My windscreen got smashed on 23 June in Ikeja. It's a Honda Accord, plate number EKY 263 CS. What do I do next?",2,Windscreen,2026-06-23,EKY 263 CS,0,0,0,,0,"{""claim_type"":""Theft"",""incident_date"":""2026-06-23"",""vehicle_reg"":""EKY 263 CS"",""injuries"":false,""police_report"":false,""needs_human"":false}","{""claim_type"":""Windscreen"",""incident_date"":""2026-06-23"",""vehicle_reg"":""EKY 263 CS"",""injuries"":false,""police_report"":false,""needs_human"":false}","{""claim_type"":""Windscreen"",""incident_date"":""2026-06-23"",""vehicle_reg"":""EKY 263 CS"",""injuries"":false,""police_report"":false,""needs_human"":false}",451,1181,78,633,3820,0,0
MSG-0122,2026-06-09 10:39,English,"Hi Shieldline, My windscreen cracked last night in Wuse 2. It's a Toyota Corolla, plate number ABJ 182 LA. What do I do next?",3,Windscreen,2026-06-08,ABJ 182 LA,0,0,0,,0,"{""claim_type"":""Windscreen"",""incident_date"":""2026-06-09"",""vehicle_reg"":""ABJ 182 LA"",""injuries"":false,""police_report"":false,""needs_human"":false}","{""claim_type"":""Windscreen"",""incident_date"":""2026-06-08"",""vehicle_reg"":""ABJ182LA"",""injuries"":false,""police_report"":false,""needs_human"":false}","{""claim_type"":""Windscreen"",""incident_date"":""2026-06-08"",""vehicle_reg"":""ABJ 182 LA"",""injuries"":false,""police_report"":false,""needs_human"":false}",455,1185,64,774,5096,0,0
MSG-0123,2026-06-19 13:44,English,I had an accident on 14/06/2026 in Lekki. It's my Nissan Almera. The repair will cost about ₦260k. Please help.,0,Accident damage,2026-06-14,,0,0,0,260000,0,"{""claim_type"":""Windscreen"",""incident_date"":""2026-06-14"",""vehicle_reg"":null,""injuries"":false,""police_report"":false,""needs_human"":false}","{""claim_type"":""Accident damage"",""incident_date"":""2026-06-14"",""vehicle_reg"":null,""injuries"":false,""police_report"":false,""needs_human"":false}","{""claim_type"":""Accident damage"",""incident_date"":""2026-06-14"",""vehicle_reg"":null,""injuries"":false,""police_report"":false,""needs_human"":false}",451,1181,77,798,1869,0,0
MSG-0124,2026-06-28 13:44,English,"Hi Shieldline, I had an accident yesterday in Ajah. The car is a Toyota Camry, plate number GGE 268 MJ. Thank God no one was injured. I have reported it to the police.",4,Accident damage,2026-06-27,GGE 268 MJ,0,1,0,,0,"{""claim_type"":""Accident damage"",""incident_date"":""2026-06-27"",""vehicle_reg"":""GGE268MJ"",""injuries"":false,""police_report"":true,""needs_human"":false}","{""claim_type"":""Accident damage"",""incident_date"":""2026-06-27"",""vehicle_reg"":""GGE 268 MJ"",""injuries"":false,""police_report"":true,""needs_human"":false}","{""claim_type"":""Accident damage"",""incident_date"":""2026-06-27"",""vehicle_reg"":""GGE 268 MJ"",""injuries"":false,""police_report"":true,""needs_human"":false}",466,1196,79,797,1792,0,0
MSG-0125,2026-06-18 18:25,English,"Hello, I was involved in a crash on 13/06/2026 in Ajah. The car is a Toyota Corolla, plate number ABJ 110 PF. How do I claim?",0,Accident damage,2026-06-13,ABJ 110 PF,0,0,0,,0,"{""claim_type"":""Accident damage"",""incident_date"":""2026-06-13"",""vehicle_reg"":""ABJ 110 PF"",""injuries"":false,""police_report"":false,""needs_human"":false}","{""claim_type"":""Accident damage"",""incident_date"":""2026-06-18"",""vehicle_reg"":""ABJ 110 PF"",""injuries"":false,""police_report"":false,""needs_human"":false}","{""claim_type"":""Accident damage"",""incident_date"":""2026-06-13"",""vehicle_reg"":""ABJ 110 PF"",""injuries"":false,""police_report"":false,""needs_human"":false}",455,1185,64,670,2861,0,0
MSG-0126,2026-06-06 17:53,Pidgin,"Stone break my windscreen on 02/06/2026 for Festac. Na Nissan Almera, number na BDG 470 WS.",4,Windscreen,2026-06-02,BDG 470 WS,0,0,0,,0,"{'claim_type':'Windscreen','incident_date':'2026-06-02','vehicle_reg':'BDG 470 WS','injuries':false,'police_report':false,'needs_human':false}","{""claim_type"":""Theft"",""incident_date"":""2026-06-02"",""vehicle_reg"":""BDG 470 WS"",""injuries"":false,""police_report"":false,""needs_human"":false}","{""claim_type"":""Windscreen"",""incident_date"":""2026-06-02"",""vehicle_reg"":""BDG 470 WS"",""injuries"":false,""police_report"":false,""needs_human"":true}",445,1175,79,855,2382,1,0
MSG-0127,2026-06-02 14:44,English,"Hello, My car skidded into a gutter on 29 May in Bodija. It's a Honda Accord, plate number GGE 813 MD. I hurt my arm and went to the hospital. This is my second message and nobody has replied. This is unacceptable! What documents do you need?",1,Accident damage,2026-05-29,GGE 813 MD,1,0,1,,1,"{""claim_type"":""Accident damage"",""incident_date"":""2026-05-29"",""vehicle_reg"":""GGE813MD"",""injuries"":true,""police_report"":true,""needs_human"":true}","{""claim_type"":""Accident damage"",""incident_date"":""2026-05-29"",""vehicle_reg"":""GGE 813 MD"",""injuries"":true,""police_report"":false,""needs_human"":true}","{""claim_type"":""Accident damage"",""incident_date"":""2026-05-29"",""vehicle_reg"":""GGE 813 MD"",""injuries"":true,""police_report"":false,""needs_human"":true}",487,1217,63,362,1894,0,0
MSG-0128,2026-06-07 20:09,English,"My car was snatched at gunpoint on 01/06/2026 in Yaba. The car is a Toyota Corolla, plate number SMK 357 VN. I have reported it to the police. The car is worth about ₦5.2m. Please help.",0,Theft,2026-06-01,SMK 357 VN,0,1,0,5200000,1,"{""claim_type"":""Theft"",""incident_date"":""2026-06-01"",""vehicle_reg"":""SMK 357 VN"",""injuries"":true,""police_report"":true,""needs_human"":true}","{""claim_type"":""Theft"",""incident_date"":""2026-06-01"",""vehicle_reg"":""SMK 357 VN"",""injuries"":false,""police_report"":true,""needs_human"":false}","{""claim_type"":""Theft"",""incident_date"":""2026-06-01"",""vehicle_reg"":""SMK 357 VN"",""injuries"":false,""police_report"":true,""needs_human"":true}",471,1201,64,733,2147,0,0
MSG-0129,2026-06-18 15:13,Pidgin,"Shieldline abeg, I jam pole on 12 June for GRA Port Harcourt, motor don scatter. Na Toyota Camry, number na GGE 228 HU. Wetin I go do?",0,Accident damage,2026-06-12,GGE 228 HU,0,0,0,,0,"{""claim_type"":""Theft"",""incident_date"":""2026-06-12"",""vehicle_reg"":""GGE 228 HU"",""injuries"":false,""police_report"":false,""needs_human"":true}","{""claim_type"":""Accident damage"",""incident_date"":""2026-06-12"",""vehicle_reg"":""GGE 228 HU"",""injuries"":false,""police_report"":false,""needs_human"":false}","{""claim_type"":""Accident damage"",""incident_date"":""2026-06-12"",""vehicle_reg"":""GGE 228 HU"",""injuries"":false,""police_report"":false,""needs_human"":false}",457,1187,58,570,2183,0,0
MSG-0130,2026-06-15 07:41,English,"Good afternoon. A stone cracked my windscreen on 13 June in Festac. It's a Lexus RX 350, plate number SMK 184 AX. What do I do next?",0,Windscreen,2026-06-13,SMK 184 AX,0,0,0,,0,"{""claim_type"":""Windscreen"",""incident_date"":""2026-06-13"",""vehicle_reg"":""SMK 184 AX"",""injuries"":false,""police_report"":false,""needs_human"":false}","{""claim_type"":""Windscreen"",""incident_date"":""2026-06-13"",""vehicle_reg"":""SMK 184 AX"",""injuries"":false,""police_report"":false,""needs_human"":false}","{""claim_type"":""Windscreen"",""incident_date"":""2026-06-13"",""vehicle_reg"":""SMK 184 AX"",""injuries"":false,""police_report"":false,""needs_human"":false}",457,1187,63,591,2496,0,0
MSG-0131,2026-06-19 18:03,English,"I hit a pole on 18 June in Maryland. The car is a Nissan Almera, plate number LSD 458 VP. Thank God no one was injured. What do I do next?",0,Accident damage,2026-06-18,LSD 458 VP,0,0,0,,0,"{""claim_type"":""Accident damage"",""incident_date"":""2026-06-18"",""vehicle_reg"":""LSD 458 VP"",""injuries"":false,""police_report"":false,""needs_human"":false}","{""claim_type"":""Accident damage"",""incident_date"":""2026-06-18"",""vehicle_reg"":""LSD 458 VP"",""injuries"":false,""police_report"":false,""needs_human"":false}","{""claim_type"":""Accident damage"",""incident_date"":""2026-06-18"",""vehicle_reg"":""LSD 458 VP"",""injuries"":false,""police_report"":false,""needs_h",458,1188,79,578,1689,0,0
MSG-0132,2026-06-14 15:43,English,"Good afternoon. I had an accident on 8 June in Ikeja. It's a Toyota Highlander, plate number AAA 629 LD. What do I do next?",0,Accident damage,2026-06-08,AAA 629 LD,0,0,0,,0,"{""claim_type"":""Accident damage"",""incident_date"":""2026-06-08"",""vehicle_reg"":""AAA 629 LD"",""injuries"":false,""police_report"":false,""needs_human"":false}","{""claim_type"":""Accident damage"",""incident_date"":""2026-06-08"",""vehicle_reg"":""AAA 629 LD"",""injuries"":false,""police_report"":false,""needs_human"":false}","{""claim_type"":""Accident damage"",""incident_date"":""2026-06-08"",""vehicle_reg"":""AAA 629 LD"",""injuries"":false,""police_report"":false,""needs_human"":false}",454,1184,58,571,2120,0,0
MSG-0133,2026-06-11 20:33,Pidgin,"Abeg, stone break my windscreen on 07/06/2026 for Yaba. Na Toyota Corolla, number na RBC 801 EZ. Mechanic talk say e go cost like ₦270k. Abeg help me.",2,Windscreen,2026-06-07,RBC 801 EZ,0,0,0,270000,0,"{""claim_type"":""Windscreen"",""incident_date"":""2026-06-07"",""vehicle_reg"":""RBC 801 EZ"",""injuries"":false,""police_report"":false,""needs_human"":false}","{""claim_type"":""Windscreen"",""incident_date"":""2026-06-07"",""vehicle_reg"":""RBC 801 EZ"",""injuries"":false,""police_report"":false,""needs_human"":false}","{""claim_type"":""Windscreen"",""incident_date"":""2026-06-07"",""vehicle_reg"":""RBC 801 EZ"",""injuries"":false,""police_report"":false,""needs_human"":false}",462,1192,78,537,1621,1,0
MSG-0134,2026-06-11 18:14,English,"Hello, Another car ran into me on 08/06/2026 at Festac. It's my Kia Rio. My passenger was injured and taken to hospital. How do I claim?",3,Third party,2026-06-08,,1,0,0,,1,"{""claim_type"":""Windscreen"",""incident_date"":""2026-06-08"",""vehicle_reg"":""APP 122 MJ"",""injuries"":true,""police_report"":false,""needs_human"":true}","{""claim_type"":""Third party"",""incident_date"":""2026-06-08"",""vehicle_reg"":null,""injuries"":true,""police_report"":false,""needs_human"":true}","{""claim_type"":""Third party"",""incident_date"":""2026-06-08"",""vehicle_reg"":null,""injuries"":false,""police_report"":false,""needs_human"":true}",458,1188,74,580,3861,0,0
MSG-0135,2026-06-22 07:38,English,"Hello, My car was snatched at gunpoint last night in Festac. It's a Honda Accord, plate number APP 299 XZ. I have reported it to the police. How do I claim?",0,Theft,2026-06-21,APP 299 XZ,0,1,0,,1,"{""claim_type"":""Theft"",""incident_date"":""2026-06-21"",""vehicle_reg"":""APP 299 XZ"",""injuries"":false,""police_report"":true,""needs_","{""claim_type"":""Theft"",""incident_date"":""2026-06-21"",""vehicle_reg"":""APP 299 XZ"",""injuries"":false,""police_report"":true,""needs_human"":false}","{""claim_type"":""Theft"",""incident_date"":""2026-06-21"",""vehicle_reg"":""APP 299 XZ"",""injuries"":false,""police_report"":true,""needs_human"":true}",463,1193,61,548,1892,0,0
MSG-0136,2026-06-03 15:18,English,"I hit a pole on 1 June in Surulere. The car is a Toyota Corolla, plate number KJA 407 HA. The other driver was hurt and is in hospital. The repair will cost about ₦1.7m. What documents do you need?",1,Accident damage,2026-06-01,KJA 407 HA,1,0,0,1720000,1,"{""claim_type"":""Accident damage"",""incident_date"":""2026-06-01"",""vehicle_reg"":""KJA 407 HA"",""injuries"":false,""police_report"":false,""needs_human"":true}","{""claim_type"":""Accident damage"",""incident_date"":""2026-06-01"",""vehicle_reg"":""KJA 407 HA"",""injuries"":true,""police_report"":false,""needs_human"":false}","{""claim_type"":""Accident damage"",""incident_date"":""2026-06-01"",""vehicle_reg"":""KJA 407 HA"",""injuries"":true,""police_report"":false,""needs_human"":true}",475,1205,58,921,2612,0,1
MSG-0137,2026-06-19 10:18,English,"Hi Shieldline, My windscreen cracked on 17 June in Yaba. It's a Lexus RX 350, plate number KJA 191 KT. What documents do you need?",4,Windscreen,2026-06-17,KJA 191 KT,0,0,0,,0,"{""claim_type"":""Windscreen"",""incident_date"":""2026-06-17"",""vehicle_reg"":""KJA191KT"",""injuries"":false,""police_report"":false,""needs_human"":false}","{""claim_type"":""Windscreen"",""incident_date"":""2026-06-17"",""vehicle_reg"":""KJA 191 KT"",""injuries"":false,""police_report"":false,""needs_human"":true}","{""claim_type"":""Windscreen"",""incident_date"":""2026-06-17"",""vehicle_reg"":""KJA 191 KT"",""injuries"":false,""police_report"":false,""needs_human"":false}",456,1186,61,529,1635,0,0
MSG-0138,2026-06-06 11:00,English,"Good afternoon. My car skidded into a gutter on 31/05/2026 in Ikeja. The car is a Toyota Highlander, plate number RBC 501 XH. Thank God no one was injured. The repair will cost about ₦1.9m.",0,Accident damage,2026-05-31,RBC 501 XH,0,0,0,1940000,0,"{""claim_type"":""Accident damage"",""incident_date"":""2026-05-31"",""vehicle_reg"":""RBC 501 XH"",""injuries"":false,""police_report"":false,""needs_human"":false}","{""claim_type"":""Accident damage"",""incident_date"":""2026-05-31"",""vehicle_reg"":""RBC 501 XH"",""injuries"":false,""police_report"":false,""needs_human"":false}","{""claim_type"":""Accident damage"",""incident_date"":""2026-05-31"",""vehicle_reg"":""RBC 501 XH"",""injuries"":false,""police_report"":false,""needs_human"":true}",473,1203,59,606,2706,0,0
MSG-0139,2026-06-04 10:46,Pidgin,"Good morning o, I jam pole on 29/05/2026 for Bodija, motor don scatter. Na Lexus RX 350, number na APP 344 GL. God dey, nobody wound. I don vex o, una collect my money and una no dey answer. Abeg help me.",4,Accident damage,2026-05-29,APP 344 GL,0,0,1,,1,"{""claim_type"":""Accident damage"",""incident_date"":""2026-05-29"",""vehicle_reg"":""APP 344 GL"",""injuries"":false,""police_report"":false,""needs_human"":true}","{""claim_type"":""Accident damage"",""incident_date"":""2026-05-29"",""vehicle_reg"":""APP 344 GL"",""injuries"":false,""police_report"":false,""needs_human"":true}","{""claim_type"":""Accident damage"",""incident_date"":""2026-05-29"",""vehicle_reg"":""APP 344 GL"",""injuries"":false,""police_report"":false,""needs_human"":true}",477,1207,63,455,1342,1,0
MSG-0140,2026-06-13 18:51,English,"Hello, Thieves took my car on 8 June in Ajah. It's a Toyota Corolla, plate number BDG 643 EP. I have reported it to the police. The car is worth about ₦6.7m. What do I do next?",0,Theft,2026-06-08,BDG 643 EP,0,1,0,6700000,1,"{""claim_type"":""Theft"",""incident_date"":""2026-06-08"",""vehicle_reg"":""BDG 643 EP"",""injuries"":false,""police_report"":true,""needs_human"":true}","{""claim_type"":""Theft"",""incident_date"":""2026-06-08"",""vehicle_reg"":""BDG 643 EP"",""injuries"":false,""police_report"":true,""needs_human"":true}","{""claim_type"":""Theft"",""incident_date"":""2026-06-08"",""vehicle_reg"":""BDG 643 EP"",""injuries"":false,""police_report"":true,""needs_human"":true}",469,1199,73,725,1796,0,0
MSG-0141,2026-06-06 09:22,English,"Good afternoon. A stone cracked my windscreen on 31/05/2026 in Garki. The car is a Hyundai Elantra, plate number ABJ 758 LY. The repair will cost about ₦420k. What do I do next?",0,Windscreen,2026-05-31,ABJ 758 LY,0,0,0,420000,0,"{""claim_type"":""Windscreen"",""incident_date"":""2026-05-31"",""vehicle_reg"":""ABJ 758 LY"",""injuries"":false,""police_report"":false,""needs_h","{""claim_type"":""Windscreen"",""incident_date"":""2026-05-31"",""vehicle_reg"":""ABJ758LY"",""injuries"":false,""police_report"":false,""needs_human"":false}","{""claim_type"":""Windscreen"",""incident_date"":""2026-05-31"",""vehicle_reg"":""ABJ 758 LY"",""injuries"":false,""police_report"":false,""needs_human"":false}",469,1199,79,758,1740,0,0
MSG-0142,2026-06-30 10:03,Pidgin,"Shieldline abeg, one motor jam my motor on 29 June for Ajah. Na Nissan Almera, number na LSD 133 SE. God dey, nobody wound. Which document una need?",0,Third party,2026-06-29,LSD 133 SE,0,0,0,,0,"{""claim_type"":""Third party"",""incident_date"":""2026-06-29"",""vehicle_reg"":""LSD 133 SE"",""injuries"":false,""police_report"":false,""needs_human"":false}","{""claim_type"":""Third party"",""incident_date"":""2026-06-29"",""vehicle_reg"":""LSD 133 SE"",""injuries"":false,""police_report"":false,""needs_human"":false}","{""claim_type"":""Theft"",""incident_date"":""2026-06-29"",""vehicle_reg"":""LSD 133 SE"",""injuries"":true,""police_report"":false,""needs_human"":false}",461,1191,78,659,2004,0,0
MSG-0143,2026-06-10 11:43,English,"Hello, I hit a pole yesterday in Yaba. It's a Kia Rio, plate number SMK 608 FA. The repair will cost about ₦1.6m. What documents do you need?",1,Accident damage,2026-06-09,SMK 608 FA,0,0,0,1640000,0,"{""claim_type"":""Accident damage"",""incident_date"":""2026-06-09"",""vehicle_reg"":""SMK 608 FA"",""injuries"":false,""police_report"":false,""needs_human"":false}","{""claim_type"":""Third party"",""incident_date"":""2026-06-09"",""vehicle_reg"":""SMK 608 FA"",""injuries"":false,""police_report"":false,""needs_human"":false}","{""claim_type"":""Accident damage"",""incident_date"":""2026-06-09"",""vehicle_reg"":""SMK 608 FA"",""injuries"":false,""police_report"":false,""needs_human"":false}",459,1189,77,549,1861,0,0
MSG-0144,2026-06-06 10:28,English,"Hi Shieldline, My car was stolen this morning in Lekki. It's my Toyota Camry. The police came and wrote a report. The car is worth about ₦5.3m. Please help.",0,Theft,2026-06-06,,0,1,0,5250000,1,"{""claim_type"":""Theft"",""incident_date"":""2026-06-06"",""vehicle_reg"":""KJA 121 EL"",""injuries"":false,""police_report"":false,""needs_human"":false}","{""claim_type"":""Theft"",""incident_date"":""2026-06-06"",""vehicle_reg"":null,""injuries"":false,""police_report"":true,""needs_human"":false}","{""claim_type"":""Theft"",""incident_date"":""2026-06-06"",""vehicle_reg"":null,""injuries"":false,""police_report"":true,""needs_human"":true}",463,1193,60,753,1653,0,0
MSG-0145,2026-06-07 13:19,Pidgin,"Abeg, I jam pole on 1 June for Surulere, motor don scatter. Na Toyota Highlander, number na KTU 317 TN. Nobody wound. Mechanic talk say e go cost like ₦3.1m.",0,Accident damage,2026-06-01,KTU 317 TN,0,0,0,3080000,0,"{""claim_type"":""Accident damage"",""incident_date"":""2026-06-01"",""vehicle_reg"":""KTU 317 TN"",""injuries"":false,""police_report"":false,""needs_human"":false}","{""claim_type"":""Accident damage"",""incident_date"":""2026-06-01"",""vehicle_reg"":""KTU 317 TN"",""injuries"":false,""police_report"":false,""needs_human"":false}","{""claim_type"":""Accident damage"",""incident_date"":""2026-06-01"",""vehicle_reg"":""KTU 317 TN"",""injuries"":false,""police_report"":false,""needs_human"":false}",464,1194,63,979,1338,0,0
MSG-0146,2026-06-29 19:07,English,"Hello, I had an accident on 27/06/2026 in GRA Port Harcourt. The car is a Nissan Almera, plate number GGE 670 WV. Nobody was hurt. What do I do next?",0,Accident damage,2026-06-27,GGE 670 WV,0,0,0,,0,"{""claim_type"":""Accident damage"",""incident_date"":""2026-06-27"",""vehicle_reg"":""GGE 670 WV"",""injuries"":false,""police_report"":false,""needs_human"":false}","{""claim_type"":""Accident damage"",""incident_date"":""2026-06-27"",""vehicle_reg"":""GGE 670 WV"",""injuries"":false,""police_report"":false,""needs_human"":false}","{""claim_type"":""Accident damage"",""incident_date"":""2026-06-27"",""vehicle_reg"":""GGE 670 WV"",""injuries"":false,""police_report"":false,""needs_human"":false}",461,1191,67,452,2784,0,0
MSG-0147,2026-06-27 18:41,English,"Hello, I had an accident on 25/06/2026 in Surulere. It's a Toyota Corolla, plate number EKY 302 FV. The other driver was hurt and is in hospital. Please help.",0,Accident damage,2026-06-25,EKY 302 FV,1,0,0,,1,"{""claim_type"":""Accident damage"",""incident_date"":""2026-06-25"",""vehicle_reg"":""EKY 302 FV"",""injuries"":true,""police_report"":true,""needs_human"":true}","{""claim_type"":""Accident damage"",""incident_date"":""2026-06-25"",""vehicle_reg"":""EKY 302 FV"",""injuries"":true,""police_report"":false,""needs_human"":true}","{""claim_type"":""Accident damage"",""incident_date"":""2026-06-25"",""vehicle_reg"":""EKY 302 FV"",""injuries"":true,""police_report"":false,""needs_human"":true}",464,1194,73,380,1144,0,0
MSG-0148,2026-06-20 07:09,Pidgin,"Good morning o, I jam pole on 19 June for Surulere, motor don scatter. Na Hyundai Elantra, number na BDG 519 PA. Nobody wound.",0,Accident damage,2026-06-19,BDG 519 PA,0,0,0,,0,"{""claim_type"":""Accident damage"",""incident_date"":""2026-06-19"",""vehicle_reg"":""BDG 519 PA"",""injuries"":false,""police_report"":false,""needs_human"":false}","{""claim_type"":""Accident damage"",""incident_date"":""2026-06-19"",""vehicle_reg"":""BDG 519 PA"",""injuries"":false,""police_report"":false,""needs_human"":false}","{""claim_type"":""Accident damage"",""incident_date"":""2026-06-19"",""vehicle_reg"":""BDG 519 PA"",""injuries"":false,""police_report"":false,""needs_human"":false}",455,1185,55,547,1859,0,0
MSG-0149,2026-06-11 17:57,English,Good morning. A danfo bus hit my car on 05/06/2026 at Festac. It's my Toyota Camry. The police came and wrote a report. What documents do you need?,0,Third party,2026-06-05,,0,1,0,,0,"{""claim_type"":""Third party"",""incident_date"":""2026-06-05"",""vehicle_reg"":null,""injuries"":false,""police_report"":true,""needs_human"":false}","{""claim_type"":""Third party"",""incident_date"":""2026-06-05"",""vehicle_reg"":null,""injuries"":false,""police_report"":false,""needs_human"":false}","{""claim_type"":""Third party"",""incident_date"":""2026-06-05"",""vehicle_reg"":null,""injuries"":false,""police_report"":true,""needs_human"":false}",461,1191,57,549,2865,0,0
MSG-0150,2026-06-12 14:56,English,"Hi Shieldline, My windscreen cracked on 6 June in Gwarinpa. The car is a Lexus RX 350, plate number BDG 247 ML.",3,Windscreen,2026-06-06,BDG 247 ML,0,0,0,,0,"{""claim_type"":""Theft"",""incident_date"":""2026-06-06"",""vehicle_reg"":""BDG 247 ML"",""injuries"":false,""police_report"":false,""needs_human"":false}","{""claim_type"":""Windscreen"",""incident_date"":""2026-06-06"",""vehicle_reg"":""BDG 247 ML"",""injuries"":false,""police_report"":false,""needs_human"":false}","{""claim_type"":""Windscreen"",""incident_date"":""2026-06-06"",""vehicle_reg"":""BDG247ML"",""injuries"":false,""police_report"":false,""needs_human"":false}",451,1181,76,617,4471,1,0
MSG-0151,2026-06-25 12:32,English,"Good morning. A truck reversed into my car on 21 June at Wuse 2. It's a Toyota Camry, plate number RBC 496 GE. Thank God no one was injured. I have reported it to the police. The repair will cost about ₦1.1m.",0,Third party,2026-06-21,RBC 496 GE,0,1,0,1070000,0,"{""claim_type"":""Third party"",""incident_date"":""2026-06-21"",""vehicle_reg"":""RBC 496 GE"",""injuries"":false,""police_report"":true,""needs_human"":false}","{""claim_type"":""Third party"",""incident_date"":""2026-06-21"",""vehicle_reg"":""RBC 496 GE"",""injuries"":false,""police_report"":true,""needs_human"":false}","{""claim_type"":""Third party"",""incident_date"":""2026-06-21"",""vehicle_reg"":""RBC 496 GE"",""injuries"":false,""police_report"":true,""needs_human"":false}",478,1208,70,769,1559,0,1
MSG-0152,2026-06-14 17:54,English,"Hi Shieldline, My windscreen cracked on 9 June in Bodija. The car is a Toyota Highlander, plate number KJA 836 VW. What do I do next?",0,Windscreen,2026-06-09,KJA 836 VW,0,0,0,,0,"{""claim_type"":""Windscreen"",""incident_date"":""2026-06-09"",""vehicle_reg"":""KJA 836 VW"",""injuries"":false,""police_report"":false,""needs_human"":true}","{""claim_type"":""Windscreen"",""incident_date"":""2026-06-09"",""vehicle_reg"":""KJA 836 VW"",""injuries"":false,""police_report"":false,""needs_human"":false}","{""claim_type"":""Windscreen"",""incident_date"":""2026-06-09"",""vehicle_reg"":""KJA 836 VW"",""injuries"":false,""police_report"":false,""needs_human"":false}",457,1187,76,635,3155,0,0
MSG-0153,2026-06-23 20:07,English,"Good morning. I hit a pole on 18/06/2026 in Gwarinpa. It's a Nissan Almera, plate number LSD 878 KH. The other driver was hurt and is in hospital.",3,Accident damage,2026-06-18,LSD 878 KH,1,0,0,,1,"{""claim_type"":""Accident damage"",""incident_date"":""2026-06-18"",""vehicle_reg"":""LSD 878 KH"",""injuries"":true,""police_report"":false,""needs_human"":true}","{""claim_type"":""Accident damage"",""incident_date"":""2026-06-18"",""vehicle_reg"":""LSD 878 KH"",""injuries"":true,""police_report"":false,""needs_human"":true}","{""claim_type"":""Accident damage"",""incident_date"":""2026-06-18"",""vehicle_reg"":""LSD 878 KH"",""injuries"":true,""police_report"":false,""needs_human"":true}",461,1191,73,637,2639,0,0
MSG-0154,2026-06-13 19:33,English,Good morning. I was involved in a crash on 7 June in Lekki. It's my Nissan Almera. The other driver was hurt and is in hospital. If I don't hear back today I will report you to NAICOM. How do I claim?,3,Accident damage,2026-06-07,,1,0,1,,1,"{""claim_type"":""Accident damage"",""incident_date"":""2026-06-07"",""vehicle_reg"":null,""injuries"":true,""police_report"":false,""needs_human"":false}","{""claim_type"":""Accident damage"",""incident_date"":""2026-06-07"",""vehicle_reg"":null,""injuries"":true,""police_report"":false,""needs_human"":true}","{""claim_type"":""Accident damage"",""incident_date"":""2026-06-07"",""vehicle_reg"":null,""injuries"":true,""police_report"":false,""needs_human"":true}",476,1206,61,495,2536,0,0
MSG-0155,2026-06-01 07:49,English,Good morning. My windscreen got smashed on 30/05/2026 in Ikeja. It's my Lexus RX 350. Please help.,3,Windscreen,2026-05-30,,0,0,0,,0,"{""claim_type"":""Windscreen"",""incident_date"":""2026-05-30"",""vehicle_reg"":""EKY 810 EM"",""injuries"":false,""police_report"":false,""needs_human"":false}","{""claim_type"":""Windscreen"",""incident_date"":""2026-05-30"",""vehicle_reg"":null,""injuries"":false,""police_report"":false,""needs_human"":false}","{""claim_type"":""Windscreen"",""incident_date"":""2026-05-30"",""vehicle_reg"":null,""injuries"":false,""police_report"":false,""needs_human"":false}",447,1177,64,688,2574,0,0
MSG-0156,2026-06-30 11:08,Pidgin,"Good morning o, I jam pole on 25 June for Maryland, motor don scatter. Na Hyundai Elantra, number na KTU 334 RM. God dey, nobody wound. Which document una need?",4,Accident damage,2026-06-25,KTU 334 RM,0,0,0,,0,"{""claim_type"":""Accident damage"",""incident_date"":""2026-06-25"",""vehicle_reg"":""KTU 334 RM"",""injuries"":false,""police_report"":false,""needs_human"":false}","{""claim_type"":""Accident damage"",""incident_date"":""2026-06-25"",""vehicle_reg"":""KTU 334 RM"",""injuries"":false,""police_report"":false,""needs_human"":false}","{""claim_type"":""Accident damage"",""incident_date"":""2026-06-25"",""vehicle_reg"":""KTU 334 RM"",""injuries"":false,""police_report"":false,""needs_human"":false}",464,1194,70,479,2106,0,1
MSG-0157,2026-06-05 07:00,English,"Good morning. I had an accident last night in Ajah. It's a Toyota Corolla, plate number BDG 990 XB. Thank God no one was injured. The repair will cost about ₦450k.",0,Accident damage,2026-06-04,BDG 990 XB,0,0,0,450000,0,"{""claim_type"":""Accident damage"",""incident_date"":""2026-06-04"",""vehicle_reg"":""BDG990XB"",""injuries"":false,""police_report"":false,""needs_human"":false}","{""claim_type"":""Third party"",""incident_date"":""2026-06-04"",""vehicle_reg"":""BDG 990 XB"",""injuries"":false,""police_report"":false,""needs_human"":false}","{""claim_type"":""Accident damage"",""incident_date"":""2026-06-04"",""vehicle_reg"":""BDG 990 XB"",""injuries"":false,""police_report"":false,""needs_human"":false}",465,1195,80,1056,2877,0,0
MSG-0158,2026-06-14 14:32,English,"My windscreen cracked on 10/06/2026 in Gwarinpa. The car is a Nissan Almera, plate number BDG 815 TZ.",1,Windscreen,2026-06-10,BDG 815 TZ,0,0,0,,0,"{""claim_type"":""Windscreen"",""incident_date"":""2026-06-10"",""vehicle_reg"":""BDG 815 TZ"",""injuries"":false,""police_report"":false,""needs_human"":false}","{""claim_type"":""Accident damage"",""incident_date"":""2026-06-10"",""vehicle_reg"":""BDG 815 TZ"",""injuries"":false,""police_report"":true,""needs_human"":false}","{""claim_type"":""Windscreen"",""incident_date"":""2026-06-10"",""vehicle_reg"":""BDG 815 TZ"",""injuries"":false,""police_report"":false,""needs_human"":false}",448,1178,65,640,1334,0,0
MSG-0159,2026-06-20 12:44,English,"Good morning. A stone cracked my windscreen on 14/06/2026 in Wuse 2. It's a Kia Rio, plate number ABJ 992 JX. What do I do next?",3,Windscreen,2026-06-14,ABJ 992 JX,0,0,0,,0,"{""claim_type"":""Windscreen"",""incident_date"":""2026-06-14"",""vehicle_reg"":""ABJ 992 JX"",""injuries"":false,""police_report"":false,""needs_human"":false}","{""claim_type"":""Windscreen"",""incident_date"":""2026-06-14"",""vehicle_reg"":""ABJ 992 JX"",""injuries"":false,""police_report"":false,""needs_human"":false}","{""claim_type"":""Windscreen"",""incident_date"":""2026-06-14"",""vehicle_reg"":""ABJ 992 JX"",""injuries"":true,""police_report"":false,""needs_human"":false}",456,1186,72,393,2384,0,0
MSG-0160,2026-06-16 07:10,English,"Hello, A stone cracked my windscreen on 12 June in Wuse 2. It's my Hyundai Elantra. The repair will cost about ₦340k. What do I do next?",4,Windscreen,2026-06-12,,0,0,0,340000,0,"{""claim_type"":""Theft"",""incident_date"":""2026-06-12"",""vehicle_reg"":null,""injuries"":false,""police_report"":false,""needs_human"":false}","{""claim_type"":""Windscreen"",""incident_date"":""2026-06-12"",""vehicle_reg"":null,""injuries"":false,""police_report"":false,""needs_human"":false}","{""claim_type"":""Windscreen"",""incident_date"":""2026-06-12"",""vehicle_reg"":null,""injuries"":false,""police_report"":false,""needs_human"":false}",458,1188,73,829,2494,0,0
MSG-0161,2026-06-20 13:20,English,"Hello, My car skidded into a gutter this morning in Bodija. The car is a Kia Rio, plate number KJA 278 XE. What documents do you need?",2,Accident damage,2026-06-20,KJA 278 XE,0,0,0,,0,"{""claim_type"":""Theft"",""incident_date"":""2026-06-20"",""vehicle_reg"":""KJA 278 XE"",""injuries"":false,""police_report"":false,""needs_human"":false}","{""claim_type"":""Accident damage"",""incident_date"":""2026-06-20"",""vehicle_reg"":""KJA 278 XE"",""injuries"":false,""police_report"":false,""needs_human"":false}","{""claim_type"":""Accident damage"",""incident_date"":""2026-06-20"",""vehicle_reg"":""KJA 278 XE"",""injuries"":false,""police_report"":false,""needs_human"":false}",457,1187,70,883,1065,0,0
MSG-0162,2026-06-10 08:02,English,"Good morning. A stone cracked my windscreen on 5 June in Lekki. The car is a Honda Accord, plate number SMK 180 DG. The repair will cost about ₦250k. What do I do next?",2,Windscreen,2026-06-05,SMK 180 DG,0,0,0,250000,0,"{""claim_type"":""Windscreen"",""incident_date"":""2026-06-10"",""vehicle_reg"":""SMK 180 DG"",""injuries"":false,""police_report"":false,""needs_human"":false}","{""claim_type"":""Windscreen"",""incident_date"":""2026-06-05"",""vehicle_reg"":""SMK 180 DG"",""injuries"":false,""police_report"":false,""needs_human"":false}","{""claim_type"":""Windscreen"",""incident_date"":""2026-06-05"",""vehicle_reg"":""SMK 180 DG"",""injuries"":false,""police_report"":false,""needs_human"":false}",467,1197,64,731,1862,0,0
MSG-0163,2026-06-16 10:32,English,"Hello, I was involved in a crash last night in Festac. It's a Honda Accord, plate number GGE 332 YG. The repair will cost about ₦1.9m. Please help.",0,Accident damage,2026-06-15,GGE 332 YG,0,0,0,1860000,0,"{""claim_type"":""Accident damage"",""incident_date"":""2026-06-15"",""vehicle_reg"":""GGE 332 YG"",""injuries"":false,""police_report"":false,""needs_human"":false}","{""claim_type"":""Accident damage"",""incident_date"":""2026-06-15"",""vehicle_reg"":""GGE 332 YG"",""injuries"":false,""police_report"":false,""needs_human"":false}","{""claim_type"":""Accident damage"",""incident_date"":""2026-06-15"",""vehicle_reg"":""GGE 332 YG"",""injuries"":false,""police_report"":false,""needs_human"":false}",461,1191,75,344,2938,0,0
MSG-0164,2026-06-09 18:00,English,Good afternoon. My car skidded into a gutter on 04/06/2026 in Ikeja. It's my Toyota Corolla. Thank God no one was injured. The police came and wrote a report. The repair will cost about ₦2.5m. How do I claim?,0,Accident damage,2026-06-04,,0,1,0,2510000,0,"Sure! Here is the JSON:
{""claim_type"":""Accident damage"",""incident_date"":""2026-06-04"",""vehicle_reg"":null,""injuries"":false,""police_report"":true,""needs_human"":false}","{""claim_type"":""Accident damage"",""incident_date"":""2026-06-04"",""vehicle_reg"":null,""injuries"":false,""police_report"":true,""needs_human"":false}","{""claim_type"":""Accident damage"",""incident_date"":""2026-06-04"",""vehicle_reg"":null,""injuries"":false,""police_report"":true,""needs_human"":false}",478,1208,70,569,3045,0,0
MSG-0165,2026-06-08 13:32,Pidgin,"Abeg, I jam pole on 06/06/2026 for Gwarinpa, motor don scatter. Na my Toyota Corolla. Mechanic talk say e go cost like ₦3.2m. Abeg help me.",0,Accident damage,2026-06-06,,0,0,0,3180000,0,"{""claim_type"":""Accident damage"",""incident_date"":""2026-06-06"",""vehicle_reg"":null,""injuries"":false,""police_report"":false,""needs_human"":false}","{""claim_type"":""Accident damage"",""incident_date"":""2026-06-06"",""vehicle_reg"":null,""injuries"":false,""police_report"":false,""needs_human"":false}","{""claim_type"":""Accident damage"",""incident_date"":""2026-06-06"",""vehicle_reg"":null,""injuries"":false,""police_report"":false,""needs_human"":false}",459,1189,55,519,1972,0,0
MSG-0166,2026-06-01 18:25,English,"Good morning. I hit a pole yesterday in Wuse 2. The car is a Toyota Highlander, plate number EKY 224 NL. Nobody was hurt. What documents do you need?",3,Accident damage,2026-05-31,EKY 224 NL,0,0,0,,0,"{""claim_type"":""Accident damage"",""incident_date"":""2026-05-31"",""vehicle_reg"":""EKY 224 NL"",""injuries"":false,""police_report"":false,""needs_human"":false}","{""claim_type"":""Accident damage"",""incident_date"":""2026-05-31"",""vehicle_reg"":""EKY224NL"",""injuries"":false,""police_report"":false,""needs_human"":false}","{""claim_type"":""Accident damage"",""incident_date"":""2026-05-31"",""vehicle_reg"":""EKY 224 NL"",""injuries"":false,""police_report"":false,""needs_human"":false}",461,1191,55,348,1908,0,0
MSG-0167,2026-06-04 16:05,English,"Good morning. I had an accident on 29 May in Garki. The car is a Hyundai Elantra, plate number KTU 717 NK. Nobody was hurt. The repair will cost about ₦2.6m.",2,Accident damage,2026-05-29,KTU 717 NK,0,0,0,2580000,0,"{""claim_type"":""Third party"",""incident_date"":""2026-05-29"",""vehicle_reg"":""KTU 717 NK"",""injuries"":false,""police_report"":false,""needs_human"":false}","{""claim_type"":""Accident damage"",""incident_date"":""2026-05-29"",""vehicle_reg"":""KTU 717 NK"",""injuries"":false,""police_report"":false,""needs_human"":false}","{""claim_type"":""Accident damage"",""incident_date"":""2026-05-29"",""vehicle_reg"":""KTU 717 NK"",""injuries"":false,""police_report"":false,""needs_human"":false}",464,1194,66,456,2344,0,0
MSG-0168,2026-06-03 09:43,English,"Good afternoon. My car was snatched at gunpoint on 28/05/2026 in Garki. The car is a Nissan Almera, plate number FKJ 617 EE. The police came and wrote a report. This is my second message and nobody has replied. This is unacceptable! How do I claim?",0,Theft,2026-05-28,FKJ 617 EE,0,1,1,,1,"{""claim_type"":""Windscreen"",""incident_date"":""2026-05-28"",""vehicle_reg"":""FKJ 617 EE"",""injuries"":false,""police_report"":false,""needs_human"":false}","{""claim_type"":""Theft"",""incident_date"":""2026-05-28"",""vehicle_reg"":""FKJ 617 EE"",""injuries"":false,""police_report"":true,""needs_human"":false}","{""claim_type"":""Theft"",""incident_date"":""2026-05-28"",""vehicle_reg"":""FKJ 617 EE"",""injuries"":false,""police_report"":true,""needs_human"":false}",489,1219,77,610,1350,0,0
MSG-0169,2026-06-24 19:18,English,"I had an accident on 22/06/2026 in Festac. It's a Toyota Camry, plate number KJA 778 WU. My passenger was injured and taken to hospital. The police came and wrote a report. The repair will cost about ₦2.7m.",2,Accident damage,2026-06-22,KJA 778 WU,1,1,0,2700000,1,"{""claim_type"":""Accident damage"",""incident_date"":""2026-06-22"",""vehicle_reg"":""KJA 778 WU"",""injuries"":true,""police_report"":true,""needs_human"":true}","{""claim_type"":""Accident damage"",""incident_date"":""2026-06-22"",""vehicle_reg"":""KJA 778 WU"",""injuries"":true,""police_report"":true,""needs_human"":true}","{""claim_type"":""Accident damage"",""incident_date"":""2026-06-22"",""vehicle_reg"":""KJA 778 WU"",""injuries"":true,""police_report"":true,""needs_human"":true}",477,1207,69,800,2494,0,0
MSG-0170,2026-06-24 09:09,Pidgin,"Abeg, stone break my windscreen on 21 June for Maryland. Na my Toyota Highlander. Abeg help me.",3,Windscreen,2026-06-21,,0,0,0,,0,"{""claim_type"":""Windscreen"",""incident_date"":""2026-06-21"",""vehicle_reg"":""APP 570 WU"",""injuries"":false,""police_report"":false,""needs_human"":false}","{""claim_type"":""Windscreen"",""incident_date"":""2026-06-21"",""vehicle_reg"":null,""injuries"":false,""police_report"":false,""needs_human"":false}","{""claim_type"":""Windscreen"",""incident_date"":""2026-06-21"",""vehicle_reg"":null,""injuries"":false,""police_report"":false,""needs_human"":false}",446,1176,56,412,2659,0,0
MSG-0171,2026-06-01 08:08,English,"Good morning. My windscreen got smashed yesterday in Bodija. It's my Toyota Camry. I am very angry, you people collect premium and disappear.",4,Windscreen,2026-05-31,,0,0,1,,1,"{""claim_type"":""Windscreen"",""incident_date"":""2026-05-31"",""vehicle_reg"":null,""injuries"":false,""police_report"":false,""needs_human"":true}","{""claim_type"":""Windscreen"",""incident_date"":""2026-05-31"",""vehicle_reg"":null,""injuries"":false,""police_report"":false,""needs_human"":true}","{""claim_type"":""Windscreen"",""incident_date"":""2026-05-31"",""vehicle_reg"":null,""injuries"":false,""police_report"":false,""needs_human"":true}",459,1189,71,442,2305,0,0
MSG-0172,2026-06-16 16:00,English,"I had an accident on 15 June in Surulere. The car is a Honda Accord, plate number FKJ 904 BE. Nobody was hurt. Please help.",4,Accident damage,2026-06-15,FKJ 904 BE,0,0,0,,0,"{""claim_type"":""Accident damage"",""incident_date"":""2026-06-15"",""vehicle_reg"":""FKJ 904 BE"",""injuries"":false,""police_report"":false,""needs_human"":false}","{""claim_type"":""Accident damage"",""incident_date"":""2026-06-15"",""vehicle_reg"":""FKJ 904 BE"",""injuries"":false,""police_report"":false,""needs_human"":false}","{""claim_type"":""Accident damage"",""incident_date"":""2026-06-15"",""vehicle_reg"":""FKJ 904 BE"",""injuries"":false,""police_report"":false,""needs_human"":false}",454,1184,62,888,2506,0,0
MSG-0173,2026-06-01 18:01,English,"Hi Shieldline, I was involved in a crash on 28 May in Surulere. The car is a Toyota Corolla, plate number EKY 547 TX. Please help.",0,Accident damage,2026-05-28,EKY 547 TX,0,0,0,,0,"{""claim_type"":""Accident damage"",""incident_date"":""2026-05-28"",""vehicle_reg"":""EKY 547 TX"",""injuries"":false,""police_report"":false,""needs_human"":false}","{""claim_type"":""Accident damage"",""incident_date"":""2026-05-28"",""vehicle_reg"":""EKY 547 TX"",""injuries"":false,""police_report"":false,""needs_human"":false}","{""claim_type"":""Accident damage"",""incident_date"":""2026-05-28"",""vehicle_reg"":""EKY 547 TX"",""injuries"":true,""police_report"":true,""needs_human"":false}",456,1186,76,496,1352,0,0
MSG-0174,2026-06-19 21:38,Pidgin,"Good morning o, stone break my windscreen on 19/06/2026 for Ikeja. Na Kia Rio, number na SMK 829 MF.",0,Windscreen,2026-06-19,SMK 829 MF,0,0,0,,0,"{""claim_type"":""Windscreen"",""incident_date"":""2026-06-19"",""vehicle_reg"":""SMK 829 MF"",""injuries"":false,""police_report"":false,""needs_human"":false}","{""claim_type"":""Windscreen"",""incident_date"":""2026-06-19"",""vehicle_reg"":""SMK 829 MF"",""injuries"":false,""police_report"":false,""needs_human"":false}","{""claim_type"":""Windscreen"",""incident_date"":""2026-06-19"",""vehicle_reg"":""SMK 829 MF"",""injuries"":false,""police_report"":false,""needs_human"":true}",448,1178,57,867,3020,0,0
MSG-0175,2026-06-17 07:41,Pidgin,"Shieldline abeg, stone break my windscreen on 15 June for GRA Port Harcourt. Na Hyundai Elantra, number na KJA 515 RL.",2,Windscreen,2026-06-15,KJA 515 RL,0,0,0,,0,"{""claim_type"":""Windscreen"",""incident_date"":""2026-06-15"",""vehicle_reg"":""KJA 515 RL"",""injuries"":false,""police_report"":false,""needs_human"":false}","{""claim_type"":""Windscreen"",""incident_date"":""2026-06-15"",""vehicle_reg"":""KJA 515 RL"",""injuries"":false,""police_report"":false,""needs_human"":false}","{""claim_type"":""Windscreen"",""incident_date"":""2026-06-15"",""vehicle_reg"":""KJA 515 RL"",""injuries"":false,""police_report"":false,""needs_human"":false}",453,1183,68,410,1690,0,0
MSG-0176,2026-06-19 17:58,Pidgin,"Good morning o, I jam pole on 15 June for Surulere, motor don scatter. Na Honda Accord, number na APP 968 PE. Mechanic talk say e go cost like ₦1.8m.",0,Accident damage,2026-06-15,APP 968 PE,0,0,0,1810000,0,"{""claim_type"":""Third party"",""incident_date"":""2026-06-15"",""vehicle_reg"":""APP 968 PE"",""injuries"":false,""police_report"":false,""needs_human"":false}","{""claim_type"":""Accident damage"",""incident_date"":""2026-06-15"",""vehicle_reg"":""APP 968 PE"",""injuries"":false,""police_report"":false,""needs_human"":false}","{""claim_type"":""Accident damage"",""incident_date"":""2026-06-15"",""vehicle_reg"":""APP 968 PE"",""injuries"":false,""police_report"":false,""needs_human"":false}",461,1191,74,695,1466,0,0
MSG-0177,2026-06-20 21:48,English,"Good morning. I hit a pole on 18/06/2026 in Wuse 2. It's a Lexus RX 350, plate number APP 829 ZU. I have reported it to the police. How do I claim?",0,Accident damage,2026-06-18,APP 829 ZU,0,1,0,,0,"{""claim_type"":""Accident damage"",""incident_date"":""2026-06-18"",""vehicle_reg"":""APP 829 ZU"",""injuries"":false,""police_report"":true,""needs_human"":false}","{""claim_type"":""Windscreen"",""incident_date"":""2026-06-18"",""vehicle_reg"":""APP 829 ZU"",""injuries"":false,""police_report"":true,""needs_human"":false}","{""claim_type"":""Accident damage"",""incident_date"":""2026-06-18"",""vehicle_reg"":""APP 829 ZU"",""injuries"":false,""police_report"":true,""needs_human"":false}",461,1191,60,396,2010,0,0
MSG-0178,2026-06-13 20:25,English,"Hi Shieldline, I had an accident yesterday in Garki. It's a Hyundai Elantra, plate number KTU 782 BJ. The other driver was hurt and is in hospital. I have reported it to the police. This is my second message and nobody has replied. This is unacceptable! What documents do you need?",3,Accident damage,2026-06-12,KTU 782 BJ,1,1,1,,1,"{""claim_type"":""Accident damage"",""incident_date"":""2026-06-12"",""vehicle_reg"":""KTU 782 BJ"",""injuries"":true,""police_report"":true,""needs_human"":true}","{""claim_type"":""Accident damage"",""incident_date"":""2026-06-13"",""vehicle_reg"":""KTU782BJ"",""injuries"":true,""police_report"":true,""needs_human"":true}","{""claim_type"":""Accident damage"",""incident_date"":""2026-06-12"",""vehicle_reg"":""KTU 782 BJ"",""injuries"":true,""police_report"":true,""needs_human"":false}",498,1228,62,750,1379,0,0
MSG-0179,2026-06-26 08:09,English,"Good afternoon. My windscreen cracked last night in GRA Port Harcourt. The car is a Kia Rio, plate number GGE 242 CJ. How do I claim?",3,Windscreen,2026-06-25,GGE 242 CJ,0,0,0,,0,"{""claim_type"":""Windscreen"",""incident_date"":""2026-06-25"",""vehicle_reg"":""GGE242CJ"",""injuries"":false,""police_report"":false,""needs_human"":false}","{""claim_type"":""Accident damage"",""incident_date"":""2026-06-25"",""vehicle_reg"":""GGE 242 CJ"",""injuries"":false,""police_report"":false,""needs_human"":false}","{""claim_type"":""Windscreen"",""incident_date"":""2026-06-25"",""vehicle_reg"":""GGE 242 CJ"",""injuries"":false,""police_report"":false,""needs_human"":false}",457,1187,64,755,1699,0,0
MSG-0180,2026-06-09 13:37,English,"I hit a pole yesterday in Surulere. The car is a Kia Rio, plate number KJA 300 KB. My passenger was injured and taken to hospital. I have reported it to the police. What documents do you need?",4,Accident damage,2026-06-08,KJA 300 KB,1,1,0,,1,"{""claim_type"":""Accident damage"",""incident_date"":""2026-06-08"",""vehicle_reg"":""KJA 300 KB"",""injuries"":true,""police_report"":true,""needs_human"":true}","{""claim_type"":""Accident damage"",""incident_date"":""2026-06-09"",""vehicle_reg"":""KJA 300 KB"",""injuries"":true,""police_report"":true,""needs_human"":true}","{""claim_type"":""Accident damage"",""incident_date"":""2026-06-08"",""vehicle_reg"":""KJA 300 KB"",""injuries"":true,""police_report"":true,""needs_human"":true}",473,1203,76,961,1734,0,0
MSG-0181,2026-06-05 21:13,English,"Good afternoon. I hit a pole on 3 June in Yaba. It's a Nissan Almera, plate number AAA 729 NM. I have reported it to the police. Please help.",2,Accident damage,2026-06-03,AAA 729 NM,0,1,0,,0,"{""claim_type"":""Accident damage"",""incident_date"":""2026-06-03"",""vehicle_reg"":""AAA 729 NM"",""injuries"":false,""police_report"":true,""needs_human"":true}","{""claim_type"":""Accident damage"",""incident_date"":""2026-06-03"",""vehicle_reg"":""AAA 729 NM"",""injuries"":false,""police_report"":true,""needs_h","{""claim_type"":""Accident damage"",""incident_date"":""2026-06-03"",""vehicle_reg"":""AAA 729 NM"",""injuries"":false,""police_report"":true,""needs_human"":false}",459,1189,58,484,1852,0,0
MSG-0182,2026-06-04 11:11,English,Good morning. I was involved in a crash on 30/05/2026 in Wuse 2. It's my Lexus RX 350. Nobody was hurt. The police came and wrote a report. This is my second message and nobody has replied. This is unacceptable! Please help.,4,Accident damage,2026-05-30,,0,1,1,,1,"{""claim_type"":""Accident damage"",""incident_date"":""2026-05-30"",""vehicle_reg"":null,""injuries"":false,""police_report"":true,""needs_","{""claim_type"":""Accident damage"",""incident_date"":""2026-05-30"",""vehicle_reg"":""AAA 837 KZ"",""injuries"":false,""police_report"":true,""needs_human"":false}","{""claim_type"":""Accident damage"",""incident_date"":""2026-05-30"",""vehicle_reg"":null,""injuries"":false,""police_report"":true,""needs_human"":true}",482,1212,72,1331,2211,1,0
MSG-0183,2026-06-13 09:02,English,"Hi Shieldline, My car was stolen on 11 June in Ajah. It's a Toyota Camry, plate number SMK 510 JF. The police came and wrote a report. The car is worth about ₦6m.",0,Theft,2026-06-11,SMK 510 JF,0,1,0,6050000,1,"{""claim_type"":""Theft"",""incident_date"":""2026-06-11"",""vehicle_reg"":""SMK 510 JF"",""injuries"":false,""police_report"":true,""needs_human"":true}","{""claim_type"":""Theft"",""incident_date"":""2026-06-11"",""vehicle_reg"":""SMK 510 JF"",""injuries"":false,""police_report"":true,""needs_human"":false}","{""claim_type"":""Theft"",""incident_date"":""2026-06-11"",""vehicle_reg"":""SMK 510 JF"",""injuries"":false,""police_report"":true,""needs_human"":true}",465,1195,60,466,1292,0,0
MSG-0184,2026-06-15 10:50,Pidgin,"Good morning o, I jam pole on 10/06/2026 for Gwarinpa, motor don scatter. Na Toyota Camry, number na FKJ 634 UM. God dey, nobody wound. I don report for police.",1,Accident damage,2026-06-10,FKJ 634 UM,0,1,0,,0,"{""claim_type"":""Accident damage"",""incident_date"":""2026-06-10"",""vehicle_reg"":""FKJ 634 UM"",""injuries"":false,""police_report"":true,""needs_human"":false}","{""claim_type"":""Windscreen"",""incident_date"":""2026-06-10"",""vehicle_reg"":""FKJ 634 UM"",""injuries"":false,""police_report"":true,""needs_human"":false}","{""claim_type"":""Accident damage"",""incident_date"":""2026-06-10"",""vehicle_reg"":""FKJ634UM"",""injuries"":false,""police_report"":true,""needs_human"":false}",464,1194,56,432,2754,0,0
MSG-0185,2026-06-17 15:35,English,"Good morning. I had an accident on 13 June in Lekki. It's a Toyota Corolla, plate number APP 973 ED. Nobody was hurt. Please help.",2,Accident damage,2026-06-13,APP 973 ED,0,0,0,,0,"{""claim_type"":""Accident damage"",""incident_date"":""2026-06-13"",""vehicle_reg"":""APP 973 ED"",""injuries"":false,""police_report"":true,""needs_human"":false}","{""claim_type"":""Accident damage"",""incident_date"":""2026-06-13"",""vehicle_reg"":""APP 973 ED"",""injuries"":false,""police_report"":false,""needs_human"":false}","{""claim_type"":""Accident damage"",""incident_date"":""2026-06-13"",""vehicle_reg"":""APP 973 ED"",""injuries"":false,""police_report"":false,""needs_human"":false}",456,1186,62,971,2251,0,0
MSG-0186,2026-06-30 08:45,English,Thieves took my car on 28 June in Bodija. It's my Toyota Camry. I have a police report. The car is worth about ₦5.7m. How do I claim?,0,Theft,2026-06-28,,0,1,0,5700000,1,"{""claim_type"":""Theft"",""incident_date"":""2026-06-28"",""vehicle_reg"":null,""injuries"":false,""police_report"":true,""needs_human"":true}","{""claim_type"":""Accident damage"",""incident_date"":""2026-06-28"",""vehicle_reg"":null,""injuries"":false,""police_report"":true,""needs_human"":true}","{""claim_type"":""Windscreen"",""incident_date"":""2026-06-28"",""vehicle_reg"":null,""injuries"":false,""police_report"":true,""needs_human"":true}",457,1187,55,1094,2656,0,0
MSG-0187,2026-06-29 07:02,English,"Hi Shieldline, My windscreen got smashed on 23/06/2026 in Garki. The car is a Toyota Highlander, plate number KTU 107 XP. What documents do you need?",1,Windscreen,2026-06-23,KTU 107 XP,0,0,0,,0,"{""claim_type"":""Theft"",""incident_date"":""2026-06-23"",""vehicle_reg"":""KTU 107 XP"",""injuries"":false,""police_report"":true,""needs_human"":false}","{""claim_type"":""Windscreen"",""incident_date"":""2026-06-23"",""vehicle_reg"":""KTU 107 XP"",""injuries"":false,""police_report"":true,""needs_human"":false}","{""claim_type"":""Windscreen"",""incident_date"":""2026-06-23"",""vehicle_reg"":""KTU 107 XP"",""injuries"":false,""police_report"":false,""needs_human"":false}",461,1191,69,637,2021,0,0
MSG-0188,2026-06-16 10:06,English,"Hi Shieldline, My windscreen cracked on 14 June in Lekki. The car is a Toyota Corolla, plate number AAA 721 PT.",3,Windscreen,2026-06-14,AAA 721 PT,0,0,0,,0,"{""claim_type"":""Windscreen"",""incident_date"":""2026-06-14"",""vehicle_reg"":""AAA 721 PT"",""injuries"":false,""police_report"":false,""needs_human"":false}","{""claim_type"":""Windscreen"",""incident_date"":""2026-06-14"",""vehicle_reg"":""AAA 721 PT"",""injuries"":false,""police_report"":false,""needs_human"":false}","{""claim_type"":""Windscreen"",""incident_date"":""2026-06-14"",""vehicle_reg"":""AAA 721 PT"",""injuries"":false,""police_report"":false,""needs_human"":false}",451,1181,59,561,1917,0,0
MSG-0189,2026-06-04 21:33,English,"A truck reversed into my car on 02/06/2026 at Surulere. It's a Nissan Almera, plate number ABJ 978 RK. Nobody was hurt. How do I claim?",0,Third party,2026-06-02,ABJ 978 RK,0,0,0,,0,"{""claim_type"":""Third party"",""incident_date"":""2026-06-02"",""vehicle_reg"":""ABJ 978 RK"",""injuries"":false,""police_report"":false,""needs_human"":false}","{""claim_type"":""Third party"",""incident_date"":""2026-06-02"",""vehicle_reg"":""ABJ 978 RK"",""injuries"":false,""police_report"":false,""needs_human"":false}","{""claim_type"":""Third party"",""incident_date"":""2026-06-02"",""vehicle_reg"":""ABJ 978 RK"",""injuries"":false,""police_report"":false,""needs_human"":false}",458,1188,66,577,1604,0,0
MSG-0190,2026-06-27 21:10,English,"Hi Shieldline, I had an accident on 22/06/2026 in GRA Port Harcourt. It's a Toyota Corolla, plate number RBC 367 WL. Nobody was hurt. How do I claim?",1,Accident damage,2026-06-22,RBC 367 WL,0,0,0,,0,"{""claim_type"":""Accident damage"",""incident_date"":""2026-06-22"",""vehicle_reg"":""RBC 367 WL"",""injuries"":false,""police_report"":false,""needs_human"":false}","{""claim_type"":""Accident damage"",""incident_date"":""2026-06-22"",""vehicle_reg"":""RBC 367 WL"",""injuries"":false,""police_report"":false,""needs_human"":false}","{""claim_type"":""Accident damage"",""incident_date"":""2026-06-22"",""vehicle_reg"":""RBC 367 WL"",""injuries"":false,""police_report"":false,""needs_human"":false}",461,1191,66,704,1806,0,0
MSG-0191,2026-06-21 12:09,Pidgin,"Thief carry my motor go on 18 June for Garki. Na Toyota Highlander, number na KJA 486 RJ. I don report for police. The motor worth like ₦6.5m. Which document una need?",0,Theft,2026-06-18,KJA 486 RJ,0,1,0,6450000,1,"{""claim_type"":""Theft"",""incident_date"":""2026-06-18"",""vehicle_reg"":""KJA 486 RJ"",""injuries"":false,""police_report"":true,""needs_human"":false}","{""claim_type"":""Theft"",""incident_date"":""2026-06-18"",""vehicle_reg"":""KJA 486 RJ"",""injuries"":false,""police_report"":true,""needs_human"":true}","{""claim_type"":""Theft"",""incident_date"":""2026-06-18"",""vehicle_reg"":""KJA 486 RJ"",""injuries"":false,""police_report"":true,""needs_human"":false}",466,1196,59,531,1620,0,0
MSG-0192,2026-06-25 09:03,English,"Thieves took my car on 23/06/2026 in Ikeja. It's a Toyota Corolla, plate number APP 403 YD. The police came and wrote a report.",0,Theft,2026-06-23,APP 403 YD,0,1,0,,1,"{""claim_type"":""Theft"",""incident_date"":""2026-06-23"",""vehicle_reg"":""APP 403 YD"",""injuries"":false,""police_report"":true,""needs_human"":true}","{""claim_type"":""Theft"",""incident_date"":""2026-06-23"",""vehicle_reg"":""APP 403 YD"",""injuries"":false,""police_report"":true,""needs_human"":true}","{""claim_type"":""Theft"",""incident_date"":""2026-06-23"",""vehicle_reg"":""APP 403 YD"",""injuries"":false,""police_report"":true,""needs_human"":true}",455,1185,80,430,2673,0,0
MSG-0193,2026-06-23 14:41,English,"Good afternoon. I was involved in a crash last night in Bodija. It's a Lexus RX 350, plate number RBC 688 NP. Nobody was hurt. The police came and wrote a report. What do I do next?",1,Accident damage,2026-06-22,RBC 688 NP,0,1,0,,0,"{""claim_type"":""Accident damage"",""incident_date"":""2026-06-23"",""vehicle_reg"":""RBC 688 NP"",""injuries"":false,""police_report"":true,""needs_human"":false}","{""claim_type"":""Accident damage"",""incident_date"":""2026-06-22"",""vehicle_reg"":""RBC 688 NP"",""injuries"":false,""police_report"":true,""needs_human"":false}","{""claim_type"":""Accident damage"",""incident_date"":""2026-06-22"",""vehicle_reg"":""RBC 688 NP"",""injuries"":false,""police_report"":true,""needs_human"":false}",470,1200,69,453,1103,0,0
MSG-0194,2026-06-22 14:30,English,"Hello, I was involved in a crash on 21/06/2026 in GRA Port Harcourt. It's a Lexus RX 350, plate number KTU 643 KH. My passenger was injured and taken to hospital. The police came and wrote a report. The repair will cost about ₦1.8m. What documents do you need?",2,Accident damage,2026-06-21,KTU 643 KH,1,1,0,1830000,1,"{""claim_type"":""Accident damage"",""incident_date"":""2026-06-21"",""vehicle_reg"":""KTU 643 KH"",""injuries"":true,""police_report"":true,""needs_human"":true}","{""claim_type"":""Accident damage"",""incident_date"":""2026-06-21"",""vehicle_reg"":""KTU 643 KH"",""injuries"":true,""police_report"":true,""needs_human"":true}","{""claim_type"":""Accident damage"",""incident_date"":""2026-06-21"",""vehicle_reg"":""KTU 643 KH"",""injuries"":true,""police_report"":true,""needs_human"":true}",492,1222,66,675,2058,1,0
MSG-0195,2026-06-06 10:36,Pidgin,"I jam pole yesterday for Garki, motor don scatter. Na Lexus RX 350, number na GGE 653 VP. God dey, nobody wound. Una no dey reply message at all, this one no good! Abeg help me.",4,Accident damage,2026-06-05,GGE 653 VP,0,0,1,,1,"{""claim_type"":""Theft"",""incident_date"":""2026-06-05"",""vehicle_reg"":""GGE 653 VP"",""injuries"":false,""police_report"":false,""needs_human"":true}","{""claim_type"":""Accident damage"",""incident_date"":""2026-06-05"",""vehicle_reg"":""GGE 653 VP"",""injuries"":false,""police_report"":false,""needs_human"":false}","{""claim_type"":""Accident damage"",""incident_date"":""2026-06-05"",""vehicle_reg"":""GGE 653 VP"",""injuries"":false,""police_report"":false,""needs_human"":true}",469,1199,75,1094,2561,0,0
MSG-0196,2026-06-18 08:28,English,"Good afternoon. My windscreen cracked on 14/06/2026 in Surulere. The car is a Hyundai Elantra, plate number BDG 278 KY. The repair will cost about ₦320k. If I don't hear back today I will report you to NAICOM. What do I do next?",3,Windscreen,2026-06-14,BDG 278 KY,0,0,1,320000,1,"{""claim_type"":""Accident damage"",""incident_date"":""2026-06-14"",""vehicle_reg"":""BDG 278 KY"",""injuries"":true,""police_report"":false,""needs_human"":true}","{""claim_type"":""Windscreen"",""incident_date"":""2026-06-14"",""vehicle_reg"":""BDG 278 KY"",""injuries"":false,""police_report"":false,""needs_human"":true}","{""claim_type"":""Windscreen"",""incident_date"":""2026-06-14"",""vehicle_reg"":""BDG 278 KY"",""injuries"":false,""police_report"":false,""needs_human"":false}",483,1213,61,1318,1817,0,0
MSG-0197,2026-06-04 19:08,English,"Good afternoon. My windscreen cracked on 3 June in Ajah. The car is a Nissan Almera, plate number APP 990 AS. The repair will cost about ₦285k. What do I do next?",3,Windscreen,2026-06-03,APP 990 AS,0,0,0,285000,0,"{""claim_type"":""Windscreen"",""incident_date"":""2026-06-03"",""vehicle_reg"":""APP 990 AS"",""injuries"":false,""police_report"":false,""needs_human"":false}","{""claim_type"":""Windscreen"",""incident_date"":""2026-06-03"",""vehicle_reg"":""APP 990 AS"",""injuries"":false,""police_report"":false,""needs_human"":false}","{""claim_type"":""Windscreen"",""incident_date"":""2026-06-03"",""vehicle_reg"":""APP 990 AS"",""injuries"":false,""police_report"":false,""needs_human"":false}",465,1195,72,516,2333,0,0
MSG-0198,2026-06-29 13:20,English,"Hi Shieldline, I was involved in a crash on 23 June in Gwarinpa. It's a Toyota Corolla, plate number KJA 408 GS. Thank God no one was injured. What do I do next?",0,Accident damage,2026-06-23,KJA 408 GS,0,0,0,,0,"{""claim_type"":""Accident damage"",""incident_date"":""2026-06-23"",""vehicle_reg"":""KJA 408 GS"",""injuries"":false,""police_report"":false,""needs_human"":false}","{""claim_type"":""Accident damage"",""incident_date"":""2026-06-23"",""vehicle_reg"":""KJA 408 GS"",""injuries"":false,""police_report"":false,""needs_human"":true}","{""claim_type"":""Accident damage"",""incident_date"":""2026-06-23"",""vehicle_reg"":""KJA 408 GS"",""injuries"":false,""police_report"":false,""needs_human"":false}",465,1195,69,592,2011,0,0
MSG-0199,2026-06-18 19:21,English,"Good morning. My windscreen cracked on 13/06/2026 in Ikeja. The car is a Honda Accord, plate number KJA 538 ZU.",3,Windscreen,2026-06-13,KJA 538 ZU,0,0,0,,0,"{""claim_type"":""Windscreen"",""incident_date"":""2026-06-13"",""vehicle_reg"":""KJA 538 ZU"",""injuries"":false,""police_report"":false,""needs_human"":false}","{""claim_type"":""Windscreen"",""incident_date"":""2026-06-13"",""vehicle_reg"":""KJA 538 ZU"",""injuries"":false,""police_report"":false,""needs_human"":false}","{""claim_type"":""Windscreen"",""incident_date"":""2026-06-13"",""vehicle_reg"":""KJA 538 ZU"",""injuries"":false,""police_report"":false,""needs_human"":false}",451,1181,74,563,1164,0,0
MSG-0200,2026-06-20 21:02,English,"Hi Shieldline, I hit a keke and damaged it on 16 June at Ajah. The car is a Hyundai Elantra, plate number KJA 981 BP. The other driver was hurt and is in hospital.",0,Third party,2026-06-16,KJA 981 BP,1,0,0,,1,"{""claim_type"":""Third party"",""incident_date"":""2026-06-16"",""vehicle_reg"":""KJA 981 BP"",""injuries"":true,""police_report"":false,""needs_human"":true}","{""claim_type"":""Third party"",""incident_date"":""2026-06-16"",""vehicle_reg"":""KJA 981 BP"",""injuries"":true,""police_report"":false,""needs_human"":true}","{""claim_type"":""Third party"",""incident_date"":""2026-06-16"",""vehicle_reg"":""KJA 981 BP"",""injuries"":true,""police_report"":false,""needs_human"":false}",465,1195,68,388,1477,0,0
MSG-0201,2026-06-09 13:33,English,"Hello, My car skidded into a gutter on 04/06/2026 in Yaba. The car is a Hyundai Elantra, plate number KJA 451 SM. My passenger was injured and taken to hospital. This is my second message and nobody has replied. This is unacceptable! What do I do next?",2,Accident damage,2026-06-04,KJA 451 SM,1,0,1,,1,"{""claim_type"":""Accident damage"",""incident_date"":""2026-06-04"",""vehicle_reg"":""KJA 451 SM"",""injuries"":true,""police_report"":false,""needs_human"":true}","{""claim_type"":""Accident damage"",""incident_date"":""2026-06-04"",""vehicle_reg"":""KJA 451 SM"",""injuries"":true,""police_report"":false,""needs_human"":true}","{""claim_type"":""Accident damage"",""incident_date"":""2026-06-04"",""vehicle_reg"":""KJA 451 SM"",""injuries"":true,""police_report"":false,""needs_human"":true}",490,1220,65,598,1463,0,0
MSG-0202,2026-06-04 17:23,English,"Good afternoon. I had an accident on 1 June in Gwarinpa. The car is a Hyundai Elantra, plate number LSD 699 VE. The other driver was hurt and is in hospital. The repair will cost about ₦3m. How do I claim?",3,Accident damage,2026-06-01,LSD 699 VE,1,0,0,2970000,1,"{""claim_type"":""Accident damage"",""incident_date"":""2026-06-01"",""vehicle_reg"":""LSD 699 VE"",""injuries"":false,""police_report"":false,""needs_human"":true}","{""claim_type"":""Accident damage"",""incident_date"":""2026-06-01"",""vehicle_reg"":""LSD 699 VE"",""injuries"":true,""police_report"":false,""needs_human"":true}","{""claim_type"":""Accident damage"",""incident_date"":""2026-06-01"",""vehicle_reg"":""LSD 699 VE"",""injuries"":true,""police_report"":false,""needs_human"":true}",477,1207,78,753,1511,0,0
MSG-0203,2026-06-02 19:17,English,Good morning. My car skidded into a gutter yesterday in Surulere. It's my Nissan Almera. I have reported it to the police. What do I do next?,4,Accident damage,2026-06-01,,0,1,0,,0,"{""claim_type"":""Accident damage"",""incident_date"":""2026-06-01"",""vehicle_reg"":null,""injuries"":false,""police_report"":true,""needs_human"":false}","{""claim_type"":""Third party"",""incident_date"":""2026-06-01"",""vehicle_reg"":null,""injuries"":false,""police_report"":true,""needs_human"":false}","{""claim_type"":""Accident damage"",""incident_date"":""2026-06-01"",""vehicle_reg"":null,""injuries"":false,""police_report"":true,""needs_human"":false}",459,1189,76,1099,1295,0,0
MSG-0204,2026-06-23 21:54,English,"Hi Shieldline, My car was stolen on 21/06/2026 in Gwarinpa. The car is a Lexus RX 350, plate number RBC 307 LG. I have a police report. How do I claim?",0,Theft,2026-06-21,RBC 307 LG,0,1,0,,1,"{""claim_type"":""Theft"",""incident_date"":""2026-06-21"",""vehicle_reg"":""RBC 307 LG"",""injuries"":false,""police_report"":true,""needs_human"":false}","{""claim_type"":""Theft"",""incident_date"":""2026-06-21"",""vehicle_reg"":""RBC 307 LG"",""injuries"":false,""police_report"":true,""needs_human"":true}","{""claim_type"":""Theft"",""incident_date"":""2026-06-21"",""vehicle_reg"":""RBC 307 LG"",""injuries"":false,""police_report"":true,""needs_human"":true}",462,1192,72,934,1263,0,0
MSG-0205,2026-06-08 21:11,Pidgin,"Good morning o, stone break my windscreen on 06/06/2026 for Yaba. Na Lexus RX 350, number na GGE 855 CH. Which document una need?",2,Windscreen,2026-06-06,GGE 855 CH,0,0,0,,0,"{""claim_type"":""Theft"",""incident_date"":""2026-06-06"",""vehicle_reg"":""GGE 855 CH"",""injuries"":false,""police_report"":false,""needs_human"":false}","{""claim_type"":""Windscreen"",""incident_date"":""2026-06-06"",""vehicle_reg"":""GGE 855 CH"",""injuries"":false,""police_report"":false,""needs_human"":false}","{""claim_type"":""Windscreen"",""incident_date"":""2026-06-06"",""vehicle_reg"":""GGE 855 CH"",""injuries"":false,""police_report"":false,""needs_human"":false}",456,1186,72,409,2924,1,0
MSG-0206,2026-06-01 08:31,English,"Good afternoon. I hit a keke and damaged it yesterday at Ikeja. It's a Honda Accord, plate number KJA 890 SD. Nobody was hurt. What documents do you need?",0,Third party,2026-05-31,KJA 890 SD,0,0,0,,0,"{""claim_type"":""Third party"",""incident_date"":""2026-05-31"",""vehicle_reg"":""KJA 890 SD"",""injuries"":false,""police_report"":false,""needs_human"":true}","{""claim_type"":""Third party"",""incident_date"":""2026-05-31"",""vehicle_reg"":""KJA 890 SD"",""injuries"":false,""police_report"":false,""needs_human"":true}","{""claim_type"":""Third party"",""incident_date"":""2026-05-31"",""vehicle_reg"":""KJA 890 SD"",""injuries"":false,""police_report"":false,""needs_human"":false}",463,1193,79,442,1945,0,0
MSG-0207,2026-06-04 14:18,Pidgin,"I jam pole on 31 May for GRA Port Harcourt, motor don scatter. Na Toyota Corolla, number na APP 688 BB. Nobody wound. I don report for police. Which document una need?",3,Accident damage,2026-05-31,APP 688 BB,0,1,0,,0,"{""claim_type"":""Accident damage"",""incident_date"":""2026-05-31"",""vehicle_reg"":""APP 688 BB"",""injuries"":false,""police_report"":true,""needs_human"":false}","Sure! Here is the JSON:
{""claim_type"":""Accident damage"",""incident_date"":""2026-05-31"",""vehicle_reg"":""APP 688 BB"",""injuries"":false,""police_report"":true,""needs_human"":false}","{""claim_type"":""Accident damage"",""incident_date"":""2026-05-31"",""vehicle_reg"":""APP 688 BB"",""injuries"":false,""police_report"":true,""needs_human"":false}",466,1196,73,715,1753,0,0
MSG-0208,2026-06-06 21:15,Pidgin,"Thief carry my motor go this morning for GRA Port Harcourt. Na Kia Rio, number na EKY 681 GS. I don report for police. Wetin I go do?",0,Theft,2026-06-06,EKY 681 GS,0,1,0,,1,"{""claim_type"":""Theft"",""incident_date"":""2026-06-05"",""vehicle_reg"":""EKY 681 GS"",""injuries"":false,""police_report"":true,""needs_human"":true}","{""claim_type"":""Theft"",""incident_date"":""2026-06-06"",""vehicle_reg"":""EKY 681 GS"",""injuries"":false,""police_report"":true,""needs_human"":true}","{""claim_type"":""Theft"",""incident_date"":""2026-06-06"",""vehicle_reg"":""EKY 681 GS"",""injuries"":false,""police_report"":true,""needs_human"":true}",457,1187,65,601,1681,0,0
MSG-0209,2026-06-04 19:04,English,"Hello, A truck reversed into my car on 29/05/2026 at Garki. It's my Hyundai Elantra. Thank God no one was injured. The repair will cost about ₦2m. How do I claim?",2,Third party,2026-05-29,,0,0,0,1990000,0,"Sure! Here is the JSON:
{""claim_type"":""Third party"",""incident_date"":""2026-05-29"",""vehicle_reg"":null,""injuries"":false,""police_report"":false,""needs_human"":false}","{""claim_type"":""Third party"",""incident_date"":""2026-05-29"",""vehicle_reg"":null,""injuries"":false,""police_report"":false,""needs_human"":false}","{""claim_type"":""Third party"",""incident_date"":""2026-05-29"",""vehicle_reg"":null,""injuries"":false,""police_report"":false,""needs_human"":false}",465,1195,73,729,774,0,0
MSG-0210,2026-06-28 14:33,Pidgin,"Shieldline abeg, stone break my windscreen on 22/06/2026 for GRA Port Harcourt. Na my Hyundai Elantra. Which document una need?",3,Windscreen,2026-06-22,,0,0,0,,0,"{""claim_type"":""Windscreen"",""incident_date"":""2026-06-22"",""vehicle_reg"":""FKJ 825 RH"",""injuries"":false,""police_report"":false,""needs_human"":false}","{""claim_type"":""Windscreen"",""incident_date"":""2026-06-22"",""vehicle_reg"":null,""injuries"":false,""police_report"":false,""needs_human"":false}","{""claim_type"":""Windscreen"",""incident_date"":""2026-06-22"",""vehicle_reg"":null,""injuries"":false,""police_report"":false,""needs_human"":true}",455,1185,68,741,1653,0,0
MSG-0211,2026-06-20 10:23,English,"Good morning. A truck reversed into my car on 17/06/2026 at Surulere. The car is a Nissan Almera, plate number GGE 836 RA. I hurt my arm and went to the hospital. I have a police report. The repair will cost about ₦1.6m. What documents do you need?",3,Third party,2026-06-17,GGE 836 RA,1,1,0,1610000,1,"{""claim_type"":""Third party"",""incident_date"":""2026-06-17"",""vehicle_reg"":""GGE 836 RA"",""injuries"":true,""police_report"":true,""needs_human"":true}","{""claim_type"":""Third party"",""incident_date"":""2026-06-17"",""vehicle_reg"":""GGE836RA"",""injuries"":true,""police_report"":true,""needs_human"":true}","{""claim_type"":""Third party"",""incident_date"":""2026-06-17"",""vehicle_reg"":""GGE 836 RA"",""injuries"":false,""police_report"":true,""needs_human"":true}",489,1219,58,731,1048,0,0
MSG-0212,2026-06-07 14:28,English,Good morning. I hit a pole on 03/06/2026 in Wuse 2. It's my Honda Accord. Nobody was hurt.,2,Accident damage,2026-06-03,,0,0,0,,0,"{""claim_type"":""Accident damage"",""incident_date"":""2026-06-03"",""vehicle_reg"":null,""injuries"":false,""police_report"":false,""needs_human"":false}","{""claim_type"":""Accident damage"",""incident_date"":""2026-06-03"",""vehicle_reg"":null,""injuries"":false,""police_report"":true,""needs_human"":false}","{""claim_type"":""Accident damage"",""incident_date"":""2026-06-03"",""vehicle_reg"":null,""injuries"":false,""police_report"":false,""needs_human"":false}",445,1175,61,816,1062,0,0
MSG-0213,2026-06-23 08:30,English,"Good morning. I hit a keke and damaged it on 21/06/2026 at Festac. It's a Lexus RX 350, plate number SMK 219 TS. Thank God no one was injured. I have a police report. The repair will cost about ₦1.1m. This is my second message and nobody has replied. This is unacceptable!",0,Third party,2026-06-21,SMK 219 TS,0,1,1,1100000,1,"{""claim_type"":""Third party"",""incident_date"":""2026-06-21"",""vehicle_reg"":""SMK 219 TS"",""injuries"":false,""police_report"":true,""needs_human"":true}","{""claim_type"":""Accident damage"",""incident_date"":""2026-06-21"",""vehicle_reg"":""SMK 219 TS"",""injuries"":false,""police_report"":true,""needs_human"":false}","{""claim_type"":""Third party"",""incident_date"":""2026-06-21"",""vehicle_reg"":""SMK 219 TS"",""injuries"":false,""police_report"":true,""needs_human"":true}",496,1226,79,461,1411,0,0
MSG-0214,2026-06-27 21:57,English,"Good afternoon. My windscreen cracked on 27/06/2026 in Gwarinpa. It's a Toyota Highlander, plate number LSD 783 RF. The repair will cost about ₦350k. How do I claim?",0,Windscreen,2026-06-27,LSD 783 RF,0,0,0,350000,0,"{""claim_type"":""Windscreen"",""incident_date"":""2026-06-27"",""vehicle_reg"":""LSD783RF"",""injuries"":false,""police_report"":false,""needs_human"":false}","{""claim_type"":""Windscreen"",""incident_date"":""2026-06-27"",""vehicle_reg"":""LSD 783 RF"",""injuries"":false,""police_report"":false,""needs_human"":false}","{""claim_type"":""Windscreen"",""incident_date"":""2026-06-27"",""vehicle_reg"":""LSD 783 RF"",""injuries"":false,""police_report"":false,""needs_human"":false}",466,1196,62,662,1095,0,0
MSG-0215,2026-06-10 15:50,Pidgin,"Good morning o, I jam pole on 9 June for Surulere, motor don scatter. Na Nissan Almera, number na SMK 123 FN. God dey, nobody wound. I don report for police. Mechanic talk say e go cost like ₦2.5m. Abeg help me.",1,Accident damage,2026-06-09,SMK 123 FN,0,1,0,2490000,0,"{""claim_type"":""Accident damage"",""incident_date"":""2026-06-09"",""vehicle_reg"":""SMK 123 FN"",""injuries"":false,""police_report"":true,""needs_human"":false}","{""claim_type"":""Accident damage"",""incident_date"":""2026-06-09"",""vehicle_reg"":""SMK 123 FN"",""injuries"":false,""police_report"":true,""needs_human"":false}","{""claim_type"":""Accident damage"",""incident_date"":""2026-06-09"",""vehicle_reg"":""SMK 123 FN"",""injuries"":false,""police_report"":true,""needs_human"":false}",479,1209,79,586,2830,0,0
MSG-0216,2026-06-19 21:50,English,"Hi Shieldline, A danfo bus hit my car on 17 June at Lekki. It's a Honda Accord, plate number EKY 343 KA. Nobody was hurt. I have reported it to the police. The repair will cost about ₦1.5m.",3,Third party,2026-06-17,EKY 343 KA,0,1,0,1480000,0,"{""claim_type"":""Theft"",""incident_date"":""2026-06-17"",""vehicle_reg"":""EKY 343 KA"",""injuries"":false,""police_report"":true,""needs_human"":false}","{""claim_type"":""Third party"",""incident_date"":""2026-06-17"",""vehicle_reg"":""EKY 343 KA"",""injuries"":false,""police_report"":true,""needs_human"":false}","{""claim_type"":""Third party"",""incident_date"":""2026-06-17"",""vehicle_reg"":""EKY 343 KA"",""injuries"":false,""police_report"":true,""needs_human"":true}",473,1203,70,583,2389,0,0
MSG-0217,2026-06-06 20:05,Pidgin,"Thief carry my motor go on 03/06/2026 for Bodija. Na Honda Accord, number na RBC 686 SG. Police don write report. Una no dey reply message at all, this one no good! Which document una need?",0,Theft,2026-06-03,RBC 686 SG,0,1,1,,1,"{""claim_type"":""Theft"",""incident_date"":""2026-06-03"",""vehicle_reg"":""RBC 686 SG"",""injuries"":false,""police_report"":true,""needs_human"":false}","{""claim_type"":""Theft"",""incident_date"":""2026-06-03"",""vehicle_reg"":""RBC 686 SG"",""injuries"":false,""police_report"":true,""needs_human"":true}","{""claim_type"":""Theft"",""incident_date"":""2026-06-03"",""vehicle_reg"":""RBC 686 SG"",""injuries"":false,""police_report"":true,""needs_human"":true}",473,1203,73,557,1590,0,0
MSG-0218,2026-06-18 07:40,English,"Hi Shieldline, My car was stolen on 14 June in Garki. It's a Hyundai Elantra, plate number FKJ 327 BR. The police came and wrote a report. The car is worth about ₦12m.",0,Theft,2026-06-14,FKJ 327 BR,0,1,0,12000000,1,"{""claim_type"":""Theft"",""incident_date"":""2026-06-14"",""vehicle_reg"":""FKJ 327 BR"",""injuries"":false,""police_report"":true,""needs_human"":true}","{""claim_type"":""Theft"",""incident_date"":""2026-06-14"",""vehicle_reg"":""FKJ 327 BR"",""injuries"":false,""police_report"":true,""needs_human"":true}","{""claim_type"":""Theft"",""incident_date"":""2026-06-14"",""vehicle_reg"":""FKJ 327 BR"",""injuries"":false,""police_report"":true,""needs_human"":false}",466,1196,57,735,1066,0,0
MSG-0219,2026-06-06 18:08,English,"Good morning. I hit a pole on 03/06/2026 in Garki. The car is a Honda Accord, plate number ABJ 536 MS. Thank God no one was injured. What do I do next?",1,Accident damage,2026-06-03,ABJ 536 MS,0,0,0,,0,"{""claim_type"":""Accident damage"",""incident_date"":""2026-06-03"",""vehicle_reg"":""ABJ536MS"",""injuries"":false,""police_report"":false,""needs_human"":false}","{""claim_type"":""Accident damage"",""incident_date"":""2026-06-03"",""vehicle_reg"":""ABJ 536 MS"",""injuries"":false,""police_report"":false,""needs_human"":false}","{""claim_type"":""Accident damage"",""incident_date"":""2026-06-03"",""vehicle_reg"":""ABJ 536 MS"",""injuries"":false,""police_report"":false,""needs_human"":false}",462,1192,80,571,2136,0,0
MSG-0220,2026-06-26 11:41,English,Good morning. My car was snatched at gunpoint on 23 June in Festac. It's my Toyota Camry. I have reported it to the police. How do I claim?,0,Theft,2026-06-23,,0,1,0,,1,"{""claim_type"":""Theft"",""incident_date"":""2026-06-23"",""vehicle_reg"":null,""injuries"":false,""police_report"":true,""needs_human"":false}","{""claim_type"":""Theft"",""incident_date"":""2026-06-23"",""vehicle_reg"":null,""injuries"":false,""police_report"":true,""needs_human"":true}","{""claim_type"":""Theft"",""incident_date"":""2026-06-26"",""vehicle_reg"":null,""injuries"":false,""police_report"":true,""needs_human"":true}",459,1189,73,767,1316,0,0
MSG-0221,2026-06-21 12:15,English,"Hi Shieldline, I had an accident on 18 June in Ajah. It's a Toyota Camry, plate number KJA 882 ZF. The other driver was hurt and is in hospital. I have reported it to the police. The repair will cost about ₦1.6m. How do I claim?",3,Accident damage,2026-06-18,KJA 882 ZF,1,1,0,1550000,1,"{""claim_type"":""Third party"",""incident_date"":""2026-06-18"",""vehicle_reg"":""KJA 882 ZF"",""injuries"":true,""police_report"":true,""needs_human"":false}","{""claim_type"":""Accident damage"",""incident_date"":""2026-06-18"",""vehicle_reg"":""KJA 882 ZF"",""injuries"":true,""police_report"":true,""needs_human"":true}","{""claim_type"":""Accident damage"",""incident_date"":""2026-06-18"",""vehicle_reg"":""KJA 882 ZF"",""injuries"":true,""police_report"":true,""needs_human"":true}",483,1213,64,898,3875,0,0
MSG-0222,2026-06-22 20:41,English,"My windscreen cracked yesterday in Surulere. It's a Nissan Almera, plate number RBC 677 GJ. The repair will cost about ₦275k.",2,Windscreen,2026-06-21,RBC 677 GJ,0,0,0,275000,0,"{""claim_type"":""Windscreen"",""incident_date"":""2026-06-21"",""vehicle_reg"":""RBC 677 GJ"",""injuries"":false,""police_report"":false,""needs_human"":false}","{""claim_type"":""Windscreen"",""incident_date"":""2026-06-21"",""vehicle_reg"":""RBC 677 GJ"",""injuries"":false,""police_report"":false,""needs_human"":false}","{""claim_type"":""Windscreen"",""incident_date"":""2026-06-21"",""vehicle_reg"":""RBC 677 GJ"",""injuries"":false,""police_report"":false,""needs_human"":false}",455,1185,65,1044,1303,0,0
MSG-0223,2026-06-21 11:03,English,"I had an accident today in Garki. It's a Hyundai Elantra, plate number LSD 244 XP. Thank God no one was injured. The repair will cost about ₦600k. What documents do you need?",3,Accident damage,2026-06-21,LSD 244 XP,0,0,0,600000,0,"{""claim_type"":""Accident damage"",""incident_date"":""2026-06-20"",""vehicle_reg"":""LSD 244 XP"",""injuries"":false,""police_report"":false,""needs_human"":false}","{""claim_type"":""Accident damage"",""incident_date"":""2026-06-21"",""vehicle_reg"":""LSD 244 XP"",""injuries"":false,""police_report"":false,""needs_human"":false}","{""claim_type"":""Accident damage"",""incident_date"":""2026-06-21"",""vehicle_reg"":""LSD244XP"",""injuries"":false,""police_report"":false,""needs_human"":false}",468,1198,77,345,2506,0,0
MSG-0224,2026-06-08 08:17,English,"Good afternoon. I hit a keke and damaged it yesterday at Ajah. It's a Lexus RX 350, plate number SMK 908 BX. Thank God no one was injured. What documents do you need?",2,Third party,2026-06-07,SMK 908 BX,0,0,0,,0,"{""claim_type"":""Third party"",""incident_date"":""2026-06-07"",""vehicle_reg"":""SMK 908 BX"",""injuries"":false,""police_report"":false,""needs_human"":false}","{""claim_type"":""Third party"",""incident_date"":""2026-06-07"",""vehicle_reg"":""SMK 908 BX"",""injuries"":false,""police_report"":false,""needs_human"":false}","{""claim_type"":""Third party"",""incident_date"":""2026-06-07"",""vehicle_reg"":""SMK 908 BX"",""injuries"":false,""police_report"":false,""needs_human"":false}",466,1196,70,541,1256,0,0
MSG-0225,2026-06-07 17:17,English,"Good afternoon. My car skidded into a gutter last night in GRA Port Harcourt. The car is a Lexus RX 350, plate number GGE 496 UM. I have a police report. If I don't hear back today I will report you to NAICOM. What do I do next?",1,Accident damage,2026-06-06,GGE 496 UM,0,1,1,,1,"{""claim_type"":""Accident damage"",""incident_date"":""2026-06-07"",""vehicle_reg"":""GGE496UM"",""injuries"":false,""police_report"":false,""needs_human"":true}","{""claim_type"":""Accident damage"",""incident_date"":""2026-06-06"",""vehicle_reg"":""GGE 496 UM"",""injuries"":false,""police_report"":true,""needs_human"":true}","{""claim_type"":""Accident damage"",""incident_date"":""2026-06-06"",""vehicle_reg"":""GGE 496 UM"",""injuries"":false,""police_report"":true,""needs_human"":true}",483,1213,60,840,1501,1,0
MSG-0226,2026-06-02 13:41,English,"Good afternoon. My windscreen cracked on 31 May in Surulere. It's a Toyota Corolla, plate number RBC 910 TM. The repair will cost about ₦345k. Please help.",0,Windscreen,2026-05-31,RBC 910 TM,0,0,0,345000,0,"{""claim_type"":""Windscreen"",""incident_date"":""2026-05-31"",""vehicle_reg"":""RBC910TM"",""injuries"":false,""police_report"":false,""needs_human"":false}","{""claim_type"":""Windscreen"",""incident_date"":""2026-05-31"",""vehicle_reg"":""RBC 910 TM"",""injuries"":false,""police_report"":false,""needs_human"":false}","{""claim_type"":""Windscreen"",""incident_date"":""2026-05-31"",""vehicle_reg"":""RBC 910 TM"",""injuries"":false,""police_report"":false,""needs_human"":false}",463,1193,67,417,2405,0,0
MSG-0227,2026-06-08 09:08,English,"Hello, I had an accident on 03/06/2026 in Festac. The car is a Toyota Camry, plate number FKJ 261 UB. I am very angry, you people collect premium and disappear. How do I claim?",0,Accident damage,2026-06-03,FKJ 261 UB,0,0,1,,1,"{""claim_type"":""Accident damage"",""incident_date"":""2026-06-03"",""vehicle_reg"":""FKJ 261 UB"",""injuries"":false,""police_report"":false,""needs_human"":false}","{""claim_type"":""Accident damage"",""incident_date"":""2026-06-03"",""vehicle_reg"":""FKJ 261 UB"",""injuries"":false,""police_report"":false,""needs_human"":false}","{""claim_type"":""Accident damage"",""incident_date"":""2026-06-03"",""vehicle_reg"":""FKJ 261 UB"",""injuries"":false,""police_report"":false,""needs_human"":true}",469,1199,69,1109,2279,1,0
MSG-0228,2026-06-21 10:46,English,"Good morning. My windscreen cracked on 19/06/2026 in Ikeja. The car is a Nissan Almera, plate number APP 650 RM.",0,Windscreen,2026-06-19,APP 650 RM,0,0,0,,0,"{""claim_type"":""Windscreen"",""incident_date"":""2026-06-19"",""vehicle_reg"":""APP 650 RM"",""injuries"":false,""police_report"":false,""needs_human"":false}","{""claim_type"":""Windscreen"",""incident_date"":""2026-06-19"",""vehicle_reg"":""APP 650 RM"",""injuries"":false,""police_report"":false,""needs_human"":false}","{""claim_type"":""Windscreen"",""incident_date"":""2026-06-19"",""vehicle_reg"":""APP 650 RM"",""injuries"":false,""police_report"":false,""needs_human"":false}",451,1181,71,941,1897,0,0
MSG-0229,2026-06-02 12:47,English,"A truck reversed into my car on 27 May at Ikeja. It's a Lexus RX 350, plate number KTU 325 FL. Thank God no one was injured.",0,Third party,2026-05-27,KTU 325 FL,0,0,0,,0,"{""claim_type"":""Third party"",""incident_date"":""2026-05-27"",""vehicle_reg"":""KTU 325 FL"",""injuries"":false,""police_report"":false,""needs_human"":false}","{""claim_type"":""Third party"",""incident_date"":""2026-05-27"",""vehicle_reg"":""KTU 325 FL"",""injuries"":false,""police_report"":false,""needs_human"":false}","{""claim_type"":""Third party"",""incident_date"":""2026-05-27"",""vehicle_reg"":""KTU 325 FL"",""injuries"":false,""police_report"":false,""needs_human"":false}",454,1184,70,576,2489,0,0
MSG-0230,2026-06-06 11:54,Pidgin,"Good morning o, one motor jam my motor on 31/05/2026 for Bodija. Na my Toyota Highlander. Nobody wound.",0,Third party,2026-05-31,,0,0,0,,0,"{""claim_type"":""Third party"",""incident_date"":""2026-05-31"",""vehicle_reg"":null,""injuries"":false,""police_report"":false,""needs_human"":false}","{""claim_type"":""Third party"",""incident_date"":""2026-05-31"",""vehicle_reg"":null,""injuries"":false,""police_report"":false,""needs_human"":false}","{""claim_type"":""Windscreen"",""incident_date"":""2026-05-31"",""vehicle_reg"":null,""injuries"":false,""police_report"":false,""needs_human"":true}",449,1179,59,738,2285,0,0
MSG-0231,2026-06-03 10:23,English,A danfo bus hit my car this morning at Festac. It's my Nissan Almera. Thank God no one was injured. What documents do you need?,0,Third party,2026-06-03,,0,0,0,,0,"{""claim_type"":""Third party"",""incident_date"":""2026-06-03"",""vehicle_reg"":null,""injuries"":true,""police_report"":false,""needs_human"":false}","{""claim_type"":""Third party"",""incident_date"":""2026-06-03"",""vehicle_reg"":null,""injuries"":false,""police_report"":false,""needs_human"":false}","{""claim_type"":""Third party"",""incident_date"":""2026-06-03"",""vehicle_reg"":null,""injuries"":false,""police_report"":false,""needs_human"":false}",455,1185,69,617,1702,0,0
MSG-0232,2026-06-15 15:13,English,"Hi Shieldline, I had an accident on 11/06/2026 in Maryland. The car is a Honda Accord, plate number KTU 940 PY. I have a police report. What do I do next?",3,Accident damage,2026-06-11,KTU 940 PY,0,1,0,,0,"{""claim_type"":""Accident damage"",""incident_date"":""2026-06-11"",""vehicle_reg"":""KTU 940 PY"",""injuries"":false,""police_report"":true,""needs_human"":false}","{""claim_type"":""Accident damage"",""incident_date"":""2026-06-11"",""vehicle_reg"":""KTU 940 PY"",""injuries"":false,""police_report"":true,""needs_human"":false}","{""claim_type"":""Accident damage"",""incident_date"":""2026-06-11"",""vehicle_reg"":""KTU 940 PY"",""injuries"":false,""police_report"":true,""needs_human"":false}",463,1193,58,529,1525,0,0
MSG-0233,2026-06-24 15:04,English,"Hello, I was involved in a crash on 22/06/2026 in Wuse 2. It's my Kia Rio. Thank God no one was injured. What documents do you need?",2,Accident damage,2026-06-22,,0,0,0,,0,"{""claim_type"":""Windscreen"",""incident_date"":""2026-06-22"",""vehicle_reg"":""SMK 722 TG"",""injuries"":true,""police_report"":false,""needs_human"":false}","{""claim_type"":""Accident damage"",""incident_date"":""2026-06-22"",""vehicle_reg"":""SMK 641 LP"",""injuries"":false,""police_report"":false,""needs_human"":false}","{""claim_type"":""Accident damage"",""incident_date"":""2026-06-22"",""vehicle_reg"":""KJA 240 HM"",""injuries"":false,""police_report"":false,""needs_human"":false}",457,1187,78,657,1926,0,0
MSG-0234,2026-06-03 18:01,Pidgin,"Abeg, trailer jam my motor on 29 May for Yaba. Na Lexus RX 350, number na GGE 511 PL. I don report for police. Which document una need?",3,Third party,2026-05-29,GGE 511 PL,0,1,0,,0,"{'claim_type':'Third party','incident_date':'2026-05-29','vehicle_reg':'GGE 511 PL','injuries':false,'police_report':true,'needs_human':false}","{""claim_type"":""Third party"",""incident_date"":""2026-05-29"",""vehicle_reg"":""GGE 511 PL"",""injuries"":false,""police_report"":false,""needs_human"":false}","{""claim_type"":""Third party"",""incident_date"":""2026-05-29"",""vehicle_reg"":""GGE 511 PL"",""injuries"":false,""police_report"":true,""needs_human"":false}",458,1188,70,712,1926,0,0
MSG-0235,2026-06-23 13:22,English,"Hi Shieldline, A truck reversed into my car on 18/06/2026 at Yaba. It's a Toyota Corolla, plate number APP 755 WS. Nobody was hurt. The repair will cost about ₦1.9m.",3,Third party,2026-06-18,APP 755 WS,0,0,0,1870000,0,"{""claim_type"":""Third party"",""incident_date"":""2026-06-18"",""vehicle_reg"":""APP755WS"",""injuries"":false,""police_report"":false,""needs_human"":false}","{""claim_type"":""Third party"",""incident_date"":""2026-06-18"",""vehicle_reg"":""APP 755 WS"",""injuries"":true,""police_report"":false,""needs_human"":false}","{""claim_type"":""Third party"",""incident_date"":""2026-06-18"",""vehicle_reg"":""APP 755 WS"",""injuries"":false,""police_report"":false,""needs_human"":false}",466,1196,57,699,1960,0,1
MSG-0236,2026-06-05 17:58,English,"Hi Shieldline, I hit a keke and damaged it on 30/05/2026 at Yaba. The car is a Toyota Corolla, plate number KTU 497 JC. I hurt my arm and went to the hospital. The police came and wrote a report. The repair will cost about ₦1.7m. If I don't hear back today I will report you to NAICOM. How do I claim?",2,Third party,2026-05-30,KTU 497 JC,1,1,1,1730000,1,"{""claim_type"":""Third party"",""incident_date"":""2026-05-30"",""vehicle_reg"":""KTU 497 JC"",""injuries"":true,""police_report"":true,""needs_human"":false}","{""claim_type"":""Accident damage"",""incident_date"":""2026-05-30"",""vehicle_reg"":""KTU 497 JC"",""injuries"":true,""police_report"":false,""needs_human"":true}","{""claim_type"":""Third party"",""incident_date"":""2026-05-30"",""vehicle_reg"":""KTU 497 JC"",""injuries"":true,""police_report"":true,""needs_human"":true}",504,1234,80,484,2073,0,0
MSG-0237,2026-06-25 16:28,English,"Good afternoon. My car skidded into a gutter yesterday in Festac. It's a Hyundai Elantra, plate number KJA 304 CA. The other driver was hurt and is in hospital. If I don't hear back today I will report you to NAICOM. What do I do next?",4,Accident damage,2026-06-24,KJA 304 CA,1,0,1,,1,"{""claim_type"":""Accident damage"",""incident_date"":""2026-06-25"",""vehicle_reg"":""KJA 304 CA"",""injuries"":true,""police_report"":false,""needs_human"":true}","{""claim_type"":""Accident damage"",""incident_date"":""2026-06-24"",""vehicle_reg"":""KJA 304 CA"",""injuries"":true,""police_report"":false,""needs_human"":false}","{""claim_type"":""Accident damage"",""incident_date"":""2026-06-23"",""vehicle_reg"":""KJA 304 CA"",""injuries"":true,""police_report"":false,""needs_human"":true}",485,1215,61,487,2705,0,0
MSG-0238,2026-06-29 07:40,English,"I had an accident on 23 June in Ikeja. It's a Nissan Almera, plate number AAA 498 DV. The repair will cost about ₦1.5m. How do I claim?",0,Accident damage,2026-06-23,AAA 498 DV,0,0,0,1460000,0,"{""claim_type"":""Accident damage"",""incident_date"":""2026-06-23"",""vehicle_reg"":""AAA 498 DV"",""injuries"":false,""police_report"":false,""needs_human"":false}","{""claim_type"":""Accident damage"",""incident_date"":""2026-06-23"",""vehicle_reg"":""AAA 498 DV"",""injuries"":false,""police_report"":false,""needs_human"":true}","{""claim_type"":""Accident damage"",""incident_date"":""2026-06-23"",""vehicle_reg"":""AAA 498 DV"",""injuries"":false,""police_report"":false,""needs_human"":false}",458,1188,57,864,1840,0,0
MSG-0239,2026-06-05 19:34,English,"Hi Shieldline, I was involved in a crash on 02/06/2026 in Maryland. It's a Nissan Almera, plate number GGE 703 HG. Thank God no one was injured. What documents do you need?",1,Accident damage,2026-06-02,GGE 703 HG,0,0,0,,0,"{""claim_type"":""Accident damage"",""incident_date"":""2026-06-02"",""vehicle_reg"":""GGE 703 HG"",""injuries"":false,""police_report"":false,""needs_human"":false}","{""claim_type"":""Accident damage"",""incident_date"":""2026-06-02"",""vehicle_reg"":""GGE 703 HG"",""injuries"":false,""police_report"":false,""needs_human"":false}","{""claim_type"":""Accident damage"",""incident_date"":""2026-06-02"",""vehicle_reg"":""GGE 703 HG"",""injuries"":false,""police_report"":false,""needs_human"":false}",468,1198,74,674,2901,0,0
MSG-0240,2026-06-24 10:22,English,"Hi Shieldline, I had an accident this morning in Yaba. The car is a Hyundai Elantra, plate number EKY 679 BV. I have a police report. What do I do next?",4,Accident damage,2026-06-24,EKY 679 BV,0,1,0,,0,"{""claim_type"":""Accident damage"",""incident_date"":""2026-06-23"",""vehicle_reg"":""EKY 679 BV"",""injuries"":false,""police_report"":true,""needs_human"":false}","{""claim_type"":""Accident damage"",""incident_date"":""2026-06-24"",""vehicle_reg"":""EKY 679 BV"",""injuries"":false,""police_report"":true,""needs_human"":false}","{""claim_type"":""Accident damage"",""incident_date"":""2026-06-24"",""vehicle_reg"":""EKY 679 BV"",""injuries"":false,""police_report"":true,""needs_human"":false}",462,1192,64,591,1387,0,0
MSG-0241,2026-06-13 19:46,English,"I hit a pole yesterday in Surulere. It's a Nissan Almera, plate number GGE 148 GP. Thank God no one was injured. The police came and wrote a report. What documents do you need?",0,Accident damage,2026-06-12,GGE 148 GP,0,1,0,,0,"{""claim_type"":""Third party"",""incident_date"":""2026-06-12"",""vehicle_reg"":""GGE 148 GP"",""injuries"":false,""police_report"":true,""needs_human"":false}","{""claim_type"":""Accident damage"",""incident_date"":""2026-06-12"",""vehicle_reg"":""GGE 148 GP"",""injuries"":false,""police_report"":true,""needs_human"":false}","{""claim_type"":""Accident damage"",""incident_date"":""2026-06-12"",""vehicle_reg"":""GGE 148 GP"",""injuries"":false,""police_report"":true,""needs_human"":false}",469,1199,74,549,2475,0,0
MSG-0242,2026-06-20 18:49,English,"Hi Shieldline, A truck reversed into my car on 18 June at Wuse 2. It's a Toyota Camry, plate number BDG 583 TV. Thank God no one was injured. I have reported it to the police. What do I do next?",3,Third party,2026-06-18,BDG 583 TV,0,1,0,,0,"{""claim_type"":""Third party"",""incident_date"":""2026-06-18"",""vehicle_reg"":""BDG 583 TV"",""injuries"":false,""police_report"":true,""needs_human"":false}","{""claim_type"":""Third party"",""incident_date"":""2026-06-18"",""vehicle_reg"":""BDG583TV"",""injuries"":false,""police_report"":true,""needs_human"":true}","{""claim_type"":""Third party"",""incident_date"":""2026-06-18"",""vehicle_reg"":""BDG 583 TV"",""injuries"":false,""police_report"":true,""needs_human"":false}",474,1204,66,674,2110,0,0
MSG-0243,2026-06-08 18:32,Pidgin,"Shieldline abeg, stone break my windscreen on 06/06/2026 for Ikeja. Na Lexus RX 350, number na SMK 637 GJ. Which document una need?",1,Windscreen,2026-06-06,SMK 637 GJ,0,0,0,,0,"{""claim_type"":""Windscreen"",""incident_date"":""2026-06-06"",""vehicle_reg"":""SMK 637 GJ"",""injuries"":false,""police_report"":false,""needs_human"":false}","{""claim_type"":""Windscreen"",""incident_date"":""2026-06-06"",""vehicle_reg"":""SMK 637 GJ"",""injuries"":false,""police_report"":false,""needs_human"":false}","{""claim_type"":""Windscreen"",""incident_date"":""2026-06-06"",""vehicle_reg"":""SMK 637 GJ"",""injuries"":false,""police_report"":false,""needs_human"":false}",456,1186,59,551,1989,0,0
MSG-0244,2026-06-12 12:42,English,"I had an accident on 09/06/2026 in Maryland. The car is a Kia Rio, plate number LSD 742 GC. Thank God no one was injured. The repair will cost about ₦2.8m.",1,Accident damage,2026-06-09,LSD 742 GC,0,0,0,2810000,0,"{""claim_type"":""Accident damage"",""incident_date"":""2026-06-09"",""vehicle_reg"":""LSD 742 GC"",""injuries"":false,""police_report"":false,""needs_human"":false}","{""claim_type"":""Accident damage"",""incident_date"":""2026-06-09"",""vehicle_reg"":""LSD 742 GC"",""injuries"":false,""police_report"":true,""needs_human"":false}","{""claim_type"":""Accident damage"",""incident_date"":""2026-06-09"",""vehicle_reg"":""LSD 742 GC"",""injuries"":false,""police_report"":false,""needs_human"":false}",463,1193,74,831,2574,0,0
MSG-0245,2026-06-07 18:56,English,"Good morning. My car skidded into a gutter on 03/06/2026 in Maryland. The car is a Kia Rio, plate number SMK 613 RW. Thank God no one was injured. The repair will cost about ₦280k. How do I claim?",0,Accident damage,2026-06-03,SMK 613 RW,0,0,0,280000,0,"{""claim_type"":""Accident damage"",""incident_date"":""2026-06-03"",""vehicle_reg"":""SMK 613 RW"",""injuries"":false,""police_report"":false,""needs_human"":false}","{""claim_type"":""Accident damage"",""incident_date"":""2026-06-03"",""vehicle_reg"":""SMK 613 RW"",""injuries"":false,""police_report"":false,""needs_human"":false}","{""claim_type"":""Accident damage"",""incident_date"":""2026-06-03"",""vehicle_reg"":""SMK 613 RW"",""injuries"":false,""police_report"":false,""needs_human"":false}",474,1204,61,540,2019,0,0
MSG-0246,2026-06-01 07:07,Pidgin,"Good morning o, stone break my windscreen on 28/05/2026 for Maryland. Na Hyundai Elantra, number na KTU 165 LN.",3,Windscreen,2026-05-28,KTU 165 LN,0,0,0,,0,"{""claim_type"":""Windscreen"",""incident_date"":""2026-05-28"",""vehicle_reg"":""KTU 165 LN"",""injuries"":false,""police_report"":false,""needs_human"":false}","{""claim_type"":""Windscreen"",""incident_date"":""2026-05-28"",""vehicle_reg"":""KTU 165 LN"",""injuries"":false,""police_report"":false,""needs_human"":false}","{""claim_type"":""Windscreen"",""incident_date"":""2026-05-28"",""vehicle_reg"":""KTU 165 LN"",""injuries"":false,""police_report"":false,""needs_human"":false}",451,1181,72,860,3133,0,0
MSG-0247,2026-06-15 10:04,English,"Hello, My car skidded into a gutter on 10 June in Wuse 2. The car is a Nissan Almera, plate number EKY 531 BA. Nobody was hurt. What do I do next?",2,Accident damage,2026-06-10,EKY 531 BA,0,0,0,,0,"{""claim_type"":""Accident damage"",""incident_date"":""2026-06-10"",""vehicle_reg"":""EKY 531 BA"",""injuries"":false,""police_report"":false,""needs_human"":false}","{""claim_type"":""Accident damage"",""incident_date"":""2026-06-15"",""vehicle_reg"":""EKY 531 BA"",""injuries"":false,""police_report"":false,""needs_human"":false}","{""claim_type"":""Accident damage"",""incident_date"":""2026-06-10"",""vehicle_reg"":""EKY 531 BA"",""injuries"":false,""police_report"":false,""needs_human"":false}",461,1191,66,458,2670,0,0
MSG-0248,2026-06-12 11:41,English,"Hello, A stone cracked my windscreen this morning in Garki. The car is a Toyota Camry, plate number APP 966 JT. What documents do you need?",0,Windscreen,2026-06-12,APP 966 JT,0,0,0,,0,"{""claim_type"":""Theft"",""incident_date"":""2026-06-12"",""vehicle_reg"":""APP 966 JT"",""injuries"":false,""police_report"":false,""needs_human"":false}","{""claim_type"":""Windscreen"",""incident_date"":""2026-06-12"",""vehicle_reg"":""APP 966 JT"",""injuries"":false,""police_report"":false,""needs_human"":false}","{""claim_type"":""Windscreen"",""incident_date"":""2026-06-12"",""vehicle_reg"":""APP 966 JT"",""injuries"":false,""police_report"":false,""needs_human"":false}",459,1189,57,951,1441,0,0
MSG-0249,2026-06-08 08:29,English,"Good morning. My windscreen got smashed on 5 June in Lekki. The car is a Hyundai Elantra, plate number KTU 823 SD. What documents do you need?",0,Windscreen,2026-06-05,KTU 823 SD,0,0,0,,0,"{""claim_type"":""Windscreen"",""incident_date"":""2026-06-05"",""vehicle_reg"":""KTU 823 SD"",""injuries"":false,""police_report"":false,""needs_human"":false}","{""claim_type"":""Windscreen"",""incident_date"":""2026-06-05"",""vehicle_reg"":""KTU 823 SD"",""injuries"":false,""police_report"":false,""needs_human"":false}","{""claim_type"":""Windscreen"",""incident_date"":""2026-06-05"",""vehicle_reg"":""KTU 823 SD"",""injuries"":false,""police_report"":false,""needs_human"":false}",459,1189,80,763,1735,0,0
MSG-0250,2026-06-29 15:01,English,"Hi Shieldline, I had an accident this morning in Lekki. It's a Toyota Corolla, plate number FKJ 859 FY. The other driver was hurt and is in hospital. The repair will cost about ₦2m. Please help.",0,Accident damage,2026-06-29,FKJ 859 FY,1,0,0,2030000,1,"{""claim_type"":""Accident damage"",""incident_date"":""2026-06-29"",""vehicle_reg"":""FKJ859FY"",""injuries"":true,""police_report"":false,""needs_human"":true}","{""claim_type"":""Accident damage"",""incident_date"":""2026-06-29"",""vehicle_reg"":""FKJ 859 FY"",""injuries"":true,""police_report"":false,""needs_human"":true}","{""claim_type"":""Accident damage"",""incident_date"":""2026-06-29"",""vehicle_reg"":""FKJ 859 FY"",""injuries"":true,""police_report"":false,""needs_human"":false}",474,1204,56,499,2065,0,0
MSG-0251,2026-06-03 19:42,English,I had an accident on 29/05/2026 in Surulere. It's my Toyota Highlander. Thank God no one was injured. What documents do you need?,0,Accident damage,2026-05-29,,0,0,0,,0,"{""claim_type"":""Accident damage"",""incident_date"":""2026-05-29"",""vehicle_reg"":null,""injuries"":false,""police_report"":false,""needs_human"":false}","{""claim_type"":""Accident damage"",""incident_date"":""2026-05-29"",""vehicle_reg"":null,""injuries"":false,""police_report"":false,""needs_human"":false}","{""claim_type"":""Accident damage"",""incident_date"":""2026-05-29"",""vehicle_reg"":null,""injuries"":false,""police_report"":false,""needs_human"":false}",456,1186,72,576,1264,0,0
MSG-0252,2026-06-12 18:44,English,"Hello, My windscreen got smashed on 08/06/2026 in Surulere. It's a Lexus RX 350, plate number KJA 568 JJ. The repair will cost about ₦420k. What documents do you need?",0,Windscreen,2026-06-08,KJA 568 JJ,0,0,0,420000,0,"Sure! Here is the JSON:
{""claim_type"":""Windscreen"",""incident_date"":""2026-06-08"",""vehicle_reg"":""KJA 568 JJ"",""injuries"":false,""police_report"":false,""needs_human"":false}","{""claim_type"":""Windscreen"",""incident_date"":""2026-06-08"",""vehicle_reg"":""KJA 568 JJ"",""injuries"":false,""police_report"":false,""needs_human"":false}","{""claim_type"":""Windscreen"",""incident_date"":""2026-06-08"",""vehicle_reg"":""KJA 568 JJ"",""injuries"":false,""police_report"":false,""needs_human"":false}",466,1196,57,828,1327,0,0
MSG-0253,2026-06-26 08:32,English,"Hello, I hit a pole on 23/06/2026 in Ajah. It's a Hyundai Elantra, plate number FKJ 744 ZV. The police came and wrote a report. How do I claim?",2,Accident damage,2026-06-23,FKJ 744 ZV,0,1,0,,0,"{""claim_type"":""Accident damage"",""incident_date"":""2026-06-23"",""vehicle_reg"":""FKJ 744 ZV"",""injuries"":false,""police_report"":false,""needs_human"":false}","{""claim_type"":""Accident damage"",""incident_date"":""2026-06-23"",""vehicle_reg"":""FKJ 744 ZV"",""injuries"":false,""police_report"":true,""needs_human"":false}","{""claim_type"":""Accident damage"",""incident_date"":""2026-06-23"",""vehicle_reg"":""FKJ 744 ZV"",""injuries"":true,""police_report"":true,""needs_human"":false}",460,1190,64,616,1444,0,0
MSG-0254,2026-06-08 15:40,English,"Hello, My windscreen cracked on 04/06/2026 in Ikeja. The car is a Hyundai Elantra, plate number EKY 867 MH. The repair will cost about ₦355k. How do I claim?",1,Windscreen,2026-06-04,EKY 867 MH,0,0,0,355000,0,"{""claim_type"":""Windscreen"",""incident_date"":""2026-06-04"",""vehicle_reg"":""EKY 867 MH"",""injuries"":false,""police_report"":false,""needs_human"":false}","{""claim_type"":""Windscreen"",""incident_date"":""2026-06-04"",""vehicle_reg"":""EKY 867 MH"",""injuries"":false,""police_report"":false,""needs_human"":false}","{""claim_type"":""Windscreen"",""incident_date"":""2026-06-04"",""vehicle_reg"":""EKY 867 MH"",""injuries"":false,""police_report"":false,""needs_human"":false}",464,1194,61,1236,2362,0,0
MSG-0255,2026-06-21 18:12,English,"Good afternoon. My windscreen cracked on 15/06/2026 in Festac. It's a Honda Accord, plate number EKY 272 GF. What do I do next?",2,Windscreen,2026-06-15,EKY 272 GF,0,0,0,,0,"{""claim_type"":""Windscreen"",""incident_date"":""2026-06-21"",""vehicle_reg"":""EKY 272 GF"",""injuries"":false,""police_report"":false,""needs_human"":false}","Sure! Here is the JSON:
{""claim_type"":""Windscreen"",""incident_date"":""2026-06-15"",""vehicle_reg"":""EKY272GF"",""injuries"":false,""police_report"":false,""needs_human"":false}","{""claim_type"":""Windscreen"",""incident_date"":""2026-06-15"",""vehicle_reg"":""EKY 272 GF"",""injuries"":false,""police_report"":false,""needs_human"":true}",455,1185,69,1215,2408,0,0
MSG-0256,2026-06-13 17:53,Pidgin,"One motor jam my motor this morning for GRA Port Harcourt. Na Toyota Highlander, number na APP 321 VE. God dey, nobody wound. Police don write report. Mechanic talk say e go cost like ₦2.9m. Which document una need?",2,Third party,2026-06-13,APP 321 VE,0,1,0,2940000,0,"{""claim_type"":""Accident damage"",""incident_date"":""2026-06-12"",""vehicle_reg"":""APP321VE"",""injuries"":false,""police_report"":true,""needs_human"":false}","{""claim_type"":""Third party"",""incident_date"":""2026-06-13"",""vehicle_reg"":""APP321VE"",""injuries"":false,""police_report"":true,""needs_human"":false}","{""claim_type"":""Third party"",""incident_date"":""2026-06-12"",""vehicle_reg"":""APP 321 VE"",""injuries"":false,""police_report"":true,""needs_human"":false}",480,1210,75,594,2011,0,0
MSG-0257,2026-06-26 15:49,English,"Good afternoon. I hit a keke and damaged it on 21 June at Wuse 2. It's a Kia Rio, plate number AAA 468 EM. Thank God no one was injured. Please help.",4,Third party,2026-06-21,AAA 468 EM,0,0,0,,0,"{""claim_type"":""Third party"",""incident_date"":""2026-06-21"",""vehicle_reg"":""AAA 468 EM"",""injuries"":false,""police_report"":false,""needs_human"":false}","{""claim_type"":""Third party"",""incident_date"":""2026-06-21"",""vehicle_reg"":""AAA 468 EM"",""injuries"":false,""police_report"":false,""needs_human"":false}","{""claim_type"":""Third party"",""incident_date"":""2026-06-21"",""vehicle_reg"":""AAA 468 EM"",""injuries"":false,""police_report"":false,""needs_human"":false}",461,1191,62,457,1668,0,0
MSG-0258,2026-06-24 14:27,English,"I had an accident on 20 June in Bodija. The car is a Toyota Highlander, plate number AAA 415 SH. My passenger was injured and taken to hospital. I have reported it to the police.",1,Accident damage,2026-06-20,AAA 415 SH,1,1,0,,1,"{""claim_type"":""Third party"",""incident_date"":""2026-06-20"",""vehicle_reg"":""AAA 415 SH"",""injuries"":true,""police_report"":true,""needs_human"":false}","{""claim_type"":""Accident damage"",""incident_date"":""2026-06-20"",""vehicle_reg"":""AAA 415 SH"",""injuries"":true,""police_report"":true,""needs_human"":true}","Sure! Here is the JSON:
{""claim_type"":""Accident damage"",""incident_date"":""2026-06-20"",""vehicle_reg"":""AAA 415 SH"",""injuries"":true,""police_report"":true,""needs_human"":true}",469,1199,74,535,2410,0,0
MSG-0259,2026-06-03 08:14,English,"I was involved in a crash last night in Yaba. It's my Toyota Camry. Thank God no one was injured. I have a police report. I am very angry, you people collect premium and disappear. How do I claim?",0,Accident damage,2026-06-02,,0,1,1,,1,"{""claim_type"":""Accident damage"",""incident_date"":""2026-06-02"",""vehicle_reg"":null,""injuries"":false,""police_report"":true,""needs_human"":true}","{""claim_type"":""Accident damage"",""incident_date"":""2026-06-02"",""vehicle_reg"":null,""injuries"":false,""police_report"":true,""needs_human"":true}","{""claim_type"":""Accident damage"",""incident_date"":""2026-06-02"",""vehicle_reg"":null,""injuries"":false,""police_report"":true,""needs_human"":false}",474,1204,73,1076,936,0,0
MSG-0260,2026-06-24 21:26,English,"Hello, I was involved in a crash on 20/06/2026 in GRA Port Harcourt. The car is a Nissan Almera, plate number KJA 345 LG. Nobody was hurt. The police came and wrote a report. What do I do next?",4,Accident damage,2026-06-20,KJA 345 LG,0,1,0,,0,"Sure! Here is the JSON:
{""claim_type"":""Accident damage"",""incident_date"":""2026-06-20"",""vehicle_reg"":""KJA345LG"",""injuries"":false,""police_report"":true,""needs_human"":false}","{""claim_type"":""Accident damage"",""incident_date"":""2026-06-20"",""vehicle_reg"":""KJA 345 LG"",""injuries"":false,""police_report"":true,""needs_human"":false}","{""claim_type"":""Accident damage"",""incident_date"":""2026-06-20"",""vehicle_reg"":""KJA 345 LG"",""injuries"":false,""police_report"":false,""needs_human"":false}",474,1204,68,742,1357,0,0
MSG-0261,2026-06-03 21:39,English,"Good afternoon. My car was snatched at gunpoint yesterday in Festac. It's a Nissan Almera, plate number KTU 153 CZ. Please help.",0,Theft,2026-06-02,KTU 153 CZ,0,0,0,,1,"{""claim_type"":""Theft"",""incident_date"":""2026-06-02"",""vehicle_reg"":""KTU 153 CZ"",""injuries"":false,""police_report"":false,""needs_human"":true}","{""claim_type"":""Theft"",""incident_date"":""2026-06-03"",""vehicle_reg"":""KTU 153 CZ"",""injuries"":false,""police_report"":false,""needs_human"":true}","{""claim_type"":""Theft"",""incident_date"":""2026-06-02"",""vehicle_reg"":""KTU 153 CZ"",""injuries"":false,""police_report"":false,""needs_human"":true}",456,1186,60,928,1956,0,0
MSG-0262,2026-06-04 12:44,English,"Hi Shieldline, I was involved in a crash on 31/05/2026 in Maryland. The car is a Kia Rio, plate number SMK 775 RM. Nobody was hurt.",1,Accident damage,2026-05-31,SMK 775 RM,0,0,0,,0,"{""claim_type"":""Accident damage"",""incident_date"":""2026-05-31"",""vehicle_reg"":""SMK 775 RM"",""injuries"":false,""police_report"":false,""needs_human"":false}","{""claim_type"":""Accident damage"",""incident_date"":""2026-05-31"",""vehicle_reg"":""SMK 775 RM"",""injuries"":false,""police_report"":false,""needs_human"":false}","{""claim_type"":""Accident damage"",""incident_date"":""2026-05-31"",""vehicle_reg"":""SMK 775 RM"",""injuries"":false,""police_report"":false,""needs_human"":false}",456,1186,71,679,1562,0,0
MSG-0263,2026-06-14 16:15,English,"Good afternoon. A danfo bus hit my car on 8 June at Maryland. The car is a Lexus RX 350, plate number KTU 745 AX. The repair will cost about ₦720k. This is my second message and nobody has replied. This is unacceptable! Please help.",3,Third party,2026-06-08,KTU 745 AX,0,0,1,720000,1,"{""claim_type"":""Third party"",""incident_date"":""2026-06-08"",""vehicle_reg"":""KTU 745 AX"",""injuries"":false,""police_report"":false,""needs_human"":false}","{""claim_type"":""Third party"",""incident_date"":""2026-06-08"",""vehicle_reg"":""KTU 745 AX"",""injuries"":false,""police_report"":false,""needs_human"":false}","{""claim_type"":""Third party"",""incident_date"":""2026-06-08"",""vehicle_reg"":""KTU 745 AX"",""injuries"":false,""police_report"":false,""needs_human"":false}",484,1214,56,498,1326,0,0
MSG-0264,2026-06-26 13:29,English,"Hi Shieldline, My windscreen cracked on 23/06/2026 in Festac. The car is a Honda Accord, plate number SMK 859 EA. Please help.",0,Windscreen,2026-06-23,SMK 859 EA,0,0,0,,0,"{""claim_type"":""Windscreen"",""incident_date"":""2026-06-23"",""vehicle_reg"":""SMK 859 EA"",""injuries"":false,""police_report"":false,""needs_human"":false}","{""claim_type"":""Windscreen"",""incident_date"":""2026-06-23"",""vehicle_reg"":""SMK 859 EA"",""injuries"":false,""police_report"":true,""needs_human"":false}","{""claim_type"":""Windscreen"",""incident_date"":""2026-06-23"",""vehicle_reg"":""SMK 859 EA"",""injuries"":false,""police_report"":false,""needs_human"":false}",455,1185,70,980,1819,0,0
MSG-0265,2026-06-12 12:42,English,Good morning. My car was snatched at gunpoint this morning in Yaba. It's my Kia Rio. I have reported it to the police. Please help.,0,Theft,2026-06-12,,0,1,0,,1,"{""claim_type"":""Third party"",""incident_date"":""2026-06-12"",""vehicle_reg"":null,""injuries"":false,""police_report"":true,""needs_human"":false}","{""claim_type"":""Theft"",""incident_date"":""2026-06-12"",""vehicle_reg"":null,""injuries"":false,""police_report"":true,""needs_human"":true}","{""claim_type"":""Theft"",""incident_date"":""2026-06-12"",""vehicle_reg"":null,""injuries"":false,""police_report"":true,""needs_human"":true}",456,1186,71,483,994,0,0
MSG-0266,2026-06-04 14:19,English,"Hi Shieldline, My windscreen cracked on 04/06/2026 in Maryland. The car is a Lexus RX 350, plate number FKJ 212 RL. The repair will cost about ₦195k. What documents do you need?",3,Windscreen,2026-06-04,FKJ 212 RL,0,0,0,195000,0,"{""claim_type"":""Windscreen"",""incident_date"":""2026-06-04"",""vehicle_reg"":""FKJ 212 RL"",""injuries"":false,""police_report"":false,""needs_human"":true}","{""claim_type"":""Windscreen"",""incident_date"":""2026-06-04"",""vehicle_reg"":""FKJ 212 RL"",""injuries"":false,""police_report"":false,""needs_human"":false}","{""claim_type"":""Windscreen"",""incident_date"":""2026-06-04"",""vehicle_reg"":""FKJ 212 RL"",""injuries"":false,""police_report"":false,""needs_human"":false}",469,1199,63,776,2155,0,0
MSG-0267,2026-06-09 13:43,Pidgin,"Danfo jam my motor yesterday for Ikeja. Na Honda Accord, number na RBC 603 WD. I don report for police.",2,Third party,2026-06-08,RBC 603 WD,0,1,0,,0,"{""claim_type"":""Third party"",""incident_date"":""2026-06-07"",""vehicle_reg"":""RBC 603 WD"",""injuries"":false,""police_report"":true,""needs_human"":false}","{""claim_type"":""Third party"",""incident_date"":""2026-06-09"",""vehicle_reg"":""RBC 603 WD"",""injuries"":false,""police_report"":true,""needs_h","{""claim_type"":""Third party"",""incident_date"":""2026-06-08"",""vehicle_reg"":""RBC 603 WD"",""injuries"":false,""police_report"":true,""needs_human"":false}",449,1179,63,765,1413,0,0
MSG-0268,2026-06-28 15:02,English,"Thieves took my car last night in Gwarinpa. It's a Toyota Camry, plate number KJA 131 KA. The police came and wrote a report.",0,Theft,2026-06-27,KJA 131 KA,0,1,0,,1,"{""claim_type"":""Theft"",""incident_date"":""2026-06-27"",""vehicle_reg"":""KJA131KA"",""injuries"":false,""police_report"":true,""needs_human"":false}","{""claim_type"":""Theft"",""incident_date"":""2026-06-27"",""vehicle_reg"":""KJA 131 KA"",""injuries"":false,""police_report"":true,""needs_human"":false}","{""claim_type"":""Theft"",""incident_date"":""2026-06-27"",""vehicle_reg"":""KJA 131 KA"",""injuries"":false,""police_report"":true,""needs_human"":true}",455,1185,73,496,2749,0,0
MSG-0269,2026-06-21 17:27,English,"I was involved in a crash on 16 June in Maryland. It's a Toyota Corolla, plate number LSD 220 KX. Thank God no one was injured. The repair will cost about ₦1.2m. Please help.",1,Accident damage,2026-06-16,LSD 220 KX,0,0,0,1200000,0,"{""claim_type"":""Accident damage"",""incident_date"":""2026-06-16"",""vehicle_reg"":""LSD 220 KX"",""injuries"":false,""police_report"":false,""needs_human"":false}","{""claim_type"":""Accident damage"",""incident_date"":""2026-06-16"",""vehicle_reg"":""LSD 220 KX"",""injuries"":false,""police_report"":false,""needs_human"":false}","{""claim_type"":""Accident damage"",""incident_date"":""2026-06-16"",""vehicle_reg"":""LSD 220 KX"",""injuries"":false,""police_report"":false,""needs_human"":false}",468,1198,73,677,2273,0,0
MSG-0270,2026-06-15 19:36,English,"Hello, I hit a keke and damaged it on 11/06/2026 at Surulere. It's a Nissan Almera, plate number ABJ 345 GW. My passenger was injured and taken to hospital. I have a police report.",0,Third party,2026-06-11,ABJ 345 GW,1,1,0,,1,"{""claim_type"":""Theft"",""incident_date"":""2026-06-11"",""vehicle_reg"":""ABJ 345 GW"",""injuries"":true,""police_report"":true,""needs_human"":true}","{""claim_type"":""Third party"",""incident_date"":""2026-06-11"",""vehicle_reg"":""ABJ 345 GW"",""injuries"":true,""police_report"":true,""needs_human"":false}","{""claim_type"":""Third party"",""incident_date"":""2026-06-11"",""vehicle_reg"":""ABJ 345 GW"",""injuries"":true,""police_report"":true,""needs_human"":true}",470,1200,69,652,1387,0,0
MSG-0271,2026-06-29 11:28,Pidgin,"Shieldline abeg, I jam pole on 27/06/2026 for Ajah, motor don scatter. Na Lexus RX 350, number na EKY 479 RX. My brother wound, dem carry am go hospital. Police don write report. Abeg help me.",0,Accident damage,2026-06-27,EKY 479 RX,1,1,0,,1,"{""claim_type"":""Accident damage"",""incident_date"":""2026-06-27"",""vehicle_reg"":""EKY 479 RX"",""injuries"":true,""police_report"":true,""needs_human"":false}","{""claim_type"":""Accident damage"",""incident_date"":""2026-06-27"",""vehicle_reg"":""EKY479RX"",""injuries"":true,""police_report"":true,""needs_human"":true}","{""claim_type"":""Accident damage"",""incident_date"":""2026-06-27"",""vehicle_reg"":""EKY 479 RX"",""injuries"":true,""police_report"":true,""needs_human"":true}",473,1203,63,609,1857,0,0
MSG-0272,2026-06-25 12:36,Pidgin,"Shieldline abeg, stone break my windscreen on 19/06/2026 for Maryland. Na Lexus RX 350, number na KTU 682 CS. Wetin I go do?",2,Windscreen,2026-06-19,KTU 682 CS,0,0,0,,0,"{""claim_type"":""Windscreen"",""incident_date"":""2026-06-19"",""vehicle_reg"":""KTU 682 CS"",""injuries"":false,""police_report"":false,""needs_human"":false}","{""claim_type"":""Windscreen"",""incident_date"":""2026-06-19"",""vehicle_reg"":""KTU 682 CS"",""injuries"":false,""police_report"":false,""needs_human"":false}","{""claim_type"":""Accident damage"",""incident_date"":""2026-06-19"",""vehicle_reg"":""KTU 682 CS"",""injuries"":false,""police_report"":false,""needs_human"":false}",454,1184,73,641,2446,0,0
MSG-0273,2026-06-20 15:32,English,Good morning. My windscreen cracked on 18 June in Garki. It's my Honda Accord. How do I claim?,2,Windscreen,2026-06-18,,0,0,0,,0,"{""claim_type"":""Windscreen"",""incident_date"":""2026-06-18"",""vehicle_reg"":null,""injuries"":false,""police_report"":false,""needs_human"":false}","{""claim_type"":""Windscreen"",""incident_date"":""2026-06-18"",""vehicle_reg"":null,""injuries"":false,""police_report"":true,""needs_human"":false}","{""claim_type"":""Windscreen"",""incident_date"":""2026-06-18"",""vehicle_reg"":null,""injuries"":false,""police_report"":false,""needs_human"":true}",446,1176,64,418,1807,0,0
MSG-0274,2026-06-27 14:00,English,"Hi Shieldline, I hit a keke and damaged it on 25/06/2026 at Festac. It's a Hyundai Elantra, plate number KTU 568 TS.",4,Third party,2026-06-25,KTU 568 TS,0,0,0,,0,"{""claim_type"":""Third party"",""incident_date"":""2026-06-25"",""vehicle_reg"":""KTU 568 TS"",""injuries"":false,""police_report"":false,""needs_human"":false}","{""claim_type"":""Third party"",""incident_date"":""2026-06-25"",""vehicle_reg"":""KTU 568 TS"",""injuries"":false,""police_report"":false,""needs_human"":false}","{""claim_type"":""Third party"",""incident_date"":""2026-06-25"",""vehicle_reg"":""KTU 568 TS"",""injuries"":false,""police_report"":false,""needs_human"":false}",452,1182,80,727,2727,0,0
MSG-0275,2026-06-03 08:00,English,"Hello, Thieves took my car on 28/05/2026 in Bodija. The car is a Lexus RX 350, plate number KTU 197 JT. The police came and wrote a report.",0,Theft,2026-05-28,KTU 197 JT,0,1,0,,1,"{""claim_type"":""Theft"",""incident_date"":""2026-05-28"",""vehicle_reg"":""KTU 197 JT"",""injuries"":false,""police_report"":true,""needs_human"":false}","{""claim_type"":""Theft"",""incident_date"":""2026-05-28"",""vehicle_reg"":""KTU 197 JT"",""injuries"":false,""police_report"":true,""needs_human"":true}","{""claim_type"":""Theft"",""incident_date"":""2026-05-28"",""vehicle_reg"":""KTU 197 JT"",""injuries"":false,""police_report"":true,""needs_human"":true}",459,1189,74,676,1927,0,0
MSG-0276,2026-06-26 14:22,English,"Good afternoon. I was involved in a crash on 23/06/2026 in Bodija. The car is a Toyota Corolla, plate number LSD 339 KJ. Thank God no one was injured. I am very angry, you people collect premium and disappear.",3,Accident damage,2026-06-23,LSD 339 KJ,0,0,1,,1,"{""claim_type"":""Windscreen"",""incident_date"":""2026-06-23"",""vehicle_reg"":""LSD 339 KJ"",""injuries"":false,""police_report"":false,""needs_human"":false}","{""claim_type"":""Accident damage"",""incident_date"":""2026-06-23"",""vehicle_reg"":""LSD 339 KJ"",""injuries"":false,""police_report"":false,""needs_human"":true}","{""claim_type"":""Accident damage"",""incident_date"":""2026-06-23"",""vehicle_reg"":""LSD 339 KJ"",""injuries"":false,""police_report"":false,""needs_human"":true}",478,1208,59,1452,2932,0,0
MSG-0277,2026-06-30 17:08,English,"Hi Shieldline, A stone cracked my windscreen on 24 June in Gwarinpa. It's a Kia Rio, plate number LSD 548 CZ. If I don't hear back today I will report you to NAICOM. Please help.",4,Windscreen,2026-06-24,LSD 548 CZ,0,0,1,,1,"{""claim_type"":""Windscreen"",""incident_date"":""2026-06-24"",""vehicle_reg"":""LSD 548 CZ"",""injuries"":false,""police_report"":false,""needs_human"":true}","{""claim_type"":""Windscreen"",""incident_date"":""2026-06-24"",""vehicle_reg"":""LSD 548 CZ"",""injuries"":false,""police_report"":false,""needs_human"":true}","{""claim_type"":""Windscreen"",""incident_date"":""2026-06-24"",""vehicle_reg"":""LSD 548 CZ"",""injuries"":false,""police_report"":false,""needs_human"":true}",469,1199,57,755,1737,0,0
MSG-0278,2026-06-25 17:34,English,"My car skidded into a gutter on 21 June in GRA Port Harcourt. The car is a Honda Accord, plate number RBC 113 AJ. Thank God no one was injured. I have reported it to the police. If I don't hear back today I will report you to NAICOM. How do I claim?",2,Accident damage,2026-06-21,RBC 113 AJ,0,1,1,,1,"{""claim_type"":""Accident damage"",""incident_date"":""2026-06-21"",""vehicle_reg"":""RBC 113 AJ"",""injuries"":false,""police_report"":true,""needs_human"":true}","{""claim_type"":""Accident damage"",""incident_date"":""2026-06-21"",""vehicle_reg"":""RBC 113 AJ"",""injuries"":false,""police_report"":true,""needs_human"":true}","{""claim_type"":""Accident damage"",""incident_date"":""2026-06-21"",""vehicle_reg"":""RBC 113 AJ"",""injuries"":false,""police_report"":true,""needs_human"":true}",489,1219,66,780,2869,0,0
MSG-0279,2026-06-21 14:13,English,I had an accident on 18/06/2026 in Gwarinpa. It's my Toyota Camry. Nobody was hurt. I have reported it to the police.,0,Accident damage,2026-06-18,,0,1,0,,0,"{""claim_type"":""Accident damage"",""incident_date"":""2026-06-18"",""vehicle_reg"":null,""injuries"":true,""police_report"":true,""needs_human"":false}","{""claim_type"":""Accident damage"",""incident_date"":""2026-06-18"",""vehicle_reg"":null,""injuries"":false,""police_report"":true,""needs_human"":false}","{""claim_type"":""Accident damage"",""incident_date"":""2026-06-18"",""vehicle_reg"":null,""injuries"":false,""police_report"":true,""needs_human"":false}",453,1183,65,625,1853,0,0
MSG-0280,2026-06-24 12:20,English,"Hi Shieldline, A stone cracked my windscreen on 20 June in Surulere. It's a Kia Rio, plate number BDG 896 XT. What documents do you need?",3,Windscreen,2026-06-20,BDG 896 XT,0,0,0,,0,"{""claim_type"":""Windscreen"",""incident_date"":""2026-06-20"",""vehicle_reg"":""BDG 896 XT"",""injuries"":false,""police_report"":false,""needs_human"":false}","{""claim_type"":""Windscreen"",""incident_date"":""2026-06-20"",""vehicle_reg"":""BDG 896 XT"",""injuries"":false,""police_report"":false,""needs_human"":false}","{""claim_type"":""Windscreen"",""incident_date"":""2026-06-20"",""vehicle_reg"":""BDG 896 XT"",""injuries"":false,""police_report"":false,""needs_human"":false}",458,1188,68,472,2323,0,0
MSG-0281,2026-06-13 07:54,English,"Hi Shieldline, My car was snatched at gunpoint on 08/06/2026 in Garki. It's a Honda Accord, plate number BDG 742 BY. What do I do next?",0,Theft,2026-06-08,BDG 742 BY,0,0,0,,1,"{""claim_type"":""Theft"",""incident_date"":""2026-06-08"",""vehicle_reg"":""BDG742BY"",""injuries"":false,""police_report"":false,""needs_human"":true}","{""claim_type"":""Theft"",""incident_date"":""2026-06-08"",""vehicle_reg"":""BDG 742 BY"",""injuries"":false,""police_report"":false,""needs_human"":true}","{""claim_type"":""Theft"",""incident_date"":""2026-06-08"",""vehicle_reg"":""BDG 742 BY"",""injuries"":false,""police_report"":false,""needs_human"":true}",458,1188,56,824,1066,0,0
MSG-0282,2026-06-30 14:02,Pidgin,"Shieldline abeg, stone break my windscreen on 26 June for Festac. Na Honda Accord, number na SMK 655 ZT. Mechanic talk say e go cost like ₦335k. Which document una need?",2,Windscreen,2026-06-26,SMK 655 ZT,0,0,0,335000,0,"{""claim_type"":""Accident damage"",""incident_date"":""2026-06-26"",""vehicle_reg"":""SMK 655 ZT"",""injuries"":false,""police_report"":false,""needs_human"":false}","{""claim_type"":""Windscreen"",""incident_date"":""2026-06-26"",""vehicle_reg"":""SMK 655 ZT"",""injuries"":false,""police_report"":false,""needs_human"":false}","{""claim_type"":""Theft"",""incident_date"":""2026-06-26"",""vehicle_reg"":""SMK 655 ZT"",""injuries"":false,""police_report"":true,""needs_human"":false}",467,1197,68,980,1669,0,0
MSG-0283,2026-06-22 16:20,English,"Good afternoon. My windscreen got smashed on 17 June in Wuse 2. It's a Toyota Corolla, plate number ABJ 574 TX. The repair will cost about ₦225k. What documents do you need?",3,Windscreen,2026-06-17,ABJ 574 TX,0,0,0,225000,0,"{""claim_type"":""Windscreen"",""incident_date"":""2026-06-17"",""vehicle_reg"":""ABJ 574 TX"",""injuries"":false,""police_report"":false,""needs_human"":false}","{""claim_type"":""Windscreen"",""incident_date"":""2026-06-22"",""vehicle_reg"":""ABJ 574 TX"",""injuries"":false,""police_report"":false,""needs_human"":false}","{""claim_type"":""Windscreen"",""incident_date"":""2026-06-17"",""vehicle_reg"":""ABJ 574 TX"",""injuries"":false,""police_report"":false,""needs_human"":false}",468,1198,65,914,2727,0,0
MSG-0284,2026-06-02 13:50,Pidgin,"Good morning o, I jam pole on 30/05/2026 for GRA Port Harcourt, motor don scatter. Na Nissan Almera, number na FKJ 306 RK. Nobody wound. Mechanic talk say e go cost like ₦820k.",3,Accident damage,2026-05-30,FKJ 306 RK,0,0,0,820000,0,"{""claim_type"":""Accident damage"",""incident_date"":""2026-05-30"",""vehicle_reg"":""FKJ 306 RK"",""injuries"":false,""police_report"":false,""needs_human"":true}","{""claim_type"":""Accident damage"",""incident_date"":""2026-05-30"",""vehicle_reg"":""FKJ 306 RK"",""injuries"":false,""police_report"":false,""needs_human"":false}","{""claim_type"":""Accident damage"",""incident_date"":""2026-05-30"",""vehicle_reg"":""FKJ 306 RK"",""injuries"":false,""police_report"":false,""needs_human"":false}",469,1199,65,660,1786,0,0
MSG-0285,2026-06-23 13:08,English,"Good afternoon. I hit a pole today in Surulere. It's a Toyota Corolla, plate number SMK 938 RK. Thank God no one was injured. I have reported it to the police. What do I do next?",3,Accident damage,2026-06-23,SMK 938 RK,0,1,0,,0,"{""claim_type"":""Accident damage"",""incident_date"":""2026-06-23"",""vehicle_reg"":""SMK 938 RK"",""injuries"":false,""police_report"":true,""needs_human"":false}","{""claim_type"":""Accident damage"",""incident_date"":""2026-06-22"",""vehicle_reg"":""SMK 938 RK"",""injuries"":false,""police_report"":true,""needs_human"":false}","{""claim_type"":""Accident damage"",""incident_date"":""2026-06-23"",""vehicle_reg"":""SMK 938 RK"",""injuries"":false,""police_report"":true,""needs_human"":false}",469,1199,58,1102,1748,0,0
MSG-0286,2026-06-13 17:34,English,"Another car ran into me on 8 June at Festac. It's a Kia Rio, plate number KJA 764 KJ. Thank God no one was injured. I have reported it to the police. The repair will cost about ₦680k. If I don't hear back today I will report you to NAICOM. Please help.",3,Third party,2026-06-08,KJA 764 KJ,0,1,1,680000,1,"{""claim_type"":""Third party"",""incident_date"":""2026-06-08"",""vehicle_reg"":""KJA 764 KJ"",""injuries"":false,""police_report"":true,""needs_human"":true}","{""claim_type"":""Third party"",""incident_date"":""2026-06-08"",""vehicle_reg"":""KJA 764 KJ"",""injuries"":false,""police_report"":true,""needs_human"":true}","{""claim_type"":""Third party"",""incident_date"":""2026-06-08"",""vehicle_reg"":""KJA 764 KJ"",""injuries"":false,""police_report"":true,""needs_human"":true}",490,1220,67,1046,1455,0,0
MSG-0287,2026-06-04 16:07,English,"My windscreen cracked on 1 June in Yaba. It's a Toyota Corolla, plate number AAA 582 FS. Please help.",4,Windscreen,2026-06-01,AAA 582 FS,0,0,0,,0,"{""claim_type"":""Windscreen"",""incident_date"":""2026-06-01"",""vehicle_reg"":""AAA 582 FS"",""injuries"":false,""police_report"":false,""needs_human"":false}","{""claim_type"":""Windscreen"",""incident_date"":""2026-06-01"",""vehicle_reg"":""AAA 582 FS"",""injuries"":false,""police_report"":false,""needs_human"":false}","{""claim_type"":""Windscreen"",""incident_date"":""2026-06-01"",""vehicle_reg"":""AAA 582 FS"",""injuries"":false,""police_report"":false,""needs_human"":false}",448,1178,63,409,2324,0,0
MSG-0288,2026-06-21 08:25,English,"Good morning. A stone cracked my windscreen on 21 June in Maryland. The car is a Toyota Highlander, plate number ABJ 266 VM. What documents do you need?",0,Windscreen,2026-06-21,ABJ 266 VM,0,0,0,,0,"{""claim_type"":""Windscreen"",""incident_date"":""2026-06-21"",""vehicle_reg"":""ABJ 266 VM"",""injuries"":false,""police_report"":false,""needs_human"":false}","{""claim_type"":""Windscreen"",""incident_date"":""2026-06-21"",""vehicle_reg"":""ABJ 266 VM"",""injuries"":false,""police_report"":false,""needs_human"":false}","{""claim_type"":""Windscreen"",""incident_date"":""2026-06-21"",""vehicle_reg"":""ABJ 266 VM"",""injuries"":false,""police_report"":false,""needs_human"":false}",462,1192,77,1094,2668,0,0
MSG-0289,2026-06-18 07:31,English,"Good morning. My car was stolen on 17 June in Gwarinpa. The car is a Kia Rio, plate number GGE 474 YY.",0,Theft,2026-06-17,GGE 474 YY,0,0,0,,1,"{""claim_type"":""Theft"",""incident_date"":""2026-06-17"",""vehicle_reg"":""GGE 474 YY"",""injuries"":false,""police_report"":false,""needs_human"":true}","{""claim_type"":""Theft"",""incident_date"":""2026-06-17"",""vehicle_reg"":""GGE 474 YY"",""injuries"":false,""police_report"":false,""needs_human"":true}","{""claim_type"":""Accident damage"",""incident_date"":""2026-06-17"",""vehicle_reg"":""GGE 474 YY"",""injuries"":false,""police_report"":false,""needs_human"":true}",448,1178,57,1063,3499,0,0
MSG-0290,2026-06-12 14:32,Pidgin,"Shieldline abeg, I jam pole on 8 June for Ikeja, motor don scatter. Na Toyota Camry, number na KJA 486 JX. God dey, nobody wound. Abeg help me.",2,Accident damage,2026-06-08,KJA 486 JX,0,0,0,,0,"{""claim_type"":""Accident damage"",""incident_date"":""2026-06-08"",""vehicle_reg"":""KJA 486 JX"",""injuries"":false,""police_report"":false,""needs_human"":false}","{""claim_type"":""Accident damage"",""incident_date"":""2026-06-08"",""vehicle_reg"":""KJA 486 JX"",""injuries"":false,""police_report"":false,""needs_human"":false}","{""claim_type"":""Accident damage"",""incident_date"":""2026-06-08"",""vehicle_reg"":""KJA 486 JX"",""injuries"":false,""police_report"":false,""needs_human"":false}",460,1190,75,500,1980,1,0
MSG-0291,2026-06-04 09:30,English,"Good afternoon. My windscreen cracked on 02/06/2026 in Garki. It's a Toyota Camry, plate number RBC 465 SC. I am very angry, you people collect premium and disappear. How do I claim?",0,Windscreen,2026-06-02,RBC 465 SC,0,0,1,,1,"{""claim_type"":""Windscreen"",""incident_date"":""2026-06-02"",""vehicle_reg"":""RBC 465 SC"",""injuries"":false,""police_report"":false,""needs_human"":true}","{""claim_type"":""Windscreen"",""incident_date"":""2026-06-02"",""vehicle_reg"":""RBC 465 SC"",""injuries"":false,""police_report"":false,""needs_human"":true}","{""claim_type"":""Windscreen"",""incident_date"":""2026-06-02"",""vehicle_reg"":""RBC 465 SC"",""injuries"":false,""police_report"":false,""needs_human"":true}",471,1201,62,665,2623,0,0
MSG-0292,2026-06-11 20:07,English,"Hi Shieldline, My windscreen cracked today in Ikeja. It's a Kia Rio, plate number SMK 381 ES. Please help.",3,Windscreen,2026-06-11,SMK 381 ES,0,0,0,,0,"{""claim_type"":""Windscreen"",""incident_date"":""2026-06-11"",""vehicle_reg"":""SMK 381 ES"",""injuries"":false,""police_report"":false,""needs_human"":true}","{""claim_type"":""Windscreen"",""incident_date"":""2026-06-11"",""vehicle_reg"":""SMK 381 ES"",""injuries"":false,""police_report"":false,""needs_human"":false}","{""claim_type"":""Windscreen"",""incident_date"":""2026-06-11"",""vehicle_reg"":""SMK 381 ES"",""injuries"":false,""police_report"":false,""needs_human"":false}",449,1179,75,602,1961,0,0
MSG-0293,2026-06-17 15:03,English,"Good afternoon. Thieves took my car on 15/06/2026 in Surulere. The car is a Toyota Highlander, plate number ABJ 131 BK. The police came and wrote a report.",0,Theft,2026-06-15,ABJ 131 BK,0,1,0,,1,"{""claim_type"":""Theft"",""incident_date"":""2026-06-15"",""vehicle_reg"":""ABJ 131 BK"",""injuries"":false,""police_report"":true,""needs_human"":false}","{""claim_type"":""Theft"",""incident_date"":""2026-06-15"",""vehicle_reg"":""ABJ 131 BK"",""injuries"":false,""police_report"":true,""needs_human"":true}","{""claim_type"":""Theft"",""incident_date"":""2026-06-15"",""vehicle_reg"":""ABJ 131 BK"",""injuries"":false,""police_report"":true,""needs_human"":false}",463,1193,80,770,630,0,0
MSG-0294,2026-06-30 15:32,English,"Good afternoon. A truck reversed into my car today at GRA Port Harcourt. It's a Kia Rio, plate number EKY 902 UL. The police came and wrote a report. The repair will cost about ₦2.6m. If I don't hear back today I will report you to NAICOM. How do I claim?",2,Third party,2026-06-30,EKY 902 UL,0,1,1,2560000,1,"{""claim_type"":""Third party"",""incident_date"":""2026-06-30"",""vehicle_reg"":""EKY 902 UL"",""injuries"":false,""police_report"":true,""needs_human"":true}","{""claim_type"":""Third party"",""incident_date"":""2026-06-30"",""vehicle_reg"":""EKY 902 UL"",""injuries"":false,""police_report"":true,""needs_human"":true}","{""claim_type"":""Third party"",""incident_date"":""2026-06-30"",""vehicle_reg"":""EKY 902 UL"",""injuries"":false,""police_report"":true,""needs_human"":false}",491,1221,76,896,2027,0,0
MSG-0295,2026-06-23 18:45,English,"Good afternoon. My windscreen got smashed on 21/06/2026 in Lekki. The car is a Honda Accord, plate number SMK 757 DC. Please help.",2,Windscreen,2026-06-21,SMK 757 DC,0,0,0,,0,"{""claim_type"":""Third party"",""incident_date"":""2026-06-21"",""vehicle_reg"":""SMK757DC"",""injuries"":false,""police_report"":false,""needs_human"":false}","{""claim_type"":""Windscreen"",""incident_date"":""2026-06-21"",""vehicle_reg"":""SMK 757 DC"",""injuries"":false,""police_report"":false,""needs_human"":false}","{""claim_type"":""Windscreen"",""incident_date"":""2026-06-21"",""vehicle_reg"":""SMK 757 DC"",""injuries"":false,""police_report"":false,""needs_human"":false}",456,1186,68,1179,2555,0,0
MSG-0296,2026-06-08 14:41,Pidgin,"Abeg, danfo jam my motor on 3 June for Bodija. Na Toyota Camry, number na APP 701 MV. The other driver wound well well, e dey hospital. Police don write report. Mechanic talk say e go cost like ₦1.4m.",4,Third party,2026-06-03,APP 701 MV,1,1,0,1430000,1,"{""claim_type"":""Third party"",""incident_date"":""2026-06-03"",""vehicle_reg"":""APP 701 MV"",""injuries"":true,""police_report"":true,""needs_human"":true}","{""claim_type"":""Theft"",""incident_date"":""2026-06-03"",""vehicle_reg"":""APP 701 MV"",""injuries"":true,""police_report"":true,""needs_human"":true}","{""claim_type"":""Third party"",""incident_date"":""2026-06-03"",""vehicle_reg"":""APP 701 MV"",""injuries"":true,""police_report"":true,""needs_human"":false}",476,1206,59,503,1828,0,0
MSG-0297,2026-06-15 11:43,English,"Hello, I had an accident on 12/06/2026 in Gwarinpa. It's a Toyota Highlander, plate number GGE 773 HL. Thank God no one was injured. What do I do next?",2,Accident damage,2026-06-12,GGE 773 HL,0,0,0,,0,"{""claim_type"":""Accident damage"",""incident_date"":""2026-06-12"",""vehicle_reg"":""GGE 773 HL"",""injuries"":false,""police_report"":true,""needs_human"":false}","{""claim_type"":""Accident damage"",""incident_date"":""2026-06-15"",""vehicle_reg"":""GGE 773 HL"",""injuries"":false,""police_report"":false,""needs_human"":false}","{""claim_type"":""Accident damage"",""incident_date"":""2026-06-12"",""vehicle_reg"":""GGE 773 HL"",""injuries"":false,""police_report"":false,""needs_human"":false}",462,1192,64,525,1680,0,0
MSG-0298,2026-06-06 13:00,English,"Good afternoon. I hit a pole this morning in Ajah. The car is a Honda Accord, plate number RBC 648 MU. Thank God no one was injured.",0,Accident damage,2026-06-06,RBC 648 MU,0,0,0,,0,"{""claim_type"":""Accident damage"",""incident_date"":""2026-06-06"",""vehicle_reg"":""RBC 648 MU"",""injuries"":false,""police_report"":false,""needs_human"":false}","{""claim_type"":""Accident damage"",""incident_date"":""2026-06-06"",""vehicle_reg"":""RBC 648 MU"",""injuries"":false,""police_report"":false,""needs_human"":false}","{""claim_type"":""Accident damage"",""incident_date"":""2026-06-06"",""vehicle_reg"":""RBC 648 MU"",""injuries"":false,""police_report"":false,""needs_human"":false}",457,1187,59,393,2397,0,0
MSG-0299,2026-06-26 16:42,English,"Good afternoon. A truck reversed into my car on 22/06/2026 at Maryland. The car is a Toyota Corolla, plate number APP 698 NX. Nobody was hurt. What do I do next?",3,Third party,2026-06-22,APP 698 NX,0,0,0,,0,"{""claim_type"":""Third party"",""incident_date"":""2026-06-22"",""vehicle_reg"":""APP 698 NX"",""injuries"":false,""police_report"":false,""needs_human"":false}","{""claim_type"":""Third party"",""incident_date"":""2026-06-22"",""vehicle_reg"":""APP 698 NX"",""injuries"":false,""police_report"":false,""needs_human"":false}","{""claim_type"":""Third party"",""incident_date"":""2026-06-22"",""vehicle_reg"":""APP 698 NX"",""injuries"":false,""police_report"":true,""needs_human"":false}",465,1195,68,881,4410,0,0
MSG-0300,2026-06-30 18:31,English,"Good afternoon. A truck reversed into my car on 27 June at Bodija. The car is a Toyota Highlander, plate number RBC 428 UA. Thank God no one was injured. The police came and wrote a report. The repair will cost about ₦2.6m. How do I claim?",2,Third party,2026-06-27,RBC 428 UA,0,1,0,2560000,0,"{""claim_type"":""Accident damage"",""incident_date"":""2026-06-27"",""vehicle_reg"":""RBC 428 UA"",""injuries"":false,""police_report"":false,""needs_human"":false}","Sure! Here is the JSON:
{""claim_type"":""Third party"",""incident_date"":""2026-06-27"",""vehicle_reg"":""RBC 428 UA"",""injuries"":false,""police_report"":true,""needs_human"":false}","{""claim_type"":""Third party"",""incident_date"":""2026-06-27"",""vehicle_reg"":""RBC 428 UA"",""injuries"":false,""police_report"":true,""needs_human"":false}",486,1216,75,602,1451,0,0
MSG-0301,2026-06-10 11:03,English,"My car skidded into a gutter last night in Ikeja. It's a Toyota Highlander, plate number AAA 629 KG. This is my second message and nobody has replied. This is unacceptable! How do I claim?",3,Accident damage,2026-06-09,AAA 629 KG,0,0,1,,1,"{""claim_type"":""Accident damage"",""incident_date"":""2026-06-09"",""vehicle_reg"":""AAA629KG"",""injuries"":false,""police_report"":false,""needs_human"":false}","{""claim_type"":""Accident damage"",""incident_date"":""2026-06-08"",""vehicle_reg"":""AAA 629 KG"",""injuries"":true,""police_report"":false,""needs_human"":true}","{""claim_type"":""Accident damage"",""incident_date"":""2026-06-09"",""vehicle_reg"":""AAA 629 KG"",""injuries"":false,""police_report"":false,""needs_human"":true}",472,1202,64,1466,1227,0,0
MSG-0302,2026-06-30 09:56,English,"Good morning. My windscreen got smashed on 28/06/2026 in Ikeja. The car is a Toyota Highlander, plate number APP 189 UG. What do I do next?",1,Windscreen,2026-06-28,APP 189 UG,0,0,0,,0,"{""claim_type"":""Windscreen"",""incident_date"":""2026-06-28"",""vehicle_reg"":""APP 189 UG"",""injuries"":false,""police_report"":false,""needs_human"":true}","Sure! Here is the JSON:
{""claim_type"":""Windscreen"",""incident_date"":""2026-06-28"",""vehicle_reg"":""APP 189 UG"",""injuries"":false,""police_report"":false,""needs_human"":false}","{""claim_type"":""Windscreen"",""incident_date"":""2026-06-28"",""vehicle_reg"":""APP 189 UG"",""injuries"":false,""police_report"":false,""needs_human"":false}",459,1189,60,1070,1570,0,0
MSG-0303,2026-06-08 07:00,English,"Hello, I hit a keke and damaged it on 6 June at GRA Port Harcourt. It's a Lexus RX 350, plate number KJA 577 EK. Nobody was hurt. The repair will cost about ₦1.8m. What do I do next?",0,Third party,2026-06-06,KJA 577 EK,0,0,0,1790000,0,"{""claim_type"":""Third party"",""incident_date"":""2026-06-06"",""vehicle_reg"":""KJA 577 EK"",""injuries"":false,""police_report"":false,""needs_human"":false}","{""claim_type"":""Third party"",""incident_date"":""2026-06-06"",""vehicle_reg"":""KJA 577 EK"",""injuries"":false,""police_report"":false,""needs_human"":false}","{""claim_type"":""Third party"",""incident_date"":""2026-06-06"",""vehicle_reg"":""KJA 577 EK"",""injuries"":false,""police_report"":false,""needs_human"":false}",471,1201,72,843,2822,0,0
MSG-0304,2026-06-06 16:19,English,Good morning. My windscreen cracked on 4 June in Bodija. It's my Toyota Corolla. The repair will cost about ₦310k. What documents do you need?,0,Windscreen,2026-06-04,,0,0,0,310000,0,"{""claim_type"":""Windscreen"",""incident_date"":""2026-06-04"",""vehicle_reg"":""ABJ 928 UZ"",""injuries"":false,""police_report"":false,""needs_human"":false}","{""claim_type"":""Windscreen"",""incident_date"":""2026-06-04"",""vehicle_reg"":null,""injuries"":false,""police_report"":false,""needs_human"":false}","{""claim_type"":""Windscreen"",""incident_date"":""2026-06-04"",""vehicle_reg"":null,""injuries"":false,""police_report"":false,""needs_human"":false}",459,1189,71,943,3621,0,0
MSG-0305,2026-06-04 12:02,English,"Hi Shieldline, A danfo bus hit my car on 1 June at Ikeja. It's my Toyota Corolla. What do I do next?",4,Third party,2026-06-01,,0,0,0,,0,"{""claim_type"":""Third party"",""incident_date"":""2026-06-01"",""vehicle_reg"":null,""injuries"":true,""police_report"":false,""needs_human"":false}","{""claim_type"":""Third party"",""incident_date"":""2026-06-01"",""vehicle_reg"":null,""injuries"":false,""police_report"":false,""needs_human"":false}","{""claim_type"":""Third party"",""incident_date"":""2026-06-01"",""vehicle_reg"":null,""injuries"":false,""police_report"":false,""needs_human"":false}",448,1178,55,944,1756,0,0
MSG-0306,2026-06-24 16:10,Pidgin,"Abeg, trailer jam my motor on 20 June for Lekki. Na Toyota Corolla, number na RBC 590 UX. I don report for police. Mechanic talk say e go cost like ₦800k. Which document una need?",1,Third party,2026-06-20,RBC 590 UX,0,1,0,800000,0,"{""claim_type"":""Third party"",""incident_date"":""2026-06-20"",""vehicle_reg"":""RBC 590 UX"",""injuries"":false,""police_report"":true,""needs_human"":false}","{""claim_type"":""Third party"",""incident_date"":""2026-06-20"",""vehicle_reg"":""RBC 590 UX"",""injuries"":false,""police_report"":true,""needs_human"":false}","{""claim_type"":""Third party"",""incident_date"":""2026-06-20"",""vehicle_reg"":""RBC 590 UX"",""injuries"":true,""police_report"":true,""needs_human"":false}",470,1200,67,744,3263,0,0
MSG-0307,2026-06-29 13:00,English,"Good morning. My windscreen got smashed on 23 June in Yaba. It's a Kia Rio, plate number ABJ 538 CT.",0,Windscreen,2026-06-23,ABJ 538 CT,0,0,0,,0,"{""claim_type"":""Windscreen"",""incident_date"":""2026-06-23"",""vehicle_reg"":""ABJ 538 CT"",""injuries"":false,""police_report"":false,""needs_human"":false}","{""claim_type"":""Windscreen"",""incident_date"":""2026-06-23"",""vehicle_reg"":""ABJ 538 CT"",""injuries"":false,""police_report"":false,""needs_human"":false}","{""claim_type"":""Accident damage"",""incident_date"":""2026-06-23"",""vehicle_reg"":""ABJ 538 CT"",""injuries"":false,""police_report"":false,""needs_human"":false}",448,1178,68,495,1955,0,1
MSG-0308,2026-06-21 12:00,English,"Hi Shieldline, I was involved in a crash on 18 June in Wuse 2. It's my Hyundai Elantra. Thank God no one was injured. I have a police report. How do I claim?",2,Accident damage,2026-06-18,,0,1,0,,0,"{""claim_type"":""Accident damage"",""incident_date"":""2026-06-18"",""vehicle_reg"":""KTU 560 WE"",""injuries"":false,""police_report"":true,""needs_human"":false}","{""claim_type"":""Accident damage"",""incident_date"":""2026-06-18"",""vehicle_reg"":null,""injuries"":false,""police_report"":true,""needs_human"":false}","{""claim_type"":""Accident damage"",""incident_date"":""2026-06-18"",""vehicle_reg"":null,""injuries"":false,""police_report"":true,""needs_human"":false}",464,1194,71,970,2089,0,0
MSG-0309,2026-06-05 07:07,English,Good morning. I hit a pole on 3 June in Ikeja. It's my Toyota Camry. Nobody was hurt.,3,Accident damage,2026-06-03,,0,0,0,,0,"{""claim_type"":""Accident damage"",""incident_date"":""2026-06-03"",""vehicle_reg"":null,""injuries"":false,""police_report"":false,""needs_human"":false}","{""claim_type"":""Accident damage"",""incident_date"":""2026-06-03"",""vehicle_reg"":null,""injuries"":false,""police_report"":false,""needs_human"":false}","{""claim_type"":""Accident damage"",""incident_date"":""2026-06-03"",""vehicle_reg"":null,""injuries"":false,""police_report"":false,""needs_human"":false}",444,1174,74,455,2107,0,0
MSG-0310,2026-06-23 15:57,English,"Hi Shieldline, My car was stolen today in Ajah. It's a Lexus RX 350, plate number RBC 162 EH. The police came and wrote a report. I am very angry, you people collect premium and disappear. What documents do you need?",0,Theft,2026-06-23,RBC 162 EH,0,1,1,,1,"{""claim_type"":""Theft"",""incident_date"":""2026-06-23"",""vehicle_reg"":""RBC 162 EH"",""injuries"":false,""police_report"":true,""needs_human"":true}","{""claim_type"":""Theft"",""incident_date"":""2026-06-23"",""vehicle_reg"":""RBC 162 EH"",""injuries"":false,""police_report"":true,""needs_human"":true}","{""claim_type"":""Theft"",""incident_date"":""2026-06-23"",""vehicle_reg"":""RBC 162 EH"",""injuries"":false,""police_report"":false,""needs_human"":true}",480,1210,66,695,1911,0,0
MSG-0311,2026-06-05 07:42,English,"Good afternoon. I was involved in a crash on 1 June in Lekki. The car is a Toyota Camry, plate number KJA 762 VN. Thank God no one was injured. I have a police report. The repair will cost about ₦590k. What do I do next?",3,Accident damage,2026-06-01,KJA 762 VN,0,1,0,590000,0,"{""claim_type"":""Accident damage"",""incident_date"":""2026-06-01"",""vehicle_reg"":""KJA 762 VN"",""injuries"":false,""police_report"":true,""needs_human"":false}","{""claim_type"":""Accident damage"",""incident_date"":""2026-06-01"",""vehicle_reg"":""KJA 762 VN"",""injuries"":false,""police_report"":true,""needs_human"":false}","{""claim_type"":""Accident damage"",""incident_date"":""2026-06-01"",""vehicle_reg"":""KJA 762 VN"",""injuries"":false,""police_report"":true,""needs_human"":true}",481,1211,70,478,2746,0,0
MSG-0312,2026-06-22 17:19,English,"Good morning. Thieves took my car on 18 June in Yaba. The car is a Toyota Camry, plate number LSD 588 TM. I have a police report. What do I do next?",0,Theft,2026-06-18,LSD 588 TM,0,1,0,,1,"{""claim_type"":""Theft"",""incident_date"":""2026-06-18"",""vehicle_reg"":""LSD 588 TM"",""injuries"":false,""police_report"":true,""needs_human"":true}","{""claim_type"":""Theft"",""incident_date"":""2026-06-18"",""vehicle_reg"":""LSD 588 TM"",""injuries"":false,""police_report"":true,""needs_human"":true}","{""claim_type"":""Theft"",""incident_date"":""2026-06-22"",""vehicle_reg"":""LSD 588 TM"",""injuries"":false,""police_report"":true,""needs_human"":true}",461,1191,56,972,1698,0,0
MSG-0313,2026-06-05 07:00,Pidgin,"Good morning o, stone break my windscreen on 30/05/2026 for Ajah. Na Nissan Almera, number na FKJ 632 SD. Mechanic talk say e go cost like ₦375k. Wetin I go do?",0,Windscreen,2026-05-30,FKJ 632 SD,0,0,0,375000,0,"{""claim_type"":""Windscreen"",""incident_date"":""2026-05-30"",""vehicle_reg"":""FKJ 632 SD"",""injuries"":false,""police_report"":false,""needs_human"":false}","{""claim_type"":""Windscreen"",""incident_date"":""2026-05-30"",""vehicle_reg"":""FKJ 632 SD"",""injuries"":false,""police_report"":false,""needs_human"":false}","{""claim_type"":""Windscreen"",""incident_date"":""2026-05-30"",""vehicle_reg"":""FKJ 632 SD"",""injuries"":false,""police_report"":false,""needs_human"":false}",464,1194,67,501,2716,0,0
MSG-0314,2026-06-01 14:42,Pidgin,"Abeg, I jam pole on 27 May for GRA Port Harcourt, motor don scatter. Na Toyota Corolla, number na LSD 592 MY. Which document una need?",0,Accident damage,2026-05-27,LSD 592 MY,0,0,0,,0,"{'claim_type':'Accident damage','incident_date':'2026-05-27','vehicle_reg':'LSD 592 MY','injuries':false,'police_report':true,'needs_human':false}","{""claim_type"":""Accident damage"",""incident_date"":""2026-05-27"",""vehicle_reg"":""LSD 592 MY"",""injuries"":false,""police_report"":false,""needs_human"":false}","{""claim_type"":""Accident damage"",""incident_date"":""2026-05-27"",""vehicle_reg"":""LSD 592 MY"",""injuries"":false,""police_report"":false,""needs_human"":false}",457,1187,79,765,1542,0,0
MSG-0315,2026-06-21 08:40,English,"Good afternoon. Thieves took my car on 19 June in Garki. It's a Toyota Highlander, plate number GGE 940 JH. I have a police report.",0,Theft,2026-06-19,GGE 940 JH,0,1,0,,1,"{""claim_type"":""Theft"",""incident_date"":""2026-06-19"",""vehicle_reg"":""GGE940JH"",""injuries"":false,""police_report"":true,""needs_human"":true}","{""claim_type"":""Theft"",""incident_date"":""2026-06-19"",""vehicle_reg"":""GGE 940 JH"",""injuries"":false,""police_report"":true,""needs_human"":true}","{""claim_type"":""Accident damage"",""incident_date"":""2026-06-19"",""vehicle_reg"":""GGE 940 JH"",""injuries"":false,""police_report"":true,""needs_human"":true}",456,1186,70,510,2103,0,0
MSG-0316,2026-06-29 21:54,English,"Good morning. I was involved in a crash this morning in Garki. It's a Toyota Camry, plate number ABJ 245 XC. The other driver was hurt and is in hospital. The police came and wrote a report. Please help.",3,Accident damage,2026-06-29,ABJ 245 XC,1,1,0,,1,"{""claim_type"":""Accident damage"",""incident_date"":""2026-06-29"",""vehicle_reg"":""ABJ 245 XC"",""injuries"":true,""police_report"":true,""needs_human"":false}","{""claim_type"":""Accident damage"",""incident_date"":""2026-06-29"",""vehicle_reg"":""ABJ 245 XC"",""injuries"":true,""police_report"":true,""needs_human"":true}","{""claim_type"":""Accident damage"",""incident_date"":""2026-06-29"",""vehicle_reg"":""ABJ 245 XC"",""injuries"":true,""police_report"":true,""needs_human"":true}",476,1206,80,588,1145,0,0
MSG-0317,2026-06-21 19:13,English,"Hello, Thieves took my car on 17/06/2026 in Gwarinpa. The car is a Nissan Almera, plate number RBC 877 PK. I have reported it to the police. What documents do you need?",0,Theft,2026-06-17,RBC 877 PK,0,1,0,,1,"{""claim_type"":""Theft"",""incident_date"":""2026-06-17"",""vehicle_reg"":""RBC 877 PK"",""injuries"":false,""police_report"":false,""needs_human"":true}","{""claim_type"":""Theft"",""incident_date"":""2026-06-17"",""vehicle_reg"":""RBC 877 PK"",""injuries"":false,""police_report"":true,""needs_human"":true}","{""claim_type"":""Theft"",""incident_date"":""2026-06-17"",""vehicle_reg"":""RBC 877 PK"",""injuries"":false,""police_report"":true,""needs_human"":true}",467,1197,80,835,960,0,0
MSG-0318,2026-06-03 07:19,Pidgin,"Abeg, I jam pole on 31/05/2026 for Lekki, motor don scatter. Na Toyota Camry, number na ABJ 886 ME. God dey, nobody wound.",3,Accident damage,2026-05-31,ABJ 886 ME,0,0,0,,0,"{""claim_type"":""Accident damage"",""incident_date"":""2026-05-31"",""vehicle_reg"":""ABJ 886 ME"",""injuries"":false,""police_report"":false,""needs_human"":false}","{""claim_type"":""Accident damage"",""incident_date"":""2026-05-31"",""vehicle_reg"":""ABJ 886 ME"",""injuries"":false,""police_report"":true,""needs_human"":false}","{""claim_type"":""Accident damage"",""incident_date"":""2026-06-03"",""vehicle_reg"":""ABJ 886 ME"",""injuries"":false,""police_report"":false,""needs_human"":false}",454,1184,56,600,1562,1,0
MSG-0319,2026-06-29 21:49,English,"Thieves took my car on 24 June in Wuse 2. It's a Hyundai Elantra, plate number FKJ 639 KS. The police came and wrote a report. Please help.",0,Theft,2026-06-24,FKJ 639 KS,0,1,0,,1,"{""claim_type"":""Windscreen"",""incident_date"":""2026-06-24"",""vehicle_reg"":""FKJ 639 KS"",""injuries"":false,""police_report"":true,""needs_human"":true}","{""claim_type"":""Theft"",""incident_date"":""2026-06-24"",""vehicle_reg"":""FKJ 639 KS"",""injuries"":false,""police_report"":true,""needs_human"":true}","{""claim_type"":""Theft"",""incident_date"":""2026-06-24"",""vehicle_reg"":""FKJ 639 KS"",""injuries"":false,""police_report"":true,""needs_human"":true}",459,1189,75,540,1285,0,0
MSG-0320,2026-06-23 10:07,English,"My windscreen cracked on 17/06/2026 in Ajah. The car is a Toyota Highlander, plate number AAA 622 WC. The repair will cost about ₦155k. How do I claim?",3,Windscreen,2026-06-17,AAA 622 WC,0,0,0,155000,0,"{""claim_type"":""Windscreen"",""incident_date"":""2026-06-17"",""vehicle_reg"":""AAA 622 WC"",""injuries"":false,""police_report"":false,""needs_human"":false}","{""claim_type"":""Accident damage"",""incident_date"":""2026-06-17"",""vehicle_reg"":""AAA 622 WC"",""injuries"":false,""police_report"":false,""needs_human"":false}","{""claim_type"":""Windscreen"",""incident_date"":""2026-06-17"",""vehicle_reg"":""AAA 622 WC"",""injuries"":false,""police_report"":false,""needs_human"":true}",462,1192,74,456,1834,0,0
MSG-0321,2026-06-02 12:14,English,"Good morning. I was involved in a crash on 27 May in Festac. The car is a Toyota Highlander, plate number RBC 632 YC. Thank God no one was injured. The repair will cost about ₦820k. Please help.",2,Accident damage,2026-05-27,RBC 632 YC,0,0,0,820000,0,"Sure! Here is the JSON:
{""claim_type"":""Accident damage"",""incident_date"":""2026-05-27"",""vehicle_reg"":""RBC632YC"",""injuries"":false,""police_report"":false,""needs_human"":false}","{""claim_type"":""Accident damage"",""incident_date"":""2026-05-27"",""vehicle_reg"":""RBC 632 YC"",""injuries"":false,""police_report"":false,""needs_human"":false}","{""claim_type"":""Accident damage"",""incident_date"":""2026-05-27"",""vehicle_reg"":""RBC 632 YC"",""injuries"":false,""police_report"":false,""needs_human"":false}",474,1204,68,915,1316,0,0
MSG-0322,2026-06-15 14:35,English,"Hi Shieldline, I was involved in a crash on 15 June in Maryland. It's a Hyundai Elantra, plate number KTU 733 VX. My passenger was injured and taken to hospital. The repair will cost about ₦3.1m. What do I do next?",1,Accident damage,2026-06-15,KTU 733 VX,1,0,0,3130000,1,"{""claim_type"":""Accident damage"",""incident_date"":""2026-06-15"",""vehicle_reg"":""KTU 733 VX"",""injuries"":true,""police_report"":false,""needs_human"":true}","{""claim_type"":""Accident damage"",""incident_date"":""2026-06-15"",""vehicle_reg"":""KTU 733 VX"",""injuries"":true,""police_report"":false,""needs_human"":true}","{""claim_type"":""Accident damage"",""incident_date"":""2026-06-15"",""vehicle_reg"":""KTU 733 VX"",""injuries"":false,""police_report"":false,""needs_human"":true}",479,1209,73,393,1645,0,0
MSG-0323,2026-06-19 16:17,English,"Hi Shieldline, My car skidded into a gutter on 14 June in Gwarinpa. The car is a Honda Accord, plate number LSD 349 YF. I have reported it to the police. How do I claim?",0,Accident damage,2026-06-14,LSD 349 YF,0,1,0,,0,"{""claim_type"":""Third party"",""incident_date"":""2026-06-14"",""vehicle_reg"":""LSD 349 YF"",""injuries"":false,""police_report"":true,""needs_human"":false}","{""claim_type"":""Accident damage"",""incident_date"":""2026-06-14"",""vehicle_reg"":""LSD 349 YF"",""injuries"":false,""police_report"":true,""needs_human"":false}","{""claim_type"":""Theft"",""incident_date"":""2026-06-14"",""vehicle_reg"":""LSD 349 YF"",""injuries"":false,""police_report"":true,""needs_human"":false}",467,1197,61,1245,4038,0,0
MSG-0324,2026-06-18 15:27,English,"Good afternoon. A truck reversed into my car on 17 June at Bodija. The car is a Honda Accord, plate number LSD 175 VZ. I have reported it to the police. What do I do next?",0,Third party,2026-06-17,LSD 175 VZ,0,1,0,,0,"{""claim_type"":""Third party"",""incident_date"":""2026-06-17"",""vehicle_reg"":""LSD 175 VZ"",""injuries"":false,""police_report"":true,""needs_human"":false}","Sure! Here is the JSON:
{""claim_type"":""Third party"",""incident_date"":""2026-06-17"",""vehicle_reg"":""LSD 175 VZ"",""injuries"":false,""police_report"":true,""needs_human"":false}","{""claim_type"":""Third party"",""incident_date"":""2026-06-17"",""vehicle_reg"":""LSD 175 VZ"",""injuries"":false,""police_report"":true,""needs_human"":false}",468,1198,72,579,695,0,0
MSG-0325,2026-06-26 07:01,English,"Good afternoon. My windscreen cracked on 20/06/2026 in Lekki. The car is a Honda Accord, plate number GGE 431 KS. If I don't hear back today I will report you to NAICOM. What documents do you need?",4,Windscreen,2026-06-20,GGE 431 KS,0,0,1,,1,"{""claim_type"":""Windscreen"",""incident_date"":""2026-06-20"",""vehicle_reg"":""GGE 431 KS"",""injuries"":false,""police_report"":false,""needs_human"":true}","{""claim_type"":""Windscreen"",""incident_date"":""2026-06-20"",""vehicle_reg"":""GGE 431 KS"",""injuries"":false,""police_report"":false,""needs_human"":true}","{""claim_type"":""Accident damage"",""incident_date"":""2026-06-20"",""vehicle_reg"":""GGE 431 KS"",""injuries"":false,""police_report"":false,""needs_human"":true}",475,1205,74,770,1402,0,0
MSG-0326,2026-06-16 13:23,English,"Hello, My car was snatched at gunpoint on 10/06/2026 in Ikeja. It's a Toyota Camry, plate number SMK 770 SH. I have a police report. What do I do next?",0,Theft,2026-06-10,SMK 770 SH,0,1,0,,1,"{""claim_type"":""Theft"",""incident_date"":""2026-06-10"",""vehicle_reg"":""SMK 770 SH"",""injuries"":false,""police_report"":false,""needs_human"":true}","{""claim_type"":""Theft"",""incident_date"":""2026-06-10"",""vehicle_reg"":""SMK 770 SH"",""injuries"":false,""police_report"":true,""needs_human"":true}","{""claim_type"":""Theft"",""incident_date"":""2026-06-10"",""vehicle_reg"":""SMK 770 SH"",""injuries"":false,""police_report"":true,""needs_human"":true}",462,1192,77,465,1868,0,0
MSG-0327,2026-06-21 09:05,English,"Hi Shieldline, I hit a pole on 17/06/2026 in Lekki. The car is a Toyota Corolla, plate number KJA 753 BE. Nobody was hurt. If I don't hear back today I will report you to NAICOM. How do I claim?",3,Accident damage,2026-06-17,KJA 753 BE,0,0,1,,1,"{""claim_type"":""Accident damage"",""incident_date"":""2026-06-17"",""vehicle_reg"":""KJA 753 BE"",""injuries"":false,""police_report"":false,""needs_human"":true}","{""claim_type"":""Accident damage"",""incident_date"":""2026-06-17"",""vehicle_reg"":""KJA 753 BE"",""injuries"":false,""police_report"":false,""needs_human"":true}","{""claim_type"":""Accident damage"",""incident_date"":""2026-06-17"",""vehicle_reg"":""KJA 753 BE"",""injuries"":false,""police_report"":false,""needs_human"":true}",474,1204,60,868,1818,0,0
MSG-0328,2026-06-24 09:02,Pidgin,"Thief carry my motor go this morning for Ajah. Na Toyota Highlander, number na BDG 164 HZ. Police don write report.",0,Theft,2026-06-24,BDG 164 HZ,0,1,0,,1,"{""claim_type"":""Theft"",""incident_date"":""2026-06-24"",""vehicle_reg"":""BDG 164 HZ"",""injuries"":false,""police_report"":true,""needs_human"":true}","{""claim_type"":""Theft"",""incident_date"":""2026-06-24"",""vehicle_reg"":""BDG 164 HZ"",""injuries"":false,""police_report"":true,""needs_human"":false}","{""claim_type"":""Theft"",""incident_date"":""2026-06-24"",""vehicle_reg"":""BDG 164 HZ"",""injuries"":false,""police_report"":true,""needs_human"":false}",452,1182,77,528,2508,1,0
MSG-0329,2026-06-18 10:45,English,"My windscreen cracked on 13 June in Garki. The car is a Kia Rio, plate number FKJ 854 FR. This is my second message and nobody has replied. This is unacceptable!",1,Windscreen,2026-06-13,FKJ 854 FR,0,0,1,,1,"{""claim_type"":""Windscreen"",""incident_date"":""2026-06-13"",""vehicle_reg"":""FKJ 854 FR"",""injuries"":false,""police_report"":false,""needs_human"":true}","{""claim_type"":""Accident damage"",""incident_date"":""2026-06-13"",""vehicle_reg"":""FKJ 854 FR"",""injuries"":false,""police_report"":false,""needs_human"":true}","{""claim_type"":""Windscreen"",""incident_date"":""2026-06-13"",""vehicle_reg"":""FKJ 854 FR"",""injuries"":false,""police_report"":false,""needs_human"":true}",465,1195,64,876,2949,1,0
MSG-0330,2026-06-02 16:46,Pidgin,"Good morning o, stone break my windscreen on 27/05/2026 for Gwarinpa. Na my Nissan Almera. Mechanic talk say e go cost like ₦300k.",4,Windscreen,2026-05-27,,0,0,0,300000,0,"{""claim_type"":""Windscreen"",""incident_date"":""2026-05-27"",""vehicle_reg"":""FKJ 933 ZE"",""injuries"":false,""police_report"":false,""needs_human"":false}","{""claim_type"":""Windscreen"",""incident_date"":""2026-05-27"",""vehicle_reg"":null,""injuries"":false,""police_report"":false,""needs_h","{""claim_type"":""Windscreen"",""incident_date"":""2026-05-27"",""vehicle_reg"":null,""injuries"":false,""police_report"":false,""needs_human"":false}",456,1186,73,554,2563,0,0
MSG-0331,2026-06-10 14:29,English,"Good afternoon. My car skidded into a gutter on 8 June in GRA Port Harcourt. It's a Toyota Highlander, plate number KJA 986 UY. I hurt my arm and went to the hospital. How do I claim?",0,Accident damage,2026-06-08,KJA 986 UY,1,0,0,,1,"{""claim_type"":""Accident damage"",""incident_date"":""2026-06-08"",""vehicle_reg"":""KJA986UY"",""injuries"":false,""police_report"":false,""needs_human"":true}","{""claim_type"":""Accident damage"",""incident_date"":""2026-06-08"",""vehicle_reg"":""KJA 986 UY"",""injuries"":true,""police_report"":false,""needs_human"":true}","{""claim_type"":""Accident damage"",""incident_date"":""2026-06-08"",""vehicle_reg"":""KJA 986 UY"",""injuries"":true,""police_report"":false,""needs_human"":true}",471,1201,79,813,1572,0,0
MSG-0332,2026-06-06 18:21,English,"Good afternoon. A stone cracked my windscreen on 31/05/2026 in Surulere. It's a Honda Accord, plate number RBC 712 YT. How do I claim?",2,Windscreen,2026-05-31,RBC 712 YT,0,0,0,,0,"{""claim_type"":""Windscreen"",""incident_date"":""2026-05-31"",""vehicle_reg"":""RBC 712 YT"",""injuries"":false,""police_report"":false,""needs_human"":false}","{""claim_type"":""Windscreen"",""incident_date"":""2026-05-31"",""vehicle_reg"":""RBC 712 YT"",""injuries"":false,""police_report"":false,""needs_human"":false}","{""claim_type"":""Third party"",""incident_date"":""2026-05-31"",""vehicle_reg"":""RBC 712 YT"",""injuries"":false,""police_report"":false,""needs_human"":false}",457,1187,63,608,3058,0,0
MSG-0333,2026-06-14 12:28,Pidgin,"Abeg, thief carry my motor go on 11/06/2026 for Garki. Na Nissan Almera, number na LSD 127 RS. I don report for police. The motor worth like ₦5.8m. Which document una need?",0,Theft,2026-06-11,LSD 127 RS,0,1,0,5800000,1,"{""claim_type"":""Theft"",""incident_date"":""2026-06-11"",""vehicle_reg"":""LSD 127 RS"",""injuries"":false,""police_report"":true,""needs_","{""claim_type"":""Theft"",""incident_date"":""2026-06-11"",""vehicle_reg"":""LSD 127 RS"",""injuries"":false,""police_report"":false,""needs_human"":true}","{""claim_type"":""Theft"",""incident_date"":""2026-06-11"",""vehicle_reg"":""LSD 127 RS"",""injuries"":false,""police_report"":true,""needs_human"":true}",468,1198,71,617,1979,0,0
MSG-0334,2026-06-22 18:08,English,"Good morning. My car skidded into a gutter on 18/06/2026 in Lekki. The car is a Nissan Almera, plate number SMK 674 ZJ. What do I do next?",1,Accident damage,2026-06-18,SMK 674 ZJ,0,0,0,,0,"{""claim_type"":""Accident damage"",""incident_date"":""2026-06-18"",""vehicle_reg"":""SMK 674 ZJ"",""injuries"":false,""police_report"":false,""needs_human"":false}","{""claim_type"":""Accident damage"",""incident_date"":""2026-06-18"",""vehicle_reg"":""SMK 674 ZJ"",""injuries"":false,""police_report"":false,""needs_human"":false}","{""claim_type"":""Accident damage"",""incident_date"":""2026-06-18"",""vehicle_reg"":""SMK 674 ZJ"",""injuries"":false,""police_report"":false,""needs_human"":false}",458,1188,71,452,1299,0,0
MSG-0335,2026-06-21 14:54,English,"Hi Shieldline, Another car ran into me this morning at Maryland. It's my Honda Accord. My passenger was injured and taken to hospital. The repair will cost about ₦1.4m. How do I claim?",2,Third party,2026-06-21,,1,0,0,1380000,1,"{""claim_type"":""Third party"",""incident_date"":""2026-06-20"",""vehicle_reg"":null,""injuries"":true,""police_report"":false,""needs_human"":true}","Sure! Here is the JSON:
{""claim_type"":""Third party"",""incident_date"":""2026-06-21"",""vehicle_reg"":null,""injuries"":true,""police_report"":false,""needs_human"":true}","{""claim_type"":""Third party"",""incident_date"":""2026-06-21"",""vehicle_reg"":null,""injuries"":true,""police_report"":false,""needs_human"":true}",471,1201,73,467,2305,0,0
MSG-0336,2026-06-05 16:00,English,"Hello, My car skidded into a gutter on 4 June in Bodija. It's a Honda Accord, plate number EKY 931 LA. What documents do you need?",0,Accident damage,2026-06-04,EKY 931 LA,0,0,0,,0,"{""claim_type"":""Accident damage"",""incident_date"":""2026-06-04"",""vehicle_reg"":""EKY 931 LA"",""injuries"":false,""police_report"":false,""needs_human"":false}","{""claim_type"":""Accident damage"",""incident_date"":""2026-06-04"",""vehicle_reg"":""EKY931LA"",""injuries"":false,""police_report"":false,""needs_human"":false}","{""claim_type"":""Accident damage"",""incident_date"":""2026-06-04"",""vehicle_reg"":""EKY 931 LA"",""injuries"":false,""police_report"":true,""needs_human"":false}",456,1186,72,399,1754,1,0
MSG-0337,2026-06-30 09:19,English,"Good afternoon. I had an accident on 24/06/2026 in Maryland. The car is a Kia Rio, plate number KJA 674 HK. Nobody was hurt. The repair will cost about ₦2.3m. What do I do next?",0,Accident damage,2026-06-24,KJA 674 HK,0,0,0,2320000,0,"{""claim_type"":""Accident damage"",""incident_date"":""2026-06-24"",""vehicle_reg"":""KJA 674 HK"",""injuries"":false,""police_report"":false,""needs_human"":false}","{""claim_type"":""Accident damage"",""incident_date"":""2026-06-24"",""vehicle_reg"":""KJA 674 HK"",""injuries"":false,""police_report"":false,""needs_human"":false}","{""claim_type"":""Accident damage"",""incident_date"":""2026-06-30"",""vehicle_reg"":""KJA 674 HK"",""injuries"":false,""police_report"":false,""needs_human"":false}",469,1199,71,632,1508,0,0
MSG-0338,2026-06-06 08:51,English,"I was involved in a crash on 1 June in Ajah. The car is a Honda Accord, plate number LSD 793 KG. Nobody was hurt.",2,Accident damage,2026-06-01,LSD 793 KG,0,0,0,,0,"{""claim_type"":""Accident damage"",""incident_date"":""2026-06-01"",""vehicle_reg"":""LSD 793 KG"",""injuries"":false,""police_report"":false,""needs_human"":false}","{""claim_type"":""Accident damage"",""incident_date"":""2026-06-01"",""vehicle_reg"":""LSD 793 KG"",""injuries"":false,""police_report"":false,""needs_human"":false}","{""claim_type"":""Accident damage"",""incident_date"":""2026-06-01"",""vehicle_reg"":""LSD 793 KG"",""injuries"":false,""police_report"":false,""needs_human"":false}",451,1181,69,938,2937,0,0
MSG-0339,2026-06-10 14:25,Pidgin,"Shieldline abeg, thief carry my motor go on 6 June for Surulere. Na my Hyundai Elantra. I don report for police. Which document una need?",0,Theft,2026-06-06,,0,1,0,,1,"{""claim_type"":""Theft"",""incident_date"":""2026-06-10"",""vehicle_reg"":null,""injuries"":false,""police_report"":true,""needs_human"":false}","{""claim_type"":""Theft"",""incident_date"":""2026-06-06"",""vehicle_reg"":null,""injuries"":false,""police_report"":true,""needs_human"":true}","{""claim_type"":""Theft"",""incident_date"":""2026-06-06"",""vehicle_reg"":null,""injuries"":false,""police_report"":true,""needs_human"":true}",458,1188,59,1003,2266,0,0
MSG-0340,2026-06-12 15:22,English,"I hit a pole on 09/06/2026 in Gwarinpa. It's a Hyundai Elantra, plate number KJA 486 BM. I hurt my arm and went to the hospital. I am very angry, you people collect premium and disappear.",0,Accident damage,2026-06-09,KJA 486 BM,1,0,1,,1,"{""claim_type"":""Accident damage"",""incident_date"":""2026-06-09"",""vehicle_reg"":""KJA 486 BM"",""injuries"":true,""police_report"":false,""needs_human"":false}","{""claim_type"":""Accident damage"",""incident_date"":""2026-06-09"",""vehicle_reg"":""KJA 486 BM"",""injuries"":true,""police_report"":false,""needs_human"":true}","{""claim_type"":""Accident damage"",""incident_date"":""2026-06-09"",""vehicle_reg"":""KJA486BM"",""injuries"":true,""police_report"":false,""needs_human"":true}",472,1202,63,527,2229,0,0
MSG-0341,2026-06-24 15:16,English,"My car skidded into a gutter on 20 June in Ikeja. The car is a Lexus RX 350, plate number LSD 159 PU. My passenger was injured and taken to hospital. I have a police report. What documents do you need?",2,Accident damage,2026-06-20,LSD 159 PU,1,1,0,,1,"{""claim_type"":""Accident damage"",""incident_date"":""2026-06-20"",""vehicle_reg"":""LSD 159 PU"",""injuries"":true,""police_report"":true,""needs_human"":true}","{""claim_type"":""Accident damage"",""incident_date"":""2026-06-20"",""vehicle_reg"":""LSD 159 PU"",""injuries"":true,""police_report"":true,""needs_human"":true}","{""claim_type"":""Accident damage"",""incident_date"":""2026-06-20"",""vehicle_reg"":""LSD 159 PU"",""injuries"":true,""police_report"":true,""needs_human"":true}",476,1206,66,507,1164,0,0
MSG-0342,2026-06-24 15:44,English,"I had an accident on 19 June in GRA Port Harcourt. It's a Toyota Corolla, plate number ABJ 111 BG. I am very angry, you people collect premium and disappear.",3,Accident damage,2026-06-19,ABJ 111 BG,0,0,1,,1,"{""claim_type"":""Accident damage"",""incident_date"":""2026-06-19"",""vehicle_reg"":""ABJ 111 BG"",""injuries"":false,""police_report"":false,""needs_human"":true}","{""claim_type"":""Accident damage"",""incident_date"":""2026-06-19"",""vehicle_reg"":""ABJ 111 BG"",""injuries"":false,""police_report"":false,""needs_human"":true}","{""claim_type"":""Accident damage"",""incident_date"":""2026-06-19"",""vehicle_reg"":""ABJ 111 BG"",""injuries"":false,""police_report"":false,""needs_human"":true}",464,1194,61,581,1353,0,0
MSG-0343,2026-06-12 20:35,English,"Good afternoon. I hit a pole on 6 June in Maryland. It's a Toyota Corolla, plate number AAA 520 JH. I hurt my arm and went to the hospital. What documents do you need?",0,Accident damage,2026-06-06,AAA 520 JH,1,0,0,,1,"{""claim_type"":""Accident damage"",""incident_date"":""2026-06-06"",""vehicle_reg"":""AAA 520 JH"",""injuries"":true,""police_report"":false,""needs_human"":true}","{""claim_type"":""Accident damage"",""incident_date"":""2026-06-06"",""vehicle_reg"":""AAA 520 JH"",""injuries"":true,""police_report"":false,""needs_human"":true}","{""claim_type"":""Accident damage"",""incident_date"":""2026-06-12"",""vehicle_reg"":""AAA 520 JH"",""injuries"":true,""police_report"":false,""needs_human"":true}",466,1196,63,793,1689,0,0
MSG-0344,2026-06-26 19:36,English,"Hello, I was involved in a crash on 24/06/2026 in Lekki. It's a Toyota Highlander, plate number FKJ 905 UU. The repair will cost about ₦1.8m. What documents do you need?",2,Accident damage,2026-06-24,FKJ 905 UU,0,0,0,1750000,0,"{""claim_type"":""Accident damage"",""incident_date"":""2026-06-24"",""vehicle_reg"":""FKJ 905 UU"",""injuries"":false,""police_report"":false,""needs_human"":false}","{""claim_type"":""Accident damage"",""incident_date"":""2026-06-24"",""vehicle_reg"":""FKJ 905 UU"",""injuries"":false,""police_report"":false,""needs_human"":false}","{""claim_type"":""Accident damage"",""incident_date"":""2026-06-24"",""vehicle_reg"":""FKJ 905 UU"",""injuries"":false,""police_report"":false,""needs_human"":false}",467,1197,56,670,2125,0,0
MSG-0345,2026-06-03 14:47,English,"Hi Shieldline, My windscreen cracked on 30 May in Festac. The car is a Toyota Camry, plate number KJA 729 VV. The repair will cost about ₦150k. How do I claim?",0,Windscreen,2026-05-30,KJA 729 VV,0,0,0,150000,0,"{""claim_type"":""Windscreen"",""incident_date"":""2026-05-30"",""vehicle_reg"":""KJA 729 VV"",""injuries"":false,""police_report"":false,""needs_human"":false}","{""claim_type"":""Windscreen"",""incident_date"":""2026-05-30"",""vehicle_reg"":""KJA 729 VV"",""injuries"":false,""police_report"":false,""needs_human"":false}","{""claim_type"":""Windscreen"",""incident_date"":""2026-05-30"",""vehicle_reg"":""KJA 729 VV"",""injuries"":false,""police_report"":false,""needs_human"":false}",464,1194,61,742,2123,0,0
MSG-0346,2026-06-12 13:37,English,"Hi Shieldline, I hit a pole on 6 June in Maryland. The car is a Toyota Highlander, plate number EKY 739 LT. The other driver was hurt and is in hospital. The repair will cost about ₦2m. What documents do you need?",2,Accident damage,2026-06-06,EKY 739 LT,1,0,0,2040000,1,"{""claim_type"":""Accident damage"",""incident_date"":""2026-06-06"",""vehicle_reg"":""EKY 739 LT"",""injuries"":true,""police_report"":false,""needs_human"":true}","{""claim_type"":""Accident damage"",""incident_date"":""2026-06-06"",""vehicle_reg"":""EKY 739 LT"",""injuries"":true,""police_report"":false,""needs_human"":true}","{""claim_type"":""Accident damage"",""incident_date"":""2026-06-06"",""vehicle_reg"":""EKY 739 LT"",""injuries"":true,""police_report"":false,""needs_human"":true}",479,1209,72,436,1999,0,0
MSG-0347,2026-06-05 07:43,English,I was involved in a crash on 05/06/2026 in Surulere. It's my Toyota Camry. Thank God no one was injured. I have a police report. The repair will cost about ₦570k. Please help.,2,Accident damage,2026-06-05,,0,1,0,570000,0,"{""claim_type"":""Theft"",""incident_date"":""2026-06-05"",""vehicle_reg"":null,""injuries"":false,""police_report"":true,""needs_human"":false}","{""claim_type"":""Accident damage"",""incident_date"":""2026-06-05"",""vehicle_reg"":null,""injuries"":false,""police_report"":true,""needs_human"":false}","{""claim_type"":""Accident damage"",""incident_date"":""2026-06-05"",""vehicle_reg"":null,""injuries"":false,""police_report"":true,""needs_human"":false}",469,1199,59,823,1519,0,0
MSG-0348,2026-06-09 15:15,English,"Good morning. A stone cracked my windscreen on 5 June in Maryland. It's a Kia Rio, plate number KTU 711 KE. The repair will cost about ₦375k. Please help.",0,Windscreen,2026-06-05,KTU 711 KE,0,0,0,375000,0,"{""claim_type"":""Windscreen"",""incident_date"":""2026-06-05"",""vehicle_reg"":""KTU 711 KE"",""injuries"":false,""police_report"":false,""needs_human"":false}","{""claim_type"":""Windscreen"",""incident_date"":""2026-06-05"",""vehicle_reg"":""KTU 711 KE"",""injuries"":false,""police_report"":true,""needs_human"":false}","{""claim_type"":""Windscreen"",""incident_date"":""2026-06-05"",""vehicle_reg"":""KTU 711 KE"",""injuries"":false,""police_report"":false,""needs_human"":false}",463,1193,63,778,2094,0,0
MSG-0349,2026-06-21 20:57,English,"My car was stolen on 19 June in Lekki. The car is a Nissan Almera, plate number KJA 414 TV. The police came and wrote a report. The car is worth about ₦5.3m.",0,Theft,2026-06-19,KJA 414 TV,0,1,0,5350000,1,"{""claim_type"":""Theft"",""incident_date"":""2026-06-19"",""vehicle_reg"":""KJA 414 TV"",""injuries"":false,""police_report"":true,""needs_human"":false}","{""claim_type"":""Theft"",""incident_date"":""2026-06-19"",""vehicle_reg"":""KJA 414 TV"",""injuries"":false,""police_report"":true,""needs_human"":true}","{""claim_type"":""Theft"",""incident_date"":""2026-06-19"",""vehicle_reg"":""KJA 414 TV"",""injuries"":false,""police_report"":true,""needs_human"":true}",464,1194,55,1209,1687,0,0
MSG-0350,2026-06-07 11:26,English,"Hi Shieldline, My car skidded into a gutter on 01/06/2026 in Wuse 2. It's a Lexus RX 350, plate number KJA 143 MX. What do I do next?",0,Accident damage,2026-06-01,KJA 143 MX,0,0,0,,0,"{""claim_type"":""Accident damage"",""incident_date"":""2026-06-01"",""vehicle_reg"":""KJA 143 MX"",""injuries"":false,""police_report"":false,""needs_human"":false}","{""claim_type"":""Accident damage"",""incident_date"":""2026-06-01"",""vehicle_reg"":""KJA 143 MX"",""injuries"":false,""police_report"":false,""needs_human"":false}","{""claim_type"":""Accident damage"",""incident_date"":""2026-06-01"",""vehicle_reg"":""KJA 143 MX"",""injuries"":false,""police_report"":false,""needs_human"":false}",457,1187,61,473,1256,0,0
MSG-0351,2026-06-09 16:22,English,"Hi Shieldline, My car was snatched at gunpoint on 04/06/2026 in Bodija. It's a Toyota Corolla, plate number KJA 603 WJ. I have reported it to the police. How do I claim?",0,Theft,2026-06-04,KJA 603 WJ,0,1,0,,1,"{""claim_type"":""Theft"",""incident_date"":""2026-06-04"",""vehicle_reg"":""KJA 603 WJ"",""injuries"":false,""police_report"":true,""needs_human"":true}","{""claim_type"":""Theft"",""incident_date"":""2026-06-04"",""vehicle_reg"":""KJA603WJ"",""injuries"":false,""police_report"":true,""needs_human"":false}","{""claim_type"":""Theft"",""incident_date"":""2026-06-04"",""vehicle_reg"":""KJA 603 WJ"",""injuries"":false,""police_report"":true,""needs_human"":true}",467,1197,68,775,2380,0,0
MSG-0352,2026-06-09 20:46,English,"My car skidded into a gutter on 7 June in Gwarinpa. The car is a Lexus RX 350, plate number RBC 806 DT. How do I claim?",1,Accident damage,2026-06-07,RBC 806 DT,0,0,0,,0,"{""claim_type"":""Accident damage"",""incident_date"":""2026-06-07"",""vehicle_reg"":""RBC 806 DT"",""injuries"":false,""police_report"":false,""needs_human"":false}","{""claim_type"":""Accident damage"",""incident_date"":""2026-06-07"",""vehicle_reg"":""RBC 806 DT"",""injuries"":false,""police_report"":false,""needs_human"":false}","{""claim_type"":""Accident damage"",""incident_date"":""2026-06-07"",""vehicle_reg"":""RBC806DT"",""injuries"":false,""police_report"":false,""needs_human"":true}",453,1183,77,716,3150,0,0
MSG-0353,2026-06-13 16:19,English,"Hi Shieldline, I hit a pole this morning in Wuse 2. The car is a Honda Accord, plate number SMK 705 AC. Nobody was hurt. I have reported it to the police. How do I claim?",3,Accident damage,2026-06-13,SMK 705 AC,0,1,0,,0,"Sure! Here is the JSON:
{""claim_type"":""Windscreen"",""incident_date"":""2026-06-13"",""vehicle_reg"":""SMK 705 AC"",""injuries"":false,""police_report"":true,""needs_human"":false}","{""claim_type"":""Accident damage"",""incident_date"":""2026-06-13"",""vehicle_reg"":""SMK 705 AC"",""injuries"":false,""police_report"":true,""needs_human"":false}","{""claim_type"":""Accident damage"",""incident_date"":""2026-06-13"",""vehicle_reg"":""SMK 705 AC"",""injuries"":false,""police_report"":true,""needs_human"":false}",467,1197,61,511,2216,0,0
MSG-0354,2026-06-16 16:34,English,"Hi Shieldline, I hit a keke and damaged it this morning at Festac. The car is a Toyota Highlander, plate number AAA 434 SL. What do I do next?",4,Third party,2026-06-16,AAA 434 SL,0,0,0,,0,"{""claim_type"":""Third party"",""incident_date"":""2026-06-16"",""vehicle_reg"":""AAA 434 SL"",""injuries"":false,""police_report"":false,""needs_human"":false}","{""claim_type"":""Third party"",""incident_date"":""2026-06-16"",""vehicle_reg"":""AAA 434 SL"",""injuries"":false,""police_report"":false,""needs_human"":false}","{""claim_type"":""Third party"",""incident_date"":""2026-06-16"",""vehicle_reg"":""AAA 434 SL"",""injuries"":false,""police_report"":false,""needs_human"":false}",459,1189,55,607,2419,0,0
MSG-0355,2026-06-30 07:29,English,"I hit a pole on 26/06/2026 in Yaba. The car is a Lexus RX 350, plate number APP 558 LP. Thank God no one was injured. What documents do you need?",4,Accident damage,2026-06-26,APP 558 LP,0,0,0,,0,"{""claim_type"":""Accident damage"",""incident_date"":""2026-06-26"",""vehicle_reg"":""APP 558 LP"",""injuries"":false,""police_report"":false,""needs_human"":false}","{""claim_type"":""Accident damage"",""incident_date"":""2026-06-26"",""vehicle_reg"":""APP 558 LP"",""injuries"":false,""police_report"":false,""needs_human"":false}","{""claim_type"":""Accident damage"",""incident_date"":""2026-06-26"",""vehicle_reg"":""APP 558 LP"",""injuries"":false,""police_report"":false,""needs_human"":false}",460,1190,70,704,832,0,0
MSG-0356,2026-06-02 14:08,English,"Hi Shieldline, My windscreen got smashed this morning in Ajah. It's a Toyota Highlander, plate number GGE 416 VM. What do I do next?",3,Windscreen,2026-06-02,GGE 416 VM,0,0,0,,0,"{""claim_type"":""Windscreen"",""incident_date"":""2026-06-02"",""vehicle_reg"":""GGE 416 VM"",""injuries"":false,""police_report"":false,""needs_human"":false}","{""claim_type"":""Third party"",""incident_date"":""2026-06-02"",""vehicle_reg"":""GGE 416 VM"",""injuries"":false,""police_report"":false,""needs_human"":false}","{""claim_type"":""Windscreen"",""incident_date"":""2026-06-02"",""vehicle_reg"":""GGE 416 VM"",""injuries"":false,""police_report"":false,""needs_human"":false}",457,1187,69,779,1535,0,0
MSG-0357,2026-06-12 12:19,English,"My car was stolen yesterday in Festac. The car is a Kia Rio, plate number AAA 595 CS. This is my second message and nobody has replied. This is unacceptable! What do I do next?",0,Theft,2026-06-11,AAA 595 CS,0,0,1,,1,"{""claim_type"":""Theft"",""incident_date"":""2026-06-11"",""vehicle_reg"":""AAA 595 CS"",""injuries"":false,""police_report"":false,""needs_human"":true}","{""claim_type"":""Theft"",""incident_date"":""2026-06-11"",""vehicle_reg"":""AAA 595 CS"",""injuries"":false,""police_report"":false,""needs_human"":true}","{""claim_type"":""Theft"",""incident_date"":""2026-06-11"",""vehicle_reg"":""AAA 595 CS"",""injuries"":false,""police_report"":false,""needs_human"":true}",469,1199,72,707,2192,0,0
MSG-0358,2026-06-14 11:11,English,Good afternoon. A stone cracked my windscreen on 10/06/2026 in Wuse 2. It's my Hyundai Elantra. How do I claim?,3,Windscreen,2026-06-10,,0,0,0,,0,"{""claim_type"":""Windscreen"",""incident_date"":""2026-06-10"",""vehicle_reg"":""LSD 837 PJ"",""injuries"":false,""police_report"":false,""needs_human"":false}","{""claim_type"":""Windscreen"",""incident_date"":""2026-06-10"",""vehicle_reg"":null,""injuries"":false,""police_report"":false,""needs_human"":false}","{""claim_type"":""Windscreen"",""incident_date"":""2026-06-10"",""vehicle_reg"":null,""injuries"":false,""police_report"":true,""needs_human"":false}",451,1181,76,892,1638,0,0
MSG-0359,2026-06-30 18:54,Pidgin,"Shieldline abeg, thief carry my motor go on 28 June for Garki. Na Toyota Camry, number na BDG 910 MU. Police don write report.",0,Theft,2026-06-28,BDG 910 MU,0,1,0,,1,"{""claim_type"":""Accident damage"",""incident_date"":""2026-06-28"",""vehicle_reg"":""BDG910MU"",""injuries"":false,""police_report"":true,""needs_human"":true}","{""claim_type"":""Theft"",""incident_date"":""2026-06-28"",""vehicle_reg"":""BDG 910 MU"",""injuries"":false,""police_report"":true,""needs_human"":false}","{""claim_type"":""Theft"",""incident_date"":""2026-06-28"",""vehicle_reg"":""BDG 910 MU"",""injuries"":false,""police_report"":true,""needs_human"":true}",455,1185,78,782,2052,0,0
MSG-0360,2026-06-28 18:06,English,"Good afternoon. A danfo bus hit my car on 22 June at Yaba. The car is a Lexus RX 350, plate number GGE 549 DH. Nobody was hurt. I have reported it to the police. The repair will cost about ₦2.1m.",2,Third party,2026-06-22,GGE 549 DH,0,1,0,2070000,0,"{""claim_type"":""Third party"",""incident_date"":""2026-06-22"",""vehicle_reg"":""GGE 549 DH"",""injuries"":false,""police_report"":true,""needs_human"":false}","{""claim_type"":""Third party"",""incident_date"":""2026-06-22"",""vehicle_reg"":""GGE 549 DH"",""injuries"":false,""police_report"":true,""needs_human"":false}","{""claim_type"":""Third party"",""incident_date"":""2026-06-22"",""vehicle_reg"":""GGE 549 DH"",""injuries"":false,""police_report"":true,""needs_human"":false}",474,1204,77,777,1434,0,0
MSG-0361,2026-06-13 18:29,English,"Hello, A stone cracked my windscreen on 11/06/2026 in Garki. It's a Honda Accord, plate number SMK 171 MR. What do I do next?",3,Windscreen,2026-06-11,SMK 171 MR,0,0,0,,0,"{""claim_type"":""Windscreen"",""incident_date"":""2026-06-11"",""vehicle_reg"":""SMK171MR"",""injuries"":false,""police_report"":true,""needs_human"":false}","Sure! Here is the JSON:
{""claim_type"":""Windscreen"",""incident_date"":""2026-06-11"",""vehicle_reg"":""SMK 171 MR"",""injuries"":false,""police_report"":false,""needs_human"":false}","{""claim_type"":""Windscreen"",""incident_date"":""2026-06-11"",""vehicle_reg"":""SMK 171 MR"",""injuries"":false,""police_report"":false,""needs_human"":false}",455,1185,60,1026,2625,0,0
MSG-0362,2026-06-29 13:41,English,"Good afternoon. Another car ran into me today at Garki. It's a Hyundai Elantra, plate number SMK 546 YD. Nobody was hurt. The repair will cost about ₦1.4m. What documents do you need?",3,Third party,2026-06-29,SMK 546 YD,0,0,0,1370000,0,"{""claim_type"":""Third party"",""incident_date"":""2026-06-29"",""vehicle_reg"":""SMK 546 YD"",""injuries"":false,""police_report"":false,""needs_human"":false}","{""claim_type"":""Third party"",""incident_date"":""2026-06-29"",""vehicle_reg"":""SMK546YD"",""injuries"":false,""police_report"":false,""needs_human"":false}","{""claim_type"":""Third party"",""incident_date"":""2026-06-29"",""vehicle_reg"":""SMK 546 YD"",""injuries"":false,""police_report"":false,""needs_human"":false}",471,1201,76,741,1507,0,0
MSG-0363,2026-06-26 07:45,Pidgin,"Stone break my windscreen on 24/06/2026 for Gwarinpa. Na Hyundai Elantra, number na GGE 259 HB. Mechanic talk say e go cost like ₦375k. Abeg help me.",4,Windscreen,2026-06-24,GGE 259 HB,0,0,0,375000,0,"{""claim_type"":""Windscreen"",""incident_date"":""2026-06-24"",""vehicle_reg"":""GGE 259 HB"",""injuries"":false,""police_report"":false,""needs_human"":false}","{""claim_type"":""Windscreen"",""incident_date"":""2026-06-24"",""vehicle_reg"":""GGE 259 HB"",""injuries"":false,""police_report"":false,""needs_human"":false}","{""claim_type"":""Windscreen"",""incident_date"":""2026-06-24"",""vehicle_reg"":""GGE 259 HB"",""injuries"":false,""police_report"":false,""needs_human"":false}",461,1191,55,738,3948,0,0
MSG-0364,2026-06-23 13:04,Pidgin,"Shieldline abeg, stone break my windscreen this morning for Yaba. Na Honda Accord, number na EKY 805 BJ.",0,Windscreen,2026-06-23,EKY 805 BJ,0,0,0,,0,"{""claim_type"":""Theft"",""incident_date"":""2026-06-23"",""vehicle_reg"":""EKY 805 BJ"",""injuries"":true,""police_report"":false,""needs_human"":false}","Sure! Here is the JSON:
{""claim_type"":""Windscreen"",""incident_date"":""2026-06-23"",""vehicle_reg"":""EKY805BJ"",""injuries"":false,""police_report"":false,""needs_human"":false}","{""claim_type"":""Windscreen"",""incident_date"":""2026-06-23"",""vehicle_reg"":""EKY 805 BJ"",""injuries"":false,""police_report"":false,""needs_human"":false}",449,1179,60,592,1955,0,0
MSG-0365,2026-06-18 14:01,Pidgin,"Danfo jam my motor on 13 June for Gwarinpa. Na my Toyota Corolla. Nobody wound. Una no dey reply message at all, this one no good! Abeg help me.",2,Third party,2026-06-13,,0,0,1,,1,"{""claim_type"":""Windscreen"",""incident_date"":""2026-06-13"",""vehicle_reg"":""ABJ 938 EY"",""injuries"":false,""police_report"":false,""needs_human"":false}","{""claim_type"":""Third party"",""incident_date"":""2026-06-13"",""vehicle_reg"":null,""injuries"":false,""police_report"":false,""needs_human"":true}","{""claim_type"":""Third party"",""incident_date"":""2026-06-13"",""vehicle_reg"":null,""injuries"":false,""police_report"":true,""needs_human"":true}",460,1190,66,690,2902,0,0
MSG-0366,2026-06-06 15:57,English,"Hello, My windscreen cracked today in Lekki. It's a Toyota Camry, plate number EKY 590 UB. The repair will cost about ₦200k. What do I do next?",2,Windscreen,2026-06-06,EKY 590 UB,0,0,0,200000,0,"{""claim_type"":""Windscreen"",""incident_date"":""2026-06-06"",""vehicle_reg"":""EKY 590 UB"",""injuries"":false,""police_report"":false,""needs_human"":false}","{""claim_type"":""Windscreen"",""incident_date"":""2026-06-06"",""vehicle_reg"":""EKY 590 UB"",""injuries"":false,""police_report"":false,""needs_human"":false}","{""claim_type"":""Windscreen"",""incident_date"":""2026-06-06"",""vehicle_reg"":""EKY 590 UB"",""injuries"":false,""police_report"":false,""needs_human"":false}",460,1190,66,304,1490,0,0
MSG-0367,2026-06-30 18:01,English,"Hello, My car skidded into a gutter on 27/06/2026 in Surulere. It's a Honda Accord, plate number SMK 511 RZ. I hurt my arm and went to the hospital. The repair will cost about ₦530k. What documents do you need?",3,Accident damage,2026-06-27,SMK 511 RZ,1,0,0,530000,1,"{""claim_type"":""Accident damage"",""incident_date"":""2026-06-27"",""vehicle_reg"":""SMK 511 RZ"",""injuries"":true,""police_report"":false,""needs_human"":true}","{""claim_type"":""Accident damage"",""incident_date"":""2026-06-27"",""vehicle_reg"":""SMK 511 RZ"",""injuries"":false,""police_report"":false,""needs_human"":true}","{""claim_type"":""Accident damage"",""incident_date"":""2026-06-27"",""vehicle_reg"":""SMK 511 RZ"",""injuries"":true,""police_report"":false,""needs_human"":true}",478,1208,77,926,1007,0,0
MSG-0368,2026-06-01 13:02,English,"I had an accident on 29 May in Garki. The car is a Toyota Corolla, plate number AAA 642 KD. How do I claim?",2,Accident damage,2026-05-29,AAA 642 KD,0,0,0,,0,"{""claim_type"":""Windscreen"",""incident_date"":""2026-05-29"",""vehicle_reg"":""AAA 642 KD"",""injuries"":false,""police_report"":false,""needs_human"":false}","{""claim_type"":""Accident damage"",""incident_date"":""2026-05-29"",""vehicle_reg"":""AAA 642 KD"",""injuries"":false,""police_report"":false,""needs_human"":false}","{""claim_type"":""Accident damage"",""incident_date"":""2026-05-29"",""vehicle_reg"":""AAA 642 KD"",""injuries"":false,""police_report"":false,""needs_human"":false}",450,1180,70,374,1918,0,0
MSG-0369,2026-06-05 22:00,English,"Hello, My car was stolen on 1 June in Lekki. It's my Hyundai Elantra. The police came and wrote a report. How do I claim?",0,Theft,2026-06-01,,0,1,0,,1,"{""claim_type"":""Theft"",""incident_date"":""2026-06-01"",""vehicle_reg"":null,""injuries"":false,""police_report"":true,""needs_human"":true}","{""claim_type"":""Theft"",""incident_date"":""2026-06-01"",""vehicle_reg"":null,""injuries"":false,""police_report"":true,""needs_human"":true}","{""claim_type"":""Theft"",""incident_date"":""2026-06-01"",""vehicle_reg"":null,""injuries"":false,""police_report"":true,""needs_human"":true}",454,1184,69,644,2199,0,0
MSG-0370,2026-06-22 07:10,English,"Hi Shieldline, I hit a pole on 19/06/2026 in Lekki. The car is a Hyundai Elantra, plate number RBC 729 AT. I hurt my arm and went to the hospital. What documents do you need?",3,Accident damage,2026-06-19,RBC 729 AT,1,0,0,,1,"{""claim_type"":""Accident damage"",""incident_date"":""2026-06-19"",""vehicle_reg"":""RBC 729 AT"",""injuries"":true,""police_report"":false,""needs_human"":true}","{""claim_type"":""Accident damage"",""incident_date"":""2026-06-19"",""vehicle_reg"":""RBC 729 AT"",""injuries"":true,""police_report"":false,""needs_human"":false}","{""claim_type"":""Accident damage"",""incident_date"":""2026-06-19"",""vehicle_reg"":""RBC 729 AT"",""injuries"":false,""police_report"":false,""needs_human"":true}",468,1198,74,473,1814,0,0
MSG-0371,2026-06-24 09:12,Pidgin,"Abeg, I jam pole on 19 June for Maryland, motor don scatter. Na Lexus RX 350, number na AAA 410 PW. God dey, nobody wound.",0,Accident damage,2026-06-19,AAA 410 PW,0,0,0,,0,"{""claim_type"":""Accident damage"",""incident_date"":""2026-06-19"",""vehicle_reg"":""AAA 410 PW"",""injuries"":false,""police_report"":false,""needs_human"":false}","{""claim_type"":""Accident damage"",""incident_date"":""2026-06-19"",""vehicle_reg"":""AAA410PW"",""injuries"":false,""police_report"":false,""needs_human"":false}","{""claim_type"":""Accident damage"",""incident_date"":""2026-06-24"",""vehicle_reg"":""AAA 410 PW"",""injuries"":false,""police_report"":false,""needs_human"":false}",454,1184,75,756,2132,0,0
MSG-0372,2026-06-09 21:23,English,"Hello, My car skidded into a gutter on 9 June in Yaba. The car is a Toyota Corolla, plate number AAA 417 WW. What do I do next?",0,Accident damage,2026-06-09,AAA 417 WW,0,0,0,,0,"{""claim_type"":""Accident damage"",""incident_date"":""2026-06-09"",""vehicle_reg"":""AAA 417 WW"",""injuries"":false,""police_report"":false,""needs_human"":false}","{""claim_type"":""Windscreen"",""incident_date"":""2026-06-09"",""vehicle_reg"":""AAA 417 WW"",""injuries"":false,""police_report"":false,""needs_human"":false}","{""claim_type"":""Accident damage"",""incident_date"":""2026-06-09"",""vehicle_reg"":""AAA 417 WW"",""injuries"":false,""police_report"":false,""needs_human"":false}",455,1185,56,1291,3494,0,0
MSG-0373,2026-06-20 09:06,Pidgin,"Abeg, danfo jam my motor on 17/06/2026 for Wuse 2. Na Nissan Almera, number na BDG 773 DK. Nobody wound. Which document una need?",0,Third party,2026-06-17,BDG 773 DK,0,0,0,,0,"{""claim_type"":""Third party"",""incident_date"":""2026-06-17"",""vehicle_reg"":""BDG773DK"",""injuries"":false,""police_report"":true,""needs_human"":false}","{""claim_type"":""Windscreen"",""incident_date"":""2026-06-17"",""vehicle_reg"":""BDG 773 DK"",""injuries"":false,""police_report"":false,""needs_human"":false}","{""claim_type"":""Third party"",""incident_date"":""2026-06-17"",""vehicle_reg"":""BDG 773 DK"",""injuries"":false,""police_report"":false,""needs_human"":false}",456,1186,63,431,1907,0,0
MSG-0374,2026-06-24 18:01,English,"Hello, I had an accident on 20 June in Lekki. The car is a Kia Rio, plate number RBC 640 SU. Nobody was hurt. How do I claim?",2,Accident damage,2026-06-20,RBC 640 SU,0,0,0,,0,"{""claim_type"":""Accident damage"",""incident_date"":""2026-06-20"",""vehicle_reg"":""RBC 640 SU"",""injuries"":false,""police_report"":false,""needs_human"":false}","{""claim_type"":""Accident damage"",""incident_date"":""2026-06-20"",""vehicle_reg"":""RBC 640 SU"",""injuries"":false,""police_report"":false,""needs_human"":false}","{""claim_type"":""Accident damage"",""incident_date"":""2026-06-20"",""vehicle_reg"":""RBC 640 SU"",""injuries"":false,""police_report"":true,""needs_human"":false}",455,1185,80,902,997,1,0
MSG-0375,2026-06-20 19:50,Pidgin,"Abeg, one motor jam my motor on 18 June for Festac. Na Hyundai Elantra, number na KJA 929 KN. Nobody wound. Mechanic talk say e go cost like ₦200k. Abeg help me.",3,Third party,2026-06-18,KJA 929 KN,0,0,0,200000,0,"{""claim_type"":""Third party"",""incident_date"":""2026-06-18"",""vehicle_reg"":""KJA 929 KN"",""injuries"":false,""police_report"":false,""needs_human"":false}","{""claim_type"":""Third party"",""incident_date"":""2026-06-18"",""vehicle_reg"":""KJA 929 KN"",""injuries"":false,""police_report"":false,""needs_human"":false}","{""claim_type"":""Third party"",""incident_date"":""2026-06-18"",""vehicle_reg"":""KJA 929 KN"",""injuries"":false,""police_report"":false,""needs_human"":false}",465,1195,79,662,1901,1,0
MSG-0376,2026-06-06 18:02,Pidgin,"Thief carry my motor go on 2 June for Ajah. Na Toyota Corolla, number na BDG 988 SM. Police don write report. Which document una need?",0,Theft,2026-06-02,BDG 988 SM,0,1,0,,1,"{""claim_type"":""Windscreen"",""incident_date"":""2026-06-02"",""vehicle_reg"":""BDG 988 SM"",""injuries"":false,""police_report"":true,""needs_human"":false}","{""claim_type"":""Theft"",""incident_date"":""2026-06-02"",""vehicle_reg"":""BDG 988 SM"",""injuries"":false,""police_report"":true,""needs_human"":false}","{""claim_type"":""Theft"",""incident_date"":""2026-06-02"",""vehicle_reg"":""BDG 988 SM"",""injuries"":false,""police_report"":true,""needs_human"":true}",457,1187,74,1011,2328,0,0
MSG-0377,2026-06-23 14:19,English,"Good morning. Thieves took my car on 22/06/2026 in Garki. The car is a Nissan Almera, plate number AAA 687 GM. The police came and wrote a report. The car is worth about ₦4.1m.",0,Theft,2026-06-22,AAA 687 GM,0,1,0,4100000,1,"{""claim_type"":""Theft"",""incident_date"":""2026-06-22"",""vehicle_reg"":""AAA 687 GM"",""injuries"":false,""police_report"":true,""needs_human"":true}","{""claim_type"":""Theft"",""incident_date"":""2026-06-22"",""vehicle_reg"":""AAA 687 GM"",""injuries"":false,""police_report"":true,""needs_human"":true}","{""claim_type"":""Theft"",""incident_date"":""2026-06-22"",""vehicle_reg"":""AAA 687 GM"",""injuries"":false,""police_report"":true,""needs_human"":false}",469,1199,79,730,1653,0,0
MSG-0378,2026-06-07 09:54,English,"Hi Shieldline, My car was stolen on 04/06/2026 in GRA Port Harcourt. The car is a Honda Accord, plate number APP 553 LT. I have reported it to the police. The car is worth about ₦6.8m.",0,Theft,2026-06-04,APP 553 LT,0,1,0,6850000,1,"{""claim_type"":""Theft"",""incident_date"":""2026-06-04"",""vehicle_reg"":""APP 553 LT"",""injuries"":false,""police_report"":true,""needs_human"":true}","{""claim_type"":""Windscreen"",""incident_date"":""2026-06-04"",""vehicle_reg"":""APP 553 LT"",""injuries"":false,""police_report"":false,""needs_human"":true}","{""claim_type"":""Theft"",""incident_date"":""2026-06-04"",""vehicle_reg"":""APP 553 LT"",""injuries"":false,""police_report"":true,""needs_human"":false}",471,1201,70,436,1788,0,0
MSG-0379,2026-06-05 11:37,English,"Hello, Thieves took my car on 30/05/2026 in Wuse 2. It's my Toyota Highlander. The car is worth about ₦7.7m.",0,Theft,2026-05-30,,0,0,0,7650000,1,"{""claim_type"":""Theft"",""incident_date"":""2026-05-30"",""vehicle_reg"":null,""injuries"":false,""police_report"":false,""needs_human"":true}","{""claim_type"":""Theft"",""incident_date"":""2026-05-30"",""vehicle_reg"":null,""injuries"":false,""police_report"":false,""needs_human"":true}","{""claim_type"":""Theft"",""incident_date"":""2026-05-30"",""vehicle_reg"":null,""injuries"":false,""police_report"":false,""needs_human"":true}",450,1180,77,564,2074,1,0
MSG-0380,2026-06-02 11:38,English,"Good afternoon. A stone cracked my windscreen on 28/05/2026 in GRA Port Harcourt. The car is a Honda Accord, plate number BDG 507 CT. The repair will cost about ₦225k. What do I do next?",0,Windscreen,2026-05-28,BDG 507 CT,0,0,0,225000,0,"{""claim_type"":""Accident damage"",""incident_date"":""2026-05-28"",""vehicle_reg"":""BDG 507 CT"",""injuries"":false,""police_report"":false,""needs_human"":true}","{""claim_type"":""Windscreen"",""incident_date"":""2026-05-28"",""vehicle_reg"":""BDG 507 CT"",""injuries"":false,""police_report"":false,""needs_human"":false}","{""claim_type"":""Windscreen"",""incident_date"":""2026-06-02"",""vehicle_reg"":""BDG 507 CT"",""injuries"":false,""police_report"":true,""needs_human"":false}",472,1202,65,346,1474,0,0
MSG-0381,2026-06-04 12:07,English,"My windscreen cracked on 30/05/2026 in Ajah. The car is a Nissan Almera, plate number GGE 863 NY. What do I do next?",1,Windscreen,2026-05-30,GGE 863 NY,0,0,0,,0,"Sure! Here is the JSON:
{""claim_type"":""Windscreen"",""incident_date"":""2026-05-30"",""vehicle_reg"":""GGE 863 NY"",""injuries"":false,""police_report"":false,""needs_human"":false}","{""claim_type"":""Windscreen"",""incident_date"":""2026-05-30"",""vehicle_reg"":""GGE 863 NY"",""injuries"":false,""police_report"":false,""needs_human"":false}","{""claim_type"":""Windscreen"",""incident_date"":""2026-05-30"",""vehicle_reg"":""GGE 863 NY"",""injuries"":false,""police_report"":false,""needs_human"":true}",452,1182,80,1043,806,0,0
MSG-0382,2026-06-05 09:18,English,"A stone cracked my windscreen on 02/06/2026 in Festac. It's a Honda Accord, plate number ABJ 859 ES. If I don't hear back today I will report you to NAICOM. What documents do you need?",1,Windscreen,2026-06-02,ABJ 859 ES,0,0,1,,1,"{""claim_type"":""Accident damage"",""incident_date"":""2026-06-02"",""vehicle_reg"":""ABJ 859 ES"",""injuries"":false,""police_report"":false,""needs_human"":true}","Sure! Here is the JSON:
{""claim_type"":""Windscreen"",""incident_date"":""2026-06-02"",""vehicle_reg"":""ABJ 859 ES"",""injuries"":false,""police_report"":false,""needs_human"":true}","{""claim_type"":""Windscreen"",""incident_date"":""2026-06-02"",""vehicle_reg"":""ABJ 859 ES"",""injuries"":false,""police_report"":false,""needs_human"":true}",471,1201,55,705,1761,0,0
MSG-0383,2026-06-17 11:01,Pidgin,"Stone break my windscreen on 12 June for Ajah. Na Kia Rio, number na EKY 629 AV. Mechanic talk say e go cost like ₦290k. Wetin I go do?",0,Windscreen,2026-06-12,EKY 629 AV,0,0,0,290000,0,"{""claim_type"":""Windscreen"",""incident_date"":""2026-06-12"",""vehicle_reg"":""EKY 629 AV"",""injuries"":false,""police_report"":true,""needs_human"":false}","{""claim_type"":""Windscreen"",""incident_date"":""2026-06-12"",""vehicle_reg"":""EKY 629 AV"",""injuries"":false,""police_report"":false,""needs_human"":false}","{""claim_type"":""Windscreen"",""incident_date"":""2026-06-12"",""vehicle_reg"":""EKY 629 AV"",""injuries"":false,""police_report"":false,""needs_human"":false}",458,1188,56,470,2484,0,0
MSG-0384,2026-06-26 08:17,English,Good morning. My car was snatched at gunpoint yesterday in Yaba. It's my Kia Rio. I have reported it to the police. The car is worth about ₦10.2m. What do I do next?,0,Theft,2026-06-25,,0,1,0,10150000,1,"{""claim_type"":""Third party"",""incident_date"":""2026-06-25"",""vehicle_reg"":null,""injuries"":false,""police_report"":true,""needs_human"":true}","{""claim_type"":""Theft"",""incident_date"":""2026-06-25"",""vehicle_reg"":null,""injuries"":false,""police_report"":true,""needs_human"":true}","{""claim_type"":""Theft"",""incident_date"":""2026-06-25"",""vehicle_reg"":null,""injuries"":false,""police_report"":true,""needs_human"":true}",466,1196,64,368,1338,0,0
MSG-0385,2026-06-20 19:40,Pidgin,"Abeg, stone break my windscreen on 17 June for Yaba. Na Kia Rio, number na LSD 959 MD. Mechanic talk say e go cost like ₦315k. Which document una need?",1,Windscreen,2026-06-17,LSD 959 MD,0,0,0,315000,0,"{""claim_type"":""Windscreen"",""incident_date"":""2026-06-17"",""vehicle_reg"":""LSD 959 MD"",""injuries"":false,""police_report"":false,""needs_human"":false}","{""claim_type"":""Windscreen"",""incident_date"":""2026-06-17"",""vehicle_reg"":""LSD959MD"",""injuries"":false,""police_report"":false,""needs_human"":false}","{""claim_type"":""Windscreen"",""incident_date"":""2026-06-17"",""vehicle_reg"":""LSD 959 MD"",""injuries"":false,""police_report"":false,""needs_human"":false}",462,1192,69,554,1928,0,0
MSG-0386,2026-06-03 11:03,English,"Hello, I had an accident on 30/05/2026 in Gwarinpa. It's my Toyota Corolla. Nobody was hurt. I have reported it to the police. What documents do you need?",3,Accident damage,2026-05-30,,0,1,0,,0,"{""claim_type"":""Accident damage"",""incident_date"":""2026-05-30"",""vehicle_reg"":""EKY 838 LU"",""injuries"":false,""police_report"":true,""needs_human"":false}","{""claim_type"":""Accident damage"",""incident_date"":""2026-05-30"",""vehicle_reg"":null,""injuries"":false,""police_report"":true,""needs_human"":false}","{""claim_type"":""Accident damage"",""incident_date"":""2026-06-03"",""vehicle_reg"":null,""injuries"":false,""police_report"":true,""needs_human"":false}",463,1193,78,568,3390,0,0
MSG-0387,2026-06-11 08:34,Pidgin,"Abeg, stone break my windscreen on 07/06/2026 for Gwarinpa. Na Nissan Almera, number na GGE 197 VM. Which document una need?",3,Windscreen,2026-06-07,GGE 197 VM,0,0,0,,0,"{""claim_type"":""Windscreen"",""incident_date"":""2026-06-07"",""vehicle_reg"":""GGE 197 VM"",""injuries"":false,""police_report"":false,""needs_human"":true}","{""claim_type"":""Windscreen"",""incident_date"":""2026-06-07"",""vehicle_reg"":""GGE197VM"",""injuries"":false,""police_report"":false,""needs_human"":false}","{""claim_type"":""Windscreen"",""incident_date"":""2026-06-07"",""vehicle_reg"":""GGE 197 VM"",""injuries"":false,""police_report"":false,""needs_human"":false}",454,1184,76,778,3492,0,0
MSG-0388,2026-06-14 20:17,English,"Another car ran into me on 13 June at Gwarinpa. The car is a Lexus RX 350, plate number BDG 330 ZL. I have a police report. What documents do you need?",0,Third party,2026-06-13,BDG 330 ZL,0,1,0,,0,"{""claim_type"":""Third party"",""incident_date"":""2026-06-13"",""vehicle_reg"":""BDG330ZL"",""injuries"":false,""police_report"":true,""needs_human"":false}","{""claim_type"":""Third party"",""incident_date"":""2026-06-13"",""vehicle_reg"":""BDG330ZL"",""injuries"":false,""police_report"":true,""needs_human"":false}","{""claim_type"":""Third party"",""incident_date"":""2026-06-13"",""vehicle_reg"":""BDG 330 ZL"",""injuries"":false,""police_report"":true,""needs_human"":false}",462,1192,63,761,1570,0,0
MSG-0389,2026-06-29 07:46,English,"Hello, I hit a pole on 24/06/2026 in Ajah. It's my Nissan Almera. Nobody was hurt. What do I do next?",3,Accident damage,2026-06-24,,0,0,0,,0,"{""claim_type"":""Windscreen"",""incident_date"":""2026-06-24"",""vehicle_reg"":null,""injuries"":false,""police_report"":false,""needs_human"":false}","{""claim_type"":""Accident damage"",""incident_date"":""2026-06-24"",""vehicle_reg"":null,""injuries"":false,""police_report"":false,""needs_human"":false}","{""claim_type"":""Accident damage"",""incident_date"":""2026-06-24"",""vehicle_reg"":null,""injuries"":false,""police_report"":false,""needs_human"":false}",448,1178,78,586,1788,0,0
MSG-0390,2026-06-08 15:41,Pidgin,"Shieldline abeg, stone break my windscreen on 4 June for Festac. Na Kia Rio, number na SMK 223 GT. Wetin I go do?",3,Windscreen,2026-06-04,SMK 223 GT,0,0,0,,0,"{""claim_type"":""Windscreen"",""incident_date"":""2026-06-04"",""vehicle_reg"":""SMK 223 GT"",""injuries"":false,""police_report"":false,""needs_human"":false}","{'claim_type':'Windscreen','incident_date':'2026-06-04','vehicle_reg':'SMK 223 GT','injuries':false,'police_report':false,'needs_human':false}","{""claim_type"":""Windscreen"",""incident_date"":""2026-06-04"",""vehicle_reg"":""SMK 223 GT"",""injuries"":false,""police_report"":false,""needs_human"":false}",451,1181,74,580,1298,0,0
MSG-0391,2026-06-29 16:07,English,Good morning. A stone cracked my windscreen on 27/06/2026 in GRA Port Harcourt. It's my Honda Accord. What do I do next?,3,Windscreen,2026-06-27,,0,0,0,,0,"{""claim_type"":""Windscreen"",""incident_date"":""2026-06-29"",""vehicle_reg"":null,""injuries"":false,""police_report"":false,""needs_human"":false}","{""claim_type"":""Windscreen"",""incident_date"":""2026-06-27"",""vehicle_reg"":null,""injuries"":false,""police_report"":false,""needs_human"":false}","{""claim_type"":""Windscreen"",""incident_date"":""2026-06-27"",""vehicle_reg"":null,""injuries"":false,""police_report"":false,""needs_human"":false}",453,1183,80,1228,2194,0,0
MSG-0392,2026-06-26 11:36,Pidgin,"Shieldline abeg, thief carry my motor go on 22/06/2026 for Yaba. Na Toyota Corolla, number na BDG 968 AD. Police don write report. The motor worth like ₦6.4m. Abeg help me.",0,Theft,2026-06-22,BDG 968 AD,0,1,0,6400000,1,"{""claim_type"":""Theft"",""incident_date"":""2026-06-22"",""vehicle_reg"":""BDG 968 AD"",""injuries"":false,""police_report"":true,""needs_human"":true}","{""claim_type"":""Theft"",""incident_date"":""2026-06-22"",""vehicle_reg"":""BDG 968 AD"",""injuries"":false,""police_report"":true,""needs_human"":true}","{""claim_type"":""Theft"",""incident_date"":""2026-06-22"",""vehicle_reg"":""BDG 968 AD"",""injuries"":false,""police_report"":true,""needs_human"":false}",468,1198,69,778,1106,0,0
MSG-0393,2026-06-19 08:29,English,"Hi Shieldline, A stone cracked my windscreen on 15 June in Garki. The car is a Toyota Corolla, plate number EKY 548 NP. I am very angry, you people collect premium and disappear. Please help.",2,Windscreen,2026-06-15,EKY 548 NP,0,0,1,,1,"{""claim_type"":""Windscreen"",""incident_date"":""2026-06-15"",""vehicle_reg"":""EKY 548 NP"",""injuries"":false,""police_report"":false,""needs_human"":true}","{""claim_type"":""Windscreen"",""incident_date"":""2026-06-15"",""vehicle_reg"":""EKY 548 NP"",""injuries"":false,""police_report"":false,""needs_human"":false}","{""claim_type"":""Windscreen"",""incident_date"":""2026-06-15"",""vehicle_reg"":""EKY 548 NP"",""injuries"":false,""police_report"":false,""needs_human"":true}",473,1203,69,370,1642,0,0
MSG-0394,2026-06-22 07:01,English,"Hi Shieldline, A danfo bus hit my car on 19 June at Ajah. It's a Lexus RX 350, plate number GGE 500 JA. Nobody was hurt. I have reported it to the police.",4,Third party,2026-06-19,GGE 500 JA,0,1,0,,0,"{""claim_type"":""Theft"",""incident_date"":""2026-06-19"",""vehicle_reg"":""GGE 500 JA"",""injuries"":false,""police_report"":true,""needs_human"":false}","{""claim_type"":""Third party"",""incident_date"":""2026-06-19"",""vehicle_reg"":""GGE 500 JA"",""injuries"":false,""police_report"":true,""needs_human"":false}","{""claim_type"":""Third party"",""incident_date"":""2026-06-19"",""vehicle_reg"":""GGE 500 JA"",""injuries"":false,""police_report"":true,""needs_human"":false}",463,1193,75,701,2104,0,0
MSG-0395,2026-06-08 13:41,English,"Hello, I hit a pole on 07/06/2026 in GRA Port Harcourt. The car is a Lexus RX 350, plate number RBC 875 CH. Nobody was hurt. How do I claim?",0,Accident damage,2026-06-07,RBC 875 CH,0,0,0,,0,"{""claim_type"":""Accident damage"",""incident_date"":""2026-06-07"",""vehicle_reg"":""RBC 875 CH"",""injuries"":false,""police_report"":false,""needs_human"":false}","{""claim_type"":""Third party"",""incident_date"":""2026-06-07"",""vehicle_reg"":""RBC 875 CH"",""injuries"":false,""police_report"":false,""needs_human"":false}","{""claim_type"":""Accident damage"",""incident_date"":""2026-06-07"",""vehicle_reg"":""RBC 875 CH"",""injuries"":false,""police_report"":false,""needs_human"":false}",459,1189,67,802,1482,0,0
MSG-0396,2026-06-23 18:17,Pidgin,"Abeg, I jam pole on 20/06/2026 for Surulere, motor don scatter. Na Toyota Camry, number na EKY 260 GB. Una no dey reply message at all, this one no good! Wetin I go do?",0,Accident damage,2026-06-20,EKY 260 GB,0,0,1,,1,"{""claim_type"":""Accident damage"",""incident_date"":""2026-06-20"",""vehicle_reg"":""EKY260GB"",""injuries"":false,""police_report"":false,""needs_human"":true}","{""claim_type"":""Third party"",""incident_date"":""2026-06-20"",""vehicle_reg"":""EKY 260 GB"",""injuries"":false,""police_report"":false,""needs_human"":true}","{""claim_type"":""Accident damage"",""incident_date"":""2026-06-20"",""vehicle_reg"":""EKY 260 GB"",""injuries"":false,""police_report"":false,""needs_human"":true}",467,1197,61,1167,3888,1,0
MSG-0397,2026-06-05 21:18,English,"Hello, I had an accident on 2 June in Surulere. It's a Hyundai Elantra, plate number EKY 333 MH. Thank God no one was injured. The repair will cost about ₦2.2m. Please help.",0,Accident damage,2026-06-02,EKY 333 MH,0,0,0,2220000,0,"{""claim_type"":""Accident damage"",""incident_date"":""2026-06-02"",""vehicle_reg"":""EKY 333 MH"",""injuries"":false,""police_report"":false,""needs_human"":false}","{""claim_type"":""Accident damage"",""incident_date"":""2026-06-02"",""vehicle_reg"":""EKY 333 MH"",""injuries"":false,""police_report"":false,""needs_human"":false}","{""claim_type"":""Accident damage"",""incident_date"":""2026-06-02"",""vehicle_reg"":""EKY333MH"",""injuries"":false,""police_report"":false,""needs_human"":false}",468,1198,71,469,1288,0,0
MSG-0398,2026-06-04 16:56,English,"Good morning. I hit a pole on 31/05/2026 in Garki. The car is a Kia Rio, plate number BDG 469 GP. My passenger was injured and taken to hospital. The police came and wrote a report. How do I claim?",3,Accident damage,2026-05-31,BDG 469 GP,1,1,0,,1,"{""claim_type"":""Accident damage"",""incident_date"":""2026-05-31"",""vehicle_reg"":""BDG 469 GP"",""injuries"":true,""police_report"":true,""needs_human"":false}","{""claim_type"":""Accident damage"",""incident_date"":""2026-05-31"",""vehicle_reg"":""BDG 469 GP"",""injuries"":true,""police_report"":true,""needs_human"":true}","{""claim_type"":""Accident damage"",""incident_date"":""2026-05-31"",""vehicle_reg"":""BDG 469 GP"",""injuries"":true,""police_report"":true,""needs_human"":false}",475,1205,63,747,4693,0,0
MSG-0399,2026-06-21 13:53,English,"My car was snatched at gunpoint on 19/06/2026 in Wuse 2. The car is a Toyota Camry, plate number FKJ 933 AX. The police came and wrote a report. The car is worth about ₦10m. What documents do you need?",0,Theft,2026-06-19,FKJ 933 AX,0,1,0,10000000,1,"{""claim_type"":""Theft"",""incident_date"":""2026-06-19"",""vehicle_reg"":""FKJ 933 AX"",""injuries"":false,""police_report"":true,""needs_human"":true}","{'claim_type':'Theft','incident_date':'2026-06-19','vehicle_reg':'FKJ 933 AX','injuries':false,'police_report':true,'needs_human':false}","{""claim_type"":""Theft"",""incident_date"":""2026-06-19"",""vehicle_reg"":""FKJ 933 AX"",""injuries"":false,""police_report"":true,""needs_human"":true}",476,1206,61,773,1119,0,0
MSG-0400,2026-06-28 11:35,English,"Good afternoon. I hit a pole on 23 June in GRA Port Harcourt. It's a Toyota Highlander, plate number GGE 874 JU. Nobody was hurt. The repair will cost about ₦780k. What documents do you need?",0,Accident damage,2026-06-23,GGE 874 JU,0,0,0,780000,0,"{""claim_type"":""Accident damage"",""incident_date"":""2026-06-23"",""vehicle_reg"":""GGE 874 JU"",""injuries"":false,""police_report"":true,""needs_human"":false}","{""claim_type"":""Accident damage"",""incident_date"":""2026-06-23"",""vehicle_reg"":""GGE 874 JU"",""injuries"":false,""police_report"":false,""needs_human"":false}","{""claim_type"":""Accident damage"",""incident_date"":""2026-06-23"",""vehicle_reg"":""GGE 874 JU"",""injuries"":false,""police_report"":false,""needs_human"":false}",473,1203,75,544,1110,0,0
MSG-0401,2026-06-26 20:48,English,"Good afternoon. My windscreen cracked on 22 June in Garki. The car is a Lexus RX 350, plate number KTU 391 HD. The repair will cost about ₦400k. Please help.",1,Windscreen,2026-06-22,KTU 391 HD,0,0,0,400000,0,"{""claim_type"":""Windscreen"",""incident_date"":""2026-06-22"",""vehicle_reg"":""KTU 391 HD"",""injuries"":false,""police_report"":false,""needs_human"":false}","{""claim_type"":""Windscreen"",""incident_date"":""2026-06-22"",""vehicle_reg"":""KTU 391 HD"",""injuries"":false,""police_report"":false,""needs_human"":false}","{""claim_type"":""Windscreen"",""incident_date"":""2026-06-22"",""vehicle_reg"":""KTU 391 HD"",""injuries"":false,""police_report"":false,""needs_human"":false}",464,1194,68,936,2369,1,0
MSG-0402,2026-06-02 18:32,Pidgin,"Shieldline abeg, I jam pole on 31/05/2026 for Surulere, motor don scatter. Na Lexus RX 350, number na SMK 609 DF. Mechanic talk say e go cost like ₦2.3m. Una no dey reply message at all, this one no good! Which document una need?",1,Accident damage,2026-05-31,SMK 609 DF,0,0,1,2280000,1,"{""claim_type"":""Accident damage"",""incident_date"":""2026-05-31"",""vehicle_reg"":""SMK609DF"",""injuries"":false,""police_report"":false,""needs_human"":true}","{""claim_type"":""Accident damage"",""incident_date"":""2026-05-31"",""vehicle_reg"":""SMK 609 DF"",""injuries"":false,""police_report"":true,""needs_human"":true}","{""claim_type"":""Accident damage"",""incident_date"":""2026-05-31"",""vehicle_reg"":""SMK 609 DF"",""injuries"":false,""police_report"":false,""needs_human"":true}",484,1214,67,649,1097,1,0
MSG-0403,2026-06-10 08:41,Pidgin,"Good morning o, I jam pole on 4 June for Surulere, motor don scatter. Na Nissan Almera, number na AAA 177 UJ. Mechanic talk say e go cost like ₦230k. I don vex o, una collect my money and una no dey answer. Which document una need?",2,Accident damage,2026-06-04,AAA 177 UJ,0,0,1,230000,1,"{""claim_type"":""Accident damage"",""incident_date"":""2026-06-04"",""vehicle_reg"":""AAA 177 UJ"",""injuries"":false,""police_report"":false,""needs_human"":true}","{""claim_type"":""Accident damage"",""incident_date"":""2026-06-04"",""vehicle_reg"":""AAA 177 UJ"",""injuries"":false,""police_report"":false,""needs_human"":true}","{""claim_type"":""Accident damage"",""incident_date"":""2026-06-04"",""vehicle_reg"":""AAA 177 UJ"",""injuries"":false,""police_report"":false,""needs_human"":true}",484,1214,80,532,2998,0,0
MSG-0404,2026-06-12 10:06,English,"Hi Shieldline, I hit a pole on 12/06/2026 in Festac. The car is a Hyundai Elantra, plate number RBC 948 ZC. Nobody was hurt. What do I do next?",3,Accident damage,2026-06-12,RBC 948 ZC,0,0,0,,0,"{""claim_type"":""Accident damage"",""incident_date"":""2026-06-12"",""vehicle_reg"":""RBC 948 ZC"",""injuries"":false,""police_report"":false,""needs_human"":false}","{""claim_type"":""Accident damage"",""incident_date"":""2026-06-12"",""vehicle_reg"":""RBC 948 ZC"",""injuries"":false,""police_report"":false,""needs_human"":false}","{""claim_type"":""Accident damage"",""incident_date"":""2026-06-12"",""vehicle_reg"":""RBC 948 ZC"",""injuries"":false,""police_report"":false,""needs_human"":false}",460,1190,62,782,1666,0,0
MSG-0405,2026-06-25 07:52,English,Good afternoon. I hit a keke and damaged it on 21 June at Surulere. It's my Toyota Corolla. Nobody was hurt. Please help.,0,Third party,2026-06-21,,0,0,0,,0,"{""claim_type"":""Third party"",""incident_date"":""2026-06-21"",""vehicle_reg"":""AAA 976 VR"",""injuries"":false,""police_report"":false,""needs_human"":false}","{""claim_type"":""Third party"",""incident_date"":""2026-06-21"",""vehicle_reg"":null,""injuries"":false,""police_report"":false,""needs_human"":false}","{""claim_type"":""Third party"",""incident_date"":""2026-06-21"",""vehicle_reg"":null,""injuries"":false,""police_report"":false,""needs_human"":false}",454,1184,73,625,976,0,0
MSG-0406,2026-06-15 14:21,English,"Hello, I hit a keke and damaged it on 15 June at Festac. It's a Toyota Highlander, plate number APP 715 TU. Nobody was hurt. The police came and wrote a report.",2,Third party,2026-06-15,APP 715 TU,0,1,0,,0,"{""claim_type"":""Third party"",""incident_date"":""2026-06-15"",""vehicle_reg"":""APP715TU"",""injuries"":false,""police_report"":true,""needs_human"":false}","{""claim_type"":""Third party"",""incident_date"":""2026-06-15"",""vehicle_reg"":""APP 715 TU"",""injuries"":false,""police_report"":true,""needs_human"":false}","{""claim_type"":""Third party"",""incident_date"":""2026-06-15"",""vehicle_reg"":""APP715TU"",""injuries"":false,""police_report"":true,""needs_human"":false}",464,1194,61,545,1725,0,0
MSG-0407,2026-06-21 08:16,English,"Hi Shieldline, My car skidded into a gutter on 20/06/2026 in Maryland. The car is a Toyota Corolla, plate number SMK 917 LU. I hurt my arm and went to the hospital. How do I claim?",1,Accident damage,2026-06-20,SMK 917 LU,1,0,0,,1,"{""claim_type"":""Accident damage"",""incident_date"":""2026-06-20"",""vehicle_reg"":""SMK 917 LU"",""injuries"":true,""police_report"":false,""needs_human"":true}","{""claim_type"":""Accident damage"",""incident_date"":""2026-06-20"",""vehicle_reg"":""SMK 917 LU"",""injuries"":true,""police_report"":false,""needs_human"":true}","{""claim_type"":""Accident damage"",""incident_date"":""2026-06-20"",""vehicle_reg"":""SMK 917 LU"",""injuries"":true,""police_report"":false,""needs_human"":true}",470,1200,68,732,1417,0,0
MSG-0408,2026-06-23 09:47,English,"Good morning. My car skidded into a gutter on 18/06/2026 in Gwarinpa. It's a Toyota Highlander, plate number RBC 144 DT. I am very angry, you people collect premium and disappear.",2,Accident damage,2026-06-18,RBC 144 DT,0,0,1,,1,"{""claim_type"":""Accident damage"",""incident_date"":""2026-06-18"",""vehicle_reg"":""RBC 144 DT"",""injuries"":false,""police_report"":false,""needs_human"":true}","{""claim_type"":""Accident damage"",""incident_date"":""2026-06-18"",""vehicle_reg"":""RBC 144 DT"",""injuries"":false,""police_report"":false,""needs_human"":true}","{""claim_type"":""Accident damage"",""incident_date"":""2026-06-18"",""vehicle_reg"":""RBC 144 DT"",""injuries"":false,""police_report"":false,""needs_human"":true}",470,1200,55,522,1373,0,0
MSG-0409,2026-06-22 10:07,Pidgin,"Abeg, stone break my windscreen on 18/06/2026 for Lekki. Na Toyota Corolla, number na APP 282 EF.",0,Windscreen,2026-06-18,APP 282 EF,0,0,0,,0,"Sure! Here is the JSON:
{""claim_type"":""Theft"",""incident_date"":""2026-06-18"",""vehicle_reg"":""APP 282 EF"",""injuries"":false,""police_report"":false,""needs_human"":false}","{""claim_type"":""Windscreen"",""incident_date"":""2026-06-18"",""vehicle_reg"":""APP 282 EF"",""injuries"":false,""police_report"":false,""needs_human"":true}","{""claim_type"":""Windscreen"",""incident_date"":""2026-06-18"",""vehicle_reg"":""APP 282 EF"",""injuries"":false,""police_report"":false,""needs_human"":false}",447,1177,69,492,1402,0,0
MSG-0410,2026-06-22 11:56,Pidgin,"One motor jam my motor on 17/06/2026 for Yaba. Na Toyota Camry, number na GGE 386 CE.",0,Third party,2026-06-17,GGE 386 CE,0,0,0,,0,"{""claim_type"":""Accident damage"",""incident_date"":""2026-06-17"",""vehicle_reg"":""GGE 386 CE"",""injuries"":false,""police_report"":false,""needs_human"":false}","Sure! Here is the JSON:
{""claim_type"":""Third party"",""incident_date"":""2026-06-17"",""vehicle_reg"":""GGE386CE"",""injuries"":false,""police_report"":false,""needs_human"":false}","{""claim_type"":""Third party"",""incident_date"":""2026-06-17"",""vehicle_reg"":""GGE 386 CE"",""injuries"":false,""police_report"":false,""needs_human"":false}",444,1174,55,689,1661,0,0
MSG-0411,2026-06-18 12:29,English,"I hit a pole today in Lekki. It's a Honda Accord, plate number EKY 536 SL. My passenger was injured and taken to hospital. The police came and wrote a report. This is my second message and nobody has replied. This is unacceptable!",3,Accident damage,2026-06-18,EKY 536 SL,1,1,1,,1,"{""claim_type"":""Accident damage"",""incident_date"":""2026-06-18"",""vehicle_reg"":""EKY 536 SL"",""injuries"":false,""police_report"":true,""needs_human"":false}","{""claim_type"":""Accident damage"",""incident_date"":""2026-06-18"",""vehicle_reg"":""EKY 536 SL"",""injuries"":true,""police_report"":true,""needs_human"":true}","{""claim_type"":""Accident damage"",""incident_date"":""2026-06-18"",""vehicle_reg"":""EKY 536 SL"",""injuries"":true,""police_report"":true,""needs_human"":true}",484,1214,56,910,1846,0,0
MSG-0412,2026-06-01 16:35,English,"Hi Shieldline, My car skidded into a gutter on 26/05/2026 in Yaba. The car is a Toyota Camry, plate number SMK 237 FK. What do I do next?",3,Accident damage,2026-05-26,SMK 237 FK,0,0,0,,0,"{""claim_type"":""Accident damage"",""incident_date"":""2026-05-26"",""vehicle_reg"":""SMK 237 FK"",""injuries"":false,""police_report"":false,""needs_human"":false}","{""claim_type"":""Accident damage"",""incident_date"":""2026-05-26"",""vehicle_reg"":""SMK 237 FK"",""injuries"":false,""police_report"":false,""needs_human"":false}","{""claim_type"":""Accident damage"",""incident_date"":""2026-05-26"",""vehicle_reg"":""SMK 237 FK"",""injuries"":false,""police_report"":false,""needs_human"":false}",458,1188,60,697,2222,0,0
MSG-0413,2026-06-12 11:13,Pidgin,"Shieldline abeg, I jam pole on 10 June for GRA Port Harcourt, motor don scatter. Na Kia Rio, number na APP 972 MR. The other driver wound well well, e dey hospital. Which document una need?",1,Accident damage,2026-06-10,APP 972 MR,1,0,0,,1,"{""claim_type"":""Accident damage"",""incident_date"":""2026-06-10"",""vehicle_reg"":""APP972MR"",""injuries"":false,""police_report"":false,""needs_human"":false}","{""claim_type"":""Accident damage"",""incident_date"":""2026-06-10"",""vehicle_reg"":""APP 972 MR"",""injuries"":false,""police_report"":false,""needs_human"":true}","{""claim_type"":""Accident damage"",""incident_date"":""2026-06-10"",""vehicle_reg"":""APP 972 MR"",""injuries"":true,""police_report"":false,""needs_human"":true}",473,1203,75,551,2741,1,0
MSG-0414,2026-06-16 20:54,Pidgin,"Thief carry my motor go on 12 June for Ajah. Na Kia Rio, number na GGE 214 JT. Police don write report. Wetin I go do?",0,Theft,2026-06-12,GGE 214 JT,0,1,0,,1,"{""claim_type"":""Accident damage"",""incident_date"":""2026-06-12"",""vehicle_reg"":""GGE 214 JT"",""injuries"":false,""police_report"":true,""needs_human"":true}","{""claim_type"":""Theft"",""incident_date"":""2026-06-12"",""vehicle_reg"":""GGE214JT"",""injuries"":false,""police_report"":true,""needs_human"":true}","{""claim_type"":""Accident damage"",""incident_date"":""2026-06-12"",""vehicle_reg"":""GGE 214 JT"",""injuries"":false,""police_report"":true,""needs_human"":true}",453,1183,80,685,2660,0,0
MSG-0415,2026-06-25 16:40,Pidgin,"Abeg, I jam pole yesterday for Bodija, motor don scatter. Na Honda Accord, number na LSD 355 ZV. Mechanic talk say e go cost like ₦970k. Abeg help me.",2,Accident damage,2026-06-24,LSD 355 ZV,0,0,0,970000,0,"{""claim_type"":""Accident damage"",""incident_date"":""2026-06-24"",""vehicle_reg"":""LSD 355 ZV"",""injuries"":false,""police_report"":false,""needs_human"":false}","{""claim_type"":""Accident damage"",""incident_date"":""2026-06-24"",""vehicle_reg"":""LSD 355 ZV"",""injuries"":false,""police_report"":false,""needs_human"":false}","{""claim_type"":""Accident damage"",""incident_date"":""2026-06-24"",""vehicle_reg"":""LSD 355 ZV"",""injuries"":false,""police_report"":false,""needs_human"":false}",462,1192,77,649,2526,0,0
MSG-0416,2026-06-22 14:48,English,"Hi Shieldline, My windscreen cracked on 17/06/2026 in Ajah. It's my Nissan Almera.",3,Windscreen,2026-06-17,,0,0,0,,0,"{""claim_type"":""Theft"",""incident_date"":""2026-06-17"",""vehicle_reg"":null,""injuries"":false,""police_report"":false,""needs_human"":false}","{""claim_type"":""Windscreen"",""incident_date"":""2026-06-17"",""vehicle_reg"":null,""injuries"":false,""police_report"":false,""needs_human"":false}","{""claim_type"":""Windscreen"",""incident_date"":""2026-06-17"",""vehicle_reg"":null,""injuries"":false,""police_report"":false,""needs_human"":false}",443,1173,78,569,3287,0,0
MSG-0417,2026-06-19 18:42,English,"Good morning. A stone cracked my windscreen on 16 June in Yaba. The car is a Honda Accord, plate number AAA 623 EW. How do I claim?",0,Windscreen,2026-06-16,AAA 623 EW,0,0,0,,0,"{""claim_type"":""Third party"",""incident_date"":""2026-06-16"",""vehicle_reg"":""AAA 623 EW"",""injuries"":false,""police_report"":false,""needs_human"":false}","{""claim_type"":""Windscreen"",""incident_date"":""2026-06-16"",""vehicle_reg"":""AAA 623 EW"",""injuries"":false,""police_report"":false,""needs_human"":false}","{""claim_type"":""Windscreen"",""incident_date"":""2026-06-16"",""vehicle_reg"":""AAA 623 EW"",""injuries"":false,""police_report"":false,""needs_human"":false}",456,1186,58,679,830,0,0
MSG-0418,2026-06-13 15:58,English,"My windscreen cracked on 7 June in Maryland. It's a Lexus RX 350, plate number BDG 730 DA.",4,Windscreen,2026-06-07,BDG 730 DA,0,0,0,,0,"{""claim_type"":""Windscreen"",""incident_date"":""2026-06-07"",""vehicle_reg"":""BDG 730 DA"",""injuries"":false,""police_report"":false,""needs_human"":false}","{""claim_type"":""Windscreen"",""incident_date"":""2026-06-07"",""vehicle_reg"":""BDG 730 DA"",""injuries"":false,""police_report"":true,""needs_human"":false}","{""claim_type"":""Windscreen"",""incident_date"":""2026-06-07"",""vehicle_reg"":""BDG 730 DA"",""injuries"":false,""police_report"":false,""needs_human"":false}",445,1175,58,574,2446,0,0
MSG-0419,2026-06-08 08:02,English,"Good afternoon. A stone cracked my windscreen today in Gwarinpa. The car is a Toyota Highlander, plate number SMK 660 YW. The repair will cost about ₦310k. How do I claim?",0,Windscreen,2026-06-08,SMK 660 YW,0,0,0,310000,0,"{""claim_type"":""Third party"",""incident_date"":""2026-06-07"",""vehicle_reg"":""SMK 660 YW"",""injuries"":false,""police_report"":false,""needs_human"":false}","{""claim_type"":""Windscreen"",""incident_date"":""2026-06-08"",""vehicle_reg"":""SMK 660 YW"",""injuries"":false,""police_report"":false,""needs_human"":false}","{""claim_type"":""Windscreen"",""incident_date"":""2026-06-08"",""vehicle_reg"":""SMK 660 YW"",""injuries"":false,""police_report"":false,""needs_human"":false}",468,1198,64,371,1410,0,0
MSG-0420,2026-06-23 15:41,English,"Good afternoon. My car skidded into a gutter yesterday in GRA Port Harcourt. It's a Toyota Highlander, plate number SMK 493 VL. I have a police report. The repair will cost about ₦1.4m.",0,Accident damage,2026-06-22,SMK 493 VL,0,1,0,1450000,0,"{""claim_type"":""Accident damage"",""incident_date"":""2026-06-22"",""vehicle_reg"":""SMK 493 VL"",""injuries"":false,""police_report"":true,""needs_human"":false}","{""claim_type"":""Accident damage"",""incident_date"":""2026-06-22"",""vehicle_reg"":""SMK 493 VL"",""injuries"":false,""police_report"":true,""needs_human"":false}","{""claim_type"":""Accident damage"",""incident_date"":""2026-06-22"",""vehicle_reg"":""SMK 493 VL"",""injuries"":false,""police_report"":false,""needs_human"":false}",471,1201,58,441,2094,0,0
MSG-0421,2026-06-08 19:17,English,Good morning. I hit a pole on 8 June in Surulere. It's my Kia Rio. Nobody was hurt.,3,Accident damage,2026-06-08,,0,0,0,,0,"{""claim_type"":""Accident damage"",""incident_date"":""2026-06-08"",""vehicle_reg"":null,""injuries"":false,""police_report"":false,""needs_human"":false}","{""claim_type"":""Accident damage"",""incident_date"":""2026-06-08"",""vehicle_reg"":null,""injuries"":false,""police_report"":false,""needs_human"":false}","{""claim_type"":""Accident damage"",""incident_date"":""2026-06-08"",""vehicle_reg"":null,""injuries"":false,""police_report"":false,""needs_human"":false}",443,1173,78,651,1611,0,0
MSG-0422,2026-06-12 17:19,English,"Good morning. My windscreen cracked on 07/06/2026 in Surulere. The car is a Lexus RX 350, plate number BDG 531 TF. The repair will cost about ₦205k. Please help.",1,Windscreen,2026-06-07,BDG 531 TF,0,0,0,205000,0,"{""claim_type"":""Accident damage"",""incident_date"":""2026-06-07"",""vehicle_reg"":""BDG 531 TF"",""injuries"":false,""police_report"":false,""needs_human"":false}","{""claim_type"":""Windscreen"",""incident_date"":""2026-06-07"",""vehicle_reg"":""BDG 531 TF"",""injuries"":false,""police_report"":false,""needs_human"":true}","{""claim_type"":""Windscreen"",""incident_date"":""2026-06-07"",""vehicle_reg"":""BDG 531 TF"",""injuries"":false,""police_report"":false,""needs_human"":false}",465,1195,76,588,2380,0,0
MSG-0423,2026-06-11 18:52,English,"Hello, I was involved in a crash on 05/06/2026 in Ikeja. The car is a Nissan Almera, plate number FKJ 790 XS. The police came and wrote a report. Please help.",3,Accident damage,2026-06-05,FKJ 790 XS,0,1,0,,0,"{""claim_type"":""Accident damage"",""incident_date"":""2026-06-05"",""vehicle_reg"":""FKJ 790 XS"",""injuries"":false,""police_report"":true,""needs_human"":false}","{'claim_type':'Accident damage','incident_date':'2026-06-05','vehicle_reg':'FKJ 790 XS','injuries':false,'police_report':true,'needs_human':false}","{""claim_type"":""Accident damage"",""incident_date"":""2026-06-05"",""vehicle_reg"":""FKJ 790 XS"",""injuries"":false,""police_report"":true,""needs_human"":false}",464,1194,69,1013,1469,0,0
MSG-0424,2026-06-18 16:45,English,"Hi Shieldline, Another car ran into me on 16 June at Wuse 2. It's a Hyundai Elantra, plate number BDG 667 EP. The other driver was hurt and is in hospital. I have a police report. What documents do you need?",0,Third party,2026-06-16,BDG 667 EP,1,1,0,,1,"{""claim_type"":""Third party"",""incident_date"":""2026-06-16"",""vehicle_reg"":""BDG 667 EP"",""injuries"":true,""police_report"":true,""needs_human"":true}","{""claim_type"":""Third party"",""incident_date"":""2026-06-16"",""vehicle_reg"":""BDG 667 EP"",""injuries"":true,""police_report"":true,""needs_human"":true}","{""claim_type"":""Third party"",""incident_date"":""2026-06-16"",""vehicle_reg"":""BDG 667 EP"",""injuries"":true,""police_report"":true,""needs_human"":true}",478,1208,63,304,2393,0,0
MSG-0425,2026-06-24 14:14,Pidgin,"Shieldline abeg, thief carry my motor go on 19 June for Bodija. Na Nissan Almera, number na ABJ 406 UF. Police don write report. Abeg help me.",0,Theft,2026-06-19,ABJ 406 UF,0,1,0,,1,"{""claim_type"":""Theft"",""incident_date"":""2026-06-19"",""vehicle_reg"":""ABJ 406 UF"",""injuries"":false,""police_report"":true,""needs_human"":true}","{""claim_type"":""Theft"",""incident_date"":""2026-06-19"",""vehicle_reg"":""ABJ 406 UF"",""injuries"":false,""police_report"":true,""needs_human"":true}","{""claim_type"":""Theft"",""incident_date"":""2026-06-19"",""vehicle_reg"":""ABJ 406 UF"",""injuries"":false,""police_report"":true,""needs_human"":true}",459,1189,55,565,2264,0,0
MSG-0426,2026-06-09 16:05,English,"Hi Shieldline, Another car ran into me on 4 June at Yaba. The car is a Toyota Corolla, plate number KJA 902 SJ. Thank God no one was injured. What do I do next?",0,Third party,2026-06-04,KJA 902 SJ,0,0,0,,0,"{""claim_type"":""Third party"",""incident_date"":""2026-06-04"",""vehicle_reg"":""KJA 902 SJ"",""injuries"":false,""police_report"":false,""needs_human"":false}","{""claim_type"":""Third party"",""incident_date"":""2026-06-04"",""vehicle_reg"":""KJA 902 SJ"",""injuries"":false,""police_report"":true,""needs_human"":false}","{""claim_type"":""Third party"",""incident_date"":""2026-06-04"",""vehicle_reg"":""KJA 902 SJ"",""injuries"":false,""police_report"":false,""needs_human"":false}",464,1194,79,738,1496,0,0
MSG-0427,2026-06-17 20:55,Pidgin,"Abeg, one motor jam my motor yesterday for Surulere. Na Hyundai Elantra, number na EKY 757 PT. Nobody wound. Mechanic talk say e go cost like ₦830k.",2,Third party,2026-06-16,EKY 757 PT,0,0,0,830000,0,"{""claim_type"":""Third party"",""incident_date"":""2026-06-16"",""vehicle_reg"":""EKY 757 PT"",""injuries"":false,""police_report"":false,""needs_human"":false}","{""claim_type"":""Third party"",""incident_date"":""2026-06-16"",""vehicle_reg"":""EKY 757 PT"",""injuries"":false,""police_report"":false,""needs_human"":false}","{""claim_type"":""Third party"",""incident_date"":""2026-06-16"",""vehicle_reg"":""EKY 757 PT"",""injuries"":false,""police_report"":false,""needs_human"":false}",461,1191,72,1156,4599,0,0
MSG-0428,2026-06-22 10:01,Pidgin,"Abeg, stone break my windscreen on 19 June for Gwarinpa. Na Kia Rio, number na KJA 109 CP. Mechanic talk say e go cost like ₦180k. Wetin I go do?",4,Windscreen,2026-06-19,KJA 109 CP,0,0,0,180000,0,"{""claim_type"":""Windscreen"",""incident_date"":""2026-06-19"",""vehicle_reg"":""KJA 109 CP"",""injuries"":false,""police_report"":false,""needs_human"":false}","{""claim_type"":""Windscreen"",""incident_date"":""2026-06-19"",""vehicle_reg"":""KJA 109 CP"",""injuries"":false,""police_report"":false,""needs_h","{""claim_type"":""Windscreen"",""incident_date"":""2026-06-19"",""vehicle_reg"":""KJA 109 CP"",""injuries"":false,""police_report"":false,""needs_human"":false}",460,1190,61,789,1622,0,1
MSG-0429,2026-06-21 18:56,Pidgin,"Good morning o, trailer jam my motor on 17 June for GRA Port Harcourt. Na Toyota Highlander, number na GGE 581 UJ. Abeg help me.",0,Third party,2026-06-17,GGE 581 UJ,0,0,0,,0,"{""claim_type"":""Accident damage"",""incident_date"":""2026-06-17"",""vehicle_reg"":""GGE 581 UJ"",""injuries"":false,""police_report"":false,""needs_human"":false}","{""claim_type"":""Third party"",""incident_date"":""2026-06-17"",""vehicle_reg"":""GGE 581 UJ"",""injuries"":false,""police_report"":false,""needs_human"":false}","{""claim_type"":""Third party"",""incident_date"":""2026-06-17"",""vehicle_reg"":""GGE 581 UJ"",""injuries"":false,""police_report"":false,""needs_human"":false}",456,1186,75,532,1920,0,0
MSG-0430,2026-06-17 08:00,English,"Hello, I was involved in a crash this morning in Garki. It's a Hyundai Elantra, plate number FKJ 412 GB. Thank God no one was injured. The repair will cost about ₦2.5m. How do I claim?",0,Accident damage,2026-06-17,FKJ 412 GB,0,0,0,2450000,0,"{""claim_type"":""Accident damage"",""incident_date"":""2026-06-17"",""vehicle_reg"":""FKJ412GB"",""injuries"":false,""police_report"":false,""needs_human"":false}","{""claim_type"":""Accident damage"",""incident_date"":""2026-06-17"",""vehicle_reg"":""FKJ 412 GB"",""injuries"":false,""police_report"":true,""needs_human"":false}","{""claim_type"":""Accident damage"",""incident_date"":""2026-06-17"",""vehicle_reg"":""FKJ 412 GB"",""injuries"":false,""police_report"":false,""needs_human"":true}",471,1201,61,533,974,0,0
MSG-0431,2026-06-07 19:43,English,"My windscreen got smashed last night in Gwarinpa. It's a Toyota Camry, plate number APP 186 ZD. The repair will cost about ₦390k. How do I claim?",0,Windscreen,2026-06-06,APP 186 ZD,0,0,0,390000,0,"{""claim_type"":""Windscreen"",""incident_date"":""2026-06-06"",""vehicle_reg"":""APP186ZD"",""injuries"":false,""police_report"":false,""needs_human"":false}","{""claim_type"":""Windscreen"",""incident_date"":""2026-06-06"",""vehicle_reg"":""APP 186 ZD"",""injuries"":false,""police_report"":false,""needs_human"":true}","{""claim_type"":""Windscreen"",""incident_date"":""2026-06-06"",""vehicle_reg"":""APP 186 ZD"",""injuries"":true,""police_report"":false,""needs_human"":false}",460,1190,79,478,3134,0,0
MSG-0432,2026-06-01 10:51,English,"Hi Shieldline, A stone cracked my windscreen on 26/05/2026 in Gwarinpa. It's a Toyota Corolla, plate number BDG 142 TC. What do I do next?",3,Windscreen,2026-05-26,BDG 142 TC,0,0,0,,0,"{""claim_type"":""Windscreen"",""incident_date"":""2026-05-26"",""vehicle_reg"":""BDG 142 TC"",""injuries"":false,""police_report"":false,""needs_human"":false}","{""claim_type"":""Windscreen"",""incident_date"":""2026-05-26"",""vehicle_reg"":""BDG 142 TC"",""injuries"":false,""police_report"":false,""needs_human"":false}","{""claim_type"":""Windscreen"",""incident_date"":""2026-05-26"",""vehicle_reg"":""BDG 142 TC"",""injuries"":false,""police_report"":false,""needs_human"":false}",458,1188,67,481,1895,0,0
MSG-0433,2026-06-16 21:03,English,"Hello, My windscreen got smashed on 11/06/2026 in GRA Port Harcourt. It's a Lexus RX 350, plate number FKJ 522 WF. The repair will cost about ₦405k. What documents do you need?",0,Windscreen,2026-06-11,FKJ 522 WF,0,0,0,405000,0,"{""claim_type"":""Windscreen"",""incident_date"":""2026-06-11"",""vehicle_reg"":""FKJ 522 WF"",""injuries"":false,""police_report"":false,""needs_human"":false}","{""claim_type"":""Windscreen"",""incident_date"":""2026-06-11"",""vehicle_reg"":""FKJ 522 WF"",""injuries"":false,""police_report"":false,""needs_human"":false}","{""claim_type"":""Windscreen"",""incident_date"":""2026-06-11"",""vehicle_reg"":""FKJ 522 WF"",""injuries"":false,""police_report"":false,""needs_human"":false}",469,1199,58,976,1099,0,0
MSG-0434,2026-06-05 18:59,English,"Hi Shieldline, I had an accident on 03/06/2026 in Bodija. The car is a Honda Accord, plate number RBC 827 JV. If I don't hear back today I will report you to NAICOM. What documents do you need?",0,Accident damage,2026-06-03,RBC 827 JV,0,0,1,,1,"{""claim_type"":""Accident damage"",""incident_date"":""2026-06-03"",""vehicle_reg"":""RBC827JV"",""injuries"":false,""police_report"":false,""needs_human"":true}","{""claim_type"":""Accident damage"",""incident_date"":""2026-06-03"",""vehicle_reg"":""RBC 827 JV"",""injuries"":false,""police_report"":false,""needs_human"":true}","{""claim_type"":""Accident damage"",""incident_date"":""2026-06-03"",""vehicle_reg"":""RBC 827 JV"",""injuries"":false,""police_report"":false,""needs_human"":true}",474,1204,78,658,1883,0,0
MSG-0435,2026-06-11 15:04,English,"Hi Shieldline, I hit a keke and damaged it today at Festac. It's a Honda Accord, plate number SMK 695 KY. Nobody was hurt. The police came and wrote a report. This is my second message and nobody has replied. This is unacceptable! What do I do next?",0,Third party,2026-06-11,SMK 695 KY,0,1,1,,1,"{""claim_type"":""Third party"",""incident_date"":""2026-06-11"",""vehicle_reg"":""SMK 695 KY"",""injuries"":false,""police_report"":true,""needs_human"":true}","{""claim_type"":""Third party"",""incident_date"":""2026-06-11"",""vehicle_reg"":""SMK 695 KY"",""injuries"":false,""police_report"":true,""needs_human"":true}","{""claim_type"":""Third party"",""incident_date"":""2026-06-11"",""vehicle_reg"":""SMK 695 KY"",""injuries"":false,""police_report"":true,""needs_human"":true}",489,1219,62,495,1968,0,0
MSG-0436,2026-06-26 09:06,English,"Good afternoon. My windscreen got smashed on 22 June in Surulere. The car is a Nissan Almera, plate number GGE 380 FB. Please help.",4,Windscreen,2026-06-22,GGE 380 FB,0,0,0,,0,"{""claim_type"":""Windscreen"",""incident_date"":""2026-06-22"",""vehicle_reg"":""GGE 380 FB"",""injuries"":false,""police_report"":false,""needs_human"":false}","{""claim_type"":""Windscreen"",""incident_date"":""2026-06-22"",""vehicle_reg"":""GGE380FB"",""injuries"":false,""police_report"":false,""needs_human"":false}","{""claim_type"":""Windscreen"",""incident_date"":""2026-06-22"",""vehicle_reg"":""GGE 380 FB"",""injuries"":false,""police_report"":false,""needs_human"":false}",456,1186,78,1041,867,0,0
MSG-0437,2026-06-03 21:16,English,"I had an accident today in Wuse 2. The car is a Kia Rio, plate number FKJ 190 UY. If I don't hear back today I will report you to NAICOM. What do I do next?",3,Accident damage,2026-06-03,FKJ 190 UY,0,0,1,,1,"{""claim_type"":""Accident damage"",""incident_date"":""2026-06-03"",""vehicle_reg"":""FKJ 190 UY"",""injuries"":false,""police_report"":false,""needs_human"":false}","{""claim_type"":""Accident damage"",""incident_date"":""2026-06-03"",""vehicle_reg"":""FKJ 190 UY"",""injuries"":false,""police_report"":false,""needs_human"":true}","{""claim_type"":""Accident damage"",""incident_date"":""2026-06-03"",""vehicle_reg"":""FKJ 190 UY"",""injuries"":false,""police_report"":false,""needs_human"":true}",463,1193,74,473,2703,0,0
MSG-0438,2026-06-01 20:36,English,"Good morning. A truck reversed into my car on 29/05/2026 at Surulere. The car is a Honda Accord, plate number KTU 794 BT. I have reported it to the police. What documents do you need?",0,Third party,2026-05-29,KTU 794 BT,0,1,0,,0,"{""claim_type"":""Third party"",""incident_date"":""2026-05-29"",""vehicle_reg"":""KTU794BT"",""injuries"":false,""police_report"":true,""needs_human"":false}","{""claim_type"":""Third party"",""incident_date"":""2026-05-29"",""vehicle_reg"":""KTU 794 BT"",""injuries"":false,""police_report"":true,""needs_human"":false}","{""claim_type"":""Third party"",""incident_date"":""2026-05-29"",""vehicle_reg"":""KTU 794 BT"",""injuries"":false,""police_report"":true,""needs_human"":false}",471,1201,76,652,1792,0,0
MSG-0439,2026-06-25 14:17,English,"Hello, My car skidded into a gutter on 23/06/2026 in GRA Port Harcourt. The car is a Toyota Corolla, plate number EKY 526 HX. Nobody was hurt. I have reported it to the police. The repair will cost about ₦2.6m. I am very angry, you people collect premium and disappear. How do I claim?",0,Accident damage,2026-06-23,EKY 526 HX,0,1,1,2600000,1,"Sure! Here is the JSON:
{""claim_type"":""Accident damage"",""incident_date"":""2026-06-23"",""vehicle_reg"":""EKY 526 HX"",""injuries"":false,""police_report"":true,""needs_human"":false}","{""claim_type"":""Accident damage"",""incident_date"":""2026-06-23"",""vehicle_reg"":""EKY 526 HX"",""injuries"":false,""police_report"":true,""needs_human"":true}","{""claim_type"":""Accident damage"",""incident_date"":""2026-06-23"",""vehicle_reg"":""EKY 526 HX"",""injuries"":false,""police_report"":true,""needs_human"":true}",499,1229,80,542,1341,0,0
MSG-0440,2026-06-13 12:41,Pidgin,"Good morning o, thief carry my motor go on 10/06/2026 for Surulere. Na Kia Rio, number na FKJ 791 AT. Police don write report. The motor worth like ₦12.6m. Which document una need?",0,Theft,2026-06-10,FKJ 791 AT,0,1,0,12550000,1,"{""claim_type"":""Theft"",""incident_date"":""2026-06-10"",""vehicle_reg"":""FKJ 791 AT"",""injuries"":false,""police_report"":true,""needs_human"":false}","{""claim_type"":""Accident damage"",""incident_date"":""2026-06-10"",""vehicle_reg"":""FKJ 791 AT"",""injuries"":false,""police_report"":false,""needs_human"":true}","{""claim_type"":""Theft"",""incident_date"":""2026-06-10"",""vehicle_reg"":""FKJ 791 AT"",""injuries"":false,""police_report"":true,""needs_human"":true}",470,1200,66,628,2225,0,1
MSG-0441,2026-06-24 20:30,English,"Good morning. My car was snatched at gunpoint on 22/06/2026 in Wuse 2. The car is a Honda Accord, plate number AAA 541 RL. I have reported it to the police. The car is worth about ₦9.7m. How do I claim?",0,Theft,2026-06-22,AAA 541 RL,0,1,0,9700000,1,"{""claim_type"":""Theft"",""incident_date"":""2026-06-22"",""vehicle_reg"":""AAA 541 RL"",""injuries"":false,""police_report"":true,""needs_human"":false}","{""claim_type"":""Theft"",""incident_date"":""2026-06-22"",""vehicle_reg"":""AAA 541 RL"",""injuries"":false,""police_report"":true,""needs_human"":true}","{""claim_type"":""Theft"",""incident_date"":""2026-06-22"",""vehicle_reg"":""AAA 541 RL"",""injuries"":false,""police_report"":true,""needs_human"":true}",476,1206,78,769,1698,0,0
MSG-0442,2026-06-04 11:12,English,"Good afternoon. My windscreen got smashed on 1 June in Garki. The car is a Toyota Corolla, plate number BDG 868 HE.",2,Windscreen,2026-06-01,BDG 868 HE,0,0,0,,0,"{""claim_type"":""Windscreen"",""incident_date"":""2026-06-01"",""vehicle_reg"":""BDG 868 HE"",""injuries"":false,""police_report"":false,""needs_human"":false}","{""claim_type"":""Windscreen"",""incident_date"":""2026-06-01"",""vehicle_reg"":""BDG 868 HE"",""injuries"":false,""police_report"":false,""needs_human"":false}","{""claim_type"":""Windscreen"",""incident_date"":""2026-06-01"",""vehicle_reg"":""BDG 868 HE"",""injuries"":false,""police_report"":false,""needs_human"":false}",452,1182,79,820,2393,0,0
MSG-0443,2026-06-11 09:44,English,"Hello, I hit a keke and damaged it on 07/06/2026 at Festac. It's my Nissan Almera. I have a police report.",0,Third party,2026-06-07,,0,1,0,,0,"{""claim_type"":""Third party"",""incident_date"":""2026-06-07"",""vehicle_reg"":null,""injuries"":false,""police_report"":false,""needs_human"":false}","{""claim_type"":""Third party"",""incident_date"":""2026-06-07"",""vehicle_reg"":null,""injuries"":false,""police_report"":true,""needs_human"":false}","{""claim_type"":""Third party"",""incident_date"":""2026-06-07"",""vehicle_reg"":null,""injuries"":false,""police_report"":true,""needs_human"":false}",449,1179,72,423,1564,0,0
MSG-0444,2026-06-14 09:32,English,"Good morning. My car was snatched at gunpoint on 13/06/2026 in Lekki. It's a Toyota Camry, plate number LSD 855 ZY. I have a police report. What do I do next?",0,Theft,2026-06-13,LSD 855 ZY,0,1,0,,1,"{""claim_type"":""Theft"",""incident_date"":""2026-06-13"",""vehicle_reg"":""LSD855ZY"",""injuries"":false,""police_report"":true,""needs_human"":true}","{""claim_type"":""Theft"",""incident_date"":""2026-06-13"",""vehicle_reg"":""LSD 855 ZY"",""injuries"":false,""police_report"":true,""needs_human"":true}","{""claim_type"":""Theft"",""incident_date"":""2026-06-13"",""vehicle_reg"":""LSD855ZY"",""injuries"":false,""police_report"":true,""needs_human"":true}",464,1194,77,946,874,0,0
MSG-0445,2026-06-18 12:52,English,"I hit a keke and damaged it on 13 June at Wuse 2. The car is a Nissan Almera, plate number EKY 863 FM. What do I do next?",2,Third party,2026-06-13,EKY 863 FM,0,0,0,,0,"{""claim_type"":""Third party"",""incident_date"":""2026-06-13"",""vehicle_reg"":""EKY 863 FM"",""injuries"":false,""police_report"":false,""needs_human"":false}","{""claim_type"":""Third party"",""incident_date"":""2026-06-13"",""vehicle_reg"":""EKY 863 FM"",""injuries"":false,""police_report"":false,""needs_human"":false}","{""claim_type"":""Third party"",""incident_date"":""2026-06-13"",""vehicle_reg"":""EKY 863 FM"",""injuries"":false,""police_report"":false,""needs_human"":false}",454,1184,71,673,2550,0,0
MSG-0446,2026-06-25 10:24,English,"Hi Shieldline, My car skidded into a gutter last night in Surulere. The car is a Toyota Camry, plate number BDG 685 NX. The repair will cost about ₦730k. What documents do you need?",0,Accident damage,2026-06-24,BDG 685 NX,0,0,0,730000,0,"{""claim_type"":""Third party"",""incident_date"":""2026-06-24"",""vehicle_reg"":""BDG 685 NX"",""injuries"":false,""police_report"":false,""needs_human"":false}","{""claim_type"":""Accident damage"",""incident_date"":""2026-06-24"",""vehicle_reg"":""BDG 685 NX"",""injuries"":false,""police_report"":false,""needs_human"":false}","{""claim_type"":""Accident damage"",""incident_date"":""2026-06-24"",""vehicle_reg"":""BDG 685 NX"",""injuries"":false,""police_report"":false,""needs_human"":false}",470,1200,57,618,2023,0,0
MSG-0447,2026-06-16 11:43,English,"Hi Shieldline, My car was snatched at gunpoint on 13/06/2026 in Ajah. It's a Lexus RX 350, plate number KJA 127 WY. I have a police report. What do I do next?",0,Theft,2026-06-13,KJA 127 WY,0,1,0,,1,"{""claim_type"":""Theft"",""incident_date"":""2026-06-13"",""vehicle_reg"":""KJA 127 WY"",""injuries"":false,""police_report"":true,""needs_human"":false}","{""claim_type"":""Theft"",""incident_date"":""2026-06-13"",""vehicle_reg"":""KJA 127 WY"",""injuries"":false,""police_report"":true,""needs_human"":false}","{""claim_type"":""Theft"",""incident_date"":""2026-06-13"",""vehicle_reg"":""KJA 127 WY"",""injuries"":false,""police_report"":true,""needs_human"":true}",464,1194,66,1067,2128,0,0
MSG-0448,2026-06-05 08:38,English,"A danfo bus hit my car yesterday at GRA Port Harcourt. The car is a Honda Accord, plate number RBC 461 SL. Thank God no one was injured. I have reported it to the police. I am very angry, you people collect premium and disappear. How do I claim?",3,Third party,2026-06-04,RBC 461 SL,0,1,1,,1,"Sure! Here is the JSON:
{""claim_type"":""Third party"",""incident_date"":""2026-06-04"",""vehicle_reg"":""RBC 461 SL"",""injuries"":false,""police_report"":true,""needs_human"":false}","{""claim_type"":""Accident damage"",""incident_date"":""2026-06-03"",""vehicle_reg"":""RBC 461 SL"",""injuries"":false,""police_report"":true,""needs_human"":true}","{""claim_type"":""Third party"",""incident_date"":""2026-06-04"",""vehicle_reg"":""RBC 461 SL"",""injuries"":false,""police_report"":true,""needs_human"":false}",488,1218,58,708,1759,1,0
MSG-0449,2026-06-22 12:01,Pidgin,"Good morning o, thief carry my motor go on 19/06/2026 for Festac. Na Lexus RX 350, number na ABJ 746 TW. I don report for police. Abeg help me.",0,Theft,2026-06-19,ABJ 746 TW,0,1,0,,1,"{""claim_type"":""Theft"",""incident_date"":""2026-06-19"",""vehicle_reg"":""ABJ 746 TW"",""injuries"":false,""police_report"":false,""needs_human"":true}","{""claim_type"":""Theft"",""incident_date"":""2026-06-19"",""vehicle_reg"":""ABJ 746 TW"",""injuries"":false,""police_report"":true,""needs_human"":true}","{""claim_type"":""Theft"",""incident_date"":""2026-06-19"",""vehicle_reg"":""ABJ 746 TW"",""injuries"":false,""police_report"":true,""needs_human"":true}",460,1190,70,636,2061,0,0
MSG-0450,2026-06-09 13:20,English,"Good morning. My car skidded into a gutter on 6 June in Surulere. The car is a Toyota Highlander, plate number GGE 302 ZB. Nobody was hurt. The repair will cost about ₦2.1m. Please help.",2,Accident damage,2026-06-06,GGE 302 ZB,0,0,0,2090000,0,"{""claim_type"":""Accident damage"",""incident_date"":""2026-06-06"",""vehicle_reg"":""GGE 302 ZB"",""injuries"":false,""police_report"":false,""needs_human"":false}","{""claim_type"":""Accident damage"",""incident_date"":""2026-06-06"",""vehicle_reg"":""GGE302ZB"",""injuries"":false,""police_report"":false,""needs_human"":false}","{""claim_type"":""Accident damage"",""incident_date"":""2026-06-06"",""vehicle_reg"":""GGE 302 ZB"",""injuries"":false,""police_report"":true,""needs_human"":false}",472,1202,66,637,2008,0,0
MSG-0451,2026-06-28 15:31,English,"Good afternoon. I was involved in a crash on 23/06/2026 in Festac. It's a Hyundai Elantra, plate number FKJ 752 DL. Thank God no one was injured.",3,Accident damage,2026-06-23,FKJ 752 DL,0,0,0,,0,"{""claim_type"":""Accident damage"",""incident_date"":""2026-06-23"",""vehicle_reg"":""FKJ 752 DL"",""injuries"":false,""police_report"":false,""needs_human"":false}","{""claim_type"":""Accident damage"",""incident_date"":""2026-06-23"",""vehicle_reg"":""FKJ 752 DL"",""injuries"":false,""police_report"":false,""needs_human"":false}","{""claim_type"":""Accident damage"",""incident_date"":""2026-06-23"",""vehicle_reg"":""FKJ 752 DL"",""injuries"":false,""police_report"":false,""needs_human"":false}",460,1190,58,545,1716,0,0
MSG-0452,2026-06-26 15:53,English,"Hi Shieldline, My windscreen cracked on 20 June in Bodija. It's a Toyota Highlander, plate number KTU 913 SN. How do I claim?",0,Windscreen,2026-06-20,KTU 913 SN,0,0,0,,0,"{'claim_type':'Windscreen','incident_date':'2026-06-20','vehicle_reg':'KTU 913 SN','injuries':false,'police_report':false,'needs_human':false}","{""claim_type"":""Windscreen"",""incident_date"":""2026-06-20"",""vehicle_reg"":""KTU 913 SN"",""injuries"":false,""police_report"":false,""needs_human"":false}","{""claim_type"":""Windscreen"",""incident_date"":""2026-06-20"",""vehicle_reg"":""KTU 913 SN"",""injuries"":false,""police_report"":false,""needs_human"":false}",455,1185,62,1244,1738,0,0
MSG-0453,2026-06-05 17:06,English,"Hello, My car was stolen today in Ikeja. It's a Toyota Camry, plate number KTU 165 EW. I have reported it to the police. The car is worth about ₦10.8m. What do I do next?",0,Theft,2026-06-05,KTU 165 EW,0,1,0,10750000,1,"{""claim_type"":""Theft"",""incident_date"":""2026-06-06"",""vehicle_reg"":""KTU 165 EW"",""injuries"":false,""police_report"":true,""needs_human"":false}","{""claim_type"":""Theft"",""incident_date"":""2026-06-05"",""vehicle_reg"":""KTU 165 EW"",""injuries"":false,""police_report"":true,""needs_human"":true}","{""claim_type"":""Theft"",""incident_date"":""2026-06-05"",""vehicle_reg"":""KTU 165 EW"",""injuries"":false,""police_report"":true,""needs_human"":true}",467,1197,58,465,3207,0,0
MSG-0454,2026-06-07 11:02,English,Good afternoon. My windscreen cracked on 05/06/2026 in Wuse 2. It's my Toyota Corolla. What documents do you need?,0,Windscreen,2026-06-05,,0,0,0,,0,"{""claim_type"":""Windscreen"",""incident_date"":""2026-06-05"",""vehicle_reg"":null,""injuries"":false,""police_report"":false,""needs_human"":false}","Sure! Here is the JSON:
{""claim_type"":""Windscreen"",""incident_date"":""2026-06-05"",""vehicle_reg"":null,""injuries"":false,""police_report"":false,""needs_human"":false}","{""claim_type"":""Windscreen"",""incident_date"":""2026-06-05"",""vehicle_reg"":null,""injuries"":false,""police_report"":false,""needs_human"":false}",452,1182,61,782,1486,0,0
MSG-0455,2026-06-06 11:20,English,"Hi Shieldline, My windscreen got smashed on 31 May in Garki. The car is a Kia Rio, plate number SMK 450 SB. What documents do you need?",1,Windscreen,2026-05-31,SMK 450 SB,0,0,0,,0,"{""claim_type"":""Windscreen"",""incident_date"":""2026-05-31"",""vehicle_reg"":""SMK450SB"",""injuries"":false,""police_report"":true,""needs_human"":false}","{""claim_type"":""Windscreen"",""incident_date"":""2026-05-31"",""vehicle_reg"":""SMK 450 SB"",""injuries"":false,""police_report"":false,""needs_human"":false}","{""claim_type"":""Windscreen"",""incident_date"":""2026-05-31"",""vehicle_reg"":""SMK 450 SB"",""injuries"":false,""police_report"":false,""needs_human"":false}",458,1188,62,1203,2856,0,0
MSG-0456,2026-06-13 10:46,Pidgin,"Good morning o, I jam pole on 9 June for Garki, motor don scatter. Na Nissan Almera, number na GGE 941 NX. God dey, nobody wound. Mechanic talk say e go cost like ₦2.4m. Which document una need?",3,Accident damage,2026-06-09,GGE 941 NX,0,0,0,2390000,0,"{""claim_type"":""Accident damage"",""incident_date"":""2026-06-09"",""vehicle_reg"":""GGE 941 NX"",""injuries"":false,""police_report"":false,""needs_human"":false}","{""claim_type"":""Accident damage"",""incident_date"":""2026-06-09"",""vehicle_reg"":""GGE 941 NX"",""injuries"":false,""police_report"":false,""needs_human"":false}","{""claim_type"":""Accident damage"",""incident_date"":""2026-06-09"",""vehicle_reg"":""GGE 941 NX"",""injuries"":false,""police_report"":false,""needs_human"":false}",474,1204,75,787,3014,1,0
MSG-0457,2026-06-17 08:59,English,"Hello, My car skidded into a gutter on 12/06/2026 in Bodija. It's a Lexus RX 350, plate number GGE 759 RR. Nobody was hurt. The repair will cost about ₦2.8m. How do I claim?",0,Accident damage,2026-06-12,GGE 759 RR,0,0,0,2830000,0,"{""claim_type"":""Accident damage"",""incident_date"":""2026-06-12"",""vehicle_reg"":""GGE 759 RR"",""injuries"":false,""police_report"":false,""needs_human"":false}","{""claim_type"":""Accident damage"",""incident_date"":""2026-06-12"",""vehicle_reg"":""GGE 759 RR"",""injuries"":false,""police_report"":false,""needs_human"":false}","{""claim_type"":""Accident damage"",""incident_date"":""2026-06-12"",""vehicle_reg"":""GGE 759 RR"",""injuries"":false,""police_report"":false,""needs_human"":false}",468,1198,67,514,2269,0,0
MSG-0458,2026-06-22 19:31,English,"Hello, My car skidded into a gutter today in Surulere. It's my Toyota Camry. Nobody was hurt. The repair will cost about ₦690k. What do I do next?",4,Accident damage,2026-06-22,,0,0,0,690000,0,"{""claim_type"":""Accident damage"",""incident_date"":""2026-06-21"",""vehicle_reg"":""BDG 994 SY"",""injuries"":false,""police_report"":false,""needs_human"":false}","{""claim_type"":""Accident damage"",""incident_date"":""2026-06-22"",""vehicle_reg"":null,""injuries"":false,""police_report"":false,""needs_human"":false}","{""claim_type"":""Accident damage"",""incident_date"":""2026-06-22"",""vehicle_reg"":null,""injuries"":true,""police_report"":false,""needs_human"":false}",461,1191,58,370,1443,0,0
MSG-0459,2026-06-13 12:50,English,"Good morning. I was involved in a crash on 8 June in Maryland. It's a Hyundai Elantra, plate number RBC 862 PN. Please help.",2,Accident damage,2026-06-08,RBC 862 PN,0,0,0,,0,"{""claim_type"":""Accident damage"",""incident_date"":""2026-06-08"",""vehicle_reg"":""RBC 862 PN"",""injuries"":false,""police_report"":false,""needs_human"":true}","{""claim_type"":""Accident damage"",""incident_date"":""2026-06-08"",""vehicle_reg"":""RBC 862 PN"",""injuries"":false,""police_report"":false,""needs_human"":false}","{""claim_type"":""Accident damage"",""incident_date"":""2026-06-08"",""vehicle_reg"":""RBC 862 PN"",""injuries"":false,""police_report"":false,""needs_human"":false}",454,1184,70,608,1709,0,0
MSG-0460,2026-06-08 09:31,English,"Good afternoon. Another car ran into me yesterday at Bodija. It's a Toyota Camry, plate number AAA 110 VR. The repair will cost about ₦2.5m. What documents do you need?",1,Third party,2026-06-07,AAA 110 VR,0,0,0,2460000,0,"{""claim_type"":""Third party"",""incident_date"":""2026-06-07"",""vehicle_reg"":""AAA 110 VR"",""injuries"":false,""police_report"":false,""needs_human"":false}","{""claim_type"":""Third party"",""incident_date"":""2026-06-07"",""vehicle_reg"":""AAA 110 VR"",""injuries"":false,""police_report"":false,""needs_human"":false}","{""claim_type"":""Third party"",""incident_date"":""2026-06-07"",""vehicle_reg"":""AAA 110 VR"",""injuries"":false,""police_report"":false,""needs_human"":false}",467,1197,57,813,3047,0,0
MSG-0461,2026-06-19 09:16,English,"Hi Shieldline, My car skidded into a gutter on 17/06/2026 in Garki. The car is a Toyota Camry, plate number AAA 393 AE. Nobody was hurt. I am very angry, you people collect premium and disappear. What documents do you need?",0,Accident damage,2026-06-17,AAA 393 AE,0,0,1,,1,"{""claim_type"":""Accident damage"",""incident_date"":""2026-06-17"",""vehicle_reg"":""AAA 393 AE"",""injuries"":false,""police_report"":false,""needs_human"":true}","{""claim_type"":""Accident damage"",""incident_date"":""2026-06-17"",""vehicle_reg"":""AAA 393 AE"",""injuries"":false,""police_report"":false,""needs_human"":true}","{""claim_type"":""Accident damage"",""incident_date"":""2026-06-17"",""vehicle_reg"":""AAA 393 AE"",""injuries"":false,""police_report"":false,""needs_human"":true}",482,1212,58,559,1067,1,0
MSG-0462,2026-06-03 10:07,English,"Hello, A stone cracked my windscreen last night in Ajah. It's a Honda Accord, plate number RBC 901 LF. What do I do next?",3,Windscreen,2026-06-02,RBC 901 LF,0,0,0,,0,"{""claim_type"":""Windscreen"",""incident_date"":""2026-06-02"",""vehicle_reg"":""RBC 901 LF"",""injuries"":false,""police_report"":false,""needs_human"":false}","{""claim_type"":""Windscreen"",""incident_date"":""2026-06-02"",""vehicle_reg"":""RBC 901 LF"",""injuries"":false,""police_report"":false,""needs_human"":false}","{""claim_type"":""Windscreen"",""incident_date"":""2026-06-02"",""vehicle_reg"":""RBC 901 LF"",""injuries"":false,""police_report"":false,""needs_human"":false}",454,1184,76,725,1716,0,0
MSG-0463,2026-06-04 18:52,English,"Hi Shieldline, A truck reversed into my car on 01/06/2026 at Garki. It's my Toyota Camry. My passenger was injured and taken to hospital. The police came and wrote a report. How do I claim?",0,Third party,2026-06-01,,1,1,0,,1,"{""claim_type"":""Third party"",""incident_date"":""2026-06-01"",""vehicle_reg"":""RBC 905 GE"",""injuries"":false,""police_report"":true,""needs_human"":true}","{""claim_type"":""Third party"",""incident_date"":""2026-06-01"",""vehicle_reg"":null,""injuries"":true,""police_report"":true,""needs_human"":true}","{""claim_type"":""Third party"",""incident_date"":""2026-06-01"",""vehicle_reg"":null,""injuries"":true,""police_report"":true,""needs_human"":true}",473,1203,80,586,1405,0,0
MSG-0464,2026-06-20 20:20,Pidgin,"Shieldline abeg, trailer jam my motor on 17 June for GRA Port Harcourt. Na Lexus RX 350, number na FKJ 724 DZ. God dey, nobody wound. I don report for police. Mechanic talk say e go cost like ₦2.8m. Abeg help me.",0,Third party,2026-06-17,FKJ 724 DZ,0,1,0,2830000,0,"{""claim_type"":""Third party"",""incident_date"":""2026-06-17"",""vehicle_reg"":""FKJ 724 DZ"",""injuries"":false,""police_report"":true,""needs_human"":false}","{""claim_type"":""Third party"",""incident_date"":""2026-06-17"",""vehicle_reg"":""FKJ 724 DZ"",""injuries"":false,""police_report"":true,""needs_human"":false}","{""claim_type"":""Third party"",""incident_date"":""2026-06-17"",""vehicle_reg"":""FKJ 724 DZ"",""injuries"":false,""police_report"":true,""needs_human"":false}",479,1209,68,691,4255,0,0
MSG-0465,2026-06-19 13:11,English,Good morning. I had an accident on 17 June in Garki. It's my Hyundai Elantra. Nobody was hurt.,1,Accident damage,2026-06-17,,0,0,0,,0,"{""claim_type"":""Accident damage"",""incident_date"":""2026-06-17"",""vehicle_reg"":null,""injuries"":false,""police_report"":false,""needs_human"":false}","{""claim_type"":""Accident damage"",""incident_date"":""2026-06-17"",""vehicle_reg"":null,""injuries"":false,""police_report"":false,""needs_human"":false}","{""claim_type"":""Accident damage"",""incident_date"":""2026-06-17"",""vehicle_reg"":null,""injuries"":false,""police_report"":false,""needs_human"":false}",446,1176,66,730,1448,0,0
MSG-0466,2026-06-05 08:23,Pidgin,"Stone break my windscreen on 4 June for Surulere. Na Honda Accord, number na KTU 457 AW. Mechanic talk say e go cost like ₦185k.",4,Windscreen,2026-06-04,KTU 457 AW,0,0,0,185000,0,"{""claim_type"":""Windscreen"",""incident_date"":""2026-06-04"",""vehicle_reg"":""KTU457AW"",""injuries"":false,""police_report"":false,""needs_human"":false}","{""claim_type"":""Windscreen"",""incident_date"":""2026-06-04"",""vehicle_reg"":""KTU457AW"",""injuries"":false,""police_report"":false,""needs_human"":false}","{""claim_type"":""Windscreen"",""incident_date"":""2026-06-04"",""vehicle_reg"":""KTU 457 AW"",""injuries"":false,""police_report"":false,""needs_human"":false}",456,1186,57,847,1336,1,0
MSG-0467,2026-06-02 08:05,English,"Hello, I was involved in a crash on 02/06/2026 in Garki. The car is a Kia Rio, plate number KTU 153 TP. I hurt my arm and went to the hospital. What documents do you need?",2,Accident damage,2026-06-02,KTU 153 TP,1,0,0,,1,"Sure! Here is the JSON:
{""claim_type"":""Accident damage"",""incident_date"":""2026-06-02"",""vehicle_reg"":""KTU 153 TP"",""injuries"":true,""police_report"":false,""needs_human"":true}","{""claim_type"":""Accident damage"",""incident_date"":""2026-06-02"",""vehicle_reg"":""KTU 153 TP"",""injuries"":true,""police_report"":false,""needs_human"":true}","{""claim_type"":""Accident damage"",""incident_date"":""2026-06-02"",""vehicle_reg"":""KTU 153 TP"",""injuries"":true,""police_report"":false,""needs_human"":true}",468,1198,76,439,3972,0,0
MSG-0468,2026-06-30 17:08,Pidgin,"Good morning o, I jam pole on 24 June for Garki, motor don scatter. Na Kia Rio, number na RBC 743 AB. Nobody wound. Which document una need?",0,Accident damage,2026-06-24,RBC 743 AB,0,0,0,,0,"{""claim_type"":""Accident damage"",""incident_date"":""2026-06-24"",""vehicle_reg"":""RBC 743 AB"",""injuries"":false,""police_report"":false,""needs_human"":false}","{""claim_type"":""Accident damage"",""incident_date"":""2026-06-24"",""vehicle_reg"":""RBC 743 AB"",""injuries"":false,""police_report"":false,""needs_human"":false}","{""claim_type"":""Windscreen"",""incident_date"":""2026-06-24"",""vehicle_reg"":""RBC 743 AB"",""injuries"":false,""police_report"":false,""needs_human"":false}",459,1189,69,940,1663,0,0
MSG-0469,2026-06-17 15:03,English,"Good afternoon. I hit a pole on 15 June in Ajah. The car is a Kia Rio, plate number APP 637 EP. Nobody was hurt. The repair will cost about ₦1.9m. How do I claim?",2,Accident damage,2026-06-15,APP 637 EP,0,0,0,1920000,0,"{""claim_type"":""Accident damage"",""incident_date"":""2026-06-15"",""vehicle_reg"":""APP 637 EP"",""injuries"":false,""police_report"":false,""needs_human"":false}","{""claim_type"":""Accident damage"",""incident_date"":""2026-06-15"",""vehicle_reg"":""APP 637 EP"",""injuries"":false,""police_report"":false,""needs_human"":false}","{""claim_type"":""Accident damage"",""incident_date"":""2026-06-15"",""vehicle_reg"":""APP 637 EP"",""injuries"":false,""police_report"":false,""needs_human"":true}",465,1195,65,544,1731,0,0
MSG-0470,2026-06-12 12:59,English,"Hi Shieldline, My windscreen cracked on 9 June in Gwarinpa. It's a Lexus RX 350, plate number ABJ 931 BG. The repair will cost about ₦355k. How do I claim?",3,Windscreen,2026-06-09,ABJ 931 BG,0,0,0,355000,0,"{""claim_type"":""Windscreen"",""incident_date"":""2026-06-09"",""vehicle_reg"":""ABJ 931 BG"",""injuries"":false,""police_report"":false,""needs_human"":false}","{""claim_type"":""Windscreen"",""incident_date"":""2026-06-09"",""vehicle_reg"":""ABJ 931 BG"",""injuries"":false,""police_report"":false,""needs_human"":false}","{""claim_type"":""Windscreen"",""incident_date"":""2026-06-09"",""vehicle_reg"":""ABJ 931 BG"",""injuries"":false,""police_report"":false,""needs_human"":false}",463,1193,69,539,1591,0,0
MSG-0471,2026-06-27 21:34,English,"Good afternoon. I hit a pole on 22 June in Lekki. The car is a Kia Rio, plate number RBC 476 RH. My passenger was injured and taken to hospital. Please help.",2,Accident damage,2026-06-22,RBC 476 RH,1,0,0,,1,"{""claim_type"":""Accident damage"",""incident_date"":""2026-06-22"",""vehicle_reg"":""RBC 476 RH"",""injuries"":false,""police_report"":false,""needs_human"":true}","{""claim_type"":""Accident damage"",""incident_date"":""2026-06-22"",""vehicle_reg"":""RBC 476 RH"",""injuries"":true,""police_report"":false,""needs_human"":true}","{""claim_type"":""Accident damage"",""incident_date"":""2026-06-22"",""vehicle_reg"":""RBC 476 RH"",""injuries"":true,""police_report"":false,""needs_human"":true}",464,1194,67,412,1926,0,0
MSG-0472,2026-06-28 17:14,English,"I had an accident on 22 June in Maryland. The car is a Kia Rio, plate number RBC 393 MR. I hurt my arm and went to the hospital. The repair will cost about ₦950k. This is my second message and nobody has replied. This is unacceptable! Please help.",0,Accident damage,2026-06-22,RBC 393 MR,1,0,1,950000,1,"{""claim_type"":""Third party"",""incident_date"":""2026-06-22"",""vehicle_reg"":""RBC 393 MR"",""injuries"":true,""police_report"":false,""needs_human"":true}","{""claim_type"":""Accident damage"",""incident_date"":""2026-06-22"",""vehicle_reg"":""RBC 393 MR"",""injuries"":true,""police_report"":false,""needs_human"":true}","{""claim_type"":""Accident damage"",""incident_date"":""2026-06-28"",""vehicle_reg"":""RBC 393 MR"",""injuries"":true,""police_report"":false,""needs_human"":true}",489,1219,64,447,1225,0,0
MSG-0473,2026-06-10 08:29,English,"Good afternoon. I was involved in a crash on 04/06/2026 in Bodija. The car is a Toyota Camry, plate number FKJ 889 HW. How do I claim?",0,Accident damage,2026-06-04,FKJ 889 HW,0,0,0,,0,"{""claim_type"":""Accident damage"",""incident_date"":""2026-06-10"",""vehicle_reg"":""FKJ 889 HW"",""injuries"":false,""police_report"":false,""needs_human"":false}","{""claim_type"":""Accident damage"",""incident_date"":""2026-06-04"",""vehicle_reg"":""FKJ 889 HW"",""injuries"":false,""police_report"":false,""needs_human"":false}","{""claim_type"":""Accident damage"",""incident_date"":""2026-06-04"",""vehicle_reg"":""FKJ 889 HW"",""injuries"":false,""police_report"":false,""needs_human"":false}",457,1187,57,717,2751,0,0
MSG-0474,2026-06-26 15:57,English,"I hit a pole on 24 June in Wuse 2. The car is a Hyundai Elantra, plate number ABJ 805 CF. The repair will cost about ₦2.8m. What do I do next?",1,Accident damage,2026-06-24,ABJ 805 CF,0,0,0,2760000,0,"{""claim_type"":""Accident damage"",""incident_date"":""2026-06-24"",""vehicle_reg"":""ABJ 805 CF"",""injuries"":false,""police_report"":false,""needs_human"":false}","{""claim_type"":""Accident damage"",""incident_date"":""2026-06-24"",""vehicle_reg"":""ABJ 805 CF"",""injuries"":false,""police_report"":false,""needs_human"":false}","{""claim_type"":""Accident damage"",""incident_date"":""2026-06-24"",""vehicle_reg"":""ABJ 805 CF"",""injuries"":false,""police_report"":false,""needs_human"":false}",459,1189,68,571,1618,0,0
MSG-0475,2026-06-24 08:26,English,"I hit a pole on 20 June in Ajah. The car is a Nissan Almera, plate number BDG 741 SP. I hurt my arm and went to the hospital. What do I do next?",1,Accident damage,2026-06-20,BDG 741 SP,1,0,0,,1,"{""claim_type"":""Accident damage"",""incident_date"":""2026-06-20"",""vehicle_reg"":""BDG 741 SP"",""injuries"":true,""police_report"":false,""needs_human"":true}","{""claim_type"":""Accident damage"",""incident_date"":""2026-06-20"",""vehicle_reg"":""BDG 741 SP"",""injuries"":true,""police_report"":false,""needs_human"":true}","{""claim_type"":""Accident damage"",""incident_date"":""2026-06-20"",""vehicle_reg"":""BDG 741 SP"",""injuries"":false,""police_report"":false,""needs_human"":true}",460,1190,67,439,1497,0,0
MSG-0476,2026-06-01 09:43,English,"Hi Shieldline, A truck reversed into my car on 26 May at Bodija. It's a Honda Accord, plate number LSD 848 PR. Thank God no one was injured. This is my second message and nobody has replied. This is unacceptable! Please help.",2,Third party,2026-05-26,LSD 848 PR,0,0,1,,1,"{""claim_type"":""Third party"",""incident_date"":""2026-05-26"",""vehicle_reg"":""LSD848PR"",""injuries"":false,""police_report"":false,""needs_human"":true}","{""claim_type"":""Third party"",""incident_date"":""2026-05-26"",""vehicle_reg"":""LSD 848 PR"",""injuries"":false,""police_report"":false,""needs_human"":false}","{""claim_type"":""Third party"",""incident_date"":""2026-05-26"",""vehicle_reg"":""LSD 848 PR"",""injuries"":false,""police_report"":false,""needs_human"":true}",483,1213,69,538,2409,0,0
MSG-0477,2026-06-07 20:13,English,"My car skidded into a gutter on 01/06/2026 in Festac. The car is a Toyota Highlander, plate number RBC 754 SD. Thank God no one was injured. The repair will cost about ₦2.6m. If I don't hear back today I will report you to NAICOM.",0,Accident damage,2026-06-01,RBC 754 SD,0,0,1,2580000,1,"{""claim_type"":""Accident damage"",""incident_date"":""2026-06-01"",""vehicle_reg"":""RBC 754 SD"",""injuries"":false,""police_report"":false,""needs_human"":true}","{""claim_type"":""Third party"",""incident_date"":""2026-06-01"",""vehicle_reg"":""RBC 754 SD"",""injuries"":false,""police_report"":false,""needs_human"":true}","{""claim_type"":""Accident damage"",""incident_date"":""2026-06-01"",""vehicle_reg"":""RBC 754 SD"",""injuries"":false,""police_report"":false,""needs_human"":true}",484,1214,57,582,730,0,0
MSG-0478,2026-06-24 12:09,English,"I hit a keke and damaged it last night at Ajah. It's a Toyota Camry, plate number FKJ 847 RH. Thank God no one was injured. What do I do next?",0,Third party,2026-06-23,FKJ 847 RH,0,0,0,,0,"{""claim_type"":""Third party"",""incident_date"":""2026-06-23"",""vehicle_reg"":""FKJ 847 RH"",""injuries"":false,""police_report"":false,""needs_human"":false}","{""claim_type"":""Third party"",""incident_date"":""2026-06-23"",""vehicle_reg"":""FKJ 847 RH"",""injuries"":false,""police_report"":false,""needs_human"":false}","{""claim_type"":""Third party"",""incident_date"":""2026-06-23"",""vehicle_reg"":""FKJ 847 RH"",""injuries"":false,""police_report"":false,""needs_human"":false}",459,1189,68,459,1061,0,0
MSG-0479,2026-06-09 19:06,English,Good afternoon. My car skidded into a gutter last night in Maryland. It's my Lexus RX 350. What do I do next?,0,Accident damage,2026-06-08,,0,0,0,,0,"{""claim_type"":""Accident damage"",""incident_date"":""2026-06-08"",""vehicle_reg"":null,""injuries"":false,""police_report"":false,""needs_human"":false}","{""claim_type"":""Windscreen"",""incident_date"":""2026-06-08"",""vehicle_reg"":null,""injuries"":false,""police_report"":false,""needs_human"":false}","{""claim_type"":""Accident damage"",""incident_date"":""2026-06-08"",""vehicle_reg"":null,""injuries"":false,""police_report"":false,""needs_human"":true}",450,1180,67,594,1573,0,0
MSG-0480,2026-06-27 08:26,English,"Hello, My car was stolen on 24/06/2026 in Wuse 2. The car is a Kia Rio, plate number SMK 803 LZ. I have a police report. Please help.",0,Theft,2026-06-24,SMK 803 LZ,0,1,0,,1,"{""claim_type"":""Theft"",""incident_date"":""2026-06-24"",""vehicle_reg"":""SMK 803 LZ"",""injuries"":false,""police_report"":true,""needs_human"":false}","{""claim_type"":""Theft"",""incident_date"":""2026-06-24"",""vehicle_reg"":""SMK 803 LZ"",""injuries"":false,""police_report"":true,""needs_human"":true}","{""claim_type"":""Theft"",""incident_date"":""2026-06-24"",""vehicle_reg"":""SMK 803 LZ"",""injuries"":false,""police_report"":true,""needs_human"":true}",457,1187,63,577,1190,0,0
MSG-0481,2026-06-27 09:24,English,"My windscreen cracked on 24/06/2026 in Lekki. It's a Toyota Camry, plate number LSD 721 XE. The repair will cost about ₦320k. What documents do you need?",0,Windscreen,2026-06-24,LSD 721 XE,0,0,0,320000,0,"{""claim_type"":""Windscreen"",""incident_date"":""2026-06-24"",""vehicle_reg"":""LSD 721 XE"",""injuries"":false,""police_report"":false,""needs_human"":false}","{""claim_type"":""Windscreen"",""incident_date"":""2026-06-24"",""vehicle_reg"":""LSD 721 XE"",""injuries"":false,""police_report"":false,""needs_human"":false}","{""claim_type"":""Windscreen"",""incident_date"":""2026-06-24"",""vehicle_reg"":""LSD 721 XE"",""injuries"":false,""police_report"":false,""needs_human"":false}",463,1193,66,506,1961,0,0
MSG-0482,2026-06-02 21:37,English,Good afternoon. A stone cracked my windscreen today in Bodija. It's my Toyota Corolla. This is my second message and nobody has replied. This is unacceptable! How do I claim?,4,Windscreen,2026-06-02,,0,0,1,,1,"{""claim_type"":""Windscreen"",""incident_date"":""2026-06-02"",""vehicle_reg"":null,""injuries"":true,""police_report"":false,""needs_human"":true}","{""claim_type"":""Windscreen"",""incident_date"":""2026-06-02"",""vehicle_reg"":null,""injuries"":false,""police_report"":false,""needs_human"":true}","{""claim_type"":""Windscreen"",""incident_date"":""2026-06-02"",""vehicle_reg"":null,""injuries"":false,""police_report"":false,""needs_human"":false}",468,1198,55,490,1686,1,0
MSG-0483,2026-06-16 21:05,English,"Good morning. My windscreen got smashed today in Gwarinpa. The car is a Nissan Almera, plate number RBC 218 SJ. I am very angry, you people collect premium and disappear. How do I claim?",2,Windscreen,2026-06-16,RBC 218 SJ,0,0,1,,1,"{""claim_type"":""Windscreen"",""incident_date"":""2026-06-16"",""vehicle_reg"":""RBC218SJ"",""injuries"":false,""police_report"":false,""needs_human"":true}","{""claim_type"":""Windscreen"",""incident_date"":""2026-06-16"",""vehicle_reg"":""RBC 218 SJ"",""injuries"":false,""police_report"":false,""needs_human"":true}","{""claim_type"":""Windscreen"",""incident_date"":""2026-06-16"",""vehicle_reg"":""RBC 218 SJ"",""injuries"":false,""police_report"":false,""needs_human"":true}",472,1202,66,998,1918,0,0
MSG-0484,2026-06-07 16:30,Pidgin,"I jam pole yesterday for Ajah, motor don scatter. Na Honda Accord, number na ABJ 708 SL. Mechanic talk say e go cost like ₦1.3m. Which document una need?",1,Accident damage,2026-06-06,ABJ 708 SL,0,0,0,1310000,0,"{""claim_type"":""Accident damage"",""incident_date"":""2026-06-06"",""vehicle_reg"":""ABJ 708 SL"",""injuries"":false,""police_report"":false,""needs_human"":false}","{""claim_type"":""Accident damage"",""incident_date"":""2026-06-06"",""vehicle_reg"":""ABJ 708 SL"",""injuries"":false,""police_report"":false,""needs_human"":false}","{""claim_type"":""Accident damage"",""incident_date"":""2026-06-06"",""vehicle_reg"":""ABJ 708 SL"",""injuries"":false,""police_report"":false,""needs_human"":false}",463,1193,68,390,2194,0,0
MSG-0485,2026-06-13 20:01,English,"A stone cracked my windscreen on 09/06/2026 in Bodija. The car is a Toyota Highlander, plate number APP 342 JB. Please help.",2,Windscreen,2026-06-09,APP 342 JB,0,0,0,,0,"{""claim_type"":""Windscreen"",""incident_date"":""2026-06-09"",""vehicle_reg"":""APP 342 JB"",""injuries"":false,""police_report"":false,""needs_human"":false}","{""claim_type"":""Windscreen"",""incident_date"":""2026-06-09"",""vehicle_reg"":""APP 342 JB"",""injuries"":false,""police_report"":false,""needs_human"":false}","{""claim_type"":""Windscreen"",""incident_date"":""2026-06-09"",""vehicle_reg"":""APP 342 JB"",""injuries"":false,""police_report"":false,""needs_human"":false}",454,1184,59,536,1366,0,0
MSG-0486,2026-06-02 15:22,English,"My car skidded into a gutter this morning in Wuse 2. The car is a Kia Rio, plate number KTU 304 UW. The repair will cost about ₦890k.",2,Accident damage,2026-06-02,KTU 304 UW,0,0,0,890000,0,"{""claim_type"":""Windscreen"",""incident_date"":""2026-06-02"",""vehicle_reg"":""KTU304UW"",""injuries"":false,""police_report"":false,""needs_human"":false}","{""claim_type"":""Accident damage"",""incident_date"":""2026-06-02"",""vehicle_reg"":""KTU 304 UW"",""injuries"":false,""police_report"":false,""needs_human"":false}","{""claim_type"":""Accident damage"",""incident_date"":""2026-06-02"",""vehicle_reg"":""KTU 304 UW"",""injuries"":false,""police_report"":false,""needs_human"":false}",457,1187,67,659,1014,0,0
MSG-0487,2026-06-04 21:40,English,"My windscreen got smashed on 30/05/2026 in Ajah. The car is a Lexus RX 350, plate number ABJ 880 CR. If I don't hear back today I will report you to NAICOM. What documents do you need?",0,Windscreen,2026-05-30,ABJ 880 CR,0,0,1,,1,"{""claim_type"":""Windscreen"",""incident_date"":""2026-05-30"",""vehicle_reg"":""ABJ 880 CR"",""injuries"":false,""police_report"":false,""needs_human"":true}","{""claim_type"":""Windscreen"",""incident_date"":""2026-05-30"",""vehicle_reg"":""ABJ 880 CR"",""injuries"":false,""police_report"":false,""needs_human"":true}","{""claim_type"":""Windscreen"",""incident_date"":""2026-05-30"",""vehicle_reg"":""ABJ 880 CR"",""injuries"":false,""police_report"":false,""needs_human"":true}",471,1201,63,528,1996,1,0
MSG-0488,2026-06-19 15:33,English,"Hi Shieldline, A stone cracked my windscreen on 19/06/2026 in Festac. The car is a Toyota Highlander, plate number KJA 420 FN. The repair will cost about ₦200k. What documents do you need?",1,Windscreen,2026-06-19,KJA 420 FN,0,0,0,200000,0,"{""claim_type"":""Windscreen"",""incident_date"":""2026-06-19"",""vehicle_reg"":""KJA 420 FN"",""injuries"":false,""police_report"":false,""needs_human"":false}","{""claim_type"":""Windscreen"",""incident_date"":""2026-06-19"",""vehicle_reg"":""KJA 420 FN"",""injuries"":false,""police_report"":false,""needs_human"":false}","{""claim_type"":""Windscreen"",""incident_date"":""2026-06-19"",""vehicle_reg"":""KJA 420 FN"",""injuries"":false,""police_report"":false,""needs_human"":true}",472,1202,75,1200,1671,0,0
MSG-0489,2026-06-28 07:46,English,"Hi Shieldline, A stone cracked my windscreen this morning in Yaba. It's a Nissan Almera, plate number APP 886 ZF. The repair will cost about ₦320k. What documents do you need?",2,Windscreen,2026-06-28,APP 886 ZF,0,0,0,320000,0,"{""claim_type"":""Windscreen"",""incident_date"":""2026-06-28"",""vehicle_reg"":""APP886ZF"",""injuries"":false,""police_report"":false,""needs_human"":false}","{""claim_type"":""Windscreen"",""incident_date"":""2026-06-28"",""vehicle_reg"":""APP 886 ZF"",""injuries"":false,""police_report"":false,""needs_human"":false}","{""claim_type"":""Windscreen"",""incident_date"":""2026-06-28"",""vehicle_reg"":""APP 886 ZF"",""injuries"":false,""police_report"":false,""needs_human"":false}",469,1199,61,656,1724,0,0
MSG-0490,2026-06-18 15:54,English,"Hello, I had an accident last night in Lekki. The car is a Lexus RX 350, plate number EKY 849 KP. Nobody was hurt. I have a police report. If I don't hear back today I will report you to NAICOM. Please help.",2,Accident damage,2026-06-17,EKY 849 KP,0,1,1,,1,"{""claim_type"":""Accident damage"",""incident_date"":""2026-06-17"",""vehicle_reg"":""EKY 849 KP"",""injuries"":false,""police_report"":true,""needs_","Sure! Here is the JSON:
{""claim_type"":""Accident damage"",""incident_date"":""2026-06-17"",""vehicle_reg"":""EKY 849 KP"",""injuries"":false,""police_report"":true,""needs_human"":true}","{""claim_type"":""Accident damage"",""incident_date"":""2026-06-17"",""vehicle_reg"":""EKY 849 KP"",""injuries"":false,""police_report"":true,""needs_human"":true}",478,1208,78,496,1848,0,0
MSG-0491,2026-06-17 18:04,English,"Good morning. I had an accident last night in Festac. It's a Kia Rio, plate number APP 496 FV. Thank God no one was injured.",2,Accident damage,2026-06-16,APP 496 FV,0,0,0,,0,"{""claim_type"":""Windscreen"",""incident_date"":""2026-06-16"",""vehicle_reg"":""APP 496 FV"",""injuries"":false,""police_report"":false,""needs_human"":false}","{""claim_type"":""Third party"",""incident_date"":""2026-06-16"",""vehicle_reg"":""APP 496 FV"",""injuries"":false,""police_report"":false,""needs_human"":false}","{""claim_type"":""Accident damage"",""incident_date"":""2026-06-16"",""vehicle_reg"":""APP 496 FV"",""injuries"":false,""police_report"":false,""needs_human"":false}",454,1184,70,927,2488,0,0
MSG-0492,2026-06-25 07:09,English,"Good morning. I was involved in a crash on 22/06/2026 in Bodija. It's a Honda Accord, plate number GGE 816 AJ. How do I claim?",1,Accident damage,2026-06-22,GGE 816 AJ,0,0,0,,0,"{'claim_type':'Accident damage','incident_date':'2026-06-22','vehicle_reg':'GGE 816 AJ','injuries':false,'police_report':false,'needs_human':false}","{""claim_type"":""Accident damage"",""incident_date"":""2026-06-22"",""vehicle_reg"":""GGE 816 AJ"",""injuries"":false,""police_report"":true,""needs_human"":false}","{""claim_type"":""Accident damage"",""incident_date"":""2026-06-22"",""vehicle_reg"":""GGE 816 AJ"",""injuries"":false,""police_report"":false,""needs_human"":true}",455,1185,77,498,1740,0,0
MSG-0493,2026-06-14 14:01,English,Good morning. My car was snatched at gunpoint on 9 June in Maryland. It's my Toyota Corolla. What documents do you need?,0,Theft,2026-06-09,,0,0,0,,1,"{""claim_type"":""Theft"",""incident_date"":""2026-06-09"",""vehicle_reg"":null,""injuries"":false,""police_report"":false,""needs_human"":true}","{""claim_type"":""Theft"",""incident_date"":""2026-06-09"",""vehicle_reg"":null,""injuries"":false,""police_report"":false,""needs_human"":true}","{""claim_type"":""Theft"",""incident_date"":""2026-06-09"",""vehicle_reg"":null,""injuries"":false,""police_report"":false,""needs_human"":true}",453,1183,73,516,3273,0,0
MSG-0494,2026-06-07 09:03,English,"My car was stolen on 02/06/2026 in Garki. It's a Toyota Corolla, plate number KTU 589 LG. I have reported it to the police.",0,Theft,2026-06-02,KTU 589 LG,0,1,0,,1,"{""claim_type"":""Theft"",""incident_date"":""2026-06-02"",""vehicle_reg"":""KTU 589 LG"",""injuries"":false,""police_report"":true,""needs_human"":false}","{""claim_type"":""Theft"",""incident_date"":""2026-06-02"",""vehicle_reg"":""KTU 589 LG"",""injuries"":false,""police_report"":true,""needs_human"":false}","{""claim_type"":""Theft"",""incident_date"":""2026-06-02"",""vehicle_reg"":""KTU 589 LG"",""injuries"":false,""police_report"":true,""needs_human"":false}",454,1184,75,542,2189,0,0
MSG-0495,2026-06-01 21:49,English,"Hi Shieldline, I was involved in a crash on 29 May in Festac. It's a Toyota Corolla, plate number GGE 328 RR. Nobody was hurt. The repair will cost about ₦1.8m. Please help.",0,Accident damage,2026-05-29,GGE 328 RR,0,0,0,1760000,0,"{""claim_type"":""Accident damage"",""incident_date"":""2026-05-29"",""vehicle_reg"":""GGE 328 RR"",""injuries"":false,""police_report"":false,""needs_human"":false}","{""claim_type"":""Accident damage"",""incident_date"":""2026-05-29"",""vehicle_reg"":""GGE328RR"",""injuries"":false,""police_report"":false,""needs_human"":false}","{""claim_type"":""Accident damage"",""incident_date"":""2026-05-29"",""vehicle_reg"":""GGE 328 RR"",""injuries"":false,""police_report"":false,""needs_human"":false}",468,1198,64,556,1644,0,0
MSG-0496,2026-06-14 10:09,English,"Good morning. I had an accident on 9 June in Ikeja. It's a Toyota Highlander, plate number LSD 863 AA. Thank God no one was injured. The repair will cost about ₦1.6m. Please help.",0,Accident damage,2026-06-09,LSD 863 AA,0,0,0,1580000,0,"{""claim_type"":""Accident damage"",""incident_date"":""2026-06-09"",""vehicle_reg"":""LSD 863 AA"",""injuries"":false,""police_report"":false,""needs_human"":false}","{""claim_type"":""Accident damage"",""incident_date"":""2026-06-09"",""vehicle_reg"":""LSD 863 AA"",""injuries"":false,""police_report"":false,""needs_human"":false}","{""claim_type"":""Accident damage"",""incident_date"":""2026-06-09"",""vehicle_reg"":""LSD 863 AA"",""injuries"":false,""police_report"":false,""needs_human"":false}",470,1200,59,555,1921,0,0
MSG-0497,2026-06-09 15:44,English,"Good morning. My windscreen cracked on 07/06/2026 in Maryland. The car is a Lexus RX 350, plate number LSD 907 TR.",2,Windscreen,2026-06-07,LSD 907 TR,0,0,0,,0,"{'claim_type':'Windscreen','incident_date':'2026-06-07','vehicle_reg':'LSD907TR','injuries':false,'police_report':false,'needs_human':false}","{""claim_type"":""Windscreen"",""incident_date"":""2026-06-07"",""vehicle_reg"":""LSD 907 TR"",""injuries"":false,""police_report"":false,""needs_human"":false}","{""claim_type"":""Windscreen"",""incident_date"":""2026-06-07"",""vehicle_reg"":""LSD 907 TR"",""injuries"":false,""police_report"":false,""needs_human"":false}",452,1182,76,547,728,0,0
MSG-0498,2026-06-11 16:40,Pidgin,"Good morning o, one motor jam my motor on 09/06/2026 for Ikeja. Na Toyota Corolla, number na RBC 250 PM. Nobody wound. Which document una need?",4,Third party,2026-06-09,RBC 250 PM,0,0,0,,0,"{""claim_type"":""Third party"",""incident_date"":""2026-06-09"",""vehicle_reg"":""RBC 250 PM"",""injuries"":false,""police_report"":false,""needs_human"":false}","{""claim_type"":""Third party"",""incident_date"":""2026-06-09"",""vehicle_reg"":""RBC 250 PM"",""injuries"":false,""police_report"":false,""needs_human"":false}","{""claim_type"":""Third party"",""incident_date"":""2026-06-09"",""vehicle_reg"":""RBC 250 PM"",""injuries"":false,""police_report"":false,""needs_human"":false}",460,1190,64,553,2187,1,0
MSG-0499,2026-06-11 17:39,English,"My windscreen got smashed on 06/06/2026 in Wuse 2. The car is a Toyota Highlander, plate number ABJ 890 XF. If I don't hear back today I will report you to NAICOM. Please help.",0,Windscreen,2026-06-06,ABJ 890 XF,0,0,1,,1,"{""claim_type"":""Windscreen"",""incident_date"":""2026-06-06"",""vehicle_reg"":""ABJ 890 XF"",""injuries"":false,""police_report"":false,""needs_human"":true}","{""claim_type"":""Windscreen"",""incident_date"":""2026-06-06"",""vehicle_reg"":""ABJ 890 XF"",""injuries"":false,""police_report"":false,""needs_human"":false}","{""claim_type"":""Windscreen"",""incident_date"":""2026-06-06"",""vehicle_reg"":""ABJ 890 XF"",""injuries"":false,""police_report"":false,""needs_human"":true}",469,1199,69,499,1418,0,0
MSG-0500,2026-06-24 10:31,English,"Good afternoon. My windscreen got smashed on 20/06/2026 in Maryland. The car is a Toyota Highlander, plate number BDG 985 TH. This is my second message and nobody has replied. This is unacceptable! What documents do you need?",1,Windscreen,2026-06-20,BDG 985 TH,0,0,1,,1,"{""claim_type"":""Windscreen"",""incident_date"":""2026-06-20"",""vehicle_reg"":""BDG 985 TH"",""injuries"":false,""police_report"":false,""needs_human"":true}","{""claim_type"":""Windscreen"",""incident_date"":""2026-06-20"",""vehicle_reg"":""BDG 985 TH"",""injuries"":false,""police_report"":false,""needs_human"":true}","{""claim_type"":""Windscreen"",""incident_date"":""2026-06-20"",""vehicle_reg"":""BDG 985 TH"",""injuries"":false,""police_report"":false,""needs_human"":true}",483,1213,58,534,1045,0,0
MSG-0501,2026-06-14 16:47,English,"Hello, My car was snatched at gunpoint on 09/06/2026 in Bodija. The car is a Toyota Corolla, plate number ABJ 997 UH. The police came and wrote a report. The car is worth about ₦12.8m. If I don't hear back today I will report you to NAICOM. What do I do next?",0,Theft,2026-06-09,ABJ 997 UH,0,1,1,12800000,1,"{""claim_type"":""Theft"",""incident_date"":""2026-06-09"",""vehicle_reg"":""ABJ 997 UH"",""injuries"":false,""police_report"":true,""needs_human"":true}","{""claim_type"":""Theft"",""incident_date"":""2026-06-09"",""vehicle_reg"":""ABJ 997 UH"",""injuries"":false,""police_report"":true,""needs_human"":false}","{""claim_type"":""Theft"",""incident_date"":""2026-06-09"",""vehicle_reg"":""ABJ 997 UH"",""injuries"":false,""police_report"":true,""needs_human"":true}",492,1222,74,949,2798,1,0
MSG-0502,2026-06-09 13:35,Pidgin,"Good morning o, one motor jam my motor on 5 June for Ajah. Na Toyota Camry, number na KJA 873 YD. God dey, nobody wound. Abeg help me.",0,Third party,2026-06-05,KJA 873 YD,0,0,0,,0,"{""claim_type"":""Third party"",""incident_date"":""2026-06-05"",""vehicle_reg"":""KJA873YD"",""injuries"":false,""police_report"":false,""needs_human"":false}","{""claim_type"":""Third party"",""incident_date"":""2026-06-05"",""vehicle_reg"":""KJA 873 YD"",""injuries"":false,""police_report"":false,""needs_human"":false}","{""claim_type"":""Third party"",""incident_date"":""2026-06-05"",""vehicle_reg"":""KJA 873 YD"",""injuries"":false,""police_report"":false,""needs_human"":false}",457,1187,68,1093,3904,0,0
MSG-0503,2026-06-09 17:05,English,"Hello, My car skidded into a gutter yesterday in Surulere. The car is a Toyota Corolla, plate number KTU 805 NE. Nobody was hurt. Please help.",3,Accident damage,2026-06-08,KTU 805 NE,0,0,0,,0,"{""claim_type"":""Accident damage"",""incident_date"":""2026-06-08"",""vehicle_reg"":""KTU 805 NE"",""injuries"":false,""police_report"":false,""needs_human"":false}","{""claim_type"":""Accident damage"",""incident_date"":""2026-06-08"",""vehicle_reg"":""KTU 805 NE"",""injuries"":false,""police_report"":true,""needs_human"":false}","{""claim_type"":""Accident damage"",""incident_date"":""2026-06-08"",""vehicle_reg"":""KTU 805 NE"",""injuries"":false,""police_report"":false,""needs_human"":false}",459,1189,56,407,1384,0,0
MSG-0504,2026-06-29 17:22,English,"Hi Shieldline, I had an accident on 26/06/2026 in GRA Port Harcourt. The car is a Toyota Corolla, plate number AAA 247 PX. Thank God no one was injured. The repair will cost about ₦1.4m. Please help.",3,Accident damage,2026-06-26,AAA 247 PX,0,0,0,1390000,0,"{""claim_type"":""Accident damage"",""incident_date"":""2026-06-29"",""vehicle_reg"":""AAA 247 PX"",""injuries"":false,""police_report"":false,""needs_human"":false}","{""claim_type"":""Accident damage"",""incident_date"":""2026-06-26"",""vehicle_reg"":""AAA 247 PX"",""injuries"":false,""police_report"":false,""needs_human"":false}","{""claim_type"":""Accident damage"",""incident_date"":""2026-06-26"",""vehicle_reg"":""AAA 247 PX"",""injuries"":false,""police_report"":false,""needs_human"":false}",475,1205,63,575,1845,0,0
MSG-0505,2026-06-06 18:50,English,"Good morning. My windscreen cracked on 31 May in Wuse 2. It's a Hyundai Elantra, plate number GGE 292 JS.",4,Windscreen,2026-05-31,GGE 292 JS,0,0,0,,0,"{""claim_type"":""Windscreen"",""incident_date"":""2026-05-31"",""vehicle_reg"":""GGE292JS"",""injuries"":false,""police_report"":false,""needs_human"":false}","{""claim_type"":""Windscreen"",""incident_date"":""2026-05-31"",""vehicle_reg"":""GGE 292 JS"",""injuries"":false,""police_report"":false,""needs_human"":false}","{""claim_type"":""Windscreen"",""incident_date"":""2026-05-31"",""vehicle_reg"":""GGE 292 JS"",""injuries"":false,""police_report"":false,""needs_human"":false}",449,1179,59,756,3582,0,0
MSG-0506,2026-06-25 07:35,English,"Good morning. A stone cracked my windscreen on 21/06/2026 in Yaba. It's a Toyota Corolla, plate number KTU 844 HY. How do I claim?",1,Windscreen,2026-06-21,KTU 844 HY,0,0,0,,0,"{""claim_type"":""Windscreen"",""incident_date"":""2026-06-21"",""vehicle_reg"":""KTU 844 HY"",""injuries"":false,""police_report"":false,""needs_human"":false}","{""claim_type"":""Windscreen"",""incident_date"":""2026-06-21"",""vehicle_reg"":""KTU 844 HY"",""injuries"":false,""police_report"":false,""needs_human"":false}","{""claim_type"":""Windscreen"",""incident_date"":""2026-06-21"",""vehicle_reg"":""KTU 844 HY"",""injuries"":false,""police_report"":false,""needs_human"":false}",456,1186,58,477,2181,0,0
MSG-0507,2026-06-18 14:51,Pidgin,"Shieldline abeg, stone break my windscreen on 13/06/2026 for Ikeja. Na Hyundai Elantra, number na GGE 618 SD. Mechanic talk say e go cost like ₦165k. I don vex o, una collect my money and una no dey answer. Which document una need?",2,Windscreen,2026-06-13,GGE 618 SD,0,0,1,165000,1,"{""claim_type"":""Windscreen"",""incident_date"":""2026-06-13"",""vehicle_reg"":""GGE618SD"",""injuries"":false,""police_report"":false,""needs_human"":false}","{""claim_type"":""Windscreen"",""incident_date"":""2026-06-13"",""vehicle_reg"":""GGE 618 SD"",""injuries"":true,""police_report"":false,""needs_human"":true}","{""claim_type"":""Windscreen"",""incident_date"":""2026-06-13"",""vehicle_reg"":""GGE 618 SD"",""injuries"":false,""police_report"":false,""needs_human"":true}",484,1214,79,776,886,0,0
MSG-0508,2026-06-01 18:29,English,"I had an accident on 30 May in Gwarinpa. It's a Hyundai Elantra, plate number APP 129 CC. Thank God no one was injured. I have reported it to the police.",1,Accident damage,2026-05-30,APP 129 CC,0,1,0,,0,"{""claim_type"":""Windscreen"",""incident_date"":""2026-05-30"",""vehicle_reg"":""APP 129 CC"",""injuries"":false,""police_report"":true,""needs_human"":false}","{""claim_type"":""Accident damage"",""incident_date"":""2026-05-30"",""vehicle_reg"":""APP 129 CC"",""injuries"":false,""police_report"":true,""needs_human"":false}","{""claim_type"":""Accident damage"",""incident_date"":""2026-05-30"",""vehicle_reg"":""APP 129 CC"",""injuries"":false,""police_report"":true,""needs_human"":false}",463,1193,78,833,822,0,0
MSG-0509,2026-06-20 20:42,English,"Good afternoon. Thieves took my car on 15/06/2026 in Garki. The car is a Lexus RX 350, plate number SMK 660 XT. What documents do you need?",0,Theft,2026-06-15,SMK 660 XT,0,0,0,,1,"{""claim_type"":""Theft"",""incident_date"":""2026-06-20"",""vehicle_reg"":""SMK 660 XT"",""injuries"":false,""police_report"":false,""needs_human"":true}","{""claim_type"":""Accident damage"",""incident_date"":""2026-06-20"",""vehicle_reg"":""SMK 660 XT"",""injuries"":false,""police_report"":false,""needs_human"":true}","{""claim_type"":""Theft"",""incident_date"":""2026-06-15"",""vehicle_reg"":""SMK 660 XT"",""injuries"":false,""police_report"":false,""needs_human"":true}",459,1189,76,639,1593,0,0
MSG-0510,2026-06-04 17:46,English,"A stone cracked my windscreen on 30/05/2026 in Bodija. The car is a Toyota Camry, plate number ABJ 303 NX. What do I do next?",1,Windscreen,2026-05-30,ABJ 303 NX,0,0,0,,0,"{""claim_type"":""Windscreen"",""incident_date"":""2026-05-30"",""vehicle_reg"":""ABJ 303 NX"",""injuries"":false,""police_report"":false,""needs_human"":false}","{""claim_type"":""Windscreen"",""incident_date"":""2026-05-30"",""vehicle_reg"":""ABJ 303 NX"",""injuries"":false,""police_report"":false,""needs_human"":false}","{""claim_type"":""Windscreen"",""incident_date"":""2026-05-30"",""vehicle_reg"":""ABJ 303 NX"",""injuries"":false,""police_report"":false,""needs_human"":false}",455,1185,60,944,3162,0,0
MSG-0511,2026-06-18 09:16,English,"Hi Shieldline, My windscreen cracked on 13/06/2026 in Bodija. It's a Toyota Camry, plate number EKY 452 TP. Please help.",2,Windscreen,2026-06-13,EKY 452 TP,0,0,0,,0,"{""claim_type"":""Windscreen"",""incident_date"":""2026-06-13"",""vehicle_reg"":""EKY 452 TP"",""injuries"":false,""police_report"":false,""needs_human"":false}","{""claim_type"":""Windscreen"",""incident_date"":""2026-06-13"",""vehicle_reg"":""EKY 452 TP"",""injuries"":false,""police_report"":false,""needs_human"":false}","{""claim_type"":""Windscreen"",""incident_date"":""2026-06-13"",""vehicle_reg"":""EKY 452 TP"",""injuries"":true,""police_report"":false,""needs_human"":false}",453,1183,79,451,1513,0,0
MSG-0512,2026-06-24 09:08,English,"Hi Shieldline, My windscreen got smashed on 18 June in Lekki. The car is a Kia Rio, plate number EKY 849 NT. Please help.",3,Windscreen,2026-06-18,EKY 849 NT,0,0,0,,0,"{""claim_type"":""Windscreen"",""incident_date"":""2026-06-18"",""vehicle_reg"":""EKY 849 NT"",""injuries"":false,""police_report"":false,""needs_human"":false}","{""claim_type"":""Theft"",""incident_date"":""2026-06-18"",""vehicle_reg"":""EKY 849 NT"",""injuries"":false,""police_report"":false,""needs_human"":false}","{""claim_type"":""Windscreen"",""incident_date"":""2026-06-18"",""vehicle_reg"":""EKY 849 NT"",""injuries"":false,""police_report"":false,""needs_human"":false}",454,1184,67,493,2840,0,0
MSG-0513,2026-06-07 17:35,English,"Hi Shieldline, I was involved in a crash on 03/06/2026 in Festac. It's my Honda Accord. The other driver was hurt and is in hospital. The repair will cost about ₦1.9m. What do I do next?",1,Accident damage,2026-06-03,,1,0,0,1860000,1,"{""claim_type"":""Theft"",""incident_date"":""2026-06-03"",""vehicle_reg"":null,""injuries"":false,""police_report"":false,""needs_human"":true}","{""claim_type"":""Accident damage"",""incident_date"":""2026-06-03"",""vehicle_reg"":null,""injuries"":true,""police_report"":false,""needs_human"":true}","{""claim_type"":""Accident damage"",""incident_date"":""2026-06-03"",""vehicle_reg"":null,""injuries"":true,""police_report"":false,""needs_human"":true}",472,1202,57,734,2545,0,0
MSG-0514,2026-06-22 15:14,English,"Hello, I had an accident on 19/06/2026 in Yaba. The car is a Toyota Corolla, plate number SMK 968 HF. Nobody was hurt. I have a police report. The repair will cost about ₦2.6m. What documents do you need?",0,Accident damage,2026-06-19,SMK 968 HF,0,1,0,2630000,0,"{""claim_type"":""Accident damage"",""incident_date"":""2026-06-19"",""vehicle_reg"":""SMK 968 HF"",""injuries"":false,""police_report"":true,""needs_human"":false}","{""claim_type"":""Accident damage"",""incident_date"":""2026-06-19"",""vehicle_reg"":""SMK 968 HF"",""injuries"":false,""police_report"":false,""needs_human"":false}","{""claim_type"":""Windscreen"",""incident_date"":""2026-06-19"",""vehicle_reg"":""SMK 968 HF"",""injuries"":false,""police_report"":true,""needs_human"":false}",477,1207,77,715,1125,0,0
MSG-0515,2026-06-23 16:59,English,"Hello, I was involved in a crash on 20/06/2026 in Gwarinpa. It's my Hyundai Elantra. The other driver was hurt and is in hospital. I have a police report. The repair will cost about ₦1.9m. Please help.",3,Accident damage,2026-06-20,,1,1,0,1940000,1,"{""claim_type"":""Accident damage"",""incident_date"":""2026-06-20"",""vehicle_reg"":null,""injuries"":true,""police_report"":true,""needs_human"":false}","{""claim_type"":""Accident damage"",""incident_date"":""2026-06-20"",""vehicle_reg"":null,""injuries"":true,""police_report"":true,""needs_human"":true}","{""claim_type"":""Accident damage"",""incident_date"":""2026-06-20"",""vehicle_reg"":null,""injuries"":true,""police_report"":true,""needs_human"":true}",476,1206,60,462,1693,0,0
MSG-0516,2026-06-22 21:24,English,"Hello, I was involved in a crash on 20 June in Lekki. The car is a Toyota Highlander, plate number APP 273 AX. Nobody was hurt. The repair will cost about ₦500k.",4,Accident damage,2026-06-20,APP 273 AX,0,0,0,500000,0,"{""claim_type"":""Accident damage"",""incident_date"":""2026-06-20"",""vehicle_reg"":""APP 273 AX"",""injuries"":false,""police_report"":false,""needs_human"":false}","{""claim_type"":""Accident damage"",""incident_date"":""2026-06-20"",""vehicle_reg"":""APP 273 AX"",""injuries"":false,""police_report"":false,""needs_human"":false}","{""claim_type"":""Accident damage"",""incident_date"":""2026-06-20"",""vehicle_reg"":""APP 273 AX"",""injuries"":false,""police_report"":false,""needs_human"":false}",465,1195,73,946,2510,0,0
MSG-0517,2026-06-13 07:04,Pidgin,"Good morning o, I jam pole yesterday for Lekki, motor don scatter. Na Toyota Highlander, number na SMK 468 AG. God dey, nobody wound. Which document una need?",2,Accident damage,2026-06-12,SMK 468 AG,0,0,0,,0,"{""claim_type"":""Accident damage"",""incident_date"":""2026-06-11"",""vehicle_reg"":""SMK 468 AG"",""injuries"":true,""police_report"":false,""needs_human"":false}","{""claim_type"":""Accident damage"",""incident_date"":""2026-06-12"",""vehicle_reg"":""SMK 468 AG"",""injuries"":false,""police_report"":false,""needs_human"":false}","{""claim_type"":""Accident damage"",""incident_date"":""2026-06-12"",""vehicle_reg"":""SMK 468 AG"",""injuries"":false,""police_report"":false,""needs_human"":false}",464,1194,58,651,1741,0,0
MSG-0518,2026-06-11 21:15,Pidgin,"Good morning o, stone break my windscreen on 07/06/2026 for Maryland. Na Nissan Almera, number na KJA 966 KN. Mechanic talk say e go cost like ₦165k. Una no dey reply message at all, this one no good! Abeg help me.",4,Windscreen,2026-06-07,KJA 966 KN,0,0,1,165000,1,"{""claim_type"":""Accident damage"",""incident_date"":""2026-06-07"",""vehicle_reg"":""KJA966KN"",""injuries"":false,""police_report"":false,""needs_human"":false}","{""claim_type"":""Windscreen"",""incident_date"":""2026-06-07"",""vehicle_reg"":""KJA 966 KN"",""injuries"":false,""police_report"":false,""needs_h","{""claim_type"":""Windscreen"",""incident_date"":""2026-06-07"",""vehicle_reg"":""KJA 966 KN"",""injuries"":false,""police_report"":false,""needs_human"":true}",479,1209,61,558,809,1,0
MSG-0519,2026-06-18 19:17,English,"Good morning. My car skidded into a gutter last night in Festac. The car is a Toyota Camry, plate number EKY 944 PJ. I have a police report. Please help.",2,Accident damage,2026-06-17,EKY 944 PJ,0,1,0,,0,"{""claim_type"":""Accident damage"",""incident_date"":""2026-06-16"",""vehicle_reg"":""EKY 944 PJ"",""injuries"":false,""police_report"":false,""needs_human"":false}","{""claim_type"":""Accident damage"",""incident_date"":""2026-06-17"",""vehicle_reg"":""EKY 944 PJ"",""injuries"":false,""police_report"":true,""needs_human"":false}","{""claim_type"":""Accident damage"",""incident_date"":""2026-06-17"",""vehicle_reg"":""EKY 944 PJ"",""injuries"":false,""police_report"":true,""needs_human"":false}",463,1193,57,721,2192,0,0
MSG-0520,2026-06-29 20:18,English,"Hi Shieldline, I had an accident on 24/06/2026 in Garki. The car is a Kia Rio, plate number ABJ 183 FZ. I have a police report. The repair will cost about ₦1.8m. I am very angry, you people collect premium and disappear. What documents do you need?",2,Accident damage,2026-06-24,ABJ 183 FZ,0,1,1,1810000,1,"{""claim_type"":""Accident damage"",""incident_date"":""2026-06-24"",""vehicle_reg"":""ABJ 183 FZ"",""injuries"":false,""police_report"":true,""needs_human"":true}","{""claim_type"":""Accident damage"",""incident_date"":""2026-06-24"",""vehicle_reg"":""ABJ 183 FZ"",""injuries"":false,""police_report"":true,""needs_human"":true}","{""claim_type"":""Accident damage"",""incident_date"":""2026-06-24"",""vehicle_reg"":""ABJ 183 FZ"",""injuries"":false,""police_report"":true,""needs_human"":false}",489,1219,65,1163,1378,0,0
MSG-0521,2026-06-08 11:24,English,"Hi Shieldline, A stone cracked my windscreen this morning in Maryland. It's a Toyota Highlander, plate number KTU 247 SD. If I don't hear back today I will report you to NAICOM. What documents do you need?",3,Windscreen,2026-06-08,KTU 247 SD,0,0,1,,1,"{""claim_type"":""Windscreen"",""incident_date"":""2026-06-08"",""vehicle_reg"":""KTU247SD"",""injuries"":false,""police_report"":false,""needs_human"":true}","{""claim_type"":""Windscreen"",""incident_date"":""2026-06-08"",""vehicle_reg"":""KTU 247 SD"",""injuries"":false,""police_report"":false,""needs_human"":true}","{""claim_type"":""Windscreen"",""incident_date"":""2026-06-08"",""vehicle_reg"":""KTU 247 SD"",""injuries"":false,""police_report"":false,""needs_human"":true}",477,1207,73,733,1365,1,0
MSG-0522,2026-06-28 18:22,English,"Hi Shieldline, My windscreen got smashed on 25 June in Surulere. It's a Nissan Almera, plate number FKJ 825 CK. If I don't hear back today I will report you to NAICOM. Please help.",2,Windscreen,2026-06-25,FKJ 825 CK,0,0,1,,1,"{""claim_type"":""Windscreen"",""incident_date"":""2026-06-25"",""vehicle_reg"":""FKJ 825 CK"",""injuries"":false,""police_report"":false,""needs_human"":true}","{""claim_type"":""Windscreen"",""incident_date"":""2026-06-25"",""vehicle_reg"":""FKJ 825 CK"",""injuries"":false,""police_report"":false,""needs_human"":true}","{""claim_type"":""Windscreen"",""incident_date"":""2026-06-25"",""vehicle_reg"":""FKJ 825 CK"",""injuries"":false,""police_report"":false,""needs_human"":true}",470,1200,57,775,1873,0,0
MSG-0523,2026-06-24 11:02,English,"I hit a pole today in Garki. The car is a Toyota Camry, plate number EKY 925 RW. I have reported it to the police. Please help.",1,Accident damage,2026-06-24,EKY 925 RW,0,1,0,,0,"{""claim_type"":""Accident damage"",""incident_date"":""2026-06-24"",""vehicle_reg"":""EKY 925 RW"",""injuries"":false,""police_report"":true,""needs_human"":false}","{""claim_type"":""Accident damage"",""incident_date"":""2026-06-24"",""vehicle_reg"":""EKY925RW"",""injuries"":false,""police_report"":true,""needs_human"":false}","{""claim_type"":""Accident damage"",""incident_date"":""2026-06-24"",""vehicle_reg"":""EKY 925 RW"",""injuries"":false,""police_report"":false,""needs_human"":false}",455,1185,72,676,1795,0,0
MSG-0524,2026-06-12 07:20,Pidgin,"Abeg, trailer jam my motor on 10/06/2026 for Gwarinpa. Na my Toyota Camry. God dey, nobody wound. I don report for police.",2,Third party,2026-06-10,,0,1,0,,0,"{""claim_type"":""Third party"",""incident_date"":""2026-06-10"",""vehicle_reg"":""FKJ 768 BZ"",""injuries"":false,""police_report"":true,""needs_human"":false}","{""claim_type"":""Theft"",""incident_date"":""2026-06-10"",""vehicle_reg"":null,""injuries"":false,""police_report"":true,""needs_human"":false}","{""claim_type"":""Third party"",""incident_date"":""2026-06-10"",""vehicle_reg"":null,""injuries"":false,""police_report"":true,""needs_human"":false}",454,1184,73,623,2437,0,0
MSG-0525,2026-06-03 19:48,English,"My car was snatched at gunpoint on 29/05/2026 in Surulere. The car is a Lexus RX 350, plate number APP 401 JX. The car is worth about ₦6.3m.",0,Theft,2026-05-29,APP 401 JX,0,0,0,6250000,1,"{""claim_type"":""Theft"",""incident_date"":""2026-05-29"",""vehicle_reg"":""APP401JX"",""injuries"":false,""police_report"":true,""needs_human"":true}","{""claim_type"":""Theft"",""incident_date"":""2026-05-29"",""vehicle_reg"":""APP 401 JX"",""injuries"":false,""police_report"":false,""needs_human"":true}","{""claim_type"":""Theft"",""incident_date"":""2026-05-29"",""vehicle_reg"":""APP 401 JX"",""injuries"":false,""police_report"":false,""needs_human"":true}",459,1189,66,389,1474,0,0
MSG-0526,2026-06-15 13:56,English,"Hello, A stone cracked my windscreen last night in GRA Port Harcourt. It's my Honda Accord. Please help.",0,Windscreen,2026-06-14,,0,0,0,,0,"{""claim_type"":""Windscreen"",""incident_date"":""2026-06-14"",""vehicle_reg"":null,""injuries"":false,""police_report"":false,""needs_human"":false}","{""claim_type"":""Windscreen"",""incident_date"":""2026-06-14"",""vehicle_reg"":null,""injuries"":false,""police_report"":false,""needs_human"":false}","{""claim_type"":""Windscreen"",""incident_date"":""2026-06-14"",""vehicle_reg"":null,""injuries"":false,""police_report"":false,""needs_human"":false}",449,1179,74,873,2436,0,0
MSG-0527,2026-06-01 20:13,English,"My car skidded into a gutter on 26 May in Ikeja. The car is a Toyota Camry, plate number GGE 675 PH. Thank God no one was injured. The repair will cost about ₦410k. What documents do you need?",1,Accident damage,2026-05-26,GGE 675 PH,0,0,0,410000,0,"{""claim_type"":""Accident damage"",""incident_date"":""2026-05-26"",""vehicle_reg"":""GGE 675 PH"",""injuries"":false,""police_report"":false,""needs_human"":false}","{""claim_type"":""Accident damage"",""incident_date"":""2026-05-26"",""vehicle_reg"":""GGE 675 PH"",""injuries"":false,""police_report"":false,""needs_human"":false}","{""claim_type"":""Accident damage"",""incident_date"":""2026-05-26"",""vehicle_reg"":""GGE 675 PH"",""injuries"":false,""police_report"":false,""needs_human"":true}",473,1203,60,576,1552,0,0
MSG-0528,2026-06-27 21:49,English,"Hello, My windscreen cracked on 25 June in Bodija. The car is a Nissan Almera, plate number ABJ 555 UC. Please help.",1,Windscreen,2026-06-25,ABJ 555 UC,0,0,0,,0,"{""claim_type"":""Windscreen"",""incident_date"":""2026-06-25"",""vehicle_reg"":""ABJ555UC"",""injuries"":false,""police_report"":false,""needs_human"":false}","{""claim_type"":""Windscreen"",""incident_date"":""2026-06-25"",""vehicle_reg"":""ABJ 555 UC"",""injuries"":false,""police_report"":false,""needs_human"":false}","{""claim_type"":""Windscreen"",""incident_date"":""2026-06-25"",""vehicle_reg"":""ABJ 555 UC"",""injuries"":false,""police_report"":false,""needs_human"":false}",452,1182,59,573,2195,0,0
MSG-0529,2026-06-24 20:58,English,"Hi Shieldline, My windscreen got smashed this morning in Ajah. The car is a Kia Rio, plate number KJA 561 VW. I am very angry, you people collect premium and disappear. What documents do you need?",0,Windscreen,2026-06-24,KJA 561 VW,0,0,1,,1,"{""claim_type"":""Windscreen"",""incident_date"":""2026-06-23"",""vehicle_reg"":""KJA 561 VW"",""injuries"":false,""police_report"":false,""needs_human"":true}","{""claim_type"":""Windscreen"",""incident_date"":""2026-06-24"",""vehicle_reg"":""KJA 561 VW"",""injuries"":false,""police_report"":false,""needs_human"":true}","{""claim_type"":""Windscreen"",""incident_date"":""2026-06-24"",""vehicle_reg"":""KJA 561 VW"",""injuries"":false,""police_report"":false,""needs_human"":true}",474,1204,69,563,1125,0,0
MSG-0530,2026-06-16 07:40,English,"Hi Shieldline, Thieves took my car last night in Ajah. The car is a Toyota Corolla, plate number FKJ 955 KB. The police came and wrote a report. The car is worth about ₦7.5m.",0,Theft,2026-06-15,FKJ 955 KB,0,1,0,7500000,1,"{""claim_type"":""Theft"",""incident_date"":""2026-06-16"",""vehicle_reg"":""FKJ 955 KB"",""injuries"":false,""police_report"":true,""needs_human"":true}","{""claim_type"":""Theft"",""incident_date"":""2026-06-15"",""vehicle_reg"":""FKJ 955 KB"",""injuries"":false,""police_report"":false,""needs_human"":true}","{""claim_type"":""Theft"",""incident_date"":""2026-06-15"",""vehicle_reg"":""FKJ 955 KB"",""injuries"":false,""police_report"":true,""needs_human"":true}",468,1198,66,533,3630,0,0
MSG-0531,2026-06-04 07:13,English,"I was involved in a crash today in Bodija. It's a Hyundai Elantra, plate number APP 990 VM. The other driver was hurt and is in hospital. How do I claim?",3,Accident damage,2026-06-04,APP 990 VM,1,0,0,,1,"{""claim_type"":""Accident damage"",""incident_date"":""2026-06-04"",""vehicle_reg"":""APP 990 VM"",""injuries"":true,""police_report"":false,""needs_human"":true}","{""claim_type"":""Accident damage"",""incident_date"":""2026-06-04"",""vehicle_reg"":""APP 990 VM"",""injuries"":true,""police_report"":false,""needs_human"":true}","{""claim_type"":""Accident damage"",""incident_date"":""2026-06-04"",""vehicle_reg"":""APP 990 VM"",""injuries"":true,""police_report"":false,""needs_human"":true}",463,1193,56,535,1990,0,0
MSG-0532,2026-06-18 19:10,English,"Good morning. My car skidded into a gutter today in Maryland. The car is a Hyundai Elantra, plate number KTU 976 US. Thank God no one was injured. How do I claim?",1,Accident damage,2026-06-18,KTU 976 US,0,0,0,,0,"{'claim_type':'Accident damage','incident_date':'2026-06-17','vehicle_reg':'KTU976US','injuries':true,'police_report':false,'needs_human':false}","Sure! Here is the JSON:
{""claim_type"":""Accident damage"",""incident_date"":""2026-06-18"",""vehicle_reg"":""KTU 976 US"",""injuries"":false,""police_report"":false,""needs_human"":false}","{""claim_type"":""Accident damage"",""incident_date"":""2026-06-18"",""vehicle_reg"":""KTU 976 US"",""injuries"":false,""police_report"":false,""needs_human"":false}",465,1195,71,755,5146,0,0
MSG-0533,2026-06-04 15:46,Pidgin,"Stone break my windscreen this morning for Ikeja. Na Hyundai Elantra, number na SMK 895 AL. Which document una need?",0,Windscreen,2026-06-04,SMK 895 AL,0,0,0,,0,"{""claim_type"":""Windscreen"",""incident_date"":""2026-06-05"",""vehicle_reg"":""SMK 895 AL"",""injuries"":false,""police_report"":false,""needs_human"":false}","{""claim_type"":""Windscreen"",""incident_date"":""2026-06-04"",""vehicle_reg"":""SMK 895 AL"",""injuries"":false,""police_report"":false,""needs_human"":false}","{""claim_type"":""Windscreen"",""incident_date"":""2026-06-04"",""vehicle_reg"":""SMK 895 AL"",""injuries"":false,""police_report"":false,""needs_human"":false}",452,1182,56,725,1459,0,0
MSG-0534,2026-06-29 17:51,English,"Hello, A stone cracked my windscreen on 26/06/2026 in Ikeja. It's a Toyota Camry, plate number LSD 605 EN. The repair will cost about ₦315k. If I don't hear back today I will report you to NAICOM. How do I claim?",4,Windscreen,2026-06-26,LSD 605 EN,0,0,1,315000,1,"{""claim_type"":""Windscreen"",""incident_date"":""2026-06-26"",""vehicle_reg"":""LSD 605 EN"",""injuries"":false,""police_report"":true,""needs_human"":true}","{""claim_type"":""Windscreen"",""incident_date"":""2026-06-26"",""vehicle_reg"":""LSD 605 EN"",""injuries"":false,""police_report"":false,""needs_human"":true}","{""claim_type"":""Windscreen"",""incident_date"":""2026-06-26"",""vehicle_reg"":""LSD 605 EN"",""injuries"":false,""police_report"":false,""needs_human"":true}",479,1209,65,630,1098,0,0
MSG-0535,2026-06-06 12:39,English,"Hello, I hit a keke and damaged it on 3 June at Ajah. The car is a Toyota Corolla, plate number EKY 304 TC. Thank God no one was injured. I have reported it to the police. Please help.",0,Third party,2026-06-03,EKY 304 TC,0,1,0,,0,"{""claim_type"":""Third party"",""incident_date"":""2026-06-03"",""vehicle_reg"":""EKY 304 TC"",""injuries"":false,""police_report"":true,""needs_human"":false}","{""claim_type"":""Third party"",""incident_date"":""2026-06-03"",""vehicle_reg"":""EKY 304 TC"",""injuries"":false,""police_report"":true,""needs_human"":false}","{""claim_type"":""Third party"",""incident_date"":""2026-06-03"",""vehicle_reg"":""EKY 304 TC"",""injuries"":false,""police_report"":true,""needs_human"":false}",471,1201,65,481,2012,0,0
MSG-0536,2026-06-25 19:13,English,"I hit a pole on 20 June in Ikeja. It's a Toyota Corolla, plate number AAA 778 YB. The repair will cost about ₦450k. What do I do next?",1,Accident damage,2026-06-20,AAA 778 YB,0,0,0,450000,0,"{""claim_type"":""Accident damage"",""incident_date"":""2026-06-20"",""vehicle_reg"":""AAA 778 YB"",""injuries"":false,""police_report"":false,""needs_human"":false}","{""claim_type"":""Accident damage"",""incident_date"":""2026-06-20"",""vehicle_reg"":""AAA 778 YB"",""injuries"":false,""police_report"":false,""needs_human"":false}","{""claim_type"":""Accident damage"",""incident_date"":""2026-06-20"",""vehicle_reg"":""AAA 778 YB"",""injuries"":false,""police_report"":false,""needs_human"":false}",457,1187,70,275,2339,0,0
MSG-0537,2026-06-20 17:53,English,"Hello, I was involved in a crash on 16 June in Bodija. The car is a Nissan Almera, plate number AAA 205 NX. I hurt my arm and went to the hospital. What do I do next?",0,Accident damage,2026-06-16,AAA 205 NX,1,0,0,,1,"{""claim_type"":""Accident damage"",""incident_date"":""2026-06-16"",""vehicle_reg"":""AAA 205 NX"",""injuries"":true,""police_report"":false,""needs_human"":false}","{""claim_type"":""Accident damage"",""incident_date"":""2026-06-16"",""vehicle_reg"":""AAA 205 NX"",""injuries"":true,""police_report"":false,""needs_human"":true}","{""claim_type"":""Accident damage"",""incident_date"":""2026-06-16"",""vehicle_reg"":""AAA 205 NX"",""injuries"":true,""police_report"":false,""needs_human"":true}",466,1196,78,785,1617,0,0
MSG-0538,2026-06-02 11:59,English,"Hi Shieldline, I was involved in a crash on 29/05/2026 in Gwarinpa. It's a Toyota Highlander, plate number RBC 832 NZ. Thank God no one was injured. The repair will cost about ₦1.9m. What do I do next?",3,Accident damage,2026-05-29,RBC 832 NZ,0,0,0,1930000,0,"{""claim_type"":""Accident damage"",""incident_date"":""2026-05-29"",""vehicle_reg"":""RBC 832 NZ"",""injuries"":false,""police_report"":false,""needs_human"":false}","{""claim_type"":""Accident damage"",""incident_date"":""2026-05-29"",""vehicle_reg"":""RBC 832 NZ"",""injuries"":false,""police_report"":false,""needs_human"":false}","{""claim_type"":""Accident damage"",""incident_date"":""2026-05-29"",""vehicle_reg"":""RBC832NZ"",""injuries"":false,""police_report"":false,""needs_human"":false}",476,1206,79,608,1921,0,0
MSG-0539,2026-06-14 21:40,English,Good morning. A stone cracked my windscreen on 09/06/2026 in Maryland. It's my Toyota Camry. Please help.,4,Windscreen,2026-06-09,,0,0,0,,0,"{""claim_type"":""Windscreen"",""incident_date"":""2026-06-09"",""vehicle_reg"":""EKY 415 AE"",""injuries"":false,""police_report"":false,""needs_human"":false}","{""claim_type"":""Windscreen"",""incident_date"":""2026-06-09"",""vehicle_reg"":null,""injuries"":false,""police_report"":true,""needs_human"":false}","{""claim_type"":""Windscreen"",""incident_date"":""2026-06-09"",""vehicle_reg"":null,""injuries"":false,""police_report"":false,""needs_human"":true}",449,1179,72,1054,1398,0,0
MSG-0540,2026-06-19 13:11,English,"Hi Shieldline, My car skidded into a gutter on 16/06/2026 in Surulere. The car is a Hyundai Elantra, plate number EKY 603 LU. Nobody was hurt. The repair will cost about ₦970k. This is my second message and nobody has replied. This is unacceptable! What documents do you need?",0,Accident damage,2026-06-16,EKY 603 LU,0,0,1,970000,1,"{""claim_type"":""Accident damage"",""incident_date"":""2026-06-16"",""vehicle_reg"":""EKY 603 LU"",""injuries"":false,""police_report"":false,""needs_human"":true}","{""claim_type"":""Accident damage"",""incident_date"":""2026-06-16"",""vehicle_reg"":""EKY 603 LU"",""injuries"":true,""police_report"":false,""needs_human"":true}","{""claim_type"":""Accident damage"",""incident_date"":""2026-06-16"",""vehicle_reg"":""EKY 603 LU"",""injuries"":false,""police_report"":false,""needs_human"":true}",497,1227,56,843,3683,1,0
MSG-0541,2026-06-07 09:32,English,"Hello, Another car ran into me today at Wuse 2. The car is a Toyota Highlander, plate number GGE 867 AC. Nobody was hurt. The repair will cost about ₦1.3m. How do I claim?",2,Third party,2026-06-07,GGE 867 AC,0,0,0,1300000,0,"{""claim_type"":""Third party"",""incident_date"":""2026-06-07"",""vehicle_reg"":""GGE 867 AC"",""injuries"":false,""police_report"":false,""needs_human"":false}","{""claim_type"":""Third party"",""incident_date"":""2026-06-07"",""vehicle_reg"":""GGE 867 AC"",""injuries"":false,""police_report"":false,""needs_human"":true}","{""claim_type"":""Third party"",""incident_date"":""2026-06-07"",""vehicle_reg"":""GGE 867 AC"",""injuries"":false,""police_report"":false,""needs_human"":false}",468,1198,78,763,2636,0,0
MSG-0542,2026-06-30 19:40,English,"Good morning. My windscreen got smashed on 25 June in Gwarinpa. It's a Toyota Highlander, plate number FKJ 678 UK. What documents do you need?",2,Windscreen,2026-06-25,FKJ 678 UK,0,0,0,,0,"{""claim_type"":""Windscreen"",""incident_date"":""2026-06-25"",""vehicle_reg"":""FKJ 678 UK"",""injuries"":false,""police_report"":false,""needs_human"":false}","{""claim_type"":""Windscreen"",""incident_date"":""2026-06-30"",""vehicle_reg"":""FKJ 678 UK"",""injuries"":false,""police_report"":false,""needs_human"":false}","{""claim_type"":""Windscreen"",""incident_date"":""2026-06-25"",""vehicle_reg"":""FKJ 678 UK"",""injuries"":false,""police_report"":false,""needs_human"":false}",459,1189,55,590,1791,0,0
MSG-0543,2026-06-28 08:50,Pidgin,"Abeg, stone break my windscreen this morning for Garki. Na Nissan Almera, number na KTU 954 NH. Which document una need?",3,Windscreen,2026-06-28,KTU 954 NH,0,0,0,,0,"{""claim_type"":""Windscreen"",""incident_date"":""2026-06-29"",""vehicle_reg"":""KTU 954 NH"",""injuries"":false,""police_report"":false,""needs_h","{""claim_type"":""Windscreen"",""incident_date"":""2026-06-29"",""vehicle_reg"":""KTU 954 NH"",""injuries"":false,""police_report"":false,""needs_human"":false}","{""claim_type"":""Windscreen"",""incident_date"":""2026-06-28"",""vehicle_reg"":""KTU 954 NH"",""injuries"":false,""police_report"":false,""needs_human"":false}",453,1183,57,824,1650,0,0
MSG-0544,2026-06-11 11:11,English,"Good afternoon. My car skidded into a gutter on 5 June in Lekki. It's a Lexus RX 350, plate number LSD 219 UH. Nobody was hurt. What documents do you need?",0,Accident damage,2026-06-05,LSD 219 UH,0,0,0,,0,"{""claim_type"":""Accident damage"",""incident_date"":""2026-06-05"",""vehicle_reg"":""LSD 219 UH"",""injuries"":false,""police_report"":false,""needs_human"":false}","{""claim_type"":""Accident damage"",""incident_date"":""2026-06-05"",""vehicle_reg"":""LSD 219 UH"",""injuries"":false,""police_report"":false,""needs_human"":false}","{""claim_type"":""Accident damage"",""incident_date"":""2026-06-05"",""vehicle_reg"":""LSD 219 UH"",""injuries"":false,""police_report"":false,""needs_human"":false}",463,1193,80,426,1859,0,0
MSG-0545,2026-06-18 20:58,English,"Hi Shieldline, My windscreen cracked on 12 June in Ikeja. It's a Nissan Almera, plate number BDG 650 ZF. The repair will cost about ₦415k. What documents do you need?",4,Windscreen,2026-06-12,BDG 650 ZF,0,0,0,415000,0,"{""claim_type"":""Windscreen"",""incident_date"":""2026-06-12"",""vehicle_reg"":""BDG650ZF"",""injuries"":false,""police_report"":false,""needs_human"":false}","{""claim_type"":""Windscreen"",""incident_date"":""2026-06-12"",""vehicle_reg"":""BDG 650 ZF"",""injuries"":false,""police_report"":false,""needs_human"":false}","{""claim_type"":""Windscreen"",""incident_date"":""2026-06-12"",""vehicle_reg"":""BDG 650 ZF"",""injuries"":false,""police_report"":false,""needs_human"":false}",466,1196,66,777,3157,0,0
MSG-0546,2026-06-27 07:36,Pidgin,"Shieldline abeg, danfo jam my motor on 25 June for Ikeja. Na Hyundai Elantra, number na FKJ 252 NN. The other driver wound well well, e dey hospital. Police don write report. I don vex o, una collect my money and una no dey answer.",3,Third party,2026-06-25,FKJ 252 NN,1,1,1,,1,"{""claim_type"":""Third party"",""incident_date"":""2026-06-25"",""vehicle_reg"":""FKJ 252 NN"",""injuries"":true,""police_report"":true,""needs_human"":false}","{""claim_type"":""Third party"",""incident_date"":""2026-06-25"",""vehicle_reg"":""FKJ252NN"",""injuries"":true,""police_report"":true,""needs_human"":true}","{""claim_type"":""Third party"",""incident_date"":""2026-06-25"",""vehicle_reg"":""FKJ 252 NN"",""injuries"":true,""police_report"":true,""needs_human"":true}",484,1214,65,838,2788,0,0
MSG-0547,2026-06-24 16:08,English,"Hello, My car was stolen last night in Bodija. The car is a Lexus RX 350, plate number RBC 522 MZ. I have a police report. Please help.",0,Theft,2026-06-23,RBC 522 MZ,0,1,0,,1,"{""claim_type"":""Theft"",""incident_date"":""2026-06-23"",""vehicle_reg"":""RBC522MZ"",""injuries"":false,""police_report"":true,""needs_human"":false}","{""claim_type"":""Theft"",""incident_date"":""2026-06-23"",""vehicle_reg"":""RBC 522 MZ"",""injuries"":false,""police_report"":true,""needs_human"":true}","{""claim_type"":""Theft"",""incident_date"":""2026-06-23"",""vehicle_reg"":""RBC 522 MZ"",""injuries"":false,""police_report"":true,""needs_human"":true}",458,1188,62,720,1169,0,0
MSG-0548,2026-06-09 07:27,English,"Good afternoon. I had an accident last night in Ajah. It's a Kia Rio, plate number RBC 496 JK. Thank God no one was injured. The repair will cost about ₦2.8m. This is my second message and nobody has replied. This is unacceptable! What do I do next?",1,Accident damage,2026-06-08,RBC 496 JK,0,0,1,2750000,1,"{""claim_type"":""Accident damage"",""incident_date"":""2026-06-08"",""vehicle_reg"":""RBC 496 JK"",""injuries"":false,""police_report"":false,""needs_human"":true}","{""claim_type"":""Accident damage"",""incident_date"":""2026-06-08"",""vehicle_reg"":""RBC 496 JK"",""injuries"":false,""police_report"":false,""needs_human"":true}","{""claim_type"":""Accident damage"",""incident_date"":""2026-06-08"",""vehicle_reg"":""RBC 496 JK"",""injuries"":false,""police_report"":false,""needs_human"":true}",489,1219,66,1189,1989,1,0
MSG-0549,2026-06-25 15:17,English,"Good afternoon. A stone cracked my windscreen on 21 June in Festac. It's a Toyota Corolla, plate number FKJ 546 VL. The repair will cost about ₦165k. Please help.",1,Windscreen,2026-06-21,FKJ 546 VL,0,0,0,165000,0,"{""claim_type"":""Windscreen"",""incident_date"":""2026-06-21"",""vehicle_reg"":""FKJ 546 VL"",""injuries"":false,""police_report"":false,""needs_human"":false}","{""claim_type"":""Windscreen"",""incident_date"":""2026-06-21"",""vehicle_reg"":""FKJ 546 VL"",""injuries"":false,""police_report"":false,""needs_human"":false}","{""claim_type"":""Windscreen"",""incident_date"":""2026-06-21"",""vehicle_reg"":""FKJ 546 VL"",""injuries"":false,""police_report"":false,""needs_human"":false}",465,1195,66,418,2770,0,1
MSG-0550,2026-06-16 17:14,English,"I was involved in a crash on 13 June in Garki. The car is a Toyota Highlander, plate number RBC 543 WU. Thank God no one was injured. I have a police report. Please help.",1,Accident damage,2026-06-13,RBC 543 WU,0,1,0,,0,"{""claim_type"":""Accident damage"",""incident_date"":""2026-06-13"",""vehicle_reg"":""RBC543WU"",""injuries"":false,""police_report"":true,""needs_human"":false}","{""claim_type"":""Accident damage"",""incident_date"":""2026-06-13"",""vehicle_reg"":""RBC 543 WU"",""injuries"":false,""police_report"":true,""needs_human"":false}","{""claim_type"":""Accident damage"",""incident_date"":""2026-06-13"",""vehicle_reg"":""RBC 543 WU"",""injuries"":false,""police_report"":true,""needs_human"":false}",467,1197,67,914,1609,0,0
MSG-0551,2026-06-18 21:19,English,"I hit a pole yesterday in Lekki. It's a Toyota Corolla, plate number ABJ 681 MJ. How do I claim?",3,Accident damage,2026-06-17,ABJ 681 MJ,0,0,0,,0,"{""claim_type"":""Accident damage"",""incident_date"":""2026-06-17"",""vehicle_reg"":""ABJ 681 MJ"",""injuries"":true,""police_report"":false,""needs_human"":false}","{""claim_type"":""Windscreen"",""incident_date"":""2026-06-17"",""vehicle_reg"":""ABJ 681 MJ"",""injuries"":false,""police_report"":false,""needs_human"":false}","{""claim_type"":""Theft"",""incident_date"":""2026-06-17"",""vehicle_reg"":""ABJ 681 MJ"",""injuries"":false,""police_report"":false,""needs_human"":false}",447,1177,72,992,1837,0,0
MSG-0552,2026-06-05 20:07,Pidgin,"Good morning o, stone break my windscreen on 2 June for Garki. Na Toyota Highlander, number na APP 778 NH. Mechanic talk say e go cost like ₦125k.",0,Windscreen,2026-06-02,APP 778 NH,0,0,0,125000,0,"{""claim_type"":""Windscreen"",""incident_date"":""2026-06-02"",""vehicle_reg"":""APP 778 NH"",""injuries"":false,""police_report"":false,""needs_human"":false}","{""claim_type"":""Windscreen"",""incident_date"":""2026-06-02"",""vehicle_reg"":""APP 778 NH"",""injuries"":false,""police_report"":false,""needs_human"":false}","{""claim_type"":""Windscreen"",""incident_date"":""2026-06-02"",""vehicle_reg"":""APP 778 NH"",""injuries"":false,""police_report"":false,""needs_human"":false}",461,1191,64,943,2580,0,0
MSG-0553,2026-06-07 09:02,English,"Hi Shieldline, Thieves took my car on 03/06/2026 in GRA Port Harcourt. It's a Toyota Camry, plate number GGE 667 DX. I have a police report. The car is worth about ₦9.3m. How do I claim?",0,Theft,2026-06-03,GGE 667 DX,0,1,0,9300000,1,"{""claim_type"":""Theft"",""incident_date"":""2026-06-03"",""vehicle_reg"":""GGE 667 DX"",""injuries"":false,""police_report"":true,""needs_human"":true}","{""claim_type"":""Windscreen"",""incident_date"":""2026-06-03"",""vehicle_reg"":""GGE 667 DX"",""injuries"":false,""police_report"":true,""needs_human"":true}","{""claim_type"":""Theft"",""incident_date"":""2026-06-03"",""vehicle_reg"":""GGE 667 DX"",""injuries"":false,""police_report"":true,""needs_human"":true}",472,1202,59,828,1577,0,0
MSG-0554,2026-06-21 19:20,English,"Good afternoon. My windscreen got smashed yesterday in Lekki. It's a Lexus RX 350, plate number APP 711 WP. What documents do you need?",1,Windscreen,2026-06-20,APP 711 WP,0,0,0,,0,"{""claim_type"":""Windscreen"",""incident_date"":""2026-06-20"",""vehicle_reg"":""APP711WP"",""injuries"":false,""police_report"":false,""needs_human"":false}","{""claim_type"":""Windscreen"",""incident_date"":""2026-06-21"",""vehicle_reg"":""APP 711 WP"",""injuries"":false,""police_report"":false,""needs_human"":false}","{""claim_type"":""Windscreen"",""incident_date"":""2026-06-20"",""vehicle_reg"":""APP 711 WP"",""injuries"":false,""police_report"":false,""needs_human"":false}",458,1188,61,720,2326,0,0
MSG-0555,2026-06-18 21:15,English,"Hi Shieldline, I hit a pole today in Surulere. It's a Toyota Corolla, plate number APP 820 LH. Nobody was hurt. How do I claim?",2,Accident damage,2026-06-18,APP 820 LH,0,0,0,,0,"{""claim_type"":""Accident damage"",""incident_date"":""2026-06-18"",""vehicle_reg"":""APP 820 LH"",""injuries"":false,""police_report"":false,""needs_human"":false}","{""claim_type"":""Accident damage"",""incident_date"":""2026-06-18"",""vehicle_reg"":""APP 820 LH"",""injuries"":false,""police_report"":true,""needs_human"":false}","{""claim_type"":""Accident damage"",""incident_date"":""2026-06-18"",""vehicle_reg"":""APP 820 LH"",""injuries"":false,""police_report"":false,""needs_human"":false}",455,1185,80,644,3041,0,0
MSG-0556,2026-06-25 08:32,English,"Hello, I was involved in a crash on 19 June in GRA Port Harcourt. The car is a Hyundai Elantra, plate number ABJ 362 NS. Thank God no one was injured. I have a police report. The repair will cost about ₦220k. If I don't hear back today I will report you to NAICOM. Please help.",2,Accident damage,2026-06-19,ABJ 362 NS,0,1,1,220000,1,"{""claim_type"":""Accident damage"",""incident_date"":""2026-06-19"",""vehicle_reg"":""ABJ362NS"",""injuries"":false,""police_report"":true,""needs_human"":false}","{""claim_type"":""Accident damage"",""incident_date"":""2026-06-19"",""vehicle_reg"":""ABJ 362 NS"",""injuries"":false,""police_report"":true,""needs_human"":true}","{""claim_type"":""Accident damage"",""incident_date"":""2026-06-19"",""vehicle_reg"":""ABJ 362 NS"",""injuries"":false,""police_report"":true,""needs_human"":true}",497,1227,67,579,1637,0,0
MSG-0557,2026-06-12 09:54,English,"Good morning. My car was stolen on 09/06/2026 in Garki. It's a Nissan Almera, plate number SMK 792 LL. The police came and wrote a report. The car is worth about ₦12.6m. How do I claim?",0,Theft,2026-06-09,SMK 792 LL,0,1,0,12550000,1,"{""claim_type"":""Theft"",""incident_date"":""2026-06-09"",""vehicle_reg"":""SMK 792 LL"",""injuries"":false,""police_report"":true,""needs_human"":true}","{""claim_type"":""Theft"",""incident_date"":""2026-06-09"",""vehicle_reg"":""SMK792LL"",""injuries"":false,""police_report"":true,""needs_human"":true}","{""claim_type"":""Theft"",""incident_date"":""2026-06-09"",""vehicle_reg"":""SMK 792 LL"",""injuries"":false,""police_report"":true,""needs_human"":true}",471,1201,64,555,1433,0,0
MSG-0558,2026-06-09 08:28,English,"Hi Shieldline, I was involved in a crash on 04/06/2026 in Lekki. The car is a Honda Accord, plate number APP 610 TD. Nobody was hurt. This is my second message and nobody has replied. This is unacceptable! What do I do next?",0,Accident damage,2026-06-04,APP 610 TD,0,0,1,,1,"{""claim_type"":""Accident damage"",""incident_date"":""2026-06-04"",""vehicle_reg"":""APP 610 TD"",""injuries"":false,""police_report"":false,""needs_human"":false}","{""claim_type"":""Accident damage"",""incident_date"":""2026-06-04"",""vehicle_reg"":""APP 610 TD"",""injuries"":false,""police_report"":false,""needs_human"":true}","{""claim_type"":""Accident damage"",""incident_date"":""2026-06-04"",""vehicle_reg"":""APP 610 TD"",""injuries"":false,""police_report"":false,""needs_human"":true}",482,1212,74,484,1579,0,0
MSG-0559,2026-06-24 18:53,English,"Good morning. I was involved in a crash on 24 June in Bodija. The car is a Lexus RX 350, plate number KJA 696 FP. The police came and wrote a report. The repair will cost about ₦1.2m. What do I do next?",2,Accident damage,2026-06-24,KJA 696 FP,0,1,0,1220000,0,"{""claim_type"":""Accident damage"",""incident_date"":""2026-06-24"",""vehicle_reg"":""KJA 696 FP"",""injuries"":false,""police_report"":true,""needs_human"":false}","{""claim_type"":""Accident damage"",""incident_date"":""2026-06-24"",""vehicle_reg"":""KJA 696 FP"",""injuries"":false,""police_report"":true,""needs_human"":false}","{""claim_type"":""Accident damage"",""incident_date"":""2026-06-24"",""vehicle_reg"":""KJA 696 FP"",""injuries"":false,""police_report"":true,""needs_human"":false}",476,1206,70,701,2542,0,0
MSG-0560,2026-06-03 14:13,English,Good afternoon. I hit a pole on 30/05/2026 in Ikeja. It's my Honda Accord. Thank God no one was injured. The repair will cost about ₦2.1m. What documents do you need?,1,Accident damage,2026-05-30,,0,0,0,2120000,0,"{""claim_type"":""Accident damage"",""incident_date"":""2026-05-30"",""vehicle_reg"":""EKY 543 ND"",""injuries"":false,""police_report"":false,""needs_human"":true}","{""claim_type"":""Accident damage"",""incident_date"":""2026-05-30"",""vehicle_reg"":null,""injuries"":false,""police_report"":false,""needs_human"":false}","{""claim_type"":""Accident damage"",""incident_date"":""2026-05-30"",""vehicle_reg"":null,""injuries"":false,""police_report"":false,""needs_human"":false}",466,1196,58,575,2160,0,0
MSG-0561,2026-06-13 11:32,English,"Good morning. My car was snatched at gunpoint on 13 June in Garki. It's a Toyota Highlander, plate number KJA 291 CR. The police came and wrote a report. What do I do next?",0,Theft,2026-06-13,KJA 291 CR,0,1,0,,1,"{""claim_type"":""Theft"",""incident_date"":""2026-06-13"",""vehicle_reg"":""KJA291CR"",""injuries"":false,""police_report"":true,""needs_human"":true}","{""claim_type"":""Theft"",""incident_date"":""2026-06-13"",""vehicle_reg"":""KJA 291 CR"",""injuries"":false,""police_report"":true,""needs_human"":true}","{""claim_type"":""Theft"",""incident_date"":""2026-06-13"",""vehicle_reg"":""KJA 291 CR"",""injuries"":false,""police_report"":true,""needs_human"":true}",468,1198,61,698,2388,0,0
MSG-0562,2026-06-27 16:19,English,"A stone cracked my windscreen on 23/06/2026 in Ajah. It's a Toyota Camry, plate number BDG 474 VN. What do I do next?",1,Windscreen,2026-06-23,BDG 474 VN,0,0,0,,0,"{""claim_type"":""Windscreen"",""incident_date"":""2026-06-23"",""vehicle_reg"":""BDG 474 VN"",""injuries"":false,""police_report"":false,""needs_h","{""claim_type"":""Windscreen"",""incident_date"":""2026-06-23"",""vehicle_reg"":""BDG 474 VN"",""injuries"":false,""police_report"":false,""needs_human"":false}","{""claim_type"":""Windscreen"",""incident_date"":""2026-06-23"",""vehicle_reg"":""BDG 474 VN"",""injuries"":false,""police_report"":false,""needs_human"":false}",453,1183,55,745,1725,0,0
MSG-0563,2026-06-09 20:26,Pidgin,"Shieldline abeg, trailer jam my motor on 3 June for Bodija. Na Toyota Camry, number na APP 947 GT. My brother wound, dem carry am go hospital. I don report for police.",2,Third party,2026-06-03,APP 947 GT,1,1,0,,1,"{""claim_type"":""Third party"",""incident_date"":""2026-06-03"",""vehicle_reg"":""APP 947 GT"",""injuries"":true,""police_report"":true,""needs_human"":true}","{""claim_type"":""Third party"",""incident_date"":""2026-06-03"",""vehicle_reg"":""APP 947 GT"",""injuries"":true,""police_report"":true,""needs_human"":true}","{""claim_type"":""Third party"",""incident_date"":""2026-06-03"",""vehicle_reg"":""APP 947 GT"",""injuries"":true,""police_report"":true,""needs_human"":true}",466,1196,72,680,2145,0,0
MSG-0564,2026-06-17 09:05,Pidgin,"Shieldline abeg, I jam pole on 11 June for Maryland, motor don scatter. Na Nissan Almera, number na AAA 229 XJ. God dey, nobody wound. Mechanic talk say e go cost like ₦330k. I don vex o, una collect my money and una no dey answer. Wetin I go do?",3,Accident damage,2026-06-11,AAA 229 XJ,0,0,1,330000,1,"{""claim_type"":""Accident damage"",""incident_date"":""2026-06-11"",""vehicle_reg"":""AAA229XJ"",""injuries"":false,""police_report"":true,""needs_human"":true}","{""claim_type"":""Accident damage"",""incident_date"":""2026-06-11"",""vehicle_reg"":""AAA 229 XJ"",""injuries"":false,""police_report"":false,""needs_human"":true}","{""claim_type"":""Accident damage"",""incident_date"":""2026-06-11"",""vehicle_reg"":""AAA 229 XJ"",""injuries"":false,""police_report"":false,""needs_human"":true}",488,1218,76,470,1136,1,0
MSG-0565,2026-06-04 10:48,English,"Good morning. My windscreen got smashed last night in Ikeja. It's a Kia Rio, plate number EKY 448 KW.",0,Windscreen,2026-06-03,EKY 448 KW,0,0,0,,0,"{'claim_type':'Accident damage','incident_date':'2026-06-03','vehicle_reg':'EKY448KW','injuries':false,'police_report':false,'needs_human':false}","{""claim_type"":""Windscreen"",""incident_date"":""2026-06-03"",""vehicle_reg"":""EKY 448 KW"",""injuries"":false,""police_report"":false,""needs_human"":false}","{""claim_type"":""Windscreen"",""incident_date"":""2026-06-03"",""vehicle_reg"":""EKY 448 KW"",""injuries"":false,""police_report"":false,""needs_human"":false}",448,1178,71,817,1765,0,0
MSG-0566,2026-06-12 12:03,English,"Hello, I hit a pole on 06/06/2026 in Ikeja. It's a Nissan Almera, plate number KJA 476 XL. I have a police report. If I don't hear back today I will report you to NAICOM. How do I claim?",3,Accident damage,2026-06-06,KJA 476 XL,0,1,1,,1,"{""claim_type"":""Accident damage"",""incident_date"":""2026-06-06"",""vehicle_reg"":""KJA 476 XL"",""injuries"":false,""police_report"":true,""needs_human"":true}","{""claim_type"":""Accident damage"",""incident_date"":""2026-06-06"",""vehicle_reg"":""KJA 476 XL"",""injuries"":false,""police_report"":false,""needs_human"":true}","{""claim_type"":""Accident damage"",""incident_date"":""2026-06-06"",""vehicle_reg"":""KJA476XL"",""injuries"":false,""police_report"":true,""needs_human"":true}",472,1202,67,835,1214,0,0
MSG-0567,2026-06-15 12:02,English,"Good afternoon. I was involved in a crash on 12/06/2026 in Surulere. It's a Toyota Camry, plate number SMK 999 KP. The police came and wrote a report. The repair will cost about ₦620k. This is my second message and nobody has replied. This is unacceptable!",0,Accident damage,2026-06-12,SMK 999 KP,0,1,1,620000,1,"Sure! Here is the JSON:
{""claim_type"":""Accident damage"",""incident_date"":""2026-06-12"",""vehicle_reg"":""SMK 999 KP"",""injuries"":false,""police_report"":true,""needs_human"":true}","{""claim_type"":""Accident damage"",""incident_date"":""2026-06-12"",""vehicle_reg"":""SMK 999 KP"",""injuries"":false,""police_report"":true,""needs_human"":true}","{""claim_type"":""Accident damage"",""incident_date"":""2026-06-12"",""vehicle_reg"":""SMK 999 KP"",""injuries"":false,""police_report"":true,""needs_human"":true}",491,1221,68,814,1832,0,0
MSG-0568,2026-06-17 19:59,English,"Hello, A stone cracked my windscreen on 15/06/2026 in Surulere. It's my Kia Rio. Please help.",3,Windscreen,2026-06-15,,0,0,0,,0,"{""claim_type"":""Windscreen"",""incident_date"":""2026-06-15"",""vehicle_reg"":""BDG 301 EP"",""injuries"":false,""police_report"":false,""needs_human"":false}","{""claim_type"":""Windscreen"",""incident_date"":""2026-06-15"",""vehicle_reg"":null,""injuries"":false,""police_report"":false,""needs_human"":false}","{""claim_type"":""Windscreen"",""incident_date"":""2026-06-15"",""vehicle_reg"":null,""injuries"":false,""police_report"":false,""needs_human"":false}",446,1176,78,1178,2612,0,0
MSG-0569,2026-06-25 10:24,English,"Hello, I hit a pole on 20 June in Ikeja. It's my Toyota Highlander. I have reported it to the police. What do I do next?",4,Accident damage,2026-06-20,,0,1,0,,0,"Sure! Here is the JSON:
{""claim_type"":""Accident damage"",""incident_date"":""2026-06-20"",""vehicle_reg"":null,""injuries"":false,""police_report"":true,""needs_human"":false}","{""claim_type"":""Accident damage"",""incident_date"":""2026-06-20"",""vehicle_reg"":null,""injuries"":false,""police_report"":true,""needs_human"":false}","{""claim_type"":""Accident damage"",""incident_date"":""2026-06-20"",""vehicle_reg"":null,""injuries"":false,""police_report"":true,""needs_human"":false}",453,1183,57,641,1227,0,0
MSG-0570,2026-06-22 19:16,English,"Hello, I hit a pole last night in Maryland. It's a Toyota Highlander, plate number KJA 996 XG. Nobody was hurt. The repair will cost about ₦2.6m. This is my second message and nobody has replied. This is unacceptable!",2,Accident damage,2026-06-21,KJA 996 XG,0,0,1,2620000,1,"{""claim_type"":""Windscreen"",""incident_date"":""2026-06-21"",""vehicle_reg"":""KJA 996 XG"",""injuries"":false,""police_report"":false,""needs_human"":true}","{""claim_type"":""Accident damage"",""incident_date"":""2026-06-21"",""vehicle_reg"":""KJA 996 XG"",""injuries"":false,""police_report"":false,""needs_human"":true}","{""claim_type"":""Accident damage"",""incident_date"":""2026-06-21"",""vehicle_reg"":""KJA 996 XG"",""injuries"":false,""police_report"":false,""needs_human"":true}",480,1210,64,356,2657,1,0
MSG-0571,2026-06-05 18:14,English,"Good afternoon. A truck reversed into my car last night at Garki. It's a Toyota Highlander, plate number SMK 223 CK. If I don't hear back today I will report you to NAICOM. What documents do you need?",4,Third party,2026-06-04,SMK 223 CK,0,0,1,,1,"{""claim_type"":""Third party"",""incident_date"":""2026-06-04"",""vehicle_reg"":""SMK223CK"",""injuries"":false,""police_report"":true,""needs_human"":true}","{""claim_type"":""Third party"",""incident_date"":""2026-06-04"",""vehicle_reg"":""SMK 223 CK"",""injuries"":false,""police_report"":false,""needs_human"":true}","{""claim_type"":""Third party"",""incident_date"":""2026-06-04"",""vehicle_reg"":""SMK 223 CK"",""injuries"":false,""police_report"":false,""needs_human"":true}",476,1206,58,441,2058,1,0
MSG-0572,2026-06-06 09:16,English,"Good afternoon. My windscreen got smashed last night in Wuse 2. The car is a Lexus RX 350, plate number GGE 648 HW. The repair will cost about ₦350k. How do I claim?",2,Windscreen,2026-06-05,GGE 648 HW,0,0,0,350000,0,"{""claim_type"":""Windscreen"",""incident_date"":""2026-06-05"",""vehicle_reg"":""GGE 648 HW"",""injuries"":false,""police_report"":false,""needs_human"":false}","{""claim_type"":""Windscreen"",""incident_date"":""2026-06-05"",""vehicle_reg"":""GGE 648 HW"",""injuries"":false,""police_report"":false,""needs_human"":false}","{""claim_type"":""Windscreen"",""incident_date"":""2026-06-05"",""vehicle_reg"":""GGE 648 HW"",""injuries"":false,""police_report"":false,""needs_human"":false}",466,1196,64,1152,1568,0,0
MSG-0573,2026-06-19 09:03,English,"Good afternoon. My car skidded into a gutter on 14 June in Festac. It's a Lexus RX 350, plate number ABJ 804 UT. I have a police report. The repair will cost about ₦850k.",0,Accident damage,2026-06-14,ABJ 804 UT,0,1,0,850000,0,"{""claim_type"":""Accident damage"",""incident_date"":""2026-06-14"",""vehicle_reg"":""ABJ 804 UT"",""injuries"":false,""police_report"":true,""needs_human"":false}","{""claim_type"":""Accident damage"",""incident_date"":""2026-06-14"",""vehicle_reg"":""ABJ 804 UT"",""injuries"":false,""police_report"":true,""needs_human"":false}","{""claim_type"":""Accident damage"",""incident_date"":""2026-06-14"",""vehicle_reg"":""ABJ 804 UT"",""injuries"":false,""police_report"":true,""needs_human"":false}",467,1197,55,712,890,0,0
MSG-0574,2026-06-28 10:06,English,"Good afternoon. A truck reversed into my car on 27/06/2026 at Ikeja. The car is a Kia Rio, plate number FKJ 632 PJ. I hurt my arm and went to the hospital.",3,Third party,2026-06-27,FKJ 632 PJ,1,0,0,,1,"{""claim_type"":""Third party"",""incident_date"":""2026-06-27"",""vehicle_reg"":""FKJ 632 PJ"",""injuries"":true,""police_report"":false,""needs_human"":true}","{""claim_type"":""Third party"",""incident_date"":""2026-06-27"",""vehicle_reg"":""FKJ 632 PJ"",""injuries"":true,""police_report"":false,""needs_human"":true}","{""claim_type"":""Third party"",""incident_date"":""2026-06-28"",""vehicle_reg"":""FKJ 632 PJ"",""injuries"":true,""police_report"":false,""needs_human"":true}",463,1193,66,536,2537,0,0
MSG-0575,2026-06-14 21:56,English,"Good afternoon. My car was stolen today in Bodija. It's a Toyota Camry, plate number KJA 368 FW. I have reported it to the police. This is my second message and nobody has replied. This is unacceptable! Please help.",0,Theft,2026-06-14,KJA 368 FW,0,1,1,,1,"{""claim_type"":""Theft"",""incident_date"":""2026-06-13"",""vehicle_reg"":""KJA 368 FW"",""injuries"":false,""police_report"":true,""needs_h","{""claim_type"":""Theft"",""incident_date"":""2026-06-13"",""vehicle_reg"":""KJA 368 FW"",""injuries"":false,""police_report"":true,""needs_human"":true}","{""claim_type"":""Third party"",""incident_date"":""2026-06-14"",""vehicle_reg"":""KJA 368 FW"",""injuries"":false,""police_report"":true,""needs_human"":true}",480,1210,59,681,1748,0,0
MSG-0576,2026-06-04 11:49,Pidgin,"Good morning o, thief carry my motor go on 30 May for Yaba. Na Hyundai Elantra, number na GGE 657 FR. I don report for police. Wetin I go do?",0,Theft,2026-05-30,GGE 657 FR,0,1,0,,1,"{""claim_type"":""Theft"",""incident_date"":""2026-05-30"",""vehicle_reg"":""GGE 657 FR"",""injuries"":false,""police_report"":false,""needs_human"":false}","{""claim_type"":""Theft"",""incident_date"":""2026-05-30"",""vehicle_reg"":""GGE 657 FR"",""injuries"":false,""police_report"":true,""needs_human"":false}","{""claim_type"":""Theft"",""incident_date"":""2026-05-30"",""vehicle_reg"":""GGE 657 FR"",""injuries"":false,""police_report"":true,""needs_human"":true}",459,1189,72,542,1922,0,0
MSG-0577,2026-06-26 14:59,English,"Good morning. A truck reversed into my car on 21 June at Festac. The car is a Honda Accord, plate number SMK 869 FC. What documents do you need?",0,Third party,2026-06-21,SMK 869 FC,0,0,0,,0,"{""claim_type"":""Third party"",""incident_date"":""2026-06-21"",""vehicle_reg"":""SMK 869 FC"",""injuries"":false,""police_report"":false,""needs_human"":false}","{""claim_type"":""Third party"",""incident_date"":""2026-06-21"",""vehicle_reg"":""SMK 869 FC"",""injuries"":true,""police_report"":false,""needs_human"":false}","{""claim_type"":""Third party"",""incident_date"":""2026-06-21"",""vehicle_reg"":""SMK 869 FC"",""injuries"":false,""police_report"":false,""needs_human"":false}",460,1190,71,530,1485,0,0
MSG-0578,2026-06-28 09:26,English,"My windscreen got smashed on 26/06/2026 in Surulere. The car is a Hyundai Elantra, plate number KTU 592 XU. How do I claim?",0,Windscreen,2026-06-26,KTU 592 XU,0,0,0,,0,"{""claim_type"":""Windscreen"",""incident_date"":""2026-06-26"",""vehicle_reg"":""KTU 592 XU"",""injuries"":false,""police_report"":false,""needs_human"":false}","{""claim_type"":""Windscreen"",""incident_date"":""2026-06-26"",""vehicle_reg"":""KTU 592 XU"",""injuries"":false,""police_report"":false,""needs_human"":false}","{""claim_type"":""Windscreen"",""incident_date"":""2026-06-26"",""vehicle_reg"":""KTU 592 XU"",""injuries"":false,""police_report"":false,""needs_human"":false}",454,1184,60,592,2635,0,0
MSG-0579,2026-06-26 17:19,English,"Hello, My windscreen cracked on 21 June in Maryland. The car is a Lexus RX 350, plate number LSD 621 KH. The repair will cost about ₦270k. How do I claim?",3,Windscreen,2026-06-21,LSD 621 KH,0,0,0,270000,0,"{""claim_type"":""Third party"",""incident_date"":""2026-06-21"",""vehicle_reg"":""LSD 621 KH"",""injuries"":true,""police_report"":false,""needs_human"":false}","{""claim_type"":""Windscreen"",""incident_date"":""2026-06-21"",""vehicle_reg"":""LSD 621 KH"",""injuries"":false,""police_report"":false,""needs_human"":false}","{""claim_type"":""Windscreen"",""incident_date"":""2026-06-21"",""vehicle_reg"":""LSD 621 KH"",""injuries"":false,""police_report"":false,""needs_human"":false}",463,1193,61,663,1437,0,0
MSG-0580,2026-06-08 11:02,English,"My windscreen cracked on 03/06/2026 in Ikeja. It's a Nissan Almera, plate number ABJ 323 RJ. The repair will cost about ₦125k. I am very angry, you people collect premium and disappear. What documents do you need?",4,Windscreen,2026-06-03,ABJ 323 RJ,0,0,1,125000,1,"{""claim_type"":""Windscreen"",""incident_date"":""2026-06-03"",""vehicle_reg"":""ABJ 323 RJ"",""injuries"":false,""police_report"":false,""needs_human"":true}","{""claim_type"":""Windscreen"",""incident_date"":""2026-06-03"",""vehicle_reg"":""ABJ 323 RJ"",""injuries"":true,""police_report"":false,""needs_human"":true}","{""claim_type"":""Windscreen"",""incident_date"":""2026-06-03"",""vehicle_reg"":""ABJ 323 RJ"",""injuries"":false,""police_report"":false,""needs_human"":true}",479,1209,77,601,1216,1,0
MSG-0581,2026-06-05 08:47,English,"Good morning. My car skidded into a gutter last night in Garki. It's a Honda Accord, plate number EKY 280 LK. The repair will cost about ₦2.3m. What documents do you need?",4,Accident damage,2026-06-04,EKY 280 LK,0,0,0,2330000,0,"{""claim_type"":""Accident damage"",""incident_date"":""2026-06-04"",""vehicle_reg"":""EKY280LK"",""injuries"":false,""police_report"":false,""needs_human"":false}","{""claim_type"":""Accident damage"",""incident_date"":""2026-06-04"",""vehicle_reg"":""EKY 280 LK"",""injuries"":false,""police_report"":false,""needs_human"":false}","{""claim_type"":""Accident damage"",""incident_date"":""2026-06-04"",""vehicle_reg"":""EKY 280 LK"",""injuries"":false,""police_report"":false,""needs_human"":false}",468,1198,58,543,3439,0,0
MSG-0582,2026-06-11 07:11,Pidgin,"Good morning o, I jam pole on 5 June for Lekki, motor don scatter. Na Hyundai Elantra, number na KJA 351 PD. Police don write report. Abeg help me.",3,Accident damage,2026-06-05,KJA 351 PD,0,1,0,,0,"{""claim_type"":""Accident damage"",""incident_date"":""2026-06-05"",""vehicle_reg"":""KJA 351 PD"",""injuries"":false,""police_report"":true,""needs_human"":false}","{""claim_type"":""Accident damage"",""incident_date"":""2026-06-05"",""vehicle_reg"":""KJA 351 PD"",""injuries"":false,""police_report"":true,""needs_human"":false}","{""claim_type"":""Accident damage"",""incident_date"":""2026-06-05"",""vehicle_reg"":""KJA 351 PD"",""injuries"":false,""police_report"":true,""needs_human"":true}",461,1191,69,460,1253,0,0
MSG-0583,2026-06-04 13:48,English,"Hello, Another car ran into me on 2 June at Festac. It's a Nissan Almera, plate number LSD 866 CC. I have reported it to the police.",0,Third party,2026-06-02,LSD 866 CC,0,1,0,,0,"{""claim_type"":""Theft"",""incident_date"":""2026-06-02"",""vehicle_reg"":""LSD866CC"",""injuries"":false,""police_report"":true,""needs_human"":false}","{""claim_type"":""Third party"",""incident_date"":""2026-06-02"",""vehicle_reg"":""LSD 866 CC"",""injuries"":false,""police_report"":true,""needs_human"":false}","{""claim_type"":""Third party"",""incident_date"":""2026-06-02"",""vehicle_reg"":""LSD 866 CC"",""injuries"":false,""police_report"":true,""needs_human"":false}",457,1187,58,840,1935,0,0
MSG-0584,2026-06-24 07:50,English,"A danfo bus hit my car on 19/06/2026 at GRA Port Harcourt. It's a Honda Accord, plate number RBC 616 UR. The police came and wrote a report. What do I do next?",3,Third party,2026-06-19,RBC 616 UR,0,1,0,,0,"{""claim_type"":""Third party"",""incident_date"":""2026-06-19"",""vehicle_reg"":""RBC 616 UR"",""injuries"":false,""police_report"":true,""needs_human"":false}","{""claim_type"":""Third party"",""incident_date"":""2026-06-19"",""vehicle_reg"":""RBC 616 UR"",""injuries"":false,""police_report"":true,""needs_human"":false}","{""claim_type"":""Third party"",""incident_date"":""2026-06-19"",""vehicle_reg"":""RBC 616 UR"",""injuries"":false,""police_report"":true,""needs_human"":true}",464,1194,65,476,2862,0,0
MSG-0585,2026-06-25 09:28,English,"Good afternoon. My windscreen cracked yesterday in Ikeja. The car is a Lexus RX 350, plate number APP 972 NF. What do I do next?",0,Windscreen,2026-06-24,APP 972 NF,0,0,0,,0,"{""claim_type"":""Windscreen"",""incident_date"":""2026-06-24"",""vehicle_reg"":""APP 972 NF"",""injuries"":false,""police_report"":false,""needs_human"":false}","{""claim_type"":""Windscreen"",""incident_date"":""2026-06-24"",""vehicle_reg"":""APP 972 NF"",""injuries"":false,""police_report"":false,""needs_human"":false}","{""claim_type"":""Windscreen"",""incident_date"":""2026-06-24"",""vehicle_reg"":""APP 972 NF"",""injuries"":false,""police_report"":false,""needs_human"":false}",456,1186,58,399,1751,0,1
MSG-0586,2026-06-26 14:45,English,"My car was stolen on 24/06/2026 in Garki. The car is a Toyota Corolla, plate number AAA 357 KR. This is my second message and nobody has replied. This is unacceptable! How do I claim?",0,Theft,2026-06-24,AAA 357 KR,0,0,1,,1,"{""claim_type"":""Theft"",""incident_date"":""2026-06-24"",""vehicle_reg"":""AAA 357 KR"",""injuries"":false,""police_report"":false,""needs_human"":false}","{""claim_type"":""Theft"",""incident_date"":""2026-06-24"",""vehicle_reg"":""AAA 357 KR"",""injuries"":false,""police_report"":false,""needs_human"":true}","{""claim_type"":""Theft"",""incident_date"":""2026-06-24"",""vehicle_reg"":""AAA 357 KR"",""injuries"":false,""police_report"":false,""needs_human"":true}",471,1201,59,835,1370,1,0
MSG-0587,2026-06-09 16:10,English,"Hi Shieldline, Thieves took my car last night in Yaba. The car is a Hyundai Elantra, plate number ABJ 127 UC. The police came and wrote a report. What do I do next?",0,Theft,2026-06-08,ABJ 127 UC,0,1,0,,1,"{""claim_type"":""Theft"",""incident_date"":""2026-06-07"",""vehicle_reg"":""ABJ 127 UC"",""injuries"":false,""police_report"":true,""needs_human"":true}","{""claim_type"":""Theft"",""incident_date"":""2026-06-08"",""vehicle_reg"":""ABJ 127 UC"",""injuries"":false,""police_report"":true,""needs_human"":true}","{""claim_type"":""Theft"",""incident_date"":""2026-06-08"",""vehicle_reg"":""ABJ 127 UC"",""injuries"":false,""police_report"":true,""needs_human"":true}",466,1196,77,428,2533,0,0
MSG-0588,2026-06-12 18:48,English,"Hi Shieldline, My windscreen cracked on 12/06/2026 in Gwarinpa. The car is a Kia Rio, plate number ABJ 835 SS. I am very angry, you people collect premium and disappear. What do I do next?",3,Windscreen,2026-06-12,ABJ 835 SS,0,0,1,,1,"{""claim_type"":""Windscreen"",""incident_date"":""2026-06-12"",""vehicle_reg"":""ABJ 835 SS"",""injuries"":false,""police_report"":false,""needs_human"":true}","{""claim_type"":""Windscreen"",""incident_date"":""2026-06-12"",""vehicle_reg"":""ABJ 835 SS"",""injuries"":false,""police_report"":false,""needs_human"":true}","{""claim_type"":""Windscreen"",""incident_date"":""2026-06-12"",""vehicle_reg"":""ABJ 835 SS"",""injuries"":false,""police_report"":false,""needs_human"":true}",472,1202,69,660,1903,0,0
MSG-0589,2026-06-16 13:43,English,"Hello, I was involved in a crash on 13 June in Surulere. The car is a Lexus RX 350, plate number FKJ 262 HH. Thank God no one was injured. I have reported it to the police. How do I claim?",2,Accident damage,2026-06-13,FKJ 262 HH,0,1,0,,0,"{""claim_type"":""Accident damage"",""incident_date"":""2026-06-13"",""vehicle_reg"":""FKJ 262 HH"",""injuries"":false,""police_report"":true,""needs_human"":false}","{""claim_type"":""Accident damage"",""incident_date"":""2026-06-13"",""vehicle_reg"":""FKJ 262 HH"",""injuries"":false,""police_report"":false,""needs_human"":false}","{""claim_type"":""Accident damage"",""incident_date"":""2026-06-13"",""vehicle_reg"":""FKJ 262 HH"",""injuries"":false,""police_report"":true,""needs_human"":false}",472,1202,60,1374,1604,0,0
MSG-0590,2026-06-07 11:12,Pidgin,"Stone break my windscreen on 03/06/2026 for Yaba. Na Hyundai Elantra, number na KTU 270 RE.",1,Windscreen,2026-06-03,KTU 270 RE,0,0,0,,0,"{""claim_type"":""Accident damage"",""incident_date"":""2026-06-03"",""vehicle_reg"":""KTU 270 RE"",""injuries"":false,""police_report"":false,""needs_human"":false}","{""claim_type"":""Accident damage"",""incident_date"":""2026-06-03"",""vehicle_reg"":""KTU 270 RE"",""injuries"":false,""police_report"":false,""needs_human"":false}","{""claim_type"":""Windscreen"",""incident_date"":""2026-06-03"",""vehicle_reg"":""KTU 270 RE"",""injuries"":false,""police_report"":false,""needs_human"":false}",445,1175,72,702,1211,0,0
MSG-0591,2026-06-07 17:39,English,"Hello, My windscreen got smashed yesterday in Wuse 2. It's a Kia Rio, plate number BDG 764 AY. The repair will cost about ₦135k.",0,Windscreen,2026-06-06,BDG 764 AY,0,0,0,135000,0,"{""claim_type"":""Windscreen"",""incident_date"":""2026-06-05"",""vehicle_reg"":""BDG 764 AY"",""injuries"":false,""police_report"":false,""needs_human"":false}","{""claim_type"":""Windscreen"",""incident_date"":""2026-06-07"",""vehicle_reg"":""BDG 764 AY"",""injuries"":false,""police_report"":false,""needs_human"":false}","{""claim_type"":""Windscreen"",""incident_date"":""2026-06-06"",""vehicle_reg"":""BDG 764 AY"",""injuries"":false,""police_report"":false,""needs_human"":false}",456,1186,70,730,1655,0,1
MSG-0592,2026-06-11 21:09,English,"Good morning. I hit a pole on 5 June in Yaba. The car is a Kia Rio, plate number KJA 686 YJ. Nobody was hurt. If I don't hear back today I will report you to NAICOM. What documents do you need?",1,Accident damage,2026-06-05,KJA 686 YJ,0,0,1,,1,"{""claim_type"":""Accident damage"",""incident_date"":""2026-06-05"",""vehicle_reg"":""KJA 686 YJ"",""injuries"":false,""police_report"":false,""needs_human"":false}","{""claim_type"":""Accident damage"",""incident_date"":""2026-06-05"",""vehicle_reg"":""KJA 686 YJ"",""injuries"":false,""police_report"":false,""needs_human"":true}","{""claim_type"":""Accident damage"",""incident_date"":""2026-06-05"",""vehicle_reg"":""KJA 686 YJ"",""injuries"":false,""police_report"":false,""needs_human"":true}",474,1204,58,616,1891,0,0
MSG-0593,2026-06-10 10:11,English,"Good afternoon. I hit a pole on 04/06/2026 in Lekki. It's a Toyota Highlander, plate number SMK 342 MS. Thank God no one was injured. The repair will cost about ₦1.1m. How do I claim?",2,Accident damage,2026-06-04,SMK 342 MS,0,0,0,1100000,0,"{""claim_type"":""Accident damage"",""incident_date"":""2026-06-04"",""vehicle_reg"":""SMK 342 MS"",""injuries"":false,""police_report"":false,""needs_human"":false}","{""claim_type"":""Accident damage"",""incident_date"":""2026-06-04"",""vehicle_reg"":""SMK 342 MS"",""injuries"":false,""police_report"":false,""needs_human"":false}","{""claim_type"":""Accident damage"",""incident_date"":""2026-06-04"",""vehicle_reg"":""SMK 342 MS"",""injuries"":false,""police_report"":false,""needs_human"":false}",471,1201,70,750,3586,1,0
MSG-0594,2026-06-25 08:28,Pidgin,"Good morning o, trailer jam my motor on 20/06/2026 for Bodija. Na Toyota Highlander, number na GGE 333 MH. My brother wound, dem carry am go hospital. I don report for police. Mechanic talk say e go cost like ₦2.8m. Wetin I go do?",3,Third party,2026-06-20,GGE 333 MH,1,1,0,2840000,1,"{'claim_type':'Third party','incident_date':'2026-06-20','vehicle_reg':'GGE 333 MH','injuries':false,'police_report':true,'needs_human':true}","{""claim_type"":""Third party"",""incident_date"":""2026-06-20"",""vehicle_reg"":""GGE 333 MH"",""injuries"":true,""police_report"":true,""needs_human"":true}","{""claim_type"":""Third party"",""incident_date"":""2026-06-20"",""vehicle_reg"":""GGE 333 MH"",""injuries"":true,""police_report"":true,""needs_human"":true}",484,1214,64,534,2476,0,0
MSG-0595,2026-06-20 21:40,English,"Good morning. My windscreen got smashed on 14/06/2026 in Garki. The car is a Hyundai Elantra, plate number KTU 323 DW. What do I do next?",0,Windscreen,2026-06-14,KTU 323 DW,0,0,0,,0,"{""claim_type"":""Windscreen"",""incident_date"":""2026-06-14"",""vehicle_reg"":""KTU 323 DW"",""injuries"":false,""police_report"":false,""needs_human"":false}","{""claim_type"":""Windscreen"",""incident_date"":""2026-06-14"",""vehicle_reg"":""KTU 323 DW"",""injuries"":false,""police_report"":false,""needs_human"":false}","{""claim_type"":""Windscreen"",""incident_date"":""2026-06-14"",""vehicle_reg"":""KTU 323 DW"",""injuries"":false,""police_report"":false,""needs_human"":false}",458,1188,72,611,2408,0,0
MSG-0596,2026-06-27 11:37,English,"Good afternoon. I had an accident on 25/06/2026 in GRA Port Harcourt. The car is a Nissan Almera, plate number RBC 701 ZA. Thank God no one was injured. What do I do next?",3,Accident damage,2026-06-25,RBC 701 ZA,0,0,0,,0,"{""claim_type"":""Accident damage"",""incident_date"":""2026-06-25"",""vehicle_reg"":""RBC 701 ZA"",""injuries"":false,""police_report"":false,""needs_human"":false}","{""claim_type"":""Accident damage"",""incident_date"":""2026-06-25"",""vehicle_reg"":""RBC701ZA"",""injuries"":false,""police_report"":false,""needs_human"":false}","{""claim_type"":""Accident damage"",""incident_date"":""2026-06-25"",""vehicle_reg"":""RBC 701 ZA"",""injuries"":false,""police_report"":false,""needs_human"":false}",468,1198,71,672,2428,0,0
MSG-0597,2026-06-04 14:31,English,"Good afternoon. My car was stolen on 01/06/2026 in Bodija. It's a Toyota Camry, plate number LSD 788 LT. What do I do next?",0,Theft,2026-06-01,LSD 788 LT,0,0,0,,1,"{""claim_type"":""Theft"",""incident_date"":""2026-06-01"",""vehicle_reg"":""LSD 788 LT"",""injuries"":false,""police_report"":false,""needs_human"":true}","{""claim_type"":""Theft"",""incident_date"":""2026-06-01"",""vehicle_reg"":""LSD 788 LT"",""injuries"":false,""police_report"":false,""needs_human"":true}","{""claim_type"":""Theft"",""incident_date"":""2026-06-01"",""vehicle_reg"":""LSD 788 LT"",""injuries"":false,""police_report"":false,""needs_human"":true}",454,1184,60,445,2175,0,0
MSG-0598,2026-06-16 07:31,Pidgin,"Good morning o, I jam pole on 13 June for Maryland, motor don scatter. Na Toyota Corolla, number na ABJ 368 DZ. My brother wound, dem carry am go hospital. Mechanic talk say e go cost like ₦2.5m. Which document una need?",2,Accident damage,2026-06-13,ABJ 368 DZ,1,0,0,2460000,1,"{""claim_type"":""Windscreen"",""incident_date"":""2026-06-13"",""vehicle_reg"":""ABJ368DZ"",""injuries"":false,""police_report"":false,""needs_human"":false}","{""claim_type"":""Accident damage"",""incident_date"":""2026-06-13"",""vehicle_reg"":""ABJ 368 DZ"",""injuries"":true,""police_report"":false,""needs_human"":false}","{""claim_type"":""Accident damage"",""incident_date"":""2026-06-13"",""vehicle_reg"":""ABJ 368 DZ"",""injuries"":true,""police_report"":true,""needs_human"":true}",481,1211,69,655,1014,0,0
MSG-0599,2026-06-20 08:58,English,"Hi Shieldline, A stone cracked my windscreen on 16/06/2026 in Lekki. The car is a Kia Rio, plate number RBC 220 NN. What do I do next?",0,Windscreen,2026-06-16,RBC 220 NN,0,0,0,,0,"{""claim_type"":""Windscreen"",""incident_date"":""2026-06-16"",""vehicle_reg"":""RBC 220 NN"",""injuries"":false,""police_report"":false,""needs_human"":false}","{""claim_type"":""Windscreen"",""incident_date"":""2026-06-16"",""vehicle_reg"":""RBC 220 NN"",""injuries"":false,""police_report"":false,""needs_human"":false}","{""claim_type"":""Windscreen"",""incident_date"":""2026-06-16"",""vehicle_reg"":""RBC 220 NN"",""injuries"":false,""police_report"":false,""needs_human"":false}",457,1187,75,868,1806,0,0
MSG-0600,2026-06-13 14:49,English,"Hello, A stone cracked my windscreen on 9 June in Lekki. It's a Honda Accord, plate number KJA 296 JM. The repair will cost about ₦190k.",1,Windscreen,2026-06-09,KJA 296 JM,0,0,0,190000,0,"{""claim_type"":""Windscreen"",""incident_date"":""2026-06-09"",""vehicle_reg"":""KJA296JM"",""injuries"":false,""police_report"":false,""needs_human"":false}","{""claim_type"":""Windscreen"",""incident_date"":""2026-06-09"",""vehicle_reg"":""KJA 296 JM"",""injuries"":false,""police_report"":true,""needs_human"":false}","{""claim_type"":""Windscreen"",""incident_date"":""2026-06-09"",""vehicle_reg"":""KJA 296 JM"",""injuries"":false,""police_report"":false,""needs_human"":true}",458,1188,70,1188,2686,0,0
