payment_id,shipment_id,payment_date,amount,method
1,100001,2025-03-03,32685000,Card
2,100002,2025-02-22,4223000,Bank transfer
3,100003,2025-03-07,3268000,Bank transfer
4,100004,2025-02-13,9443000,Bank transfer
5,100005,2025-02-16,12146000,Bank transfer
6,100006,2025-02-10,7927000,Bank transfer
7,100007,2025-02-19,8926000,Bank transfer
8,100008,2025-03-02,11439000,Bank transfer
9,100009,2025-02-07,9233000,Bank transfer
10,100010,2025-02-02,13540000,Bank transfer
11,100011,2025-03-12,4887000,Bank transfer
12,100013,2025-02-16,4151000,Bank transfer
13,100014,2025-02-06,6704000,Bank transfer
14,100015,2025-02-15,1920000,Bank transfer
15,100015,2025-04-11,1920000,Bank transfer
16,100016,2025-03-01,28268000,Bank transfer
17,100018,2025-02-19,9893000,Bank transfer
18,100019,2025-02-28,9486000,Bank transfer
19,100020,2025-03-19,9645000,Bank transfer
20,100021,2025-02-25,4111000,Bank transfer
21,100021,2025-03-25,4110000,Bank transfer
22,100023,2025-01-16,502000,Card
23,100024,2025-01-30,609000,Bank transfer
24,100025,2025-02-11,519000,Bank transfer
25,100026,2025-02-19,28650000,Bank transfer
26,100028,2025-01-24,4805000,Bank transfer
27,100030,2025-02-28,13535000,Cheque
28,100031,2025-03-01,10283000,Card
29,100032,2025-02-28,3083000,Bank transfer
30,100033,2025-02-22,12593000,Bank transfer
31,100034,2025-03-19,3706000,Bank transfer
32,100035,2025-02-05,1202000,Bank transfer
33,100036,2025-01-22,654000,Card
34,100037,2025-03-12,2857000,Bank transfer
35,100038,2025-02-23,3123000,Bank transfer
36,100039,2025-01-19,613000,Card
37,100041,2025-03-11,7385000,Cheque
38,100042,2025-02-10,25361000,Cheque
39,100043,2025-01-30,648000,Bank transfer
40,100044,2025-02-15,1192000,Bank transfer
41,100045,2025-03-02,3952000,Card
42,100046,2025-02-14,1195000,Bank transfer
43,100047,2025-01-26,599000,Bank transfer
44,100048,2025-01-31,1319000,Bank transfer
45,100049,2025-02-16,11446000,Bank transfer
46,100050,2025-03-24,3674000,Bank transfer
47,100051,2025-04-01,7592000,Bank transfer
48,100052,2025-01-31,28353000,Bank transfer
49,100053,2025-02-14,1268000,Bank transfer
50,100054,2025-01-29,7180000,Bank transfer
51,100054,2025-02-22,7179000,Bank transfer
52,100055,2025-01-30,506000,Bank transfer
53,100057,2025-01-21,975000,Bank transfer
54,100058,2025-03-13,16070000,Bank transfer
55,100060,2025-01-26,552000,Bank transfer
56,100061,2025-01-25,1025000,Bank transfer
57,100061,2025-02-21,1024000,Bank transfer
58,100062,2025-02-25,3054000,Bank transfer
59,100063,2025-02-12,10129000,Bank transfer
60,100064,2025-01-30,940000,Bank transfer
61,100065,2025-02-20,1835000,Bank transfer
62,100066,2025-02-25,515000,Bank transfer
63,100067,2025-03-14,5858000,Card
64,100067,2025-03-24,5858000,Card
65,100068,2025-03-26,4669000,Cheque
66,100069,2025-01-30,2075000,Bank transfer
67,100069,2025-03-22,2074000,Bank transfer
68,100071,2025-01-25,2149000,Bank transfer
69,100072,2025-01-22,573000,Bank transfer
70,100073,2025-02-03,1262000,Bank transfer
71,100074,2025-02-24,3362000,Card
72,100075,2025-02-18,24989000,Bank transfer
73,100076,2025-02-15,1425000,Cheque
74,100076,2025-03-16,1424000,Cheque
75,100077,2025-03-03,3636000,Bank transfer
76,100078,2025-03-15,12030000,Bank transfer
77,100079,2025-02-23,661000,Bank transfer
78,100080,2025-03-11,20504000,Bank transfer
79,100081,2025-03-13,15878000,Card
80,100082,2025-03-19,8757000,Cheque
81,100083,2025-02-23,4762000,Card
82,100084,2025-03-27,7518000,Bank transfer
83,100085,2025-03-06,3051000,Bank transfer
84,100087,2025-03-26,3746000,Bank transfer
85,100088,2025-02-22,2219000,Card
86,100089,2025-03-24,24010000,Bank transfer
87,100090,2025-03-28,3428000,Bank transfer
88,100091,2025-02-04,1281000,Bank transfer
89,100092,2025-02-11,558000,Bank transfer
90,100093,2025-01-30,574000,Bank transfer
91,100094,2025-02-02,319000,Bank transfer
92,100094,2025-03-19,318000,Bank transfer
93,100095,2025-02-24,25997000,Bank transfer
94,100096,2025-02-11,8136000,Bank transfer
95,100098,2025-04-07,3940000,Card
96,100099,2025-03-13,17985000,Card
97,100100,2025-03-15,4038000,Bank transfer
98,100100,2025-04-23,4038000,Bank transfer
99,100101,2025-03-11,13559000,Cheque
100,100102,2025-03-10,3588000,Bank transfer
101,100103,2025-02-22,12490000,Bank transfer
102,100104,2025-03-15,6506000,Bank transfer
103,100105,2025-03-15,3165000,Bank transfer
104,100106,2025-03-28,3708000,Bank transfer
105,100107,2025-02-18,1046000,Bank transfer
106,100108,2025-03-11,9267000,Bank transfer
107,100110,2025-03-24,12655000,Bank transfer
108,100112,2025-02-21,2727000,Card
109,100113,2025-03-29,18370000,Cheque
110,100114,2025-03-07,4861000,Bank transfer
111,100115,2025-03-20,9233000,Bank transfer
112,100116,2025-02-25,13202000,Bank transfer
113,100117,2025-02-08,408000,Bank transfer
114,100119,2025-02-24,446000,Bank transfer
115,100120,2025-04-03,4434000,Card
116,100121,2025-02-14,2272000,Card
117,100122,2025-03-16,4183000,Bank transfer
118,100123,2025-03-17,7313000,Bank transfer
119,100124,2025-02-11,1078000,Bank transfer
120,100125,2025-02-10,5095000,Cheque
121,100126,2025-03-29,7346000,Bank transfer
122,100127,2025-02-26,1020000,Card
123,100128,2025-03-22,8032000,Card
124,100129,2025-03-01,9452000,Bank transfer
125,100130,2025-03-06,8220000,Bank transfer
126,100131,2025-03-08,4270000,Bank transfer
127,100132,2025-03-25,32242000,Bank transfer
128,100133,2025-02-16,625000,Bank transfer
129,100134,2025-04-06,8207000,Card
130,100135,2025-02-15,540000,Bank transfer
131,100137,2025-04-04,4445000,Card
132,100138,2025-03-19,4409000,Bank transfer
133,100138,2025-04-15,4409000,Bank transfer
134,100140,2025-02-23,1074000,Card
135,100141,2025-03-13,3462000,Bank transfer
136,100142,2025-03-23,27541000,Bank transfer
137,100143,2025-04-14,13244000,Bank transfer
138,100144,2025-04-17,19431000,Bank transfer
139,100145,2025-03-05,3288000,Bank transfer
140,100146,2025-03-07,21476000,Bank transfer
141,100147,2025-03-04,5087000,Bank transfer
142,100147,2025-04-26,5087000,Bank transfer
143,100148,2025-02-13,770000,Bank transfer
144,100149,2025-04-09,4675000,Card
145,100151,2025-03-20,8296000,Cheque
146,100151,2025-04-13,8296000,Cheque
147,100152,2025-02-16,4800000,Bank transfer
148,100153,2025-03-26,8854000,Bank transfer
149,100154,2025-03-29,18506000,Bank transfer
150,100157,2025-03-07,1358000,Bank transfer
151,100157,2025-04-14,1358000,Bank transfer
152,100158,2025-04-02,3328000,Cheque
153,100160,2025-03-26,7290000,Bank transfer
154,100161,2025-04-03,8300000,Bank transfer
155,100164,2025-02-18,9027000,Bank transfer
156,100165,2025-04-01,3387000,Bank transfer
157,100166,2025-03-24,12402000,Bank transfer
158,100167,2025-03-02,641000,Bank transfer
159,100168,2025-03-10,2205000,Bank transfer
160,100169,2025-04-10,3756000,Cheque
161,100170,2025-02-19,258000,Bank transfer
162,100171,2025-03-01,508000,Bank transfer
163,100172,2025-03-30,2293000,Cheque
164,100173,2025-03-20,6408000,Bank transfer
165,100174,2025-04-04,14292000,Bank transfer
166,100175,2025-04-19,8216000,Bank transfer
167,100176,2025-04-04,3396000,Bank transfer
168,100177,2025-03-12,1565000,Bank transfer
169,100179,2025-03-16,3219000,Bank transfer
170,100181,2025-02-24,706000,Bank transfer
171,100182,2025-02-26,532000,Bank transfer
172,100183,2025-04-15,15548000,Bank transfer
173,100184,2025-03-29,9928000,Card
174,100185,2025-03-06,1412000,Bank transfer
175,100186,2025-03-22,7257000,Bank transfer
176,100186,2025-05-16,7257000,Bank transfer
177,100187,2025-03-31,13510000,Bank transfer
178,100188,2025-03-30,6828000,Bank transfer
179,100189,2025-03-18,440000,Bank transfer
180,100191,2025-04-26,3445000,Bank transfer
181,100192,2025-04-19,8572000,Bank transfer
182,100193,2025-03-18,1258000,Bank transfer
183,100194,2025-04-13,4028000,Card
184,100195,2025-04-25,13090000,Bank transfer
185,100196,2025-04-07,7967000,Bank transfer
186,100197,2025-04-03,4311000,Bank transfer
187,100198,2025-02-28,2036000,Card
188,100200,2025-03-26,1188000,Bank transfer
189,100202,2025-03-28,8965000,Bank transfer
190,100203,2025-05-01,17298000,Bank transfer
191,100204,2025-03-24,30589000,Cheque
192,100205,2025-04-03,4105000,Cheque
193,100206,2025-02-27,907000,Bank transfer
194,100209,2025-04-25,4604000,Card
195,100210,2025-04-15,4076000,Card
196,100211,2025-03-06,2164000,Bank transfer
197,100212,2025-03-22,3310000,Bank transfer
198,100212,2025-04-22,3310000,Bank transfer
199,100213,2025-03-01,266000,Card
200,100213,2025-04-05,266000,Card
201,100214,2025-04-07,3643000,Card
202,100215,2025-03-01,9788000,Bank transfer
203,100216,2025-04-13,3298000,Bank transfer
204,100217,2025-05-05,15504000,Bank transfer
205,100218,2025-04-01,9199000,Card
206,100219,2025-04-04,12134000,Bank transfer
207,100221,2025-04-01,3888000,Bank transfer
208,100222,2025-05-07,3678000,Bank transfer
209,100223,2025-04-09,3144000,Bank transfer
210,100224,2025-03-04,696000,Bank transfer
211,100225,2025-03-10,973000,Bank transfer
212,100228,2025-03-28,532000,Card
213,100229,2025-05-06,18962000,Bank transfer
214,100230,2025-03-09,564000,Bank transfer
215,100231,2025-03-19,8021000,Bank transfer
216,100232,2025-04-02,630000,Bank transfer
217,100233,2025-03-14,620000,Bank transfer
218,100234,2025-04-02,6235000,Bank transfer
219,100235,2025-03-09,1216000,Bank transfer
220,100236,2025-03-16,572000,Card
221,100237,2025-05-12,9311000,Bank transfer
222,100238,2025-04-27,30028000,Bank transfer
223,100239,2025-04-01,7963000,Cheque
224,100241,2025-05-09,4912000,Bank transfer
225,100242,2025-04-10,18446000,Bank transfer
226,100243,2025-04-13,5090000,Card
227,100245,2025-03-25,1045000,Bank transfer
228,100246,2025-03-12,2266000,Bank transfer
229,100246,2025-04-20,2265000,Bank transfer
230,100247,2025-04-20,2788000,Card
231,100248,2025-05-08,13548000,Bank transfer
232,100249,2025-04-03,6287000,Card
233,100250,2025-03-28,6251000,Card
234,100251,2025-03-18,615000,Bank transfer
235,100252,2025-04-04,13508000,Bank transfer
236,100252,2025-05-01,13507000,Bank transfer
237,100253,2025-03-25,2471000,Cheque
238,100255,2025-03-20,475000,Card
239,100256,2025-04-03,469000,Bank transfer
240,100257,2025-03-09,1021000,Bank transfer
241,100259,2025-04-14,2058000,Bank transfer
242,100259,2025-05-17,2057000,Bank transfer
243,100260,2025-04-07,1061000,Card
244,100261,2025-03-17,508000,Bank transfer
245,100262,2025-03-11,540000,Bank transfer
246,100263,2025-04-11,7823000,Bank transfer
247,100264,2025-05-03,5814000,Card
248,100265,2025-05-02,4103000,Bank transfer
249,100266,2025-04-03,7755000,Bank transfer
250,100267,2025-04-26,13262000,Bank transfer
251,100268,2025-03-13,516000,Bank transfer
252,100269,2025-05-23,8753000,Bank transfer
253,100271,2025-04-11,1219000,Bank transfer
254,100272,2025-04-14,1055000,Card
255,100273,2025-03-19,1001000,Bank transfer
256,100273,2025-04-15,1001000,Bank transfer
257,100274,2025-03-31,5421000,Cheque
258,100275,2025-04-29,8713000,Bank transfer
259,100276,2025-04-11,15128000,Bank transfer
260,100277,2025-03-29,587000,Bank transfer
261,100278,2025-04-24,3034000,Bank transfer
262,100279,2025-03-10,490000,Bank transfer
263,100280,2025-03-10,490000,Bank transfer
264,100282,2025-04-12,4341000,Bank transfer
265,100283,2025-05-07,3915000,Bank transfer
266,100284,2025-05-02,9563000,Card
267,100285,2025-04-23,3971000,Bank transfer
268,100286,2025-05-20,4481000,Card
269,100287,2025-03-21,520000,Bank transfer
270,100288,2025-04-23,22880000,Bank transfer
271,100289,2025-04-17,2742000,Bank transfer
272,100289,2025-06-03,2742000,Bank transfer
273,100292,2025-04-02,513000,Bank transfer
274,100294,2025-04-14,2620000,Bank transfer
275,100295,2025-04-03,8624000,Bank transfer
276,100296,2025-04-17,18334000,Card
277,100297,2025-04-10,11498000,Bank transfer
278,100298,2025-04-18,4811000,Bank transfer
279,100299,2025-05-04,2053000,Bank transfer
280,100299,2025-06-15,2052000,Bank transfer
281,100300,2025-04-14,3613000,Bank transfer
282,100301,2025-04-23,2833000,Bank transfer
283,100302,2025-04-06,10071000,Bank transfer
284,100303,2025-04-14,4193000,Bank transfer
285,100304,2025-05-06,7414000,Card
286,100305,2025-06-08,15187000,Bank transfer
287,100307,2025-05-07,4130000,Bank transfer
288,100308,2025-04-06,1218000,Card
289,100309,2025-04-15,3569000,Bank transfer
290,100311,2025-05-02,12205000,Cheque
291,100312,2025-03-19,654000,Bank transfer
292,100314,2025-04-29,3723000,Card
293,100315,2025-05-12,3786000,Bank transfer
294,100317,2025-04-27,6615000,Bank transfer
295,100318,2025-04-18,2530000,Bank transfer
296,100319,2025-04-12,6564000,Bank transfer
297,100320,2025-05-09,6938000,Bank transfer
298,100321,2025-04-10,1309000,Bank transfer
299,100322,2025-03-26,1841000,Bank transfer
300,100323,2025-03-30,1206000,Card
301,100324,2025-04-20,510000,Bank transfer
302,100325,2025-04-07,508000,Bank transfer
303,100326,2025-05-27,7353000,Bank transfer
304,100327,2025-04-02,472000,Bank transfer
305,100328,2025-04-23,17186000,Bank transfer
306,100329,2025-05-11,3194000,Bank transfer
307,100331,2025-04-01,574000,Bank transfer
308,100332,2025-04-23,3645000,Bank transfer
309,100333,2025-05-20,13529000,Cheque
310,100334,2025-04-22,6759000,Bank transfer
311,100335,2025-04-30,3946000,Bank transfer
312,100336,2025-04-21,7231000,Bank transfer
313,100337,2025-03-30,6131000,Bank transfer
314,100338,2025-04-11,1184000,Bank transfer
315,100340,2025-05-12,3533000,Bank transfer
316,100341,2025-03-26,1224000,Bank transfer
317,100343,2025-04-04,517000,Bank transfer
318,100344,2025-05-02,2161000,Bank transfer
319,100347,2025-04-28,587000,Bank transfer
320,100348,2025-05-17,10804000,Bank transfer
321,100349,2025-03-23,583000,Bank transfer
322,100350,2025-04-19,5721000,Cheque
323,100351,2025-04-16,488000,Bank transfer
324,100353,2025-04-21,16711000,Cheque
325,100354,2025-05-04,1221000,Card
326,100355,2025-05-31,16957000,Bank transfer
327,100356,2025-04-28,24674000,Bank transfer
328,100357,2025-04-02,451000,Bank transfer
329,100358,2025-05-06,12250000,Bank transfer
330,100359,2025-04-15,575000,Bank transfer
331,100360,2025-06-06,27732000,Bank transfer
332,100361,2025-05-24,27363000,Card
333,100362,2025-04-07,14672000,Bank transfer
334,100364,2025-05-26,10755000,Bank transfer
335,100365,2025-05-31,3977000,Bank transfer
336,100366,2025-05-22,3401000,Bank transfer
337,100368,2025-04-23,3446000,Bank transfer
338,100368,2025-05-25,3446000,Bank transfer
339,100369,2025-04-18,4259000,Bank transfer
340,100369,2025-05-12,4259000,Bank transfer
341,100370,2025-05-19,6999000,Bank transfer
342,100371,2025-05-03,619000,Bank transfer
343,100372,2025-05-19,4926000,Bank transfer
344,100373,2025-04-10,535000,Bank transfer
345,100373,2025-05-16,534000,Bank transfer
346,100375,2025-05-30,8178000,Bank transfer
347,100376,2025-04-23,18585000,Bank transfer
348,100378,2025-04-25,9682000,Card
349,100379,2025-03-31,586000,Bank transfer
350,100380,2025-05-02,7714000,Bank transfer
351,100381,2025-05-15,22066000,Bank transfer
352,100382,2025-04-04,570000,Bank transfer
353,100384,2025-03-30,990000,Bank transfer
354,100385,2025-05-16,7047000,Card
355,100386,2025-05-27,21939000,Card
356,100387,2025-05-07,2016000,Bank transfer
357,100387,2025-06-04,2016000,Bank transfer
358,100388,2025-04-09,477000,Card
359,100389,2025-05-25,28986000,Bank transfer
360,100390,2025-04-09,5653000,Bank transfer
361,100391,2025-05-18,14698000,Bank transfer
362,100392,2025-05-30,25062000,Bank transfer
363,100393,2025-05-29,21964000,Bank transfer
364,100394,2025-06-23,13269000,Bank transfer
365,100395,2025-04-30,717000,Bank transfer
366,100396,2025-04-10,302000,Bank transfer
367,100396,2025-05-29,301000,Bank transfer
368,100397,2025-05-14,5885000,Card
369,100398,2025-04-28,14716000,Cheque
370,100399,2025-05-02,1790000,Bank transfer
371,100400,2025-05-16,17722000,Bank transfer
372,100401,2025-05-17,24331000,Bank transfer
373,100402,2025-04-25,6438000,Bank transfer
374,100403,2025-06-03,17552000,Card
375,100405,2025-05-15,7935000,Bank transfer
376,100406,2025-04-21,1139000,Cheque
377,100407,2025-06-02,24631000,Bank transfer
378,100409,2025-05-14,15475000,Card
379,100410,2025-04-14,1016000,Bank transfer
380,100411,2025-04-16,17312000,Bank transfer
381,100413,2025-05-24,5947000,Bank transfer
382,100414,2025-06-19,7617000,Card
383,100415,2025-05-12,21798000,Bank transfer
384,100416,2025-05-06,24376000,Bank transfer
385,100418,2025-05-05,582000,Bank transfer
386,100419,2025-05-17,3656000,Cheque
387,100420,2025-05-21,10660000,Bank transfer
388,100421,2025-05-17,8720000,Card
389,100422,2025-05-28,3638000,Card
390,100423,2025-06-19,14095000,Bank transfer
391,100424,2025-05-14,9108000,Bank transfer
392,100425,2025-04-28,7036000,Cheque
393,100426,2025-05-31,5654000,Bank transfer
394,100427,2025-04-22,1032000,Bank transfer
395,100428,2025-04-21,413000,Bank transfer
396,100429,2025-05-14,7338000,Bank transfer
397,100430,2025-05-09,24499000,Bank transfer
398,100431,2025-05-03,527000,Card
399,100432,2025-06-06,3147000,Bank transfer
400,100433,2025-06-15,14267000,Card
401,100434,2025-05-10,9920000,Cheque
402,100435,2025-04-19,4212000,Bank transfer
403,100436,2025-05-17,3372000,Card
404,100437,2025-04-19,493000,Bank transfer
405,100438,2025-05-28,6461000,Bank transfer
406,100439,2025-04-18,755000,Bank transfer
407,100439,2025-06-12,755000,Bank transfer
408,100440,2025-05-12,16376000,Bank transfer
409,100441,2025-05-19,3984000,Bank transfer
410,100442,2025-05-16,6616000,Bank transfer
411,100445,2025-05-01,617000,Bank transfer
412,100446,2025-06-21,3988000,Bank transfer
413,100447,2025-05-15,4542000,Bank transfer
414,100448,2025-05-10,555000,Bank transfer
415,100449,2025-04-18,543000,Bank transfer
416,100450,2025-05-02,929000,Bank transfer
417,100450,2025-05-25,928000,Bank transfer
418,100451,2025-04-19,1451000,Bank transfer
419,100452,2025-04-25,968000,Bank transfer
420,100453,2025-05-06,11464000,Bank transfer
421,100454,2025-06-23,9595000,Bank transfer
422,100455,2025-05-20,10947000,Bank transfer
423,100455,2025-06-25,10946000,Bank transfer
424,100457,2025-06-17,36636000,Card
425,100458,2025-04-23,256000,Bank transfer
426,100458,2025-05-21,255000,Bank transfer
427,100460,2025-05-01,1164000,Cheque
428,100461,2025-05-10,486000,Bank transfer
429,100462,2025-05-01,3355000,Card
430,100463,2025-05-16,7260000,Bank transfer
431,100464,2025-04-27,604000,Bank transfer
432,100465,2025-05-30,27651000,Bank transfer
433,100467,2025-05-17,984000,Bank transfer
434,100468,2025-05-08,869000,Bank transfer
435,100469,2025-04-29,508000,Bank transfer
436,100470,2025-05-01,583000,Bank transfer
437,100471,2025-04-27,1059000,Bank transfer
438,100472,2025-04-24,2075000,Bank transfer
439,100473,2025-04-27,594000,Bank transfer
440,100474,2025-06-27,7650000,Bank transfer
441,100475,2025-04-18,638000,Bank transfer
442,100476,2025-05-18,4383000,Cheque
443,100478,2025-05-19,4032000,Cheque
444,100479,2025-06-23,13222000,Bank transfer
445,100481,2025-06-02,9782000,Bank transfer
446,100482,2025-06-27,4771000,Bank transfer
447,100483,2025-07-03,29269000,Bank transfer
448,100484,2025-05-27,7502000,Card
449,100485,2025-05-17,11201000,Bank transfer
450,100486,2025-05-26,3580000,Bank transfer
451,100487,2025-06-03,1982000,Bank transfer
452,100487,2025-07-30,1981000,Bank transfer
453,100488,2025-05-04,4636000,Bank transfer
454,100489,2025-05-31,8258000,Card
455,100490,2025-06-07,4051000,Bank transfer
456,100491,2025-04-29,506000,Bank transfer
457,100492,2025-05-22,1643000,Bank transfer
458,100492,2025-07-07,1642000,Bank transfer
459,100493,2025-05-26,2742000,Bank transfer
460,100493,2025-07-12,2742000,Bank transfer
461,100495,2025-06-10,12218000,Card
462,100496,2025-05-03,455000,Bank transfer
463,100496,2025-06-20,454000,Bank transfer
464,100497,2025-04-28,580000,Card
465,100498,2025-04-24,565000,Bank transfer
466,100499,2025-05-10,541000,Bank transfer
467,100499,2025-06-08,541000,Bank transfer
468,100500,2025-05-23,578000,Bank transfer
469,100501,2025-04-28,11342000,Card
470,100502,2025-05-25,8518000,Bank transfer
471,100503,2025-05-24,6259000,Bank transfer
472,100505,2025-06-12,7950000,Bank transfer
473,100507,2025-06-30,4518000,Bank transfer
474,100508,2025-06-12,7247000,Bank transfer
475,100509,2025-06-23,7492000,Bank transfer
476,100510,2025-05-27,1098000,Bank transfer
477,100512,2025-06-04,15511000,Card
478,100513,2025-06-25,4760000,Bank transfer
479,100514,2025-05-18,7117000,Bank transfer
480,100515,2025-05-29,494000,Bank transfer
481,100516,2025-06-01,533000,Bank transfer
482,100517,2025-06-30,12556000,Bank transfer
483,100518,2025-05-20,8386000,Bank transfer
484,100520,2025-06-24,3150000,Bank transfer
485,100521,2025-07-12,3954000,Bank transfer
486,100522,2025-05-03,657000,Card
487,100524,2025-06-04,1949000,Bank transfer
488,100526,2025-06-08,3750000,Bank transfer
489,100527,2025-05-04,265000,Bank transfer
490,100527,2025-06-18,265000,Bank transfer
491,100528,2025-05-03,1372000,Bank transfer
492,100529,2025-07-14,4612000,Bank transfer
493,100530,2025-06-29,9533000,Bank transfer
494,100531,2025-05-13,2175000,Bank transfer
495,100532,2025-06-28,9106000,Bank transfer
496,100533,2025-06-20,4266000,Bank transfer
497,100535,2025-05-26,10691000,Cheque
498,100536,2025-05-23,11581000,Bank transfer
499,100538,2025-05-22,2120000,Bank transfer
500,100539,2025-06-24,18370000,Cheque
501,100540,2025-06-10,12433000,Bank transfer
502,100541,2025-05-20,549000,Bank transfer
503,100542,2025-05-14,2530000,Bank transfer
504,100543,2025-06-05,13704000,Bank transfer
505,100544,2025-05-19,584000,Bank transfer
506,100545,2025-05-10,571000,Bank transfer
507,100546,2025-05-25,2166000,Bank transfer
508,100547,2025-06-18,7097000,Bank transfer
509,100548,2025-06-21,4566000,Bank transfer
510,100550,2025-07-23,3658000,Card
511,100551,2025-05-17,529000,Card
512,100552,2025-06-20,8463000,Card
513,100553,2025-06-08,4204000,Card
514,100554,2025-05-16,575000,Bank transfer
515,100555,2025-06-14,617000,Bank transfer
516,100556,2025-06-02,1125000,Bank transfer
517,100557,2025-06-14,3946000,Bank transfer
518,100558,2025-06-02,9368000,Bank transfer
519,100559,2025-06-24,6501000,Bank transfer
520,100560,2025-06-21,9162000,Bank transfer
521,100562,2025-06-18,7511000,Bank transfer
522,100563,2025-05-21,2836000,Bank transfer
523,100563,2025-06-07,2836000,Bank transfer
524,100564,2025-07-01,8746000,Bank transfer
525,100566,2025-05-17,538000,Cheque
526,100567,2025-05-16,592000,Bank transfer
527,100568,2025-06-15,4665000,Card
528,100569,2025-07-04,7967000,Bank transfer
529,100570,2025-07-30,9627000,Card
530,100572,2025-07-02,3876000,Bank transfer
531,100573,2025-06-04,16359000,Card
532,100574,2025-06-23,30026000,Bank transfer
533,100575,2025-06-25,7935000,Bank transfer
534,100576,2025-05-25,635000,Bank transfer
535,100577,2025-07-07,8106000,Bank transfer
536,100578,2025-06-01,27607000,Bank transfer
537,100580,2025-06-18,3336000,Bank transfer
538,100581,2025-06-01,3095000,Card
539,100581,2025-06-22,3095000,Card
540,100582,2025-05-25,443000,Bank transfer
541,100584,2025-06-06,6045000,Bank transfer
542,100585,2025-07-29,4892000,Bank transfer
543,100586,2025-06-27,22394000,Bank transfer
544,100587,2025-06-23,4172000,Bank transfer
545,100588,2025-05-15,1016000,Bank transfer
546,100589,2025-07-23,7578000,Bank transfer
547,100590,2025-06-08,11315000,Cheque
548,100591,2025-06-15,11896000,Bank transfer
549,100592,2025-06-03,597000,Bank transfer
550,100593,2025-05-29,4107000,Bank transfer
551,100593,2025-06-27,4107000,Bank transfer
552,100594,2025-07-03,13129000,Bank transfer
553,100595,2025-07-24,4711000,Bank transfer
554,100596,2025-05-31,511000,Card
555,100597,2025-05-28,1140000,Bank transfer
556,100597,2025-06-23,1139000,Bank transfer
557,100599,2025-06-20,1699000,Bank transfer
558,100600,2025-06-19,6498000,Card
559,100601,2025-06-16,628000,Bank transfer
560,100602,2025-07-06,6773000,Bank transfer
561,100603,2025-06-19,561000,Card
562,100604,2025-06-13,4062000,Card
563,100605,2025-06-21,6420000,Cheque
564,100606,2025-06-27,9212000,Bank transfer
565,100607,2025-06-08,3035000,Bank transfer
566,100608,2025-07-09,6455000,Bank transfer
567,100610,2025-05-22,459000,Bank transfer
568,100611,2025-06-09,483000,Cheque
569,100612,2025-06-20,6084000,Bank transfer
570,100613,2025-06-26,29654000,Bank transfer
571,100615,2025-07-09,25843000,Bank transfer
572,100616,2025-05-28,564000,Bank transfer
573,100617,2025-06-24,909000,Cheque
574,100618,2025-07-20,3893000,Bank transfer
575,100620,2025-06-16,630000,Bank transfer
576,100621,2025-06-23,572000,Bank transfer
577,100623,2025-06-07,582000,Bank transfer
578,100624,2025-05-30,540000,Card
579,100625,2025-07-10,17003000,Bank transfer
580,100626,2025-07-07,3763000,Bank transfer
581,100628,2025-07-24,9056000,Bank transfer
582,100629,2025-06-18,413000,Bank transfer
583,100630,2025-06-18,577000,Bank transfer
584,100632,2025-07-23,30773000,Bank transfer
585,100633,2025-08-12,14865000,Bank transfer
586,100634,2025-06-11,1109000,Bank transfer
587,100635,2025-08-04,22860000,Cheque
588,100636,2025-08-02,8809000,Bank transfer
589,100637,2025-07-25,4598000,Bank transfer
590,100638,2025-05-23,974000,Bank transfer
591,100639,2025-06-29,13531000,Bank transfer
592,100640,2025-07-24,10967000,Bank transfer
593,100641,2025-06-05,603000,Cheque
594,100642,2025-07-17,8266000,Bank transfer
595,100643,2025-07-06,5645000,Bank transfer
596,100643,2025-08-13,5645000,Bank transfer
597,100644,2025-06-25,5500000,Bank transfer
598,100645,2025-06-15,9494000,Card
599,100646,2025-05-26,588000,Cheque
600,100648,2025-07-15,35340000,Card
601,100649,2025-06-16,593000,Card
602,100650,2025-07-16,4059000,Bank transfer
603,100651,2025-05-30,463000,Bank transfer
604,100652,2025-06-13,606000,Cheque
605,100653,2025-06-25,5540000,Bank transfer
606,100653,2025-08-11,5539000,Bank transfer
607,100654,2025-07-08,3173000,Bank transfer
608,100656,2025-08-08,18691000,Bank transfer
609,100657,2025-08-14,4060000,Cheque
610,100658,2025-06-12,1083000,Bank transfer
611,100659,2025-07-28,3311000,Bank transfer
612,100660,2025-06-09,312000,Bank transfer
613,100660,2025-07-15,311000,Bank transfer
614,100662,2025-06-22,565000,Bank transfer
615,100663,2025-06-19,4894000,Bank transfer
616,100664,2025-07-09,3015000,Card
617,100665,2025-07-18,2059000,Bank transfer
618,100666,2025-08-20,4394000,Bank transfer
619,100667,2025-07-28,9096000,Card
620,100668,2025-06-27,10338000,Bank transfer
621,100669,2025-08-07,4481000,Bank transfer
622,100670,2025-06-08,17090000,Bank transfer
623,100671,2025-07-15,2854000,Bank transfer
624,100673,2025-07-20,4808000,Bank transfer
625,100676,2025-07-18,3816000,Card
626,100678,2025-06-26,614000,Bank transfer
627,100679,2025-06-30,9593000,Card
628,100680,2025-07-31,13446000,Card
629,100681,2025-06-13,927000,Bank transfer
630,100682,2025-07-23,12018000,Bank transfer
631,100683,2025-06-13,557000,Bank transfer
632,100684,2025-06-21,17826000,Bank transfer
633,100686,2025-08-15,4088000,Bank transfer
634,100687,2025-07-16,5886000,Bank transfer
635,100688,2025-06-12,631000,Bank transfer
636,100689,2025-07-16,12764000,Bank transfer
637,100690,2025-06-10,619000,Bank transfer
638,100691,2025-06-28,5663000,Card
639,100692,2025-06-29,1199000,Bank transfer
640,100693,2025-06-28,1267000,Bank transfer
641,100694,2025-08-07,9087000,Bank transfer
642,100696,2025-07-15,935000,Bank transfer
643,100697,2025-08-15,8529000,Card
644,100699,2025-06-20,2342000,Bank transfer
645,100700,2025-07-11,6111000,Bank transfer
646,100701,2025-07-04,595000,Bank transfer
647,100702,2025-08-25,29888000,Bank transfer
648,100703,2025-06-22,299000,Card
649,100703,2025-07-25,298000,Card
650,100704,2025-08-03,4691000,Bank transfer
651,100705,2025-07-03,583000,Bank transfer
652,100706,2025-08-13,2398000,Bank transfer
653,100706,2025-09-30,2398000,Bank transfer
654,100707,2025-08-05,27944000,Bank transfer
655,100708,2025-07-28,8441000,Bank transfer
656,100709,2025-07-19,3199000,Cheque
657,100711,2025-07-20,3490000,Bank transfer
658,100712,2025-08-04,4021000,Bank transfer
659,100713,2025-06-25,2812000,Card
660,100713,2025-08-06,2812000,Card
661,100714,2025-07-07,8107000,Bank transfer
662,100715,2025-08-28,4101000,Bank transfer
663,100718,2025-06-30,647000,Bank transfer
664,100719,2025-08-15,16281000,Bank transfer
665,100720,2025-06-19,492000,Cheque
666,100722,2025-08-06,4165000,Cheque
667,100723,2025-06-12,609000,Bank transfer
668,100724,2025-08-13,9385000,Card
669,100725,2025-08-09,3137000,Bank transfer
670,100727,2025-08-02,13879000,Bank transfer
671,100727,2025-08-30,13879000,Bank transfer
672,100728,2025-06-27,2428000,Bank transfer
673,100729,2025-07-26,6489000,Bank transfer
674,100730,2025-07-28,9517000,Card
675,100731,2025-07-27,23067000,Card
676,100732,2025-08-04,3164000,Card
677,100733,2025-07-04,656000,Bank transfer
678,100734,2025-08-20,4513000,Bank transfer
679,100735,2025-07-19,457000,Bank transfer
680,100737,2025-06-28,1866000,Bank transfer
681,100738,2025-07-21,2592000,Cheque
682,100739,2025-07-29,6043000,Card
683,100739,2025-09-20,6043000,Card
684,100740,2025-07-11,1747000,Bank transfer
685,100741,2025-06-23,461000,Bank transfer
686,100742,2025-06-28,916000,Bank transfer
687,100744,2025-07-08,664000,Bank transfer
688,100745,2025-07-06,606000,Bank transfer
689,100746,2025-08-30,3897000,Bank transfer
690,100748,2025-08-22,13193000,Bank transfer
691,100749,2025-08-10,19644000,Bank transfer
692,100750,2025-07-07,957000,Bank transfer
693,100751,2025-08-30,4653000,Bank transfer
694,100752,2025-08-02,7286000,Bank transfer
695,100753,2025-07-06,623000,Card
696,100755,2025-07-22,635000,Bank transfer
697,100756,2025-07-25,843000,Bank transfer
698,100757,2025-07-23,10889000,Bank transfer
699,100758,2025-08-16,2271000,Bank transfer
700,100759,2025-07-01,13162000,Cheque
701,100760,2025-08-14,16858000,Bank transfer
702,100761,2025-07-22,8699000,Bank transfer
703,100762,2025-07-23,12739000,Bank transfer
704,100763,2025-08-21,18070000,Bank transfer
705,100764,2025-08-25,7494000,Bank transfer
706,100765,2025-07-31,3951000,Bank transfer
707,100766,2025-08-25,5063000,Bank transfer
708,100767,2025-08-07,9618000,Card
709,100768,2025-08-17,22129000,Bank transfer
710,100769,2025-08-04,14683000,Bank transfer
711,100770,2025-09-09,7587000,Bank transfer
712,100772,2025-07-10,1415000,Bank transfer
713,100774,2025-08-24,11631000,Bank transfer
714,100775,2025-07-22,607000,Bank transfer
715,100776,2025-09-04,12340000,Cheque
716,100777,2025-07-05,1073000,Bank transfer
717,100778,2025-07-30,541000,Bank transfer
718,100779,2025-07-20,28209000,Bank transfer
719,100780,2025-07-27,4416000,Bank transfer
720,100781,2025-08-04,553000,Bank transfer
721,100782,2025-07-06,500000,Bank transfer
722,100783,2025-08-17,3395000,Card
723,100784,2025-08-04,19182000,Bank transfer
724,100785,2025-08-08,1203000,Bank transfer
725,100786,2025-08-28,17800000,Bank transfer
726,100787,2025-08-12,6531000,Card
727,100788,2025-08-30,6760000,Cheque
728,100789,2025-08-06,5873000,Cheque
729,100790,2025-07-30,6254000,Bank transfer
730,100791,2025-07-19,1130000,Bank transfer
731,100792,2025-08-30,7981000,Bank transfer
732,100793,2025-08-02,10924000,Bank transfer
733,100794,2025-08-27,22890000,Bank transfer
734,100795,2025-08-29,7361000,Bank transfer
735,100797,2025-08-16,15298000,Bank transfer
736,100797,2025-09-04,15298000,Bank transfer
737,100798,2025-07-16,1505000,Bank transfer
738,100799,2025-08-20,3560000,Cheque
739,100800,2025-09-13,4569000,Bank transfer
740,100801,2025-08-24,3568000,Bank transfer
741,100802,2025-08-01,560000,Card
742,100803,2025-08-07,3034000,Bank transfer
743,100804,2025-08-23,3237000,Bank transfer
744,100806,2025-08-31,6975000,Card
745,100806,2025-09-14,6974000,Card
746,100807,2025-07-20,529000,Card
747,100809,2025-07-20,4734000,Bank transfer
748,100812,2025-09-05,11271000,Bank transfer
749,100813,2025-08-16,3377000,Bank transfer
750,100814,2025-07-24,307000,Bank transfer
751,100814,2025-08-04,306000,Bank transfer
752,100815,2025-07-21,1046000,Bank transfer
753,100816,2025-08-14,3661000,Bank transfer
754,100816,2025-09-01,3661000,Bank transfer
755,100817,2025-08-08,22978000,Bank transfer
756,100818,2025-08-17,3352000,Bank transfer
757,100819,2025-08-03,8938000,Bank transfer
758,100820,2025-08-18,4607000,Bank transfer
759,100820,2025-09-24,4607000,Bank transfer
760,100821,2025-09-13,9850000,Bank transfer
761,100822,2025-08-06,4228000,Bank transfer
762,100824,2025-07-24,1042000,Bank transfer
763,100825,2025-09-24,37330000,Bank transfer
764,100827,2025-09-30,11637000,Bank transfer
765,100828,2025-08-14,9096000,Bank transfer
766,100829,2025-08-13,3027000,Bank transfer
767,100830,2025-08-20,7361000,Card
768,100831,2025-08-10,521000,Card
769,100832,2025-08-05,3248000,Bank transfer
770,100833,2025-08-10,3264000,Card
771,100834,2025-08-07,587000,Bank transfer
772,100835,2025-09-20,4413000,Bank transfer
773,100837,2025-08-10,1823000,Bank transfer
774,100839,2025-08-06,477000,Bank transfer
775,100840,2025-08-05,12476000,Card
776,100841,2025-09-06,7967000,Bank transfer
777,100842,2025-08-06,7385000,Bank transfer
778,100843,2025-07-16,481000,Bank transfer
779,100844,2025-08-25,2911000,Card
780,100847,2025-08-20,511000,Bank transfer
781,100848,2025-09-12,25029000,Bank transfer
782,100849,2025-08-16,628000,Bank transfer
783,100850,2025-09-08,19567000,Bank transfer
784,100851,2025-09-01,19812000,Bank transfer
785,100852,2025-08-22,929000,Bank transfer
786,100853,2025-08-12,3159000,Bank transfer
787,100854,2025-09-19,14226000,Bank transfer
788,100855,2025-07-30,607000,Card
789,100855,2025-09-22,607000,Card
790,100856,2025-09-21,4626000,Bank transfer
791,100857,2025-09-17,7228000,Bank transfer
792,100859,2025-08-03,1127000,Bank transfer
793,100860,2025-08-30,26326000,Bank transfer
794,100862,2025-10-07,12852000,Bank transfer
795,100863,2025-08-31,5688000,Bank transfer
796,100864,2025-08-09,2124000,Card
797,100865,2025-08-06,499000,Bank transfer
798,100866,2025-07-22,510000,Card
799,100867,2025-10-02,15026000,Bank transfer
800,100868,2025-09-05,12860000,Bank transfer
801,100869,2025-08-26,3267000,Bank transfer
802,100870,2025-08-09,1186000,Card
803,100871,2025-09-18,7988000,Bank transfer
804,100872,2025-09-03,20221000,Bank transfer
805,100873,2025-08-31,3104000,Bank transfer
806,100873,2025-10-06,3104000,Bank transfer
807,100874,2025-08-09,7573000,Card
808,100875,2025-08-05,879000,Card
809,100877,2025-09-27,8132000,Bank transfer
810,100878,2025-09-01,9009000,Cheque
811,100879,2025-08-30,2171000,Bank transfer
812,100880,2025-08-01,295000,Bank transfer
813,100880,2025-08-20,294000,Bank transfer
814,100881,2025-07-30,244000,Card
815,100881,2025-09-12,243000,Card
816,100882,2025-08-29,455000,Bank transfer
817,100883,2025-08-25,571000,Cheque
818,100884,2025-08-26,18486000,Bank transfer
819,100885,2025-09-29,7485000,Cheque
820,100886,2025-09-04,9874000,Bank transfer
821,100887,2025-08-25,1692000,Card
822,100887,2025-09-14,1691000,Card
823,100888,2025-08-29,11577000,Bank transfer
824,100889,2025-09-12,3406000,Cheque
825,100891,2025-08-06,264000,Card
826,100891,2025-09-07,264000,Card
827,100893,2025-08-09,5499000,Bank transfer
828,100894,2025-08-11,1784000,Bank transfer
829,100895,2025-08-27,1725000,Bank transfer
830,100896,2025-09-24,22297000,Bank transfer
831,100897,2025-09-16,11466000,Bank transfer
832,100898,2025-08-13,248000,Bank transfer
833,100899,2025-09-05,6211000,Bank transfer
834,100899,2025-10-15,6210000,Bank transfer
835,100900,2025-09-25,3924000,Bank transfer
836,100901,2025-10-07,4742000,Bank transfer
837,100902,2025-10-10,7635000,Card
838,100903,2025-08-27,10870000,Bank transfer
839,100904,2025-08-16,7348000,Bank transfer
840,100905,2025-09-01,6740000,Bank transfer
841,100906,2025-09-30,8034000,Bank transfer
842,100907,2025-10-02,7629000,Bank transfer
843,100908,2025-08-26,5403000,Bank transfer
844,100908,2025-09-27,5402000,Bank transfer
845,100909,2025-09-20,4212000,Bank transfer
846,100910,2025-08-27,1299000,Bank transfer
847,100911,2025-08-06,1446000,Bank transfer
848,100912,2025-09-03,6448000,Cheque
849,100913,2025-08-24,18291000,Bank transfer
850,100914,2025-09-08,2287000,Card
851,100915,2025-10-09,4164000,Card
852,100916,2025-09-25,7499000,Cheque
853,100917,2025-09-10,5763000,Bank transfer
854,100918,2025-08-24,814000,Card
855,100920,2025-09-03,926000,Bank transfer
856,100921,2025-08-23,492000,Card
857,100922,2025-10-05,9312000,Bank transfer
858,100923,2025-08-11,668000,Cheque
859,100924,2025-08-24,18906000,Bank transfer
860,100925,2025-08-19,1044000,Bank transfer
861,100926,2025-09-05,853000,Bank transfer
862,100927,2025-09-23,6688000,Bank transfer
863,100928,2025-08-30,1797000,Cheque
864,100928,2025-10-13,1796000,Cheque
865,100930,2025-10-18,24671000,Bank transfer
866,100931,2025-09-25,3315000,Bank transfer
867,100932,2025-08-08,493000,Bank transfer
868,100933,2025-08-30,6543000,Bank transfer
869,100934,2025-10-09,4258000,Bank transfer
870,100935,2025-08-18,563000,Bank transfer
871,100936,2025-08-31,11205000,Card
872,100937,2025-09-20,6535000,Bank transfer
873,100938,2025-10-17,4738000,Bank transfer
874,100939,2025-10-01,2549000,Card
875,100940,2025-10-02,10962000,Bank transfer
876,100941,2025-09-14,13544000,Bank transfer
877,100942,2025-09-09,5522000,Bank transfer
878,100942,2025-10-28,5521000,Bank transfer
879,100943,2025-09-08,12814000,Card
880,100944,2025-10-01,3620000,Bank transfer
881,100945,2025-09-23,3463000,Bank transfer
882,100946,2025-10-18,15204000,Bank transfer
883,100947,2025-08-24,4973000,Card
884,100949,2025-09-22,3059000,Bank transfer
885,100950,2025-08-24,242000,Cheque
886,100950,2025-09-23,241000,Cheque
887,100951,2025-09-15,6032000,Bank transfer
888,100952,2025-09-23,17477000,Bank transfer
889,100953,2025-08-24,13970000,Bank transfer
890,100954,2025-09-29,6267000,Card
891,100955,2025-09-02,1031000,Bank transfer
892,100956,2025-10-08,15062000,Bank transfer
893,100957,2025-08-25,330000,Bank transfer
894,100957,2025-10-01,329000,Bank transfer
895,100958,2025-10-19,4754000,Bank transfer
896,100959,2025-10-08,18688000,Bank transfer
897,100960,2025-08-30,619000,Bank transfer
898,100962,2025-09-21,8895000,Bank transfer
899,100963,2025-09-28,4241000,Bank transfer
900,100964,2025-09-04,1195000,Bank transfer
901,100965,2025-10-17,9687000,Bank transfer
902,100966,2025-08-26,1016000,Bank transfer
903,100967,2025-08-24,267000,Bank transfer
904,100967,2025-09-17,266000,Bank transfer
905,100968,2025-09-05,8934000,Bank transfer
906,100969,2025-10-24,11444000,Cheque
907,100970,2025-08-19,304000,Card
908,100970,2025-09-08,304000,Card
909,100971,2025-09-26,6223000,Bank transfer
910,100972,2025-08-23,1100000,Bank transfer
911,100973,2025-10-03,10596000,Bank transfer
912,100974,2025-08-24,975000,Bank transfer
913,100975,2025-09-11,1147000,Cheque
914,100976,2025-10-03,14229000,Bank transfer
915,100977,2025-10-19,24659000,Bank transfer
916,100978,2025-09-18,12025000,Bank transfer
917,100980,2025-09-10,3088000,Bank transfer
918,100980,2025-10-04,3087000,Bank transfer
919,100981,2025-10-27,4306000,Bank transfer
920,100982,2025-09-23,2613000,Bank transfer
921,100983,2025-10-04,8219000,Bank transfer
922,100984,2025-09-11,7214000,Bank transfer
923,100985,2025-10-28,13143000,Bank transfer
924,100986,2025-10-22,8314000,Bank transfer
925,100987,2025-09-24,23531000,Bank transfer
926,100989,2025-10-17,25629000,Card
927,100990,2025-10-11,10776000,Bank transfer
928,100991,2025-09-20,1118000,Bank transfer
929,100992,2025-10-29,7380000,Card
930,100995,2025-10-03,4048000,Bank transfer
931,100996,2025-10-03,4025000,Bank transfer
932,100997,2025-10-22,3832000,Card
933,100998,2025-08-28,535000,Bank transfer
934,100999,2025-09-29,3753000,Bank transfer
935,101000,2025-10-14,11537000,Bank transfer
936,101001,2025-10-12,2739000,Bank transfer
937,101002,2025-09-24,9733000,Bank transfer
938,101003,2025-11-01,4112000,Card
939,101004,2025-10-21,12393000,Cheque
940,101005,2025-09-02,600000,Card
941,101006,2025-09-09,1486000,Bank transfer
942,101007,2025-10-29,19184000,Card
943,101007,2025-11-27,19183000,Card
944,101008,2025-09-15,571000,Bank transfer
945,101009,2025-09-03,533000,Bank transfer
946,101010,2025-09-28,6577000,Bank transfer
947,101011,2025-10-07,16023000,Bank transfer
948,101012,2025-10-06,7477000,Bank transfer
949,101014,2025-09-28,4336000,Bank transfer
950,101015,2025-09-27,379000,Bank transfer
951,101016,2025-10-01,3520000,Bank transfer
952,101017,2025-10-10,5535000,Bank transfer
953,101018,2025-08-24,836000,Card
954,101019,2025-10-01,3008000,Card
955,101020,2025-09-22,9161000,Bank transfer
956,101020,2025-10-21,9161000,Bank transfer
957,101021,2025-09-24,2364000,Bank transfer
958,101022,2025-09-04,528000,Bank transfer
959,101023,2025-10-05,8496000,Bank transfer
960,101024,2025-09-21,3056000,Bank transfer
961,101025,2025-10-22,7528000,Bank transfer
962,101026,2025-09-26,2837000,Bank transfer
963,101027,2025-09-08,513000,Bank transfer
964,101029,2025-09-09,418000,Card
965,101029,2025-10-31,417000,Card
966,101030,2025-09-07,966000,Bank transfer
967,101031,2025-10-16,3028000,Bank transfer
968,101032,2025-10-11,8591000,Bank transfer
969,101034,2025-09-29,5857000,Bank transfer
970,101035,2025-09-11,559000,Bank transfer
971,101036,2025-09-24,715000,Bank transfer
972,101037,2025-10-18,3712000,Cheque
973,101038,2025-09-16,6072000,Card
974,101039,2025-09-28,6223000,Bank transfer
975,101040,2025-10-22,7591000,Bank transfer
976,101041,2025-09-25,10590000,Bank transfer
977,101042,2025-10-16,20393000,Bank transfer
978,101043,2025-10-04,8291000,Cheque
979,101044,2025-09-08,1901000,Bank transfer
980,101045,2025-11-05,25035000,Cheque
981,101046,2025-10-11,2456000,Bank transfer
982,101047,2025-10-21,3996000,Bank transfer
983,101048,2025-10-05,20754000,Bank transfer
984,101049,2025-09-03,2100000,Card
985,101050,2025-09-20,4420000,Bank transfer
986,101051,2025-10-05,663000,Bank transfer
987,101052,2025-10-23,2044000,Bank transfer
988,101053,2025-09-05,406000,Bank transfer
989,101055,2025-10-13,18510000,Bank transfer
990,101056,2025-10-24,21152000,Bank transfer
991,101057,2025-09-27,614000,Card
992,101058,2025-10-08,18967000,Cheque
993,101060,2025-09-19,540000,Bank transfer
994,101060,2025-10-23,539000,Bank transfer
995,101061,2025-11-01,14507000,Bank transfer
996,101062,2025-09-09,1286000,Bank transfer
997,101063,2025-10-29,3435000,Bank transfer
998,101064,2025-09-22,463000,Card
999,101065,2025-09-15,273000,Card
1000,101065,2025-11-06,273000,Card
1001,101066,2025-09-25,583000,Cheque
1002,101067,2025-10-07,4537000,Bank transfer
1003,101067,2025-11-04,4536000,Bank transfer
1004,101068,2025-09-27,1277000,Bank transfer
1005,101069,2025-10-02,592000,Bank transfer
1006,101070,2025-09-28,5560000,Bank transfer
1007,101071,2025-11-10,16606000,Bank transfer
1008,101072,2025-10-12,4378000,Bank transfer
1009,101073,2025-10-18,34561000,Bank transfer
1010,101074,2025-11-23,14242000,Bank transfer
1011,101075,2025-10-25,3316000,Bank transfer
1012,101076,2025-09-29,3765000,Card
1013,101077,2025-11-08,17707000,Bank transfer
1014,101078,2025-10-23,3446000,Bank transfer
1015,101080,2025-10-14,4026000,Bank transfer
1016,101081,2025-09-26,3453000,Bank transfer
1017,101082,2025-09-19,241000,Bank transfer
1018,101082,2025-10-08,240000,Bank transfer
1019,101083,2025-10-09,3724000,Bank transfer
1020,101084,2025-09-15,1210000,Bank transfer
1021,101085,2025-10-19,3094000,Card
1022,101086,2025-10-17,9211000,Bank transfer
1023,101086,2025-11-22,9210000,Bank transfer
1024,101087,2025-09-30,5595000,Card
1025,101088,2025-11-03,24532000,Bank transfer
1026,101089,2025-09-21,255000,Bank transfer
1027,101090,2025-10-18,7577000,Card
1028,101091,2025-09-29,610000,Bank transfer
1029,101092,2025-10-09,1224000,Bank transfer
1030,101093,2025-09-28,497000,Bank transfer
1031,101095,2025-10-10,14366000,Bank transfer
1032,101096,2025-10-23,3581000,Bank transfer
1033,101098,2025-10-12,1151000,Bank transfer
1034,101099,2025-10-29,4085000,Cheque
1035,101100,2025-10-15,7913000,Card
1036,101101,2025-10-20,18953000,Bank transfer
1037,101103,2025-09-13,652000,Bank transfer
1038,101105,2025-10-29,2551000,Bank transfer
1039,101106,2025-10-16,603000,Bank transfer
1040,101107,2025-10-21,4999000,Bank transfer
1041,101108,2025-09-24,475000,Bank transfer
1042,101109,2025-10-10,617000,Bank transfer
1043,101110,2025-11-09,16344000,Bank transfer
1044,101111,2025-10-11,3432000,Bank transfer
1045,101111,2025-11-20,3431000,Bank transfer
1046,101112,2025-11-16,19162000,Bank transfer
1047,101113,2025-10-14,6382000,Bank transfer
1048,101114,2025-11-07,3736000,Bank transfer
1049,101115,2025-10-25,7866000,Bank transfer
1050,101117,2025-10-07,1394000,Bank transfer
1051,101118,2025-11-16,3045000,Card
1052,101119,2025-10-26,544000,Bank transfer
1053,101120,2025-11-27,12507000,Bank transfer
1054,101121,2025-10-31,14447000,Bank transfer
1055,101123,2025-11-18,22318000,Card
1056,101124,2025-09-16,479000,Card
1057,101125,2025-11-10,4036000,Bank transfer
1058,101126,2025-10-18,6712000,Bank transfer
1059,101127,2025-11-05,7055000,Bank transfer
1060,101129,2025-10-15,501000,Bank transfer
1061,101130,2025-10-28,4380000,Bank transfer
1062,101131,2025-11-23,13257000,Bank transfer
1063,101132,2025-11-16,34494000,Bank transfer
1064,101133,2025-10-01,582000,Bank transfer
1065,101135,2025-10-12,2045000,Bank transfer
1066,101138,2025-10-23,2963000,Bank transfer
1067,101139,2025-10-30,10303000,Bank transfer
1068,101140,2025-11-06,9407000,Bank transfer
1069,101141,2025-10-21,19173000,Bank transfer
1070,101142,2025-10-02,1070000,Bank transfer
1071,101143,2025-10-30,551000,Bank transfer
1072,101145,2025-11-16,3219000,Bank transfer
1073,101146,2025-11-14,8001000,Card
1074,101147,2025-10-06,636000,Bank transfer
1075,101148,2025-11-05,11024000,Bank transfer
1076,101149,2025-11-08,9512000,Bank transfer
1077,101150,2025-10-11,1109000,Bank transfer
1078,101151,2025-10-27,20901000,Card
1079,101152,2025-10-16,1148000,Bank transfer
1080,101156,2025-11-17,4216000,Bank transfer
1081,101157,2025-10-03,1280000,Bank transfer
1082,101158,2025-11-16,8362000,Bank transfer
1083,101160,2025-11-05,3299000,Bank transfer
1084,101161,2025-11-16,17119000,Bank transfer
1085,101164,2025-11-28,4370000,Bank transfer
1086,101167,2025-11-07,18838000,Bank transfer
1087,101168,2025-11-19,5952000,Bank transfer
1088,101169,2025-10-19,4207000,Card
1089,101170,2025-11-12,4178000,Bank transfer
1090,101171,2025-10-11,578000,Bank transfer
1091,101172,2025-09-27,544000,Bank transfer
1092,101173,2025-11-15,6404000,Card
1093,101174,2025-11-02,9381000,Bank transfer
1094,101175,2025-11-03,2759000,Bank transfer
1095,101176,2025-10-17,4095000,Bank transfer
1096,101177,2025-11-08,3459000,Bank transfer
1097,101178,2025-11-09,30085000,Bank transfer
1098,101179,2025-11-06,3672000,Bank transfer
1099,101180,2025-11-19,3783000,Bank transfer
1100,101181,2025-11-04,14249000,Bank transfer
1101,101182,2025-11-04,10311000,Cheque
1102,101183,2025-10-26,3627000,Bank transfer
1103,101184,2025-10-23,4486000,Bank transfer
1104,101185,2025-11-16,5467000,Card
1105,101186,2025-11-06,3094000,Bank transfer
1106,101187,2025-11-13,1897000,Bank transfer
1107,101187,2025-12-02,1896000,Bank transfer
1108,101188,2025-10-27,9651000,Cheque
1109,101189,2025-10-06,2768000,Bank transfer
1110,101190,2025-11-05,17302000,Card
1111,101191,2025-10-08,592000,Bank transfer
1112,101191,2025-11-14,592000,Bank transfer
1113,101192,2025-10-30,621000,Bank transfer
1114,101193,2025-10-26,13144000,Bank transfer
1115,101194,2025-10-23,8186000,Bank transfer
1116,101195,2025-11-03,7046000,Bank transfer
1117,101196,2025-11-21,9120000,Bank transfer
1118,101197,2025-10-14,4226000,Bank transfer
1119,101198,2025-11-23,13054000,Bank transfer
1120,101199,2025-12-10,13529000,Bank transfer
1121,101200,2025-11-07,12433000,Card
1122,101202,2025-11-12,11471000,Bank transfer
1123,101203,2025-11-10,10110000,Bank transfer
1124,101204,2025-12-03,16289000,Bank transfer
1125,101205,2025-10-21,540000,Bank transfer
1126,101206,2025-12-06,4536000,Bank transfer
1127,101207,2025-11-25,3720000,Card
1128,101208,2025-11-30,3342000,Bank transfer
1129,101209,2025-11-21,20487000,Bank transfer
1130,101210,2025-11-08,4359000,Bank transfer
1131,101211,2025-10-26,550000,Bank transfer
1132,101213,2025-11-29,16206000,Bank transfer
1133,101214,2025-11-05,2396000,Bank transfer
1134,101215,2025-11-17,3136000,Bank transfer
1135,101215,2025-12-23,3136000,Bank transfer
1136,101217,2025-10-29,9599000,Bank transfer
1137,101218,2025-12-27,11460000,Bank transfer
1138,101220,2025-12-09,7388000,Bank transfer
1139,101220,2026-01-14,7387000,Bank transfer
1140,101221,2025-10-10,601000,Bank transfer
1141,101222,2025-11-30,3354000,Cheque
1142,101223,2025-11-29,8190000,Bank transfer
1143,101224,2025-11-04,575000,Bank transfer
1144,101225,2025-11-23,14304000,Bank transfer
1145,101226,2025-10-21,516000,Bank transfer
1146,101227,2025-11-16,479000,Bank transfer
1147,101228,2025-11-26,24155000,Bank transfer
1148,101229,2025-10-16,853000,Bank transfer
1149,101230,2025-11-12,3448000,Bank transfer
1150,101232,2025-12-01,9455000,Card
1151,101233,2025-11-19,6588000,Bank transfer
1152,101234,2025-12-19,4251000,Bank transfer
1153,101236,2025-12-17,19030000,Bank transfer
1154,101237,2025-11-28,9680000,Bank transfer
1155,101239,2025-11-29,31172000,Cheque
1156,101240,2025-11-11,1218000,Bank transfer
1157,101241,2025-11-26,2933000,Bank transfer
1158,101242,2025-11-11,13615000,Bank transfer
1159,101243,2025-10-19,474000,Bank transfer
1160,101244,2025-12-15,11892000,Bank transfer
1161,101245,2025-12-06,17635000,Card
1162,101247,2025-12-13,3894000,Bank transfer
1163,101248,2025-12-02,19555000,Bank transfer
1164,101250,2025-12-02,12396000,Bank transfer
1165,101251,2025-11-19,5476000,Bank transfer
1166,101252,2025-11-09,631000,Bank transfer
1167,101253,2025-12-01,12717000,Card
1168,101254,2025-12-01,9800000,Bank transfer
1169,101255,2025-11-05,7665000,Card
1170,101256,2025-12-12,27132000,Bank transfer
1171,101257,2025-11-19,599000,Bank transfer
1172,101258,2025-11-13,1386000,Bank transfer
1173,101258,2025-12-27,1385000,Bank transfer
1174,101259,2025-12-27,25489000,Bank transfer
1175,101260,2025-11-17,13549000,Bank transfer
1176,101261,2025-10-25,601000,Bank transfer
1177,101262,2025-11-28,7333000,Card
1178,101264,2025-11-01,490000,Bank transfer
1179,101265,2025-10-20,519000,Bank transfer
1180,101268,2025-11-19,8037000,Bank transfer
1181,101270,2025-12-13,6713000,Bank transfer
1182,101271,2025-10-22,286000,Card
1183,101271,2025-12-07,285000,Card
1184,101272,2025-12-14,34731000,Bank transfer
1185,101273,2025-10-28,578000,Card
1186,101274,2025-11-11,6250000,Cheque
1187,101275,2025-12-08,11171000,Bank transfer
1188,101277,2025-12-12,7110000,Cheque
1189,101278,2025-11-08,8357000,Bank transfer
1190,101279,2025-12-01,26294000,Bank transfer
1191,101281,2026-01-16,4819000,Card
1192,101282,2025-11-29,11093000,Bank transfer
1193,101283,2025-12-14,12216000,Card
1194,101283,2026-01-28,12216000,Card
1195,101284,2025-12-24,13069000,Bank transfer
1196,101285,2025-10-31,1069000,Bank transfer
1197,101286,2026-01-02,3964000,Bank transfer
1198,101287,2025-11-04,612000,Bank transfer
1199,101289,2025-11-04,597000,Bank transfer
1200,101290,2025-11-24,14299000,Card
1201,101291,2025-11-12,474000,Bank transfer
1202,101292,2026-01-04,17351000,Bank transfer
1203,101293,2025-12-01,5485000,Bank transfer
1204,101293,2025-12-29,5485000,Bank transfer
1205,101294,2025-12-05,11777000,Card
1206,101295,2025-12-13,3694000,Bank transfer
1207,101296,2025-11-30,1739000,Bank transfer
1208,101296,2025-12-13,1738000,Bank transfer
1209,101297,2025-12-16,21257000,Bank transfer
1210,101298,2025-12-17,3255000,Bank transfer
1211,101299,2025-11-12,508000,Bank transfer
1212,101300,2025-11-13,544000,Bank transfer
1213,101301,2025-11-08,1230000,Cheque
1214,101303,2025-11-29,12040000,Bank transfer
1215,101304,2025-11-20,619000,Bank transfer
1216,101305,2025-12-10,27414000,Bank transfer
1217,101306,2026-01-13,7173000,Bank transfer
1218,101307,2025-12-25,4739000,Card
1219,101308,2025-11-28,9961000,Bank transfer
1220,101309,2025-12-01,20847000,Bank transfer
1221,101310,2025-12-13,8906000,Card
1222,101311,2025-12-07,7881000,Bank transfer
1223,101312,2025-12-22,6944000,Card
1224,101313,2025-12-20,13207000,Bank transfer
1225,101314,2025-11-23,4233000,Bank transfer
1226,101315,2025-12-16,3011000,Bank transfer
1227,101316,2025-12-10,8540000,Cheque
1228,101317,2026-01-14,4989000,Bank transfer
1229,101318,2025-11-14,240000,Bank transfer
1230,101318,2025-12-06,240000,Bank transfer
1231,101319,2025-11-11,3822000,Card
1232,101320,2025-12-18,3615000,Cheque
1233,101321,2025-11-27,596000,Bank transfer
1234,101322,2026-01-01,35316000,Bank transfer
1235,101323,2025-11-07,789000,Bank transfer
1236,101324,2025-12-16,28294000,Bank transfer
1237,101326,2025-12-27,7315000,Bank transfer
1238,101327,2025-12-25,7770000,Bank transfer
1239,101328,2025-12-10,7675000,Bank transfer
1240,101329,2026-01-05,3751000,Bank transfer
1241,101330,2025-11-23,990000,Bank transfer
1242,101330,2025-12-05,989000,Bank transfer
1243,101331,2025-12-13,3143000,Bank transfer
1244,101332,2025-12-07,1173000,Bank transfer
1245,101333,2025-11-27,463000,Bank transfer
1246,101334,2025-11-28,1187000,Bank transfer
1247,101335,2025-11-19,1110000,Bank transfer
1248,101336,2025-12-09,6076000,Bank transfer
1249,101337,2025-11-16,553000,Bank transfer
1250,101338,2025-11-28,2999000,Bank transfer
1251,101340,2025-12-19,3724000,Bank transfer
1252,101341,2025-12-24,6429000,Bank transfer
1253,101342,2026-01-10,7766000,Bank transfer
1254,101343,2025-12-10,605000,Bank transfer
1255,101344,2026-01-03,3923000,Bank transfer
1256,101345,2026-01-11,22980000,Bank transfer
1257,101346,2025-12-12,15641000,Bank transfer
1258,101347,2025-11-25,510000,Bank transfer
1259,101348,2025-12-05,6621000,Card
1260,101349,2025-11-24,1304000,Card
1261,101350,2025-12-06,13667000,Bank transfer
1262,101351,2026-01-17,32863000,Bank transfer
1263,101352,2026-01-07,3763000,Bank transfer
1264,101353,2026-01-28,14993000,Card
1265,101354,2026-01-05,7879000,Bank transfer
1266,101355,2025-11-15,1837000,Card
1267,101356,2025-11-24,499000,Bank transfer
1268,101356,2026-01-11,499000,Bank transfer
1269,101357,2025-12-20,8747000,Bank transfer
1270,101358,2025-12-10,12904000,Bank transfer
1271,101359,2025-12-02,535000,Bank transfer
1272,101361,2025-12-04,10778000,Cheque
1273,101362,2026-01-09,14312000,Bank transfer
1274,101363,2026-01-08,3592000,Bank transfer
1275,101364,2025-11-29,493000,Bank transfer
1276,101365,2026-01-24,11490000,Card
1277,101366,2026-01-10,6512000,Bank transfer
1278,101367,2025-12-08,1942000,Bank transfer
1279,101368,2025-11-17,285000,Bank transfer
1280,101368,2025-12-19,284000,Bank transfer
1281,101369,2025-12-25,7407000,Bank transfer
1282,101370,2026-01-22,11505000,Bank transfer
1283,101371,2025-12-23,19513000,Card
1284,101372,2025-12-04,1216000,Bank transfer
1285,101373,2025-11-16,1102000,Bank transfer
1286,101374,2025-12-07,3254000,Bank transfer
1287,101374,2026-01-30,3253000,Bank transfer
1288,101375,2025-12-24,2637000,Bank transfer
1289,101376,2025-12-16,2042000,Bank transfer
1290,101377,2025-12-25,6010000,Cheque
1291,101378,2026-01-09,19331000,Card
1292,101379,2025-12-01,3250000,Bank transfer
1293,101380,2025-12-25,2997000,Card
1294,101381,2026-01-09,3595000,Card
1295,101382,2025-12-07,5790000,Bank transfer
1296,101383,2025-12-09,998000,Bank transfer
1297,101384,2026-01-06,1868000,Bank transfer
1298,101385,2025-12-26,11680000,Bank transfer
1299,101386,2026-01-31,26870000,Bank transfer
1300,101387,2025-11-28,600000,Bank transfer
1301,101387,2025-12-18,600000,Bank transfer
1302,101388,2025-12-13,2977000,Bank transfer
1303,101389,2025-11-19,483000,Bank transfer
1304,101390,2025-11-30,8023000,Bank transfer
1305,101391,2026-01-19,17177000,Bank transfer
1306,101392,2025-11-16,2228000,Bank transfer
1307,101393,2025-12-19,1455000,Bank transfer
1308,101393,2026-01-04,1454000,Bank transfer
1309,101394,2025-12-08,1320000,Bank transfer
1310,101395,2026-01-11,5707000,Bank transfer
1311,101396,2025-12-14,942000,Bank transfer
1312,101397,2025-11-27,644000,Bank transfer
1313,101398,2026-01-15,29791000,Bank transfer
1314,101400,2025-12-22,3300000,Cheque
1315,101401,2026-01-07,6884000,Card
1316,101402,2026-01-12,2831000,Bank transfer
1317,101403,2026-01-07,6288000,Bank transfer
1318,101403,2026-02-21,6288000,Bank transfer
1319,101404,2025-12-22,581000,Bank transfer
1320,101405,2025-12-03,574000,Bank transfer
1321,101406,2026-01-06,7021000,Bank transfer
1322,101407,2026-01-27,13816000,Bank transfer
1323,101408,2026-01-05,9602000,Bank transfer
1324,101409,2025-12-19,631000,Card
1325,101410,2026-01-03,4823000,Cheque
1326,101413,2025-12-25,11086000,Bank transfer
1327,101414,2025-12-27,10418000,Bank transfer
1328,101415,2026-01-25,15083000,Bank transfer
1329,101416,2026-01-19,7962000,Card
1330,101417,2025-12-16,3263000,Bank transfer
1331,101418,2026-01-16,8525000,Bank transfer
1332,101419,2026-01-14,19494000,Bank transfer
1333,101421,2025-12-15,6277000,Bank transfer
1334,101422,2025-12-18,461000,Bank transfer
1335,101423,2025-12-18,9877000,Bank transfer
1336,101424,2025-12-11,25528000,Card
1337,101425,2026-01-02,3885000,Bank transfer
1338,101426,2025-12-08,1210000,Bank transfer
1339,101427,2026-01-17,3712000,Bank transfer
1340,101428,2025-12-23,3984000,Bank transfer
1341,101429,2026-01-01,11689000,Card
1342,101430,2025-12-18,6937000,Bank transfer
1343,101431,2025-12-05,7708000,Bank transfer
1344,101432,2026-01-10,4684000,Card
1345,101433,2026-01-21,11106000,Card
1346,101434,2026-02-02,4565000,Card
1347,101435,2025-12-20,666000,Card
1348,101436,2025-12-25,1134000,Bank transfer
1349,101437,2026-02-02,18336000,Bank transfer
1350,101438,2026-01-10,7737000,Bank transfer
1351,101439,2025-12-08,1244000,Bank transfer
1352,101440,2025-12-23,14912000,Bank transfer
1353,101441,2025-12-10,6932000,Cheque
1354,101442,2025-12-10,1093000,Bank transfer
1355,101443,2025-12-14,3100000,Bank transfer
1356,101444,2025-12-26,6821000,Bank transfer
1357,101445,2026-01-19,8770000,Card
1358,101446,2025-12-24,1230000,Bank transfer
1359,101447,2025-11-27,545000,Bank transfer
1360,101448,2026-01-02,28849000,Bank transfer
1361,101449,2026-01-05,7068000,Bank transfer
1362,101451,2026-01-09,2696000,Bank transfer
1363,101452,2025-12-10,727000,Bank transfer
1364,101453,2025-12-30,3984000,Card
1365,101454,2025-12-09,640000,Bank transfer
1366,101455,2025-12-22,24347000,Card
1367,101456,2026-01-19,3327000,Bank transfer
1368,101457,2025-12-01,536000,Bank transfer
1369,101458,2026-01-14,6931000,Bank transfer
1370,101459,2026-01-10,7208000,Card
1371,101460,2025-12-18,1221000,Card
1372,101461,2026-01-26,12270000,Bank transfer
1373,101462,2025-12-23,5546000,Card
1374,101463,2025-12-27,6561000,Bank transfer
1375,101464,2025-12-29,3468000,Bank transfer
1376,101464,2026-02-03,3468000,Bank transfer
1377,101465,2025-12-09,2377000,Bank transfer
1378,101466,2026-01-16,4905000,Bank transfer
1379,101467,2026-02-04,8418000,Bank transfer
1380,101468,2025-12-28,3336000,Bank transfer
1381,101469,2026-01-23,19860000,Card
1382,101470,2026-01-15,9425000,Bank transfer
1383,101471,2025-12-30,5834000,Bank transfer
1384,101472,2025-12-14,1146000,Bank transfer
1385,101474,2025-12-10,1006000,Bank transfer
1386,101475,2025-12-13,254000,Bank transfer
1387,101476,2025-12-17,562000,Bank transfer
1388,101478,2025-12-17,957000,Bank transfer
1389,101480,2025-12-08,599000,Bank transfer
1390,101481,2026-01-01,23555000,Cheque
1391,101482,2026-01-07,548000,Bank transfer
1392,101483,2025-12-10,552000,Bank transfer
1393,101484,2026-01-08,8399000,Bank transfer
1394,101484,2026-02-15,8399000,Bank transfer
1395,101485,2026-02-03,14231000,Bank transfer
1396,101486,2025-12-21,637000,Bank transfer
1397,101487,2026-02-15,11346000,Card
1398,101488,2026-01-27,11124000,Bank transfer
1399,101489,2026-01-24,15371000,Bank transfer
1400,101490,2026-02-01,7225000,Bank transfer
1401,101491,2026-01-07,574000,Bank transfer
1402,101492,2026-01-25,3601000,Bank transfer
1403,101493,2025-12-11,494000,Card
1404,101494,2025-12-20,12457000,Bank transfer
1405,101495,2026-01-18,3002000,Bank transfer
1406,101496,2025-12-21,519000,Bank transfer
1407,101497,2026-01-04,3502000,Cheque
1408,101497,2026-01-18,3502000,Cheque
1409,101498,2026-02-16,32007000,Bank transfer
1410,101499,2026-02-18,3966000,Cheque
1411,101500,2026-01-22,8493000,Cheque
1412,101502,2026-01-29,9437000,Bank transfer
1413,101503,2025-12-21,1266000,Bank transfer
1414,101504,2025-12-25,487000,Bank transfer
1415,101505,2026-01-25,9067000,Bank transfer
1416,101506,2025-12-28,2123000,Bank transfer
1417,101507,2025-12-20,603000,Card
1418,101508,2026-01-17,12950000,Bank transfer
1419,101509,2025-12-27,582000,Bank transfer
1420,101510,2026-01-13,472000,Bank transfer
1421,101511,2026-01-14,4662000,Bank transfer
1422,101512,2026-02-08,6586000,Bank transfer
1423,101513,2025-12-23,558000,Bank transfer
1424,101514,2026-02-10,10083000,Bank transfer
1425,101515,2026-01-25,13870000,Card
1426,101516,2025-12-13,527000,Bank transfer
1427,101517,2026-01-16,567000,Bank transfer
1428,101518,2026-02-08,4075000,Bank transfer
1429,101519,2026-01-10,668000,Card
1430,101520,2025-12-11,542000,Bank transfer
1431,101521,2026-01-05,17931000,Card
1432,101522,2025-12-22,4222000,Card
1433,101523,2026-01-11,1075000,Bank transfer
1434,101524,2026-01-31,6026000,Bank transfer
1435,101525,2026-01-24,4229000,Cheque
1436,101526,2026-02-04,11059000,Bank transfer
1437,101527,2026-01-14,10438000,Bank transfer
1438,101528,2026-01-14,532000,Bank transfer
1439,101530,2026-01-29,24425000,Card
1440,101531,2026-01-18,21498000,Bank transfer
1441,101532,2026-02-21,8130000,Bank transfer
1442,101533,2026-02-26,19011000,Bank transfer
1443,101534,2026-01-25,27375000,Bank transfer
1444,101535,2025-12-31,594000,Bank transfer
1445,101536,2026-02-05,4310000,Bank transfer
1446,101537,2026-01-23,27152000,Bank transfer
1447,101538,2026-03-13,3820000,Card
1448,101540,2026-01-12,666000,Bank transfer
1449,101541,2026-02-06,17505000,Bank transfer
1450,101542,2026-02-11,27574000,Cheque
1451,101543,2026-02-02,9462000,Bank transfer
1452,101544,2026-01-09,3450000,Card
1453,101545,2026-01-21,1720000,Bank transfer
1454,101545,2026-02-13,1719000,Bank transfer
1455,101546,2026-01-16,7045000,Bank transfer
1456,101548,2026-02-03,5865000,Card
1457,101549,2026-02-07,5691000,Bank transfer
1458,101550,2026-02-14,5761000,Card
1459,101551,2025-12-20,484000,Bank transfer
1460,101552,2026-02-16,9207000,Bank transfer
1461,101554,2025-12-31,7860000,Bank transfer
1462,101555,2026-02-03,3099000,Cheque
1463,101556,2026-02-14,2546000,Cheque
1464,101556,2026-03-24,2546000,Cheque
1465,101557,2025-12-22,1502000,Cheque
1466,101558,2026-02-11,20183000,Bank transfer
1467,101559,2026-01-26,3716000,Card
1468,101560,2026-01-22,3925000,Bank transfer
1469,101562,2026-01-04,523000,Card
1470,101563,2026-01-31,1757000,Bank transfer
1471,101563,2026-03-05,1756000,Bank transfer
1472,101564,2026-01-05,571000,Bank transfer
1473,101565,2026-01-07,2977000,Bank transfer
1474,101567,2026-01-11,6718000,Bank transfer
1475,101568,2025-12-31,554000,Card
1476,101570,2026-02-01,4449000,Bank transfer
1477,101572,2026-02-02,11704000,Bank transfer
1478,101573,2026-01-27,1024000,Card
1479,101574,2026-02-08,28281000,Bank transfer
1480,101575,2026-02-15,3952000,Card
1481,101575,2026-03-30,3951000,Card
1482,101577,2026-02-04,6765000,Cheque
1483,101578,2026-01-08,921000,Bank transfer
1484,101579,2026-01-17,1502000,Bank transfer
1485,101579,2026-02-19,1502000,Bank transfer
1486,101580,2026-01-19,3236000,Bank transfer
1487,101581,2026-02-08,10549000,Bank transfer
1488,101583,2026-01-18,500000,Card
1489,101584,2025-12-29,498000,Bank transfer
1490,101585,2025-12-27,538000,Bank transfer
1491,101586,2026-01-07,527000,Bank transfer
1492,101587,2026-02-27,17827000,Bank transfer
1493,101588,2026-01-30,637000,Bank transfer
1494,101589,2026-02-11,6574000,Bank transfer
1495,101590,2026-02-08,3005000,Bank transfer
1496,101591,2026-01-12,538000,Bank transfer
1497,101592,2026-02-12,4800000,Bank transfer
1498,101593,2026-01-26,3413000,Cheque
1499,101593,2026-03-02,3413000,Cheque
1500,101594,2026-02-01,5048000,Bank transfer
1501,101595,2026-01-14,1381000,Bank transfer
1502,101596,2026-02-02,869000,Bank transfer
1503,101597,2026-02-18,4091000,Bank transfer
1504,101598,2026-01-06,502000,Bank transfer
1505,101600,2026-01-14,281000,Card
1506,101601,2026-03-10,9416000,Bank transfer
1507,101602,2026-01-18,1104000,Bank transfer
1508,101605,2026-02-20,13634000,Bank transfer
1509,101606,2026-03-11,17699000,Bank transfer
1510,101607,2026-03-01,6242000,Bank transfer
1511,101608,2026-01-07,289000,Bank transfer
1512,101609,2026-02-08,7943000,Bank transfer
1513,101610,2026-02-17,3149000,Bank transfer
1514,101613,2026-01-28,625000,Bank transfer
1515,101614,2026-02-05,13505000,Bank transfer
1516,101615,2026-02-21,3423000,Bank transfer
1517,101617,2026-01-29,1264000,Bank transfer
1518,101618,2026-02-25,3708000,Bank transfer
1519,101619,2026-01-25,2705000,Bank transfer
1520,101619,2026-02-21,2705000,Bank transfer
1521,101620,2026-02-14,3614000,Bank transfer
1522,101621,2026-01-29,3441000,Bank transfer
1523,101622,2026-02-23,6945000,Cheque
1524,101624,2026-03-15,3849000,Card
1525,101625,2026-03-03,3427000,Bank transfer
1526,101626,2026-01-27,2508000,Cheque
1527,101626,2026-02-24,2508000,Cheque
1528,101627,2026-01-24,600000,Bank transfer
1529,101628,2026-01-24,476000,Card
1530,101629,2026-01-28,549000,Bank transfer
1531,101630,2026-01-15,1056000,Bank transfer
1532,101632,2026-02-03,8401000,Bank transfer
1533,101633,2026-03-22,22264000,Cheque
1534,101634,2026-03-06,8917000,Bank transfer
1535,101635,2026-01-22,631000,Cheque
1536,101636,2026-02-05,17821000,Card
1537,101637,2026-03-14,4577000,Bank transfer
1538,101638,2026-02-27,13045000,Bank transfer
1539,101639,2026-02-22,33441000,Bank transfer
1540,101640,2026-01-22,572000,Bank transfer
1541,101641,2026-02-02,1195000,Bank transfer
1542,101642,2026-02-03,3183000,Card
1543,101644,2026-03-01,24453000,Bank transfer
1544,101645,2026-02-28,12994000,Bank transfer
1545,101646,2026-02-02,544000,Bank transfer
1546,101647,2026-03-03,11478000,Bank transfer
1547,101648,2026-02-27,9461000,Bank transfer
1548,101650,2026-01-24,617000,Bank transfer
1549,101651,2026-02-13,1118000,Bank transfer
1550,101652,2026-02-18,8461000,Card
1551,101653,2026-02-27,7913000,Bank transfer
1552,101654,2026-02-25,15586000,Bank transfer
1553,101655,2026-03-09,6003000,Bank transfer
1554,101656,2026-03-08,27485000,Card
1555,101657,2026-02-08,20025000,Bank transfer
1556,101658,2026-01-28,607000,Bank transfer
1557,101659,2026-01-23,628000,Card
1558,101660,2026-02-20,622000,Bank transfer
1559,101661,2026-02-04,2745000,Bank transfer
1560,101665,2026-02-17,567000,Bank transfer
1561,101666,2026-02-26,8213000,Bank transfer
1562,101667,2026-02-08,6956000,Bank transfer
1563,101668,2026-02-01,480000,Bank transfer
1564,101669,2026-01-22,605000,Card
1565,101670,2026-01-30,8290000,Card
1566,101671,2026-02-12,2891000,Bank transfer
1567,101672,2026-02-17,15086000,Bank transfer
1568,101673,2026-02-11,986000,Bank transfer
1569,101674,2026-03-01,6168000,Bank transfer
1570,101675,2026-03-13,9096000,Bank transfer
1571,101677,2026-02-20,511000,Bank transfer
1572,101678,2026-03-12,8883000,Bank transfer
1573,101679,2026-01-26,7500000,Bank transfer
1574,101681,2026-02-01,581000,Bank transfer
1575,101682,2026-04-02,8354000,Cheque
1576,101683,2026-02-14,602000,Bank transfer
1577,101684,2026-02-28,5350000,Bank transfer
1578,101685,2026-03-07,2225000,Bank transfer
1579,101685,2026-04-17,2224000,Bank transfer
1580,101686,2026-02-25,10674000,Bank transfer
1581,101687,2026-03-21,8828000,Card
1582,101688,2026-04-03,3825000,Bank transfer
1583,101689,2026-01-22,1262000,Bank transfer
1584,101690,2026-02-06,616000,Bank transfer
1585,101691,2026-02-27,516000,Bank transfer
1586,101692,2026-02-19,884000,Card
1587,101693,2026-03-01,9378000,Cheque
1588,101694,2026-03-06,6226000,Card
1589,101695,2026-02-28,36583000,Bank transfer
1590,101696,2026-03-29,26796000,Bank transfer
1591,101697,2026-03-20,3327000,Bank transfer
1592,101698,2026-03-30,11024000,Cheque
1593,101699,2026-02-15,596000,Bank transfer
1594,101700,2026-02-20,26548000,Bank transfer
1595,101701,2026-02-01,1240000,Bank transfer
1596,101702,2026-03-22,4384000,Bank transfer
1597,101703,2026-03-04,1045000,Card
1598,101704,2026-02-24,1253000,Bank transfer
1599,101705,2026-02-27,4000000,Bank transfer
1600,101706,2026-04-02,9401000,Bank transfer
1601,101707,2026-03-02,31314000,Bank transfer
1602,101708,2026-03-14,3939000,Card
1603,101709,2026-02-11,534000,Bank transfer
1604,101710,2026-03-22,23981000,Bank transfer
1605,101711,2026-03-01,1291000,Bank transfer
1606,101712,2026-03-18,9485000,Bank transfer
1607,101713,2026-01-29,545000,Bank transfer
1608,101714,2026-03-19,3418000,Bank transfer
1609,101715,2026-04-10,8253000,Bank transfer
1610,101716,2026-02-02,440000,Cheque
1611,101717,2026-03-01,532000,Cheque
1612,101718,2026-02-02,1132000,Bank transfer
1613,101719,2026-02-15,2361000,Bank transfer
1614,101720,2026-02-14,2860000,Card
1615,101722,2026-02-22,633000,Bank transfer
1616,101723,2026-04-05,11768000,Card
1617,101724,2026-03-29,4229000,Bank transfer
1618,101725,2026-03-11,12140000,Bank transfer
1619,101726,2026-03-06,4073000,Bank transfer
1620,101729,2026-02-11,1202000,Bank transfer
1621,101729,2026-03-05,1202000,Bank transfer
1622,101730,2026-03-17,8452000,Card
1623,101731,2026-02-05,10717000,Card
1624,101733,2026-03-09,8741000,Bank transfer
1625,101735,2026-03-21,14280000,Bank transfer
1626,101736,2026-03-22,5748000,Bank transfer
1627,101737,2026-03-19,3701000,Bank transfer
1628,101737,2026-04-10,3701000,Bank transfer
1629,101738,2026-02-19,4441000,Bank transfer
1630,101739,2026-02-05,545000,Card
1631,101740,2026-02-20,7238000,Bank transfer
1632,101741,2026-03-26,4666000,Bank transfer
1633,101742,2026-02-05,754000,Bank transfer
1634,101743,2026-02-02,613000,Cheque
1635,101744,2026-03-20,3599000,Card
1636,101745,2026-03-22,6967000,Bank transfer
1637,101748,2026-03-16,7806000,Card
1638,101749,2026-03-14,2757000,Bank transfer
1639,101750,2026-04-14,18255000,Bank transfer
1640,101751,2026-03-01,3780000,Bank transfer
1641,101752,2026-03-14,13250000,Bank transfer
1642,101753,2026-02-20,476000,Bank transfer
1643,101754,2026-04-03,3828000,Card
1644,101755,2026-04-01,6100000,Bank transfer
1645,101756,2026-02-20,997000,Bank transfer
1646,101758,2026-04-14,33911000,Bank transfer
1647,101759,2026-03-09,1859000,Bank transfer
1648,101760,2026-04-02,12976000,Bank transfer
1649,101762,2026-03-19,9868000,Bank transfer
1650,101763,2026-03-03,1417000,Bank transfer
1651,101763,2026-04-01,1416000,Bank transfer
1652,101764,2026-03-06,4288000,Bank transfer
1653,101765,2026-03-10,1107000,Card
1654,101766,2026-03-13,527000,Bank transfer
1655,101768,2026-02-18,315000,Bank transfer
1656,101768,2026-03-26,314000,Bank transfer
1657,101770,2026-04-02,3277000,Card
1658,101771,2026-04-04,5990000,Bank transfer
1659,101772,2026-02-22,891000,Bank transfer
1660,101773,2026-03-10,1320000,Bank transfer
1661,101775,2026-02-17,576000,Bank transfer
1662,101776,2026-03-27,14645000,Bank transfer
1663,101777,2026-04-13,16942000,Card
1664,101778,2026-02-19,1129000,Card
1665,101779,2026-03-04,3178000,Cheque
1666,101781,2026-04-24,7805000,Bank transfer
1667,101782,2026-04-13,7350000,Bank transfer
1668,101783,2026-03-19,650000,Bank transfer
1669,101784,2026-03-18,633000,Bank transfer
1670,101785,2026-04-23,4103000,Bank transfer
1671,101786,2026-04-20,13352000,Bank transfer
1672,101787,2026-04-13,3840000,Bank transfer
1673,101788,2026-04-06,6464000,Bank transfer
1674,101788,2026-05-19,6464000,Bank transfer
1675,101789,2026-03-11,5367000,Bank transfer
1676,101790,2026-02-22,319000,Bank transfer
1677,101790,2026-03-17,319000,Bank transfer
1678,101791,2026-02-25,1226000,Card
1679,101792,2026-03-24,24461000,Bank transfer
1680,101793,2026-03-19,5363000,Bank transfer
1681,101793,2026-04-13,5362000,Bank transfer
1682,101794,2026-03-21,6702000,Bank transfer
1683,101795,2026-04-14,6691000,Bank transfer
1684,101796,2026-03-25,20753000,Cheque
1685,101797,2026-03-06,3440000,Bank transfer
1686,101798,2026-03-09,623000,Bank transfer
1687,101799,2026-03-01,2204000,Bank transfer
1688,101800,2026-02-16,585000,Card
1689,101801,2026-03-10,1169000,Bank transfer
1690,101802,2026-03-17,488000,Bank transfer
1691,101803,2026-02-28,1148000,Bank transfer
1692,101804,2026-02-19,1121000,Bank transfer
1693,101805,2026-03-15,7068000,Bank transfer
1694,101807,2026-03-08,1199000,Bank transfer
1695,101808,2026-02-25,424000,Bank transfer
1696,101808,2026-04-13,423000,Bank transfer
1697,101810,2026-03-21,528000,Bank transfer
1698,101811,2026-04-10,18240000,Bank transfer
1699,101812,2026-02-28,303000,Card
1700,101812,2026-03-30,303000,Card
1701,101813,2026-03-20,19655000,Bank transfer
1702,101814,2026-04-10,4192000,Bank transfer
1703,101815,2026-04-24,4384000,Card
1704,101816,2026-04-02,3157000,Bank transfer
1705,101817,2026-03-20,2597000,Bank transfer
1706,101818,2026-04-10,15064000,Bank transfer
1707,101819,2026-02-28,1189000,Bank transfer
1708,101820,2026-03-13,529000,Bank transfer
1709,101821,2026-04-12,8255000,Bank transfer
1710,101821,2026-05-28,8255000,Bank transfer
1711,101822,2026-03-30,18281000,Bank transfer
1712,101823,2026-03-11,582000,Bank transfer
1713,101825,2026-02-23,294000,Cheque
1714,101825,2026-03-30,293000,Cheque
1715,101826,2026-04-18,15095000,Bank transfer
1716,101827,2026-02-25,376000,Bank transfer
1717,101828,2026-03-06,2327000,Bank transfer
1718,101829,2026-03-26,2332000,Card
1719,101831,2026-04-17,15719000,Bank transfer
1720,101832,2026-03-31,675000,Bank transfer
1721,101833,2026-03-20,3964000,Bank transfer
1722,101834,2026-04-23,16018000,Bank transfer
1723,101835,2026-03-21,2579000,Bank transfer
1724,101836,2026-03-26,3738000,Cheque
1725,101837,2026-04-12,23675000,Card
1726,101838,2026-04-19,6620000,Bank transfer
1727,101839,2026-04-13,5491000,Card
1728,101840,2026-02-27,555000,Bank transfer
1729,101842,2026-03-28,3303000,Bank transfer
1730,101843,2026-04-13,6356000,Bank transfer
1731,101844,2026-04-04,8320000,Bank transfer
1732,101845,2026-03-27,531000,Bank transfer
1733,101846,2026-03-12,3839000,Bank transfer
1734,101846,2026-04-05,3838000,Bank transfer
1735,101847,2026-04-28,9073000,Bank transfer
1736,101848,2026-03-06,476000,Bank transfer
1737,101850,2026-04-14,11480000,Bank transfer
1738,101851,2026-04-07,2923000,Bank transfer
1739,101852,2026-04-01,6571000,Cheque
1740,101853,2026-04-01,7103000,Bank transfer
1741,101854,2026-03-25,1202000,Bank transfer
1742,101855,2026-03-28,523000,Bank transfer
1743,101856,2026-03-12,273000,Bank transfer
1744,101856,2026-03-29,273000,Bank transfer
1745,101857,2026-04-23,6168000,Bank transfer
1746,101859,2026-04-07,12233000,Bank transfer
1747,101861,2026-04-03,5792000,Bank transfer
1748,101862,2026-03-19,858000,Card
1749,101863,2026-03-05,4901000,Card
1750,101864,2026-04-03,550000,Cheque
1751,101865,2026-04-07,4278000,Bank transfer
1752,101866,2026-04-25,3702000,Card
1753,101867,2026-03-19,845000,Bank transfer
1754,101868,2026-03-25,3242000,Card
1755,101869,2026-03-21,487000,Bank transfer
1756,101870,2026-04-16,10174000,Card
1757,101871,2026-03-23,1203000,Bank transfer
1758,101874,2026-04-03,836000,Bank transfer
1759,101875,2026-04-18,9501000,Bank transfer
1760,101876,2026-05-09,13801000,Cheque
1761,101877,2026-03-24,5728000,Bank transfer
1762,101878,2026-03-14,4992000,Card
1763,101878,2026-05-03,4991000,Card
1764,101879,2026-05-04,8561000,Bank transfer
1765,101880,2026-03-10,572000,Card
1766,101881,2026-03-09,2223000,Bank transfer
1767,101882,2026-03-28,489000,Card
1768,101883,2026-03-12,1226000,Bank transfer
1769,101884,2026-03-21,518000,Bank transfer
1770,101885,2026-05-02,15981000,Cheque
1771,101886,2026-04-14,22117000,Bank transfer
1772,101887,2026-03-21,5153000,Bank transfer
1773,101889,2026-03-25,554000,Bank transfer
1774,101890,2026-04-01,14349000,Bank transfer
1775,101891,2026-03-08,582000,Bank transfer
1776,101893,2026-05-05,2797000,Card
1777,101894,2026-03-10,1407000,Bank transfer
1778,101896,2026-04-06,16825000,Bank transfer
1779,101897,2026-04-17,5730000,Bank transfer
1780,101898,2026-03-30,1840000,Bank transfer
1781,101899,2026-04-12,558000,Bank transfer
1782,101900,2026-05-12,3671000,Bank transfer
1783,101901,2026-04-26,4219000,Cheque
1784,101902,2026-04-14,904000,Bank transfer
1785,101903,2026-04-11,490000,Card
1786,101904,2026-04-19,492000,Cheque
1787,101906,2026-04-25,2045000,Bank transfer
1788,101906,2026-06-20,2045000,Bank transfer
1789,101907,2026-04-25,2558000,Bank transfer
1790,101909,2026-04-11,552000,Bank transfer
1791,101910,2026-03-26,803000,Bank transfer
1792,101911,2026-04-19,826000,Bank transfer
1793,101912,2026-04-04,7375000,Bank transfer
1794,101913,2026-04-01,613000,Card
1795,101914,2026-05-14,9208000,Bank transfer
1796,101915,2026-03-21,4869000,Bank transfer
1797,101916,2026-04-13,2246000,Bank transfer
1798,101917,2026-05-23,16840000,Bank transfer
1799,101918,2026-03-27,2099000,Card
1800,101919,2026-05-26,7932000,Bank transfer
1801,101920,2026-04-24,37444000,Bank transfer
1802,101921,2026-04-27,22128000,Bank transfer
1803,101922,2026-04-03,562000,Bank transfer
1804,101923,2026-04-27,3670000,Cheque
1805,101924,2026-03-29,501000,Cheque
1806,101925,2026-04-17,6809000,Card
1807,101926,2026-04-10,3641000,Card
1808,101926,2026-05-18,3641000,Card
1809,101927,2026-04-21,1082000,Bank transfer
1810,101928,2026-03-22,572000,Cheque
1811,101929,2026-04-11,6630000,Bank transfer
1812,101930,2026-05-22,8724000,Card
1813,101931,2026-05-09,9110000,Card
1814,101932,2026-04-30,4177000,Cheque
1815,101934,2026-05-02,5721000,Bank transfer
1816,101936,2026-03-17,485000,Bank transfer
1817,101937,2026-04-18,4759000,Bank transfer
1818,101937,2026-06-04,4758000,Bank transfer
1819,101938,2026-05-13,9292000,Bank transfer
1820,101940,2026-05-12,14701000,Bank transfer
1821,101941,2026-04-10,6283000,Bank transfer
1822,101942,2026-04-10,22569000,Bank transfer
1823,101943,2026-04-27,12857000,Bank transfer
1824,101944,2026-04-05,1323000,Bank transfer
1825,101945,2026-05-24,6605000,Bank transfer
1826,101946,2026-04-05,7486000,Bank transfer
1827,101949,2026-04-11,3750000,Bank transfer
1828,101950,2026-03-30,616000,Card
1829,101950,2026-04-28,615000,Card
1830,101951,2026-04-03,368000,Cheque
1831,101951,2026-04-25,367000,Cheque
1832,101952,2026-04-20,1166000,Bank transfer
1833,101953,2026-05-11,4102000,Bank transfer
1834,101953,2026-06-13,4101000,Bank transfer
1835,101954,2026-04-07,2029000,Bank transfer
1836,101955,2026-05-28,26784000,Bank transfer
1837,101956,2026-04-12,4526000,Cheque
1838,101958,2026-05-13,25526000,Bank transfer
1839,101959,2026-04-18,20853000,Bank transfer
1840,101960,2026-04-25,1038000,Bank transfer
1841,101961,2026-04-25,3531000,Bank transfer
1842,101962,2026-05-08,13566000,Bank transfer
1843,101963,2026-05-08,8005000,Bank transfer
1844,101964,2026-04-29,12019000,Cheque
1845,101965,2026-05-11,6785000,Bank transfer
1846,101966,2026-04-24,8931000,Bank transfer
1847,101967,2026-04-18,849000,Card
1848,101968,2026-04-23,2968000,Bank transfer
1849,101969,2026-05-08,12397000,Bank transfer
1850,101970,2026-04-28,598000,Card
1851,101971,2026-04-27,6400000,Card
1852,101972,2026-05-09,3118000,Bank transfer
1853,101973,2026-04-22,5822000,Bank transfer
1854,101974,2026-04-16,3726000,Bank transfer
1855,101975,2026-05-03,522000,Bank transfer
1856,101976,2026-05-05,3259000,Card
1857,101977,2026-05-02,498000,Bank transfer
1858,101978,2026-04-18,561000,Card
1859,101979,2026-04-22,2794000,Bank transfer
1860,101979,2026-06-06,2794000,Bank transfer
1861,101980,2026-05-02,621000,Bank transfer
1862,101981,2026-04-20,640000,Bank transfer
1863,101982,2026-05-05,4019000,Cheque
1864,101983,2026-05-03,774000,Bank transfer
1865,101984,2026-04-16,301000,Bank transfer
1866,101985,2026-04-27,11379000,Bank transfer
1867,101986,2026-05-26,27768000,Cheque
1868,101987,2026-05-10,10030000,Bank transfer
1869,101988,2026-05-08,3131000,Bank transfer
1870,101989,2026-05-26,8539000,Bank transfer
1871,101990,2026-05-10,10373000,Cheque
1872,101991,2026-06-04,7191000,Bank transfer
1873,101992,2026-04-02,6805000,Bank transfer
1874,101993,2026-04-28,518000,Bank transfer
1875,101994,2026-04-22,1259000,Bank transfer
1876,101995,2026-05-14,6712000,Bank transfer
1877,101996,2026-04-20,1310000,Cheque
1878,101997,2026-04-17,1035000,Bank transfer
1879,101998,2026-05-22,3964000,Bank transfer
1880,101999,2026-04-27,2167000,Bank transfer
1881,102001,2026-04-04,2357000,Bank transfer
1882,102002,2026-05-20,1583000,Bank transfer
1883,102002,2026-06-27,1583000,Bank transfer
1884,102003,2026-05-02,896000,Bank transfer
1885,102004,2026-04-28,1010000,Card
1886,102005,2026-05-24,24474000,Bank transfer
1887,102006,2026-04-08,532000,Bank transfer
1888,102007,2026-05-31,17505000,Bank transfer
1889,102008,2026-05-07,633000,Bank transfer
1890,102009,2026-05-09,4622000,Card
1891,102010,2026-05-30,3398000,Card
1892,102011,2026-06-10,3929000,Bank transfer
1893,102012,2026-05-02,466000,Card
1894,102013,2026-05-04,8714000,Bank transfer
1895,102014,2026-05-12,5911000,Bank transfer
1896,102015,2026-05-31,19669000,Bank transfer
1897,102016,2026-05-19,2459000,Bank transfer
1898,102016,2026-06-10,2458000,Bank transfer
1899,102020,2026-06-17,3422000,Bank transfer
1900,102021,2026-06-08,8578000,Bank transfer
1901,102022,2026-06-17,21926000,Bank transfer
1902,102023,2026-04-18,3981000,Bank transfer
1903,102024,2026-05-11,4239000,Bank transfer
1904,102024,2026-06-29,4238000,Bank transfer
1905,102025,2026-04-17,298000,Bank transfer
1906,102025,2026-05-07,297000,Bank transfer
1907,102027,2026-06-03,25163000,Bank transfer
1908,102028,2026-04-25,267000,Bank transfer
1909,102028,2026-06-16,267000,Bank transfer
1910,102029,2026-06-21,4244000,Bank transfer
1911,102030,2026-05-24,15100000,Cheque
1912,102031,2026-04-23,2015000,Bank transfer
1913,102032,2026-05-05,3389000,Bank transfer
1914,102033,2026-05-12,2936000,Bank transfer
1915,102034,2026-06-12,8815000,Bank transfer
1916,102035,2026-06-08,7696000,Bank transfer
1917,102036,2026-04-30,544000,Bank transfer
1918,102037,2026-05-16,9552000,Bank transfer
1919,102038,2026-04-30,14295000,Bank transfer
1920,102039,2026-07-11,8255000,Bank transfer
1921,102041,2026-05-19,8185000,Bank transfer
1922,102043,2026-05-03,10556000,Bank transfer
1923,102044,2026-06-17,3985000,Bank transfer
1924,102045,2026-04-16,1085000,Bank transfer
1925,102046,2026-04-30,556000,Bank transfer
1926,102047,2026-05-04,5484000,Bank transfer
1927,102048,2026-04-17,630000,Bank transfer
1928,102049,2026-05-28,4405000,Card
1929,102049,2026-06-26,4405000,Card
1930,102050,2026-06-07,2068000,Bank transfer
1931,102051,2026-05-04,1071000,Card
1932,102052,2026-04-15,1256000,Bank transfer
1933,102053,2026-06-05,2734000,Bank transfer
1934,102054,2026-04-24,290000,Bank transfer
1935,102054,2026-06-20,289000,Bank transfer
1936,102055,2026-06-06,10379000,Cheque
1937,102056,2026-06-09,17495000,Card
1938,102057,2026-04-20,540000,Card
1939,102059,2026-04-25,1358000,Bank transfer
1940,102060,2026-04-29,609000,Bank transfer
1941,102061,2026-06-05,6574000,Bank transfer
1942,102062,2026-05-11,13291000,Bank transfer
1943,102063,2026-05-03,1196000,Bank transfer
1944,102064,2026-05-29,27198000,Bank transfer
1945,102065,2026-06-02,4401000,Bank transfer
1946,102066,2026-06-07,4392000,Bank transfer
1947,102067,2026-06-26,4790000,Card
1948,102069,2026-05-14,855000,Bank transfer
1949,102070,2026-06-22,8107000,Bank transfer
1950,102071,2026-06-09,13452000,Bank transfer
1951,102072,2026-04-19,495000,Bank transfer
1952,102074,2026-04-23,1063000,Bank transfer
1953,102075,2026-05-27,5358000,Bank transfer
1954,102076,2026-06-20,4025000,Card
1955,102077,2026-05-26,11606000,Bank transfer
1956,102078,2026-04-29,298000,Cheque
1957,102079,2026-05-29,3003000,Bank transfer
1958,102080,2026-05-09,753000,Bank transfer
1959,102081,2026-07-02,9331000,Bank transfer
1960,102082,2026-06-30,12859000,Bank transfer
1961,102083,2026-05-10,505000,Bank transfer
1962,102084,2026-05-18,4088000,Bank transfer
1963,102085,2026-05-02,502000,Bank transfer
1964,102086,2026-05-27,5388000,Bank transfer
1965,102086,2026-07-02,5388000,Bank transfer
1966,102087,2026-05-07,3988000,Bank transfer
1967,102088,2026-06-12,13259000,Bank transfer
1968,102089,2026-05-28,8919000,Bank transfer
1969,102090,2026-04-28,703000,Bank transfer
1970,102091,2026-05-04,1256000,Bank transfer
1971,102092,2026-05-20,1015000,Bank transfer
1972,102093,2026-05-26,3363000,Bank transfer
1973,102093,2026-07-04,3362000,Bank transfer
1974,102094,2026-05-25,1626000,Bank transfer
1975,102094,2026-06-12,1626000,Bank transfer
1976,102095,2026-06-08,3041000,Bank transfer
1977,102096,2026-05-09,256000,Card
1978,102098,2026-05-24,8990000,Bank transfer
1979,102098,2026-06-15,8990000,Bank transfer
1980,102099,2026-05-06,526000,Bank transfer
1981,102100,2026-06-08,10207000,Bank transfer
1982,102101,2026-04-24,533000,Bank transfer
1983,102102,2026-05-30,784000,Card
1984,102103,2026-06-06,3042000,Bank transfer
1985,102104,2026-06-05,9670000,Bank transfer
1986,102105,2026-06-05,6455000,Bank transfer
1987,102106,2026-05-26,6839000,Bank transfer
1988,102107,2026-06-04,16318000,Bank transfer
1989,102108,2026-05-18,7042000,Cheque
1990,102110,2026-06-10,3334000,Cheque
1991,102111,2026-06-09,15153000,Bank transfer
1992,102112,2026-06-06,7196000,Bank transfer
1993,102112,2026-06-27,7196000,Bank transfer
1994,102113,2026-06-06,26224000,Cheque
1995,102114,2026-05-06,940000,Bank transfer
1996,102115,2026-06-09,5459000,Bank transfer
1997,102116,2026-05-26,559000,Bank transfer
1998,102117,2026-05-31,491000,Bank transfer
1999,102118,2026-07-04,8695000,Card
2000,102119,2026-06-16,9458000,Bank transfer
2001,102120,2026-05-20,1015000,Card
2002,102121,2026-06-01,6032000,Bank transfer
2003,102122,2026-05-20,973000,Card
2004,102123,2026-05-18,12537000,Bank transfer
2005,102124,2026-05-07,598000,Bank transfer
2006,102125,2026-06-09,5500000,Bank transfer
2007,102126,2026-06-01,8993000,Cheque
2008,102128,2026-05-08,901000,Bank transfer
2009,102129,2026-06-08,28279000,Bank transfer
2010,102130,2026-06-03,532000,Bank transfer
2011,102131,2026-06-19,4079000,Bank transfer
2012,102132,2026-05-25,2453000,Bank transfer
2013,102132,2026-06-21,2452000,Bank transfer
2014,102135,2026-06-07,3339000,Cheque
2015,102136,2026-05-08,536000,Bank transfer
2016,102137,2026-06-23,16373000,Bank transfer
2017,102138,2026-06-14,3188000,Bank transfer
2018,102139,2026-06-08,17155000,Card
2019,102140,2026-06-22,6949000,Bank transfer
2020,102140,2026-08-05,6949000,Bank transfer
2021,102141,2026-05-28,4257000,Bank transfer
2022,102142,2026-06-18,33933000,Bank transfer
2023,102143,2026-06-17,7653000,Bank transfer
2024,102144,2026-06-02,10578000,Bank transfer
2025,102145,2026-06-18,4560000,Bank transfer
2026,102147,2026-06-10,7371000,Card
2027,102148,2026-06-13,9760000,Bank transfer
2028,102149,2026-05-23,520000,Bank transfer
2029,102150,2026-06-08,2954000,Card
2030,102151,2026-05-26,584000,Bank transfer
2031,102152,2026-05-29,564000,Bank transfer
2032,102154,2026-05-25,634000,Card
2033,102155,2026-05-05,574000,Bank transfer
2034,102156,2026-06-18,19508000,Bank transfer
2035,102157,2026-07-14,12776000,Bank transfer
2036,102158,2026-05-16,1002000,Card
2037,102159,2026-05-31,1350000,Bank transfer
2038,102160,2026-05-29,802000,Bank transfer
2039,102161,2026-07-04,9563000,Bank transfer
2040,102162,2026-06-30,7677000,Card
2041,102163,2026-06-08,11063000,Bank transfer
2042,102164,2026-05-25,17949000,Cheque
2043,102165,2026-06-29,14892000,Bank transfer
2044,102167,2026-05-28,1259000,Bank transfer
2045,102168,2026-05-19,3836000,Bank transfer
2046,102169,2026-06-27,3056000,Bank transfer
2047,102170,2026-05-27,12773000,Bank transfer
2048,102171,2026-05-23,536000,Bank transfer
2049,102172,2026-05-19,4176000,Bank transfer
2050,102173,2026-07-04,12931000,Bank transfer
2051,102174,2026-06-15,7178000,Bank transfer
2052,102175,2026-05-25,741000,Bank transfer
2053,102177,2026-06-15,8914000,Bank transfer
2054,102177,2026-07-03,8913000,Bank transfer
2055,102178,2026-05-31,637000,Bank transfer
2056,102179,2026-06-12,799000,Bank transfer
2057,102180,2026-05-24,1113000,Bank transfer
2058,102181,2026-06-30,3128000,Bank transfer
2059,102183,2026-06-18,8993000,Bank transfer
2060,102184,2026-06-06,14913000,Card
2061,102186,2026-07-22,33523000,Bank transfer
2062,102187,2026-05-26,465000,Bank transfer
2063,102188,2026-06-10,632000,Card
2064,102189,2026-06-04,565000,Bank transfer
2065,102190,2026-06-09,2799000,Cheque
2066,102191,2026-06-14,541000,Card
2067,102192,2026-06-01,8814000,Bank transfer
2068,102192,2026-07-14,8813000,Bank transfer
2069,102193,2026-06-16,7109000,Card
2070,102194,2026-06-22,7645000,Card
2071,102195,2026-08-06,39033000,Bank transfer
2072,102196,2026-07-15,11559000,Bank transfer
2073,102197,2026-07-03,7222000,Bank transfer
2074,102198,2026-06-27,11924000,Bank transfer
2075,102199,2026-07-03,8419000,Cheque
2076,102200,2026-07-25,7808000,Bank transfer
2077,102201,2026-06-01,2540000,Bank transfer
2078,102202,2026-06-26,8576000,Bank transfer
2079,102203,2026-05-19,457000,Bank transfer
2080,102204,2026-05-30,2861000,Bank transfer
2081,102205,2026-07-23,8859000,Bank transfer
2082,102208,2026-06-30,3642000,Bank transfer
2083,102210,2026-07-11,6502000,Bank transfer
2084,102211,2026-07-18,4121000,Bank transfer
2085,102212,2026-06-04,546000,Card
2086,102213,2026-07-26,13256000,Bank transfer
2087,102214,2026-05-28,546000,Bank transfer
2088,102215,2026-06-25,869000,Bank transfer
2089,102216,2026-06-29,19086000,Card
2090,102217,2026-07-23,9325000,Bank transfer
2091,102218,2026-07-08,5861000,Bank transfer
2092,102219,2026-08-14,34943000,Bank transfer
2093,102221,2026-06-06,2389000,Bank transfer
2094,102222,2026-07-21,12479000,Bank transfer
2095,102223,2026-07-13,4107000,Bank transfer
2096,102224,2026-07-09,9108000,Bank transfer
2097,102225,2026-07-08,5496000,Bank transfer
2098,102226,2026-07-13,8105000,Card
2099,102227,2026-06-11,896000,Card
2100,102228,2026-07-05,3135000,Bank transfer
2101,102229,2026-07-02,4062000,Bank transfer
2102,102230,2026-06-22,10864000,Bank transfer
2103,102231,2026-06-27,604000,Bank transfer
2104,102233,2026-07-01,4238000,Bank transfer
2105,102234,2026-07-28,8333000,Bank transfer
2106,102235,2026-06-21,635000,Bank transfer
2107,102236,2026-07-20,19607000,Cheque
2108,102238,2026-07-03,2880000,Bank transfer
2109,102239,2026-07-27,9677000,Bank transfer
2110,102240,2026-06-21,587000,Bank transfer
2111,102241,2026-06-24,6078000,Bank transfer
2112,102242,2026-06-15,690000,Bank transfer
2113,102243,2026-06-14,1465000,Bank transfer
2114,102244,2026-08-02,8959000,Cheque
2115,102245,2026-07-30,4478000,Bank transfer
2116,102246,2026-07-01,6577000,Bank transfer
2117,102247,2026-07-21,8628000,Bank transfer
2118,102248,2026-06-06,535000,Bank transfer
2119,102248,2026-08-01,535000,Bank transfer
2120,102249,2026-06-07,592000,Bank transfer
2121,102249,2026-07-01,591000,Bank transfer
2122,102250,2026-06-10,539000,Bank transfer
2123,102252,2026-07-04,35597000,Card
2124,102253,2026-07-10,5513000,Card
2125,102254,2026-06-08,639000,Bank transfer
2126,102255,2026-06-16,8492000,Cheque
2127,102256,2026-08-01,17706000,Bank transfer
2128,102257,2026-06-15,2404000,Card
2129,102258,2026-07-14,16662000,Card
2130,102259,2026-07-14,2964000,Bank transfer
2131,102260,2026-06-21,7537000,Cheque
2132,102261,2026-07-29,22505000,Bank transfer
2133,102262,2026-08-09,12489000,Bank transfer
2134,102263,2026-07-19,11384000,Bank transfer
2135,102264,2026-06-03,1221000,Bank transfer
2136,102266,2026-07-14,3491000,Card
2137,102267,2026-07-11,544000,Cheque
2138,102268,2026-06-20,770000,Cheque
2139,102269,2026-06-24,532000,Bank transfer
2140,102270,2026-07-08,516000,Bank transfer
2141,102271,2026-07-22,7541000,Bank transfer
2142,102272,2026-07-04,10624000,Bank transfer
2143,102273,2026-07-10,3176000,Bank transfer
2144,102274,2026-06-22,1088000,Bank transfer
2145,102275,2026-08-19,14079000,Bank transfer
2146,102276,2026-06-22,7170000,Bank transfer
2147,102277,2026-08-04,6136000,Bank transfer
2148,102278,2026-07-29,3887000,Bank transfer
2149,102279,2026-06-13,5739000,Bank transfer
2150,102279,2026-07-16,5739000,Bank transfer
2151,102280,2026-06-23,10951000,Bank transfer
2152,102281,2026-06-12,1333000,Cheque
2153,102282,2026-07-22,13770000,Bank transfer
2154,102283,2026-07-22,26679000,Bank transfer
2155,102284,2026-06-07,15408000,Bank transfer
2156,102285,2026-07-15,6637000,Card
2157,102286,2026-08-05,4744000,Bank transfer
2158,102287,2026-07-29,19923000,Card
2159,102288,2026-06-03,546000,Bank transfer
2160,102290,2026-08-13,8583000,Bank transfer
2161,102293,2026-07-29,9068000,Card
2162,102294,2026-06-27,4153000,Bank transfer
2163,102295,2026-07-08,6183000,Bank transfer
2164,102296,2026-07-21,3607000,Card
2165,102297,2026-08-14,4114000,Bank transfer
2166,102298,2026-07-18,15541000,Card
2167,102299,2026-06-17,16474000,Bank transfer
2168,102300,2026-06-25,2177000,Bank transfer
2169,102301,2026-07-27,11415000,Bank transfer
2170,102304,2026-07-13,13414000,Bank transfer
2171,102304,2026-08-29,13413000,Bank transfer
2172,102305,2026-06-25,531000,Bank transfer
2173,102306,2026-07-15,579000,Cheque
2174,102307,2026-07-24,3423000,Card
2175,102308,2026-06-29,618000,Bank transfer
2176,102309,2026-06-26,1030000,Bank transfer
2177,102310,2026-07-03,1206000,Bank transfer
2178,102311,2026-07-06,1096000,Bank transfer
2179,102312,2026-07-14,11749000,Bank transfer
2180,102313,2026-07-23,10982000,Bank transfer
2181,102314,2026-07-27,7285000,Card
2182,102315,2026-07-26,2738000,Bank transfer
2183,102316,2026-07-20,6002000,Bank transfer
2184,102317,2026-07-18,3801000,Bank transfer
2185,102318,2026-07-04,10536000,Card
2186,102319,2026-06-30,14178000,Bank transfer
2187,102320,2026-07-22,13141000,Card
2188,102321,2026-07-20,14483000,Card
2189,102322,2026-06-17,542000,Bank transfer
2190,102323,2026-06-12,1005000,Bank transfer
2191,102324,2026-07-30,6344000,Card
2192,102326,2026-07-17,7692000,Bank transfer
2193,102327,2026-08-06,4753000,Bank transfer
2194,102328,2026-06-23,463000,Bank transfer
2195,102329,2026-07-19,20031000,Bank transfer
2196,102332,2026-07-16,599000,Bank transfer
2197,102335,2026-08-08,10030000,Card
2198,102336,2026-07-20,3527000,Cheque
2199,102337,2026-08-17,9470000,Bank transfer
2200,102338,2026-07-16,4032000,Bank transfer
2201,102339,2026-07-03,6573000,Bank transfer
2202,102340,2026-08-15,9156000,Card
2203,102341,2026-06-16,504000,Bank transfer
2204,102342,2026-07-08,561000,Bank transfer
2205,102343,2026-07-19,6203000,Bank transfer
2206,102345,2026-08-03,3261000,Bank transfer
2207,102347,2026-07-21,405000,Bank transfer
2208,102348,2026-07-03,462000,Bank transfer
2209,102348,2026-07-23,461000,Bank transfer
2210,102349,2026-07-26,12911000,Bank transfer
2211,102350,2026-08-03,2890000,Bank transfer
2212,102352,2026-08-07,14808000,Bank transfer
2213,102353,2026-07-03,2014000,Bank transfer
2214,102354,2026-08-17,8922000,Bank transfer
2215,102355,2026-07-18,21357000,Card
2216,102356,2026-08-08,18076000,Bank transfer
2217,102358,2026-08-30,3883000,Bank transfer
2218,102359,2026-07-03,623000,Bank transfer
2219,102360,2026-07-14,816000,Bank transfer
2220,102361,2026-08-29,4473000,Cheque
2221,102362,2026-07-01,572000,Bank transfer
2222,102363,2026-08-07,11040000,Bank transfer
2223,102364,2026-07-22,6201000,Bank transfer
2224,102366,2026-08-31,11410000,Bank transfer
2225,102368,2026-07-01,239000,Bank transfer
2226,102369,2026-07-19,16505000,Bank transfer
2227,102370,2026-08-31,8742000,Bank transfer
2228,102371,2026-08-08,7507000,Card
2229,102372,2026-07-06,489000,Bank transfer
2230,102373,2026-07-20,14305000,Bank transfer
2231,102374,2026-08-03,3040000,Bank transfer
2232,102375,2026-06-29,580000,Bank transfer
2233,102376,2026-08-14,7537000,Bank transfer
2234,102378,2026-07-19,376000,Cheque
2235,102379,2026-08-30,4830000,Bank transfer
2236,102380,2026-07-11,4077000,Card
2237,102381,2026-08-20,7640000,Bank transfer
2238,102382,2026-06-29,570000,Bank transfer
2239,102383,2026-07-03,7098000,Bank transfer
2240,102383,2026-08-12,7097000,Bank transfer
2241,102384,2026-07-31,3391000,Bank transfer
2242,102385,2026-08-04,5602000,Bank transfer
2243,102386,2026-07-24,2979000,Bank transfer
2244,102386,2026-08-31,2978000,Bank transfer
2245,102388,2026-07-23,12829000,Card
2246,102389,2026-08-21,15058000,Card
2247,102390,2026-07-16,16407000,Bank transfer
2248,102391,2026-08-11,10827000,Bank transfer
2249,102392,2026-08-18,3558000,Cheque
2250,102393,2026-07-01,592000,Card
2251,102394,2026-07-17,2764000,Bank transfer
2252,102395,2026-08-25,7818000,Bank transfer
2253,102396,2026-07-31,6850000,Bank transfer
2254,102398,2026-06-30,594000,Card
2255,102399,2026-08-17,27807000,Bank transfer
2256,102400,2026-08-17,5942000,Bank transfer
2257,102401,2026-08-11,28980000,Bank transfer
2258,102402,2026-08-16,19567000,Cheque
2259,102403,2026-08-18,1891000,Bank transfer
2260,102403,2026-08-31,1891000,Bank transfer
2261,102404,2026-07-04,741000,Bank transfer
2262,102405,2026-08-24,4569000,Bank transfer
2263,102406,2026-08-17,6573000,Bank transfer
2264,102407,2026-07-23,5881000,Bank transfer
2265,102408,2026-07-10,613000,Bank transfer
2266,102409,2026-08-12,7192000,Cheque
2267,102410,2026-07-15,524000,Bank transfer
2268,102410,2026-08-31,524000,Bank transfer
2269,102411,2026-08-13,6906000,Bank transfer
2270,102412,2026-07-21,980000,Card
2271,102413,2026-07-31,1085000,Bank transfer
2272,102414,2026-07-25,569000,Bank transfer
2273,102415,2026-08-16,6269000,Bank transfer
2274,102416,2026-08-11,510000,Bank transfer
2275,102418,2026-08-06,3611000,Bank transfer
2276,102419,2026-08-07,641000,Cheque
2277,102420,2026-08-09,849000,Bank transfer
2278,102421,2026-08-03,515000,Bank transfer
2279,102422,2026-08-18,3107000,Bank transfer
2280,102423,2026-08-14,3208000,Bank transfer
2281,102424,2026-08-26,29010000,Bank transfer
2282,102425,2026-07-26,4879000,Card
2283,102425,2026-08-31,4879000,Card
2284,102426,2026-07-22,4126000,Bank transfer
2285,102426,2026-08-07,4126000,Bank transfer
2286,102427,2026-08-06,3476000,Bank transfer
2287,102430,2026-08-16,10970000,Bank transfer
2288,102431,2026-08-31,3141000,Cheque
2289,102432,2026-07-23,589000,Bank transfer
2290,102433,2026-08-02,23546000,Bank transfer
2291,102434,2026-08-04,3668000,Card
2292,102435,2026-08-31,6650000,Bank transfer
2293,102436,2026-07-28,4939000,Bank transfer
2294,102437,2026-08-15,5766000,Bank transfer
2295,102438,2026-07-16,983000,Bank transfer
2296,102439,2026-07-15,303000,Bank transfer
2297,102439,2026-08-29,302000,Bank transfer
2298,102440,2026-08-31,4318000,Bank transfer
2299,102442,2026-07-20,1257000,Bank transfer
2300,102443,2026-07-18,542000,Bank transfer
2301,102444,2026-08-01,1125000,Bank transfer
2302,102445,2026-08-28,11457000,Bank transfer
2303,102446,2026-08-31,8565000,Bank transfer
2304,102448,2026-07-25,2883000,Bank transfer
2305,102450,2026-08-31,3908000,Bank transfer
2306,102451,2026-08-31,10595000,Bank transfer
2307,102452,2026-08-03,592000,Bank transfer
2308,102453,2026-08-23,6536000,Bank transfer
2309,102454,2026-08-31,3794000,Bank transfer
2310,102455,2026-08-31,3676000,Bank transfer
2311,102456,2026-08-19,12933000,Bank transfer
2312,102457,2026-07-26,489000,Bank transfer
2313,102458,2026-08-03,525000,Bank transfer
2314,102459,2026-07-20,1152000,Bank transfer
2315,102460,2026-08-12,592000,Bank transfer
2316,102461,2026-08-31,11326000,Bank transfer
2317,102463,2026-07-27,2078000,Card
2318,102464,2026-08-10,3477000,Bank transfer
2319,102465,2026-07-17,1129000,Bank transfer
2320,102467,2026-07-29,549000,Bank transfer
2321,102468,2026-08-07,465000,Bank transfer
2322,102469,2026-07-17,1305000,Card
2323,102470,2026-08-31,3231000,Cheque
2324,102471,2026-08-18,2689000,Bank transfer
2325,102472,2026-08-08,7126000,Bank transfer
2326,102473,2026-07-14,501000,Bank transfer
2327,102474,2026-07-28,2064000,Bank transfer
2328,102477,2026-08-10,2917000,Bank transfer
2329,102478,2026-08-24,488000,Bank transfer
2330,102479,2026-08-31,14473000,Bank transfer
2331,102480,2026-08-25,5861000,Card
2332,102481,2026-08-31,3337000,Bank transfer
2333,102482,2026-08-06,3173000,Card
2334,102486,2026-08-31,30506000,Card
2335,102488,2026-08-09,3373000,Cheque
2336,102489,2026-08-26,14561000,Bank transfer
2337,102491,2026-08-30,5496000,Bank transfer
2338,102492,2026-08-25,3866000,Bank transfer
2339,102492,2026-08-31,3866000,Bank transfer
2340,102493,2026-08-21,611000,Card
2341,102496,2026-08-21,924000,Cheque
2342,102497,2026-08-16,425000,Cheque
2343,102498,2026-08-31,5647000,Bank transfer
2344,102499,2026-08-31,28557000,Bank transfer
2345,102500,2026-08-30,9255000,Bank transfer
2346,102502,2026-08-28,3617000,Bank transfer
2347,102503,2026-08-25,3556000,Cheque
2348,102505,2026-08-22,1018000,Bank transfer
2349,102506,2026-08-14,578000,Bank transfer
2350,102508,2026-07-24,13553000,Bank transfer
2351,102509,2026-08-06,521000,Bank transfer
2352,102510,2026-08-31,25933000,Bank transfer
2353,102515,2026-08-19,1190000,Bank transfer
2354,102516,2026-08-07,7251000,Bank transfer
2355,102517,2026-08-31,12522000,Bank transfer
2356,102518,2026-08-31,7769000,Card
2357,102520,2026-08-31,1054000,Card
2358,102521,2026-08-31,3237000,Bank transfer
2359,102524,2026-08-16,238000,Card
2360,102524,2026-08-31,237000,Card
2361,102525,2026-08-20,3459000,Bank transfer
2362,102527,2026-08-19,726000,Bank transfer
2363,102529,2026-08-27,9399000,Bank transfer
2364,102530,2026-08-09,2085000,Bank transfer
2365,102531,2026-08-10,536000,Bank transfer
2366,102532,2026-08-31,6310000,Bank transfer
2367,102543,2026-08-11,1124000,Card
2368,102545,2026-08-28,866000,Bank transfer
2369,102547,2026-08-31,3253000,Cheque
2370,102548,2026-08-09,1249000,Bank transfer
2371,102551,2026-08-26,3648000,Bank transfer
2372,102555,2026-08-31,976000,Bank transfer
2373,102556,2026-08-25,1105000,Card
2374,102558,2026-08-08,365000,Bank transfer
2375,102558,2026-08-31,365000,Bank transfer
2376,102559,2026-08-31,638000,Bank transfer
2377,102561,2026-08-25,491000,Cheque
2378,102562,2026-08-30,509000,Card
2379,102565,2026-08-31,552000,Cheque
2380,102566,2026-08-23,1287000,Bank transfer
2381,102570,2026-08-31,556000,Bank transfer
2382,102572,2026-08-31,7013000,Bank transfer
2383,102573,2026-08-10,414000,Bank transfer
2384,102577,2026-08-18,944000,Cheque
2385,102582,2026-08-31,1375000,Bank transfer
2386,102584,2026-08-26,1158000,Card
2387,102585,2026-08-31,624000,Bank transfer
2388,102587,2026-08-31,593000,Bank transfer
2389,102588,2026-08-13,1211000,Bank transfer
2390,102589,2026-08-18,595000,Bank transfer
2391,102591,2026-08-20,4880000,Bank transfer
2392,102594,2026-08-31,576000,Bank transfer
2393,102597,2026-08-20,2159000,Bank transfer
2394,102599,2026-08-31,557000,Bank transfer
2395,102600,2026-08-31,1366000,Bank transfer
2396,102602,2026-08-24,1206000,Bank transfer
2397,102603,2026-08-31,15590000,Bank transfer
2398,102604,2026-08-31,601000,Bank transfer
2399,102605,2026-08-19,406000,Bank transfer
2400,102606,2026-08-22,477000,Card
2401,102610,2026-08-31,1291000,Cheque
2402,102611,2026-08-27,549000,Bank transfer
2403,102613,2026-08-17,588000,Bank transfer
2404,102615,2026-08-31,4018000,Bank transfer
2405,102622,2026-08-31,945000,Bank transfer
2406,102623,2026-08-21,540000,Bank transfer
2407,102624,2026-08-31,590000,Bank transfer
2408,102633,2026-08-31,4729000,Bank transfer
2409,102641,2026-08-31,981000,Bank transfer
