shipment_id,customer_id,route_id,booking_date,ship_date,delivery_date,status,containers,weight_kg,freight_charge
100001,75,2,2025-01-02,2025-01-11,2025-02-18,Delivered,8,86424,32685000
100002,15,1,2025-01-02,2025-01-04,2025-02-09,Delivered,1,21055,4223000
100003,8,6,2025-01-02,2025-01-10,2025-02-09,Delivered,1,10929,3268000
100004,35,2,2025-01-02,2025-01-07,2025-02-15,Delivered,2,19388,9443000
100005,48,5,2025-01-03,2025-01-09,2025-01-31,Delivered,4,86728,12146000
100006,27,7,2025-01-03,2025-01-08,2025-01-24,Delivered,3,45270,7927000
100007,98,8,2025-01-03,2025-01-07,2025-01-31,Delivered,3,65499,8926000
100008,8,3,2025-01-03,2025-01-09,2025-02-17,Delivered,3,65685,11439000
100009,75,12,2025-01-04,2025-01-09,2025-01-30,Delivered,3,27618,9233000
100010,28,9,2025-01-06,2025-01-08,2025-02-04,Delivered,4,40280,13540000
100011,13,3,2025-01-06,2025-01-10,2025-02-17,Delivered,1,14186,4887000
100012,15,8,2025-01-06,2025-01-09,2025-02-03,Delivered,2,42508,6255000
100013,8,2,2025-01-06,2025-01-12,2025-02-18,Delivered,1,14045,4151000
100014,41,8,2025-01-07,2025-01-10,2025-02-03,Delivered,2,31102,6704000
100015,114,10,2025-01-07,2025-01-11,2025-02-11,Delivered,1,14122,3840000
100016,28,11,2025-01-07,2025-01-16,2025-02-24,Delivered,6,67698,28268000
100017,24,24,2025-01-07,,,Cancelled,2,35084,1103000
100018,51,5,2025-01-07,2025-01-10,2025-02-01,Delivered,3,33033,9893000
100019,82,8,2025-01-07,2025-01-15,2025-02-09,Delivered,3,54645,9486000
100020,100,2,2025-01-08,2025-01-12,2025-03-05,Delivered,2,39958,9645000
100021,110,11,2025-01-08,2025-01-13,2025-02-21,Delivered,2,45724,8221000
100022,40,3,2025-01-08,2025-01-11,2025-02-16,Delivered,2,39684,8973000
100023,11,30,2025-01-09,2025-01-12,2025-01-14,Delivered,1,13487,502000
100024,110,26,2025-01-09,2025-01-13,2025-01-15,Delivered,1,12791,609000
100025,8,29,2025-01-09,2025-01-12,2025-01-13,Delivered,1,14949,519000
100026,63,6,2025-01-09,2025-01-14,2025-02-06,Delivered,8,126784,28650000
100027,98,24,2025-01-10,,,Cancelled,2,34648,976000
100028,117,13,2025-01-10,2025-01-13,2025-01-17,Delivered,2,18678,4805000
100029,103,28,2025-01-10,2025-01-16,2025-01-19,Delivered,1,15877,584000
100030,114,1,2025-01-10,2025-01-14,2025-02-19,Delivered,3,68241,13535000
100031,85,4,2025-01-10,2025-01-19,2025-02-14,Delivered,3,28356,10283000
100032,112,7,2025-01-11,2025-01-15,2025-02-05,Delivered,1,13628,3083000
100033,78,5,2025-01-11,2025-01-15,2025-02-05,Delivered,4,89644,12593000
100034,114,2,2025-01-11,2025-01-19,2025-03-16,Delivered,1,18262,3706000
100035,111,26,2025-01-11,2025-01-19,2025-01-21,Delivered,2,38918,1202000
100036,79,21,2025-01-12,2025-01-15,2025-01-16,Delivered,1,572,654000
100037,7,5,2025-01-12,2025-01-19,2025-02-13,Delivered,1,15648,2857000
100038,59,4,2025-01-13,2025-01-16,2025-02-09,Delivered,1,18699,3123000
100039,8,25,2025-01-13,2025-01-17,2025-01-18,Delivered,1,16717,613000
100040,17,22,2025-01-13,2025-01-22,2025-01-27,Delivered,1,2389,1226000
100041,58,3,2025-01-13,2025-01-18,2025-02-24,Delivered,2,30700,7385000
100042,98,4,2025-01-13,2025-01-21,2025-02-08,Delivered,8,113296,25361000
100043,28,27,2025-01-13,2025-01-21,2025-01-23,Delivered,1,10982,648000
100044,17,25,2025-01-13,2025-01-22,2025-01-24,Delivered,2,21300,1192000
100045,71,3,2025-01-14,2025-01-21,2025-02-28,Delivered,1,23401,3952000
100046,14,29,2025-01-14,2025-01-22,2025-01-23,Delivered,2,44672,1195000
100047,78,26,2025-01-14,2025-01-18,2025-01-22,Delivered,1,17256,599000
100048,99,22,2025-01-14,2025-01-18,2025-01-20,Delivered,1,2133,1319000
100049,52,10,2025-01-14,2025-01-16,2025-02-14,Delivered,3,47535,11446000
100050,58,3,2025-01-15,2025-01-18,2025-02-24,Delivered,1,18050,3674000
100051,26,1,2025-01-15,2025-01-24,2025-03-02,Delivered,2,41162,7592000
100052,55,4,2025-01-15,2025-01-18,2025-02-05,Delivered,8,189992,28353000
100053,13,25,2025-01-15,2025-01-23,2025-01-24,Delivered,2,19382,1268000
100054,50,14,2025-01-15,2025-01-21,2025-01-26,Delivered,6,77466,14359000
100055,58,24,2025-01-15,2025-01-18,2025-01-19,Delivered,1,19285,506000
100056,116,14,2025-01-15,,,Cancelled,2,28398,4851000
100057,103,19,2025-01-15,2025-01-17,2025-01-21,Delivered,1,1448,975000
100058,102,1,2025-01-16,2025-01-20,2025-02-27,Delivered,4,58388,16070000
100059,36,3,2025-01-16,,,Cancelled,3,56001,13138000
100060,30,29,2025-01-16,2025-01-19,2025-01-20,Delivered,1,14963,552000
100061,111,13,2025-01-16,2025-01-19,2025-01-22,Delivered,1,14930,2049000
100062,114,9,2025-01-17,2025-01-20,2025-02-16,Delivered,2,27342,6107000
100063,89,5,2025-01-17,2025-01-24,2025-02-12,Delivered,3,51375,10129000
100064,77,23,2025-01-17,2025-01-26,2025-01-27,Delivered,1,1376,940000
100065,11,13,2025-01-17,2025-01-24,2025-01-31,Delivered,1,13171,1835000
100066,48,24,2025-01-17,2025-01-24,2025-01-26,Delivered,1,16918,515000
100067,27,3,2025-01-17,2025-01-24,2025-03-04,Delivered,3,67335,11716000
100068,40,1,2025-01-17,2025-01-21,2025-02-28,Delivered,1,9838,4669000
100069,84,15,2025-01-17,2025-01-20,2025-01-27,Delivered,2,43986,4149000
100070,12,4,2025-01-18,,,Cancelled,2,40114,7196000
100071,51,13,2025-01-18,2025-01-26,2025-01-30,Delivered,1,23380,2149000
100072,102,27,2025-01-18,2025-01-20,2025-01-22,Delivered,1,15713,573000
100073,46,25,2025-01-19,2025-01-27,2025-01-29,Delivered,2,43516,1262000
100074,98,5,2025-01-20,2025-01-29,2025-02-19,Delivered,1,21011,3362000
100075,8,4,2025-01-20,2025-01-24,2025-02-11,Delivered,8,74560,24989000
100076,96,5,2025-01-20,2025-01-25,2025-02-15,Delivered,1,23520,2849000
100077,50,5,2025-01-20,2025-01-27,2025-02-15,Delivered,1,23033,3636000
100078,29,11,2025-01-20,2025-01-26,2025-03-20,Delivered,3,58986,12030000
100079,102,21,2025-01-20,2025-01-26,2025-01-30,Delivered,1,573,661000
100080,68,18,2025-01-20,2025-01-23,2025-02-18,Delivered,6,67416,20504000
100081,36,9,2025-01-20,2025-01-22,2025-02-18,Delivered,4,49792,15878000
100082,59,1,2025-01-21,2025-01-30,2025-03-06,Delivered,2,32442,8757000
100083,85,15,2025-01-21,2025-01-24,2025-01-31,Delivered,2,20396,4762000
100084,28,1,2025-01-21,2025-01-28,2025-03-05,Delivered,2,35406,7518000
100085,33,7,2025-01-21,2025-01-24,2025-02-09,Delivered,1,15951,3051000
100086,71,1,2025-01-21,2025-01-29,2025-03-07,Delivered,1,13809,3878000
100087,113,9,2025-01-22,2025-01-28,2025-03-05,Delivered,1,9247,3746000
100088,11,14,2025-01-22,2025-01-24,2025-01-26,Delivered,1,23949,2219000
100089,117,1,2025-01-22,2025-01-27,2025-03-21,Delivered,6,72990,24010000
100090,15,8,2025-01-22,2025-01-24,2025-02-27,Delivered,1,10298,3428000
100091,110,27,2025-01-22,2025-01-31,2025-02-03,Delivered,2,42442,1281000
100092,55,27,2025-01-22,2025-01-25,2025-01-26,Delivered,1,10327,558000
100093,28,19,2025-01-22,2025-01-30,2025-01-31,Delivered,1,335,574000
100094,26,24,2025-01-22,2025-01-27,2025-01-29,Delivered,1,14109,637000
100095,115,7,2025-01-23,2025-01-30,2025-02-21,Delivered,8,119256,25997000
100096,114,13,2025-01-23,2025-01-29,2025-02-01,Delivered,4,63664,8136000
100097,84,30,2025-01-23,2025-02-01,2025-02-02,Delivered,1,15026,545000
100098,52,3,2025-01-23,2025-01-31,2025-03-15,Delivered,1,9203,3940000
100099,85,1,2025-01-23,2025-01-28,2025-03-12,Delivered,4,71552,17985000
100100,43,2,2025-01-24,2025-02-02,2025-03-12,Delivered,2,19820,8076000
100101,78,10,2025-01-24,2025-02-02,2025-03-04,Delivered,4,92908,13559000
100102,111,5,2025-01-24,2025-02-01,2025-02-20,Delivered,1,21224,3588000
100103,68,6,2025-01-24,2025-01-27,2025-02-19,Delivered,4,59864,12490000
100104,11,4,2025-01-24,2025-01-29,2025-02-23,Delivered,2,45908,6506000
100105,35,5,2025-01-24,2025-01-28,2025-02-21,Delivered,1,17822,3165000
100106,103,1,2025-01-25,2025-02-02,2025-03-12,Delivered,1,22637,3708000
100107,17,22,2025-01-25,2025-02-01,2025-02-04,Delivered,1,1932,1046000
100108,90,3,2025-01-26,2025-01-31,2025-03-10,Delivered,2,19168,9267000
100109,68,19,2025-01-27,2025-02-04,2025-02-05,Delivered,1,1475,996000
100110,8,2,2025-01-27,2025-02-03,2025-03-14,Delivered,3,43692,12655000
100111,98,19,2025-01-27,,,Cancelled,1,2345,1215000
100112,13,4,2025-01-27,2025-01-29,2025-02-16,Delivered,1,20196,2727000
100113,15,1,2025-01-27,2025-02-02,2025-03-26,Delivered,4,50016,18370000
100114,58,17,2025-01-27,2025-02-02,2025-02-26,Delivered,3,29520,9722000
100115,79,3,2025-01-28,2025-02-04,2025-03-12,Delivered,2,32718,9233000
100116,117,7,2025-01-28,2025-02-04,2025-02-22,Delivered,4,52996,13202000
100117,71,21,2025-01-28,2025-02-06,2025-02-08,Delivered,1,217,408000
100118,35,13,2025-01-28,2025-02-03,2025-02-07,Delivered,4,46064,7450000
100119,97,23,2025-01-29,2025-02-05,2025-02-06,Delivered,1,238,446000
100120,8,3,2025-01-29,2025-02-04,2025-03-14,Delivered,1,18894,4434000
100121,56,16,2025-01-29,2025-02-02,2025-02-05,Delivered,1,11596,2272000
100122,78,11,2025-01-29,2025-02-02,2025-03-14,Delivered,1,23116,4183000
100123,102,5,2025-01-29,2025-02-03,2025-02-25,Delivered,2,24534,7313000
100124,11,20,2025-01-29,2025-02-03,2025-02-04,Delivered,1,1931,1078000
100125,98,15,2025-01-30,2025-02-02,2025-02-08,Delivered,2,34112,5095000
100126,62,1,2025-01-30,2025-02-01,2025-03-13,Delivered,2,35056,7346000
100127,50,24,2025-01-30,2025-02-02,2025-02-04,Delivered,2,44122,1020000
100128,78,1,2025-01-30,2025-02-05,2025-03-15,Delivered,2,19992,8032000
100129,102,9,2025-01-30,2025-02-06,2025-03-05,Delivered,3,63522,9452000
100130,51,1,2025-01-30,2025-02-01,2025-03-08,Delivered,2,30526,8220000
100131,8,2,2025-01-30,2025-02-04,2025-03-13,Delivered,1,10288,4270000
100132,16,1,2025-01-30,2025-02-08,2025-03-17,Delivered,8,128776,32242000
100133,41,25,2025-01-31,2025-02-04,2025-02-08,Delivered,1,9483,625000
100134,50,1,2025-01-31,2025-02-09,2025-03-19,Delivered,2,30404,8207000
100135,102,25,2025-01-31,2025-02-02,2025-02-04,Delivered,1,17574,540000
100136,17,1,2025-01-31,2025-02-02,2025-03-11,Delivered,2,22654,9356000
100137,86,11,2025-01-31,2025-02-06,2025-03-20,Delivered,1,17482,4445000
100138,41,3,2025-01-31,2025-02-03,2025-03-14,Delivered,2,19216,8818000
100139,120,9,2025-01-31,2025-02-09,2025-03-08,Delivered,4,63188,16379000
100140,98,19,2025-02-01,2025-02-07,2025-02-08,Delivered,1,1656,1074000
100141,35,4,2025-02-01,2025-02-08,2025-03-01,Delivered,1,23073,3462000
100142,50,2,2025-02-02,2025-02-09,2025-03-19,Delivered,6,121584,27541000
100143,41,11,2025-02-03,2025-02-08,2025-03-20,Delivered,3,66645,13244000
100144,13,3,2025-02-03,2025-02-11,2025-03-20,Delivered,4,52900,19431000
100145,90,9,2025-02-03,2025-02-06,2025-03-06,Delivered,1,21714,3288000
100146,58,4,2025-02-03,2025-02-09,2025-03-01,Delivered,6,116184,21476000
100147,46,5,2025-02-03,2025-02-06,2025-02-25,Delivered,3,29118,10174000
100148,110,22,2025-02-03,2025-02-09,2025-02-10,Delivered,1,842,770000
100149,46,2,2025-02-03,2025-02-05,2025-03-15,Delivered,1,17433,4675000
100150,37,1,2025-02-03,2025-02-12,2025-03-21,Delivered,3,55950,11198000
100151,79,10,2025-02-04,2025-02-13,2025-03-14,Delivered,4,46964,16592000
100152,16,13,2025-02-04,2025-02-06,2025-02-08,Delivered,2,40926,4800000
100153,117,11,2025-02-04,2025-02-10,2025-03-23,Delivered,2,20584,8854000
100154,52,2,2025-02-05,2025-02-11,2025-03-24,Delivered,4,79316,18506000
100155,68,2,2025-02-05,,,Cancelled,1,19322,3742000
100156,26,8,2025-02-05,2025-02-09,2025-03-05,Delivered,2,44504,6730000
100157,27,4,2025-02-06,2025-02-12,2025-03-07,Delivered,1,13848,2716000
100158,62,6,2025-02-06,2025-02-11,2025-03-04,Delivered,1,19601,3328000
100159,39,6,2025-02-06,2025-02-12,2025-03-06,Delivered,3,66813,9921000
100160,78,6,2025-02-06,2025-02-12,2025-03-09,Delivered,2,36084,7290000
100161,110,2,2025-02-07,2025-02-12,2025-03-24,Delivered,4,37724,16599000
100162,13,19,2025-02-07,,,Cancelled,1,328,567000
100163,11,6,2025-02-07,2025-02-10,2025-03-12,Delivered,1,9578,3295000
100164,41,13,2025-02-07,2025-02-16,2025-02-22,Delivered,4,36332,9027000
100165,114,17,2025-02-07,2025-02-09,2025-03-14,Delivered,1,15345,3387000
100166,85,1,2025-02-07,2025-02-14,2025-03-22,Delivered,3,27102,12402000
100167,98,22,2025-02-07,2025-02-14,2025-02-16,Delivered,1,543,641000
100168,17,13,2025-02-08,2025-02-16,2025-02-23,Delivered,1,19593,2205000
100169,102,2,2025-02-09,2025-02-11,2025-03-22,Delivered,1,23655,3756000
100170,55,29,2025-02-09,2025-02-11,2025-02-12,Delivered,1,16901,515000
100171,17,19,2025-02-10,2025-02-14,2025-02-15,Delivered,1,253,508000
100172,114,2,2025-02-10,2025-02-15,2025-03-26,Delivered,1,18760,4586000
100173,11,4,2025-02-10,2025-02-19,2025-03-11,Delivered,2,46178,6408000
100174,116,1,2025-02-10,2025-02-12,2025-03-30,Delivered,3,70923,14292000
100175,19,1,2025-02-10,2025-02-19,2025-04-09,Delivered,2,25194,8216000
100176,37,17,2025-02-10,2025-02-14,2025-03-09,Delivered,1,17433,3396000
100177,48,4,2025-02-10,2025-02-13,2025-03-03,Delivered,1,11609,3129000
100178,36,26,2025-02-11,2025-02-18,2025-02-22,Delivered,1,9635,615000
100179,35,7,2025-02-11,2025-02-18,2025-03-08,Delivered,1,23545,3219000
100180,59,16,2025-02-11,,,Cancelled,1,20848,2081000
100181,17,22,2025-02-11,2025-02-20,2025-02-22,Delivered,1,754,706000
100182,26,22,2025-02-11,2025-02-14,2025-02-17,Delivered,1,277,532000
100183,39,1,2025-02-11,2025-02-17,2025-03-26,Delivered,4,64464,15548000
100184,42,2,2025-02-11,2025-02-19,2025-03-28,Delivered,2,29640,9928000
100185,8,19,2025-02-11,2025-02-15,2025-02-16,Delivered,1,2313,1412000
100186,46,8,2025-02-12,2025-02-21,2025-03-17,Delivered,4,57120,14514000
100187,35,6,2025-02-12,2025-02-14,2025-03-13,Delivered,4,87204,13510000
100188,46,6,2025-02-12,2025-02-16,2025-03-09,Delivered,2,26572,6828000
100189,109,22,2025-02-13,2025-02-21,2025-02-22,Delivered,1,125,440000
100190,98,1,2025-02-13,2025-02-21,2025-03-31,Delivered,3,33513,12426000
100191,71,10,2025-02-13,2025-02-22,2025-04-06,Delivered,1,23748,3445000
100192,8,1,2025-02-13,2025-02-19,2025-04-09,Delivered,2,18744,8572000
100193,70,24,2025-02-13,2025-02-20,2025-02-21,Delivered,2,19496,1258000
100194,52,1,2025-02-14,2025-02-17,2025-04-05,Delivered,1,18516,4028000
100195,99,10,2025-02-14,2025-02-21,2025-04-07,Delivered,3,45549,13090000
100196,75,1,2025-02-14,2025-02-17,2025-04-07,Delivered,2,24292,7967000
100197,36,2,2025-02-15,2025-02-19,2025-03-30,Delivered,1,15330,4311000
100198,16,13,2025-02-15,2025-02-22,2025-02-26,Delivered,1,17999,2036000
100199,102,1,2025-02-15,2025-02-22,2025-03-29,Delivered,2,29384,8925000
100200,51,27,2025-02-15,2025-02-24,2025-03-02,Delivered,2,30562,1188000
100201,52,4,2025-02-16,,,Cancelled,1,23307,2967000
100202,50,12,2025-02-17,2025-02-19,2025-03-04,Delivered,3,40956,8965000
100203,51,2,2025-02-17,2025-02-26,2025-04-05,Delivered,4,52684,17298000
100204,59,10,2025-02-17,2025-02-22,2025-03-23,Delivered,8,167912,30589000
100205,28,2,2025-02-17,2025-02-19,2025-03-28,Delivered,1,17587,4105000
100206,84,19,2025-02-17,2025-02-22,2025-02-24,Delivered,1,1205,907000
100207,48,20,2025-02-17,,,Cancelled,1,1819,1054000
100208,62,2,2025-02-17,2025-02-21,2025-04-11,Delivered,4,58556,17578000
100209,73,3,2025-02-18,2025-02-22,2025-03-31,Delivered,1,21493,4604000
100210,15,3,2025-02-18,2025-02-23,2025-04-02,Delivered,1,23996,4076000
100211,100,16,2025-02-18,2025-02-23,2025-02-26,Delivered,1,20867,2164000
100212,13,7,2025-02-19,2025-02-28,2025-03-18,Delivered,2,38532,6620000
100213,84,29,2025-02-19,2025-02-24,2025-02-27,Delivered,1,10902,532000
100214,55,17,2025-02-19,2025-02-27,2025-03-23,Delivered,1,18207,3643000
100215,71,13,2025-02-19,2025-02-28,2025-03-02,Delivered,4,47576,9788000
100216,35,7,2025-02-19,2025-02-28,2025-03-16,Delivered,1,11020,3298000
100217,16,2,2025-02-19,2025-02-25,2025-04-06,Delivered,4,65016,15504000
100218,71,2,2025-02-20,2025-02-25,2025-04-03,Delivered,2,39564,9199000
100219,85,1,2025-02-20,2025-02-28,2025-04-07,Delivered,3,45759,12134000
100220,55,2,2025-02-20,2025-02-24,2025-04-05,Delivered,3,48222,13457000
100221,98,1,2025-02-20,2025-02-28,2025-04-04,Delivered,1,16702,3888000
100222,85,3,2025-02-20,2025-03-01,2025-04-07,Delivered,1,23212,3678000
100223,116,8,2025-02-20,2025-02-24,2025-03-22,Delivered,1,9468,3144000
100224,50,19,2025-02-20,2025-02-22,2025-02-24,Delivered,1,2017,1392000
100225,11,22,2025-02-21,2025-02-23,2025-02-25,Delivered,1,1113,973000
100226,59,4,2025-02-21,,,Cancelled,2,19468,5361000
100227,98,1,2025-02-21,,,Cancelled,1,10936,4821000
100228,62,30,2025-02-21,2025-03-01,2025-03-02,Delivered,1,23206,532000
100229,113,2,2025-02-22,2025-02-25,2025-04-08,Delivered,4,90800,18962000
100230,68,26,2025-02-23,2025-02-26,2025-02-27,Delivered,1,21868,564000
100231,79,9,2025-02-23,2025-02-26,2025-03-23,Delivered,2,47350,8021000
100232,24,26,2025-02-24,2025-03-04,2025-03-08,Delivered,1,20379,630000
100233,58,26,2025-02-24,2025-02-27,2025-02-28,Delivered,1,14151,620000
100234,117,4,2025-02-24,2025-02-27,2025-03-27,Delivered,2,41954,6235000
100235,71,29,2025-02-24,2025-03-01,2025-03-02,Delivered,2,28002,1216000
100236,77,22,2025-02-24,2025-03-04,2025-03-07,Delivered,1,494,572000
100237,58,3,2025-02-24,2025-03-04,2025-04-24,Delivered,2,43814,9311000
100238,98,1,2025-02-25,2025-03-04,2025-04-15,Delivered,8,127840,30028000
100239,35,9,2025-02-25,2025-03-04,2025-03-30,Delivered,2,18290,7963000
100240,69,14,2025-02-25,2025-03-03,2025-03-10,Delivered,8,89936,18435000
100241,85,11,2025-02-26,2025-03-03,2025-04-14,Delivered,1,21262,4912000
100242,82,6,2025-02-26,2025-03-07,2025-04-07,Delivered,6,114786,18446000
100243,7,12,2025-02-26,2025-03-04,2025-03-20,Delivered,2,34230,5090000
100244,55,22,2025-02-26,2025-03-02,2025-03-05,Delivered,1,1162,794000
100245,36,29,2025-02-26,2025-02-28,2025-03-03,Delivered,2,28638,1045000
100246,90,14,2025-02-26,2025-03-03,2025-03-08,Delivered,2,18206,4531000
100247,102,4,2025-02-26,2025-03-05,2025-03-27,Delivered,1,9364,2788000
100248,55,1,2025-02-26,2025-03-04,2025-04-10,Delivered,3,69093,13548000
100249,99,7,2025-02-27,2025-03-04,2025-03-29,Delivered,2,37032,6287000
100250,8,16,2025-02-27,2025-03-02,2025-03-05,Delivered,3,71238,6251000
100251,62,26,2025-02-27,2025-03-07,2025-03-09,Delivered,1,19331,615000
100252,96,4,2025-02-27,2025-03-07,2025-03-28,Delivered,8,163440,27015000
100253,41,13,2025-02-27,2025-03-04,2025-03-08,Delivered,1,9928,2471000
100254,41,23,2025-02-27,2025-03-07,2025-03-08,Delivered,1,2197,1268000
100255,51,22,2025-02-27,2025-03-03,2025-03-05,Delivered,1,265,475000
100256,51,29,2025-02-28,2025-03-03,2025-03-04,Delivered,1,17441,469000
100257,58,19,2025-02-28,2025-03-08,2025-03-11,Delivered,1,1274,1021000
100258,91,1,2025-02-28,,,Cancelled,3,71943,12218000
100259,117,1,2025-02-28,2025-03-08,2025-04-13,Delivered,1,10405,4115000
100260,78,19,2025-03-01,2025-03-10,2025-03-14,Delivered,1,1734,1061000
100261,28,25,2025-03-01,2025-03-10,2025-03-12,Delivered,1,23980,508000
100262,65,21,2025-03-01,2025-03-06,2025-03-08,Delivered,1,361,540000
100263,117,10,2025-03-02,2025-03-05,2025-04-09,Delivered,2,39810,7823000
100264,49,4,2025-03-03,2025-03-11,2025-04-04,Delivered,2,23418,5814000
100265,79,1,2025-03-03,2025-03-10,2025-05-01,Delivered,2,32350,8205000
100266,28,13,2025-03-03,2025-03-06,2025-03-10,Delivered,4,88536,7755000
100267,90,4,2025-03-03,2025-03-10,2025-04-02,Delivered,4,78124,13262000
100268,65,20,2025-03-04,2025-03-12,2025-03-15,Delivered,1,468,516000
100269,28,1,2025-03-04,2025-03-09,2025-04-30,Delivered,2,44162,8753000
100270,48,16,2025-03-04,2025-03-09,2025-03-12,Delivered,2,41072,4560000
100271,35,22,2025-03-04,2025-03-12,2025-03-16,Delivered,1,2089,1219000
100272,68,27,2025-03-04,2025-03-13,2025-03-19,Delivered,2,27246,1055000
100273,53,14,2025-03-04,2025-03-10,2025-03-12,Delivered,1,19289,2002000
100274,41,7,2025-03-04,2025-03-12,2025-03-29,Delivered,2,20136,5421000
100275,98,3,2025-03-05,2025-03-07,2025-04-13,Delivered,2,31826,8713000
100276,71,13,2025-03-05,2025-03-14,2025-03-18,Delivered,8,172000,15128000
100277,102,30,2025-03-05,2025-03-14,2025-03-16,Delivered,1,12462,587000
100278,13,8,2025-03-05,2025-03-08,2025-04-01,Delivered,1,15595,3034000
100279,85,26,2025-03-05,2025-03-12,2025-03-15,Delivered,1,16831,490000
100280,86,25,2025-03-05,2025-03-07,2025-03-08,Delivered,1,19325,490000
100281,88,22,2025-03-06,2025-03-11,2025-03-15,Delivered,1,952,685000
100282,117,5,2025-03-06,2025-03-11,2025-04-02,Delivered,3,51063,8681000
100283,52,3,2025-03-06,2025-03-12,2025-04-17,Delivered,1,23729,3915000
100284,35,1,2025-03-06,2025-03-09,2025-04-16,Delivered,2,46786,9563000
100285,41,1,2025-03-07,2025-03-14,2025-04-20,Delivered,1,12723,3971000
100286,8,3,2025-03-07,2025-03-12,2025-04-20,Delivered,1,15885,4481000
100287,25,25,2025-03-07,2025-03-15,2025-03-16,Delivered,1,10356,520000
100288,98,4,2025-03-07,2025-03-15,2025-04-09,Delivered,8,101840,22880000
100289,98,5,2025-03-08,2025-03-17,2025-04-08,Delivered,2,38420,5484000
100290,28,25,2025-03-08,2025-03-13,2025-03-17,Delivered,1,13146,538000
100291,8,3,2025-03-08,,,Cancelled,8,122104,35945000
100292,51,25,2025-03-08,2025-03-17,2025-03-18,Delivered,1,13868,513000
100293,78,9,2025-03-09,2025-03-14,2025-04-17,Delivered,8,120200,31139000
100294,114,12,2025-03-09,2025-03-15,2025-03-28,Delivered,1,20863,2620000
100295,58,4,2025-03-10,2025-03-17,2025-04-06,Delivered,3,28455,8624000
100296,15,1,2025-03-10,2025-03-15,2025-04-21,Delivered,4,71424,18334000
100297,84,7,2025-03-10,2025-03-12,2025-04-03,Delivered,4,49400,11498000
100298,11,13,2025-03-11,2025-03-20,2025-03-25,Delivered,2,42140,4811000
100299,62,2,2025-03-11,2025-03-18,2025-04-26,Delivered,1,23327,4105000
100300,61,5,2025-03-11,2025-03-19,2025-04-07,Delivered,1,23818,3613000
100301,41,12,2025-03-11,2025-03-18,2025-04-02,Delivered,1,12159,2833000
100302,33,7,2025-03-12,2025-03-19,2025-04-05,Delivered,3,54117,10071000
100303,114,16,2025-03-12,2025-03-14,2025-03-20,Delivered,2,46784,4193000
100304,113,3,2025-03-12,2025-03-21,2025-04-29,Delivered,2,34904,7414000
100305,78,2,2025-03-13,2025-03-21,2025-05-14,Delivered,4,69824,15187000
100306,68,1,2025-03-13,2025-03-19,2025-04-26,Delivered,2,26954,8624000
100307,117,10,2025-03-13,2025-03-16,2025-04-16,Delivered,1,13708,4130000
100308,96,19,2025-03-13,2025-03-21,2025-03-23,Delivered,1,1868,1218000
100309,73,8,2025-03-13,2025-03-22,2025-04-19,Delivered,1,14963,3569000
100310,85,10,2025-03-14,2025-03-21,2025-04-25,Delivered,2,20840,8160000
100311,110,5,2025-03-14,2025-03-23,2025-04-23,Delivered,4,88468,12205000
100312,28,24,2025-03-14,2025-03-17,2025-03-18,Delivered,1,16673,654000
100313,17,6,2025-03-15,,,Cancelled,3,30957,9566000
100314,78,3,2025-03-16,2025-03-19,2025-04-26,Delivered,1,11781,3723000
100315,41,2,2025-03-17,2025-03-25,2025-05-14,Delivered,1,20340,3786000
100316,44,13,2025-03-17,2025-03-23,2025-03-29,Delivered,1,11083,2069000
100317,27,5,2025-03-17,2025-03-25,2025-04-14,Delivered,2,32552,6615000
100318,50,7,2025-03-18,2025-03-25,2025-04-12,Delivered,1,20462,2530000
100319,45,5,2025-03-18,2025-03-26,2025-04-14,Delivered,2,21906,6564000
100320,102,10,2025-03-18,2025-03-21,2025-04-20,Delivered,2,20332,6938000
100321,40,22,2025-03-18,2025-03-23,2025-03-26,Delivered,1,1887,1309000
100322,45,14,2025-03-18,2025-03-20,2025-03-26,Delivered,1,17736,1841000
100323,116,20,2025-03-18,2025-03-24,2025-03-25,Delivered,1,2087,1206000
100324,58,26,2025-03-18,2025-03-22,2025-03-25,Delivered,1,19608,510000
100325,85,25,2025-03-18,2025-03-22,2025-03-24,Delivered,1,17341,508000
100326,90,2,2025-03-19,2025-03-28,2025-05-04,Delivered,2,38060,7353000
100327,17,20,2025-03-19,2025-03-27,2025-03-28,Delivered,1,1137,943000
100328,8,6,2025-03-19,2025-03-26,2025-04-16,Delivered,6,116052,17186000
100329,90,17,2025-03-19,2025-03-23,2025-04-14,Delivered,1,17501,3194000
100330,103,25,2025-03-19,,,Cancelled,1,23298,474000
100331,68,27,2025-03-20,2025-03-26,2025-03-27,Delivered,1,21593,574000
100332,54,9,2025-03-20,2025-03-22,2025-04-17,Delivered,1,23756,3645000
100333,8,3,2025-03-20,2025-03-23,2025-04-30,Delivered,3,70419,13529000
100334,32,9,2025-03-20,2025-03-24,2025-04-22,Delivered,2,35992,6759000
100335,103,9,2025-03-20,2025-03-29,2025-04-26,Delivered,1,20596,3946000
100336,26,5,2025-03-21,2025-03-28,2025-04-24,Delivered,2,42292,7231000
100337,111,14,2025-03-21,2025-03-26,2025-03-28,Delivered,3,49683,6131000
100338,75,22,2025-03-21,2025-03-26,2025-03-29,Delivered,1,2272,1184000
100339,52,14,2025-03-21,,,Cancelled,6,98136,14380000
100340,85,4,2025-03-21,2025-03-26,2025-04-14,Delivered,1,18244,3533000
100341,68,27,2025-03-21,2025-03-30,2025-03-31,Delivered,2,44178,1224000
100342,99,1,2025-03-21,,,Cancelled,1,16632,4050000
100343,52,30,2025-03-21,2025-03-23,2025-03-25,Delivered,1,17044,517000
100344,79,1,2025-03-22,2025-03-26,2025-04-30,Delivered,1,23080,4322000
100345,68,27,2025-03-22,,,Cancelled,2,32516,1234000
100346,45,6,2025-03-22,,,Cancelled,1,19698,3391000
100347,114,25,2025-03-22,2025-03-29,2025-03-31,Delivered,1,19124,587000
100348,26,10,2025-03-24,2025-03-26,2025-04-26,Delivered,3,64878,10804000
100349,28,30,2025-03-24,2025-03-27,2025-03-28,Delivered,1,9682,583000
100350,114,6,2025-03-24,2025-03-31,2025-04-22,Delivered,2,27288,5721000
100351,35,26,2025-03-24,2025-03-26,2025-03-27,Delivered,1,15162,488000
100352,11,25,2025-03-25,2025-03-27,2025-03-30,Delivered,1,15441,576000
100353,110,6,2025-03-25,2025-03-27,2025-04-16,Delivered,6,89196,16711000
100354,51,21,2025-03-25,2025-04-02,2025-04-04,Delivered,1,2296,1221000
100355,11,1,2025-03-25,2025-03-29,2025-05-04,Delivered,4,61112,16957000
100356,28,4,2025-03-25,2025-03-29,2025-04-17,Delivered,8,125184,24674000
100357,11,23,2025-03-26,2025-03-28,2025-03-29,Delivered,1,119,451000
100358,55,2,2025-03-26,2025-03-28,2025-05-05,Delivered,3,59274,12250000
100359,55,21,2025-03-26,2025-04-04,2025-04-06,Delivered,1,349,575000
100360,98,3,2025-03-26,2025-04-03,2025-05-09,Delivered,6,60978,27732000
100361,97,1,2025-03-26,2025-03-30,2025-05-07,Delivered,6,131058,27363000
100362,96,16,2025-03-26,2025-04-03,2025-04-07,Delivered,8,154144,14672000
100363,50,24,2025-03-26,2025-04-01,2025-04-05,Delivered,1,9544,496000
100364,110,1,2025-03-26,2025-03-29,2025-05-05,Delivered,3,63519,10755000
100365,116,1,2025-03-27,2025-03-30,2025-05-06,Delivered,1,22104,3977000
100366,25,9,2025-03-27,2025-03-30,2025-04-27,Delivered,1,23732,3401000
100367,98,6,2025-03-27,,,Cancelled,2,44952,6600000
100368,26,17,2025-03-27,2025-03-29,2025-04-20,Delivered,2,37734,6892000
100369,116,16,2025-03-27,2025-04-04,2025-04-09,Delivered,4,36396,8518000
100370,68,4,2025-03-28,2025-04-03,2025-04-23,Delivered,2,45446,6999000
100371,110,26,2025-03-28,2025-04-03,2025-04-05,Delivered,1,20911,619000
100372,102,2,2025-03-28,2025-04-02,2025-05-19,Delivered,1,15129,4926000
100373,28,21,2025-03-28,2025-04-01,2025-04-02,Delivered,1,1621,1069000
100374,55,12,2025-03-28,,,Cancelled,4,84252,11918000
100375,39,3,2025-03-28,2025-03-31,2025-05-08,Delivered,2,30406,8178000
100376,13,18,2025-03-28,2025-03-31,2025-04-22,Delivered,6,67428,18585000
100377,118,25,2025-03-29,,,Cancelled,1,19246,552000
100378,116,9,2025-03-29,2025-04-02,2025-04-28,Delivered,3,65106,9682000
100379,111,27,2025-03-29,2025-04-02,2025-04-05,Delivered,1,12159,586000
100380,98,1,2025-03-29,2025-04-01,2025-05-07,Delivered,2,43136,7714000
100381,11,1,2025-03-30,2025-04-06,2025-05-13,Delivered,6,56568,22066000
100382,41,29,2025-03-30,2025-04-04,2025-04-05,Delivered,1,19699,570000
100383,51,14,2025-03-31,,,Cancelled,2,34766,4254000
100384,110,19,2025-03-31,2025-04-03,2025-04-04,Delivered,1,1676,990000
100385,98,6,2025-03-31,2025-04-06,2025-04-28,Delivered,2,32454,7047000
100386,111,3,2025-03-31,2025-04-07,2025-05-18,Delivered,6,92118,21939000
100387,102,9,2025-03-31,2025-04-08,2025-05-06,Delivered,1,22297,4032000
100388,35,20,2025-03-31,2025-04-05,2025-04-06,Delivered,1,277,477000
100389,55,3,2025-03-31,2025-04-09,2025-05-29,Delivered,6,61338,28986000
100390,96,14,2025-03-31,2025-04-05,2025-04-10,Delivered,3,38169,5653000
100391,41,2,2025-04-01,2025-04-08,2025-05-17,Delivered,3,55401,14698000
100392,63,9,2025-04-01,2025-04-03,2025-05-02,Delivered,8,191720,25062000
100393,116,9,2025-04-01,2025-04-07,2025-05-03,Delivered,6,90606,21964000
100394,50,2,2025-04-01,2025-04-03,2025-05-27,Delivered,3,46140,13269000
100395,27,21,2025-04-01,2025-04-07,2025-04-08,Delivered,1,995,717000
100396,114,25,2025-04-01,2025-04-03,2025-04-05,Delivered,1,16222,603000
100397,103,12,2025-04-01,2025-04-04,2025-04-17,Delivered,2,28028,5885000
100398,68,13,2025-04-01,2025-04-03,2025-04-07,Delivered,8,165704,14716000
100399,52,9,2025-04-02,2025-04-04,2025-04-30,Delivered,1,9630,3579000
100400,29,6,2025-04-02,2025-04-05,2025-04-28,Delivered,6,93870,17722000
100401,68,11,2025-04-02,2025-04-08,2025-05-17,Delivered,6,73710,24331000
100402,68,5,2025-04-02,2025-04-07,2025-04-29,Delivered,2,30284,6438000
100403,51,6,2025-04-02,2025-04-11,2025-05-12,Delivered,6,91560,17552000
100404,78,1,2025-04-03,,,Cancelled,1,16671,4670000
100405,35,8,2025-04-03,2025-04-07,2025-04-30,Delivered,2,27000,7935000
100406,17,21,2025-04-03,2025-04-09,2025-04-11,Delivered,1,2137,1139000
100407,116,3,2025-04-03,2025-04-09,2025-05-18,Delivered,6,56856,24631000
100408,68,1,2025-04-03,2025-04-10,2025-05-15,Delivered,4,89088,15623000
100409,41,8,2025-04-03,2025-04-09,2025-05-12,Delivered,4,40828,15475000
100410,58,21,2025-04-03,2025-04-12,2025-04-13,Delivered,1,1501,1016000
100411,68,15,2025-04-03,2025-04-07,2025-04-14,Delivered,8,163264,17312000
100412,102,4,2025-04-04,2025-04-09,2025-04-30,Delivered,4,94024,11837000
100413,78,8,2025-04-04,2025-04-09,2025-05-04,Delivered,2,19904,5947000
100414,27,11,2025-04-04,2025-04-11,2025-05-20,Delivered,2,35648,7617000
100415,68,4,2025-04-05,2025-04-13,2025-05-06,Delivered,8,90952,21798000
100416,77,12,2025-04-05,2025-04-10,2025-04-25,Delivered,8,145456,24376000
100417,90,8,2025-04-05,2025-04-07,2025-05-03,Delivered,2,26092,6987000
100418,85,27,2025-04-05,2025-04-10,2025-04-13,Delivered,1,13895,582000
100419,77,8,2025-04-06,2025-04-11,2025-05-07,Delivered,1,19443,3656000
100420,50,9,2025-04-07,2025-04-10,2025-05-06,Delivered,3,70032,10660000
100421,117,10,2025-04-07,2025-04-14,2025-05-13,Delivered,2,33784,8720000
100422,99,8,2025-04-07,2025-04-11,2025-05-13,Delivered,1,14951,3638000
100423,103,3,2025-04-07,2025-04-16,2025-05-24,Delivered,3,53196,14095000
100424,14,4,2025-04-07,2025-04-16,2025-05-04,Delivered,3,59889,9108000
100425,73,4,2025-04-07,2025-04-12,2025-05-02,Delivered,2,44394,7036000
100426,90,5,2025-04-07,2025-04-12,2025-05-03,Delivered,2,23036,5654000
100427,111,25,2025-04-07,2025-04-13,2025-04-15,Delivered,2,31630,1032000
100428,98,19,2025-04-08,2025-04-13,2025-04-15,Delivered,1,1347,825000
100429,14,8,2025-04-08,2025-04-11,2025-05-05,Delivered,2,21372,7338000
100430,41,8,2025-04-08,2025-04-13,2025-05-08,Delivered,8,165280,24499000
100431,68,29,2025-04-08,2025-04-13,2025-04-14,Delivered,1,16272,527000
100432,55,9,2025-04-08,2025-04-12,2025-05-12,Delivered,1,13297,3147000
100433,28,1,2025-04-08,2025-04-14,2025-05-25,Delivered,3,70008,14267000
100434,79,4,2025-04-08,2025-04-17,2025-05-07,Delivered,3,48318,9920000
100435,8,14,2025-04-08,2025-04-10,2025-04-14,Delivered,2,21816,4212000
100436,36,4,2025-04-09,2025-04-15,2025-05-04,Delivered,1,20350,3372000
100437,89,24,2025-04-09,2025-04-16,2025-04-18,Delivered,1,16215,493000
100438,103,6,2025-04-09,2025-04-13,2025-05-15,Delivered,2,38002,6461000
100439,90,19,2025-04-09,2025-04-13,2025-04-16,Delivered,1,2314,1510000
100440,68,5,2025-04-09,2025-04-18,2025-05-10,Delivered,6,61266,16376000
100441,110,9,2025-04-10,2025-04-19,2025-05-16,Delivered,1,22678,3984000
100442,102,13,2025-04-10,2025-04-14,2025-04-21,Delivered,3,70203,6616000
100443,25,2,2025-04-10,,,Cancelled,3,42444,14203000
100444,103,5,2025-04-10,2025-04-16,2025-05-08,Delivered,4,79984,13580000
100445,71,26,2025-04-10,2025-04-17,2025-04-18,Delivered,1,10365,617000
100446,41,3,2025-04-10,2025-04-19,2025-05-27,Delivered,1,22766,3988000
100447,84,13,2025-04-11,2025-04-18,2025-04-21,Delivered,2,24362,4542000
100448,65,24,2025-04-11,2025-04-19,2025-04-21,Delivered,1,20583,555000
100449,90,28,2025-04-11,2025-04-13,2025-04-14,Delivered,1,21168,543000
100450,97,14,2025-04-12,2025-04-18,2025-04-25,Delivered,1,15040,1857000
100451,62,19,2025-04-14,2025-04-17,2025-04-19,Delivered,1,2323,1451000
100452,85,28,2025-04-14,2025-04-19,2025-04-21,Delivered,2,23826,968000
100453,39,13,2025-04-14,2025-04-19,2025-04-23,Delivered,6,68652,11464000
100454,44,11,2025-04-14,2025-04-23,2025-06-04,Delivered,2,22900,9595000
100455,36,5,2025-04-14,2025-04-22,2025-05-13,Delivered,6,113286,21893000
100456,98,12,2025-04-14,,,Cancelled,4,39868,12693000
100457,52,1,2025-04-14,2025-04-22,2025-05-30,Delivered,8,82600,36636000
100458,55,28,2025-04-14,2025-04-16,2025-04-18,Delivered,1,9843,511000
100459,79,9,2025-04-15,2025-04-24,2025-05-20,Delivered,4,39340,15199000
100460,55,19,2025-04-15,2025-04-21,2025-04-23,Delivered,1,1580,1164000
100461,68,26,2025-04-15,2025-04-19,2025-04-20,Delivered,1,23124,486000
100462,102,4,2025-04-15,2025-04-18,2025-05-06,Delivered,1,20932,3355000
100463,17,10,2025-04-15,2025-04-17,2025-05-17,Delivered,2,44348,7260000
100464,28,24,2025-04-15,2025-04-23,2025-04-25,Delivered,1,13329,604000
100465,13,1,2025-04-15,2025-04-19,2025-05-24,Delivered,6,66078,27651000
100466,11,26,2025-04-16,2025-04-23,2025-04-26,Delivered,1,10292,621000
100467,40,22,2025-04-16,2025-04-20,2025-04-23,Delivered,1,1145,984000
100468,11,21,2025-04-16,2025-04-23,2025-04-25,Delivered,1,934,869000
100469,55,24,2025-04-16,2025-04-25,2025-04-27,Delivered,1,9997,508000
100470,97,28,2025-04-16,2025-04-20,2025-04-24,Delivered,1,15088,583000
100471,8,21,2025-04-16,2025-04-21,2025-04-23,Delivered,1,1519,1059000
100472,37,16,2025-04-16,2025-04-20,2025-04-25,Delivered,1,21148,2075000
100473,80,24,2025-04-16,2025-04-21,2025-04-26,Delivered,1,15483,594000
100474,27,1,2025-04-17,2025-04-25,2025-06-02,Delivered,2,36128,7650000
100475,28,25,2025-04-17,2025-04-22,2025-04-23,Delivered,1,11595,638000
100476,98,15,2025-04-17,2025-04-22,2025-04-28,Delivered,2,37606,4383000
100477,26,9,2025-04-17,,,Cancelled,6,58506,23630000
100478,37,9,2025-04-17,2025-04-23,2025-05-21,Delivered,1,18196,4032000
100479,79,2,2025-04-17,2025-04-24,2025-06-02,Delivered,3,48744,13222000
100480,110,9,2025-04-17,2025-04-19,2025-05-26,Delivered,2,40882,7722000
100481,13,11,2025-04-17,2025-04-21,2025-06-02,Delivered,2,22090,9782000
100482,51,3,2025-04-18,2025-04-22,2025-05-30,Delivered,1,15099,4771000
100483,84,3,2025-04-18,2025-04-23,2025-06-12,Delivered,6,117210,29269000
100484,62,8,2025-04-18,2025-04-25,2025-05-21,Delivered,2,44522,7502000
100485,35,8,2025-04-18,2025-04-22,2025-05-15,Delivered,6,79638,22402000
100486,70,4,2025-04-18,2025-04-26,2025-05-17,Delivered,1,20569,3580000
100487,28,2,2025-04-18,2025-04-26,2025-06-02,Delivered,1,17014,3963000
100488,110,16,2025-04-18,2025-04-21,2025-04-23,Delivered,2,37288,4636000
100489,79,11,2025-04-18,2025-04-23,2025-06-04,Delivered,2,30082,8258000
100490,52,1,2025-04-19,2025-04-23,2025-05-28,Delivered,1,14231,4051000
100491,61,24,2025-04-19,2025-04-27,2025-04-30,Delivered,1,12547,506000
100492,39,4,2025-04-19,2025-04-27,2025-05-16,Delivered,1,17339,3285000
100493,55,4,2025-04-20,2025-04-27,2025-05-24,Delivered,2,37064,5484000
100494,79,1,2025-04-21,2025-04-24,2025-05-30,Delivered,1,17472,4549000
100495,63,2,2025-04-21,2025-04-26,2025-06-14,Delivered,3,60177,12218000
100496,41,20,2025-04-21,2025-04-25,2025-04-28,Delivered,1,1320,909000
100497,116,27,2025-04-22,2025-04-24,2025-04-25,Delivered,1,22355,580000
100498,97,24,2025-04-22,2025-04-28,2025-04-29,Delivered,1,11629,565000
100499,113,19,2025-04-22,2025-05-01,2025-05-03,Delivered,1,1946,1082000
100500,55,29,2025-04-22,2025-04-30,2025-05-01,Delivered,1,13074,578000
100501,24,13,2025-04-22,2025-04-30,2025-05-02,Delivered,6,65628,11342000
100502,28,16,2025-04-22,2025-04-28,2025-05-01,Delivered,4,82584,8518000
100503,110,5,2025-04-22,2025-04-29,2025-05-18,Delivered,2,28162,6259000
100504,33,2,2025-04-22,2025-04-25,2025-06-05,Delivered,1,23071,4837000
100505,55,7,2025-04-23,2025-04-28,2025-05-16,Delivered,3,38709,7950000
100506,90,11,2025-04-23,,,Cancelled,1,12672,3870000
100507,117,1,2025-04-23,2025-05-02,2025-06-23,Delivered,1,17859,4518000
100508,13,10,2025-04-23,2025-04-30,2025-05-31,Delivered,2,21846,7247000
100509,83,2,2025-04-23,2025-04-26,2025-06-03,Delivered,2,47460,7492000
100510,57,24,2025-04-23,2025-04-27,2025-04-29,Delivered,2,37378,1098000
100511,90,9,2025-04-23,2025-05-02,2025-05-29,Delivered,3,34071,10580000
100512,63,9,2025-04-23,2025-04-27,2025-05-25,Delivered,4,64540,15511000
100513,103,2,2025-04-24,2025-04-27,2025-06-07,Delivered,1,14429,4760000
100514,114,17,2025-04-24,2025-05-01,2025-05-22,Delivered,2,29132,7117000
100515,68,26,2025-04-24,2025-05-03,2025-05-05,Delivered,1,11926,494000
100516,85,24,2025-04-24,2025-04-30,2025-05-02,Delivered,1,21411,533000
100517,51,2,2025-04-24,2025-04-29,2025-06-07,Delivered,3,56439,12556000
100518,33,14,2025-04-25,2025-05-02,2025-05-05,Delivered,4,54796,8386000
100519,35,7,2025-04-25,,,Cancelled,1,23091,3252000
100520,84,5,2025-04-25,2025-05-03,2025-05-25,Delivered,1,20315,3150000
100521,15,11,2025-04-25,2025-05-03,2025-06-14,Delivered,1,12595,3954000
100522,41,23,2025-04-25,2025-04-29,2025-04-30,Delivered,1,661,657000
100523,68,5,2025-04-26,,,Cancelled,6,63312,20399000
100524,71,13,2025-04-27,2025-05-04,2025-05-09,Delivered,1,16949,1949000
100525,102,26,2025-04-28,,,Cancelled,1,18070,623000
100526,28,14,2025-04-28,2025-05-07,2025-05-09,Delivered,2,45470,3750000
100527,58,26,2025-04-28,2025-05-02,2025-05-03,Delivered,1,13533,530000
100528,80,20,2025-04-28,2025-05-01,2025-05-02,Delivered,1,2325,1372000
100529,50,1,2025-04-28,2025-05-07,2025-06-29,Delivered,1,15973,4612000
100530,73,8,2025-04-29,2025-05-02,2025-05-30,Delivered,3,60648,9533000
100531,88,15,2025-04-29,2025-05-02,2025-05-12,Delivered,1,17213,2175000
100532,71,1,2025-04-29,2025-05-06,2025-06-28,Delivered,2,23672,9106000
100533,98,1,2025-04-30,2025-05-02,2025-06-06,Delivered,1,17724,4266000
100534,63,3,2025-04-30,2025-05-09,2025-06-15,Delivered,2,19186,8093000
100535,41,12,2025-04-30,2025-05-09,2025-05-24,Delivered,4,81308,10691000
100536,77,5,2025-04-30,2025-05-04,2025-05-26,Delivered,4,95536,11581000
100537,39,1,2025-05-01,2025-05-05,2025-06-12,Delivered,2,29444,8243000
100538,33,16,2025-05-01,2025-05-03,2025-05-04,Delivered,1,10584,2120000
100539,34,1,2025-05-01,2025-05-08,2025-06-15,Delivered,4,68092,18370000
100540,16,5,2025-05-01,2025-05-07,2025-05-26,Delivered,4,80960,12433000
100541,37,27,2025-05-01,2025-05-08,2025-05-11,Delivered,1,19508,549000
100542,41,15,2025-05-01,2025-05-03,2025-05-08,Delivered,1,20071,2530000
100543,98,5,2025-05-02,2025-05-11,2025-06-01,Delivered,4,67612,13704000
100544,15,25,2025-05-02,2025-05-05,2025-05-08,Delivered,1,9042,584000
100545,11,25,2025-05-02,2025-05-11,2025-05-12,Delivered,1,23396,571000
100546,75,14,2025-05-02,2025-05-10,2025-05-14,Delivered,1,19717,2166000
100547,97,8,2025-05-03,2025-05-10,2025-06-03,Delivered,2,20080,7097000
100548,103,1,2025-05-03,2025-05-08,2025-06-12,Delivered,1,11868,4566000
100549,64,11,2025-05-05,2025-05-11,2025-06-20,Delivered,2,18230,8208000
100550,17,1,2025-05-05,2025-05-14,2025-06-24,Delivered,1,15109,3658000
100551,50,25,2025-05-05,2025-05-10,2025-05-11,Delivered,1,20117,529000
100552,51,2,2025-05-06,2025-05-13,2025-06-21,Delivered,2,45914,8463000
100553,77,10,2025-05-06,2025-05-11,2025-06-09,Delivered,1,11559,4204000
100554,56,27,2025-05-06,2025-05-14,2025-05-16,Delivered,1,13021,575000
100555,98,24,2025-05-06,2025-05-13,2025-05-15,Delivered,1,22593,617000
100556,8,20,2025-05-07,2025-05-09,2025-05-10,Delivered,1,1856,1125000
100557,35,10,2025-05-07,2025-05-11,2025-06-14,Delivered,1,17753,3946000
100558,46,17,2025-05-07,2025-05-15,2025-06-05,Delivered,3,71625,9368000
100559,57,7,2025-05-07,2025-05-12,2025-05-27,Delivered,2,28978,6501000
100560,13,3,2025-05-07,2025-05-15,2025-06-21,Delivered,2,26842,9162000
100561,90,26,2025-05-08,,,Cancelled,2,36632,1269000
100562,78,13,2025-05-08,2025-05-17,2025-05-23,Delivered,4,61012,7511000
100563,110,16,2025-05-08,2025-05-14,2025-05-16,Delivered,3,63789,5672000
100564,35,1,2025-05-09,2025-05-12,2025-06-18,Delivered,2,38936,8746000
100565,109,24,2025-05-09,,,Cancelled,1,16510,496000
100566,18,30,2025-05-09,2025-05-11,2025-05-12,Delivered,1,18775,538000
100567,13,28,2025-05-09,2025-05-16,2025-05-17,Delivered,1,21310,592000
100568,63,13,2025-05-09,2025-05-18,2025-05-24,Delivered,2,46232,4665000
100569,78,9,2025-05-09,2025-05-15,2025-06-22,Delivered,2,19396,7967000
100570,48,2,2025-05-09,2025-05-17,2025-07-09,Delivered,2,44868,9627000
100571,79,5,2025-05-10,,,Cancelled,2,33832,6437000
100572,99,1,2025-05-11,2025-05-18,2025-06-23,Delivered,1,15686,3876000
100573,110,5,2025-05-11,2025-05-17,2025-06-08,Delivered,6,76836,16359000
100574,55,6,2025-05-12,2025-05-20,2025-06-09,Delivered,8,180960,30026000
100575,16,10,2025-05-12,2025-05-21,2025-06-30,Delivered,2,45536,7935000
100576,11,19,2025-05-12,2025-05-18,2025-05-20,Delivered,1,626,635000
100577,50,2,2025-05-12,2025-05-15,2025-06-22,Delivered,2,30692,8106000
100578,68,4,2025-05-12,2025-05-14,2025-06-04,Delivered,8,157816,27607000
100579,110,21,2025-05-12,2025-05-19,2025-05-20,Delivered,1,1378,901000
100580,45,8,2025-05-12,2025-05-19,2025-06-12,Delivered,1,9103,3336000
100581,50,13,2025-05-13,2025-05-19,2025-05-24,Delivered,3,39777,6190000
100582,35,19,2025-05-13,2025-05-16,2025-05-18,Delivered,1,1553,885000
100583,96,30,2025-05-13,,,Cancelled,1,11672,560000
100584,114,8,2025-05-13,2025-05-15,2025-06-11,Delivered,2,29574,6045000
100585,116,2,2025-05-13,2025-05-16,2025-07-04,Delivered,1,19841,4892000
100586,35,17,2025-05-13,2025-05-18,2025-06-09,Delivered,6,113934,22394000
100587,77,15,2025-05-13,2025-05-18,2025-05-24,Delivered,2,39846,4172000
100588,24,29,2025-05-13,2025-05-17,2025-05-18,Delivered,2,47888,1016000
100589,102,1,2025-05-14,2025-05-22,2025-07-04,Delivered,2,30186,7578000
100590,86,4,2025-05-14,2025-05-18,2025-06-08,Delivered,4,53940,11315000
100591,114,8,2025-05-14,2025-05-19,2025-06-11,Delivered,3,59034,11896000
100592,79,24,2025-05-15,2025-05-23,2025-05-25,Delivered,1,13280,597000
100593,27,13,2025-05-15,2025-05-23,2025-05-26,Delivered,4,79012,8214000
100594,55,1,2025-05-15,2025-05-22,2025-06-29,Delivered,3,66789,13129000
100595,11,2,2025-05-15,2025-05-17,2025-07-08,Delivered,1,14128,4711000
100596,84,29,2025-05-15,2025-05-20,2025-05-23,Delivered,1,10297,511000
100597,40,13,2025-05-16,2025-05-21,2025-05-27,Delivered,1,21845,2279000
100598,41,19,2025-05-16,2025-05-19,2025-05-20,Delivered,1,1866,1274000
100599,116,5,2025-05-16,2025-05-19,2025-06-13,Delivered,1,12002,3398000
100600,8,8,2025-05-16,2025-05-18,2025-06-15,Delivered,2,32824,6498000
100601,98,27,2025-05-16,2025-05-20,2025-05-24,Delivered,1,11107,628000
100602,71,4,2025-05-16,2025-05-22,2025-06-10,Delivered,2,23164,6773000
100603,35,28,2025-05-17,2025-05-19,2025-05-20,Delivered,1,11567,561000
100604,27,16,2025-05-17,2025-05-23,2025-05-27,Delivered,2,31090,4062000
100605,113,14,2025-05-17,2025-05-20,2025-05-26,Delivered,3,40782,6420000
100606,90,3,2025-05-18,2025-05-22,2025-06-27,Delivered,2,27634,9212000
100607,52,7,2025-05-18,2025-05-20,2025-06-12,Delivered,1,23490,3035000
100608,39,2,2025-05-19,2025-05-23,2025-07-01,Delivered,3,28734,12909000
100609,41,26,2025-05-19,2025-05-27,2025-05-29,Delivered,2,46440,1016000
100610,51,21,2025-05-19,2025-05-24,2025-05-25,Delivered,1,159,459000
100611,51,25,2025-05-19,2025-05-26,2025-05-27,Delivered,1,23488,483000
100612,98,5,2025-05-19,2025-05-26,2025-06-17,Delivered,2,18822,6084000
100613,42,2,2025-05-19,2025-05-21,2025-06-29,Delivered,6,94122,29654000
100614,89,6,2025-05-19,,,Cancelled,4,44476,14317000
100615,111,1,2025-05-19,2025-05-25,2025-07-03,Delivered,6,143772,25843000
100616,40,29,2025-05-20,2025-05-28,2025-05-29,Delivered,1,10312,564000
100617,85,22,2025-05-20,2025-05-22,2025-05-25,Delivered,1,1465,909000
100618,46,2,2025-05-20,2025-05-27,2025-07-04,Delivered,1,12007,3893000
100619,35,16,2025-05-20,2025-05-27,2025-06-01,Delivered,3,27879,6024000
100620,84,25,2025-05-20,2025-05-26,2025-05-30,Delivered,1,17753,630000
100621,35,19,2025-05-20,2025-05-24,2025-05-25,Delivered,1,457,572000
100622,98,1,2025-05-20,,,Cancelled,3,54696,12624000
100623,28,25,2025-05-21,2025-05-27,2025-05-28,Delivered,1,9493,582000
100624,92,24,2025-05-21,2025-05-30,2025-05-31,Delivered,1,23470,540000
100625,15,4,2025-05-21,2025-05-24,2025-06-12,Delivered,6,112482,17003000
100626,45,1,2025-05-21,2025-05-26,2025-06-30,Delivered,1,17801,3763000
100627,107,1,2025-05-21,2025-05-23,2025-06-27,Delivered,1,12405,4118000
100628,68,1,2025-05-21,2025-05-28,2025-07-10,Delivered,2,40774,9056000
100629,51,19,2025-05-21,2025-05-26,2025-05-27,Delivered,1,104,413000
100630,17,27,2025-05-21,2025-05-30,2025-06-05,Delivered,1,22499,577000
100631,33,9,2025-05-22,,,Cancelled,1,14001,3786000
100632,28,1,2025-05-22,2025-05-27,2025-07-03,Delivered,8,168240,30773000
100633,84,2,2025-05-22,2025-05-26,2025-07-14,Delivered,3,63552,14865000
100634,99,26,2025-05-22,2025-05-31,2025-06-02,Delivered,2,47198,1109000
100635,85,11,2025-05-22,2025-05-28,2025-07-06,Delivered,6,124704,22860000
100636,77,11,2025-05-22,2025-05-25,2025-07-03,Delivered,2,32044,8809000
100637,97,1,2025-05-22,2025-05-27,2025-07-01,Delivered,1,23332,4598000
100638,116,19,2025-05-22,2025-05-26,2025-05-28,Delivered,1,1277,974000
100639,68,5,2025-05-23,2025-05-26,2025-06-17,Delivered,4,52228,13531000
100640,90,3,2025-05-23,2025-05-30,2025-07-23,Delivered,3,40761,10967000
100641,15,25,2025-05-23,2025-05-30,2025-06-01,Delivered,1,12187,603000
100642,114,1,2025-05-23,2025-05-28,2025-07-04,Delivered,2,23918,8266000
100643,98,17,2025-05-23,2025-05-31,2025-07-01,Delivered,3,70317,11290000
100644,8,12,2025-05-23,2025-05-28,2025-06-10,Delivered,2,42522,5500000
100645,103,13,2025-05-24,2025-05-30,2025-06-01,Delivered,4,79032,9494000
100646,79,24,2025-05-25,2025-05-27,2025-05-28,Delivered,1,10484,588000
100647,76,1,2025-05-26,,,Cancelled,6,69240,21511000
100648,110,11,2025-05-26,2025-05-31,2025-07-09,Delivered,8,135528,35340000
100649,78,27,2025-05-26,2025-05-30,2025-06-03,Delivered,1,15572,593000
100650,16,2,2025-05-26,2025-06-03,2025-07-10,Delivered,1,15635,4059000
100651,16,30,2025-05-26,2025-05-30,2025-06-02,Delivered,1,19482,463000
100652,8,28,2025-05-27,2025-05-31,2025-06-01,Delivered,1,13608,606000
100653,42,4,2025-05-27,2025-05-29,2025-06-19,Delivered,4,67288,11079000
100654,11,5,2025-05-27,2025-05-30,2025-06-29,Delivered,1,14246,3173000
100655,91,5,2025-05-27,,,Cancelled,3,51237,9669000
100656,117,8,2025-05-27,2025-06-05,2025-07-10,Delivered,6,102768,18691000
100657,104,1,2025-05-27,2025-06-02,2025-07-23,Delivered,1,14674,4060000
100658,35,19,2025-05-28,2025-06-05,2025-06-07,Delivered,1,1615,1083000
100659,96,5,2025-05-28,2025-06-01,2025-07-01,Delivered,1,13629,3311000
100660,77,19,2025-05-28,2025-05-31,2025-06-02,Delivered,1,507,623000
100661,65,10,2025-05-28,,,Cancelled,2,38788,8641000
100662,15,29,2025-05-28,2025-06-05,2025-06-07,Delivered,1,13739,565000
100663,26,14,2025-05-28,2025-06-02,2025-06-09,Delivered,2,29816,4894000
100664,37,8,2025-05-29,2025-06-01,2025-07-05,Delivered,1,15642,3015000
100665,79,1,2025-05-29,2025-06-06,2025-07-17,Delivered,1,10394,4118000
100666,27,1,2025-05-29,2025-06-04,2025-07-26,Delivered,1,20927,4394000
100667,55,1,2025-05-29,2025-06-01,2025-07-08,Delivered,2,31010,9096000
100668,98,5,2025-05-29,2025-06-07,2025-06-29,Delivered,3,69891,10338000
100669,25,11,2025-05-30,2025-06-02,2025-07-12,Delivered,1,21794,4481000
100670,71,13,2025-05-30,2025-06-07,2025-06-11,Delivered,8,181168,17090000
100671,84,6,2025-05-30,2025-06-06,2025-07-01,Delivered,1,21165,2854000
100672,46,8,2025-05-30,2025-06-07,2025-07-08,Delivered,3,56145,11684000
100673,111,3,2025-05-30,2025-06-05,2025-07-14,Delivered,1,23350,4808000
100674,36,2,2025-05-31,2025-06-02,2025-07-10,Delivered,3,43485,11454000
100675,110,15,2025-05-31,2025-06-07,2025-06-17,Delivered,4,80952,9837000
100676,103,3,2025-06-02,2025-06-07,2025-07-14,Delivered,1,22371,3816000
100677,14,15,2025-06-02,2025-06-07,2025-06-13,Delivered,3,32709,6256000
100678,8,24,2025-06-02,2025-06-05,2025-06-09,Delivered,1,22933,614000
100679,102,4,2025-06-03,2025-06-05,2025-06-24,Delivered,3,70599,9593000
100680,11,1,2025-06-03,2025-06-05,2025-07-13,Delivered,3,40986,13446000
100681,52,21,2025-06-03,2025-06-10,2025-06-12,Delivered,1,1465,927000
100682,50,2,2025-06-04,2025-06-10,2025-07-20,Delivered,6,59892,24035000
100683,84,25,2025-06-04,2025-06-13,2025-06-15,Delivered,1,17145,557000
100684,41,5,2025-06-04,2025-06-06,2025-06-26,Delivered,6,59664,17826000
100685,41,13,2025-06-05,2025-06-12,2025-06-17,Delivered,3,29373,5753000
100686,8,2,2025-06-05,2025-06-11,2025-07-19,Delivered,1,9614,4088000
100687,27,6,2025-06-05,2025-06-09,2025-06-29,Delivered,2,25564,5886000
100688,85,28,2025-06-05,2025-06-13,2025-06-16,Delivered,1,11234,631000
100689,102,2,2025-06-05,2025-06-07,2025-07-14,Delivered,3,69402,12764000
100690,27,26,2025-06-06,2025-06-13,2025-06-15,Delivered,1,19446,619000
100691,26,12,2025-06-06,2025-06-09,2025-06-24,Delivered,2,34270,5663000
100692,17,24,2025-06-06,2025-06-11,2025-06-13,Delivered,2,45746,1199000
100693,110,27,2025-06-07,2025-06-15,2025-06-18,Delivered,2,25940,1267000
100694,35,1,2025-06-08,2025-06-13,2025-07-20,Delivered,2,46410,9087000
100695,78,4,2025-06-09,,,Cancelled,1,18031,3590000
100696,68,30,2025-06-09,2025-06-17,2025-06-18,Delivered,2,35622,935000
100697,50,10,2025-06-09,2025-06-12,2025-07-18,Delivered,2,32654,8529000
100698,98,1,2025-06-09,2025-06-16,2025-07-24,Delivered,4,47032,16770000
100699,15,16,2025-06-09,2025-06-14,2025-06-19,Delivered,2,47014,4684000
100700,51,7,2025-06-09,2025-06-18,2025-07-11,Delivered,2,35948,6111000
100701,117,24,2025-06-10,2025-06-14,2025-06-18,Delivered,1,22249,595000
100702,86,3,2025-06-10,2025-06-16,2025-08-08,Delivered,8,121880,29888000
100703,58,28,2025-06-10,2025-06-19,2025-06-20,Delivered,1,19479,597000
100704,8,1,2025-06-10,2025-06-19,2025-07-29,Delivered,1,10905,4691000
100705,98,29,2025-06-10,2025-06-15,2025-06-16,Delivered,1,17088,583000
100706,52,11,2025-06-10,2025-06-14,2025-08-09,Delivered,1,15907,4796000
100707,27,11,2025-06-10,2025-06-19,2025-07-29,Delivered,6,129684,27944000
100708,116,7,2025-06-11,2025-06-19,2025-07-08,Delivered,3,42276,8441000
100709,110,9,2025-06-11,2025-06-19,2025-07-16,Delivered,1,13972,3199000
100710,11,6,2025-06-11,,,Cancelled,8,173344,25477000
100711,51,5,2025-06-11,2025-06-20,2025-07-10,Delivered,1,21830,3490000
100712,8,3,2025-06-11,2025-06-20,2025-07-28,Delivered,2,41520,8041000
100713,14,14,2025-06-11,2025-06-17,2025-06-22,Delivered,3,31800,5624000
100714,52,4,2025-06-12,2025-06-14,2025-07-10,Delivered,3,41274,8107000
100715,18,2,2025-06-12,2025-06-21,2025-07-30,Delivered,1,21500,4101000
100716,52,10,2025-06-12,,,Cancelled,1,20249,4042000
100717,101,4,2025-06-12,2025-06-19,2025-07-09,Delivered,6,97890,18812000
100718,18,23,2025-06-13,2025-06-19,2025-06-22,Delivered,1,574,647000
100719,85,2,2025-06-13,2025-06-19,2025-07-27,Delivered,4,68420,16281000
100720,90,29,2025-06-13,2025-06-21,2025-06-22,Delivered,1,11160,492000
100721,113,2,2025-06-13,,,Cancelled,1,23289,4682000
100722,114,1,2025-06-14,2025-06-18,2025-07-26,Delivered,1,15055,4165000
100723,81,29,2025-06-14,2025-06-16,2025-06-17,Delivered,1,9133,609000
100724,96,1,2025-06-14,2025-06-18,2025-07-29,Delivered,2,30894,9385000
100725,17,9,2025-06-14,2025-06-23,2025-07-20,Delivered,1,20255,3137000
100726,114,3,2025-06-15,2025-06-22,2025-07-31,Delivered,2,29086,7448000
100727,78,1,2025-06-15,2025-06-19,2025-07-26,Delivered,6,59694,27758000
100728,102,13,2025-06-16,2025-06-25,2025-06-27,Delivered,2,26744,4855000
100729,77,4,2025-06-16,2025-06-19,2025-07-10,Delivered,2,40108,6489000
100730,98,1,2025-06-16,2025-06-19,2025-07-27,Delivered,2,43434,9517000
100731,117,1,2025-06-16,2025-06-24,2025-08-01,Delivered,6,102252,23067000
100732,79,8,2025-06-16,2025-06-19,2025-07-15,Delivered,1,14510,3164000
100733,28,27,2025-06-16,2025-06-19,2025-06-21,Delivered,1,20516,656000
100734,104,1,2025-06-17,2025-06-19,2025-07-29,Delivered,1,11465,4513000
100735,51,29,2025-06-17,2025-06-19,2025-06-22,Delivered,1,17288,457000
100736,50,20,2025-06-17,,,Cancelled,1,619,733000
100737,28,14,2025-06-18,2025-06-23,2025-06-26,Delivered,1,22774,1866000
100738,51,7,2025-06-18,2025-06-27,2025-07-14,Delivered,2,36080,5183000
100739,98,10,2025-06-18,2025-06-25,2025-07-25,Delivered,3,31158,12086000
100740,110,4,2025-06-18,2025-06-20,2025-07-08,Delivered,1,14071,3494000
100741,86,29,2025-06-18,2025-06-22,2025-06-24,Delivered,1,20692,461000
100742,55,30,2025-06-18,2025-06-24,2025-06-25,Delivered,2,20222,916000
100743,102,1,2025-06-19,,,Cancelled,4,89680,16233000
100744,85,19,2025-06-19,2025-06-25,2025-06-26,Delivered,1,736,664000
100745,71,27,2025-06-19,2025-06-25,2025-06-27,Delivered,1,15165,606000
100746,79,2,2025-06-19,2025-06-25,2025-08-02,Delivered,1,17412,3897000
100747,17,2,2025-06-20,,,Cancelled,8,79200,39406000
100748,116,8,2025-06-20,2025-06-29,2025-07-23,Delivered,4,55056,13193000
100749,71,4,2025-06-20,2025-06-26,2025-07-21,Delivered,6,58260,19644000
100750,90,30,2025-06-21,2025-06-28,2025-06-29,Delivered,2,24404,957000
100751,58,2,2025-06-22,2025-06-26,2025-08-18,Delivered,1,19528,4653000
100752,55,10,2025-06-23,2025-06-25,2025-07-25,Delivered,4,76452,14572000
100753,55,27,2025-06-23,2025-06-27,2025-06-30,Delivered,1,18236,623000
100754,106,11,2025-06-23,,,Cancelled,3,46932,14047000
100755,117,26,2025-06-24,2025-06-28,2025-06-29,Delivered,1,21049,635000
100756,88,19,2025-06-24,2025-06-26,2025-06-28,Delivered,1,1177,843000
100757,97,9,2025-06-24,2025-06-26,2025-07-24,Delivered,3,69813,10889000
100758,117,2,2025-06-24,2025-07-03,2025-08-09,Delivered,1,16591,4541000
100759,17,15,2025-06-25,2025-07-01,2025-07-06,Delivered,6,56574,13162000
100760,70,12,2025-06-25,2025-06-28,2025-07-20,Delivered,6,74730,16858000
100761,24,18,2025-06-25,2025-07-01,2025-07-25,Delivered,3,70140,8699000
100762,14,18,2025-06-26,2025-06-30,2025-07-28,Delivered,4,65168,12739000
100763,114,3,2025-06-26,2025-06-29,2025-08-06,Delivered,4,41232,18070000
100764,81,2,2025-06-26,2025-07-03,2025-08-09,Delivered,2,44294,7494000
100765,28,2,2025-06-26,2025-06-28,2025-08-05,Delivered,1,9973,3951000
100766,68,11,2025-06-26,2025-07-04,2025-08-15,Delivered,1,13444,5063000
100767,28,3,2025-06-26,2025-06-28,2025-08-09,Delivered,2,34814,9618000
100768,33,9,2025-06-26,2025-06-30,2025-07-26,Delivered,6,59892,22129000
100769,114,10,2025-06-27,2025-07-06,2025-08-07,Delivered,4,46656,14683000
100770,113,2,2025-06-27,2025-07-04,2025-08-18,Delivered,2,22832,7587000
100771,27,28,2025-06-27,2025-06-29,2025-07-02,Delivered,1,11483,507000
100772,78,23,2025-06-28,2025-07-05,2025-07-06,Delivered,1,2179,1415000
100773,90,24,2025-06-29,,,Cancelled,1,22617,637000
100774,35,18,2025-06-30,2025-07-03,2025-07-27,Delivered,3,32142,11631000
100775,85,25,2025-06-30,2025-07-09,2025-07-10,Delivered,1,9134,607000
100776,51,1,2025-06-30,2025-07-06,2025-08-12,Delivered,3,37662,12340000
100777,63,19,2025-06-30,2025-07-05,2025-07-06,Delivered,1,1379,1073000
100778,17,29,2025-06-30,2025-07-05,2025-07-06,Delivered,1,12644,541000
100779,27,5,2025-06-30,2025-07-04,2025-07-24,Delivered,8,189392,28209000
100780,110,6,2025-06-30,2025-07-06,2025-07-26,Delivered,3,35475,8831000
100781,8,30,2025-06-30,2025-07-05,2025-07-06,Delivered,1,18136,553000
100782,79,19,2025-07-01,2025-07-05,2025-07-07,Delivered,1,385,500000
100783,11,4,2025-07-01,2025-07-05,2025-07-24,Delivered,1,22149,3395000
100784,27,4,2025-07-01,2025-07-07,2025-07-25,Delivered,6,117858,19182000
100785,85,22,2025-07-02,2025-07-06,2025-07-11,Delivered,1,1584,1203000
100786,59,3,2025-07-02,2025-07-04,2025-08-09,Delivered,4,59420,17800000
100787,13,4,2025-07-02,2025-07-09,2025-07-28,Delivered,2,30702,6531000
100788,63,5,2025-07-02,2025-07-05,2025-08-01,Delivered,2,24662,6760000
100789,51,8,2025-07-02,2025-07-07,2025-07-31,Delivered,2,42666,5873000
100790,13,17,2025-07-02,2025-07-11,2025-08-03,Delivered,2,34932,6254000
100791,117,26,2025-07-03,2025-07-07,2025-07-08,Delivered,2,39402,1130000
100792,36,1,2025-07-03,2025-07-07,2025-08-23,Delivered,2,47310,7981000
100793,8,5,2025-07-03,2025-07-05,2025-08-02,Delivered,3,36291,10924000
100794,27,2,2025-07-03,2025-07-10,2025-08-19,Delivered,6,89292,22890000
100795,46,3,2025-07-03,2025-07-09,2025-08-14,Delivered,2,18414,7361000
100796,35,22,2025-07-03,,,Cancelled,1,1075,912000
100797,85,1,2025-07-04,2025-07-07,2025-08-11,Delivered,8,135144,30596000
100798,41,20,2025-07-04,2025-07-09,2025-07-10,Delivered,1,2223,1505000
100799,98,4,2025-07-04,2025-07-09,2025-07-27,Delivered,1,22602,3560000
100800,11,1,2025-07-04,2025-07-08,2025-08-15,Delivered,1,15072,4569000
100801,110,1,2025-07-05,2025-07-11,2025-08-16,Delivered,1,9719,3568000
100802,84,29,2025-07-05,2025-07-12,2025-07-15,Delivered,1,23968,560000
100803,85,12,2025-07-05,2025-07-11,2025-07-27,Delivered,1,17282,3034000
100804,71,4,2025-07-07,2025-07-13,2025-08-10,Delivered,1,20163,3237000
100805,28,17,2025-07-07,,,Cancelled,1,16855,3422000
100806,113,2,2025-07-07,2025-07-15,2025-08-22,Delivered,3,67140,13949000
100807,48,25,2025-07-08,2025-07-10,2025-07-14,Delivered,1,13802,529000
100808,16,2,2025-07-08,2025-07-14,2025-08-21,Delivered,2,32212,8737000
100809,85,13,2025-07-08,2025-07-12,2025-07-14,Delivered,2,28654,4734000
100810,62,13,2025-07-08,2025-07-13,2025-07-20,Delivered,8,79248,14900000
100811,84,12,2025-07-09,2025-07-15,2025-07-28,Delivered,1,20299,2599000
100812,14,8,2025-07-09,2025-07-18,2025-08-12,Delivered,3,39285,11271000
100813,79,4,2025-07-09,2025-07-16,2025-08-03,Delivered,1,22831,3377000
100814,26,28,2025-07-09,2025-07-14,2025-07-15,Delivered,1,19593,613000
100815,28,29,2025-07-09,2025-07-16,2025-07-17,Delivered,2,18602,1046000
100816,58,8,2025-07-10,2025-07-18,2025-08-10,Delivered,2,33836,7322000
100817,116,6,2025-07-10,2025-07-14,2025-08-03,Delivered,8,176976,22978000
100818,50,6,2025-07-10,2025-07-17,2025-08-09,Delivered,1,22482,3352000
100819,51,13,2025-07-10,2025-07-13,2025-07-15,Delivered,4,92992,8938000
100820,33,8,2025-07-10,2025-07-13,2025-08-16,Delivered,3,60444,9214000
100821,71,11,2025-07-10,2025-07-12,2025-08-22,Delivered,2,25814,9850000
100822,111,14,2025-07-10,2025-07-17,2025-07-22,Delivered,2,22942,4228000
100823,58,2,2025-07-10,2025-07-17,2025-08-26,Delivered,3,71892,13933000
100824,33,24,2025-07-11,2025-07-20,2025-07-21,Delivered,2,43404,1042000
100825,75,2,2025-07-11,2025-07-18,2025-08-25,Delivered,8,111792,37330000
100826,102,29,2025-07-11,2025-07-13,2025-07-14,Delivered,1,21600,490000
100827,68,3,2025-07-11,2025-07-13,2025-09-03,Delivered,3,55059,11637000
100828,102,7,2025-07-11,2025-07-20,2025-08-07,Delivered,6,120600,18191000
100829,36,12,2025-07-12,2025-07-20,2025-08-02,Delivered,1,13270,3027000
100830,70,5,2025-07-12,2025-07-14,2025-08-04,Delivered,2,18788,7361000
100831,68,28,2025-07-12,2025-07-16,2025-07-17,Delivered,1,10192,521000
100832,36,5,2025-07-13,2025-07-18,2025-08-06,Delivered,1,14668,3248000
100833,68,6,2025-07-14,2025-07-21,2025-08-13,Delivered,1,18072,3264000
100834,78,26,2025-07-14,2025-07-17,2025-07-18,Delivered,1,9014,587000
100835,110,11,2025-07-14,2025-07-23,2025-08-31,Delivered,1,17368,4413000
100836,102,12,2025-07-14,,,Cancelled,3,63162,7557000
100837,35,16,2025-07-14,2025-07-18,2025-07-19,Delivered,1,10146,1823000
100838,37,8,2025-07-14,2025-07-19,2025-08-11,Delivered,2,37934,6204000
100839,115,28,2025-07-14,2025-07-21,2025-07-23,Delivered,1,15313,477000
100840,17,15,2025-07-14,2025-07-16,2025-07-22,Delivered,6,74742,12476000
100841,104,1,2025-07-15,2025-07-22,2025-08-28,Delivered,2,38970,7967000
100842,111,13,2025-07-15,2025-07-24,2025-07-28,Delivered,3,48426,7385000
100843,8,28,2025-07-15,2025-07-17,2025-07-19,Delivered,1,11162,481000
100844,42,4,2025-07-15,2025-07-22,2025-08-09,Delivered,1,17255,2911000
100845,111,7,2025-07-15,2025-07-18,2025-08-03,Delivered,6,134628,20119000
100846,44,10,2025-07-15,2025-07-23,2025-08-24,Delivered,2,21572,7351000
100847,42,25,2025-07-15,2025-07-21,2025-07-25,Delivered,1,13979,511000
100848,114,5,2025-07-15,2025-07-22,2025-08-13,Delivered,8,129920,25029000
100849,52,26,2025-07-16,2025-07-18,2025-07-19,Delivered,1,11875,628000
100850,72,8,2025-07-16,2025-07-19,2025-08-22,Delivered,6,105426,19567000
100851,102,2,2025-07-16,2025-07-22,2025-08-28,Delivered,4,53908,19812000
100852,15,23,2025-07-16,2025-07-23,2025-07-24,Delivered,1,1220,929000
100853,97,8,2025-07-17,2025-07-21,2025-08-15,Delivered,1,20818,3159000
100854,58,3,2025-07-17,2025-07-25,2025-09-13,Delivered,3,64857,14226000
100855,40,27,2025-07-17,2025-07-22,2025-07-27,Delivered,2,25938,1214000
100856,114,1,2025-07-17,2025-07-23,2025-08-27,Delivered,1,11047,4626000
100857,30,10,2025-07-17,2025-07-23,2025-08-23,Delivered,2,18892,7228000
100858,71,10,2025-07-17,2025-07-20,2025-08-19,Delivered,1,14886,3710000
100859,58,22,2025-07-17,2025-07-25,2025-07-27,Delivered,1,1493,1127000
100860,98,3,2025-07-18,2025-07-22,2025-08-29,Delivered,6,90072,26326000
100861,11,28,2025-07-18,2025-07-22,2025-07-24,Delivered,2,40866,1212000
100862,27,1,2025-07-18,2025-07-26,2025-09-16,Delivered,3,53625,12852000
100863,26,12,2025-07-18,2025-07-25,2025-08-15,Delivered,2,31258,5688000
100864,39,13,2025-07-18,2025-07-27,2025-07-30,Delivered,1,9299,2124000
100865,96,26,2025-07-18,2025-07-24,2025-07-26,Delivered,1,21960,499000
100866,70,29,2025-07-18,2025-07-26,2025-07-27,Delivered,1,10831,510000
100867,97,3,2025-07-18,2025-07-27,2025-09-02,Delivered,4,45308,15026000
100868,114,5,2025-07-19,2025-07-28,2025-08-16,Delivered,4,73852,12860000
100869,55,4,2025-07-21,2025-07-23,2025-08-21,Delivered,1,19849,3267000
100870,85,22,2025-07-21,2025-07-25,2025-07-27,Delivered,1,2004,1186000
100871,52,2,2025-07-21,2025-07-27,2025-09-04,Delivered,2,31054,7988000
100872,8,4,2025-07-21,2025-07-25,2025-08-21,Delivered,6,72864,20221000
100873,52,9,2025-07-21,2025-07-26,2025-08-23,Delivered,2,41646,6208000
100874,117,12,2025-07-21,2025-07-29,2025-08-13,Delivered,3,58797,7573000
100875,27,22,2025-07-21,2025-07-25,2025-07-28,Delivered,1,974,879000
100876,90,24,2025-07-21,,,Cancelled,2,34014,1211000
100877,11,3,2025-07-22,2025-07-30,2025-09-04,Delivered,2,37182,8132000
100878,85,2,2025-07-22,2025-07-28,2025-09-05,Delivered,2,40216,9009000
100879,42,15,2025-07-22,2025-07-24,2025-08-02,Delivered,1,23178,2171000
100880,8,30,2025-07-22,2025-07-25,2025-07-26,Delivered,1,19665,589000
100881,56,25,2025-07-22,2025-07-26,2025-07-28,Delivered,1,20563,487000
100882,46,21,2025-07-22,2025-07-28,2025-07-30,Delivered,1,279,455000
100883,59,25,2025-07-22,2025-07-25,2025-07-27,Delivered,1,17961,571000
100884,8,3,2025-07-22,2025-07-26,2025-08-31,Delivered,4,81108,18486000
100885,96,3,2025-07-23,2025-07-27,2025-09-02,Delivered,2,21532,7485000
100886,111,4,2025-07-23,2025-07-25,2025-08-15,Delivered,3,47850,9874000
100887,117,5,2025-07-23,2025-07-30,2025-08-20,Delivered,1,12128,3383000
100888,27,6,2025-07-23,2025-07-28,2025-08-18,Delivered,4,44728,11577000
100889,65,8,2025-07-23,2025-07-29,2025-08-29,Delivered,1,13849,3406000
100890,55,12,2025-07-23,,,Cancelled,2,19758,6269000
100891,30,20,2025-07-23,2025-07-28,2025-07-30,Delivered,1,209,528000
100892,11,2,2025-07-23,2025-07-31,2025-09-10,Delivered,1,19206,4213000
100893,50,12,2025-07-24,2025-07-27,2025-08-11,Delivered,2,21288,5499000
100894,110,16,2025-07-24,2025-07-30,2025-08-01,Delivered,1,19411,1784000
100895,71,9,2025-07-24,2025-07-31,2025-08-25,Delivered,1,10573,3449000
100896,85,1,2025-07-24,2025-07-31,2025-09-06,Delivered,6,93894,22297000
100897,110,1,2025-07-25,2025-07-27,2025-09-01,Delivered,3,48579,11466000
100898,8,29,2025-07-25,2025-08-02,2025-08-04,Delivered,1,11972,496000
100899,90,3,2025-07-25,2025-07-28,2025-09-05,Delivered,3,30660,12421000
100900,26,1,2025-07-26,2025-07-31,2025-09-06,Delivered,1,18945,3924000
100901,15,2,2025-07-27,2025-08-01,2025-09-07,Delivered,1,17198,4742000
100902,55,1,2025-07-28,2025-08-04,2025-09-10,Delivered,2,29612,7635000
100903,17,8,2025-07-28,2025-08-01,2025-08-25,Delivered,3,53700,10870000
100904,102,13,2025-07-28,2025-08-05,2025-08-12,Delivered,3,69483,7348000
100905,11,6,2025-07-28,2025-08-02,2025-08-24,Delivered,4,48400,13480000
100906,71,10,2025-07-29,2025-08-07,2025-09-16,Delivered,2,21416,8034000
100907,11,2,2025-07-29,2025-08-07,2025-09-13,Delivered,2,21700,7629000
100908,107,8,2025-07-29,2025-08-02,2025-08-25,Delivered,3,56454,10805000
100909,28,2,2025-07-29,2025-08-05,2025-09-14,Delivered,1,15390,4212000
100910,113,21,2025-07-29,2025-08-07,2025-08-09,Delivered,1,2186,1299000
100911,39,19,2025-07-29,2025-08-02,2025-08-04,Delivered,1,2283,1446000
100912,52,7,2025-07-30,2025-08-05,2025-08-28,Delivered,2,39628,6448000
100913,68,4,2025-07-30,2025-08-02,2025-08-22,Delivered,6,124548,18291000
100914,84,14,2025-07-30,2025-08-06,2025-08-09,Delivered,1,16175,2287000
100915,18,1,2025-07-30,2025-08-07,2025-09-14,Delivered,1,19953,4164000
100916,59,1,2025-07-31,2025-08-03,2025-09-13,Delivered,2,42204,7499000
100917,90,17,2025-07-31,2025-08-07,2025-08-28,Delivered,2,38102,5763000
100918,39,21,2025-07-31,2025-08-07,2025-08-11,Delivered,1,916,814000
100919,114,5,2025-07-31,2025-08-02,2025-08-23,Delivered,1,17666,2847000
100920,17,30,2025-07-31,2025-08-03,2025-08-04,Delivered,2,47684,926000
100921,40,19,2025-07-31,2025-08-05,2025-08-06,Delivered,1,199,492000
100922,96,1,2025-07-31,2025-08-02,2025-09-09,Delivered,2,42156,9312000
100923,71,27,2025-07-31,2025-08-04,2025-08-06,Delivered,1,14591,668000
100924,78,14,2025-08-01,2025-08-03,2025-08-07,Delivered,8,179664,18906000
100925,84,25,2025-08-01,2025-08-10,2025-08-11,Delivered,2,36642,1044000
100926,26,22,2025-08-01,2025-08-09,2025-08-11,Delivered,1,1291,853000
100927,84,9,2025-08-01,2025-08-09,2025-09-05,Delivered,2,24678,6688000
100928,35,4,2025-08-01,2025-08-09,2025-08-29,Delivered,1,10641,3593000
100929,90,18,2025-08-02,,,Cancelled,2,47148,6234000
100930,114,2,2025-08-02,2025-08-05,2025-09-22,Delivered,6,127986,24671000
100931,41,9,2025-08-02,2025-08-10,2025-09-07,Delivered,1,20909,3315000
100932,62,29,2025-08-02,2025-08-08,2025-08-09,Delivered,1,11257,493000
100933,90,7,2025-08-03,2025-08-08,2025-08-25,Delivered,2,20734,6543000
100934,102,2,2025-08-04,2025-08-12,2025-09-27,Delivered,1,22418,4258000
100935,68,28,2025-08-04,2025-08-08,2025-08-12,Delivered,1,23630,563000
100936,23,13,2025-08-04,2025-08-11,2025-08-15,Delivered,6,82506,11205000
100937,41,8,2025-08-05,2025-08-10,2025-09-14,Delivered,2,25014,6535000
100938,26,2,2025-08-05,2025-08-12,2025-09-20,Delivered,1,16551,4738000
100939,47,7,2025-08-05,2025-08-14,2025-09-01,Delivered,1,20434,2549000
100940,90,5,2025-08-05,2025-08-13,2025-09-03,Delivered,4,66068,10962000
100941,35,4,2025-08-05,2025-08-11,2025-09-01,Delivered,4,81972,13544000
100942,27,8,2025-08-05,2025-08-10,2025-09-03,Delivered,3,51495,11043000
100943,99,5,2025-08-06,2025-08-10,2025-08-30,Delivered,4,71896,12814000
100944,117,1,2025-08-06,2025-08-15,2025-09-19,Delivered,1,18910,3620000
100945,55,9,2025-08-06,2025-08-11,2025-09-07,Delivered,1,20475,3463000
100946,75,11,2025-08-07,2025-08-09,2025-09-20,Delivered,3,27024,15204000
100947,28,12,2025-08-07,2025-08-13,2025-08-26,Delivered,2,18938,4973000
100948,55,24,2025-08-07,,,Cancelled,1,11307,567000
100949,27,4,2025-08-08,2025-08-15,2025-09-10,Delivered,1,17032,3059000
100950,110,29,2025-08-08,2025-08-11,2025-08-14,Delivered,1,16623,483000
100951,98,14,2025-08-08,2025-08-14,2025-08-17,Delivered,3,70899,6032000
100952,52,11,2025-08-08,2025-08-10,2025-09-18,Delivered,4,70048,17477000
100953,27,14,2025-08-08,2025-08-13,2025-08-17,Delivered,6,94476,13970000
100954,30,1,2025-08-08,2025-08-15,2025-09-19,Delivered,3,54123,12534000
100955,7,20,2025-08-09,2025-08-16,2025-08-19,Delivered,1,1402,1031000
100956,114,3,2025-08-09,2025-08-18,2025-09-24,Delivered,4,70976,15062000
100957,98,22,2025-08-09,2025-08-14,2025-08-18,Delivered,1,614,659000
100958,78,2,2025-08-10,2025-08-12,2025-09-21,Delivered,1,10030,4754000
100959,17,2,2025-08-10,2025-08-19,2025-09-26,Delivered,4,66224,18688000
100960,35,19,2025-08-11,2025-08-19,2025-08-20,Delivered,1,682,619000
100961,97,7,2025-08-11,2025-08-19,2025-09-06,Delivered,2,39278,5944000
100962,58,3,2025-08-11,2025-08-18,2025-09-25,Delivered,2,26772,8895000
100963,28,1,2025-08-11,2025-08-15,2025-09-21,Delivered,1,14229,4241000
100964,111,25,2025-08-11,2025-08-14,2025-08-16,Delivered,2,47352,1195000
100965,26,3,2025-08-11,2025-08-20,2025-09-25,Delivered,2,20612,9687000
100966,55,20,2025-08-11,2025-08-17,2025-08-20,Delivered,1,1828,1016000
100967,33,28,2025-08-11,2025-08-17,2025-08-20,Delivered,1,21601,533000
100968,85,16,2025-08-12,2025-08-20,2025-08-22,Delivered,4,70012,8934000
100969,11,11,2025-08-12,2025-08-20,2025-09-28,Delivered,3,70683,11444000
100970,68,23,2025-08-12,2025-08-17,2025-08-18,Delivered,1,600,608000
100971,85,5,2025-08-12,2025-08-21,2025-09-12,Delivered,2,22248,6223000
100972,55,20,2025-08-13,2025-08-17,2025-08-18,Delivered,1,1837,1100000
100973,7,8,2025-08-13,2025-08-18,2025-09-12,Delivered,3,52332,10596000
100974,28,16,2025-08-13,2025-08-15,2025-08-21,Delivered,1,10327,1950000
100975,8,20,2025-08-14,2025-08-16,2025-08-18,Delivered,1,1999,1147000
100976,111,3,2025-08-14,2025-08-18,2025-09-25,Delivered,3,52926,14229000
100977,8,3,2025-08-14,2025-08-20,2025-09-27,Delivered,6,119838,24659000
100978,28,12,2025-08-14,2025-08-18,2025-09-08,Delivered,4,53184,12025000
100979,97,14,2025-08-15,2025-08-22,2025-08-24,Delivered,4,61132,8786000
100980,84,7,2025-08-15,2025-08-24,2025-09-09,Delivered,2,37464,6175000
100981,116,3,2025-08-15,2025-08-23,2025-10-11,Delivered,1,22137,4306000
100982,51,7,2025-08-15,2025-08-22,2025-09-06,Delivered,1,23730,2613000
100983,111,9,2025-08-15,2025-08-20,2025-09-14,Delivered,2,42820,8219000
100984,51,8,2025-08-15,2025-08-18,2025-09-12,Delivered,2,23048,7214000
100985,18,1,2025-08-15,2025-08-22,2025-09-29,Delivered,3,33180,13143000
100986,7,2,2025-08-16,2025-08-24,2025-10-03,Delivered,2,20706,8314000
100987,85,8,2025-08-16,2025-08-22,2025-09-27,Delivered,6,75696,23531000
100988,35,8,2025-08-18,2025-08-24,2025-09-18,Delivered,6,77268,18796000
100989,35,3,2025-08-18,2025-08-21,2025-10-13,Delivered,6,78804,25629000
100990,33,1,2025-08-18,2025-08-23,2025-09-30,Delivered,3,46623,10776000
100991,110,24,2025-08-18,2025-08-27,2025-08-29,Delivered,2,42564,1118000
100992,37,3,2025-08-18,2025-08-25,2025-10-01,Delivered,2,21166,7380000
100993,35,4,2025-08-18,,,Cancelled,1,17333,3023000
100994,103,6,2025-08-19,2025-08-21,2025-09-16,Delivered,6,126852,22000000
100995,35,9,2025-08-19,2025-08-21,2025-09-15,Delivered,1,18732,4048000
100996,41,2,2025-08-19,2025-08-24,2025-10-03,Delivered,1,22073,4025000
100997,71,9,2025-08-19,2025-08-28,2025-09-25,Delivered,1,17317,3832000
100998,58,28,2025-08-19,2025-08-24,2025-08-25,Delivered,1,16221,535000
100999,71,6,2025-08-19,2025-08-22,2025-09-17,Delivered,1,15406,3753000
101000,78,10,2025-08-19,2025-08-25,2025-10-05,Delivered,3,30627,11537000
101001,78,7,2025-08-20,2025-08-29,2025-09-13,Delivered,1,14888,2739000
101002,90,4,2025-08-20,2025-08-23,2025-09-12,Delivered,3,58221,9733000
101003,8,10,2025-08-20,2025-08-25,2025-10-08,Delivered,1,23392,4112000
101004,111,1,2025-08-20,2025-08-27,2025-10-04,Delivered,3,62217,12393000
101005,97,20,2025-08-20,2025-08-27,2025-08-28,Delivered,1,1743,1199000
101006,111,20,2025-08-21,2025-08-23,2025-08-24,Delivered,1,2275,1486000
101007,61,11,2025-08-21,2025-08-30,2025-10-22,Delivered,8,97376,38367000
101008,27,29,2025-08-21,2025-08-26,2025-08-27,Delivered,1,14703,571000
101009,110,27,2025-08-21,2025-08-29,2025-08-31,Delivered,1,17559,533000
101010,72,7,2025-08-21,2025-08-26,2025-09-12,Delivered,2,20188,6577000
101011,99,2,2025-08-21,2025-08-26,2025-10-03,Delivered,4,53236,16023000
101012,39,2,2025-08-22,2025-08-30,2025-10-10,Delivered,2,38442,7477000
101013,90,7,2025-08-22,,,Cancelled,3,71631,7553000
101014,72,13,2025-08-22,2025-08-30,2025-09-02,Delivered,2,19258,4336000
101015,117,22,2025-08-22,2025-08-29,2025-09-01,Delivered,1,118,379000
101016,113,8,2025-08-22,2025-08-27,2025-09-20,Delivered,1,13939,3520000
101017,71,2,2025-08-23,2025-08-29,2025-10-08,Delivered,3,43983,11070000
101018,90,19,2025-08-23,2025-08-26,2025-08-27,Delivered,1,1050,836000
101019,45,4,2025-08-23,2025-08-28,2025-09-18,Delivered,1,15374,3008000
101020,41,9,2025-08-23,2025-08-27,2025-09-22,Delivered,6,56070,18322000
101021,77,16,2025-08-25,2025-08-27,2025-08-28,Delivered,1,10398,2364000
101022,76,28,2025-08-25,2025-08-27,2025-08-29,Delivered,1,22675,528000
101023,17,1,2025-08-25,2025-08-28,2025-10-04,Delivered,2,44312,8496000
101024,52,6,2025-08-25,2025-09-02,2025-09-22,Delivered,1,19317,3056000
101025,23,3,2025-08-25,2025-09-03,2025-10-09,Delivered,2,36008,7528000
101026,102,5,2025-08-25,2025-09-02,2025-09-21,Delivered,1,19178,2837000
101027,50,26,2025-08-25,2025-09-03,2025-09-07,Delivered,1,18495,513000
101028,116,4,2025-08-25,2025-08-30,2025-09-22,Delivered,4,57012,12879000
101029,85,22,2025-08-26,2025-08-30,2025-09-03,Delivered,1,1087,835000
101030,42,29,2025-08-26,2025-09-01,2025-09-03,Delivered,2,18768,966000
101031,8,17,2025-08-26,2025-08-31,2025-09-22,Delivered,1,17976,3028000
101032,114,3,2025-08-27,2025-08-31,2025-10-07,Delivered,2,42672,8591000
101033,85,1,2025-08-27,,,Cancelled,2,44544,8959000
101034,98,16,2025-08-27,2025-08-31,2025-09-06,Delivered,3,63954,5857000
101035,111,28,2025-08-27,2025-08-29,2025-08-31,Delivered,1,10311,559000
101036,63,21,2025-08-27,2025-08-31,2025-09-03,Delivered,1,796,715000
101037,102,8,2025-08-28,2025-09-06,2025-10-01,Delivered,1,10211,3712000
101038,84,5,2025-08-28,2025-08-31,2025-09-20,Delivered,2,43122,6072000
101039,43,4,2025-08-28,2025-08-31,2025-09-19,Delivered,2,29934,6223000
101040,83,2,2025-08-28,2025-09-06,2025-10-14,Delivered,2,20142,7591000
101041,114,5,2025-08-28,2025-08-31,2025-09-21,Delivered,3,50523,10590000
101042,26,7,2025-08-28,2025-09-04,2025-09-21,Delivered,6,126078,20393000
101043,35,10,2025-08-28,2025-09-06,2025-10-05,Delivered,2,23940,8291000
101044,82,16,2025-08-29,2025-09-03,2025-09-05,Delivered,1,17035,1901000
101045,11,2,2025-08-29,2025-09-03,2025-10-13,Delivered,6,98232,25035000
101046,40,15,2025-08-29,2025-09-03,2025-09-13,Delivered,1,23869,2456000
101047,8,9,2025-08-29,2025-09-04,2025-10-13,Delivered,1,10849,3996000
101048,33,5,2025-08-29,2025-09-03,2025-09-24,Delivered,6,98940,20754000
101049,11,16,2025-08-29,2025-09-02,2025-09-08,Delivered,1,18468,2100000
101050,111,16,2025-08-30,2025-09-07,2025-09-08,Delivered,2,40324,4420000
101051,8,22,2025-08-30,2025-09-02,2025-09-05,Delivered,1,917,663000
101052,11,3,2025-08-30,2025-09-02,2025-10-16,Delivered,1,12547,4087000
101053,77,19,2025-09-01,2025-09-06,2025-09-07,Delivered,1,94,406000
101054,116,25,2025-09-01,,,Cancelled,1,17956,527000
101055,117,2,2025-09-01,2025-09-08,2025-10-18,Delivered,4,52064,18510000
101056,85,5,2025-09-01,2025-09-09,2025-10-07,Delivered,6,69936,21152000
101057,50,29,2025-09-01,2025-09-06,2025-09-09,Delivered,1,19447,614000
101058,102,3,2025-09-01,2025-09-07,2025-10-13,Delivered,4,40084,18967000
101059,77,6,2025-09-01,,,Cancelled,1,12020,2779000
101060,71,27,2025-09-01,2025-09-10,2025-09-15,Delivered,2,37738,1079000
101061,111,3,2025-09-02,2025-09-08,2025-10-14,Delivered,4,79544,14507000
101062,58,19,2025-09-02,2025-09-10,2025-09-11,Delivered,1,2244,1286000
101063,79,18,2025-09-02,2025-09-09,2025-10-04,Delivered,1,19074,3435000
101064,90,30,2025-09-02,2025-09-05,2025-09-06,Delivered,1,12413,463000
101065,39,19,2025-09-02,2025-09-10,2025-09-12,Delivered,1,430,546000
101066,16,24,2025-09-02,2025-09-10,2025-09-13,Delivered,1,19670,583000
101067,63,4,2025-09-02,2025-09-10,2025-09-28,Delivered,3,53850,9073000
101068,28,22,2025-09-02,2025-09-05,2025-09-06,Delivered,1,2129,1277000
101069,68,21,2025-09-03,2025-09-08,2025-09-10,Delivered,1,628,592000
101070,11,6,2025-09-03,2025-09-11,2025-10-02,Delivered,2,32570,5560000
101071,51,1,2025-09-03,2025-09-06,2025-10-12,Delivered,4,93448,16606000
101072,16,2,2025-09-03,2025-09-07,2025-10-17,Delivered,1,10131,4378000
101073,98,1,2025-09-03,2025-09-06,2025-10-13,Delivered,8,117400,34561000
101074,39,1,2025-09-04,2025-09-13,2025-10-29,Delivered,3,71082,14242000
101075,102,5,2025-09-04,2025-09-06,2025-09-26,Delivered,1,14122,3316000
101076,103,14,2025-09-04,2025-09-12,2025-09-17,Delivered,2,24308,3765000
101077,99,2,2025-09-04,2025-09-07,2025-10-24,Delivered,4,90132,17707000
101078,85,9,2025-09-04,2025-09-08,2025-10-04,Delivered,1,21469,3446000
101079,68,2,2025-09-04,,,Cancelled,4,47508,14888000
101080,28,1,2025-09-04,2025-09-11,2025-10-19,Delivered,1,15177,4026000
101081,78,5,2025-09-05,2025-09-09,2025-10-01,Delivered,1,17435,3453000
101082,25,30,2025-09-05,2025-09-08,2025-09-09,Delivered,1,9424,481000
101083,11,9,2025-09-05,2025-09-08,2025-10-06,Delivered,1,17989,3724000
101084,55,20,2025-09-05,2025-09-11,2025-09-12,Delivered,1,2128,1210000
101085,81,6,2025-09-05,2025-09-08,2025-09-28,Delivered,1,21471,3094000
101086,8,6,2025-09-05,2025-09-14,2025-10-07,Delivered,6,86214,18421000
101087,85,4,2025-09-05,2025-09-09,2025-09-28,Delivered,2,42836,5595000
101088,27,1,2025-09-06,2025-09-14,2025-10-19,Delivered,6,112542,24532000
101089,71,24,2025-09-06,2025-09-13,2025-09-14,Delivered,1,9379,510000
101090,50,1,2025-09-06,2025-09-13,2025-10-20,Delivered,2,27016,7577000
101091,70,24,2025-09-06,2025-09-09,2025-09-14,Delivered,1,12948,610000
101092,28,29,2025-09-07,2025-09-09,2025-09-10,Delivered,2,23788,1224000
101093,98,26,2025-09-08,2025-09-15,2025-09-17,Delivered,1,10703,497000
101094,111,16,2025-09-08,,,Cancelled,6,137226,12230000
101095,79,17,2025-09-08,2025-09-12,2025-10-07,Delivered,4,72520,14366000
101096,26,1,2025-09-08,2025-09-16,2025-10-22,Delivered,1,20279,3581000
101097,55,9,2025-09-08,2025-09-16,2025-10-15,Delivered,2,45320,8209000
101098,55,19,2025-09-08,2025-09-16,2025-09-17,Delivered,1,1668,1151000
101099,84,2,2025-09-08,2025-09-14,2025-10-22,Delivered,1,18049,4085000
101100,35,9,2025-09-08,2025-09-16,2025-10-11,Delivered,2,22212,7913000
101101,102,5,2025-09-09,2025-09-11,2025-10-01,Delivered,6,94764,18953000
101102,111,21,2025-09-09,2025-09-15,2025-09-17,Delivered,1,1857,1300000
101103,110,27,2025-09-09,2025-09-15,2025-09-17,Delivered,1,11609,652000
101104,102,29,2025-09-09,,,Cancelled,1,19665,581000
101105,28,7,2025-09-09,2025-09-14,2025-10-07,Delivered,1,23751,2551000
101106,86,23,2025-09-10,2025-09-15,2025-09-16,Delivered,1,549,603000
101107,7,15,2025-09-10,2025-09-13,2025-09-22,Delivered,2,34174,4999000
101108,111,26,2025-09-10,2025-09-18,2025-09-21,Delivered,1,14642,475000
101109,28,30,2025-09-10,2025-09-17,2025-09-20,Delivered,1,10269,617000
101110,11,1,2025-09-11,2025-09-20,2025-10-27,Delivered,4,74760,16344000
101111,28,5,2025-09-11,2025-09-19,2025-10-11,Delivered,2,19098,6863000
101112,55,1,2025-09-11,2025-09-17,2025-10-24,Delivered,4,85948,19162000
101113,45,9,2025-09-11,2025-09-14,2025-10-10,Delivered,2,43132,6382000
101114,111,3,2025-09-11,2025-09-17,2025-10-25,Delivered,1,11113,3736000
101115,90,8,2025-09-12,2025-09-14,2025-10-10,Delivered,2,28540,7866000
101116,71,23,2025-09-12,2025-09-14,2025-09-15,Delivered,1,1074,802000
101117,110,6,2025-09-12,2025-09-15,2025-10-06,Delivered,1,11483,2788000
101118,8,8,2025-09-12,2025-09-21,2025-10-20,Delivered,1,22000,3045000
101119,62,27,2025-09-12,2025-09-21,2025-09-27,Delivered,1,14219,544000
101120,26,11,2025-09-12,2025-09-20,2025-10-30,Delivered,3,55659,12507000
101121,102,5,2025-09-12,2025-09-15,2025-10-07,Delivered,4,70988,14447000
101122,51,1,2025-09-13,,,Cancelled,2,33988,8551000
101123,52,2,2025-09-15,2025-09-22,2025-10-31,Delivered,6,100704,22318000
101124,55,28,2025-09-15,2025-09-17,2025-09-21,Delivered,1,18647,479000
101125,85,1,2025-09-15,2025-09-19,2025-10-26,Delivered,1,20053,4036000
101126,98,9,2025-09-16,2025-09-18,2025-10-15,Delivered,2,22746,6712000
101127,104,9,2025-09-16,2025-09-22,2025-10-17,Delivered,2,28074,7055000
101128,111,30,2025-09-16,2025-09-20,2025-09-21,Delivered,1,19332,507000
101129,84,29,2025-09-16,2025-09-21,2025-09-24,Delivered,1,16627,501000
101130,14,3,2025-09-16,2025-09-24,2025-10-31,Delivered,1,10168,4380000
101131,110,2,2025-09-16,2025-09-25,2025-11-03,Delivered,3,63693,13257000
101132,51,10,2025-09-16,2025-09-24,2025-10-25,Delivered,8,87944,34494000
101133,78,29,2025-09-16,2025-09-20,2025-09-21,Delivered,1,22042,582000
101134,116,24,2025-09-17,2025-09-20,2025-09-23,Delivered,1,17630,489000
101135,41,13,2025-09-17,2025-09-21,2025-09-26,Delivered,1,21329,2045000
101136,86,10,2025-09-17,2025-09-21,2025-10-29,Delivered,1,11613,3327000
101137,107,8,2025-09-17,,,Cancelled,3,38223,10783000
101138,55,6,2025-09-17,2025-09-20,2025-10-18,Delivered,1,12576,2963000
101139,96,4,2025-09-18,2025-09-23,2025-10-13,Delivered,3,63003,10303000
101140,84,11,2025-09-18,2025-09-27,2025-11-06,Delivered,2,44596,9407000
101141,110,6,2025-09-18,2025-09-25,2025-10-16,Delivered,6,98586,19173000
101142,77,21,2025-09-18,2025-09-22,2025-09-23,Delivered,1,1364,1070000
101143,84,22,2025-09-18,2025-09-27,2025-10-02,Delivered,1,442,551000
101144,102,2,2025-09-18,2025-09-22,2025-10-31,Delivered,2,38270,8343000
101145,33,9,2025-09-18,2025-09-25,2025-10-21,Delivered,1,19320,3219000
101146,50,3,2025-09-19,2025-09-24,2025-10-31,Delivered,2,38268,8001000
101147,78,25,2025-09-19,2025-09-27,2025-09-29,Delivered,1,11052,636000
101148,41,5,2025-09-19,2025-09-21,2025-10-13,Delivered,4,50492,11024000
101149,55,11,2025-09-19,2025-09-21,2025-11-02,Delivered,2,43438,9512000
101150,85,27,2025-09-19,2025-09-21,2025-09-24,Delivered,2,19062,1109000
101151,11,12,2025-09-19,2025-09-27,2025-10-11,Delivered,8,172336,20901000
101152,39,20,2025-09-19,2025-09-25,2025-09-26,Delivered,1,2232,1148000
101153,16,8,2025-09-20,,,Cancelled,1,18841,3057000
101154,28,9,2025-09-20,,,Cancelled,2,34600,6433000
101155,86,18,2025-09-20,2025-09-29,2025-10-22,Delivered,2,47630,5818000
101156,11,1,2025-09-20,2025-09-28,2025-11-03,Delivered,1,12792,4216000
101157,55,23,2025-09-21,2025-09-29,2025-09-30,Delivered,1,2355,1280000
101158,75,2,2025-09-22,2025-09-24,2025-11-03,Delivered,2,23332,8362000
101159,84,4,2025-09-22,,,Cancelled,2,43074,6849000
101160,41,4,2025-09-22,2025-09-24,2025-10-20,Delivered,1,21571,3299000
101161,84,2,2025-09-23,2025-09-30,2025-11-06,Delivered,4,77944,17119000
101162,42,1,2025-09-23,2025-09-27,2025-11-04,Delivered,1,13444,4553000
101163,111,22,2025-09-23,,,Cancelled,1,1763,1276000
101164,8,2,2025-09-23,2025-10-02,2025-11-09,Delivered,1,17525,4370000
101165,51,17,2025-09-23,2025-10-01,2025-10-25,Delivered,8,166432,26789000
101166,103,3,2025-09-23,2025-09-30,2025-11-06,Delivered,1,21407,4283000
101167,117,18,2025-09-24,2025-09-30,2025-10-23,Delivered,6,126852,18838000
101168,25,4,2025-09-24,2025-09-30,2025-10-29,Delivered,2,37112,5952000
101169,97,14,2025-09-24,2025-09-28,2025-10-03,Delivered,2,25588,4207000
101170,27,2,2025-09-24,2025-09-28,2025-11-04,Delivered,1,16600,4178000
101171,77,30,2025-09-24,2025-09-30,2025-10-02,Delivered,1,17343,578000
101172,52,30,2025-09-24,2025-09-30,2025-10-01,Delivered,1,19220,544000
101173,46,7,2025-09-24,2025-10-01,2025-10-19,Delivered,2,44120,6404000
101174,68,3,2025-09-25,2025-10-01,2025-11-06,Delivered,2,34912,9381000
101175,98,4,2025-09-25,2025-10-03,2025-10-24,Delivered,1,21635,2759000
101176,42,13,2025-09-25,2025-10-04,2025-10-11,Delivered,2,23730,4095000
101177,116,17,2025-09-25,2025-09-30,2025-11-02,Delivered,2,20962,6918000
101178,85,1,2025-09-25,2025-10-02,2025-11-07,Delivered,8,86912,30085000
101179,85,8,2025-09-25,2025-10-03,2025-10-26,Delivered,1,21251,3672000
101180,117,8,2025-09-25,2025-09-29,2025-10-23,Delivered,1,14949,3783000
101181,117,8,2025-09-26,2025-10-01,2025-10-24,Delivered,4,65304,14249000
101182,25,18,2025-09-26,2025-10-01,2025-10-23,Delivered,3,33756,10311000
101183,40,8,2025-09-26,2025-09-30,2025-10-26,Delivered,1,13355,3627000
101184,84,12,2025-09-26,2025-10-05,2025-10-19,Delivered,3,49422,8972000
101185,109,4,2025-09-26,2025-09-29,2025-10-22,Delivered,2,28376,5467000
101186,50,8,2025-09-27,2025-10-04,2025-11-06,Delivered,1,18984,3094000
101187,16,10,2025-09-27,2025-10-06,2025-11-05,Delivered,1,22469,3793000
101188,71,7,2025-09-28,2025-10-06,2025-10-22,Delivered,3,37374,9651000
101189,51,13,2025-09-29,2025-10-04,2025-10-06,Delivered,3,31146,5536000
101190,102,1,2025-09-29,2025-10-01,2025-11-06,Delivered,4,82372,17302000
101191,61,24,2025-09-29,2025-10-07,2025-10-08,Delivered,2,18418,1184000
101192,98,21,2025-09-29,2025-10-07,2025-10-09,Delivered,1,759,621000
101193,33,5,2025-09-29,2025-10-02,2025-10-23,Delivered,4,78020,13144000
101194,86,12,2025-09-30,2025-10-02,2025-10-18,Delivered,3,57975,8186000
101195,26,4,2025-09-30,2025-10-06,2025-10-27,Delivered,2,20654,7046000
101196,65,3,2025-09-30,2025-10-06,2025-11-11,Delivered,2,33694,9120000
101197,62,13,2025-10-01,2025-10-04,2025-10-07,Delivered,2,27806,4226000
101198,84,18,2025-10-01,2025-10-04,2025-10-26,Delivered,4,52532,13054000
101199,98,1,2025-10-01,2025-10-08,2025-11-12,Delivered,3,36219,13529000
101200,71,6,2025-10-01,2025-10-03,2025-10-30,Delivered,4,81780,12433000
101201,50,12,2025-10-01,2025-10-04,2025-10-19,Delivered,2,42292,5337000
101202,17,2,2025-10-01,2025-10-10,2025-11-17,Delivered,3,69918,11471000
101203,93,6,2025-10-02,2025-10-05,2025-11-04,Delivered,3,62559,10110000
101204,114,3,2025-10-02,2025-10-11,2025-11-28,Delivered,4,91412,16289000
101205,71,26,2025-10-02,2025-10-06,2025-10-09,Delivered,1,9686,540000
101206,27,1,2025-10-02,2025-10-05,2025-11-10,Delivered,1,15518,4536000
101207,27,1,2025-10-02,2025-10-11,2025-11-16,Delivered,1,16271,3720000
101208,35,8,2025-10-03,2025-10-07,2025-10-31,Delivered,1,19806,3342000
101209,51,8,2025-10-03,2025-10-11,2025-11-06,Delivered,6,120078,20487000
101210,35,1,2025-10-03,2025-10-06,2025-11-13,Delivered,1,20405,4359000
101211,102,19,2025-10-03,2025-10-07,2025-10-09,Delivered,1,339,550000
101212,55,30,2025-10-03,2025-10-08,2025-10-10,Delivered,1,19022,462000
101213,26,2,2025-10-04,2025-10-06,2025-11-12,Delivered,4,41816,16206000
101214,79,14,2025-10-05,2025-10-09,2025-10-16,Delivered,1,13258,2396000
101215,98,9,2025-10-06,2025-10-15,2025-11-11,Delivered,2,19346,6272000
101216,62,26,2025-10-06,2025-10-13,2025-10-16,Delivered,1,10117,524000
101217,50,6,2025-10-06,2025-10-11,2025-11-01,Delivered,3,38490,9599000
101218,8,2,2025-10-06,2025-10-13,2025-12-04,Delivered,3,27777,11460000
101219,114,1,2025-10-06,2025-10-11,2025-11-18,Delivered,1,18950,4473000
101220,114,11,2025-10-06,2025-10-15,2025-12-09,Delivered,3,51696,14775000
101221,36,24,2025-10-06,2025-10-10,2025-10-12,Delivered,1,12790,601000
101222,98,6,2025-10-07,2025-10-10,2025-11-09,Delivered,1,11548,3354000
101223,68,1,2025-10-07,2025-10-16,2025-11-29,Delivered,2,23046,8190000
101224,16,25,2025-10-07,2025-10-10,2025-10-12,Delivered,1,17730,575000
101225,79,1,2025-10-07,2025-10-16,2025-11-23,Delivered,3,71178,14304000
101226,88,27,2025-10-08,2025-10-16,2025-10-19,Delivered,1,12068,516000
101227,35,20,2025-10-08,2025-10-17,2025-10-18,Delivered,1,119,479000
101228,55,3,2025-10-08,2025-10-12,2025-11-18,Delivered,6,95490,24155000
101229,8,19,2025-10-08,2025-10-11,2025-10-13,Delivered,1,967,853000
101230,52,9,2025-10-08,2025-10-12,2025-11-08,Delivered,1,21610,3448000
101231,102,22,2025-10-08,2025-10-14,2025-10-16,Delivered,1,1525,920000
101232,55,17,2025-10-09,2025-10-15,2025-11-12,Delivered,3,27102,9455000
101233,58,5,2025-10-09,2025-10-17,2025-11-06,Delivered,2,37084,6588000
101234,71,1,2025-10-09,2025-10-15,2025-11-19,Delivered,1,21913,4251000
101235,62,21,2025-10-09,2025-10-15,2025-10-16,Delivered,1,1515,1042000
101236,90,3,2025-10-10,2025-10-18,2025-12-01,Delivered,4,55576,19030000
101237,103,3,2025-10-10,2025-10-12,2025-11-30,Delivered,2,20230,9680000
101238,98,17,2025-10-10,,,Cancelled,2,21176,6298000
101239,28,2,2025-10-10,2025-10-15,2025-11-21,Delivered,8,168384,31172000
101240,84,20,2025-10-10,2025-10-12,2025-10-13,Delivered,1,2346,1218000
101241,110,4,2025-10-10,2025-10-12,2025-10-31,Delivered,1,17143,2933000
101242,39,4,2025-10-10,2025-10-13,2025-10-31,Delivered,4,46312,13615000
101243,98,26,2025-10-10,2025-10-15,2025-10-16,Delivered,1,13099,474000
101244,42,1,2025-10-11,2025-10-20,2025-11-27,Delivered,3,68133,11892000
101245,27,5,2025-10-11,2025-10-17,2025-11-12,Delivered,6,67260,17635000
101246,85,23,2025-10-11,2025-10-19,2025-10-20,Delivered,1,1673,1230000
101247,84,8,2025-10-11,2025-10-18,2025-11-13,Delivered,1,15862,3894000
101248,17,4,2025-10-13,2025-10-22,2025-11-12,Delivered,6,137256,19555000
101249,85,2,2025-10-13,2025-10-16,2025-11-24,Delivered,8,172624,31309000
101250,85,2,2025-10-13,2025-10-15,2025-11-22,Delivered,3,56235,12396000
101251,59,7,2025-10-13,2025-10-18,2025-11-02,Delivered,2,43254,5476000
101252,68,27,2025-10-13,2025-10-21,2025-10-23,Delivered,1,22488,631000
101253,47,1,2025-10-14,2025-10-17,2025-11-24,Delivered,3,35055,12717000
101254,27,4,2025-10-14,2025-10-23,2025-11-11,Delivered,3,37734,9800000
101255,17,13,2025-10-14,2025-10-23,2025-10-25,Delivered,4,37468,7665000
101256,115,1,2025-10-14,2025-10-18,2025-11-23,Delivered,6,110352,27132000
101257,85,26,2025-10-15,2025-10-18,2025-10-20,Delivered,1,17252,599000
101258,116,5,2025-10-15,2025-10-20,2025-11-08,Delivered,1,21468,2771000
101259,35,1,2025-10-15,2025-10-22,2025-11-27,Delivered,6,129612,25489000
101260,116,6,2025-10-15,2025-10-20,2025-11-11,Delivered,4,87008,13549000
101261,97,24,2025-10-15,2025-10-22,2025-10-25,Delivered,1,19175,601000
101262,51,3,2025-10-15,2025-10-20,2025-11-25,Delivered,2,37928,7333000
101263,58,26,2025-10-15,,,Cancelled,1,16580,519000
101264,77,26,2025-10-16,2025-10-23,2025-10-24,Delivered,1,17227,490000
101265,71,30,2025-10-16,2025-10-24,2025-10-25,Delivered,1,13614,519000
101266,73,4,2025-10-16,2025-10-23,2025-11-13,Delivered,1,21270,3441000
101267,78,22,2025-10-16,2025-10-22,2025-10-25,Delivered,1,1724,1010000
101268,85,10,2025-10-16,2025-10-20,2025-11-20,Delivered,2,45826,8037000
101269,98,22,2025-10-17,,,Cancelled,1,932,846000
101270,26,4,2025-10-17,2025-10-26,2025-11-14,Delivered,2,22780,6713000
101271,97,24,2025-10-17,2025-10-21,2025-10-22,Delivered,1,19021,571000
101272,116,1,2025-10-17,2025-10-24,2025-12-12,Delivered,8,152800,34731000
101273,36,25,2025-10-17,2025-10-25,2025-10-26,Delivered,1,12848,578000
101274,24,4,2025-10-17,2025-10-23,2025-11-11,Delivered,2,39212,6250000
101275,113,3,2025-10-17,2025-10-25,2025-12-01,Delivered,3,46986,11171000
101276,98,8,2025-10-18,2025-10-22,2025-11-14,Delivered,2,23630,7346000
101277,43,4,2025-10-20,2025-10-22,2025-11-12,Delivered,2,19110,7110000
101278,110,12,2025-10-20,2025-10-24,2025-11-08,Delivered,3,35421,8357000
101279,68,10,2025-10-20,2025-10-22,2025-11-27,Delivered,6,112134,26294000
101280,59,24,2025-10-20,,,Cancelled,1,17329,593000
101281,110,2,2025-10-20,2025-10-26,2025-12-17,Delivered,1,9877,4819000
101282,73,8,2025-10-20,2025-10-25,2025-11-22,Delivered,3,67992,11093000
101283,90,2,2025-10-21,2025-10-25,2025-12-10,Delivered,6,61680,24432000
101284,30,1,2025-10-21,2025-10-29,2025-12-21,Delivered,3,55605,13069000
101285,39,25,2025-10-21,2025-10-28,2025-10-29,Delivered,2,21912,1069000
101286,89,11,2025-10-22,2025-10-26,2025-12-05,Delivered,1,13536,3964000
101287,97,26,2025-10-22,2025-10-29,2025-11-01,Delivered,1,21712,612000
101288,46,20,2025-10-22,2025-10-29,2025-10-31,Delivered,1,1229,916000
101289,103,30,2025-10-22,2025-10-24,2025-10-25,Delivered,2,29664,1194000
101290,58,4,2025-10-22,2025-10-24,2025-11-16,Delivered,4,56436,14299000
101291,111,29,2025-10-22,2025-10-30,2025-11-01,Delivered,1,20306,474000
101292,111,3,2025-10-22,2025-10-29,2025-12-05,Delivered,4,66408,17351000
101293,35,5,2025-10-23,2025-10-31,2025-11-22,Delivered,3,36417,10970000
101294,52,2,2025-10-23,2025-10-31,2025-12-10,Delivered,3,44697,11777000
101295,85,1,2025-10-23,2025-10-29,2025-12-03,Delivered,1,10753,3694000
101296,85,9,2025-10-24,2025-10-28,2025-11-22,Delivered,1,18180,3477000
101297,65,4,2025-10-24,2025-10-29,2025-11-18,Delivered,6,108450,21257000
101298,84,6,2025-10-24,2025-10-30,2025-11-30,Delivered,1,23509,3255000
101299,117,24,2025-10-24,2025-10-26,2025-10-28,Delivered,1,17891,508000
101300,41,26,2025-10-25,2025-10-31,2025-11-03,Delivered,1,14516,544000
101301,35,24,2025-10-25,2025-10-27,2025-10-29,Delivered,2,24892,1230000
101302,55,16,2025-10-25,,,Cancelled,6,104808,12569000
101303,62,4,2025-10-25,2025-11-03,2025-11-24,Delivered,4,92056,12040000
101304,37,25,2025-10-26,2025-11-01,2025-11-02,Delivered,1,13726,619000
101305,78,1,2025-10-27,2025-10-30,2025-12-07,Delivered,6,79056,27414000
101306,41,1,2025-10-27,2025-11-02,2025-12-17,Delivered,2,24748,7173000
101307,17,1,2025-10-27,2025-11-01,2025-12-06,Delivered,1,21004,4739000
101308,63,10,2025-10-27,2025-11-02,2025-12-01,Delivered,3,64869,9961000
101309,55,8,2025-10-27,2025-11-02,2025-11-27,Delivered,6,66174,20847000
101310,113,3,2025-10-28,2025-11-05,2025-12-12,Delivered,2,23282,8906000
101311,116,8,2025-10-28,2025-11-01,2025-11-27,Delivered,2,21040,7881000
101312,79,17,2025-10-28,2025-11-03,2025-12-02,Delivered,2,18512,6944000
101313,90,3,2025-10-28,2025-11-03,2025-12-12,Delivered,3,29040,13207000
101314,83,16,2025-10-28,2025-10-31,2025-11-05,Delivered,2,23094,4233000
101315,41,8,2025-10-28,2025-10-31,2025-11-24,Delivered,1,11346,3011000
101316,58,6,2025-10-29,2025-11-07,2025-11-29,Delivered,3,27447,8540000
101317,86,11,2025-10-29,2025-11-06,2026-01-01,Delivered,1,18710,4989000
101318,52,19,2025-10-29,2025-11-04,2025-11-05,Delivered,1,238,480000
101319,113,14,2025-10-30,2025-11-06,2025-11-09,Delivered,2,26590,3822000
101320,39,8,2025-10-30,2025-11-01,2025-12-07,Delivered,1,20265,3615000
101321,98,24,2025-10-30,2025-11-07,2025-11-09,Delivered,1,13501,596000
101322,115,1,2025-10-31,2025-11-03,2025-12-08,Delivered,8,106296,35316000
101323,60,19,2025-10-31,2025-11-02,2025-11-03,Delivered,1,794,789000
101324,26,5,2025-10-31,2025-11-05,2025-11-26,Delivered,8,150280,28294000
101325,35,29,2025-10-31,,,Cancelled,1,11895,541000
101326,114,8,2025-11-01,2025-11-08,2025-12-07,Delivered,2,24964,7315000
101327,28,1,2025-11-01,2025-11-04,2025-12-27,Delivered,2,40508,7770000
101328,102,8,2025-11-01,2025-11-06,2025-12-11,Delivered,2,24146,7675000
101329,57,1,2025-11-02,2025-11-07,2025-12-17,Delivered,1,21053,3751000
101330,110,13,2025-11-03,2025-11-08,2025-11-13,Delivered,1,20874,1979000
101331,44,4,2025-11-03,2025-11-11,2025-11-29,Delivered,1,17227,3143000
101332,98,26,2025-11-03,2025-11-11,2025-11-12,Delivered,2,37842,1173000
101333,84,19,2025-11-03,2025-11-08,2025-11-12,Delivered,1,99,463000
101334,116,20,2025-11-03,2025-11-07,2025-11-08,Delivered,1,2133,1187000
101335,79,21,2025-11-04,2025-11-09,2025-11-11,Delivered,1,2044,1110000
101336,68,14,2025-11-04,2025-11-13,2025-11-16,Delivered,3,59196,6076000
101337,28,25,2025-11-04,2025-11-11,2025-11-12,Delivered,1,13822,553000
101338,52,4,2025-11-04,2025-11-08,2025-11-28,Delivered,1,17421,2999000
101339,29,16,2025-11-04,,,Cancelled,2,25248,4606000
101340,35,2,2025-11-05,2025-11-12,2025-12-21,Delivered,1,18049,3724000
101341,37,9,2025-11-05,2025-11-14,2025-12-09,Delivered,2,25964,6429000
101342,92,3,2025-11-05,2025-11-10,2025-12-19,Delivered,2,22474,7766000
101343,117,28,2025-11-05,2025-11-10,2025-11-14,Delivered,1,10649,605000
101344,89,9,2025-11-05,2025-11-13,2025-12-17,Delivered,1,18057,3923000
101345,110,3,2025-11-05,2025-11-11,2025-12-28,Delivered,6,81558,22980000
101346,85,9,2025-11-05,2025-11-12,2025-12-07,Delivered,4,59008,15641000
101347,102,29,2025-11-06,2025-11-09,2025-11-11,Delivered,1,21763,510000
101348,102,4,2025-11-06,2025-11-09,2025-11-27,Delivered,2,34754,6621000
101349,51,27,2025-11-06,2025-11-08,2025-11-09,Delivered,2,40724,1304000
101350,85,5,2025-11-06,2025-11-09,2025-12-01,Delivered,4,87288,13667000
101351,28,1,2025-11-06,2025-11-13,2025-12-21,Delivered,8,99784,32863000
101352,51,18,2025-11-06,2025-11-15,2025-12-10,Delivered,1,15410,3763000
101353,102,1,2025-11-06,2025-11-14,2026-01-06,Delivered,4,94916,14993000
101354,111,1,2025-11-06,2025-11-11,2025-12-18,Delivered,2,33974,7879000
101355,39,13,2025-11-07,2025-11-15,2025-11-19,Delivered,1,22929,1837000
101356,40,20,2025-11-07,2025-11-13,2025-11-16,Delivered,1,1273,998000
101357,8,1,2025-11-07,2025-11-12,2025-12-18,Delivered,2,47644,8747000
101358,37,4,2025-11-07,2025-11-15,2025-12-14,Delivered,4,54692,12904000
101359,70,26,2025-11-07,2025-11-16,2025-11-18,Delivered,1,14357,535000
101360,68,24,2025-11-07,2025-11-14,2025-11-15,Delivered,1,10446,612000
101361,103,17,2025-11-07,2025-11-16,2025-12-09,Delivered,3,51384,10778000
101362,111,1,2025-11-08,2025-11-16,2025-12-23,Delivered,3,48588,14312000
101363,46,1,2025-11-08,2025-11-12,2025-12-18,Delivered,1,21454,3592000
101364,91,25,2025-11-09,2025-11-17,2025-11-18,Delivered,1,23889,493000
101365,26,2,2025-11-10,2025-11-13,2025-12-28,Delivered,3,35124,11490000
101366,51,10,2025-11-10,2025-11-14,2025-12-16,Delivered,2,40304,6512000
101367,68,14,2025-11-10,2025-11-13,2025-11-16,Delivered,1,20540,1942000
101368,33,20,2025-11-11,2025-11-16,2025-11-17,Delivered,1,652,569000
101369,59,3,2025-11-11,2025-11-20,2025-12-26,Delivered,2,26596,7407000
101370,39,2,2025-11-11,2025-11-15,2026-01-09,Delivered,3,28365,11505000
101371,99,8,2025-11-11,2025-11-15,2025-12-19,Delivered,6,55902,19513000
101372,85,27,2025-11-11,2025-11-20,2025-11-23,Delivered,2,32884,1216000
101373,96,24,2025-11-11,2025-11-14,2025-11-17,Delivered,2,31806,1102000
101374,117,7,2025-11-11,2025-11-14,2025-12-01,Delivered,2,32702,6507000
101375,84,12,2025-11-11,2025-11-15,2025-11-30,Delivered,1,13868,2637000
101376,17,16,2025-11-12,2025-11-16,2025-11-17,Delivered,1,13117,2042000
101377,71,5,2025-11-12,2025-11-21,2025-12-12,Delivered,2,40508,6010000
101378,59,2,2025-11-12,2025-11-21,2025-12-31,Delivered,8,87104,38661000
101379,48,12,2025-11-12,2025-11-18,2025-12-03,Delivered,1,11210,3250000
101380,111,6,2025-11-12,2025-11-15,2025-12-06,Delivered,1,21374,2997000
101381,78,8,2025-11-12,2025-11-20,2025-12-15,Delivered,1,11054,3595000
101382,102,6,2025-11-12,2025-11-21,2025-12-11,Delivered,2,21046,5790000
101383,73,25,2025-11-12,2025-11-15,2025-11-16,Delivered,2,24606,998000
101384,84,1,2025-11-13,2025-11-16,2025-12-31,Delivered,1,23127,3735000
101385,59,5,2025-11-13,2025-11-16,2025-12-08,Delivered,4,88024,11680000
101386,53,1,2025-11-13,2025-11-21,2026-01-03,Delivered,6,130086,26870000
101387,63,20,2025-11-13,2025-11-18,2025-11-19,Delivered,1,2027,1200000
101388,92,4,2025-11-14,2025-11-19,2025-12-08,Delivered,1,15562,2977000
101389,84,25,2025-11-14,2025-11-17,2025-11-19,Delivered,2,26698,966000
101390,81,7,2025-11-14,2025-11-18,2025-12-05,Delivered,3,43749,8023000
101391,55,1,2025-11-14,2025-11-17,2025-12-22,Delivered,4,38624,17177000
101392,51,13,2025-11-14,2025-11-16,2025-11-18,Delivered,1,10882,2228000
101393,85,5,2025-11-15,2025-11-19,2025-12-15,Delivered,1,16533,2909000
101394,51,22,2025-11-15,2025-11-24,2025-11-28,Delivered,1,2362,1320000
101395,116,5,2025-11-16,2025-11-19,2025-12-19,Delivered,2,43002,5707000
101396,42,29,2025-11-16,2025-11-18,2025-11-20,Delivered,2,46092,942000
101397,117,23,2025-11-17,2025-11-19,2025-11-21,Delivered,1,634,644000
101398,77,9,2025-11-17,2025-11-24,2025-12-19,Delivered,8,128552,29791000
101399,8,28,2025-11-17,2025-11-19,2025-11-21,Delivered,2,43370,1153000
101400,97,4,2025-11-17,2025-11-26,2025-12-16,Delivered,1,14429,3300000
101401,51,4,2025-11-17,2025-11-20,2025-12-11,Delivered,2,39150,6884000
101402,55,4,2025-11-18,2025-11-20,2025-12-15,Delivered,1,20211,2831000
101403,68,2,2025-11-18,2025-11-24,2025-12-31,Delivered,3,52206,12576000
101404,98,25,2025-11-18,2025-11-22,2025-11-24,Delivered,1,18585,581000
101405,8,30,2025-11-18,2025-11-23,2025-11-25,Delivered,1,22673,574000
101406,77,17,2025-11-18,2025-11-26,2025-12-20,Delivered,2,24332,7021000
101407,50,1,2025-11-18,2025-11-25,2026-01-02,Delivered,3,55569,13816000
101408,103,1,2025-11-18,2025-11-26,2026-01-03,Delivered,4,51056,19203000
101409,17,26,2025-11-18,2025-11-20,2025-11-22,Delivered,1,16856,631000
101410,59,2,2025-11-19,2025-11-21,2025-12-28,Delivered,2,36578,9645000
101411,50,26,2025-11-19,,,Cancelled,2,28494,1197000
101412,39,18,2025-11-19,,,Cancelled,6,75012,21459000
101413,96,2,2025-11-19,2025-11-22,2025-12-30,Delivered,3,37887,11086000
101414,8,5,2025-11-19,2025-11-23,2025-12-13,Delivered,3,45519,10418000
101415,98,1,2025-11-19,2025-11-21,2025-12-27,Delivered,4,89452,15083000
101416,46,1,2025-11-20,2025-11-22,2025-12-30,Delivered,2,34924,7962000
101417,62,7,2025-11-20,2025-11-24,2025-12-10,Delivered,1,21425,3263000
101418,113,1,2025-11-20,2025-11-24,2025-12-29,Delivered,2,38312,8525000
101419,37,3,2025-11-20,2025-11-29,2026-01-07,Delivered,4,92584,19494000
101420,78,1,2025-11-20,2025-11-22,2026-01-06,Delivered,8,75384,35846000
101421,86,5,2025-11-20,2025-11-24,2025-12-20,Delivered,2,44766,6277000
101422,50,30,2025-11-20,2025-11-29,2025-11-30,Delivered,1,10951,461000
101423,26,13,2025-11-21,2025-11-30,2025-12-04,Delivered,4,52304,9877000
101424,52,4,2025-11-21,2025-11-24,2025-12-15,Delivered,8,124256,25528000
101425,61,9,2025-11-21,2025-11-30,2025-12-31,Delivered,1,21335,3885000
101426,36,24,2025-11-21,2025-11-23,2025-11-24,Delivered,2,22876,1210000
101427,52,8,2025-11-21,2025-11-27,2025-12-22,Delivered,1,13432,3712000
101428,46,13,2025-11-21,2025-11-26,2025-11-28,Delivered,2,46694,3984000
101429,8,14,2025-11-21,2025-11-30,2025-12-02,Delivered,6,62802,11689000
101430,98,8,2025-11-22,2025-11-24,2025-12-22,Delivered,2,46174,6937000
101431,17,13,2025-11-22,2025-11-27,2025-12-01,Delivered,4,60056,7708000
101432,30,1,2025-11-22,2025-11-28,2026-01-05,Delivered,1,12048,4684000
101433,89,3,2025-11-22,2025-11-25,2026-01-03,Delivered,3,52944,11106000
101434,27,2,2025-11-23,2025-11-30,2026-01-07,Delivered,1,21412,4565000
101435,38,27,2025-11-23,2025-11-28,2025-12-02,Delivered,1,21502,666000
101436,69,19,2025-11-24,2025-11-29,2025-12-03,Delivered,1,2016,1134000
101437,78,8,2025-11-24,2025-12-02,2026-01-04,Delivered,6,86502,18336000
101438,77,7,2025-11-24,2025-11-29,2025-12-19,Delivered,3,54240,7737000
101439,102,22,2025-11-24,2025-11-30,2025-12-01,Delivered,1,1777,1244000
101440,86,9,2025-11-24,2025-11-26,2025-12-21,Delivered,4,88928,14912000
101441,90,13,2025-11-24,2025-11-27,2025-12-02,Delivered,3,59130,6932000
101442,98,24,2025-11-24,2025-11-30,2025-12-04,Delivered,2,30600,1093000
101443,98,7,2025-11-24,2025-11-27,2025-12-14,Delivered,1,16618,3100000
101444,59,4,2025-11-25,2025-11-28,2025-12-18,Delivered,2,29848,6821000
101445,40,2,2025-11-25,2025-12-02,2026-01-21,Delivered,2,29034,8770000
101446,68,19,2025-11-25,2025-12-03,2025-12-05,Delivered,1,1881,1230000
101447,39,28,2025-11-25,2025-11-28,2025-12-02,Delivered,1,20947,545000
101448,68,4,2025-11-26,2025-12-03,2025-12-21,Delivered,8,138448,28849000
101449,102,9,2025-11-26,2025-12-02,2025-12-30,Delivered,2,33428,7068000
101450,111,25,2025-11-26,2025-11-29,2025-12-02,Delivered,1,11109,476000
101451,52,4,2025-11-26,2025-12-05,2025-12-23,Delivered,1,10137,2696000
101452,84,20,2025-11-26,2025-11-28,2025-11-29,Delivered,1,772,727000
101453,110,14,2025-11-26,2025-12-05,2025-12-11,Delivered,2,33988,3984000
101454,113,21,2025-11-26,2025-11-28,2025-11-29,Delivered,1,458,640000
101455,117,7,2025-11-27,2025-12-03,2025-12-20,Delivered,8,77464,24347000
101456,79,4,2025-11-27,2025-11-30,2025-12-20,Delivered,1,22844,3327000
101457,90,29,2025-11-27,2025-12-05,2025-12-06,Delivered,1,18762,536000
101458,69,6,2025-11-27,2025-12-02,2025-12-22,Delivered,2,32646,6931000
101459,35,18,2025-11-27,2025-12-04,2026-01-01,Delivered,2,23204,7208000
101460,79,24,2025-11-27,2025-12-04,2025-12-05,Delivered,2,19982,1221000
101461,102,2,2025-11-27,2025-11-30,2026-01-07,Delivered,3,41055,12270000
101462,27,4,2025-11-28,2025-12-03,2025-12-23,Delivered,2,20434,5546000
101463,35,14,2025-11-28,2025-11-30,2025-12-06,Delivered,3,39516,6561000
101464,97,5,2025-11-28,2025-12-03,2025-12-25,Delivered,2,47112,6936000
101465,85,13,2025-11-28,2025-12-01,2025-12-03,Delivered,1,17383,2377000
101466,114,2,2025-11-28,2025-12-06,2026-01-14,Delivered,1,19087,4905000
101467,27,3,2025-11-28,2025-12-02,2026-01-22,Delivered,2,45842,8418000
101468,50,5,2025-11-28,2025-11-30,2025-12-20,Delivered,2,26300,6671000
101469,39,5,2025-11-29,2025-12-07,2026-01-01,Delivered,6,83232,19860000
101470,85,12,2025-11-29,2025-12-03,2025-12-16,Delivered,3,46080,9425000
101471,40,13,2025-11-29,2025-12-01,2025-12-08,Delivered,3,45270,5834000
101472,85,19,2025-11-29,2025-12-04,2025-12-08,Delivered,1,1573,1146000
101473,104,11,2025-11-30,,,Cancelled,4,84132,15274000
101474,71,25,2025-12-01,2025-12-05,2025-12-06,Delivered,2,28322,1006000
101475,110,24,2025-12-01,2025-12-09,2025-12-10,Delivered,1,17527,508000
101476,33,27,2025-12-01,2025-12-07,2025-12-11,Delivered,1,22875,562000
101477,51,4,2025-12-01,,,Cancelled,2,43326,5357000
101478,35,22,2025-12-01,2025-12-08,2025-12-12,Delivered,1,1555,957000
101479,59,1,2025-12-01,2025-12-07,2026-01-19,Delivered,2,32614,7809000
101480,55,25,2025-12-01,2025-12-05,2025-12-06,Delivered,1,21343,599000
101481,73,8,2025-12-02,2025-12-07,2026-01-01,Delivered,8,84600,23555000
101482,114,19,2025-12-02,2025-12-09,2025-12-11,Delivered,1,384,548000
101483,55,27,2025-12-02,2025-12-05,2025-12-07,Delivered,2,41996,1104000
101484,58,5,2025-12-02,2025-12-11,2026-01-06,Delivered,6,128232,16798000
101485,90,1,2025-12-02,2025-12-09,2026-01-30,Delivered,3,37353,14231000
101486,100,27,2025-12-03,2025-12-10,2025-12-13,Delivered,1,18668,637000
101487,103,1,2025-12-03,2025-12-12,2026-01-18,Delivered,3,61011,11346000
101488,102,4,2025-12-03,2025-12-07,2025-12-30,Delivered,4,46960,11124000
101489,37,1,2025-12-04,2025-12-09,2026-01-16,Delivered,4,95332,15371000
101490,41,17,2025-12-04,2025-12-10,2026-01-03,Delivered,2,22542,7225000
101491,98,26,2025-12-04,2025-12-10,2025-12-12,Delivered,1,19560,574000
101492,76,8,2025-12-04,2025-12-08,2026-01-10,Delivered,1,23971,3601000
101493,42,25,2025-12-04,2025-12-08,2025-12-10,Delivered,1,11085,494000
101494,70,12,2025-12-04,2025-12-06,2025-12-20,Delivered,4,58144,12457000
101495,71,17,2025-12-04,2025-12-08,2025-12-30,Delivered,1,23564,3002000
101496,29,25,2025-12-05,2025-12-14,2025-12-16,Delivered,1,19014,519000
101497,84,6,2025-12-05,2025-12-07,2025-12-29,Delivered,2,28630,7004000
101498,110,2,2025-12-05,2025-12-09,2026-01-18,Delivered,8,75320,32007000
101499,116,2,2025-12-05,2025-12-13,2026-01-19,Delivered,1,19513,3966000
101500,58,1,2025-12-05,2025-12-12,2026-01-18,Delivered,2,44174,8493000
101501,84,2,2025-12-06,,,Cancelled,2,35928,8284000
101502,117,1,2025-12-08,2025-12-15,2026-01-21,Delivered,2,32624,9437000
101503,78,20,2025-12-08,2025-12-15,2025-12-16,Delivered,1,2004,1266000
101504,37,26,2025-12-08,2025-12-16,2025-12-17,Delivered,1,22092,487000
101505,98,2,2025-12-08,2025-12-17,2026-01-25,Delivered,4,62328,18134000
101506,114,13,2025-12-08,2025-12-13,2025-12-18,Delivered,1,18508,2123000
101507,85,24,2025-12-08,2025-12-16,2025-12-18,Delivered,1,9242,603000
101508,28,8,2025-12-09,2025-12-12,2026-01-05,Delivered,4,88168,12950000
101509,111,29,2025-12-09,2025-12-15,2025-12-16,Delivered,1,20512,582000
101510,51,26,2025-12-09,2025-12-16,2025-12-18,Delivered,1,16944,472000
101511,51,13,2025-12-10,2025-12-12,2025-12-19,Delivered,2,28760,4662000
101512,41,6,2025-12-10,2025-12-17,2026-01-16,Delivered,2,38966,6586000
101513,26,25,2025-12-10,2025-12-13,2025-12-15,Delivered,1,22512,558000
101514,41,11,2025-12-10,2025-12-19,2026-01-30,Delivered,2,44016,10083000
101515,90,2,2025-12-10,2025-12-14,2026-01-22,Delivered,3,30372,13870000
101516,36,24,2025-12-10,2025-12-15,2025-12-17,Delivered,1,10028,527000
101517,52,24,2025-12-10,2025-12-17,2025-12-20,Delivered,1,10648,567000
101518,33,1,2025-12-10,2025-12-14,2026-01-19,Delivered,1,22572,4075000
101519,90,27,2025-12-11,2025-12-18,2025-12-22,Delivered,1,19754,668000
101520,51,22,2025-12-11,2025-12-13,2025-12-14,Delivered,1,264,542000
101521,16,5,2025-12-11,2025-12-17,2026-01-08,Delivered,6,134376,17931000
101522,79,16,2025-12-12,2025-12-18,2025-12-24,Delivered,2,18828,4222000
101523,84,29,2025-12-12,2025-12-17,2025-12-20,Delivered,2,39268,1075000
101524,69,8,2025-12-12,2025-12-15,2026-01-07,Delivered,2,37426,6026000
101525,71,2,2025-12-12,2025-12-17,2026-01-26,Delivered,1,21759,4229000
101526,68,5,2025-12-12,2025-12-21,2026-01-11,Delivered,3,31260,11059000
101527,109,15,2025-12-12,2025-12-16,2025-12-21,Delivered,4,92436,10438000
101528,88,22,2025-12-12,2025-12-18,2025-12-21,Delivered,1,448,532000
101529,28,11,2025-12-12,2025-12-16,2026-01-25,Delivered,1,20498,5102000
101530,99,4,2025-12-13,2025-12-21,2026-01-16,Delivered,8,125760,24425000
101531,59,4,2025-12-13,2025-12-17,2026-01-08,Delivered,8,157320,21498000
101532,111,3,2025-12-13,2025-12-18,2026-01-25,Delivered,2,40934,8130000
101533,26,2,2025-12-13,2025-12-21,2026-01-28,Delivered,4,77252,19011000
101534,85,6,2025-12-15,2025-12-20,2026-01-11,Delivered,8,112624,27375000
101535,114,26,2025-12-15,2025-12-23,2025-12-25,Delivered,1,11142,594000
101536,79,1,2025-12-15,2025-12-22,2026-02-06,Delivered,1,16345,4310000
101537,81,17,2025-12-15,2025-12-23,2026-01-19,Delivered,8,78280,27152000
101538,51,2,2025-12-16,2025-12-22,2026-02-13,Delivered,1,9285,3820000
101539,41,4,2025-12-16,,,Cancelled,8,174392,23095000
101540,59,20,2025-12-16,2025-12-24,2025-12-27,Delivered,1,633,666000
101541,71,1,2025-12-16,2025-12-20,2026-01-27,Delivered,4,73620,17505000
101542,73,2,2025-12-16,2025-12-19,2026-02-05,Delivered,6,140376,27574000
101543,52,3,2025-12-16,2025-12-23,2026-01-28,Delivered,2,34052,9462000
101544,79,4,2025-12-17,2025-12-25,2026-01-12,Delivered,1,23389,3450000
101545,58,4,2025-12-17,2025-12-23,2026-01-21,Delivered,1,16990,3439000
101546,111,14,2025-12-17,2025-12-25,2025-12-29,Delivered,3,52968,7045000
101547,78,24,2025-12-17,2025-12-20,2025-12-25,Delivered,1,11418,639000
101548,61,3,2025-12-17,2025-12-19,2026-01-25,Delivered,3,60231,11729000
101549,116,4,2025-12-17,2025-12-22,2026-01-17,Delivered,2,45836,5691000
101550,98,5,2025-12-17,2025-12-22,2026-01-15,Delivered,2,27882,5761000
101551,116,30,2025-12-18,2025-12-22,2025-12-23,Delivered,1,22241,484000
101552,78,1,2025-12-18,2025-12-24,2026-01-29,Delivered,2,46152,9207000
101553,79,13,2025-12-18,,,Cancelled,8,82872,16862000
101554,99,13,2025-12-19,2025-12-27,2026-01-03,Delivered,4,65560,7860000
101555,42,9,2025-12-19,2025-12-21,2026-01-18,Delivered,1,10977,3099000
101556,58,11,2025-12-19,2025-12-27,2026-02-07,Delivered,1,21452,5092000
101557,36,21,2025-12-19,2025-12-21,2025-12-22,Delivered,1,2207,1502000
101558,55,18,2025-12-19,2025-12-26,2026-01-20,Delivered,6,105342,20183000
101559,78,1,2025-12-19,2025-12-21,2026-01-27,Delivered,1,9094,3716000
101560,51,10,2025-12-19,2025-12-22,2026-01-21,Delivered,2,45262,7850000
101561,111,2,2025-12-19,,,Cancelled,1,21881,4398000
101562,116,19,2025-12-20,2025-12-22,2025-12-24,Delivered,1,279,523000
101563,43,8,2025-12-20,2025-12-28,2026-01-22,Delivered,1,11877,3513000
101564,85,30,2025-12-20,2025-12-27,2025-12-28,Delivered,1,21590,571000
101565,114,12,2025-12-21,2025-12-25,2026-01-10,Delivered,1,17797,2977000
101566,35,28,2025-12-22,,,Cancelled,1,11034,605000
101567,50,7,2025-12-22,2025-12-25,2026-01-11,Delivered,2,20210,6718000
101568,71,28,2025-12-22,2025-12-26,2025-12-27,Delivered,1,12619,554000
101569,71,4,2025-12-22,2025-12-29,2026-01-18,Delivered,1,13168,3275000
101570,52,3,2025-12-22,2025-12-27,2026-02-03,Delivered,1,20888,4449000
101571,63,7,2025-12-22,2025-12-30,2026-01-19,Delivered,1,14458,3257000
101572,46,1,2025-12-22,2025-12-27,2026-02-02,Delivered,3,38163,11704000
101573,114,25,2025-12-22,2025-12-28,2025-12-31,Delivered,2,41264,1024000
101574,68,3,2025-12-23,2025-12-26,2026-02-02,Delivered,6,102582,28281000
101575,58,2,2025-12-23,2025-12-27,2026-02-15,Delivered,2,22568,7903000
101576,27,5,2025-12-23,2025-12-26,2026-01-20,Delivered,2,21932,6586000
101577,27,9,2025-12-23,2026-01-01,2026-01-28,Delivered,2,43158,6765000
101578,73,21,2025-12-24,2025-12-31,2026-01-01,Delivered,1,1389,921000
101579,98,12,2025-12-24,2025-12-29,2026-01-12,Delivered,1,21869,3004000
101580,97,17,2025-12-24,2025-12-28,2026-01-21,Delivered,1,10588,3236000
101581,79,4,2025-12-24,2025-12-27,2026-01-14,Delivered,3,29703,10549000
101582,28,1,2025-12-24,,,Cancelled,8,138512,29354000
101583,45,24,2025-12-24,2026-01-01,2026-01-03,Delivered,1,15831,500000
101584,103,29,2025-12-25,2025-12-27,2025-12-28,Delivered,1,18971,498000
101585,90,22,2025-12-25,2025-12-29,2026-01-01,Delivered,1,420,538000
101586,98,28,2025-12-25,2025-12-27,2025-12-29,Delivered,1,23779,527000
101587,68,3,2025-12-25,2025-12-29,2026-02-22,Delivered,4,89932,17827000
101588,85,24,2025-12-25,2026-01-01,2026-01-03,Delivered,1,21732,637000
101589,111,2,2025-12-26,2026-01-03,2026-02-09,Delivered,3,71433,13147000
101590,110,7,2025-12-26,2025-12-29,2026-01-15,Delivered,1,16625,3005000
101591,114,25,2025-12-26,2026-01-03,2026-01-05,Delivered,1,23811,538000
101592,39,1,2025-12-26,2026-01-01,2026-02-05,Delivered,1,9845,4800000
101593,85,5,2025-12-26,2026-01-02,2026-01-24,Delivered,2,27190,6826000
101594,102,18,2025-12-27,2025-12-30,2026-01-28,Delivered,3,49287,10095000
101595,41,23,2025-12-28,2025-12-30,2025-12-31,Delivered,1,2150,1381000
101596,90,21,2025-12-28,2026-01-04,2026-01-05,Delivered,1,1404,869000
101597,33,1,2025-12-29,2025-12-31,2026-02-06,Delivered,1,9582,4091000
101598,96,28,2025-12-29,2025-12-31,2026-01-01,Delivered,1,21687,502000
101599,28,1,2025-12-29,2026-01-06,2026-02-12,Delivered,1,23019,3636000
101600,96,30,2025-12-30,2026-01-03,2026-01-04,Delivered,1,16418,562000
101601,37,3,2025-12-30,2026-01-07,2026-02-12,Delivered,2,37690,9416000
101602,90,23,2025-12-30,2026-01-01,2026-01-02,Delivered,1,1957,1104000
101603,84,1,2025-12-31,2026-01-08,2026-02-13,Delivered,2,45684,7492000
101604,78,14,2025-12-31,2026-01-03,2026-01-06,Delivered,3,46863,7019000
101605,114,1,2025-12-31,2026-01-08,2026-02-12,Delivered,3,30981,13634000
101606,41,1,2025-12-31,2026-01-03,2026-02-09,Delivered,4,91560,17699000
101607,84,8,2025-12-31,2026-01-06,2026-01-30,Delivered,2,38350,6242000
101608,84,30,2025-12-31,2026-01-06,2026-01-07,Delivered,1,21495,578000
101609,51,9,2026-01-01,2026-01-04,2026-01-29,Delivered,2,43884,7943000
101610,44,7,2026-01-01,2026-01-09,2026-01-24,Delivered,1,16579,3149000
101611,61,1,2026-01-01,2026-01-10,2026-02-25,Delivered,1,10825,4166000
101612,79,27,2026-01-02,,,Cancelled,1,12718,662000
101613,37,28,2026-01-02,2026-01-10,2026-01-12,Delivered,1,20821,625000
101614,114,5,2026-01-02,2026-01-04,2026-01-23,Delivered,4,62788,13505000
101615,84,4,2026-01-03,2026-01-06,2026-01-25,Delivered,1,21836,3423000
101616,97,18,2026-01-03,2026-01-06,2026-02-05,Delivered,6,108060,22757000
101617,73,24,2026-01-05,2026-01-14,2026-01-15,Delivered,2,27498,1264000
101618,52,1,2026-01-05,2026-01-11,2026-02-17,Delivered,2,21992,7416000
101619,68,16,2026-01-05,2026-01-13,2026-01-17,Delivered,3,28119,5410000
101620,70,1,2026-01-05,2026-01-14,2026-02-19,Delivered,1,16505,3614000
101621,71,4,2026-01-06,2026-01-13,2026-01-31,Delivered,1,12365,3441000
101622,89,4,2026-01-06,2026-01-12,2026-02-01,Delivered,2,21968,6945000
101623,90,7,2026-01-06,,,Cancelled,4,44920,11785000
101624,98,3,2026-01-06,2026-01-15,2026-02-20,Delivered,1,13953,3849000
101625,90,5,2026-01-07,2026-01-15,2026-02-03,Delivered,1,20955,3427000
101626,52,15,2026-01-07,2026-01-16,2026-01-23,Delivered,2,28448,5016000
101627,70,29,2026-01-07,2026-01-16,2026-01-17,Delivered,2,38372,1200000
101628,85,29,2026-01-08,2026-01-15,2026-01-16,Delivered,1,23513,476000
101629,78,28,2026-01-08,2026-01-11,2026-01-13,Delivered,1,11891,549000
101630,110,25,2026-01-08,2026-01-13,2026-01-15,Delivered,2,22544,1056000
101631,39,9,2026-01-08,2026-01-16,2026-02-12,Delivered,1,10681,3154000
101632,102,12,2026-01-08,2026-01-10,2026-01-31,Delivered,3,53157,8401000
101633,90,2,2026-01-08,2026-01-17,2026-02-25,Delivered,6,69666,22264000
101634,70,8,2026-01-09,2026-01-17,2026-02-11,Delivered,3,28887,8917000
101635,102,24,2026-01-09,2026-01-17,2026-01-18,Delivered,1,17544,631000
101636,96,5,2026-01-09,2026-01-15,2026-02-03,Delivered,6,107562,17821000
101637,90,3,2026-01-09,2026-01-14,2026-03-08,Delivered,1,19890,4577000
101638,68,1,2026-01-09,2026-01-14,2026-02-27,Delivered,3,35583,13045000
101639,26,1,2026-01-09,2026-01-13,2026-02-17,Delivered,8,123160,33441000
101640,59,25,2026-01-09,2026-01-11,2026-01-13,Delivered,1,18398,572000
101641,62,22,2026-01-09,2026-01-11,2026-01-12,Delivered,1,1985,1195000
101642,41,4,2026-01-10,2026-01-14,2026-02-02,Delivered,1,15077,3183000
101643,73,12,2026-01-10,2026-01-17,2026-02-07,Delivered,4,47716,11425000
101644,33,9,2026-01-10,2026-01-19,2026-02-14,Delivered,6,75990,24453000
101645,35,4,2026-01-10,2026-01-19,2026-02-11,Delivered,4,49580,12994000
101646,70,20,2026-01-11,2026-01-13,2026-01-14,Delivered,1,589,544000
101647,116,8,2026-01-11,2026-01-13,2026-02-06,Delivered,3,39522,11478000
101648,114,12,2026-01-12,2026-01-20,2026-02-02,Delivered,3,51006,9461000
101649,102,11,2026-01-12,,,Cancelled,1,18591,4920000
101650,52,25,2026-01-12,2026-01-19,2026-01-21,Delivered,1,21630,617000
101651,58,24,2026-01-12,2026-01-15,2026-01-17,Delivered,2,32156,1118000
101652,63,3,2026-01-12,2026-01-18,2026-02-23,Delivered,2,27310,8461000
101653,35,2,2026-01-13,2026-01-19,2026-02-25,Delivered,2,43110,7913000
101654,116,2,2026-01-13,2026-01-21,2026-02-28,Delivered,4,59752,15586000
101655,56,4,2026-01-13,2026-01-19,2026-02-07,Delivered,2,40074,6003000
101656,60,18,2026-01-13,2026-01-19,2026-02-10,Delivered,8,190456,27485000
101657,28,17,2026-01-13,2026-01-16,2026-02-09,Delivered,6,137208,20025000
101658,55,29,2026-01-13,2026-01-17,2026-01-18,Delivered,1,19213,607000
101659,27,24,2026-01-13,2026-01-16,2026-01-18,Delivered,1,11411,628000
101660,90,27,2026-01-14,2026-01-19,2026-01-25,Delivered,1,14333,622000
101661,28,4,2026-01-14,2026-01-19,2026-02-08,Delivered,1,11349,2745000
101662,77,3,2026-01-14,,,Cancelled,3,41028,11543000
101663,55,30,2026-01-14,2026-01-19,2026-01-20,Delivered,1,20971,517000
101664,56,12,2026-01-14,2026-01-20,2026-02-02,Delivered,1,21189,2809000
101665,85,30,2026-01-15,2026-01-20,2026-01-21,Delivered,1,16120,567000
101666,90,2,2026-01-15,2026-01-17,2026-02-24,Delivered,2,19642,8213000
101667,51,4,2026-01-15,2026-01-24,2026-02-13,Delivered,2,46952,6956000
101668,21,28,2026-01-16,2026-01-24,2026-01-26,Delivered,1,19567,480000
101669,85,25,2026-01-16,2026-01-18,2026-01-19,Delivered,1,12229,605000
101670,102,16,2026-01-16,2026-01-18,2026-01-21,Delivered,4,43312,8290000
101671,116,4,2026-01-16,2026-01-25,2026-02-12,Delivered,1,17219,2891000
101672,27,8,2026-01-16,2026-01-22,2026-02-16,Delivered,4,92624,15086000
101673,35,26,2026-01-16,2026-01-20,2026-01-22,Delivered,2,18008,986000
101674,103,5,2026-01-16,2026-01-22,2026-02-10,Delivered,2,27852,6168000
101675,110,3,2026-01-16,2026-01-24,2026-03-04,Delivered,2,23578,9096000
101676,117,19,2026-01-17,,,Cancelled,1,214,417000
101677,77,24,2026-01-17,2026-01-25,2026-01-27,Delivered,1,17301,511000
101678,102,2,2026-01-18,2026-01-22,2026-02-28,Delivered,2,29640,8883000
101679,28,15,2026-01-18,2026-01-20,2026-01-25,Delivered,3,61581,7500000
101680,103,20,2026-01-19,,,Cancelled,1,1883,1195000
101681,110,25,2026-01-19,2026-01-27,2026-01-29,Delivered,1,11211,581000
101682,103,11,2026-01-19,2026-01-24,2026-03-07,Delivered,2,31898,8354000
101683,55,30,2026-01-19,2026-01-27,2026-01-28,Delivered,1,19332,602000
101684,28,12,2026-01-19,2026-01-25,2026-02-12,Delivered,2,34808,5350000
101685,59,1,2026-01-20,2026-01-24,2026-03-03,Delivered,1,14935,4449000
101686,116,5,2026-01-20,2026-01-24,2026-02-14,Delivered,3,49470,10674000
101687,88,2,2026-01-20,2026-01-23,2026-03-01,Delivered,2,35864,8828000
101688,111,3,2026-01-20,2026-01-25,2026-03-04,Delivered,1,11609,3825000
101689,27,23,2026-01-20,2026-01-23,2026-01-24,Delivered,1,1974,1262000
101690,55,29,2026-01-21,2026-01-28,2026-01-29,Delivered,1,10670,616000
101691,33,27,2026-01-21,2026-01-27,2026-01-29,Delivered,1,15526,516000
101692,51,19,2026-01-21,2026-01-28,2026-01-29,Delivered,1,1041,884000
101693,111,1,2026-01-21,2026-01-27,2026-03-04,Delivered,2,41732,9378000
101694,77,18,2026-01-21,2026-01-27,2026-02-21,Delivered,2,27932,6226000
101695,90,3,2026-01-22,2026-01-25,2026-03-05,Delivered,8,88128,36583000
101696,55,2,2026-01-22,2026-01-30,2026-03-11,Delivered,6,134646,26796000
101697,97,8,2026-01-22,2026-01-29,2026-02-23,Delivered,1,9144,3327000
101698,114,1,2026-01-22,2026-01-24,2026-03-13,Delivered,3,47982,11024000
101699,73,25,2026-01-23,2026-01-30,2026-02-02,Delivered,1,13736,596000
101700,46,5,2026-01-23,2026-01-30,2026-02-20,Delivered,8,148520,26548000
101701,33,20,2026-01-23,2026-01-30,2026-01-31,Delivered,1,2104,1240000
101702,102,3,2026-01-23,2026-01-29,2026-03-06,Delivered,1,17944,4384000
101703,114,19,2026-01-23,2026-01-31,2026-02-03,Delivered,1,1758,1045000
101704,114,26,2026-01-23,2026-01-31,2026-02-03,Delivered,2,42608,1253000
101705,89,9,2026-01-23,2026-01-30,2026-02-26,Delivered,1,14704,4000000
101706,71,1,2026-01-24,2026-01-29,2026-03-07,Delivered,2,26174,9401000
101707,103,9,2026-01-24,2026-01-29,2026-03-01,Delivered,8,137304,31314000
101708,62,1,2026-01-25,2026-01-27,2026-03-03,Delivered,1,18665,3939000
101709,41,22,2026-01-26,2026-01-30,2026-02-03,Delivered,1,235,534000
101710,33,10,2026-01-26,2026-01-28,2026-03-01,Delivered,6,57570,23981000
101711,114,27,2026-01-26,2026-02-03,2026-02-04,Delivered,2,23138,1291000
101712,103,7,2026-01-26,2026-02-01,2026-02-17,Delivered,3,44766,9485000
101713,79,26,2026-01-26,2026-01-30,2026-02-02,Delivered,1,9181,545000
101714,58,5,2026-01-26,2026-01-30,2026-02-19,Delivered,1,21458,3418000
101715,78,1,2026-01-26,2026-02-04,2026-03-22,Delivered,2,25682,8253000
101716,117,19,2026-01-27,2026-01-30,2026-01-31,Delivered,1,1210,880000
101717,71,24,2026-01-27,2026-02-01,2026-02-04,Delivered,1,11578,532000
101718,73,22,2026-01-27,2026-01-31,2026-02-03,Delivered,1,1539,1132000
101719,90,13,2026-01-27,2026-02-03,2026-02-06,Delivered,1,13539,2361000
101720,58,12,2026-01-27,2026-02-03,2026-02-19,Delivered,1,16002,2860000
101721,79,3,2026-01-27,,,Cancelled,6,69936,28976000
101722,39,27,2026-01-28,2026-01-31,2026-02-06,Delivered,1,12612,633000
101723,97,3,2026-01-28,2026-02-05,2026-03-15,Delivered,3,39705,11768000
101724,42,3,2026-01-28,2026-02-06,2026-03-16,Delivered,1,14072,4229000
101725,78,7,2026-01-28,2026-02-02,2026-02-20,Delivered,4,88444,12140000
101726,68,10,2026-01-28,2026-02-04,2026-03-07,Delivered,1,21591,4073000
101727,83,10,2026-01-28,2026-02-06,2026-03-07,Delivered,2,31148,7966000
101728,58,1,2026-01-28,2026-01-30,2026-03-07,Delivered,2,33060,9178000
101729,104,16,2026-01-28,2026-02-06,2026-02-09,Delivered,1,9535,2404000
101730,104,3,2026-01-29,2026-01-31,2026-03-20,Delivered,2,18496,8452000
101731,52,16,2026-01-29,2026-02-06,2026-02-07,Delivered,6,67842,10717000
101732,35,1,2026-01-29,,,Cancelled,6,103950,26178000
101733,71,2,2026-01-29,2026-01-31,2026-03-09,Delivered,2,46840,8741000
101734,84,1,2026-01-29,,,Cancelled,1,15997,3873000
101735,103,4,2026-01-29,2026-02-03,2026-02-23,Delivered,4,57168,14280000
101736,50,1,2026-01-30,2026-02-02,2026-03-12,Delivered,3,35247,11496000
101737,59,3,2026-01-30,2026-02-03,2026-03-13,Delivered,2,43424,7402000
101738,48,13,2026-01-30,2026-02-04,2026-02-06,Delivered,2,36836,4441000
101739,73,24,2026-01-30,2026-02-06,2026-02-09,Delivered,1,16536,545000
101740,29,5,2026-01-30,2026-02-01,2026-02-20,Delivered,2,43620,7238000
101741,27,1,2026-01-30,2026-02-01,2026-03-09,Delivered,1,17496,4666000
101742,35,22,2026-01-30,2026-02-04,2026-02-09,Delivered,1,1050,754000
101743,111,29,2026-01-31,2026-02-06,2026-02-07,Delivered,1,19924,613000
101744,55,8,2026-01-31,2026-02-04,2026-03-02,Delivered,1,18811,3599000
101745,108,8,2026-01-31,2026-02-06,2026-03-02,Delivered,2,38000,6967000
101746,102,22,2026-02-01,2026-02-04,2026-02-06,Delivered,1,201,483000
101747,86,19,2026-02-02,,,Cancelled,1,1304,797000
101748,97,15,2026-02-02,2026-02-09,2026-02-17,Delivered,4,69320,7806000
101749,46,5,2026-02-02,2026-02-05,2026-02-25,Delivered,1,14310,2757000
101750,102,3,2026-02-03,2026-02-07,2026-03-17,Delivered,4,75004,18255000
101751,77,9,2026-02-03,2026-02-05,2026-03-04,Delivered,1,20520,3780000
101752,36,7,2026-02-03,2026-02-05,2026-02-22,Delivered,4,36252,13250000
101753,51,30,2026-02-03,2026-02-07,2026-02-08,Delivered,1,12287,476000
101754,26,8,2026-02-03,2026-02-10,2026-03-16,Delivered,1,17846,3828000
101755,101,8,2026-02-03,2026-02-12,2026-03-07,Delivered,2,22278,6100000
101756,42,23,2026-02-04,2026-02-12,2026-02-13,Delivered,1,1520,997000
101757,28,1,2026-02-04,,,Cancelled,4,88024,19004000
101758,68,11,2026-02-04,2026-02-09,2026-03-21,Delivered,8,125272,33911000
101759,45,13,2026-02-05,2026-02-08,2026-02-14,Delivered,1,16130,1859000
101760,84,11,2026-02-05,2026-02-11,2026-03-23,Delivered,3,52962,12976000
101761,58,12,2026-02-05,,,Cancelled,8,106352,23824000
101762,37,5,2026-02-05,2026-02-09,2026-03-03,Delivered,3,63813,9868000
101763,71,7,2026-02-05,2026-02-14,2026-03-03,Delivered,1,23129,2833000
101764,116,13,2026-02-06,2026-02-14,2026-02-17,Delivered,2,27338,4288000
101765,62,21,2026-02-06,2026-02-12,2026-02-14,Delivered,1,1797,1107000
101766,102,26,2026-02-06,2026-02-12,2026-02-14,Delivered,1,10903,527000
101767,62,18,2026-02-06,2026-02-14,2026-03-10,Delivered,1,21536,3200000
101768,71,27,2026-02-06,2026-02-09,2026-02-12,Delivered,1,11899,629000
101769,59,24,2026-02-07,2026-02-12,2026-02-15,Delivered,1,10638,596000
101770,116,4,2026-02-09,2026-02-16,2026-03-08,Delivered,1,21896,3277000
101771,86,4,2026-02-09,2026-02-15,2026-03-07,Delivered,2,43366,5990000
101772,59,22,2026-02-09,2026-02-15,2026-02-17,Delivered,1,1302,891000
101773,110,19,2026-02-09,2026-02-14,2026-02-18,Delivered,1,1830,1320000
101774,105,7,2026-02-09,,,Cancelled,2,27394,6381000
101775,102,25,2026-02-10,2026-02-14,2026-02-16,Delivered,1,12418,576000
101776,117,1,2026-02-10,2026-02-12,2026-03-22,Delivered,4,51024,14645000
101777,30,1,2026-02-10,2026-02-13,2026-03-22,Delivered,4,84732,16942000
101778,28,25,2026-02-10,2026-02-13,2026-02-16,Delivered,2,45398,1129000
101779,79,7,2026-02-10,2026-02-15,2026-03-03,Delivered,2,42428,6356000
101780,58,13,2026-02-10,2026-02-13,2026-02-18,Delivered,8,143336,17800000
101781,111,2,2026-02-10,2026-02-15,2026-04-02,Delivered,2,30974,7805000
101782,35,9,2026-02-11,2026-02-20,2026-03-18,Delivered,2,47552,7350000
101783,97,27,2026-02-11,2026-02-16,2026-02-18,Delivered,1,10878,650000
101784,85,26,2026-02-11,2026-02-20,2026-02-21,Delivered,1,22540,633000
101785,37,2,2026-02-11,2026-02-19,2026-04-12,Delivered,1,14378,4103000
101786,59,2,2026-02-11,2026-02-20,2026-03-31,Delivered,3,42792,13352000
101787,68,11,2026-02-11,2026-02-14,2026-03-27,Delivered,1,14388,3840000
101788,78,3,2026-02-11,2026-02-13,2026-04-02,Delivered,3,37713,12928000
101789,51,4,2026-02-12,2026-02-21,2026-03-12,Delivered,2,37590,5367000
101790,46,20,2026-02-12,2026-02-19,2026-02-20,Delivered,1,472,638000
101791,110,28,2026-02-12,2026-02-14,2026-02-16,Delivered,2,32244,1226000
101792,89,1,2026-02-12,2026-02-15,2026-03-22,Delivered,6,109374,24461000
101793,111,8,2026-02-12,2026-02-16,2026-03-12,Delivered,3,47349,10725000
101794,50,5,2026-02-12,2026-02-19,2026-03-21,Delivered,2,39928,6702000
101795,46,8,2026-02-12,2026-02-18,2026-03-16,Delivered,2,22692,6691000
101796,21,9,2026-02-13,2026-02-22,2026-03-22,Delivered,6,78624,20753000
101797,62,5,2026-02-13,2026-02-17,2026-03-10,Delivered,1,18783,3440000
101798,81,27,2026-02-13,2026-02-22,2026-02-25,Delivered,1,10086,623000
101799,51,14,2026-02-13,2026-02-16,2026-02-19,Delivered,1,18630,2204000
101800,27,24,2026-02-13,2026-02-16,2026-02-21,Delivered,1,20501,585000
101801,73,19,2026-02-13,2026-02-15,2026-02-16,Delivered,1,2293,1169000
101802,27,25,2026-02-14,2026-02-16,2026-02-18,Delivered,1,9639,488000
101803,90,21,2026-02-15,2026-02-22,2026-02-24,Delivered,1,1880,1148000
101804,111,26,2026-02-16,2026-02-21,2026-02-23,Delivered,2,47636,1121000
101805,26,8,2026-02-16,2026-02-22,2026-03-20,Delivered,2,38330,7068000
101806,103,1,2026-02-16,2026-02-24,2026-03-31,Delivered,8,87184,35854000
101807,28,20,2026-02-16,2026-02-18,2026-02-19,Delivered,1,2082,1199000
101808,50,20,2026-02-17,2026-02-20,2026-02-21,Delivered,1,1461,847000
101809,30,16,2026-02-17,2026-02-22,2026-02-25,Delivered,1,22891,1790000
101810,89,19,2026-02-17,2026-02-22,2026-02-23,Delivered,1,509,528000
101811,85,2,2026-02-18,2026-02-26,2026-04-06,Delivered,4,92740,18240000
101812,63,25,2026-02-18,2026-02-23,2026-02-27,Delivered,1,11970,606000
101813,42,8,2026-02-18,2026-02-26,2026-03-24,Delivered,6,63618,19655000
101814,48,2,2026-02-19,2026-02-23,2026-04-01,Delivered,1,10453,4192000
101815,102,1,2026-02-19,2026-02-26,2026-04-04,Delivered,1,14781,4384000
101816,110,9,2026-02-19,2026-02-22,2026-04-02,Delivered,1,10130,3157000
101817,46,12,2026-02-19,2026-02-23,2026-03-09,Delivered,1,21495,2597000
101818,78,2,2026-02-19,2026-02-26,2026-04-07,Delivered,4,74804,15064000
101819,73,27,2026-02-19,2026-02-28,2026-03-04,Delivered,2,29386,1189000
101820,102,30,2026-02-19,2026-02-21,2026-02-22,Delivered,1,15862,529000
101821,52,1,2026-02-20,2026-02-24,2026-04-03,Delivered,4,71940,16510000
101822,84,2,2026-02-20,2026-02-23,2026-04-03,Delivered,4,91008,18281000
101823,114,24,2026-02-20,2026-02-27,2026-03-03,Delivered,1,16655,582000
101824,59,9,2026-02-20,,,Cancelled,8,112040,26699000
101825,103,25,2026-02-20,2026-02-22,2026-02-23,Delivered,1,11697,587000
101826,34,9,2026-02-21,2026-02-23,2026-03-21,Delivered,4,70552,15095000
101827,80,22,2026-02-22,2026-02-24,2026-02-25,Delivered,1,1119,751000
101828,78,15,2026-02-23,2026-03-01,2026-03-07,Delivered,1,13303,2327000
101829,90,13,2026-02-23,2026-03-03,2026-03-08,Delivered,1,20331,2332000
101830,85,1,2026-02-23,2026-03-04,2026-04-23,Delivered,2,21888,8387000
101831,71,8,2026-02-23,2026-02-26,2026-03-21,Delivered,4,93192,15719000
101832,85,27,2026-02-23,2026-03-01,2026-03-07,Delivered,1,22104,675000
101833,114,16,2026-02-23,2026-03-02,2026-03-03,Delivered,2,26076,3964000
101834,35,2,2026-02-23,2026-03-04,2026-04-13,Delivered,4,94540,16018000
101835,110,15,2026-02-23,2026-02-28,2026-03-04,Delivered,1,22517,2579000
101836,100,10,2026-02-24,2026-03-01,2026-03-30,Delivered,1,11708,3738000
101837,98,11,2026-02-24,2026-03-05,2026-04-13,Delivered,6,97914,23675000
101838,97,7,2026-02-24,2026-03-02,2026-03-20,Delivered,2,42266,6620000
101839,111,12,2026-02-24,2026-02-26,2026-03-14,Delivered,2,20870,5491000
101840,75,25,2026-02-24,2026-03-03,2026-03-04,Delivered,1,19728,555000
101841,78,19,2026-02-24,,,Cancelled,1,2339,1423000
101842,97,5,2026-02-24,2026-02-27,2026-03-21,Delivered,1,15874,3303000
101843,46,5,2026-02-24,2026-03-02,2026-03-24,Delivered,2,27928,6356000
101844,25,1,2026-02-25,2026-03-03,2026-04-08,Delivered,2,29618,8320000
101845,111,23,2026-02-25,2026-03-03,2026-03-05,Delivered,1,267,531000
101846,102,15,2026-02-25,2026-02-27,2026-03-04,Delivered,3,53979,7677000
101847,110,2,2026-02-25,2026-03-04,2026-04-15,Delivered,2,43622,9073000
101848,37,20,2026-02-25,2026-03-03,2026-03-04,Delivered,1,371,476000
101849,110,6,2026-02-25,2026-03-03,2026-03-23,Delivered,4,59836,13752000
101850,114,4,2026-02-25,2026-02-27,2026-03-20,Delivered,4,40364,11480000
101851,102,5,2026-02-25,2026-03-05,2026-03-24,Delivered,1,21479,2923000
101852,102,14,2026-02-26,2026-03-02,2026-03-05,Delivered,3,71484,6571000
101853,68,5,2026-02-26,2026-03-07,2026-03-26,Delivered,2,42414,7103000
101854,36,19,2026-02-26,2026-03-02,2026-03-04,Delivered,1,2107,1202000
101855,114,19,2026-02-26,2026-03-07,2026-03-09,Delivered,1,414,523000
101856,84,26,2026-02-27,2026-03-03,2026-03-04,Delivered,1,11521,546000
101857,110,4,2026-02-27,2026-03-07,2026-03-25,Delivered,2,37844,6168000
101858,35,5,2026-02-27,,,Cancelled,1,13458,2811000
101859,113,14,2026-02-27,2026-03-08,2026-03-11,Delivered,6,93276,12233000
101860,50,7,2026-02-27,,,Cancelled,1,14600,2542000
101861,104,17,2026-02-27,2026-03-05,2026-04-03,Delivered,2,22758,5792000
101862,111,21,2026-02-28,2026-03-02,2026-03-04,Delivered,1,961,858000
101863,50,13,2026-02-28,2026-03-05,2026-03-07,Delivered,2,22118,4901000
101864,42,23,2026-03-01,2026-03-08,2026-03-09,Delivered,1,356,550000
101865,111,1,2026-03-02,2026-03-06,2026-04-12,Delivered,1,17874,4278000
101866,41,9,2026-03-02,2026-03-08,2026-04-04,Delivered,1,20470,3702000
101867,111,19,2026-03-02,2026-03-05,2026-03-07,Delivered,1,1001,845000
101868,42,4,2026-03-03,2026-03-06,2026-03-26,Delivered,1,17608,3242000
101869,39,25,2026-03-03,2026-03-05,2026-03-06,Delivered,1,14295,487000
101870,90,7,2026-03-03,2026-03-11,2026-03-27,Delivered,3,48231,10174000
101871,85,16,2026-03-04,2026-03-08,2026-03-14,Delivered,1,22774,2405000
101872,97,27,2026-03-04,2026-03-09,2026-03-12,Delivered,1,17510,664000
101873,62,3,2026-03-04,,,Cancelled,6,95442,27710000
101874,110,20,2026-03-04,2026-03-11,2026-03-13,Delivered,1,1347,836000
101875,78,2,2026-03-04,2026-03-10,2026-04-18,Delivered,2,37928,9501000
101876,115,2,2026-03-04,2026-03-10,2026-04-18,Delivered,3,62475,13801000
101877,110,5,2026-03-04,2026-03-06,2026-03-28,Delivered,2,30244,5728000
101878,109,15,2026-03-04,2026-03-08,2026-03-14,Delivered,4,49808,9983000
101879,77,2,2026-03-05,2026-03-09,2026-04-18,Delivered,2,27624,8561000
101880,41,29,2026-03-05,2026-03-10,2026-03-13,Delivered,1,18009,572000
101881,79,15,2026-03-05,2026-03-07,2026-03-12,Delivered,1,22626,2223000
101882,116,21,2026-03-05,2026-03-13,2026-03-17,Delivered,1,314,489000
101883,102,21,2026-03-05,2026-03-09,2026-03-12,Delivered,1,2103,1226000
101884,52,26,2026-03-06,2026-03-15,2026-03-17,Delivered,1,16161,518000
101885,59,1,2026-03-06,2026-03-10,2026-04-28,Delivered,4,75908,15981000
101886,103,4,2026-03-06,2026-03-10,2026-04-08,Delivered,8,143848,22117000
101887,103,12,2026-03-06,2026-03-10,2026-03-24,Delivered,2,47244,5153000
101888,77,12,2026-03-06,2026-03-13,2026-03-30,Delivered,3,51198,7537000
101889,116,24,2026-03-06,2026-03-11,2026-03-13,Delivered,1,18296,554000
101890,110,4,2026-03-06,2026-03-15,2026-04-05,Delivered,4,60908,14349000
101891,103,19,2026-03-06,2026-03-12,2026-03-13,Delivered,1,522,582000
101892,25,4,2026-03-07,2026-03-09,2026-03-28,Delivered,2,32004,7099000
101893,111,4,2026-03-07,2026-03-15,2026-04-05,Delivered,1,19043,2797000
101894,41,23,2026-03-08,2026-03-14,2026-03-15,Delivered,1,2020,1407000
101895,82,7,2026-03-08,2026-03-16,2026-04-02,Delivered,1,22237,3197000
101896,117,16,2026-03-09,2026-03-15,2026-03-19,Delivered,8,159144,16825000
101897,111,5,2026-03-09,2026-03-17,2026-04-07,Delivered,2,20490,5730000
101898,78,13,2026-03-09,2026-03-12,2026-03-14,Delivered,1,16212,1840000
101899,110,24,2026-03-09,2026-03-13,2026-03-17,Delivered,1,18230,558000
101900,35,9,2026-03-10,2026-03-16,2026-04-13,Delivered,1,13492,3671000
101901,51,10,2026-03-10,2026-03-18,2026-04-16,Delivered,2,42986,8437000
101902,28,22,2026-03-10,2026-03-17,2026-03-18,Delivered,1,1310,904000
101903,111,28,2026-03-10,2026-03-17,2026-03-18,Delivered,1,15295,490000
101904,114,25,2026-03-11,2026-03-19,2026-03-21,Delivered,1,16518,492000
101905,55,19,2026-03-11,2026-03-13,2026-03-16,Delivered,1,2053,1407000
101906,49,2,2026-03-11,2026-03-17,2026-04-25,Delivered,1,21976,4090000
101907,68,7,2026-03-11,2026-03-19,2026-04-05,Delivered,1,21907,2558000
101908,117,7,2026-03-11,2026-03-19,2026-04-04,Delivered,8,84792,25542000
101909,62,25,2026-03-11,2026-03-13,2026-03-15,Delivered,1,21045,552000
101910,84,22,2026-03-12,2026-03-15,2026-03-16,Delivered,1,1291,803000
101911,90,22,2026-03-12,2026-03-17,2026-03-20,Delivered,1,889,826000
101912,97,18,2026-03-12,2026-03-16,2026-04-07,Delivered,2,43790,7375000
101913,71,19,2026-03-12,2026-03-18,2026-03-20,Delivered,1,776,613000
101914,27,2,2026-03-12,2026-03-18,2026-04-27,Delivered,2,18932,9208000
101915,62,13,2026-03-12,2026-03-20,2026-03-24,Delivered,2,28804,4869000
101916,28,13,2026-03-12,2026-03-19,2026-03-21,Delivered,1,21494,2246000
101917,84,11,2026-03-13,2026-03-16,2026-04-24,Delivered,4,63792,16840000
101918,55,13,2026-03-13,2026-03-21,2026-03-26,Delivered,2,44338,4198000
101919,43,1,2026-03-13,2026-03-19,2026-05-02,Delivered,2,18324,7932000
101920,51,1,2026-03-13,2026-03-22,2026-04-29,Delivered,8,110720,37444000
101921,51,9,2026-03-13,2026-03-21,2026-04-15,Delivered,6,124464,22128000
101922,51,26,2026-03-14,2026-03-19,2026-03-20,Delivered,1,11899,562000
101923,58,1,2026-03-14,2026-03-16,2026-04-20,Delivered,1,13149,3670000
101924,71,27,2026-03-14,2026-03-21,2026-03-26,Delivered,1,20905,501000
101925,58,17,2026-03-14,2026-03-23,2026-04-15,Delivered,2,25338,6809000
101926,84,5,2026-03-15,2026-03-18,2026-04-09,Delivered,2,23166,7282000
101927,90,29,2026-03-15,2026-03-21,2026-03-22,Delivered,2,36538,1082000
101928,68,30,2026-03-16,2026-03-22,2026-03-23,Delivered,1,15608,572000
101929,55,17,2026-03-16,2026-03-18,2026-04-08,Delivered,2,31590,6630000
101930,58,10,2026-03-16,2026-03-23,2026-04-24,Delivered,2,19852,8724000
101931,85,2,2026-03-17,2026-03-22,2026-05-01,Delivered,2,19184,9110000
101932,28,1,2026-03-17,2026-03-21,2026-04-29,Delivered,1,15639,4177000
101933,79,25,2026-03-17,2026-03-19,2026-03-21,Delivered,1,21435,622000
101934,98,6,2026-03-17,2026-03-25,2026-04-14,Delivered,2,37154,5721000
101935,37,1,2026-03-17,,,Cancelled,2,39002,9215000
101936,114,26,2026-03-17,2026-03-21,2026-03-22,Delivered,1,18230,485000
101937,68,6,2026-03-17,2026-03-25,2026-04-15,Delivered,3,35190,9517000
101938,96,1,2026-03-18,2026-03-23,2026-05-10,Delivered,2,22204,9292000
101939,114,9,2026-03-18,2026-03-27,2026-05-01,Delivered,3,51765,10063000
101940,77,3,2026-03-18,2026-03-20,2026-04-28,Delivered,4,91912,14701000
101941,102,12,2026-03-18,2026-03-23,2026-04-07,Delivered,2,28196,6283000
101942,71,7,2026-03-18,2026-03-26,2026-04-10,Delivered,8,105264,22569000
101943,90,13,2026-03-19,2026-03-24,2026-03-30,Delivered,6,122418,12857000
101944,97,21,2026-03-19,2026-03-27,2026-03-30,Delivered,1,2040,1323000
101945,26,9,2026-03-19,2026-03-28,2026-04-24,Delivered,2,33998,6605000
101946,28,13,2026-03-19,2026-03-28,2026-04-02,Delivered,4,77548,7486000
101947,111,22,2026-03-19,,,Cancelled,1,1942,1355000
101948,40,30,2026-03-19,2026-03-21,2026-03-22,Delivered,2,35500,992000
101949,68,14,2026-03-19,2026-03-23,2026-03-25,Delivered,2,32694,3750000
101950,79,21,2026-03-20,2026-03-26,2026-03-30,Delivered,1,2154,1231000
101951,90,19,2026-03-20,2026-03-29,2026-04-01,Delivered,1,903,735000
101952,41,19,2026-03-20,2026-03-25,2026-03-26,Delivered,1,1689,1166000
101953,110,2,2026-03-20,2026-03-24,2026-05-03,Delivered,2,18102,8203000
101954,61,14,2026-03-21,2026-03-29,2026-04-01,Delivered,1,12485,2029000
101955,79,1,2026-03-21,2026-03-25,2026-04-29,Delivered,6,54528,26784000
101956,110,16,2026-03-21,2026-03-27,2026-03-31,Delivered,2,18932,4526000
101957,98,1,2026-03-21,2026-03-30,2026-05-06,Delivered,3,59976,10822000
101958,48,4,2026-03-22,2026-03-26,2026-04-16,Delivered,8,191992,25526000
101959,85,4,2026-03-22,2026-03-29,2026-04-19,Delivered,6,55926,20853000
101960,35,22,2026-03-23,2026-04-01,2026-04-06,Delivered,1,1465,1038000
101961,46,4,2026-03-23,2026-03-25,2026-04-13,Delivered,1,14694,3531000
101962,58,18,2026-03-23,2026-03-26,2026-04-18,Delivered,4,74384,13566000
101963,112,10,2026-03-23,2026-04-01,2026-04-30,Delivered,2,37430,8005000
101964,33,7,2026-03-23,2026-03-26,2026-04-18,Delivered,4,86160,12019000
101965,63,4,2026-03-23,2026-03-26,2026-04-17,Delivered,2,47822,6785000
101966,41,13,2026-03-24,2026-04-01,2026-04-07,Delivered,4,74540,8931000
101967,50,22,2026-03-24,2026-03-29,2026-04-02,Delivered,1,923,849000
101968,116,4,2026-03-24,2026-03-27,2026-04-22,Delivered,1,19239,2968000
101969,71,11,2026-03-24,2026-03-31,2026-05-12,Delivered,3,39666,12397000
101970,98,28,2026-03-24,2026-03-27,2026-03-30,Delivered,1,11766,598000
101971,54,5,2026-03-25,2026-03-29,2026-04-17,Delivered,2,23134,6400000
101972,114,8,2026-03-25,2026-03-28,2026-04-23,Delivered,1,22587,3118000
101973,52,12,2026-03-25,2026-03-29,2026-04-14,Delivered,2,29684,5822000
101974,96,17,2026-03-25,2026-03-29,2026-04-20,Delivered,1,13999,3726000
101975,105,25,2026-03-25,2026-03-31,2026-04-03,Delivered,1,10303,522000
101976,84,17,2026-03-26,2026-04-01,2026-04-22,Delivered,1,22711,3259000
101977,58,25,2026-03-26,2026-04-03,2026-04-04,Delivered,1,15864,498000
101978,85,21,2026-03-26,2026-04-03,2026-04-04,Delivered,1,317,561000
101979,41,6,2026-03-26,2026-03-29,2026-04-19,Delivered,2,22754,5588000
101980,41,20,2026-03-27,2026-04-05,2026-04-06,Delivered,1,380,621000
101981,63,27,2026-03-27,2026-03-31,2026-04-04,Delivered,1,10735,640000
101982,35,10,2026-03-27,2026-03-30,2026-04-28,Delivered,1,16152,4019000
101983,27,23,2026-03-27,2026-04-03,2026-04-04,Delivered,1,1236,774000
101984,104,30,2026-03-27,2026-04-05,2026-04-06,Delivered,1,11160,601000
101985,51,9,2026-03-27,2026-03-30,2026-04-26,Delivered,3,33522,11379000
101986,110,5,2026-03-27,2026-03-29,2026-04-26,Delivered,8,153840,27768000
101987,78,6,2026-03-28,2026-04-02,2026-04-24,Delivered,3,34545,10030000
101988,68,4,2026-03-28,2026-03-30,2026-04-20,Delivered,1,17376,3131000
101989,99,11,2026-03-28,2026-04-03,2026-05-14,Delivered,2,39038,8539000
101990,87,4,2026-03-28,2026-04-06,2026-04-24,Delivered,3,50580,10373000
101991,28,9,2026-03-29,2026-04-02,2026-05-07,Delivered,2,28770,7191000
101992,103,15,2026-03-30,2026-04-01,2026-04-07,Delivered,3,53664,6805000
101993,97,29,2026-03-30,2026-04-08,2026-04-09,Delivered,1,10450,518000
101994,98,25,2026-03-30,2026-04-01,2026-04-02,Delivered,2,37686,1259000
101995,52,4,2026-03-30,2026-04-01,2026-04-29,Delivered,2,18604,6712000
101996,27,24,2026-03-31,2026-04-07,2026-04-09,Delivered,2,30786,1310000
101997,35,22,2026-03-31,2026-04-07,2026-04-08,Delivered,1,1606,1035000
101998,27,3,2026-03-31,2026-04-03,2026-05-11,Delivered,1,9454,3964000
101999,62,15,2026-03-31,2026-04-05,2026-04-11,Delivered,1,23395,2167000
102000,35,6,2026-03-31,,,Cancelled,1,16658,3515000
102001,97,16,2026-03-31,2026-04-03,2026-04-05,Delivered,1,18222,2357000
102002,35,8,2026-04-01,2026-04-10,2026-05-14,Delivered,1,21369,3166000
102003,51,20,2026-04-01,2026-04-09,2026-04-10,Delivered,1,1317,896000
102004,110,29,2026-04-01,2026-04-08,2026-04-09,Delivered,2,43162,1010000
102005,73,2,2026-04-01,2026-04-08,2026-05-16,Delivered,6,95064,24474000
102006,42,22,2026-04-01,2026-04-05,2026-04-10,Delivered,1,549,532000
102007,78,2,2026-04-01,2026-04-05,2026-05-26,Delivered,4,37560,17505000
102008,104,20,2026-04-01,2026-04-10,2026-04-11,Delivered,1,615,633000
102009,46,4,2026-04-01,2026-04-07,2026-05-05,Delivered,3,70161,9244000
102010,41,5,2026-04-02,2026-04-08,2026-05-06,Delivered,1,18530,3398000
102011,55,2,2026-04-02,2026-04-11,2026-05-21,Delivered,1,20776,3929000
102012,90,30,2026-04-02,2026-04-10,2026-04-12,Delivered,1,17684,466000
102013,68,6,2026-04-03,2026-04-09,2026-05-02,Delivered,3,55968,8714000
102014,111,4,2026-04-03,2026-04-05,2026-04-24,Delivered,2,27658,5911000
102015,77,9,2026-04-03,2026-04-09,2026-05-13,Delivered,6,76386,19669000
102016,49,2,2026-04-03,2026-04-05,2026-05-12,Delivered,1,15320,4917000
102017,28,8,2026-04-03,2026-04-05,2026-04-29,Delivered,2,42662,5995000
102018,55,8,2026-04-04,2026-04-08,2026-05-02,Delivered,3,61272,8916000
102019,90,7,2026-04-04,2026-04-08,2026-04-23,Delivered,3,28056,8962000
102020,77,9,2026-04-05,2026-04-11,2026-05-19,Delivered,1,17334,3422000
102021,29,3,2026-04-06,2026-04-15,2026-05-24,Delivered,2,37024,8578000
102022,55,1,2026-04-06,2026-04-14,2026-05-22,Delivered,6,136554,21926000
102023,85,13,2026-04-06,2026-04-12,2026-04-17,Delivered,2,47828,3981000
102024,99,4,2026-04-06,2026-04-11,2026-05-09,Delivered,3,41181,8477000
102025,78,27,2026-04-07,2026-04-14,2026-04-17,Delivered,1,18073,595000
102026,35,3,2026-04-07,,,Cancelled,8,104872,32431000
102027,99,3,2026-04-07,2026-04-10,2026-05-19,Delivered,6,58206,25163000
102028,40,27,2026-04-08,2026-04-16,2026-04-22,Delivered,1,15635,534000
102029,111,1,2026-04-08,2026-04-15,2026-05-22,Delivered,1,17349,4244000
102030,28,3,2026-04-08,2026-04-10,2026-05-18,Delivered,4,94024,15100000
102031,36,13,2026-04-08,2026-04-15,2026-04-18,Delivered,1,9399,2015000
102032,85,5,2026-04-08,2026-04-11,2026-05-03,Delivered,2,47772,6777000
102033,55,5,2026-04-09,2026-04-12,2026-05-01,Delivered,1,10691,2936000
102034,28,2,2026-04-09,2026-04-16,2026-05-25,Delivered,2,46238,8815000
102035,90,1,2026-04-09,2026-04-18,2026-06-02,Delivered,2,30892,7696000
102036,35,25,2026-04-09,2026-04-14,2026-04-16,Delivered,1,18560,544000
102037,99,9,2026-04-09,2026-04-13,2026-05-11,Delivered,3,50013,9552000
102038,114,6,2026-04-09,2026-04-11,2026-05-04,Delivered,4,78812,14295000
102039,110,11,2026-04-10,2026-04-15,2026-06-12,Delivered,2,40198,8255000
102040,51,8,2026-04-10,,,Cancelled,4,80104,12946000
102041,68,4,2026-04-10,2026-04-12,2026-05-03,Delivered,3,37593,8185000
102042,26,20,2026-04-10,,,Cancelled,1,444,555000
102043,102,4,2026-04-10,2026-04-14,2026-05-04,Delivered,3,54672,10556000
102044,96,3,2026-04-10,2026-04-19,2026-06-06,Delivered,1,22201,3985000
102045,90,22,2026-04-11,2026-04-14,2026-04-17,Delivered,1,1691,1085000
102046,102,30,2026-04-11,2026-04-13,2026-04-14,Delivered,1,20115,556000
102047,103,5,2026-04-12,2026-04-14,2026-05-04,Delivered,3,27024,10967000
102048,111,25,2026-04-12,2026-04-16,2026-04-17,Delivered,1,19996,630000
102049,117,1,2026-04-13,2026-04-20,2026-05-26,Delivered,2,46200,8810000
102050,90,1,2026-04-13,2026-04-17,2026-05-28,Delivered,1,10824,4135000
102051,24,30,2026-04-13,2026-04-18,2026-04-19,Delivered,2,31642,1071000
102052,85,19,2026-04-13,2026-04-19,2026-04-20,Delivered,1,2116,1256000
102053,71,12,2026-04-13,2026-04-21,2026-05-08,Delivered,1,19008,2734000
102054,86,28,2026-04-13,2026-04-22,2026-04-24,Delivered,1,14537,579000
102055,110,8,2026-04-14,2026-04-18,2026-05-14,Delivered,3,62649,10379000
102056,52,17,2026-04-14,2026-04-20,2026-05-11,Delivered,6,140760,17495000
102057,99,24,2026-04-14,2026-04-18,2026-04-21,Delivered,1,23517,540000
102058,102,22,2026-04-14,,,Cancelled,1,1637,1077000
102059,77,23,2026-04-14,2026-04-22,2026-04-25,Delivered,1,2364,1358000
102060,55,30,2026-04-14,2026-04-19,2026-04-20,Delivered,1,12359,609000
102061,117,1,2026-04-14,2026-04-19,2026-06-02,Delivered,3,70188,13147000
102062,68,4,2026-04-15,2026-04-17,2026-05-08,Delivered,4,91120,13291000
102063,71,20,2026-04-15,2026-04-21,2026-04-22,Delivered,1,2045,1196000
102064,34,10,2026-04-15,2026-04-18,2026-05-25,Delivered,8,169248,27198000
102065,118,1,2026-04-15,2026-04-23,2026-05-30,Delivered,1,9136,4401000
102066,35,11,2026-04-16,2026-04-21,2026-05-30,Delivered,1,12880,4392000
102067,59,1,2026-04-16,2026-04-20,2026-05-27,Delivered,1,23686,4790000
102068,110,27,2026-04-16,,,Cancelled,1,18937,671000
102069,110,19,2026-04-16,2026-04-22,2026-04-23,Delivered,1,1400,855000
102070,85,2,2026-04-16,2026-04-25,2026-06-02,Delivered,2,40780,8107000
102071,102,8,2026-04-16,2026-04-22,2026-05-15,Delivered,4,55432,13452000
102072,39,25,2026-04-16,2026-04-21,2026-04-22,Delivered,1,21096,495000
102073,37,25,2026-04-16,,,Cancelled,1,10046,512000
102074,114,25,2026-04-17,2026-04-19,2026-04-20,Delivered,2,19730,1063000
102075,52,4,2026-04-17,2026-04-23,2026-05-15,Delivered,2,19982,5358000
102076,102,3,2026-04-17,2026-04-22,2026-05-28,Delivered,1,17984,4025000
102077,35,8,2026-04-18,2026-04-23,2026-05-19,Delivered,3,43638,11606000
102078,117,28,2026-04-18,2026-04-24,2026-04-27,Delivered,1,23568,595000
102079,93,5,2026-04-18,2026-04-22,2026-05-13,Delivered,1,16745,3003000
102080,68,20,2026-04-18,2026-04-24,2026-04-25,Delivered,1,672,753000
102081,56,2,2026-04-19,2026-04-25,2026-06-04,Delivered,2,46528,9331000
102082,98,3,2026-04-20,2026-04-28,2026-06-05,Delivered,3,35442,12859000
102083,78,23,2026-04-20,2026-04-26,2026-04-28,Delivered,1,278,505000
102084,42,14,2026-04-20,2026-04-22,2026-04-25,Delivered,2,20952,4088000
102085,103,27,2026-04-20,2026-04-27,2026-05-01,Delivered,1,17080,502000
102086,71,8,2026-04-20,2026-04-24,2026-05-17,Delivered,3,51096,10776000
102087,73,16,2026-04-20,2026-04-29,2026-04-30,Delivered,2,40468,3988000
102088,36,3,2026-04-20,2026-04-22,2026-05-31,Delivered,3,34224,13259000
102089,107,5,2026-04-20,2026-04-29,2026-05-20,Delivered,3,38454,8919000
102090,111,19,2026-04-21,2026-04-25,2026-04-29,Delivered,1,585,703000
102091,106,20,2026-04-21,2026-04-25,2026-04-26,Delivered,1,1822,1256000
102092,116,22,2026-04-21,2026-04-27,2026-04-28,Delivered,1,1296,1015000
102093,85,7,2026-04-21,2026-04-29,2026-05-17,Delivered,2,47030,6725000
102094,85,5,2026-04-21,2026-04-28,2026-05-17,Delivered,1,12813,3252000
102095,68,7,2026-04-21,2026-04-23,2026-05-09,Delivered,1,19236,3041000
102096,114,19,2026-04-21,2026-04-30,2026-05-01,Delivered,1,186,511000
102097,78,4,2026-04-21,2026-04-30,2026-05-21,Delivered,1,19834,2806000
102098,84,6,2026-04-22,2026-04-26,2026-05-19,Delivered,6,59832,17980000
102099,28,24,2026-04-22,2026-04-27,2026-04-29,Delivered,1,18393,526000
102100,59,11,2026-04-22,2026-04-29,2026-06-07,Delivered,2,36266,10207000
102101,73,27,2026-04-22,2026-04-26,2026-04-28,Delivered,1,22735,533000
102102,35,23,2026-04-22,2026-04-29,2026-05-01,Delivered,1,740,784000
102103,30,18,2026-04-22,2026-04-29,2026-05-21,Delivered,1,10145,3042000
102104,59,2,2026-04-22,2026-04-28,2026-06-06,Delivered,2,19694,9670000
102105,35,18,2026-04-22,2026-04-29,2026-05-21,Delivered,2,46572,6455000
102106,77,4,2026-04-23,2026-04-30,2026-05-18,Delivered,2,35436,6839000
102107,97,4,2026-04-23,2026-04-26,2026-05-17,Delivered,6,125376,16318000
102108,111,4,2026-04-23,2026-05-01,2026-05-20,Delivered,2,44194,7042000
102109,77,4,2026-04-24,2026-04-27,2026-05-16,Delivered,1,21821,2918000
102110,33,5,2026-04-24,2026-05-03,2026-05-25,Delivered,1,12606,3334000
102111,26,17,2026-04-24,2026-04-29,2026-05-22,Delivered,4,89512,15153000
102112,82,2,2026-04-24,2026-04-28,2026-06-06,Delivered,3,28896,14392000
102113,41,6,2026-04-24,2026-04-26,2026-05-16,Delivered,8,120456,26224000
102114,59,30,2026-04-24,2026-05-02,2026-05-03,Delivered,2,29000,940000
102115,42,12,2026-04-25,2026-05-04,2026-05-20,Delivered,2,46816,5459000
102116,55,27,2026-04-25,2026-04-30,2026-05-05,Delivered,1,13909,559000
102117,33,25,2026-04-25,2026-05-03,2026-05-05,Delivered,1,16284,491000
102118,99,3,2026-04-25,2026-05-01,2026-06-09,Delivered,2,37176,8695000
102119,52,2,2026-04-26,2026-05-04,2026-06-13,Delivered,2,38884,9458000
102120,89,27,2026-04-27,2026-05-03,2026-05-04,Delivered,2,20874,1015000
102121,98,5,2026-04-27,2026-05-01,2026-05-29,Delivered,2,30116,6032000
102122,35,20,2026-04-27,2026-05-04,2026-05-05,Delivered,1,1190,973000
102123,51,4,2026-04-27,2026-05-02,2026-05-22,Delivered,4,56856,12537000
102124,111,24,2026-04-28,2026-05-02,2026-05-05,Delivered,1,23816,598000
102125,27,4,2026-04-28,2026-05-03,2026-05-22,Delivered,2,46858,5500000
102126,90,4,2026-04-28,2026-05-07,2026-05-25,Delivered,3,39150,8993000
102127,51,4,2026-04-28,,,Cancelled,1,11241,3450000
102128,110,19,2026-04-28,2026-05-05,2026-05-09,Delivered,1,1596,901000
102129,77,3,2026-04-28,2026-05-03,2026-06-08,Delivered,6,107562,28279000
102130,83,30,2026-04-29,2026-05-03,2026-05-06,Delivered,1,14763,532000
102131,117,9,2026-04-29,2026-05-01,2026-05-26,Delivered,1,12215,4079000
102132,58,12,2026-04-29,2026-05-07,2026-05-20,Delivered,2,39514,4905000
102133,74,6,2026-04-29,,,Cancelled,6,142554,20569000
102134,99,12,2026-04-29,,,Cancelled,4,58520,12754000
102135,102,7,2026-04-29,2026-05-07,2026-05-26,Delivered,1,11988,3339000
102136,90,21,2026-04-29,2026-05-06,2026-05-08,Delivered,1,562,536000
102137,85,9,2026-04-29,2026-05-01,2026-06-09,Delivered,4,65164,16373000
102138,85,17,2026-04-30,2026-05-04,2026-05-27,Delivered,1,19839,3188000
102139,90,14,2026-04-30,2026-05-08,2026-05-15,Delivered,8,106248,17155000
102140,90,1,2026-04-30,2026-05-09,2026-06-13,Delivered,3,45066,13898000
102141,113,15,2026-05-01,2026-05-07,2026-05-13,Delivered,2,42230,4257000
102142,36,3,2026-05-01,2026-05-08,2026-06-14,Delivered,8,86856,33933000
102143,58,17,2026-05-01,2026-05-07,2026-05-29,Delivered,2,22348,7653000
102144,99,4,2026-05-01,2026-05-10,2026-05-31,Delivered,3,34485,10578000
102145,50,3,2026-05-01,2026-05-03,2026-06-10,Delivered,1,17599,4560000
102146,59,7,2026-05-01,,,Cancelled,8,118168,25545000
102147,113,2,2026-05-01,2026-05-03,2026-06-11,Delivered,2,33982,7371000
102148,35,2,2026-05-02,2026-05-07,2026-06-13,Delivered,2,29086,9760000
102149,84,29,2026-05-02,2026-05-10,2026-05-11,Delivered,1,14578,520000
102150,59,7,2026-05-02,2026-05-06,2026-05-24,Delivered,1,14837,2954000
102151,111,25,2026-05-03,2026-05-05,2026-05-09,Delivered,1,13388,584000
102152,110,29,2026-05-03,2026-05-12,2026-05-13,Delivered,1,15613,564000
102153,90,28,2026-05-04,2026-05-07,2026-05-08,Delivered,1,20618,501000
102154,117,28,2026-05-04,2026-05-06,2026-05-07,Delivered,1,13996,634000
102155,79,25,2026-05-04,2026-05-08,2026-05-10,Delivered,1,13890,574000
102156,65,2,2026-05-05,2026-05-12,2026-06-18,Delivered,4,40660,19508000
102157,71,1,2026-05-05,2026-05-11,2026-06-21,Delivered,3,69063,12776000
102158,59,19,2026-05-05,2026-05-07,2026-05-09,Delivered,1,1698,1002000
102159,85,4,2026-05-05,2026-05-08,2026-05-31,Delivered,1,22560,2699000
102160,30,21,2026-05-05,2026-05-12,2026-05-16,Delivered,1,764,802000
102161,110,9,2026-05-05,2026-05-09,2026-06-12,Delivered,3,31380,9563000
102162,110,1,2026-05-05,2026-05-14,2026-06-18,Delivered,2,39834,7677000
102163,28,9,2026-05-06,2026-05-10,2026-06-05,Delivered,3,41511,11063000
102164,50,5,2026-05-06,2026-05-08,2026-05-30,Delivered,6,103338,17949000
102165,25,11,2026-05-06,2026-05-11,2026-06-19,Delivered,3,41835,14892000
102166,35,1,2026-05-07,2026-05-16,2026-06-23,Delivered,4,75032,18662000
102167,55,25,2026-05-07,2026-05-12,2026-05-16,Delivered,2,42148,1259000
102168,28,14,2026-05-07,2026-05-11,2026-05-15,Delivered,2,38102,3836000
102169,93,5,2026-05-07,2026-05-14,2026-06-04,Delivered,1,12773,3056000
102170,102,13,2026-05-07,2026-05-11,2026-05-15,Delivered,6,125832,12773000
102171,68,24,2026-05-07,2026-05-12,2026-05-15,Delivered,1,15141,536000
102172,102,16,2026-05-07,2026-05-12,2026-05-14,Delivered,2,33922,4176000
102173,113,3,2026-05-07,2026-05-10,2026-06-17,Delivered,3,39783,12931000
102174,98,10,2026-05-08,2026-05-14,2026-06-14,Delivered,2,45124,7178000
102175,78,22,2026-05-08,2026-05-11,2026-05-15,Delivered,1,992,741000
102176,28,5,2026-05-08,2026-05-14,2026-06-14,Delivered,3,65736,8211000
102177,28,6,2026-05-09,2026-05-12,2026-06-08,Delivered,6,56004,17827000
102178,70,26,2026-05-10,2026-05-16,2026-05-17,Delivered,1,10757,637000
102179,70,23,2026-05-11,2026-05-14,2026-05-15,Delivered,1,935,799000
102180,85,28,2026-05-11,2026-05-20,2026-05-22,Delivered,2,46886,1113000
102181,50,5,2026-05-11,2026-05-16,2026-06-06,Delivered,1,10027,3128000
102182,102,14,2026-05-11,2026-05-18,2026-05-23,Delivered,1,14347,1890000
102183,27,4,2026-05-11,2026-05-14,2026-06-03,Delivered,3,59352,8993000
102184,93,6,2026-05-11,2026-05-19,2026-06-11,Delivered,4,61380,14913000
102185,98,5,2026-05-11,,,Cancelled,6,118002,19611000
102186,78,2,2026-05-11,2026-05-20,2026-06-28,Delivered,8,191472,33523000
102187,26,23,2026-05-12,2026-05-18,2026-05-21,Delivered,1,1168,930000
102188,63,27,2026-05-12,2026-05-17,2026-05-19,Delivered,1,19365,632000
102189,99,25,2026-05-12,2026-05-20,2026-05-21,Delivered,1,16541,565000
102190,65,4,2026-05-12,2026-05-18,2026-06-05,Delivered,2,46568,5597000
102191,86,25,2026-05-12,2026-05-17,2026-05-18,Delivered,1,13764,541000
102192,103,12,2026-05-13,2026-05-17,2026-06-01,Delivered,6,127482,17627000
102193,40,9,2026-05-13,2026-05-16,2026-06-17,Delivered,2,19562,7109000
102194,102,2,2026-05-13,2026-05-19,2026-06-25,Delivered,2,37158,7645000
102195,114,11,2026-05-14,2026-05-17,2026-07-09,Delivered,8,188952,39033000
102196,34,1,2026-05-14,2026-05-19,2026-06-26,Delivered,3,71487,11559000
102197,90,4,2026-05-14,2026-05-22,2026-06-10,Delivered,2,21506,7222000
102198,58,1,2026-05-14,2026-05-18,2026-06-25,Delivered,3,36861,11924000
102199,35,2,2026-05-14,2026-05-23,2026-06-29,Delivered,2,28374,8419000
102200,26,1,2026-05-14,2026-05-18,2026-07-01,Delivered,2,23564,7808000
102201,111,7,2026-05-15,2026-05-19,2026-06-05,Delivered,1,16931,2540000
102202,46,1,2026-05-15,2026-05-17,2026-06-22,Delivered,2,40436,8576000
102203,78,29,2026-05-15,2026-05-17,2026-05-18,Delivered,1,9818,457000
102204,111,12,2026-05-15,2026-05-20,2026-06-04,Delivered,1,12680,2861000
102205,51,1,2026-05-15,2026-05-22,2026-06-26,Delivered,2,35198,8859000
102206,78,4,2026-05-15,,,Cancelled,2,24654,6525000
102207,73,10,2026-05-15,,,Cancelled,1,11497,4226000
102208,58,3,2026-05-16,2026-05-19,2026-06-26,Delivered,1,12982,3642000
102209,97,25,2026-05-16,,,Cancelled,1,12057,621000
102210,63,10,2026-05-17,2026-05-23,2026-06-21,Delivered,2,24652,6502000
102211,36,1,2026-05-18,2026-05-21,2026-07-04,Delivered,1,9228,4121000
102212,68,26,2026-05-18,2026-05-27,2026-05-30,Delivered,1,11381,546000
102213,25,1,2026-05-18,2026-05-21,2026-06-27,Delivered,3,58053,13256000
102214,87,28,2026-05-18,2026-05-26,2026-05-28,Delivered,1,15863,546000
102215,85,22,2026-05-19,2026-05-25,2026-05-27,Delivered,1,1324,869000
102216,81,1,2026-05-19,2026-05-25,2026-06-29,Delivered,4,38976,19086000
102217,104,3,2026-05-19,2026-05-24,2026-06-30,Delivered,2,20078,9325000
102218,52,4,2026-05-19,2026-05-24,2026-06-13,Delivered,2,44692,5861000
102219,33,2,2026-05-19,2026-05-27,2026-07-16,Delivered,8,134784,34943000
102220,52,19,2026-05-20,2026-05-29,2026-05-31,Delivered,1,250,464000
102221,98,13,2026-05-20,2026-05-22,2026-05-27,Delivered,1,23632,2389000
102222,113,3,2026-05-20,2026-05-27,2026-07-03,Delivered,3,35433,12479000
102223,35,2,2026-05-20,2026-05-28,2026-07-04,Delivered,2,32570,8213000
102224,70,11,2026-05-20,2026-05-24,2026-07-03,Delivered,2,25560,9108000
102225,102,7,2026-05-21,2026-05-25,2026-06-11,Delivered,2,19908,5496000
102226,80,9,2026-05-21,2026-05-27,2026-06-21,Delivered,2,44110,8105000
102227,84,19,2026-05-21,2026-05-26,2026-05-27,Delivered,1,1211,896000
102228,111,5,2026-05-21,2026-05-24,2026-06-14,Delivered,1,23446,3135000
102229,39,2,2026-05-21,2026-05-27,2026-07-06,Delivered,1,18412,4062000
102230,102,8,2026-05-22,2026-05-27,2026-06-20,Delivered,3,58101,10864000
102231,110,24,2026-05-22,2026-05-29,2026-05-31,Delivered,1,18751,604000
102232,39,9,2026-05-22,2026-05-26,2026-06-23,Delivered,1,13857,3147000
102233,48,1,2026-05-22,2026-05-28,2026-07-02,Delivered,1,16186,4238000
102234,40,1,2026-05-23,2026-05-31,2026-07-05,Delivered,2,27680,8333000
102235,78,19,2026-05-23,2026-05-30,2026-06-02,Delivered,1,421,635000
102236,28,2,2026-05-24,2026-05-28,2026-07-07,Delivered,4,89352,19607000
102237,64,11,2026-05-25,2026-05-29,2026-07-08,Delivered,4,82848,17187000
102238,117,17,2026-05-25,2026-06-03,2026-06-24,Delivered,1,17991,2880000
102239,88,2,2026-05-25,2026-05-28,2026-07-04,Delivered,2,47204,9677000
102240,102,24,2026-05-25,2026-05-30,2026-06-03,Delivered,1,14698,587000
102241,35,5,2026-05-25,2026-06-01,2026-06-21,Delivered,2,29040,6078000
102242,78,20,2026-05-25,2026-06-03,2026-06-06,Delivered,1,530,690000
102243,28,23,2026-05-25,2026-06-02,2026-06-04,Delivered,1,2320,1465000
102244,90,2,2026-05-25,2026-05-29,2026-07-05,Delivered,2,39436,8959000
102245,71,2,2026-05-26,2026-06-04,2026-07-14,Delivered,1,14875,4478000
102246,65,8,2026-05-26,2026-06-04,2026-06-29,Delivered,2,23298,6577000
102247,79,1,2026-05-26,2026-06-01,2026-07-07,Delivered,2,23398,8628000
102248,77,24,2026-05-27,2026-05-30,2026-06-02,Delivered,2,24418,1070000
102249,97,21,2026-05-27,2026-06-03,2026-06-04,Delivered,1,2113,1183000
102250,39,28,2026-05-27,2026-05-31,2026-06-02,Delivered,1,18222,539000
102251,104,24,2026-05-27,2026-05-29,2026-05-31,Delivered,2,37382,1199000
102252,71,3,2026-05-27,2026-05-29,2026-07-06,Delivered,8,76624,35597000
102253,88,5,2026-05-27,2026-06-01,2026-06-20,Delivered,2,40958,5513000
102254,114,24,2026-05-27,2026-06-05,2026-06-08,Delivered,1,12067,639000
102255,57,4,2026-05-27,2026-05-30,2026-06-17,Delivered,3,59667,8492000
102256,84,11,2026-05-28,2026-05-31,2026-07-25,Delivered,4,81928,17706000
102257,71,14,2026-05-28,2026-05-30,2026-06-01,Delivered,1,20035,2404000
102258,73,1,2026-05-28,2026-06-03,2026-07-08,Delivered,4,65656,16662000
102259,55,12,2026-05-28,2026-05-30,2026-06-15,Delivered,1,22960,2964000
102260,86,12,2026-05-28,2026-05-30,2026-06-18,Delivered,3,59622,7537000
102261,70,10,2026-05-28,2026-06-04,2026-07-04,Delivered,6,58050,22505000
102262,33,1,2026-05-29,2026-06-04,2026-07-15,Delivered,3,29178,12489000
102263,71,9,2026-05-29,2026-06-01,2026-06-26,Delivered,3,48870,11384000
102264,117,30,2026-05-29,2026-05-31,2026-06-01,Delivered,2,21746,1221000
102265,114,25,2026-05-30,,,Cancelled,2,29360,1123000
102266,41,4,2026-05-30,2026-06-06,2026-06-24,Delivered,1,17390,3491000
102267,90,24,2026-05-30,2026-06-07,2026-06-12,Delivered,1,18549,544000
102268,90,20,2026-05-30,2026-06-07,2026-06-09,Delivered,1,836,770000
102269,68,26,2026-05-31,2026-06-02,2026-06-03,Delivered,1,20283,532000
102270,78,26,2026-05-31,2026-06-07,2026-06-09,Delivered,1,12703,516000
102271,79,8,2026-06-01,2026-06-10,2026-07-03,Delivered,2,24842,7541000
102272,55,9,2026-06-01,2026-06-08,2026-07-04,Delivered,3,33942,10624000
102273,52,4,2026-06-01,2026-06-08,2026-06-26,Delivered,1,19616,3176000
102274,26,25,2026-06-01,2026-06-05,2026-06-07,Delivered,2,26246,1088000
102275,104,2,2026-06-01,2026-06-04,2026-07-20,Delivered,3,41481,14079000
102276,62,16,2026-06-01,2026-06-10,2026-06-13,Delivered,4,86404,7170000
102277,55,9,2026-06-01,2026-06-10,2026-07-11,Delivered,2,33380,6136000
102278,84,9,2026-06-01,2026-06-09,2026-07-07,Delivered,1,22057,3887000
102279,90,13,2026-06-02,2026-06-05,2026-06-11,Delivered,6,88206,11478000
102280,113,7,2026-06-02,2026-06-04,2026-06-22,Delivered,4,74496,10951000
102281,102,22,2026-06-02,2026-06-09,2026-06-11,Delivered,1,2255,1333000
102282,36,2,2026-06-02,2026-06-06,2026-07-16,Delivered,3,70953,13770000
102283,97,11,2026-06-02,2026-06-05,2026-07-17,Delivered,6,105708,26679000
102284,52,15,2026-06-03,2026-06-08,2026-06-12,Delivered,6,101634,15408000
102285,102,7,2026-06-03,2026-06-12,2026-06-29,Delivered,2,46502,6637000
102286,62,1,2026-06-03,2026-06-06,2026-07-12,Delivered,1,23547,4744000
102287,39,10,2026-06-03,2026-06-11,2026-07-12,Delivered,6,98058,19923000
102288,114,23,2026-06-03,2026-06-05,2026-06-06,Delivered,1,465,546000
102289,41,15,2026-06-03,,,Cancelled,2,26876,4063000
102290,34,2,2026-06-03,2026-06-12,2026-07-22,Delivered,2,37910,8583000
102291,99,15,2026-06-04,,,Cancelled,4,81444,9898000
102292,110,30,2026-06-04,,,Cancelled,2,18756,1117000
102293,77,11,2026-06-04,2026-06-08,2026-07-19,Delivered,2,27270,9068000
102294,28,14,2026-06-04,2026-06-13,2026-06-18,Delivered,2,34706,4153000
102295,39,12,2026-06-04,2026-06-09,2026-06-25,Delivered,2,23702,6183000
102296,75,17,2026-06-04,2026-06-06,2026-07-10,Delivered,1,18226,3607000
102297,58,1,2026-06-04,2026-06-10,2026-07-22,Delivered,1,12334,4114000
102298,37,7,2026-06-04,2026-06-06,2026-06-23,Delivered,6,116190,15541000
102299,78,16,2026-06-05,2026-06-13,2026-06-15,Delivered,8,168112,16474000
102300,99,15,2026-06-05,2026-06-08,2026-06-13,Delivered,1,23961,2177000
102301,99,3,2026-06-05,2026-06-14,2026-07-20,Delivered,3,71913,11415000
102302,63,17,2026-06-05,2026-06-07,2026-07-05,Delivered,2,45876,7251000
102303,68,13,2026-06-05,,,Cancelled,2,26272,3993000
102304,110,4,2026-06-06,2026-06-14,2026-07-03,Delivered,8,182056,26827000
102305,102,28,2026-06-08,2026-06-14,2026-06-16,Delivered,1,14109,531000
102306,107,29,2026-06-08,2026-06-16,2026-06-17,Delivered,1,13469,579000
102307,39,10,2026-06-08,2026-06-17,2026-07-16,Delivered,1,15626,3423000
102308,101,26,2026-06-08,2026-06-12,2026-06-13,Delivered,1,15575,618000
102309,45,27,2026-06-08,2026-06-15,2026-06-18,Delivered,2,23142,1030000
102310,39,24,2026-06-09,2026-06-11,2026-06-15,Delivered,2,23580,1206000
102311,99,21,2026-06-09,2026-06-16,2026-06-18,Delivered,1,1983,1096000
102312,117,16,2026-06-09,2026-06-17,2026-06-22,Delivered,6,75348,11749000
102313,102,4,2026-06-09,2026-06-12,2026-06-30,Delivered,4,66540,10982000
102314,27,1,2026-06-09,2026-06-13,2026-07-20,Delivered,2,18874,7285000
102315,97,5,2026-06-10,2026-06-17,2026-07-08,Delivered,1,14601,2738000
102316,35,5,2026-06-10,2026-06-13,2026-07-03,Delivered,2,21504,6002000
102317,89,8,2026-06-10,2026-06-19,2026-07-21,Delivered,1,16352,3801000
102318,27,5,2026-06-10,2026-06-18,2026-07-08,Delivered,3,68874,10536000
102319,40,16,2026-06-10,2026-06-19,2026-06-25,Delivered,6,132276,14178000
102320,116,3,2026-06-10,2026-06-14,2026-07-26,Delivered,3,35841,13141000
102321,41,14,2026-06-11,2026-06-20,2026-06-24,Delivered,6,89616,14483000
102322,68,26,2026-06-11,2026-06-15,2026-06-18,Delivered,1,22688,542000
102323,68,22,2026-06-11,2026-06-14,2026-06-17,Delivered,1,1630,1005000
102324,50,8,2026-06-11,2026-06-18,2026-07-14,Delivered,2,19448,6344000
102325,98,12,2026-06-11,,,Cancelled,2,29364,5577000
102326,98,18,2026-06-11,2026-06-15,2026-07-09,Delivered,2,29144,7692000
102327,111,2,2026-06-12,2026-06-20,2026-07-30,Delivered,1,21226,4753000
102328,68,30,2026-06-12,2026-06-19,2026-06-20,Delivered,1,22740,463000
102329,111,6,2026-06-12,2026-06-14,2026-07-05,Delivered,6,142008,20031000
102330,86,7,2026-06-13,2026-06-21,2026-07-14,Delivered,1,15485,2628000
102331,111,1,2026-06-15,2026-06-20,2026-07-27,Delivered,2,28110,8916000
102332,79,22,2026-06-15,2026-06-21,2026-06-23,Delivered,1,373,599000
102333,71,4,2026-06-15,,,Cancelled,3,51744,8557000
102334,35,13,2026-06-15,,,Cancelled,1,15627,2111000
102335,102,8,2026-06-15,2026-06-22,2026-07-24,Delivered,3,55998,10030000
102336,114,4,2026-06-15,2026-06-20,2026-07-09,Delivered,1,17938,3527000
102337,68,11,2026-06-15,2026-06-19,2026-07-30,Delivered,2,22452,9470000
102338,41,13,2026-06-16,2026-06-24,2026-06-29,Delivered,2,19456,4032000
102339,76,7,2026-06-16,2026-06-21,2026-07-07,Delivered,2,21242,6573000
102340,98,3,2026-06-16,2026-06-25,2026-08-01,Delivered,2,22626,9156000
102341,85,29,2026-06-16,2026-06-19,2026-06-20,Delivered,1,10756,504000
102342,68,24,2026-06-16,2026-06-21,2026-06-22,Delivered,1,21107,561000
102343,110,6,2026-06-16,2026-06-23,2026-07-21,Delivered,2,19854,6203000
102344,114,24,2026-06-17,2026-06-22,2026-06-25,Delivered,1,14833,497000
102345,27,6,2026-06-17,2026-06-26,2026-07-19,Delivered,1,9428,3261000
102346,62,3,2026-06-17,,,Cancelled,3,51324,12802000
102347,78,19,2026-06-17,2026-06-22,2026-06-24,Delivered,1,134,405000
102348,41,23,2026-06-18,2026-06-25,2026-06-26,Delivered,1,1113,923000
102349,85,12,2026-06-18,2026-06-21,2026-07-07,Delivered,4,48728,12911000
102350,100,18,2026-06-18,2026-06-24,2026-07-17,Delivered,1,10301,2890000
102351,50,1,2026-06-18,,,Cancelled,3,41814,12081000
102352,79,8,2026-06-18,2026-06-27,2026-07-21,Delivered,4,54728,14808000
102353,97,16,2026-06-18,2026-06-22,2026-06-28,Delivered,1,19935,2014000
102354,111,1,2026-06-18,2026-06-27,2026-08-04,Delivered,2,25154,8922000
102355,37,4,2026-06-19,2026-06-28,2026-07-19,Delivered,6,129330,21357000
102356,50,1,2026-06-19,2026-06-25,2026-08-01,Delivered,4,79504,18076000
102357,51,4,2026-06-19,,,Cancelled,2,24858,6144000
102358,68,2,2026-06-19,2026-06-21,2026-08-13,Delivered,1,9950,3883000
102359,99,27,2026-06-19,2026-06-27,2026-06-30,Delivered,1,21436,623000
102360,39,20,2026-06-19,2026-06-28,2026-06-30,Delivered,1,1202,816000
102361,116,1,2026-06-19,2026-06-28,2026-08-04,Delivered,1,15874,4473000
102362,90,24,2026-06-19,2026-06-22,2026-06-27,Delivered,1,10748,572000
102363,86,4,2026-06-20,2026-06-22,2026-07-10,Delivered,4,66200,11040000
102364,102,7,2026-06-20,2026-06-26,2026-07-15,Delivered,2,29344,6201000
102365,30,24,2026-06-20,,,Cancelled,1,11215,569000
102366,65,1,2026-06-21,2026-06-24,2026-08-07,Delivered,3,54018,11410000
102367,41,25,2026-06-22,,,Cancelled,1,19775,582000
102368,77,26,2026-06-22,2026-06-26,2026-06-27,Delivered,1,14334,477000
102369,68,12,2026-06-22,2026-06-27,2026-07-13,Delivered,6,136398,16505000
102370,84,1,2026-06-22,2026-06-30,2026-08-17,Delivered,2,28084,8742000
102371,88,9,2026-06-22,2026-06-26,2026-07-24,Delivered,2,38512,7507000
102372,111,30,2026-06-23,2026-06-25,2026-06-26,Delivered,1,9397,489000
102373,28,16,2026-06-23,2026-06-30,2026-07-02,Delivered,6,91068,14305000
102374,41,5,2026-06-23,2026-06-25,2026-07-15,Delivered,1,10308,3040000
102375,114,29,2026-06-23,2026-06-27,2026-06-28,Delivered,1,20698,580000
102376,78,8,2026-06-24,2026-06-28,2026-07-26,Delivered,2,37482,7537000
102377,28,30,2026-06-24,,,Cancelled,2,27530,1044000
102378,68,19,2026-06-24,2026-07-02,2026-07-03,Delivered,1,97,376000
102379,117,3,2026-06-24,2026-06-26,2026-08-17,Delivered,1,19398,4830000
102380,50,13,2026-06-24,2026-06-26,2026-07-01,Delivered,2,42548,4077000
102381,49,2,2026-06-25,2026-07-01,2026-08-21,Delivered,2,18844,7640000
102382,75,25,2026-06-25,2026-07-03,2026-07-04,Delivered,1,12930,570000
102383,90,14,2026-06-25,2026-06-27,2026-07-03,Delivered,6,123702,14195000
102384,111,4,2026-06-25,2026-06-30,2026-07-19,Delivered,1,22364,3391000
102385,79,4,2026-06-25,2026-07-04,2026-07-24,Delivered,2,25108,5602000
102386,103,17,2026-06-25,2026-06-27,2026-07-18,Delivered,2,46020,5957000
102387,114,3,2026-06-26,2026-07-01,2026-08-09,Delivered,1,9458,3680000
102388,71,13,2026-06-26,2026-07-05,2026-07-08,Delivered,6,62142,12829000
102389,49,17,2026-06-26,2026-07-01,2026-07-24,Delivered,4,85016,15058000
102390,65,15,2026-06-26,2026-06-30,2026-07-07,Delivered,8,79016,16407000
102391,84,17,2026-06-26,2026-07-01,2026-07-25,Delivered,3,41412,10827000
102392,71,10,2026-06-26,2026-06-30,2026-07-31,Delivered,1,12555,3558000
102393,37,24,2026-06-26,2026-06-29,2026-07-03,Delivered,1,15973,592000
102394,111,4,2026-06-26,2026-07-01,2026-07-20,Delivered,1,9475,2764000
102395,99,9,2026-06-27,2026-07-01,2026-08-08,Delivered,2,21274,7818000
102396,113,8,2026-06-29,2026-07-07,2026-07-30,Delivered,2,30548,6850000
102397,51,16,2026-06-29,2026-07-01,2026-07-05,Delivered,2,40982,4113000
102398,65,26,2026-06-29,2026-07-03,2026-07-04,Delivered,1,17469,594000
102399,51,4,2026-06-29,2026-07-07,2026-07-26,Delivered,8,130312,27807000
102400,102,5,2026-06-29,2026-07-04,2026-07-24,Delivered,2,33888,5942000
102401,52,10,2026-06-29,2026-07-02,2026-08-02,Delivered,8,100856,28980000
102402,89,3,2026-06-29,2026-07-08,2026-08-15,Delivered,4,59844,19567000
102403,78,2,2026-06-30,2026-07-02,2026-08-10,Delivered,1,19326,3782000
102404,55,20,2026-06-30,2026-07-04,2026-07-06,Delivered,1,755,741000
102405,62,1,2026-06-30,2026-07-04,2026-08-09,Delivered,1,19814,4569000
102406,37,17,2026-06-30,2026-07-07,2026-07-30,Delivered,2,43432,6573000
102407,85,13,2026-06-30,2026-07-07,2026-07-09,Delivered,3,49416,5881000
102408,36,24,2026-06-30,2026-07-03,2026-07-06,Delivered,1,10239,613000
102409,47,8,2026-07-01,2026-07-10,2026-08-03,Delivered,2,31738,7192000
102410,98,22,2026-07-01,2026-07-09,2026-07-14,Delivered,1,1890,1048000
102411,110,3,2026-07-01,2026-07-08,2026-08-13,Delivered,3,45222,13811000
102412,59,20,2026-07-01,2026-07-09,2026-07-11,Delivered,1,1816,980000
102413,87,24,2026-07-01,2026-07-04,2026-07-08,Delivered,2,43000,1085000
102414,59,22,2026-07-01,2026-07-09,2026-07-13,Delivered,1,586,569000
102415,98,7,2026-07-02,2026-07-10,2026-07-26,Delivered,2,26626,6269000
102416,63,25,2026-07-02,2026-07-11,2026-07-15,Delivered,1,22602,510000
102417,55,2,2026-07-02,,,Cancelled,4,44172,16209000
102418,113,4,2026-07-02,2026-07-04,2026-07-27,Delivered,1,20911,3611000
102419,84,24,2026-07-02,2026-07-10,2026-07-11,Delivered,1,18913,641000
102420,103,21,2026-07-02,2026-07-11,2026-07-14,Delivered,1,873,849000
102421,33,28,2026-07-03,2026-07-06,2026-07-10,Delivered,1,12572,515000
102422,52,7,2026-07-03,2026-07-12,2026-07-30,Delivered,1,12755,3107000
102423,35,4,2026-07-03,2026-07-12,2026-08-02,Delivered,1,15071,3208000
102424,30,1,2026-07-03,2026-07-10,2026-08-15,Delivered,8,75504,29010000
102425,28,12,2026-07-03,2026-07-10,2026-07-24,Delivered,3,65784,9758000
102426,85,13,2026-07-03,2026-07-12,2026-07-18,Delivered,4,75576,8252000
102427,102,4,2026-07-04,2026-07-10,2026-08-03,Delivered,1,13222,3476000
102428,113,4,2026-07-05,,,Cancelled,4,94108,13529000
102429,114,7,2026-07-06,,,Cancelled,3,32646,8625000
102430,65,5,2026-07-06,2026-07-14,2026-08-03,Delivered,3,51273,10970000
102431,55,9,2026-07-06,2026-07-14,2026-08-21,Delivered,1,12991,3141000
102432,39,24,2026-07-06,2026-07-09,2026-07-10,Delivered,1,17654,589000
102433,86,6,2026-07-06,2026-07-12,2026-08-02,Delivered,8,160272,23546000
102434,81,5,2026-07-07,2026-07-15,2026-08-05,Delivered,1,18697,3668000
102435,37,4,2026-07-07,2026-07-14,2026-08-03,Delivered,2,44276,6650000
102436,85,13,2026-07-07,2026-07-09,2026-07-13,Delivered,2,36346,4939000
102437,41,4,2026-07-07,2026-07-14,2026-08-10,Delivered,2,23162,5766000
102438,35,22,2026-07-07,2026-07-12,2026-07-13,Delivered,1,1626,983000
102439,85,28,2026-07-07,2026-07-09,2026-07-11,Delivered,1,21315,605000
102440,86,1,2026-07-08,2026-07-13,2026-08-20,Delivered,1,21380,4318000
102441,27,1,2026-07-08,2026-07-13,2026-08-25,Delivered,1,20620,4154000
102442,78,27,2026-07-08,2026-07-13,2026-07-19,Delivered,2,24494,1257000
102443,104,24,2026-07-08,2026-07-16,2026-07-21,Delivered,1,9673,542000
102444,41,24,2026-07-08,2026-07-16,2026-07-20,Delivered,2,29858,1125000
102445,118,1,2026-07-08,2026-07-12,2026-08-17,Delivered,3,49584,11457000
102446,26,3,2026-07-08,2026-07-15,2026-08-20,Delivered,2,34668,8565000
102447,39,2,2026-07-08,2026-07-15,,In transit,6,140736,23696000
102448,28,7,2026-07-09,2026-07-12,2026-07-28,Delivered,1,20603,2883000
102449,96,2,2026-07-09,2026-07-18,,In transit,6,71316,26255000
102450,114,2,2026-07-09,2026-07-14,2026-08-20,Delivered,1,17503,3908000
102451,77,4,2026-07-09,2026-07-15,2026-08-12,Delivered,3,69426,10595000
102452,79,29,2026-07-09,2026-07-12,2026-07-15,Delivered,1,19432,592000
102453,51,2,2026-07-10,2026-07-17,2026-08-23,Delivered,3,48288,13072000
102454,49,10,2026-07-10,2026-07-15,2026-08-23,Delivered,1,23185,3794000
102455,114,3,2026-07-10,2026-07-16,2026-08-21,Delivered,1,22896,3676000
102456,102,5,2026-07-10,2026-07-18,2026-08-16,Delivered,4,55524,12933000
102457,114,26,2026-07-11,2026-07-13,2026-07-14,Delivered,1,11150,489000
102458,103,25,2026-07-11,2026-07-15,2026-07-19,Delivered,1,23967,525000
102459,103,24,2026-07-12,2026-07-19,2026-07-21,Delivered,2,47842,1152000
102460,106,29,2026-07-12,2026-07-15,2026-07-16,Delivered,1,23075,592000
102461,51,8,2026-07-13,2026-07-15,2026-08-19,Delivered,3,53253,11326000
102462,85,1,2026-07-13,2026-07-21,,In transit,3,34023,13117000
102463,71,13,2026-07-13,2026-07-20,2026-07-24,Delivered,1,9916,2078000
102464,90,4,2026-07-13,2026-07-18,2026-08-12,Delivered,1,13765,3477000
102465,27,25,2026-07-13,2026-07-20,2026-07-22,Delivered,2,38720,1129000
102466,50,2,2026-07-13,2026-07-17,,In transit,6,90102,23143000
102467,80,29,2026-07-13,2026-07-21,2026-07-22,Delivered,1,19772,549000
102468,75,29,2026-07-14,2026-07-18,2026-07-19,Delivered,1,10792,465000
102469,61,23,2026-07-14,2026-07-19,2026-07-22,Delivered,1,2231,1305000
102470,96,9,2026-07-14,2026-07-23,2026-08-19,Delivered,1,9906,3231000
102471,85,7,2026-07-15,2026-07-20,2026-08-07,Delivered,1,9417,2689000
102472,37,5,2026-07-15,2026-07-21,2026-08-10,Delivered,2,28544,7126000
102473,25,23,2026-07-15,2026-07-17,2026-07-19,Delivered,1,425,501000
102474,26,14,2026-07-15,2026-07-21,2026-07-26,Delivered,1,22770,2064000
102475,117,1,2026-07-15,2026-07-18,,In transit,4,38924,14884000
102476,28,11,2026-07-16,2026-07-20,,In transit,6,102390,23631000
102477,37,4,2026-07-16,2026-07-18,2026-08-08,Delivered,1,10595,2917000
102478,34,24,2026-07-16,2026-07-24,2026-07-26,Delivered,1,15332,488000
102479,50,5,2026-07-16,2026-07-25,2026-08-22,Delivered,4,90292,14473000
102480,57,7,2026-07-16,2026-07-23,2026-08-10,Delivered,2,47524,5861000
102481,41,17,2026-07-16,2026-07-25,2026-08-16,Delivered,1,12265,3337000
102482,97,5,2026-07-17,2026-07-22,2026-08-11,Delivered,1,13841,3173000
102483,78,1,2026-07-17,2026-07-24,,In transit,6,134280,22316000
102484,41,3,2026-07-17,2026-07-22,,In transit,1,14041,3828000
102485,28,3,2026-07-18,2026-07-25,,In transit,2,43480,7310000
102486,25,9,2026-07-18,2026-07-21,2026-08-16,Delivered,8,91888,30506000
102487,35,11,2026-07-18,2026-07-21,,In transit,2,18954,9117000
102488,55,4,2026-07-19,2026-07-26,2026-08-13,Delivered,1,20805,3373000
102489,116,8,2026-07-20,2026-07-24,2026-08-16,Delivered,4,90712,14561000
102490,111,2,2026-07-20,2026-07-28,,In transit,3,62946,11538000
102491,103,4,2026-07-20,2026-07-24,2026-08-13,Delivered,2,23570,5496000
102492,104,9,2026-07-20,2026-07-23,2026-08-18,Delivered,2,31540,7732000
102493,110,26,2026-07-20,2026-07-28,2026-07-30,Delivered,1,10058,611000
102494,55,2,2026-07-21,2026-07-24,,In transit,3,64224,11591000
102495,97,1,2026-07-21,2026-07-23,,In transit,3,42102,13280000
102496,75,20,2026-07-21,2026-07-25,2026-07-26,Delivered,1,1632,924000
102497,110,20,2026-07-21,2026-07-23,2026-07-24,Delivered,1,211,425000
102498,62,4,2026-07-21,2026-07-29,2026-08-25,Delivered,2,23832,5647000
102499,50,17,2026-07-21,2026-07-25,2026-08-17,Delivered,8,109784,28557000
102500,96,13,2026-07-21,2026-07-27,2026-07-31,Delivered,4,84740,9255000
102501,71,9,2026-07-21,,,Cancelled,2,20216,6521000
102502,111,8,2026-07-22,2026-07-29,2026-08-24,Delivered,1,9910,3617000
102503,78,5,2026-07-22,2026-07-31,2026-08-19,Delivered,1,20085,3556000
102504,52,10,2026-07-22,2026-07-29,,In transit,2,24316,6915000
102505,85,20,2026-07-23,2026-07-31,2026-08-01,Delivered,1,1724,1018000
102506,68,30,2026-07-23,2026-07-29,2026-07-31,Delivered,1,16357,578000
102507,97,28,2026-07-23,,,Cancelled,1,10064,493000
102508,91,16,2026-07-23,2026-07-26,2026-07-27,Delivered,6,62592,13553000
102509,35,23,2026-07-24,2026-07-29,2026-07-30,Delivered,1,501,521000
102510,109,4,2026-07-24,2026-07-31,2026-08-26,Delivered,8,134464,25933000
102511,52,12,2026-07-24,2026-08-02,2026-08-18,Delivered,3,43704,8432000
102512,68,24,2026-07-24,,,Cancelled,1,13299,592000
102513,46,25,2026-07-24,,,Cancelled,1,13825,522000
102514,58,3,2026-07-24,2026-07-27,,In transit,2,30296,8406000
102515,42,15,2026-07-25,2026-08-02,2026-08-10,Delivered,1,13710,2380000
102516,41,14,2026-07-25,2026-07-31,2026-08-04,Delivered,3,66666,7251000
102517,89,17,2026-07-25,2026-07-30,2026-08-21,Delivered,4,45308,12522000
102518,117,9,2026-07-25,2026-08-02,2026-08-29,Delivered,2,31936,7769000
102519,111,1,2026-07-26,2026-08-01,,In transit,2,43526,8316000
102520,46,20,2026-07-26,2026-08-02,2026-08-05,Delivered,1,1759,1054000
102521,51,5,2026-07-27,2026-07-31,2026-08-22,Delivered,1,18522,3237000
102522,84,1,2026-07-27,2026-07-30,,In transit,1,16709,4381000
102523,65,8,2026-07-27,2026-07-29,,In transit,2,40558,6372000
102524,55,29,2026-07-27,2026-08-05,2026-08-06,Delivered,1,15649,475000
102525,73,8,2026-07-27,2026-08-02,2026-08-25,Delivered,1,14289,3459000
102526,85,1,2026-07-27,2026-08-03,,In transit,8,162856,38311000
102527,79,19,2026-07-27,2026-08-03,2026-08-05,Delivered,1,838,726000
102528,65,1,2026-07-28,2026-08-01,,In transit,2,43806,8805000
102529,37,9,2026-07-28,2026-08-02,2026-08-29,Delivered,3,27786,9399000
102530,96,13,2026-07-28,2026-08-04,2026-08-10,Delivered,1,18125,2085000
102531,77,26,2026-07-28,2026-08-03,2026-08-04,Delivered,2,38596,1071000
102532,98,4,2026-07-29,2026-07-31,2026-08-19,Delivered,2,32888,6310000
102533,51,1,2026-07-29,2026-08-04,,In transit,2,33552,7381000
102534,51,3,2026-07-29,2026-08-02,,In transit,2,25512,8385000
102535,98,1,2026-07-29,2026-07-31,,In transit,6,130776,27458000
102536,90,1,2026-07-29,2026-08-05,,In transit,2,29722,8985000
102537,55,1,2026-07-29,2026-08-05,,In transit,1,12936,4323000
102538,45,1,2026-07-30,2026-08-08,,In transit,2,29072,8507000
102539,113,8,2026-07-30,2026-08-06,,In transit,4,61608,14979000
102540,68,2,2026-07-30,2026-08-08,,In transit,3,47073,12368000
102541,116,1,2026-07-30,2026-08-03,,In transit,1,17743,4345000
102542,39,1,2026-07-30,2026-08-03,,In transit,1,12699,3645000
102543,41,21,2026-07-30,2026-08-04,2026-08-05,Delivered,1,2169,1124000
102544,102,9,2026-07-30,2026-08-03,,In transit,6,135390,21830000
102545,85,19,2026-07-30,2026-08-02,2026-08-03,Delivered,1,1289,866000
102546,58,6,2026-07-31,2026-08-07,,In transit,8,151464,25751000
102547,55,5,2026-07-31,2026-08-07,2026-08-29,Delivered,1,19861,3253000
102548,110,21,2026-07-31,2026-08-09,2026-08-11,Delivered,1,1894,1249000
102549,90,8,2026-07-31,2026-08-09,,In transit,2,29196,6750000
102550,110,2,2026-07-31,2026-08-04,,In transit,1,11307,4180000
102551,103,6,2026-07-31,2026-08-02,2026-08-25,Delivered,1,11028,3648000
102552,90,1,2026-07-31,2026-08-07,,In transit,4,70436,17994000
102553,111,2,2026-08-01,2026-08-06,,In transit,4,52276,18215000
102554,58,9,2026-08-01,2026-08-06,,In transit,4,53016,14236000
102555,84,22,2026-08-01,2026-08-06,2026-08-09,Delivered,1,1446,976000
102556,33,22,2026-08-01,2026-08-08,2026-08-11,Delivered,1,1390,1105000
102557,28,8,2026-08-03,2026-08-08,,In transit,2,26104,7433000
102558,89,20,2026-08-03,2026-08-06,2026-08-07,Delivered,1,720,730000
102559,111,24,2026-08-03,2026-08-11,2026-08-13,Delivered,1,22826,638000
102560,39,24,2026-08-03,2026-08-10,2026-08-13,Delivered,1,17801,561000
102561,73,25,2026-08-03,2026-08-05,2026-08-06,Delivered,1,9882,491000
102562,103,24,2026-08-04,2026-08-07,2026-08-08,Delivered,1,13167,509000
102563,46,17,2026-08-04,2026-08-07,,In transit,6,60960,18051000
102564,102,4,2026-08-04,2026-08-12,,In transit,2,35210,6354000
102565,84,27,2026-08-04,2026-08-06,2026-08-07,Delivered,1,23657,552000
102566,37,24,2026-08-04,2026-08-09,2026-08-11,Delivered,2,38364,1287000
102567,58,5,2026-08-04,2026-08-11,,In transit,2,28934,6233000
102568,84,27,2026-08-04,2026-08-07,2026-08-13,Delivered,2,33070,1342000
102569,51,9,2026-08-05,2026-08-07,,In transit,3,28521,9766000
102570,110,30,2026-08-05,2026-08-14,2026-08-17,Delivered,1,18208,556000
102571,84,1,2026-08-05,2026-08-07,,In transit,6,98736,26686000
102572,68,13,2026-08-05,2026-08-10,2026-08-15,Delivered,3,54822,7013000
102573,90,23,2026-08-06,2026-08-09,2026-08-10,Delivered,1,177,414000
102574,35,2,2026-08-06,2026-08-14,,In transit,4,68404,14779000
102575,120,2,2026-08-06,2026-08-09,,In transit,1,14174,4858000
102576,23,2,2026-08-06,2026-08-14,,In transit,3,45258,11019000
102577,92,29,2026-08-06,2026-08-11,2026-08-14,Delivered,2,31558,944000
102578,28,8,2026-08-06,2026-08-10,,In transit,8,136328,29381000
102579,109,8,2026-08-07,2026-08-15,,In transit,2,40958,6515000
102580,90,17,2026-08-07,2026-08-14,,In transit,6,104142,18075000
102581,68,2,2026-08-07,2026-08-16,,In transit,3,49947,14353000
102582,111,19,2026-08-07,2026-08-16,2026-08-18,Delivered,1,2347,1375000
102583,110,4,2026-08-08,2026-08-14,,In transit,2,42072,5655000
102584,75,19,2026-08-08,2026-08-14,2026-08-15,Delivered,1,1679,1158000
102585,28,21,2026-08-08,2026-08-12,2026-08-14,Delivered,1,696,624000
102586,78,10,2026-08-09,2026-08-11,,In transit,8,98672,32308000
102587,63,24,2026-08-09,2026-08-15,2026-08-16,Delivered,1,14775,593000
102588,98,24,2026-08-10,2026-08-16,2026-08-17,Delivered,2,37594,1211000
102589,102,23,2026-08-10,2026-08-14,2026-08-15,Delivered,1,415,595000
102590,90,4,2026-08-10,2026-08-19,,In transit,2,23044,5364000
102591,113,13,2026-08-10,2026-08-16,2026-08-18,Delivered,2,30668,4880000
102592,77,1,2026-08-10,2026-08-16,,In transit,3,42606,11560000
102593,68,6,2026-08-10,2026-08-12,,In transit,2,47484,7223000
102594,98,24,2026-08-11,2026-08-18,2026-08-21,Delivered,1,14741,576000
102595,37,9,2026-08-11,2026-08-16,,In transit,2,30786,8015000
102596,98,1,2026-08-11,2026-08-16,,In transit,1,22554,4055000
102597,71,16,2026-08-12,2026-08-14,2026-08-18,Delivered,1,10051,2159000
102598,46,1,2026-08-12,2026-08-16,,In transit,1,10232,4608000
102599,63,19,2026-08-12,2026-08-17,2026-08-21,Delivered,1,295,557000
102600,50,23,2026-08-12,2026-08-14,2026-08-16,Delivered,1,2394,1366000
102601,28,2,2026-08-12,2026-08-18,,In transit,2,19926,7864000
102602,97,24,2026-08-12,2026-08-17,2026-08-20,Delivered,2,41158,1206000
102603,84,13,2026-08-12,2026-08-20,2026-08-23,Delivered,8,106440,15590000
102604,78,24,2026-08-12,2026-08-16,2026-08-18,Delivered,1,19355,601000
102605,90,20,2026-08-13,2026-08-16,2026-08-17,Delivered,1,95,406000
102606,77,19,2026-08-13,2026-08-19,2026-08-21,Delivered,1,201,477000
102607,116,5,2026-08-13,2026-08-21,,In transit,8,124568,25169000
102608,51,5,2026-08-13,2026-08-17,,In transit,3,61179,9565000
102609,103,3,2026-08-13,2026-08-18,,In transit,1,10220,4366000
102610,35,24,2026-08-13,2026-08-20,2026-08-24,Delivered,2,39292,1291000
102611,115,24,2026-08-13,2026-08-22,2026-08-24,Delivered,1,15801,549000
102612,103,25,2026-08-14,2026-08-16,2026-08-17,Delivered,2,30218,1032000
102613,28,30,2026-08-14,2026-08-20,2026-08-22,Delivered,1,23349,588000
102614,90,1,2026-08-14,2026-08-17,,In transit,3,68595,13586000
102615,52,14,2026-08-14,2026-08-23,2026-08-30,Delivered,2,44382,4018000
102616,24,4,2026-08-14,2026-08-23,,In transit,6,138822,17456000
102617,58,2,2026-08-15,2026-08-24,,In transit,4,95612,16137000
102618,52,13,2026-08-15,2026-08-22,,In transit,3,67716,7404000
102619,118,12,2026-08-16,2026-08-22,,In transit,3,39549,8030000
102620,71,5,2026-08-16,2026-08-25,,In transit,1,9095,3549000
102621,71,1,2026-08-17,2026-08-19,,In transit,1,15388,4052000
102622,58,25,2026-08-17,2026-08-23,2026-08-25,Delivered,2,30766,945000
102623,79,24,2026-08-17,2026-08-21,2026-08-23,Delivered,1,20417,540000
102624,111,26,2026-08-17,2026-08-21,2026-08-24,Delivered,1,17423,590000
102625,62,12,2026-08-18,2026-08-23,,In transit,1,9399,2545000
102626,82,1,2026-08-18,2026-08-21,,In transit,3,56004,13830000
102627,89,9,2026-08-18,2026-08-22,,In transit,2,23730,7263000
102628,110,4,2026-08-18,2026-08-20,,In transit,3,53931,9953000
102629,55,11,2026-08-18,2026-08-25,,In transit,2,24174,8100000
102630,117,1,2026-08-18,2026-08-26,,In transit,1,21445,3882000
102631,58,10,2026-08-19,2026-08-28,,In transit,4,48580,13289000
102632,50,1,2026-08-19,2026-08-26,,In transit,1,13255,4252000
102633,85,16,2026-08-19,2026-08-26,2026-08-30,Delivered,2,24422,4729000
102634,78,16,2026-08-19,2026-08-21,,In transit,4,68472,7875000
102635,46,6,2026-08-19,2026-08-24,,In transit,6,125112,20183000
102636,67,1,2026-08-19,2026-08-21,,In transit,4,74064,17579000
102637,92,1,2026-08-19,2026-08-22,,In transit,8,154328,38553000
102638,85,14,2026-08-20,2026-08-28,,In transit,2,26520,3909000
102639,97,1,2026-08-20,2026-08-29,,In transit,4,47040,18944000
102640,111,7,2026-08-20,2026-08-28,,In transit,3,30729,8452000
102641,110,24,2026-08-20,2026-08-25,2026-08-26,Delivered,2,46370,981000
102642,23,1,2026-08-20,2026-08-26,,In transit,1,9519,3832000
102643,42,13,2026-08-20,2026-08-25,,In transit,2,39846,4463000
102644,85,1,2026-08-21,2026-08-24,,In transit,3,54384,14168000
102645,102,12,2026-08-21,2026-08-23,,In transit,1,11096,3083000
102646,25,10,2026-08-21,2026-08-24,,In transit,2,42558,8470000
102647,85,2,2026-08-21,2026-08-29,,In transit,4,90328,18786000
102648,63,1,2026-08-21,2026-08-29,,In transit,1,9979,4753000
102649,50,4,2026-08-21,2026-08-27,,In transit,3,54210,9974000
102650,35,1,2026-08-21,2026-08-29,,In transit,2,35546,7150000
102651,110,1,2026-08-21,2026-08-28,,In transit,1,15199,3616000
102652,114,3,2026-08-22,2026-08-28,,In transit,4,52244,19164000
102653,26,11,2026-08-23,2026-08-30,,In transit,2,44594,7836000
102654,41,4,2026-08-23,2026-09-01,,In transit,1,12832,3429000
102655,69,1,2026-08-24,2026-09-02,,In transit,3,50124,11804000
102656,62,2,2026-08-24,2026-08-28,,In transit,2,36986,9285000
102657,52,7,2026-08-24,2026-08-31,,In transit,2,18484,6445000
102658,85,4,2026-08-24,2026-09-02,,In transit,6,123882,19656000
102659,55,20,2026-08-25,2026-08-29,,In transit,1,2037,1326000
102660,92,14,2026-08-25,2026-09-01,,In transit,1,16770,1984000
102661,71,1,2026-08-25,2026-08-27,,In transit,2,27370,7361000
102662,41,1,2026-08-26,,,Booked,1,14335,3576000
102663,35,10,2026-08-26,,,Booked,6,57084,23017000
102664,59,5,2026-08-26,,,Booked,2,30722,7306000
102665,90,12,2026-08-27,,,Booked,6,107724,17585000
102666,103,21,2026-08-27,,,Booked,1,1521,1054000
102667,102,26,2026-08-27,,,Booked,1,11206,550000
102668,98,16,2026-08-27,,,Booked,2,34220,4331000
102669,102,27,2026-08-27,,,Booked,1,15136,640000
102670,30,27,2026-08-27,,,Booked,2,35032,1131000
102671,98,3,2026-08-28,,,Booked,2,40270,7563000
102672,98,29,2026-08-28,,,Booked,1,16457,538000
102673,28,25,2026-08-28,,,Booked,1,21744,488000
102674,85,17,2026-08-28,,,Booked,2,33798,6515000
102675,78,9,2026-08-28,,,Booked,6,114246,24468000
102676,58,3,2026-08-28,,,Booked,3,63417,13462000
102677,116,24,2026-08-29,,,Booked,1,12953,650000
102678,78,8,2026-08-29,,,Booked,8,143920,30611000
102679,52,1,2026-08-31,,,Booked,3,54183,11600000
102680,36,28,2026-08-31,,,Booked,1,14315,620000
102681,59,2,2026-08-31,,,Booked,2,42056,7350000
102682,114,5,2026-08-31,,,Booked,8,79608,27815000
102683,86,7,2026-08-31,,,Booked,4,70260,10120000
