claim_id,policy_id,submitted_at,region,channel,claim_type,claim_amount_ngn,outcome,paid_amount_ngn,closed_at
CLM-00001,POL-100003,2025-07-01 08:44,Lagos,Web,Accident damage,550000,Paid,528000,2025-07-17 08:31
CLM-00002,POL-100008,2025-07-01 08:10,Lagos,Agent,Windscreen,310000,Paid,262000,2025-08-13 08:01
CLM-00003,POL-100011,2025-07-01 14:52,Kano,Agent,Windscreen,235000,Paid,195000,2025-07-23 08:21
CLM-00004,POL-100013,2025-07-01 16:38,Abuja,Phone,Accident damage,1115000,Paid,970000,2025-07-29 13:34
CLM-00005,POL-100015,2025-07-01 08:27,Port Harcourt,Agent,Windscreen,160000,Paid,136000,2025-07-23 08:01
CLM-00006,POL-100020,2025-07-01 14:21,Abuja,Agent,Windscreen,150000,Paid,131000,2025-07-29 14:05
CLM-00007,POL-100022,2025-07-01 20:26,Lagos,Agent,Windscreen,245000,Withdrawn,,2025-08-08 11:09
CLM-00008,POL-100024,2025-07-01 17:20,Lagos,Phone,Accident damage,380000,Paid,353000,2025-07-23 08:28
CLM-00009,POL-100029,2025-07-01 13:42,Abuja,Phone,Accident damage,490000,Withdrawn,,2025-08-04 10:59
CLM-00010,POL-100031,2025-07-01 15:48,Lagos,Phone,Windscreen,405000,Paid,389000,2025-07-30 08:35
CLM-00011,POL-100034,2025-07-01 16:18,Lagos,Phone,Windscreen,150000,Paid,141000,2025-07-23 08:35
CLM-00012,POL-100037,2025-07-02 18:12,Lagos,Phone,Third party,1145000,Paid,1095000,2025-07-15 13:20
CLM-00013,POL-100039,2025-07-02 20:54,Ibadan,Branch,Accident damage,710000,Paid,610000,2025-07-23 08:28
CLM-00014,POL-100043,2025-07-02 10:45,Abuja,Phone,Windscreen,440000,Paid,365000,2025-07-29 15:55
CLM-00015,POL-100045,2025-07-02 07:12,Kano,Agent,Accident damage,1590000,Withdrawn,,2025-08-06 11:33
CLM-00016,POL-100049,2025-07-02 12:11,Abuja,Web,Windscreen,210000,Paid,178000,2025-07-22 08:37
CLM-00017,POL-100052,2025-07-02 16:25,Ibadan,Phone,Third party,745000,Paid,645000,2025-07-30 16:41
CLM-00018,POL-100054,2025-07-02 11:42,Abuja,Branch,Windscreen,440000,Paid,435000,2025-08-05 12:28
CLM-00019,POL-100058,2025-07-02 19:51,Port Harcourt,Phone,Accident damage,620000,Paid,562000,2025-08-06 08:08
CLM-00020,POL-100061,2025-07-03 12:41,Kano,Branch,Accident damage,630000,Paid,586000,2025-07-22 15:11
CLM-00021,POL-100063,2025-07-03 11:07,Ibadan,Agent,Windscreen,370000,Paid,306000,2025-07-29 08:15
CLM-00022,POL-100067,2025-07-03 14:58,Port Harcourt,Branch,Accident damage,385000,Paid,361000,2025-07-31 08:14
CLM-00023,POL-100069,2025-07-03 20:00,Ibadan,Web,Third party,3105000,Paid,2819000,2025-07-15 08:15
CLM-00024,POL-100073,2025-07-03 09:59,Lagos,Phone,Third party,1075000,Paid,922000,2025-07-30 08:55
CLM-00025,POL-100076,2025-07-03 14:51,Abuja,Phone,Windscreen,145000,Paid,123000,2025-07-15 14:19
CLM-00026,POL-100078,2025-07-03 18:43,Lagos,Branch,Windscreen,140000,Rejected,,2025-08-08 16:17
CLM-00027,POL-100081,2025-07-03 20:20,Lagos,Branch,Accident damage,520000,Paid,442000,2025-08-07 08:24
CLM-00028,POL-100086,2025-07-03 08:43,Lagos,Agent,Third party,720000,Paid,633000,2025-07-23 08:20
CLM-00029,POL-100089,2025-07-04 09:26,Lagos,Branch,Accident damage,490000,Paid,486000,2025-07-23 08:32
CLM-00030,POL-100092,2025-07-04 07:01,Lagos,Branch,Accident damage,890000,Paid,879000,2025-07-23 08:33
CLM-00031,POL-100095,2025-07-04 14:40,Abuja,Agent,Windscreen,225000,Paid,185000,2025-08-20 12:47
CLM-00032,POL-100097,2025-07-04 19:10,Abuja,Phone,Accident damage,525000,Paid,508000,2025-07-22 12:46
CLM-00033,POL-100101,2025-07-04 07:18,Kano,Branch,Third party,1595000,Paid,1364000,2025-07-23 08:56
CLM-00034,POL-100102,2025-07-04 09:14,Lagos,Branch,Windscreen,165000,Paid,144000,2025-07-23 08:52
CLM-00035,POL-100105,2025-07-04 14:05,Ibadan,Agent,Windscreen,295000,Paid,276000,2025-07-23 08:42
CLM-00036,POL-100108,2025-07-04 10:27,Port Harcourt,Branch,Windscreen,435000,Paid,408000,2025-07-22 15:38
CLM-00037,POL-100111,2025-07-05 08:47,Port Harcourt,Agent,Windscreen,310000,Paid,266000,2025-08-05 11:14
CLM-00038,POL-100114,2025-07-05 07:07,Lagos,Agent,Windscreen,195000,Withdrawn,,2025-08-23 12:23
CLM-00039,POL-100119,2025-07-05 11:25,Kano,Web,Theft,6210000,Paid,5199000,2025-08-05 13:45
CLM-00040,POL-100121,2025-07-05 17:31,Port Harcourt,Branch,Windscreen,260000,Paid,248000,2025-07-30 12:59
CLM-00041,POL-100124,2025-07-05 08:19,Lagos,Agent,Windscreen,365000,Withdrawn,,2025-08-25 15:05
CLM-00042,POL-100128,2025-07-05 12:45,Lagos,Agent,Third party,1290000,Paid,1178000,2025-08-04 14:14
CLM-00043,POL-100130,2025-07-05 09:41,Lagos,Branch,Third party,1560000,Paid,1484000,2025-07-24 08:43
CLM-00044,POL-100133,2025-07-05 12:50,Lagos,Agent,Theft,6595000,Paid,5905000,2025-07-26 11:58
CLM-00045,POL-100137,2025-07-05 13:36,Lagos,Agent,Third party,950000,Rejected,,2025-07-18 15:04
CLM-00046,POL-100139,2025-07-06 14:23,Port Harcourt,Web,Accident damage,2035000,Paid,1764000,2025-08-06 08:20
CLM-00047,POL-100141,2025-07-06 10:40,Ibadan,Agent,Accident damage,995000,Paid,914000,2025-08-05 12:04
CLM-00048,POL-100144,2025-07-06 13:22,Ibadan,Phone,Third party,510000,Paid,446000,2025-08-07 08:50
CLM-00049,POL-100149,2025-07-06 10:34,Lagos,Web,Theft,3085000,Paid,2921000,2025-07-23 08:48
CLM-00050,POL-100151,2025-07-07 19:46,Abuja,Web,Accident damage,895000,Paid,797000,2025-08-06 08:42
CLM-00051,POL-100153,2025-07-07 16:45,Ibadan,Agent,Accident damage,680000,Withdrawn,,2025-08-15 08:28
CLM-00052,POL-100157,2025-07-07 11:02,Port Harcourt,Branch,Theft,3180000,Paid,3040000,2025-08-07 08:05
CLM-00053,POL-100159,2025-07-07 18:26,Port Harcourt,Branch,Windscreen,320000,Paid,305000,2025-07-29 12:26
CLM-00054,POL-100164,2025-07-07 19:25,Lagos,Agent,Windscreen,250000,Paid,236000,2025-08-06 08:22
CLM-00055,POL-100167,2025-07-07 20:17,Ibadan,Web,Accident damage,290000,Paid,256000,2025-07-23 15:40
CLM-00056,POL-100169,2025-07-07 12:19,Abuja,Agent,Windscreen,285000,Paid,278000,2025-08-06 14:31
CLM-00057,POL-100173,2025-07-08 15:36,Port Harcourt,Agent,Third party,620000,Paid,616000,2025-08-06 08:37
CLM-00058,POL-100176,2025-07-08 14:54,Abuja,Agent,Accident damage,590000,Paid,563000,2025-07-29 16:19
CLM-00059,POL-100177,2025-07-08 13:16,Port Harcourt,Agent,Windscreen,145000,Paid,144000,2025-08-06 08:59
CLM-00060,POL-100180,2025-07-08 11:00,Port Harcourt,Agent,Theft,7990000,Withdrawn,,2025-08-11 10:47
CLM-00061,POL-100184,2025-07-08 08:56,Port Harcourt,Web,Windscreen,350000,Rejected,,2025-07-25 15:38
CLM-00062,POL-100188,2025-07-08 13:25,Lagos,Branch,Windscreen,425000,Paid,424000,2025-07-31 09:36
CLM-00063,POL-100190,2025-07-08 07:24,Ibadan,Branch,Windscreen,445000,Rejected,,2025-08-01 16:37
CLM-00064,POL-100193,2025-07-08 09:06,Lagos,Web,Windscreen,330000,Paid,319000,2025-07-23 10:05
CLM-00065,POL-100196,2025-07-08 18:10,Lagos,Agent,Windscreen,150000,Withdrawn,,2025-08-13 10:00
CLM-00066,POL-100198,2025-07-08 07:50,Lagos,Agent,Accident damage,605000,Paid,598000,2025-07-29 13:26
CLM-00067,POL-100201,2025-07-08 09:24,Ibadan,Phone,Windscreen,240000,Rejected,,2025-08-01 15:29
CLM-00068,POL-100205,2025-07-09 11:31,Lagos,Phone,Accident damage,2070000,Rejected,,2025-07-25 15:14
CLM-00069,POL-100208,2025-07-09 09:46,Abuja,Web,Windscreen,195000,Paid,191000,2025-07-30 08:05
CLM-00070,POL-100211,2025-07-09 08:51,Abuja,Branch,Third party,1005000,Paid,921000,2025-07-30 08:25
CLM-00071,POL-100215,2025-07-09 13:46,Ibadan,Web,Third party,2705000,Paid,2231000,2025-07-22 08:20
CLM-00072,POL-100218,2025-07-09 14:56,Lagos,Agent,Windscreen,420000,Paid,357000,2025-08-06 08:20
CLM-00073,POL-100220,2025-07-09 11:19,Lagos,Phone,Accident damage,680000,Paid,559000,2025-07-28 13:06
CLM-00074,POL-100222,2025-07-09 09:09,Lagos,Branch,Windscreen,315000,Paid,278000,2025-08-06 09:35
CLM-00075,POL-100225,2025-07-09 10:57,Kano,Branch,Third party,1690000,Paid,1523000,2025-07-29 13:55
CLM-00076,POL-100230,2025-07-09 15:45,Ibadan,Phone,Third party,715000,Paid,652000,2025-07-31 08:48
CLM-00077,POL-100231,2025-07-10 08:06,Port Harcourt,Agent,Windscreen,420000,Paid,418000,2025-08-07 08:22
CLM-00078,POL-100236,2025-07-10 13:46,Abuja,Branch,Accident damage,520000,Paid,460000,2025-07-31 08:14
CLM-00079,POL-100238,2025-07-10 09:02,Ibadan,Phone,Accident damage,965000,Paid,900000,2025-07-30 09:39
CLM-00080,POL-100242,2025-07-10 09:17,Lagos,Agent,Third party,1690000,Paid,1466000,2025-08-05 15:03
CLM-00081,POL-100244,2025-07-10 17:51,Lagos,Agent,Accident damage,700000,Paid,668000,2025-08-13 08:39
CLM-00082,POL-100246,2025-07-10 19:40,Kano,Agent,Accident damage,585000,Paid,522000,2025-08-06 08:17
CLM-00083,POL-100249,2025-07-10 10:12,Abuja,Web,Third party,1450000,Paid,1216000,2025-07-31 08:31
CLM-00084,POL-100253,2025-07-11 16:46,Lagos,Agent,Accident damage,725000,Paid,678000,2025-08-05 09:30
CLM-00085,POL-100257,2025-07-11 08:41,Lagos,Branch,Windscreen,215000,Paid,185000,2025-08-05 14:08
CLM-00086,POL-100260,2025-07-11 18:05,Port Harcourt,Phone,Theft,3640000,Paid,3499000,2025-08-05 11:53
CLM-00087,POL-100262,2025-07-11 18:40,Port Harcourt,Agent,Third party,535000,Paid,450000,2025-08-07 08:09
CLM-00088,POL-100266,2025-07-11 11:52,Kano,Branch,Windscreen,395000,Paid,376000,2025-07-29 14:17
CLM-00089,POL-100268,2025-07-11 11:03,Lagos,Agent,Windscreen,280000,Paid,274000,2025-07-30 08:37
CLM-00090,POL-100270,2025-07-11 20:27,Lagos,Agent,Accident damage,1285000,Rejected,,2025-08-01 16:18
CLM-00091,POL-100273,2025-07-12 20:26,Abuja,Web,Accident damage,1220000,Paid,1041000,2025-07-30 13:52
CLM-00092,POL-100276,2025-07-12 16:30,Lagos,Web,Third party,1890000,Paid,1744000,2025-08-06 08:36
CLM-00093,POL-100281,2025-07-12 13:18,Kano,Agent,Theft,3435000,Paid,3158000,2025-07-31 08:01
CLM-00094,POL-100282,2025-07-12 15:07,Ibadan,Branch,Accident damage,315000,Paid,293000,2025-07-30 08:44
CLM-00095,POL-100287,2025-07-12 19:25,Kano,Agent,Windscreen,295000,Paid,267000,2025-08-13 08:39
CLM-00096,POL-100289,2025-07-12 17:07,Lagos,Branch,Accident damage,350000,Rejected,,2025-07-25 16:51
CLM-00097,POL-100293,2025-07-12 15:48,Lagos,Web,Third party,1715000,Withdrawn,,2025-08-13 12:28
CLM-00098,POL-100294,2025-07-12 19:03,Abuja,Agent,Windscreen,450000,Paid,424000,2025-08-19 12:07
CLM-00099,POL-100298,2025-07-13 12:11,Abuja,Web,Windscreen,205000,Paid,176000,2025-08-14 08:52
CLM-00100,POL-100302,2025-07-13 19:54,Kano,Phone,Accident damage,470000,Withdrawn,,2025-08-15 11:20
CLM-00101,POL-100303,2025-07-13 10:54,Abuja,Web,Windscreen,395000,Paid,324000,2025-07-31 08:17
CLM-00102,POL-100307,2025-07-13 12:41,Kano,Web,Accident damage,420000,Withdrawn,,2025-08-14 16:47
CLM-00103,POL-100310,2025-07-13 16:20,Ibadan,Agent,Windscreen,255000,Paid,243000,2025-08-07 08:16
CLM-00104,POL-100312,2025-07-13 09:18,Lagos,Agent,Accident damage,455000,Rejected,,2025-08-01 15:23
CLM-00105,POL-100317,2025-07-14 11:37,Lagos,Branch,Accident damage,475000,Paid,410000,2025-08-04 09:56
CLM-00106,POL-100319,2025-07-14 12:46,Abuja,Web,Theft,6740000,Paid,6486000,2025-08-02 12:36
CLM-00107,POL-100323,2025-07-14 14:44,Ibadan,Web,Accident damage,475000,Paid,436000,2025-08-12 13:49
CLM-00108,POL-100324,2025-07-14 16:00,Lagos,Branch,Accident damage,215000,Paid,189000,2025-08-12 10:42
CLM-00109,POL-100327,2025-07-14 17:02,Kano,Agent,Third party,485000,Paid,475000,2025-08-05 08:25
CLM-00110,POL-100330,2025-07-14 13:56,Lagos,Agent,Accident damage,490000,Withdrawn,,2025-08-20 10:09
CLM-00111,POL-100335,2025-07-14 12:39,Lagos,Branch,Windscreen,295000,Paid,291000,2025-07-30 09:51
CLM-00112,POL-100338,2025-07-14 20:31,Abuja,Phone,Accident damage,455000,Paid,387000,2025-07-29 15:29
CLM-00113,POL-100341,2025-07-14 19:56,Lagos,Web,Theft,8170000,Paid,7401000,2025-08-14 08:27
CLM-00114,POL-100343,2025-07-14 13:14,Kano,Branch,Accident damage,920000,Paid,756000,2025-08-05 15:33
CLM-00115,POL-100346,2025-07-15 16:40,Abuja,Agent,Windscreen,440000,Paid,426000,2025-08-12 08:25
CLM-00116,POL-100348,2025-07-15 09:11,Ibadan,Agent,Accident damage,1180000,Paid,1140000,2025-08-20 08:09
CLM-00117,POL-100353,2025-07-15 13:31,Kano,Web,Third party,1055000,Paid,946000,2025-08-06 08:34
CLM-00118,POL-100356,2025-07-15 19:35,Abuja,Phone,Third party,1550000,Paid,1345000,2025-07-31 08:45
CLM-00119,POL-100357,2025-07-15 19:41,Abuja,Branch,Windscreen,340000,Paid,322000,2025-08-06 09:11
CLM-00120,POL-100360,2025-07-15 07:00,Abuja,Web,Third party,2990000,Paid,2534000,2025-08-05 08:02
CLM-00121,POL-100364,2025-07-15 11:46,Abuja,Phone,Windscreen,360000,Paid,301000,2025-08-13 08:26
CLM-00122,POL-100366,2025-07-15 10:56,Lagos,Branch,Third party,920000,Paid,864000,2025-07-29 09:45
CLM-00123,POL-100369,2025-07-15 15:33,Port Harcourt,Phone,Theft,7475000,Paid,7307000,2025-08-11 08:47
CLM-00124,POL-100372,2025-07-15 16:32,Abuja,Agent,Accident damage,660000,Paid,617000,2025-08-05 15:16
CLM-00125,POL-100377,2025-07-16 13:06,Lagos,Web,Accident damage,605000,Paid,588000,2025-07-29 08:43
CLM-00126,POL-100378,2025-07-16 07:04,Abuja,Branch,Accident damage,340000,Paid,303000,2025-08-06 08:53
CLM-00127,POL-100383,2025-07-16 07:51,Ibadan,Agent,Windscreen,165000,Paid,147000,2025-08-05 11:34
CLM-00128,POL-100384,2025-07-16 16:22,Kano,Web,Third party,1115000,Paid,1090000,2025-08-07 08:21
CLM-00129,POL-100389,2025-07-16 16:42,Lagos,Agent,Windscreen,225000,Paid,220000,2025-08-19 08:33
CLM-00130,POL-100392,2025-07-16 15:16,Abuja,Agent,Windscreen,440000,Paid,435000,2025-08-06 12:53
CLM-00131,POL-100393,2025-07-16 11:56,Ibadan,Agent,Accident damage,455000,Paid,413000,2025-08-12 08:25
CLM-00132,POL-100397,2025-07-16 14:12,Lagos,Branch,Accident damage,705000,Paid,639000,2025-08-06 10:53
CLM-00133,POL-100399,2025-07-16 19:27,Ibadan,Agent,Theft,5325000,Rejected,,2025-08-22 15:24
CLM-00134,POL-100402,2025-07-16 09:44,Port Harcourt,Branch,Theft,5860000,Rejected,,2025-08-08 15:39
CLM-00135,POL-100406,2025-07-16 14:49,Port Harcourt,Web,Accident damage,525000,Paid,456000,2025-08-06 08:29
CLM-00136,POL-100409,2025-07-17 17:12,Ibadan,Agent,Windscreen,120000,Paid,102000,2025-09-17 08:27
CLM-00137,POL-100413,2025-07-17 07:47,Port Harcourt,Agent,Windscreen,275000,Paid,261000,2025-08-25 11:42
CLM-00138,POL-100416,2025-07-17 15:03,Ibadan,Branch,Accident damage,320000,Paid,291000,2025-08-19 16:27
CLM-00139,POL-100418,2025-07-17 11:49,Lagos,Web,Accident damage,650000,Paid,610000,2025-08-05 10:31
CLM-00140,POL-100422,2025-07-17 08:36,Abuja,Web,Accident damage,1415000,Paid,1365000,2025-08-06 08:02
CLM-00141,POL-100424,2025-07-17 10:13,Port Harcourt,Web,Third party,1260000,Paid,1218000,2025-08-19 08:17
CLM-00142,POL-100427,2025-07-17 07:39,Lagos,Web,Windscreen,155000,Paid,138000,2025-08-06 13:18
CLM-00143,POL-100430,2025-07-17 09:47,Ibadan,Agent,Windscreen,255000,Paid,220000,2025-08-27 14:32
CLM-00144,POL-100434,2025-07-18 20:14,Ibadan,Agent,Third party,1270000,Paid,1077000,2025-08-05 08:58
CLM-00145,POL-100437,2025-07-18 10:12,Abuja,Agent,Accident damage,780000,Paid,719000,2025-08-14 11:06
CLM-00146,POL-100440,2025-07-18 10:48,Abuja,Branch,Windscreen,200000,Paid,175000,2025-08-12 11:14
CLM-00147,POL-100443,2025-07-18 08:19,Abuja,Agent,Windscreen,150000,Paid,145000,2025-08-11 14:22
CLM-00148,POL-100445,2025-07-18 15:49,Ibadan,Branch,Third party,1005000,Paid,940000,2025-07-30 08:05
CLM-00149,POL-100448,2025-07-18 12:46,Lagos,Agent,Theft,6215000,Paid,5456000,2025-08-22 08:33
CLM-00150,POL-100450,2025-07-18 15:10,Abuja,Branch,Third party,775000,Paid,673000,2025-08-13 08:04
CLM-00151,POL-100454,2025-07-19 10:20,Ibadan,Phone,Accident damage,1360000,Paid,1266000,2025-08-05 08:44
CLM-00152,POL-100457,2025-07-19 10:13,Lagos,Agent,Windscreen,300000,Paid,249000,2025-08-13 08:20
CLM-00153,POL-100461,2025-07-19 07:53,Lagos,Phone,Third party,590000,Rejected,,2025-08-08 16:26
CLM-00154,POL-100464,2025-07-19 13:07,Port Harcourt,Web,Accident damage,865000,Paid,752000,2025-08-12 16:36
CLM-00155,POL-100467,2025-07-19 10:04,Ibadan,Agent,Accident damage,190000,Paid,160000,2025-08-12 08:43
CLM-00156,POL-100470,2025-07-19 19:58,Abuja,Branch,Windscreen,290000,Paid,238000,2025-08-06 08:01
CLM-00157,POL-100472,2025-07-19 12:07,Kano,Branch,Windscreen,370000,Withdrawn,,2025-08-21 08:53
CLM-00158,POL-100475,2025-07-19 11:00,Lagos,Branch,Windscreen,140000,Paid,135000,2025-08-06 08:09
CLM-00159,POL-100477,2025-07-19 19:14,Ibadan,Phone,Accident damage,265000,Paid,256000,2025-08-20 08:20
CLM-00160,POL-100480,2025-07-20 14:25,Abuja,Web,Windscreen,315000,Paid,304000,2025-08-06 14:18
CLM-00161,POL-100485,2025-07-20 10:15,Kano,Phone,Accident damage,305000,Paid,303000,2025-08-20 08:14
CLM-00162,POL-100486,2025-07-20 18:23,Lagos,Agent,Accident damage,880000,Paid,748000,2025-08-21 08:04
CLM-00163,POL-100491,2025-07-20 18:08,Ibadan,Branch,Theft,7775000,Paid,6858000,2025-08-11 08:39
CLM-00164,POL-100492,2025-07-20 07:06,Kano,Phone,Third party,1110000,Paid,1090000,2025-08-12 15:09
CLM-00165,POL-100495,2025-07-20 09:31,Port Harcourt,Phone,Accident damage,575000,Paid,529000,2025-08-12 14:42
CLM-00166,POL-100498,2025-07-21 07:43,Abuja,Branch,Accident damage,550000,Paid,497000,2025-08-12 15:48
CLM-00167,POL-100502,2025-07-21 11:01,Port Harcourt,Web,Windscreen,360000,Withdrawn,,2025-08-21 15:07
CLM-00168,POL-100506,2025-07-21 20:08,Port Harcourt,Web,Third party,1215000,Rejected,,2025-08-01 16:30
CLM-00169,POL-100509,2025-07-21 08:18,Ibadan,Web,Third party,1185000,Paid,976000,2025-08-14 08:10
CLM-00170,POL-100511,2025-07-21 08:53,Lagos,Phone,Accident damage,1155000,Paid,1103000,2025-08-19 08:07
CLM-00171,POL-100513,2025-07-21 16:53,Port Harcourt,Agent,Accident damage,850000,Paid,835000,2025-08-14 08:07
CLM-00172,POL-100517,2025-07-21 16:32,Lagos,Branch,Accident damage,655000,Paid,644000,2025-08-14 08:23
CLM-00173,POL-100521,2025-07-21 16:10,Abuja,Phone,Accident damage,405000,Withdrawn,,2025-08-23 16:58
CLM-00174,POL-100522,2025-07-21 12:37,Abuja,Web,Accident damage,510000,Paid,510000,2025-08-12 10:48
CLM-00175,POL-100527,2025-07-21 11:56,Ibadan,Branch,Windscreen,445000,Paid,419000,2025-08-06 08:31
CLM-00176,POL-100529,2025-07-21 20:29,Lagos,Branch,Accident damage,435000,Paid,409000,2025-08-11 15:46
CLM-00177,POL-100532,2025-07-22 12:51,Ibadan,Branch,Windscreen,415000,Paid,395000,2025-08-11 08:52
CLM-00178,POL-100536,2025-07-22 19:13,Lagos,Web,Third party,1420000,Paid,1336000,2025-08-13 08:39
CLM-00179,POL-100537,2025-07-22 13:15,Port Harcourt,Agent,Accident damage,2285000,Paid,2069000,2025-08-14 08:00
CLM-00180,POL-100540,2025-07-22 18:32,Ibadan,Agent,Windscreen,400000,Withdrawn,,2025-08-28 09:40
CLM-00181,POL-100544,2025-07-22 18:50,Lagos,Agent,Windscreen,155000,Paid,134000,2025-08-19 16:28
CLM-00182,POL-100546,2025-07-22 10:27,Abuja,Phone,Theft,15295000,Paid,14975000,2025-08-18 08:54
CLM-00183,POL-100550,2025-07-22 14:14,Lagos,Web,Accident damage,385000,Paid,342000,2025-08-06 12:49
CLM-00184,POL-100552,2025-07-22 08:55,Lagos,Phone,Theft,6145000,Paid,5805000,2025-08-11 08:35
CLM-00185,POL-100555,2025-07-22 17:58,Abuja,Phone,Third party,1260000,Paid,1143000,2025-08-07 08:10
CLM-00186,POL-100560,2025-07-22 17:58,Port Harcourt,Web,Windscreen,235000,Paid,227000,2025-08-13 08:09
CLM-00187,POL-100561,2025-07-23 09:04,Lagos,Branch,Accident damage,500000,Paid,474000,2025-08-14 08:29
CLM-00188,POL-100564,2025-07-23 12:35,Port Harcourt,Web,Windscreen,120000,Paid,105000,2025-08-27 08:07
CLM-00189,POL-100567,2025-07-23 20:50,Kano,Agent,Accident damage,1180000,Paid,1049000,2025-09-02 16:40
CLM-00190,POL-100570,2025-07-23 18:40,Lagos,Agent,Accident damage,970000,Paid,911000,2025-09-10 09:14
CLM-00191,POL-100575,2025-07-23 15:26,Abuja,Branch,Windscreen,145000,Paid,127000,2025-08-12 12:31
CLM-00192,POL-100577,2025-07-23 11:37,Kano,Phone,Accident damage,555000,Withdrawn,,2025-08-25 08:08
CLM-00193,POL-100581,2025-07-23 18:06,Port Harcourt,Phone,Theft,9075000,Paid,8162000,2025-08-23 10:50
CLM-00194,POL-100584,2025-07-23 13:06,Lagos,Agent,Accident damage,445000,Paid,408000,2025-09-02 08:26
CLM-00195,POL-100587,2025-07-23 09:05,Lagos,Agent,Accident damage,190000,Withdrawn,,2025-09-10 10:02
CLM-00196,POL-100588,2025-07-23 12:41,Port Harcourt,Phone,Accident damage,695000,Paid,652000,2025-08-13 15:53
CLM-00197,POL-100591,2025-07-23 12:31,Lagos,Branch,Accident damage,555000,Paid,455000,2025-08-07 08:32
CLM-00198,POL-100596,2025-07-24 07:35,Lagos,Branch,Accident damage,1180000,Paid,972000,2025-08-12 08:03
CLM-00199,POL-100597,2025-07-24 08:46,Lagos,Branch,Theft,4285000,Paid,3676000,2025-08-14 08:12
CLM-00200,POL-100602,2025-07-24 20:07,Port Harcourt,Agent,Accident damage,365000,Paid,325000,2025-08-20 08:43
CLM-00201,POL-100603,2025-07-24 11:29,Port Harcourt,Agent,Windscreen,330000,Rejected,,2025-08-08 15:51
CLM-00202,POL-100608,2025-07-24 10:31,Lagos,Agent,Third party,990000,Paid,937000,2025-08-19 15:10
CLM-00203,POL-100611,2025-07-24 19:55,Lagos,Phone,Windscreen,270000,Withdrawn,,2025-09-05 08:17
CLM-00204,POL-100612,2025-07-24 15:34,Lagos,Agent,Accident damage,355000,Rejected,,2025-08-15 16:57
CLM-00205,POL-100615,2025-07-24 13:35,Lagos,Agent,Accident damage,400000,Paid,392000,2025-08-13 08:32
CLM-00206,POL-100618,2025-07-25 17:12,Lagos,Agent,Windscreen,195000,Paid,165000,2025-08-19 12:01
CLM-00207,POL-100621,2025-07-25 12:51,Lagos,Agent,Accident damage,1335000,Paid,1193000,2025-08-21 08:13
CLM-00208,POL-100624,2025-07-25 09:03,Kano,Phone,Third party,565000,Paid,465000,2025-08-20 08:47
CLM-00209,POL-100627,2025-07-25 19:38,Port Harcourt,Agent,Windscreen,185000,Paid,183000,2025-09-11 08:34
CLM-00210,POL-100630,2025-07-25 08:34,Ibadan,Web,Accident damage,650000,Paid,635000,2025-09-03 08:02
CLM-00211,POL-100633,2025-07-25 08:47,Kano,Web,Windscreen,350000,Paid,288000,2025-08-12 08:29
CLM-00212,POL-100636,2025-07-25 15:34,Kano,Agent,Accident damage,230000,Paid,189000,2025-08-21 09:00
CLM-00213,POL-100639,2025-07-26 12:33,Lagos,Branch,Theft,2120000,Paid,1871000,2025-08-13 10:28
CLM-00214,POL-100642,2025-07-26 20:22,Abuja,Web,Accident damage,410000,Paid,407000,2025-08-20 08:52
CLM-00215,POL-100645,2025-07-26 11:08,Port Harcourt,Agent,Third party,825000,Paid,813000,2025-08-27 15:58
CLM-00216,POL-100648,2025-07-26 15:43,Port Harcourt,Branch,Windscreen,270000,Paid,222000,2025-08-20 09:07
CLM-00217,POL-100651,2025-07-26 16:28,Ibadan,Agent,Accident damage,560000,Paid,553000,2025-08-21 08:37
CLM-00218,POL-100655,2025-07-26 12:41,Abuja,Agent,Windscreen,175000,Paid,148000,2025-08-12 16:51
CLM-00219,POL-100658,2025-07-26 14:48,Lagos,Agent,Windscreen,345000,Paid,304000,2025-08-20 08:16
CLM-00220,POL-100661,2025-07-26 16:35,Abuja,Phone,Accident damage,435000,Paid,370000,2025-08-13 08:53
CLM-00221,POL-100664,2025-07-27 13:33,Lagos,Agent,Accident damage,1455000,Paid,1208000,2025-08-20 08:34
CLM-00222,POL-100666,2025-07-27 17:09,Lagos,Agent,Accident damage,335000,Paid,317000,2025-08-13 08:22
CLM-00223,POL-100670,2025-07-28 20:08,Ibadan,Agent,Windscreen,385000,Paid,359000,2025-08-13 08:38
CLM-00224,POL-100674,2025-07-28 07:46,Port Harcourt,Web,Accident damage,825000,Paid,768000,2025-08-19 14:35
CLM-00225,POL-100676,2025-07-28 20:12,Abuja,Agent,Accident damage,970000,Paid,875000,2025-08-28 08:19
CLM-00226,POL-100678,2025-07-28 13:28,Lagos,Agent,Accident damage,685000,Paid,570000,2025-09-11 08:57
CLM-00227,POL-100681,2025-07-28 17:25,Abuja,Phone,Accident damage,610000,Paid,554000,2025-08-20 08:18
CLM-00228,POL-100684,2025-07-28 09:59,Lagos,Branch,Windscreen,190000,Paid,187000,2025-08-12 10:19
CLM-00229,POL-100688,2025-07-28 18:51,Lagos,Branch,Accident damage,380000,Paid,334000,2025-08-13 08:20
CLM-00230,POL-100690,2025-07-28 15:08,Ibadan,Branch,Windscreen,340000,Paid,323000,2025-08-13 08:26
CLM-00231,POL-100695,2025-07-28 09:07,Lagos,Agent,Third party,850000,Rejected,,2025-08-15 16:14
CLM-00232,POL-100698,2025-07-28 14:47,Abuja,Branch,Accident damage,230000,Paid,199000,2025-08-13 12:54
CLM-00233,POL-100699,2025-07-29 18:17,Port Harcourt,Phone,Windscreen,415000,Paid,362000,2025-08-19 10:49
CLM-00234,POL-100702,2025-07-29 14:06,Lagos,Phone,Accident damage,445000,Paid,372000,2025-08-13 08:49
CLM-00235,POL-100707,2025-07-29 10:49,Port Harcourt,Agent,Windscreen,280000,Withdrawn,,2025-09-03 16:49
CLM-00236,POL-100709,2025-07-29 08:45,Ibadan,Branch,Accident damage,755000,Paid,657000,2025-08-20 08:27
CLM-00237,POL-100711,2025-07-29 20:30,Ibadan,Phone,Theft,4745000,Paid,4091000,2025-08-27 08:20
CLM-00238,POL-100714,2025-07-29 20:39,Lagos,Agent,Accident damage,1975000,Rejected,,2025-08-15 16:33
CLM-00239,POL-100719,2025-07-29 12:29,Abuja,Agent,Windscreen,305000,Paid,251000,2025-08-12 12:43
CLM-00240,POL-100722,2025-07-29 14:35,Abuja,Branch,Third party,2100000,Paid,1845000,2025-08-20 08:49
CLM-00241,POL-100724,2025-07-29 17:24,Port Harcourt,Agent,Third party,1945000,Paid,1615000,2025-09-03 08:35
CLM-00242,POL-100728,2025-07-29 07:15,Lagos,Phone,Windscreen,450000,Paid,428000,2025-08-26 11:59
CLM-00243,POL-100730,2025-07-29 13:08,Abuja,Branch,Accident damage,940000,Paid,816000,2025-08-20 08:14
CLM-00244,POL-100732,2025-07-30 14:02,Kano,Web,Windscreen,395000,Paid,346000,2025-09-03 08:43
CLM-00245,POL-100737,2025-07-30 16:30,Lagos,Web,Third party,1910000,Paid,1904000,2025-09-03 12:38
CLM-00246,POL-100740,2025-07-30 09:47,Lagos,Phone,Accident damage,200000,Paid,179000,2025-08-13 08:21
CLM-00247,POL-100743,2025-07-30 17:09,Ibadan,Phone,Accident damage,685000,Paid,628000,2025-08-19 14:16
CLM-00248,POL-100744,2025-07-30 15:24,Lagos,Phone,Accident damage,850000,Paid,792000,2025-09-03 08:18
CLM-00249,POL-100749,2025-07-30 09:50,Port Harcourt,Agent,Accident damage,525000,Paid,447000,2025-08-28 08:59
CLM-00250,POL-100751,2025-07-30 13:18,Ibadan,Agent,Windscreen,265000,Paid,232000,2025-08-21 10:38
CLM-00251,POL-100755,2025-07-31 15:49,Lagos,Agent,Accident damage,780000,Paid,749000,2025-09-17 08:35
CLM-00252,POL-100758,2025-07-31 17:01,Abuja,Agent,Accident damage,890000,Paid,777000,2025-09-09 14:00
CLM-00253,POL-100759,2025-07-31 20:48,Lagos,Agent,Accident damage,890000,Paid,776000,2025-09-10 08:23
CLM-00254,POL-100763,2025-07-31 15:59,Kano,Phone,Accident damage,570000,Paid,489000,2025-08-21 08:19
CLM-00255,POL-100766,2025-07-31 17:16,Kano,Agent,Windscreen,160000,Paid,135000,2025-08-18 16:32
CLM-00256,POL-100769,2025-07-31 12:15,Lagos,Branch,Accident damage,270000,Paid,269000,2025-08-20 10:50
CLM-00257,POL-100773,2025-07-31 16:07,Kano,Branch,Accident damage,2020000,Paid,1722000,2025-08-21 08:35
CLM-00258,POL-100775,2025-08-01 14:33,Kano,Branch,Windscreen,380000,Paid,314000,2025-08-20 08:27
CLM-00259,POL-100779,2025-08-01 16:07,Abuja,Branch,Theft,7275000,Paid,7131000,2025-08-30 08:50
CLM-00260,POL-100780,2025-08-01 19:43,Abuja,Web,Accident damage,740000,Paid,728000,2025-08-19 16:35
CLM-00261,POL-100785,2025-08-01 15:37,Lagos,Agent,Windscreen,410000,Paid,406000,2025-08-27 08:01
CLM-00262,POL-100788,2025-08-01 09:51,Ibadan,Web,Third party,2635000,Paid,2500000,2025-08-20 08:40
CLM-00263,POL-100791,2025-08-01 20:52,Abuja,Phone,Accident damage,1875000,Paid,1584000,2025-08-25 11:50
CLM-00264,POL-100793,2025-08-01 18:31,Ibadan,Agent,Accident damage,920000,Paid,902000,2025-09-10 08:50
CLM-00265,POL-100796,2025-08-01 14:45,Kano,Agent,Third party,655000,Paid,568000,2025-09-03 13:16
CLM-00266,POL-100798,2025-08-02 16:13,Kano,Branch,Accident damage,1140000,Paid,1058000,2025-08-28 08:20
CLM-00267,POL-100803,2025-08-02 18:05,Lagos,Web,Windscreen,420000,Paid,419000,2025-08-19 11:09
CLM-00268,POL-100804,2025-08-02 18:35,Abuja,Branch,Third party,1185000,Withdrawn,,2025-09-05 14:55
CLM-00269,POL-100808,2025-08-02 16:32,Ibadan,Phone,Third party,1540000,Paid,1424000,2025-09-03 08:31
CLM-00270,POL-100812,2025-08-02 19:54,Port Harcourt,Branch,Theft,8620000,Paid,7904000,2025-09-02 14:15
CLM-00271,POL-100815,2025-08-02 14:13,Abuja,Phone,Accident damage,705000,Paid,669000,2025-08-27 08:42
CLM-00272,POL-100817,2025-08-02 14:47,Lagos,Branch,Accident damage,2280000,Paid,1878000,2025-08-27 08:00
CLM-00273,POL-100819,2025-08-02 12:17,Port Harcourt,Web,Third party,860000,Rejected,,2025-08-29 16:44
CLM-00274,POL-100823,2025-08-02 17:16,Lagos,Phone,Accident damage,1225000,Paid,1047000,2025-08-26 16:25
CLM-00275,POL-100827,2025-08-02 16:58,Port Harcourt,Web,Accident damage,525000,Paid,484000,2025-08-28 08:26
CLM-00276,POL-100828,2025-08-02 15:21,Port Harcourt,Agent,Third party,830000,Paid,749000,2025-09-03 14:45
CLM-00277,POL-100832,2025-08-03 19:42,Port Harcourt,Agent,Accident damage,520000,Paid,464000,2025-08-25 08:19
CLM-00278,POL-100836,2025-08-03 18:09,Port Harcourt,Branch,Third party,1370000,Paid,1158000,2025-08-26 10:29
CLM-00279,POL-100837,2025-08-04 11:38,Lagos,Branch,Accident damage,1110000,Paid,1026000,2025-08-20 08:52
CLM-00280,POL-100840,2025-08-04 15:55,Abuja,Branch,Windscreen,295000,Paid,286000,2025-08-20 08:12
CLM-00281,POL-100843,2025-08-04 15:49,Ibadan,Branch,Accident damage,705000,Paid,580000,2025-09-09 08:33
CLM-00282,POL-100847,2025-08-04 12:01,Lagos,Web,Accident damage,1465000,Paid,1463000,2025-08-19 09:20
CLM-00283,POL-100850,2025-08-04 18:13,Port Harcourt,Branch,Windscreen,270000,Rejected,,2025-08-22 16:22
CLM-00284,POL-100853,2025-08-04 16:04,Kano,Agent,Accident damage,805000,Paid,755000,2025-09-04 08:46
CLM-00285,POL-100855,2025-08-04 10:03,Ibadan,Branch,Third party,1090000,Withdrawn,,2025-09-10 10:35
CLM-00286,POL-100859,2025-08-04 13:06,Lagos,Agent,Accident damage,1035000,Paid,1027000,2025-09-09 14:52
CLM-00287,POL-100861,2025-08-05 09:41,Abuja,Web,Windscreen,225000,Paid,198000,2025-08-20 08:49
CLM-00288,POL-100866,2025-08-05 11:38,Lagos,Agent,Third party,1615000,Paid,1396000,2025-08-20 09:38
CLM-00289,POL-100867,2025-08-05 12:59,Port Harcourt,Agent,Accident damage,560000,Paid,500000,2025-09-02 16:25
CLM-00290,POL-100872,2025-08-05 08:05,Lagos,Agent,Accident damage,790000,Paid,724000,2025-09-04 08:35
CLM-00291,POL-100874,2025-08-05 15:29,Abuja,Agent,Accident damage,1350000,Paid,1348000,2025-08-26 09:54
CLM-00292,POL-100876,2025-08-05 08:36,Lagos,Agent,Accident damage,415000,Paid,352000,2025-08-26 08:17
CLM-00293,POL-100881,2025-08-05 19:38,Kano,Agent,Accident damage,140000,Withdrawn,,2025-09-10 15:17
CLM-00294,POL-100883,2025-08-05 14:44,Abuja,Web,Windscreen,235000,Paid,231000,2025-08-21 08:20
CLM-00295,POL-100886,2025-08-05 12:40,Ibadan,Agent,Accident damage,420000,Paid,409000,2025-08-20 08:08
CLM-00296,POL-100888,2025-08-05 11:35,Lagos,Phone,Windscreen,225000,Paid,194000,2025-09-02 11:07
CLM-00297,POL-100892,2025-08-06 12:12,Kano,Web,Accident damage,825000,Paid,801000,2025-09-01 08:24
CLM-00298,POL-100894,2025-08-06 10:35,Abuja,Branch,Accident damage,395000,Paid,375000,2025-08-20 08:00
CLM-00299,POL-100899,2025-08-06 08:13,Ibadan,Branch,Windscreen,315000,Paid,313000,2025-08-27 08:55
CLM-00300,POL-100900,2025-08-06 13:01,Port Harcourt,Agent,Windscreen,340000,Paid,295000,2025-08-27 10:26
CLM-00301,POL-100903,2025-08-06 19:12,Lagos,Web,Accident damage,480000,Paid,409000,2025-08-20 10:38
CLM-00302,POL-100908,2025-08-06 16:27,Lagos,Phone,Accident damage,285000,Withdrawn,,2025-09-08 12:00
CLM-00303,POL-100911,2025-08-06 12:00,Port Harcourt,Branch,Theft,8735000,Paid,8243000,2025-09-13 10:07
CLM-00304,POL-100914,2025-08-06 20:50,Ibadan,Phone,Windscreen,190000,Paid,157000,2025-09-03 08:12
CLM-00305,POL-100916,2025-08-07 11:19,Lagos,Agent,Accident damage,295000,Withdrawn,,2025-09-12 09:39
CLM-00306,POL-100919,2025-08-07 10:35,Lagos,Web,Accident damage,220000,Paid,211000,2025-08-27 08:53
CLM-00307,POL-100923,2025-08-07 07:26,Abuja,Agent,Accident damage,1190000,Paid,999000,2025-09-08 08:23
CLM-00308,POL-100926,2025-08-07 10:30,Lagos,Web,Windscreen,205000,Paid,176000,2025-08-27 08:31
CLM-00309,POL-100928,2025-08-07 13:43,Lagos,Branch,Windscreen,265000,Paid,220000,2025-08-21 08:06
CLM-00310,POL-100931,2025-08-07 09:48,Lagos,Branch,Accident damage,840000,Paid,786000,2025-08-26 15:23
CLM-00311,POL-100935,2025-08-07 08:38,Lagos,Web,Windscreen,295000,Paid,275000,2025-08-28 08:36
CLM-00312,POL-100938,2025-08-07 20:40,Lagos,Phone,Windscreen,225000,Paid,188000,2025-08-27 08:16
CLM-00313,POL-100939,2025-08-07 13:33,Kano,Branch,Third party,830000,Paid,771000,2025-09-10 08:54
CLM-00314,POL-100944,2025-08-07 13:55,Kano,Agent,Accident damage,625000,Paid,543000,2025-08-27 08:32
CLM-00315,POL-100945,2025-08-08 16:55,Kano,Agent,Accident damage,1335000,Paid,1128000,2025-09-10 08:20
CLM-00316,POL-100949,2025-08-08 08:54,Abuja,Web,Accident damage,675000,Paid,585000,2025-08-27 08:31
CLM-00317,POL-100952,2025-08-08 11:54,Ibadan,Web,Third party,1725000,Paid,1627000,2025-09-10 08:06
CLM-00318,POL-100954,2025-08-08 07:58,Lagos,Agent,Windscreen,210000,Paid,178000,2025-09-03 10:59
CLM-00319,POL-100958,2025-08-08 16:30,Kano,Phone,Windscreen,375000,Paid,335000,2025-09-09 13:47
CLM-00320,POL-100962,2025-08-08 20:34,Lagos,Agent,Accident damage,470000,Paid,447000,2025-09-10 08:32
CLM-00321,POL-100965,2025-08-08 09:19,Lagos,Phone,Third party,4680000,Rejected,,2025-08-29 16:37
CLM-00322,POL-100966,2025-08-08 12:33,Abuja,Phone,Third party,1540000,Paid,1442000,2025-08-26 13:50
CLM-00323,POL-100969,2025-08-08 07:14,Lagos,Branch,Theft,5810000,Paid,4974000,2025-09-09 09:22
CLM-00324,POL-100974,2025-08-08 13:55,Abuja,Branch,Third party,635000,Paid,600000,2025-08-25 08:45
CLM-00325,POL-100977,2025-08-09 13:47,Abuja,Agent,Accident damage,1645000,Paid,1360000,2025-09-03 08:38
CLM-00326,POL-100978,2025-08-09 09:27,Port Harcourt,Branch,Accident damage,895000,Paid,860000,2025-08-27 08:53
CLM-00327,POL-100982,2025-08-09 09:47,Abuja,Web,Third party,1245000,Paid,1115000,2025-08-27 10:30
CLM-00328,POL-100985,2025-08-09 10:58,Port Harcourt,Branch,Accident damage,905000,Paid,752000,2025-09-04 08:21
CLM-00329,POL-100988,2025-08-09 18:49,Lagos,Branch,Accident damage,380000,Paid,358000,2025-09-10 08:10
CLM-00330,POL-100990,2025-08-09 20:17,Port Harcourt,Branch,Windscreen,255000,Paid,234000,2025-09-03 08:38
CLM-00331,POL-100993,2025-08-09 07:48,Kano,Branch,Third party,1445000,Paid,1308000,2025-08-26 16:26
CLM-00332,POL-100996,2025-08-09 17:59,Ibadan,Agent,Accident damage,620000,Paid,568000,2025-09-04 08:18
CLM-00333,POL-101001,2025-08-09 20:49,Kano,Agent,Theft,7345000,Paid,7038000,2025-09-19 08:55
CLM-00334,POL-101004,2025-08-09 12:03,Ibadan,Web,Theft,6440000,Paid,6414000,2025-09-05 08:51
CLM-00335,POL-101005,2025-08-09 13:29,Lagos,Agent,Windscreen,325000,Paid,269000,2025-09-04 08:47
CLM-00336,POL-101008,2025-08-10 10:49,Lagos,Branch,Theft,4060000,Paid,3860000,2025-09-04 08:39
CLM-00337,POL-101011,2025-08-10 17:57,Lagos,Phone,Windscreen,300000,Rejected,,2025-09-05 16:28
CLM-00338,POL-101015,2025-08-10 20:47,Port Harcourt,Agent,Windscreen,430000,Paid,429000,2025-09-01 14:09
CLM-00339,POL-101018,2025-08-11 16:38,Port Harcourt,Branch,Theft,7200000,Rejected,,2025-08-29 16:47
CLM-00340,POL-101020,2025-08-11 18:00,Lagos,Web,Windscreen,155000,Paid,131000,2025-09-03 12:08
CLM-00341,POL-101023,2025-08-11 12:42,Ibadan,Web,Third party,1635000,Paid,1416000,2025-08-27 08:56
CLM-00342,POL-101027,2025-08-11 07:20,Kano,Agent,Accident damage,415000,Paid,372000,2025-09-03 08:44
CLM-00343,POL-101029,2025-08-11 15:23,Lagos,Agent,Accident damage,495000,Paid,479000,2025-09-04 08:53
CLM-00344,POL-101034,2025-08-11 14:19,Port Harcourt,Agent,Accident damage,295000,Paid,275000,2025-09-09 12:32
CLM-00345,POL-101036,2025-08-11 18:08,Ibadan,Web,Windscreen,150000,Paid,147000,2025-09-02 08:25
CLM-00346,POL-101040,2025-08-11 18:16,Port Harcourt,Web,Accident damage,2375000,Paid,2048000,2025-09-02 12:45
CLM-00347,POL-101041,2025-08-12 13:57,Lagos,Phone,Windscreen,135000,Withdrawn,,2025-09-19 11:51
CLM-00348,POL-101046,2025-08-12 16:48,Abuja,Web,Windscreen,440000,Paid,393000,2025-09-02 09:32
CLM-00349,POL-101048,2025-08-12 09:33,Kano,Branch,Windscreen,275000,Paid,267000,2025-09-09 11:54
CLM-00350,POL-101052,2025-08-12 09:28,Lagos,Agent,Third party,405000,Withdrawn,,2025-09-24 10:11
CLM-00351,POL-101053,2025-08-12 11:24,Lagos,Agent,Theft,8510000,Paid,7564000,2025-09-22 08:20
CLM-00352,POL-101057,2025-08-12 09:49,Abuja,Agent,Windscreen,335000,Paid,304000,2025-08-27 10:59
CLM-00353,POL-101061,2025-08-12 12:42,Lagos,Web,Accident damage,730000,Paid,717000,2025-09-04 10:36
CLM-00354,POL-101062,2025-08-12 08:12,Ibadan,Branch,Windscreen,240000,Paid,226000,2025-09-03 08:30
CLM-00355,POL-101066,2025-08-13 09:55,Abuja,Phone,Windscreen,415000,Paid,399000,2025-09-03 08:13
CLM-00356,POL-101068,2025-08-13 20:50,Kano,Web,Accident damage,400000,Paid,340000,2025-09-04 08:21
CLM-00357,POL-101073,2025-08-13 20:42,Ibadan,Branch,Windscreen,170000,Rejected,,2025-08-22 15:45
CLM-00358,POL-101074,2025-08-13 18:58,Kano,Agent,Accident damage,885000,Withdrawn,,2025-09-17 10:57
CLM-00359,POL-101079,2025-08-13 17:32,Lagos,Web,Theft,7010000,Paid,5925000,2025-09-17 08:53
CLM-00360,POL-101080,2025-08-13 11:45,Abuja,Phone,Accident damage,185000,Paid,180000,2025-09-10 08:51
CLM-00361,POL-101084,2025-08-13 09:14,Ibadan,Phone,Windscreen,180000,Withdrawn,,2025-10-08 09:23
CLM-00362,POL-101086,2025-08-13 07:19,Lagos,Branch,Accident damage,1330000,Paid,1206000,2025-09-03 13:03
CLM-00363,POL-101089,2025-08-13 18:35,Port Harcourt,Agent,Windscreen,390000,Paid,372000,2025-09-17 08:51
CLM-00364,POL-101093,2025-08-13 13:48,Port Harcourt,Phone,Accident damage,580000,Rejected,,2025-08-29 15:23
CLM-00365,POL-101097,2025-08-14 07:13,Abuja,Agent,Third party,1855000,Withdrawn,,2025-09-17 09:38
CLM-00366,POL-101099,2025-08-14 09:20,Lagos,Phone,Third party,1445000,Paid,1223000,2025-09-03 08:37
CLM-00367,POL-101101,2025-08-14 12:30,Port Harcourt,Agent,Windscreen,345000,Paid,329000,2025-09-16 08:37
CLM-00368,POL-101104,2025-08-14 10:20,Port Harcourt,Phone,Windscreen,240000,Paid,218000,2025-09-10 08:35
CLM-00369,POL-101108,2025-08-14 10:09,Port Harcourt,Web,Third party,1410000,Paid,1194000,2025-09-02 08:09
CLM-00370,POL-101112,2025-08-14 09:29,Port Harcourt,Web,Theft,4340000,Paid,3990000,2025-09-03 08:54
CLM-00371,POL-101115,2025-08-14 20:07,Ibadan,Branch,Accident damage,550000,Rejected,,2025-08-29 16:49
CLM-00372,POL-101117,2025-08-15 13:09,Abuja,Phone,Third party,1175000,Paid,1074000,2025-09-03 08:03
CLM-00373,POL-101121,2025-08-15 09:31,Port Harcourt,Agent,Windscreen,255000,Paid,236000,2025-09-10 08:43
CLM-00374,POL-101124,2025-08-15 08:30,Kano,Web,Windscreen,150000,Paid,139000,2025-09-09 10:39
CLM-00375,POL-101125,2025-08-15 13:03,Ibadan,Agent,Accident damage,1130000,Paid,1129000,2025-09-02 08:28
CLM-00376,POL-101129,2025-08-15 14:27,Abuja,Agent,Windscreen,310000,Paid,304000,2025-09-02 10:19
CLM-00377,POL-101132,2025-08-15 18:05,Port Harcourt,Web,Accident damage,1560000,Paid,1343000,2025-09-03 08:40
CLM-00378,POL-101136,2025-08-15 14:16,Lagos,Agent,Accident damage,1375000,Paid,1133000,2025-09-02 10:01
CLM-00379,POL-101139,2025-08-16 18:13,Ibadan,Agent,Accident damage,645000,Withdrawn,,2025-09-22 10:12
CLM-00380,POL-101142,2025-08-16 07:12,Abuja,Branch,Windscreen,425000,Paid,416000,2025-09-02 12:01
CLM-00381,POL-101145,2025-08-16 14:02,Ibadan,Agent,Accident damage,1045000,Paid,1026000,2025-09-10 08:57
CLM-00382,POL-101146,2025-08-16 09:08,Lagos,Agent,Accident damage,1300000,Paid,1157000,2025-09-15 08:45
CLM-00383,POL-101149,2025-08-16 14:07,Lagos,Branch,Third party,715000,Paid,634000,2025-09-10 08:49
CLM-00384,POL-101154,2025-08-16 20:34,Lagos,Branch,Third party,535000,Paid,488000,2025-09-11 08:07
CLM-00385,POL-101157,2025-08-16 10:29,Kano,Agent,Accident damage,490000,Paid,449000,2025-10-02 10:04
CLM-00386,POL-101158,2025-08-16 08:09,Kano,Branch,Accident damage,565000,Paid,490000,2025-09-04 09:20
CLM-00387,POL-101162,2025-08-16 16:21,Lagos,Web,Theft,3750000,Rejected,,2025-10-10 15:12
CLM-00388,POL-101166,2025-08-16 18:28,Port Harcourt,Branch,Accident damage,575000,Paid,496000,2025-09-10 08:20
CLM-00389,POL-101169,2025-08-16 19:10,Port Harcourt,Agent,Windscreen,205000,Paid,196000,2025-09-09 08:35
CLM-00390,POL-101171,2025-08-17 14:36,Abuja,Phone,Accident damage,475000,Rejected,,2025-09-12 16:23
CLM-00391,POL-101174,2025-08-17 16:48,Ibadan,Web,Windscreen,200000,Paid,187000,2025-09-02 13:53
CLM-00392,POL-101176,2025-08-17 18:38,Lagos,Agent,Windscreen,420000,Paid,398000,2025-09-11 08:56
CLM-00393,POL-101179,2025-08-17 13:52,Ibadan,Branch,Accident damage,1065000,Paid,996000,2025-09-03 08:55
CLM-00394,POL-101184,2025-08-17 18:00,Abuja,Agent,Third party,925000,Paid,848000,2025-09-10 08:58
CLM-00395,POL-101187,2025-08-18 10:53,Abuja,Web,Windscreen,365000,Paid,349000,2025-09-09 11:13
CLM-00396,POL-101190,2025-08-18 11:57,Kano,Web,Windscreen,340000,Paid,284000,2025-09-03 08:45
CLM-00397,POL-101191,2025-08-18 13:53,Abuja,Branch,Third party,1735000,Paid,1577000,2025-09-10 08:36
CLM-00398,POL-101196,2025-08-18 20:27,Lagos,Branch,Accident damage,355000,Paid,326000,2025-09-10 08:53
CLM-00399,POL-101197,2025-08-18 20:54,Ibadan,Branch,Third party,970000,Paid,867000,2025-09-16 08:27
CLM-00400,POL-101202,2025-08-18 10:05,Port Harcourt,Agent,Accident damage,310000,Paid,276000,2025-09-11 08:00
CLM-00401,POL-101204,2025-08-18 13:07,Abuja,Phone,Accident damage,585000,Paid,552000,2025-09-03 08:38
CLM-00402,POL-101208,2025-08-18 13:29,Ibadan,Web,Windscreen,235000,Paid,198000,2025-09-03 08:29
CLM-00403,POL-101211,2025-08-18 20:04,Port Harcourt,Web,Accident damage,605000,Paid,576000,2025-09-09 13:37
CLM-00404,POL-101214,2025-08-18 12:30,Lagos,Phone,Windscreen,135000,Paid,135000,2025-09-03 08:05
CLM-00405,POL-101216,2025-08-18 08:39,Ibadan,Agent,Theft,4875000,Paid,4399000,2025-09-17 08:10
CLM-00406,POL-101219,2025-08-19 14:20,Kano,Branch,Theft,4065000,Rejected,,2025-09-19 15:03
CLM-00407,POL-101222,2025-08-19 14:59,Ibadan,Web,Third party,2235000,Withdrawn,,2025-10-08 13:00
CLM-00408,POL-101226,2025-08-19 13:20,Ibadan,Agent,Accident damage,730000,Paid,694000,2025-09-17 16:38
CLM-00409,POL-101228,2025-08-19 13:46,Abuja,Branch,Accident damage,695000,Paid,625000,2025-09-03 08:49
CLM-00410,POL-101230,2025-08-19 16:16,Lagos,Web,Windscreen,135000,Paid,134000,2025-09-04 08:10
CLM-00411,POL-101235,2025-08-19 19:35,Abuja,Agent,Theft,4490000,Paid,4421000,2025-09-11 08:38
CLM-00412,POL-101238,2025-08-19 13:59,Lagos,Web,Accident damage,790000,Paid,721000,2025-09-03 08:43
CLM-00413,POL-101240,2025-08-20 09:46,Abuja,Branch,Windscreen,135000,Paid,131000,2025-09-09 16:25
CLM-00414,POL-101244,2025-08-20 15:10,Kano,Phone,Third party,505000,Paid,501000,2025-09-17 08:46
CLM-00415,POL-101245,2025-08-20 13:53,Lagos,Phone,Third party,1615000,Paid,1518000,2025-09-11 08:58
CLM-00416,POL-101250,2025-08-20 17:32,Port Harcourt,Phone,Windscreen,125000,Paid,106000,2025-09-24 08:06
CLM-00417,POL-101251,2025-08-20 19:04,Port Harcourt,Agent,Accident damage,1370000,Paid,1173000,2025-09-16 16:22
CLM-00418,POL-101254,2025-08-20 09:58,Kano,Agent,Windscreen,225000,Paid,211000,2025-09-24 08:15
CLM-00419,POL-101259,2025-08-20 10:11,Kano,Agent,Accident damage,855000,Paid,778000,2025-09-08 08:28
CLM-00420,POL-101260,2025-08-20 08:26,Abuja,Agent,Accident damage,1115000,Paid,936000,2025-10-01 08:01
CLM-00421,POL-101263,2025-08-20 09:41,Abuja,Agent,Windscreen,335000,Rejected,,2025-09-12 15:42
CLM-00422,POL-101266,2025-08-20 08:07,Abuja,Agent,Accident damage,915000,Withdrawn,,2025-10-16 12:58
CLM-00423,POL-101270,2025-08-20 15:56,Lagos,Phone,Accident damage,460000,Paid,385000,2025-09-25 08:12
CLM-00424,POL-101274,2025-08-21 19:34,Kano,Branch,Accident damage,510000,Paid,492000,2025-09-10 08:10
CLM-00425,POL-101276,2025-08-21 19:25,Abuja,Web,Theft,3280000,Rejected,,2025-09-05 16:57
CLM-00426,POL-101278,2025-08-21 10:07,Lagos,Web,Windscreen,205000,Paid,184000,2025-09-09 08:31
CLM-00427,POL-101281,2025-08-21 14:34,Port Harcourt,Agent,Accident damage,1335000,Withdrawn,,2025-09-24 10:31
CLM-00428,POL-101286,2025-08-21 07:02,Lagos,Branch,Accident damage,570000,Paid,548000,2025-09-09 13:17
CLM-00429,POL-101288,2025-08-21 08:40,Port Harcourt,Branch,Windscreen,180000,Paid,165000,2025-09-16 10:11
CLM-00430,POL-101291,2025-08-21 08:37,Abuja,Agent,Windscreen,425000,Paid,376000,2025-09-24 08:13
CLM-00431,POL-101294,2025-08-21 17:31,Lagos,Branch,Accident damage,500000,Paid,447000,2025-09-10 08:29
CLM-00432,POL-101298,2025-08-21 14:57,Lagos,Phone,Windscreen,155000,Paid,153000,2025-09-08 12:10
CLM-00433,POL-101301,2025-08-22 08:25,Port Harcourt,Phone,Windscreen,365000,Paid,327000,2025-09-11 08:32
CLM-00434,POL-101303,2025-08-22 07:51,Ibadan,Branch,Accident damage,1055000,Paid,1014000,2025-09-08 10:59
CLM-00435,POL-101305,2025-08-22 12:42,Abuja,Agent,Accident damage,275000,Paid,264000,2025-09-17 10:06
CLM-00436,POL-101309,2025-08-22 18:01,Port Harcourt,Agent,Accident damage,2225000,Paid,2123000,2025-09-17 08:44
CLM-00437,POL-101313,2025-08-22 19:08,Kano,Branch,Third party,710000,Paid,680000,2025-09-10 08:07
CLM-00438,POL-101314,2025-08-22 08:28,Lagos,Agent,Windscreen,310000,Paid,273000,2025-09-18 08:52
CLM-00439,POL-101317,2025-08-22 13:44,Ibadan,Branch,Accident damage,510000,Paid,509000,2025-09-10 08:53
CLM-00440,POL-101322,2025-08-22 16:48,Abuja,Branch,Accident damage,1140000,Rejected,,2025-09-12 16:23
CLM-00441,POL-101324,2025-08-23 12:17,Port Harcourt,Branch,Windscreen,250000,Paid,238000,2025-09-10 13:45
CLM-00442,POL-101326,2025-08-23 10:51,Ibadan,Web,Theft,7140000,Paid,5926000,2025-09-20 15:13
CLM-00443,POL-101330,2025-08-23 17:30,Port Harcourt,Agent,Windscreen,275000,Paid,228000,2025-09-24 13:04
CLM-00444,POL-101334,2025-08-23 19:07,Port Harcourt,Web,Theft,5640000,Paid,5318000,2025-09-20 08:15
CLM-00445,POL-101337,2025-08-23 19:47,Lagos,Phone,Windscreen,250000,Paid,228000,2025-09-18 08:08
CLM-00446,POL-101338,2025-08-23 07:34,Lagos,Web,Windscreen,270000,Paid,248000,2025-09-16 08:13
CLM-00447,POL-101341,2025-08-23 09:08,Lagos,Branch,Third party,965000,Withdrawn,,2025-09-25 08:42
CLM-00448,POL-101344,2025-08-23 15:10,Lagos,Agent,Windscreen,435000,Rejected,,2025-09-12 15:09
CLM-00449,POL-101348,2025-08-23 19:30,Kano,Agent,Accident damage,1165000,Paid,1122000,2025-09-24 08:21
CLM-00450,POL-101352,2025-08-23 08:23,Lagos,Branch,Windscreen,315000,Paid,299000,2025-09-10 08:06
CLM-00451,POL-101355,2025-08-24 10:09,Abuja,Phone,Accident damage,300000,Withdrawn,,2025-09-25 13:09
CLM-00452,POL-101358,2025-08-24 18:43,Port Harcourt,Web,Windscreen,400000,Paid,388000,2025-09-17 08:20
CLM-00453,POL-101361,2025-08-24 15:02,Lagos,Phone,Windscreen,425000,Paid,372000,2025-09-16 11:00
CLM-00454,POL-101362,2025-08-24 19:03,Lagos,Agent,Windscreen,140000,Paid,119000,2025-09-24 08:55
CLM-00455,POL-101367,2025-08-24 07:38,Kano,Branch,Accident damage,435000,Paid,390000,2025-09-24 08:41
CLM-00456,POL-101370,2025-08-24 09:52,Lagos,Phone,Windscreen,345000,Paid,306000,2025-09-16 12:14
CLM-00457,POL-101372,2025-08-25 14:20,Port Harcourt,Agent,Third party,835000,Paid,755000,2025-10-08 08:45
CLM-00458,POL-101374,2025-08-25 16:30,Port Harcourt,Branch,Accident damage,395000,Paid,329000,2025-09-17 08:51
CLM-00459,POL-101379,2025-08-25 16:44,Ibadan,Branch,Windscreen,310000,Paid,309000,2025-09-09 08:19
CLM-00460,POL-101381,2025-08-25 17:46,Ibadan,Agent,Theft,4130000,Rejected,,2025-09-12 16:56
CLM-00461,POL-101385,2025-08-25 09:56,Lagos,Branch,Windscreen,235000,Paid,221000,2025-09-15 08:54
CLM-00462,POL-101386,2025-08-25 11:30,Abuja,Branch,Accident damage,760000,Paid,733000,2025-09-23 12:02
CLM-00463,POL-101390,2025-08-25 16:17,Lagos,Agent,Accident damage,405000,Paid,392000,2025-09-17 16:49
CLM-00464,POL-101394,2025-08-25 17:16,Abuja,Phone,Accident damage,1115000,Paid,1091000,2025-09-16 08:35
CLM-00465,POL-101396,2025-08-25 07:47,Lagos,Branch,Windscreen,385000,Paid,338000,2025-09-10 08:16
CLM-00466,POL-101398,2025-08-25 18:12,Abuja,Web,Windscreen,215000,Paid,178000,2025-09-09 16:38
CLM-00467,POL-101403,2025-08-25 17:12,Abuja,Agent,Accident damage,255000,Paid,233000,2025-09-24 08:56
CLM-00468,POL-101406,2025-08-26 16:08,Lagos,Phone,Accident damage,2075000,Paid,1855000,2025-10-01 08:04
CLM-00469,POL-101407,2025-08-26 09:18,Lagos,Web,Accident damage,430000,Paid,385000,2025-09-10 08:17
CLM-00470,POL-101410,2025-08-26 09:20,Abuja,Web,Windscreen,385000,Paid,334000,2025-09-08 16:49
CLM-00471,POL-101415,2025-08-26 08:04,Lagos,Branch,Third party,1830000,Paid,1537000,2025-09-17 08:06
CLM-00472,POL-101416,2025-08-26 09:34,Abuja,Agent,Third party,730000,Paid,704000,2025-09-15 11:25
CLM-00473,POL-101421,2025-08-26 10:25,Lagos,Web,Third party,1435000,Paid,1211000,2025-09-15 15:40
CLM-00474,POL-101422,2025-08-26 15:00,Port Harcourt,Agent,Accident damage,1290000,Paid,1133000,2025-09-17 08:20
CLM-00475,POL-101427,2025-08-27 20:47,Ibadan,Agent,Windscreen,220000,Rejected,,2025-09-12 15:32
CLM-00476,POL-101430,2025-08-27 12:34,Port Harcourt,Branch,Third party,725000,Paid,665000,2025-09-17 08:06
CLM-00477,POL-101432,2025-08-27 12:30,Kano,Agent,Accident damage,1280000,Paid,1190000,2025-10-01 08:57
CLM-00478,POL-101434,2025-08-27 08:57,Abuja,Web,Windscreen,215000,Paid,198000,2025-09-09 08:57
CLM-00479,POL-101437,2025-08-27 20:26,Abuja,Web,Windscreen,135000,Paid,117000,2025-10-30 08:28
CLM-00480,POL-101441,2025-08-27 10:05,Ibadan,Branch,Accident damage,330000,Paid,299000,2025-09-24 08:41
CLM-00481,POL-101445,2025-08-27 20:35,Lagos,Phone,Windscreen,170000,Paid,165000,2025-09-24 08:39
CLM-00482,POL-101448,2025-08-27 14:48,Kano,Web,Windscreen,155000,Rejected,,2025-09-12 15:20
CLM-00483,POL-101449,2025-08-28 15:53,Port Harcourt,Agent,Accident damage,405000,Paid,363000,2025-10-15 08:02
CLM-00484,POL-101453,2025-08-28 18:43,Lagos,Agent,Accident damage,335000,Paid,327000,2025-10-01 08:17
CLM-00485,POL-101455,2025-08-28 19:27,Lagos,Agent,Windscreen,295000,Paid,243000,2025-09-17 13:07
CLM-00486,POL-101460,2025-08-28 10:48,Kano,Web,Windscreen,355000,Paid,330000,2025-09-18 08:58
CLM-00487,POL-101463,2025-08-28 18:07,Kano,Branch,Theft,6955000,Withdrawn,,2025-10-13 08:05
CLM-00488,POL-101464,2025-08-28 07:35,Abuja,Agent,Theft,6890000,Paid,6141000,2025-10-02 08:48
CLM-00489,POL-101469,2025-08-28 11:10,Lagos,Branch,Accident damage,975000,Paid,918000,2025-09-16 10:45
CLM-00490,POL-101470,2025-08-28 17:09,Abuja,Branch,Accident damage,685000,Paid,567000,2025-09-23 14:48
CLM-00491,POL-101473,2025-08-29 08:11,Lagos,Web,Accident damage,870000,Paid,855000,2025-09-17 09:21
CLM-00492,POL-101477,2025-08-29 19:49,Ibadan,Branch,Third party,765000,Paid,683000,2025-09-16 15:38
CLM-00493,POL-101481,2025-08-29 14:02,Port Harcourt,Web,Accident damage,645000,Paid,584000,2025-09-29 08:11
CLM-00494,POL-101483,2025-08-29 10:42,Lagos,Agent,Windscreen,265000,Paid,222000,2025-09-16 15:44
CLM-00495,POL-101485,2025-08-29 20:55,Lagos,Agent,Accident damage,475000,Paid,461000,2025-09-16 11:20
CLM-00496,POL-101488,2025-08-29 20:48,Abuja,Agent,Accident damage,1205000,Paid,1029000,2025-09-25 08:55
CLM-00497,POL-101493,2025-08-29 20:07,Lagos,Agent,Windscreen,205000,Paid,203000,2025-09-24 08:45
CLM-00498,POL-101494,2025-08-30 18:51,Abuja,Agent,Accident damage,1060000,Paid,915000,2025-09-24 08:30
CLM-00499,POL-101498,2025-08-30 19:04,Lagos,Agent,Accident damage,295000,Paid,249000,2025-10-14 12:10
CLM-00500,POL-101500,2025-08-30 11:24,Abuja,Agent,Accident damage,1220000,Paid,1043000,2025-09-17 08:51
CLM-00501,POL-101504,2025-08-30 11:20,Lagos,Agent,Theft,4610000,Withdrawn,,2025-10-04 08:20
CLM-00502,POL-101506,2025-08-30 13:09,Lagos,Agent,Windscreen,130000,Paid,116000,2025-09-25 08:00
CLM-00503,POL-101509,2025-08-30 11:58,Abuja,Branch,Accident damage,380000,Paid,336000,2025-10-07 10:49
CLM-00504,POL-101512,2025-08-30 13:47,Lagos,Agent,Accident damage,715000,Paid,706000,2025-10-02 08:40
CLM-00505,POL-101515,2025-08-31 19:32,Lagos,Web,Windscreen,200000,Withdrawn,,2025-10-11 10:48
CLM-00506,POL-101518,2025-08-31 12:06,Port Harcourt,Branch,Accident damage,255000,Paid,233000,2025-09-23 13:26
CLM-00507,POL-101522,2025-08-31 12:40,Port Harcourt,Agent,Accident damage,1005000,Paid,923000,2025-09-30 10:36
CLM-00508,POL-101525,2025-08-31 08:27,Lagos,Agent,Accident damage,1705000,Paid,1472000,2025-09-23 08:42
CLM-00509,POL-101527,2025-08-31 18:57,Lagos,Web,Windscreen,210000,Paid,191000,2025-09-25 08:36
CLM-00510,POL-101532,2025-08-31 11:40,Lagos,Agent,Accident damage,1410000,Rejected,,2025-09-26 16:38
CLM-00511,POL-101535,2025-09-01 18:09,Lagos,Branch,Accident damage,925000,Paid,759000,2025-10-02 08:24
CLM-00512,POL-101538,2025-09-01 16:01,Lagos,Web,Accident damage,1220000,Paid,1204000,2025-10-08 08:17
CLM-00513,POL-101541,2025-09-01 13:27,Lagos,Agent,Windscreen,380000,Withdrawn,,2025-10-06 13:27
CLM-00514,POL-101542,2025-09-01 20:06,Lagos,Branch,Third party,1235000,Paid,1116000,2025-09-25 08:36
CLM-00515,POL-101546,2025-09-01 15:37,Kano,Phone,Windscreen,300000,Paid,272000,2025-09-24 08:44
CLM-00516,POL-101548,2025-09-01 11:39,Ibadan,Agent,Accident damage,845000,Paid,837000,2025-09-24 08:57
CLM-00517,POL-101552,2025-09-01 10:25,Port Harcourt,Agent,Theft,8115000,Paid,7163000,2025-10-15 08:37
CLM-00518,POL-101554,2025-09-01 17:56,Abuja,Web,Windscreen,370000,Paid,357000,2025-09-17 08:25
CLM-00519,POL-101557,2025-09-01 10:40,Lagos,Branch,Third party,1015000,Paid,838000,2025-09-23 09:55
CLM-00520,POL-101562,2025-09-02 11:39,Lagos,Agent,Accident damage,755000,Withdrawn,,2025-10-29 16:42
CLM-00521,POL-101564,2025-09-02 10:49,Lagos,Branch,Third party,1060000,Withdrawn,,2025-10-23 08:21
CLM-00522,POL-101568,2025-09-02 09:48,Port Harcourt,Agent,Third party,935000,Paid,789000,2025-09-30 12:02
CLM-00523,POL-101569,2025-09-02 07:31,Port Harcourt,Branch,Accident damage,365000,Rejected,,2025-09-19 16:04
CLM-00524,POL-101574,2025-09-02 19:34,Lagos,Branch,Accident damage,520000,Paid,435000,2025-09-24 08:07
CLM-00525,POL-101577,2025-09-02 11:13,Kano,Agent,Accident damage,545000,Paid,452000,2025-09-24 08:37
CLM-00526,POL-101580,2025-09-02 17:38,Port Harcourt,Web,Windscreen,435000,Paid,421000,2025-09-25 08:10
CLM-00527,POL-101582,2025-09-03 09:59,Lagos,Branch,Third party,865000,Paid,819000,2025-09-24 08:04
CLM-00528,POL-101585,2025-09-03 07:42,Ibadan,Branch,Accident damage,270000,Paid,270000,2025-09-22 08:12
CLM-00529,POL-101588,2025-09-03 17:43,Abuja,Web,Third party,775000,Paid,765000,2025-10-08 08:44
CLM-00530,POL-101592,2025-09-03 18:06,Port Harcourt,Branch,Third party,1790000,Paid,1663000,2025-10-01 15:34
CLM-00531,POL-101593,2025-09-03 20:32,Lagos,Phone,Windscreen,345000,Paid,325000,2025-09-25 08:40
CLM-00532,POL-101596,2025-09-03 18:51,Abuja,Agent,Windscreen,280000,Paid,240000,2025-11-05 08:16
CLM-00533,POL-101600,2025-09-03 19:45,Lagos,Phone,Third party,785000,Paid,702000,2025-09-24 08:39
CLM-00534,POL-101603,2025-09-03 13:56,Lagos,Web,Windscreen,340000,Paid,286000,2025-09-24 08:24
CLM-00535,POL-101605,2025-09-04 18:53,Kano,Agent,Windscreen,175000,Paid,155000,2025-10-01 08:17
CLM-00536,POL-101609,2025-09-04 08:10,Abuja,Web,Accident damage,425000,Paid,355000,2025-09-25 08:01
CLM-00537,POL-101611,2025-09-04 20:56,Kano,Branch,Third party,970000,Withdrawn,,2025-10-08 11:17
CLM-00538,POL-101616,2025-09-04 17:48,Ibadan,Agent,Windscreen,165000,Paid,136000,2025-10-15 13:48
CLM-00539,POL-101617,2025-09-04 08:13,Port Harcourt,Branch,Third party,1425000,Paid,1269000,2025-09-24 08:16
CLM-00540,POL-101621,2025-09-04 16:31,Abuja,Branch,Windscreen,175000,Paid,151000,2025-09-24 08:33
CLM-00541,POL-101624,2025-09-04 13:35,Port Harcourt,Agent,Third party,470000,Paid,408000,2025-10-15 08:42
CLM-00542,POL-101626,2025-09-04 08:19,Ibadan,Phone,Theft,4630000,Paid,4497000,2025-09-30 08:08
CLM-00543,POL-101630,2025-09-04 10:16,Lagos,Web,Accident damage,2340000,Paid,1962000,2025-09-24 08:36
CLM-00544,POL-101633,2025-09-05 19:07,Lagos,Branch,Accident damage,1240000,Paid,1022000,2025-09-24 08:08
CLM-00545,POL-101636,2025-09-05 17:16,Lagos,Web,Accident damage,345000,Paid,345000,2025-09-22 08:20
CLM-00546,POL-101638,2025-09-05 14:28,Kano,Agent,Third party,1435000,Withdrawn,,2025-10-20 12:35
CLM-00547,POL-101642,2025-09-05 19:15,Lagos,Agent,Theft,4070000,Withdrawn,,2025-10-10 11:24
CLM-00548,POL-101646,2025-09-05 15:34,Port Harcourt,Branch,Windscreen,290000,Paid,286000,2025-10-27 16:23
CLM-00549,POL-101648,2025-09-05 11:26,Abuja,Agent,Accident damage,1350000,Paid,1262000,2025-09-30 11:30
CLM-00550,POL-101652,2025-09-05 15:06,Lagos,Branch,Windscreen,170000,Paid,148000,2025-09-24 08:02
CLM-00551,POL-101655,2025-09-05 14:25,Kano,Branch,Accident damage,510000,Withdrawn,,2025-10-25 10:36
CLM-00552,POL-101658,2025-09-06 20:16,Ibadan,Agent,Third party,680000,Paid,664000,2025-10-01 09:59
CLM-00553,POL-101659,2025-09-06 08:18,Lagos,Web,Windscreen,190000,Paid,174000,2025-11-25 11:34
CLM-00554,POL-101663,2025-09-06 12:45,Port Harcourt,Agent,Third party,1255000,Paid,1102000,2025-10-08 08:18
CLM-00555,POL-101665,2025-09-06 13:28,Lagos,Phone,Accident damage,735000,Withdrawn,,2025-10-16 09:17
CLM-00556,POL-101669,2025-09-06 07:51,Kano,Agent,Theft,5265000,Rejected,,2025-09-26 16:52
CLM-00557,POL-101671,2025-09-06 10:39,Abuja,Phone,Accident damage,265000,Paid,259000,2025-09-23 15:50
CLM-00558,POL-101676,2025-09-06 19:55,Lagos,Web,Windscreen,305000,Paid,255000,2025-10-02 08:55
CLM-00559,POL-101677,2025-09-06 13:01,Kano,Web,Windscreen,175000,Paid,149000,2025-09-24 15:02
CLM-00560,POL-101680,2025-09-06 18:51,Port Harcourt,Agent,Windscreen,295000,Paid,268000,2025-10-20 12:30
CLM-00561,POL-101684,2025-09-06 16:09,Lagos,Web,Accident damage,790000,Paid,739000,2025-09-24 09:31
CLM-00562,POL-101687,2025-09-06 07:05,Lagos,Agent,Windscreen,315000,Paid,281000,2025-09-30 08:03
CLM-00563,POL-101689,2025-09-07 13:41,Lagos,Branch,Windscreen,295000,Paid,288000,2025-10-01 08:07
CLM-00564,POL-101694,2025-09-07 09:56,Kano,Agent,Windscreen,145000,Paid,139000,2025-09-23 11:31
CLM-00565,POL-101695,2025-09-08 17:48,Kano,Agent,Windscreen,275000,Paid,253000,2025-09-30 16:45
CLM-00566,POL-101698,2025-09-08 15:20,Abuja,Branch,Third party,1065000,Paid,943000,2025-10-01 08:07
CLM-00567,POL-101703,2025-09-08 07:23,Abuja,Phone,Windscreen,150000,Paid,129000,2025-09-24 08:04
CLM-00568,POL-101706,2025-09-08 12:30,Port Harcourt,Web,Third party,4405000,Paid,3813000,2025-09-30 09:11
CLM-00569,POL-101707,2025-09-08 13:03,Lagos,Web,Accident damage,765000,Paid,702000,2025-09-24 08:15
CLM-00570,POL-101711,2025-09-08 18:06,Lagos,Agent,Windscreen,155000,Paid,128000,2025-10-08 08:36
CLM-00571,POL-101714,2025-09-08 10:26,Lagos,Agent,Windscreen,125000,Paid,114000,2025-09-29 08:10
CLM-00572,POL-101716,2025-09-09 15:45,Lagos,Agent,Accident damage,1010000,Withdrawn,,2025-10-27 11:03
CLM-00573,POL-101719,2025-09-09 15:22,Kano,Branch,Accident damage,880000,Paid,784000,2025-09-24 08:52
CLM-00574,POL-101723,2025-09-09 14:01,Abuja,Branch,Theft,6980000,Paid,6906000,2025-10-13 08:31
CLM-00575,POL-101727,2025-09-09 18:29,Ibadan,Agent,Theft,4560000,Paid,4215000,2025-09-29 14:08
CLM-00576,POL-101729,2025-09-09 12:25,Ibadan,Web,Accident damage,1400000,Paid,1283000,2025-10-01 08:24
CLM-00577,POL-101733,2025-09-09 13:54,Lagos,Branch,Accident damage,270000,Paid,233000,2025-09-30 14:08
CLM-00578,POL-101734,2025-09-09 13:23,Abuja,Agent,Accident damage,515000,Paid,498000,2025-10-14 12:22
CLM-00579,POL-101739,2025-09-09 20:05,Lagos,Web,Accident damage,625000,Paid,604000,2025-09-22 08:43
CLM-00580,POL-101740,2025-09-10 11:52,Lagos,Phone,Windscreen,320000,Paid,283000,2025-10-01 08:41
CLM-00581,POL-101744,2025-09-10 08:57,Abuja,Phone,Accident damage,665000,Paid,547000,2025-10-14 08:09
CLM-00582,POL-101747,2025-09-10 19:20,Lagos,Branch,Accident damage,485000,Paid,400000,2025-10-01 16:34
CLM-00583,POL-101750,2025-09-10 08:49,Kano,Agent,Third party,2615000,Paid,2489000,2025-10-08 14:58
CLM-00584,POL-101753,2025-09-10 11:20,Port Harcourt,Agent,Third party,600000,Paid,581000,2025-10-15 09:27
CLM-00585,POL-101755,2025-09-10 12:24,Kano,Agent,Accident damage,1720000,Paid,1717000,2025-10-02 08:34
CLM-00586,POL-101760,2025-09-10 12:27,Kano,Agent,Accident damage,640000,Paid,574000,2025-10-07 10:07
CLM-00587,POL-101762,2025-09-11 12:56,Lagos,Agent,Accident damage,715000,Paid,679000,2025-10-01 16:23
CLM-00588,POL-101766,2025-09-11 19:26,Lagos,Agent,Third party,1405000,Paid,1369000,2025-10-15 08:57
CLM-00589,POL-101769,2025-09-11 10:48,Ibadan,Agent,Theft,4810000,Paid,4099000,2025-10-15 08:51
CLM-00590,POL-101771,2025-09-11 13:12,Lagos,Agent,Accident damage,345000,Paid,296000,2025-10-02 08:08
CLM-00591,POL-101775,2025-09-11 15:06,Abuja,Agent,Windscreen,385000,Paid,332000,2025-10-01 09:59
CLM-00592,POL-101777,2025-09-11 08:36,Lagos,Agent,Third party,965000,Rejected,,2025-09-26 15:57
CLM-00593,POL-101779,2025-09-11 13:27,Lagos,Agent,Accident damage,990000,Paid,883000,2025-09-30 12:19
CLM-00594,POL-101784,2025-09-11 15:22,Ibadan,Agent,Windscreen,215000,Paid,211000,2025-10-01 08:02
CLM-00595,POL-101787,2025-09-11 07:10,Port Harcourt,Agent,Accident damage,285000,Paid,250000,2025-10-29 08:41
CLM-00596,POL-101788,2025-09-12 20:59,Port Harcourt,Agent,Windscreen,260000,Withdrawn,,2025-10-16 13:54
CLM-00597,POL-101792,2025-09-12 14:37,Abuja,Web,Accident damage,580000,Paid,540000,2025-10-01 08:34
CLM-00598,POL-101796,2025-09-12 18:18,Kano,Phone,Windscreen,360000,Paid,346000,2025-11-04 08:01
CLM-00599,POL-101799,2025-09-12 16:30,Lagos,Branch,Third party,1340000,Paid,1207000,2025-10-07 10:17
CLM-00600,POL-101801,2025-09-12 18:20,Abuja,Branch,Accident damage,1535000,Paid,1420000,2025-10-08 08:37
CLM-00601,POL-101803,2025-09-12 19:51,Abuja,Web,Third party,895000,Paid,757000,2025-10-16 10:36
CLM-00602,POL-101806,2025-09-12 11:15,Lagos,Phone,Third party,2435000,Paid,2046000,2025-09-30 16:57
CLM-00603,POL-101810,2025-09-12 14:03,Kano,Agent,Theft,8360000,Paid,7304000,2025-10-20 08:16
CLM-00604,POL-101813,2025-09-13 07:56,Abuja,Phone,Accident damage,250000,Paid,221000,2025-10-08 08:48
CLM-00605,POL-101815,2025-09-13 17:48,Abuja,Phone,Accident damage,585000,Paid,508000,2025-10-01 08:04
CLM-00606,POL-101819,2025-09-13 20:47,Lagos,Agent,Third party,905000,Paid,788000,2025-10-08 08:54
CLM-00607,POL-101821,2025-09-13 16:25,Abuja,Agent,Third party,1500000,Paid,1309000,2025-10-08 08:19
CLM-00608,POL-101824,2025-09-13 10:34,Abuja,Agent,Windscreen,250000,Withdrawn,,2025-10-27 10:48
CLM-00609,POL-101827,2025-09-13 17:02,Kano,Agent,Accident damage,685000,Paid,590000,2025-10-08 09:42
CLM-00610,POL-101832,2025-09-13 07:16,Ibadan,Phone,Accident damage,870000,Paid,807000,2025-10-16 08:03
CLM-00611,POL-101835,2025-09-13 07:41,Lagos,Phone,Third party,1215000,Paid,1164000,2025-09-30 16:49
CLM-00612,POL-101838,2025-09-13 18:41,Ibadan,Agent,Accident damage,2290000,Paid,2035000,2025-10-14 13:51
CLM-00613,POL-101840,2025-09-14 15:42,Lagos,Phone,Third party,810000,Paid,743000,2025-10-15 08:51
CLM-00614,POL-101844,2025-09-14 13:18,Kano,Web,Accident damage,545000,Paid,539000,2025-10-01 08:48
CLM-00615,POL-101846,2025-09-14 09:37,Kano,Web,Windscreen,445000,Paid,431000,2025-10-08 08:27
CLM-00616,POL-101849,2025-09-15 07:18,Abuja,Agent,Accident damage,1055000,Paid,945000,2025-10-09 08:27
CLM-00617,POL-101852,2025-09-15 17:26,Port Harcourt,Agent,Theft,4210000,Paid,4114000,2025-10-22 08:47
CLM-00618,POL-101856,2025-09-15 15:14,Abuja,Agent,Theft,8700000,Rejected,,2025-10-17 16:57
CLM-00619,POL-101858,2025-09-15 20:29,Abuja,Web,Accident damage,330000,Paid,273000,2025-10-01 10:52
CLM-00620,POL-101862,2025-09-15 09:49,Lagos,Phone,Windscreen,425000,Paid,377000,2025-10-08 08:20
CLM-00621,POL-101863,2025-09-15 16:30,Lagos,Phone,Accident damage,330000,Paid,276000,2025-10-07 08:02
CLM-00622,POL-101867,2025-09-15 07:49,Abuja,Agent,Accident damage,795000,Paid,758000,2025-10-08 08:37
CLM-00623,POL-101869,2025-09-15 16:37,Lagos,Web,Accident damage,1205000,Withdrawn,,2025-10-17 09:27
CLM-00624,POL-101872,2025-09-15 14:45,Lagos,Branch,Accident damage,320000,Paid,288000,2025-10-09 08:04
CLM-00625,POL-101876,2025-09-16 16:21,Lagos,Agent,Windscreen,405000,Paid,365000,2025-10-08 08:36
CLM-00626,POL-101878,2025-09-16 20:59,Lagos,Agent,Third party,2330000,Paid,1930000,2025-10-14 08:42
CLM-00627,POL-101883,2025-09-16 07:27,Ibadan,Branch,Third party,630000,Paid,528000,2025-10-08 14:01
CLM-00628,POL-101886,2025-09-16 11:07,Abuja,Branch,Accident damage,645000,Paid,546000,2025-10-01 08:05
CLM-00629,POL-101888,2025-09-16 08:36,Ibadan,Branch,Theft,3935000,Paid,3642000,2025-09-30 10:28
CLM-00630,POL-101892,2025-09-16 13:43,Kano,Phone,Third party,1005000,Paid,864000,2025-10-08 08:41
CLM-00631,POL-101893,2025-09-16 18:33,Port Harcourt,Web,Windscreen,420000,Paid,346000,2025-10-07 08:30
CLM-00632,POL-101897,2025-09-17 19:06,Ibadan,Phone,Accident damage,1645000,Rejected,,2025-10-03 15:08
CLM-00633,POL-101900,2025-09-17 20:19,Port Harcourt,Phone,Accident damage,1065000,Withdrawn,,2025-10-29 10:22
CLM-00634,POL-101903,2025-09-17 11:26,Ibadan,Phone,Theft,5635000,Paid,5621000,2025-10-25 08:39
CLM-00635,POL-101906,2025-09-17 10:37,Abuja,Branch,Windscreen,165000,Paid,158000,2025-10-01 08:31
CLM-00636,POL-101909,2025-09-17 17:53,Ibadan,Branch,Windscreen,170000,Paid,156000,2025-10-06 13:31
CLM-00637,POL-101911,2025-09-17 20:26,Abuja,Branch,Accident damage,385000,Rejected,,2025-10-03 16:56
CLM-00638,POL-101915,2025-09-17 12:30,Lagos,Web,Third party,1765000,Paid,1564000,2025-10-01 08:20
CLM-00639,POL-101919,2025-09-17 15:19,Abuja,Agent,Windscreen,170000,Paid,143000,2025-10-08 08:30
CLM-00640,POL-101921,2025-09-18 19:35,Port Harcourt,Agent,Windscreen,140000,Paid,119000,2025-10-22 08:20
CLM-00641,POL-101923,2025-09-18 09:04,Lagos,Agent,Third party,425000,Paid,405000,2025-10-21 08:24
CLM-00642,POL-101928,2025-09-18 13:42,Lagos,Web,Accident damage,1550000,Paid,1453000,2025-10-14 11:51
CLM-00643,POL-101929,2025-09-18 13:44,Port Harcourt,Agent,Third party,1430000,Paid,1348000,2025-10-14 08:23
CLM-00644,POL-101932,2025-09-18 20:26,Lagos,Agent,Accident damage,2130000,Paid,2094000,2025-10-15 08:31
CLM-00645,POL-101935,2025-09-18 11:24,Port Harcourt,Branch,Accident damage,405000,Paid,378000,2025-10-28 15:51
CLM-00646,POL-101940,2025-09-18 20:29,Abuja,Branch,Accident damage,855000,Paid,734000,2025-10-07 13:06
CLM-00647,POL-101943,2025-09-18 12:11,Lagos,Branch,Windscreen,275000,Paid,232000,2025-09-30 16:21
CLM-00648,POL-101945,2025-09-18 09:27,Abuja,Branch,Windscreen,295000,Paid,278000,2025-10-08 08:10
CLM-00649,POL-101948,2025-09-19 08:03,Lagos,Branch,Accident damage,1230000,Paid,1188000,2025-10-08 08:31
CLM-00650,POL-101952,2025-09-19 17:53,Lagos,Web,Accident damage,260000,Rejected,,2025-10-17 15:56
CLM-00651,POL-101955,2025-09-19 15:23,Kano,Agent,Windscreen,295000,Paid,286000,2025-10-08 08:34
CLM-00652,POL-101957,2025-09-19 12:49,Lagos,Branch,Windscreen,155000,Paid,140000,2025-10-15 08:03
CLM-00653,POL-101959,2025-09-19 14:04,Lagos,Branch,Accident damage,745000,Paid,726000,2025-10-08 10:54
CLM-00654,POL-101963,2025-09-19 16:50,Abuja,Agent,Accident damage,1190000,Paid,982000,2025-10-16 08:00
CLM-00655,POL-101966,2025-09-19 07:03,Kano,Agent,Windscreen,430000,Withdrawn,,2025-10-24 11:32
CLM-00656,POL-101970,2025-09-19 16:53,Abuja,Branch,Accident damage,915000,Paid,905000,2025-10-08 08:34
CLM-00657,POL-101973,2025-09-19 10:00,Abuja,Web,Accident damage,705000,Withdrawn,,2025-10-22 11:23
CLM-00658,POL-101974,2025-09-20 13:05,Lagos,Branch,Accident damage,1150000,Paid,1145000,2025-10-06 08:52
CLM-00659,POL-101979,2025-09-20 09:20,Port Harcourt,Phone,Accident damage,525000,Withdrawn,,2025-10-24 12:40
CLM-00660,POL-101981,2025-09-20 08:41,Port Harcourt,Agent,Windscreen,330000,Paid,284000,2025-10-29 09:24
CLM-00661,POL-101983,2025-09-20 13:49,Abuja,Phone,Accident damage,535000,Paid,447000,2025-10-14 12:07
CLM-00662,POL-101986,2025-09-20 13:32,Lagos,Phone,Windscreen,275000,Paid,232000,2025-10-15 08:02
CLM-00663,POL-101991,2025-09-20 15:41,Kano,Phone,Windscreen,145000,Paid,122000,2025-11-05 08:22
CLM-00664,POL-101994,2025-09-20 16:10,Lagos,Agent,Theft,5635000,Paid,5449000,2025-10-29 08:01
CLM-00665,POL-101996,2025-09-20 19:06,Lagos,Agent,Third party,435000,Paid,376000,2025-10-14 12:54
CLM-00666,POL-102000,2025-09-21 15:55,Port Harcourt,Phone,Accident damage,375000,Withdrawn,,2025-10-24 12:33
CLM-00667,POL-102003,2025-09-21 14:12,Lagos,Web,Accident damage,3165000,Paid,2621000,2025-10-16 08:50
CLM-00668,POL-102004,2025-09-21 07:10,Ibadan,Phone,Theft,4600000,Paid,4553000,2025-10-15 11:18
CLM-00669,POL-102008,2025-09-22 19:40,Port Harcourt,Branch,Accident damage,620000,Withdrawn,,2025-10-30 11:07
CLM-00670,POL-102010,2025-09-22 14:16,Kano,Branch,Theft,7375000,Paid,6256000,2025-10-18 08:46
CLM-00671,POL-102014,2025-09-22 11:51,Ibadan,Agent,Windscreen,250000,Paid,210000,2025-10-22 08:46
CLM-00672,POL-102016,2025-09-22 12:28,Lagos,Agent,Windscreen,200000,Paid,194000,2025-10-13 08:44
CLM-00673,POL-102021,2025-09-22 20:35,Lagos,Agent,Accident damage,1000000,Paid,880000,2025-10-16 10:53
CLM-00674,POL-102022,2025-09-22 07:07,Kano,Web,Theft,8250000,Paid,7992000,2025-10-18 08:48
CLM-00675,POL-102026,2025-09-22 14:27,Lagos,Branch,Accident damage,715000,Paid,590000,2025-10-16 08:32
CLM-00676,POL-102030,2025-09-23 15:54,Lagos,Phone,Accident damage,860000,Paid,859000,2025-10-22 08:56
CLM-00677,POL-102033,2025-09-23 15:15,Abuja,Phone,Third party,1365000,Paid,1121000,2025-10-28 08:58
CLM-00678,POL-102035,2025-09-23 16:27,Abuja,Agent,Theft,3190000,Withdrawn,,2025-10-27 11:55
CLM-00679,POL-102039,2025-09-23 20:22,Lagos,Agent,Accident damage,325000,Paid,311000,2025-10-29 08:55
CLM-00680,POL-102042,2025-09-23 16:48,Lagos,Web,Windscreen,440000,Paid,411000,2025-10-08 08:20
CLM-00681,POL-102045,2025-09-23 20:51,Abuja,Phone,Theft,10990000,Paid,10431000,2025-11-10 15:48
CLM-00682,POL-102047,2025-09-23 12:24,Port Harcourt,Web,Third party,955000,Paid,854000,2025-10-16 08:46
CLM-00683,POL-102049,2025-09-23 15:02,Port Harcourt,Branch,Windscreen,410000,Paid,405000,2025-10-14 08:36
CLM-00684,POL-102053,2025-09-24 11:23,Lagos,Agent,Accident damage,720000,Paid,720000,2025-10-30 08:40
CLM-00685,POL-102057,2025-09-24 09:25,Ibadan,Web,Accident damage,1265000,Paid,1070000,2025-10-16 08:09
CLM-00686,POL-102059,2025-09-24 14:55,Abuja,Agent,Windscreen,420000,Paid,406000,2025-10-22 08:31
CLM-00687,POL-102062,2025-09-24 11:19,Abuja,Agent,Windscreen,260000,Paid,246000,2025-10-15 14:38
CLM-00688,POL-102064,2025-09-24 20:41,Lagos,Agent,Accident damage,820000,Rejected,,2025-10-17 15:07
CLM-00689,POL-102069,2025-09-24 15:59,Ibadan,Branch,Theft,8610000,Paid,7774000,2025-11-01 08:07
CLM-00690,POL-102072,2025-09-24 17:03,Lagos,Agent,Third party,1225000,Paid,1109000,2025-10-21 14:48
CLM-00691,POL-102074,2025-09-24 08:57,Abuja,Web,Accident damage,900000,Paid,869000,2025-10-14 10:05
CLM-00692,POL-102077,2025-09-24 19:40,Ibadan,Web,Windscreen,350000,Paid,305000,2025-10-15 09:24
CLM-00693,POL-102080,2025-09-24 10:08,Abuja,Branch,Windscreen,135000,Paid,112000,2025-10-16 08:05
CLM-00694,POL-102084,2025-09-25 15:33,Abuja,Agent,Windscreen,400000,Paid,344000,2025-10-15 09:26
CLM-00695,POL-102086,2025-09-25 07:07,Abuja,Agent,Windscreen,185000,Paid,161000,2025-10-30 08:34
CLM-00696,POL-102089,2025-09-25 18:56,Ibadan,Web,Accident damage,595000,Paid,566000,2025-10-15 08:56
CLM-00697,POL-102091,2025-09-25 15:29,Port Harcourt,Web,Third party,1230000,Paid,1105000,2025-10-22 08:26
CLM-00698,POL-102095,2025-09-25 16:33,Port Harcourt,Agent,Accident damage,1060000,Rejected,,2025-10-17 16:02
CLM-00699,POL-102097,2025-09-25 19:30,Lagos,Web,Windscreen,165000,Paid,163000,2025-10-15 14:42
CLM-00700,POL-102102,2025-09-25 17:29,Lagos,Agent,Accident damage,565000,Rejected,,2025-10-17 16:39
CLM-00701,POL-102104,2025-09-26 08:00,Lagos,Branch,Windscreen,215000,Paid,196000,2025-10-15 14:57
CLM-00702,POL-102106,2025-09-26 17:28,Abuja,Agent,Accident damage,260000,Paid,230000,2025-10-23 08:42
CLM-00703,POL-102111,2025-09-26 16:23,Lagos,Phone,Accident damage,730000,Paid,610000,2025-10-15 13:56
CLM-00704,POL-102112,2025-09-26 07:35,Ibadan,Agent,Windscreen,285000,Withdrawn,,2025-11-05 13:28
CLM-00705,POL-102117,2025-09-26 17:21,Abuja,Agent,Theft,5730000,Paid,5620000,2025-11-10 12:04
CLM-00706,POL-102119,2025-09-26 07:24,Kano,Agent,Accident damage,260000,Paid,227000,2025-10-22 08:39
CLM-00707,POL-102121,2025-09-26 14:30,Lagos,Agent,Third party,1990000,Paid,1813000,2025-10-30 08:23
CLM-00708,POL-102126,2025-09-26 16:50,Kano,Branch,Windscreen,400000,Paid,376000,2025-10-22 08:03
CLM-00709,POL-102129,2025-09-26 10:04,Kano,Branch,Accident damage,1170000,Paid,988000,2025-10-15 08:52
CLM-00710,POL-102130,2025-09-27 17:01,Port Harcourt,Agent,Accident damage,1710000,Paid,1607000,2025-10-22 08:20
CLM-00711,POL-102135,2025-09-27 11:02,Lagos,Web,Windscreen,275000,Paid,242000,2025-10-13 13:42
CLM-00712,POL-102136,2025-09-27 18:03,Kano,Branch,Accident damage,645000,Paid,578000,2025-10-21 13:11
CLM-00713,POL-102140,2025-09-27 09:46,Port Harcourt,Web,Theft,4820000,Withdrawn,,2025-10-29 14:52
CLM-00714,POL-102143,2025-09-27 09:32,Lagos,Agent,Accident damage,225000,Paid,224000,2025-10-15 08:19
CLM-00715,POL-102147,2025-09-27 10:57,Abuja,Branch,Windscreen,335000,Paid,326000,2025-10-15 08:21
CLM-00716,POL-102150,2025-09-27 16:54,Abuja,Branch,Third party,590000,Rejected,,2025-10-10 16:53
CLM-00717,POL-102153,2025-09-27 14:08,Abuja,Phone,Accident damage,1065000,Rejected,,2025-10-17 15:55
CLM-00718,POL-102155,2025-09-27 15:42,Ibadan,Branch,Accident damage,300000,Paid,248000,2025-10-22 11:29
CLM-00719,POL-102159,2025-09-28 15:16,Abuja,Agent,Third party,2450000,Paid,2077000,2025-10-22 08:27
CLM-00720,POL-102161,2025-09-28 15:24,Lagos,Agent,Windscreen,330000,Paid,321000,2025-10-21 16:45
CLM-00721,POL-102164,2025-09-28 20:21,Lagos,Web,Accident damage,1060000,Paid,1025000,2025-10-15 08:19
CLM-00722,POL-102166,2025-09-28 10:42,Ibadan,Phone,Theft,3660000,Rejected,,2025-10-24 15:08
CLM-00723,POL-102170,2025-09-29 10:10,Ibadan,Branch,Accident damage,365000,Paid,333000,2025-10-15 08:16
CLM-00724,POL-102172,2025-09-29 20:33,Lagos,Branch,Theft,6250000,Paid,5886000,2025-10-23 12:34
CLM-00725,POL-102175,2025-09-29 09:55,Lagos,Web,Third party,350000,Paid,314000,2025-10-15 08:00
CLM-00726,POL-102178,2025-09-29 20:10,Lagos,Phone,Windscreen,150000,Paid,134000,2025-10-22 08:34
CLM-00727,POL-102181,2025-09-29 18:08,Lagos,Branch,Accident damage,295000,Paid,248000,2025-10-29 08:48
CLM-00728,POL-102185,2025-09-29 13:48,Port Harcourt,Agent,Third party,1180000,Paid,1117000,2025-10-28 13:45
CLM-00729,POL-102187,2025-09-29 18:07,Kano,Phone,Theft,6585000,Withdrawn,,2025-11-06 15:41
CLM-00730,POL-102192,2025-09-29 07:08,Lagos,Branch,Accident damage,400000,Paid,389000,2025-10-21 10:25
CLM-00731,POL-102193,2025-09-30 20:26,Abuja,Agent,Windscreen,135000,Rejected,,2025-10-31 15:31
CLM-00732,POL-102198,2025-09-30 14:51,Lagos,Agent,Windscreen,215000,Paid,201000,2025-10-21 08:43
CLM-00733,POL-102201,2025-09-30 07:28,Ibadan,Web,Theft,5855000,Rejected,,2025-10-17 15:51
CLM-00734,POL-102204,2025-09-30 17:26,Lagos,Agent,Windscreen,230000,Paid,192000,2025-10-29 08:21
CLM-00735,POL-102207,2025-09-30 16:42,Port Harcourt,Agent,Windscreen,285000,Paid,273000,2025-10-21 14:30
CLM-00736,POL-102209,2025-09-30 15:36,Port Harcourt,Branch,Accident damage,875000,Paid,809000,2025-10-29 08:30
CLM-00737,POL-102211,2025-09-30 20:39,Kano,Web,Third party,1305000,Paid,1176000,2025-10-14 08:26
CLM-00738,POL-102216,2025-10-01 13:00,Ibadan,Branch,Theft,6330000,Paid,5191000,2025-10-28 13:53
CLM-00739,POL-102219,2025-10-01 15:56,Kano,Phone,Accident damage,790000,Paid,778000,2025-10-29 08:56
CLM-00740,POL-102221,2025-10-01 11:13,Abuja,Agent,Accident damage,425000,Paid,368000,2025-11-05 08:34
CLM-00741,POL-102225,2025-10-01 08:21,Lagos,Branch,Accident damage,470000,Paid,450000,2025-10-23 08:59
CLM-00742,POL-102226,2025-10-01 12:20,Kano,Branch,Accident damage,665000,Paid,565000,2025-10-23 08:40
CLM-00743,POL-102229,2025-10-01 17:43,Kano,Branch,Accident damage,1155000,Paid,1049000,2025-10-21 13:07
CLM-00744,POL-102232,2025-10-01 15:41,Abuja,Phone,Accident damage,725000,Paid,617000,2025-10-29 16:54
CLM-00745,POL-102235,2025-10-01 09:23,Ibadan,Agent,Third party,790000,Paid,788000,2025-11-05 08:44
CLM-00746,POL-102240,2025-10-01 12:34,Port Harcourt,Web,Theft,6870000,Paid,5946000,2025-10-31 08:06
CLM-00747,POL-102241,2025-10-01 18:57,Abuja,Agent,Windscreen,300000,Paid,279000,2025-10-22 08:57
CLM-00748,POL-102245,2025-10-01 10:53,Kano,Agent,Windscreen,250000,Withdrawn,,2025-11-15 12:48
CLM-00749,POL-102249,2025-10-02 16:57,Ibadan,Branch,Theft,4900000,Paid,4850000,2025-10-21 16:17
CLM-00750,POL-102250,2025-10-02 11:28,Abuja,Branch,Windscreen,235000,Paid,206000,2025-10-22 08:18
CLM-00751,POL-102253,2025-10-02 09:05,Ibadan,Branch,Accident damage,730000,Paid,656000,2025-10-22 08:15
CLM-00752,POL-102257,2025-10-02 12:46,Port Harcourt,Phone,Accident damage,1090000,Paid,923000,2025-11-05 14:18
CLM-00753,POL-102261,2025-10-02 18:36,Abuja,Agent,Theft,5535000,Withdrawn,,2025-11-13 12:33
CLM-00754,POL-102264,2025-10-02 11:30,Lagos,Phone,Third party,695000,Paid,674000,2025-10-23 08:41
CLM-00755,POL-102267,2025-10-02 14:56,Lagos,Agent,Accident damage,235000,Withdrawn,,2025-11-22 10:18
CLM-00756,POL-102268,2025-10-02 14:06,Abuja,Branch,Accident damage,715000,Paid,591000,2025-10-21 10:43
CLM-00757,POL-102272,2025-10-02 09:07,Abuja,Agent,Windscreen,335000,Paid,284000,2025-10-29 08:57
CLM-00758,POL-102276,2025-10-02 13:04,Kano,Phone,Accident damage,1035000,Paid,905000,2025-10-29 10:24
CLM-00759,POL-102279,2025-10-03 18:24,Lagos,Branch,Windscreen,170000,Paid,146000,2025-11-06 10:17
CLM-00760,POL-102281,2025-10-03 18:03,Ibadan,Phone,Third party,715000,Paid,706000,2025-10-29 10:59
CLM-00761,POL-102285,2025-10-03 12:14,Port Harcourt,Web,Accident damage,1350000,Paid,1268000,2025-10-23 08:23
CLM-00762,POL-102286,2025-10-03 07:05,Kano,Branch,Third party,1570000,Paid,1358000,2025-10-22 08:46
CLM-00763,POL-102291,2025-10-03 19:38,Kano,Branch,Windscreen,370000,Paid,334000,2025-10-22 08:26
CLM-00764,POL-102294,2025-10-03 12:56,Port Harcourt,Branch,Third party,1125000,Paid,1090000,2025-10-21 15:47
CLM-00765,POL-102297,2025-10-03 15:08,Kano,Agent,Accident damage,255000,Paid,235000,2025-10-23 10:08
CLM-00766,POL-102300,2025-10-04 12:59,Port Harcourt,Phone,Windscreen,175000,Paid,166000,2025-11-03 13:44
CLM-00767,POL-102302,2025-10-04 10:53,Kano,Web,Accident damage,455000,Paid,447000,2025-10-21 08:14
CLM-00768,POL-102305,2025-10-04 08:59,Lagos,Agent,Accident damage,525000,Paid,510000,2025-10-28 08:07
CLM-00769,POL-102308,2025-10-04 20:41,Kano,Web,Windscreen,445000,Paid,402000,2025-10-29 08:19
CLM-00770,POL-102311,2025-10-04 09:09,Lagos,Branch,Windscreen,360000,Paid,311000,2025-11-03 08:18
CLM-00771,POL-102314,2025-10-04 14:13,Lagos,Agent,Accident damage,265000,Rejected,,2025-10-17 15:45
CLM-00772,POL-102318,2025-10-04 17:45,Lagos,Branch,Accident damage,1020000,Paid,919000,2025-10-29 08:59
CLM-00773,POL-102319,2025-10-04 13:18,Lagos,Agent,Accident damage,395000,Paid,378000,2025-10-29 08:57
CLM-00774,POL-102322,2025-10-05 19:26,Kano,Agent,Windscreen,400000,Paid,375000,2025-10-29 08:55
CLM-00775,POL-102327,2025-10-05 12:59,Lagos,Branch,Windscreen,125000,Paid,114000,2025-10-20 08:16
CLM-00776,POL-102330,2025-10-05 15:13,Lagos,Agent,Accident damage,615000,Withdrawn,,2025-11-07 09:50
CLM-00777,POL-102332,2025-10-05 07:17,Lagos,Branch,Theft,5760000,Paid,5598000,2025-10-28 14:29
CLM-00778,POL-102334,2025-10-05 12:57,Abuja,Agent,Accident damage,235000,Paid,223000,2025-11-26 08:35
CLM-00779,POL-102337,2025-10-05 19:30,Abuja,Agent,Third party,1760000,Paid,1688000,2025-10-29 08:34
CLM-00780,POL-102340,2025-10-06 18:40,Abuja,Phone,Accident damage,540000,Paid,484000,2025-11-04 15:53
CLM-00781,POL-102344,2025-10-06 08:46,Abuja,Branch,Third party,2760000,Rejected,,2025-10-17 15:38
CLM-00782,POL-102348,2025-10-06 07:15,Abuja,Agent,Third party,1455000,Paid,1246000,2025-11-05 08:29
CLM-00783,POL-102350,2025-10-06 12:16,Lagos,Agent,Accident damage,640000,Paid,586000,2025-10-28 08:37
CLM-00784,POL-102354,2025-10-06 15:19,Ibadan,Phone,Accident damage,255000,Paid,210000,2025-10-27 13:40
CLM-00785,POL-102356,2025-10-06 09:04,Kano,Agent,Windscreen,390000,Paid,388000,2025-10-22 08:58
CLM-00786,POL-102360,2025-10-06 09:01,Lagos,Phone,Accident damage,725000,Paid,634000,2025-11-06 08:21
CLM-00787,POL-102361,2025-10-06 19:00,Port Harcourt,Branch,Accident damage,650000,Paid,564000,2025-10-29 08:58
CLM-00788,POL-102366,2025-10-07 19:21,Lagos,Agent,Windscreen,405000,Paid,345000,2025-11-12 10:09
CLM-00789,POL-102369,2025-10-07 11:41,Lagos,Agent,Third party,1750000,Paid,1553000,2025-10-27 14:47
CLM-00790,POL-102371,2025-10-07 08:23,Lagos,Branch,Windscreen,165000,Paid,144000,2025-10-21 08:30
CLM-00791,POL-102374,2025-10-07 15:19,Port Harcourt,Branch,Windscreen,270000,Paid,256000,2025-10-28 16:57
CLM-00792,POL-102377,2025-10-07 15:56,Kano,Branch,Third party,1870000,Paid,1780000,2025-10-29 08:50
CLM-00793,POL-102380,2025-10-07 19:13,Lagos,Web,Third party,1965000,Paid,1762000,2025-10-20 08:11
CLM-00794,POL-102382,2025-10-07 14:45,Abuja,Branch,Windscreen,230000,Paid,206000,2025-10-30 08:04
CLM-00795,POL-102386,2025-10-08 18:13,Lagos,Web,Accident damage,295000,Rejected,,2025-10-24 15:37
CLM-00796,POL-102390,2025-10-08 08:20,Lagos,Branch,Accident damage,1185000,Paid,1172000,2025-10-29 08:56
CLM-00797,POL-102393,2025-10-08 16:41,Abuja,Web,Accident damage,1380000,Paid,1157000,2025-10-30 08:31
CLM-00798,POL-102395,2025-10-08 14:51,Abuja,Agent,Windscreen,245000,Paid,219000,2025-11-10 16:53
CLM-00799,POL-102397,2025-10-08 19:15,Lagos,Web,Accident damage,880000,Paid,796000,2025-10-29 08:04
CLM-00800,POL-102400,2025-10-08 18:03,Lagos,Web,Accident damage,725000,Paid,642000,2025-10-29 08:38
CLM-00801,POL-102405,2025-10-08 09:52,Ibadan,Agent,Accident damage,920000,Withdrawn,,2025-11-12 11:04
CLM-00802,POL-102407,2025-10-09 07:18,Ibadan,Branch,Windscreen,235000,Paid,194000,2025-11-03 08:35
CLM-00803,POL-102409,2025-10-09 13:46,Kano,Web,Accident damage,820000,Withdrawn,,2025-11-10 16:52
CLM-00804,POL-102413,2025-10-09 14:00,Kano,Web,Windscreen,140000,Paid,131000,2025-10-29 12:31
CLM-00805,POL-102417,2025-10-09 19:22,Lagos,Web,Accident damage,490000,Paid,442000,2025-11-05 11:12
CLM-00806,POL-102420,2025-10-09 20:39,Kano,Agent,Theft,6775000,Rejected,,2025-10-31 15:21
CLM-00807,POL-102422,2025-10-09 14:12,Lagos,Phone,Accident damage,755000,Paid,649000,2025-11-12 08:49
CLM-00808,POL-102426,2025-10-09 19:29,Lagos,Agent,Theft,9045000,Paid,8085000,2025-11-19 08:55
CLM-00809,POL-102429,2025-10-09 20:30,Abuja,Branch,Windscreen,170000,Paid,156000,2025-11-05 08:44
CLM-00810,POL-102432,2025-10-09 12:50,Lagos,Agent,Third party,850000,Paid,712000,2025-10-30 08:10
CLM-00811,POL-102435,2025-10-09 13:15,Lagos,Agent,Accident damage,110000,Paid,92000,2025-10-30 08:33
CLM-00812,POL-102437,2025-10-10 11:34,Lagos,Branch,Accident damage,730000,Paid,647000,2025-10-28 08:48
CLM-00813,POL-102439,2025-10-10 11:34,Lagos,Branch,Accident damage,1360000,Paid,1194000,2025-10-30 08:52
CLM-00814,POL-102443,2025-10-10 14:06,Lagos,Web,Windscreen,165000,Rejected,,2025-10-24 15:17
CLM-00815,POL-102446,2025-10-10 12:20,Port Harcourt,Agent,Third party,1440000,Withdrawn,,2025-11-17 08:16
CLM-00816,POL-102448,2025-10-10 16:43,Lagos,Branch,Windscreen,275000,Paid,255000,2025-10-29 09:03
CLM-00817,POL-102452,2025-10-10 16:21,Abuja,Agent,Accident damage,630000,Paid,575000,2025-11-10 11:23
CLM-00818,POL-102456,2025-10-10 09:17,Lagos,Branch,Theft,3295000,Paid,2750000,2025-11-05 08:34
CLM-00819,POL-102458,2025-10-10 09:23,Abuja,Web,Accident damage,805000,Paid,710000,2025-10-29 08:19
CLM-00820,POL-102460,2025-10-10 10:22,Kano,Agent,Windscreen,270000,Paid,223000,2025-10-28 10:13
CLM-00821,POL-102464,2025-10-11 07:43,Ibadan,Phone,Windscreen,240000,Paid,218000,2025-11-13 08:54
CLM-00822,POL-102468,2025-10-11 20:45,Lagos,Branch,Accident damage,1575000,Paid,1434000,2025-11-18 08:23
CLM-00823,POL-102471,2025-10-11 09:36,Port Harcourt,Branch,Accident damage,1090000,Paid,1084000,2025-10-29 08:49
CLM-00824,POL-102474,2025-10-11 19:22,Abuja,Branch,Accident damage,1360000,Paid,1228000,2025-10-29 08:55
CLM-00825,POL-102476,2025-10-11 07:28,Lagos,Agent,Theft,6045000,Paid,5016000,2025-11-21 11:38
CLM-00826,POL-102479,2025-10-11 14:25,Lagos,Agent,Windscreen,430000,Rejected,,2025-11-07 16:48
CLM-00827,POL-102483,2025-10-11 15:53,Port Harcourt,Agent,Accident damage,975000,Paid,836000,2025-11-11 15:29
CLM-00828,POL-102486,2025-10-11 11:11,Lagos,Phone,Accident damage,245000,Withdrawn,,2025-11-12 11:42
CLM-00829,POL-102489,2025-10-11 19:59,Abuja,Web,Windscreen,135000,Paid,119000,2025-11-04 12:39
CLM-00830,POL-102492,2025-10-11 10:11,Lagos,Agent,Windscreen,250000,Paid,225000,2025-11-11 16:48
CLM-00831,POL-102493,2025-10-12 19:03,Port Harcourt,Branch,Accident damage,585000,Paid,557000,2025-11-20 08:27
CLM-00832,POL-102497,2025-10-12 20:40,Abuja,Web,Accident damage,795000,Paid,711000,2025-10-29 08:59
CLM-00833,POL-102499,2025-10-13 11:00,Kano,Agent,Accident damage,1185000,Paid,1146000,2025-11-18 12:54
CLM-00834,POL-102504,2025-10-13 12:36,Port Harcourt,Agent,Accident damage,840000,Paid,803000,2025-11-06 08:13
CLM-00835,POL-102505,2025-10-13 15:26,Lagos,Agent,Accident damage,1870000,Paid,1789000,2025-11-18 13:41
CLM-00836,POL-102508,2025-10-13 07:20,Ibadan,Agent,Windscreen,155000,Paid,129000,2025-11-05 08:01
CLM-00837,POL-102513,2025-10-13 16:52,Lagos,Web,Accident damage,535000,Paid,523000,2025-11-11 13:53
CLM-00838,POL-102516,2025-10-13 15:35,Ibadan,Agent,Windscreen,155000,Paid,153000,2025-11-04 08:00
CLM-00839,POL-102518,2025-10-13 19:40,Lagos,Web,Windscreen,220000,Paid,185000,2025-11-19 08:47
CLM-00840,POL-102522,2025-10-14 14:06,Ibadan,Web,Accident damage,765000,Paid,702000,2025-10-28 13:12
CLM-00841,POL-102524,2025-10-14 14:26,Lagos,Branch,Windscreen,165000,Paid,138000,2025-11-03 14:40
CLM-00842,POL-102527,2025-10-14 12:59,Ibadan,Branch,Theft,5640000,Paid,4977000,2025-11-24 08:46
CLM-00843,POL-102531,2025-10-14 16:29,Abuja,Web,Third party,2505000,Paid,2406000,2025-11-04 11:18
CLM-00844,POL-102534,2025-10-14 08:57,Lagos,Branch,Third party,870000,Paid,732000,2025-11-19 08:58
CLM-00845,POL-102536,2025-10-14 17:05,Abuja,Branch,Windscreen,215000,Paid,213000,2025-11-12 08:28
CLM-00846,POL-102540,2025-10-14 09:43,Lagos,Web,Third party,2055000,Paid,1787000,2025-11-12 08:39
CLM-00847,POL-102543,2025-10-14 15:02,Abuja,Phone,Theft,2880000,Paid,2835000,2025-11-05 08:06
CLM-00848,POL-102545,2025-10-15 20:52,Ibadan,Agent,Accident damage,235000,Withdrawn,,2025-12-03 13:53
CLM-00849,POL-102549,2025-10-15 12:07,Port Harcourt,Phone,Theft,5145000,Paid,4889000,2025-11-18 08:52
CLM-00850,POL-102551,2025-10-15 11:51,Ibadan,Web,Windscreen,270000,Paid,263000,2025-11-04 08:27
CLM-00851,POL-102555,2025-10-15 12:37,Ibadan,Branch,Accident damage,320000,Paid,312000,2025-11-04 08:50
CLM-00852,POL-102558,2025-10-15 11:20,Port Harcourt,Web,Third party,840000,Paid,785000,2025-11-12 08:53
CLM-00853,POL-102561,2025-10-15 08:51,Ibadan,Phone,Windscreen,410000,Paid,367000,2025-11-04 15:29
CLM-00854,POL-102563,2025-10-15 08:32,Kano,Branch,Third party,1210000,Paid,1165000,2025-11-12 08:19
CLM-00855,POL-102566,2025-10-15 18:47,Port Harcourt,Agent,Theft,6980000,Withdrawn,,2025-11-20 08:03
CLM-00856,POL-102570,2025-10-15 08:41,Abuja,Agent,Accident damage,660000,Withdrawn,,2025-11-26 12:46
CLM-00857,POL-102572,2025-10-15 13:03,Lagos,Agent,Accident damage,765000,Paid,631000,2025-11-03 14:44
CLM-00858,POL-102576,2025-10-15 12:57,Lagos,Branch,Accident damage,920000,Paid,867000,2025-11-11 11:12
CLM-00859,POL-102577,2025-10-16 10:55,Lagos,Phone,Windscreen,435000,Paid,403000,2025-11-13 08:37
CLM-00860,POL-102582,2025-10-16 16:49,Lagos,Agent,Windscreen,190000,Paid,188000,2025-11-18 13:16
CLM-00861,POL-102583,2025-10-16 07:36,Ibadan,Branch,Windscreen,395000,Paid,386000,2025-10-29 09:44
CLM-00862,POL-102586,2025-10-16 07:24,Ibadan,Branch,Accident damage,1635000,Paid,1499000,2025-11-05 08:45
CLM-00863,POL-102590,2025-10-16 16:42,Kano,Web,Accident damage,605000,Paid,523000,2025-11-11 08:08
CLM-00864,POL-102594,2025-10-16 13:46,Abuja,Agent,Accident damage,320000,Paid,267000,2025-11-12 10:09
CLM-00865,POL-102596,2025-10-16 20:19,Abuja,Agent,Windscreen,235000,Paid,225000,2025-11-19 08:09
CLM-00866,POL-102599,2025-10-17 13:13,Lagos,Agent,Third party,1530000,Paid,1372000,2025-11-12 08:52
CLM-00867,POL-102601,2025-10-17 14:18,Abuja,Agent,Theft,4475000,Paid,4337000,2025-11-25 10:43
CLM-00868,POL-102606,2025-10-17 12:23,Abuja,Web,Theft,5060000,Rejected,,2025-10-31 15:16
CLM-00869,POL-102608,2025-10-17 17:57,Abuja,Branch,Accident damage,525000,Paid,483000,2025-11-06 10:37
CLM-00870,POL-102611,2025-10-17 10:33,Lagos,Agent,Theft,2870000,Paid,2407000,2025-11-05 08:41
CLM-00871,POL-102613,2025-10-17 19:43,Abuja,Branch,Windscreen,335000,Paid,302000,2025-11-05 12:03
CLM-00872,POL-102618,2025-10-17 13:46,Kano,Branch,Accident damage,655000,Paid,631000,2025-11-18 11:52
CLM-00873,POL-102620,2025-10-17 10:39,Abuja,Web,Theft,7165000,Paid,6032000,2025-11-21 08:42
CLM-00874,POL-102623,2025-10-18 19:05,Ibadan,Agent,Theft,4630000,Paid,4406000,2025-11-10 08:54
CLM-00875,POL-102625,2025-10-18 07:46,Lagos,Agent,Accident damage,135000,Paid,118000,2025-11-19 08:53
CLM-00876,POL-102630,2025-10-18 19:10,Ibadan,Agent,Theft,10795000,Paid,10740000,2025-11-27 08:20
CLM-00877,POL-102632,2025-10-18 12:39,Abuja,Branch,Accident damage,935000,Paid,767000,2025-11-12 09:30
CLM-00878,POL-102636,2025-10-18 13:17,Lagos,Phone,Windscreen,230000,Paid,229000,2025-11-13 08:04
CLM-00879,POL-102639,2025-10-18 20:11,Abuja,Web,Theft,3135000,Rejected,,2025-11-07 16:12
CLM-00880,POL-102641,2025-10-18 16:02,Port Harcourt,Agent,Accident damage,915000,Paid,903000,2025-11-18 09:33
CLM-00881,POL-102643,2025-10-19 08:22,Abuja,Web,Accident damage,525000,Paid,471000,2025-11-12 12:41
CLM-00882,POL-102647,2025-10-19 15:19,Ibadan,Agent,Accident damage,1050000,Paid,1014000,2025-11-06 08:40
CLM-00883,POL-102649,2025-10-19 16:31,Ibadan,Branch,Accident damage,940000,Paid,906000,2025-11-13 08:37
CLM-00884,POL-102652,2025-10-19 08:07,Abuja,Phone,Windscreen,250000,Paid,207000,2025-11-26 08:43
CLM-00885,POL-102657,2025-10-20 07:45,Kano,Agent,Windscreen,220000,Withdrawn,,2025-11-24 12:43
CLM-00886,POL-102659,2025-10-20 19:19,Lagos,Phone,Theft,7230000,Rejected,,2025-11-14 15:40
CLM-00887,POL-102662,2025-10-20 09:52,Lagos,Branch,Windscreen,415000,Paid,353000,2025-11-04 16:52
CLM-00888,POL-102666,2025-10-20 17:09,Port Harcourt,Branch,Theft,7890000,Paid,7219000,2025-11-24 08:59
CLM-00889,POL-102668,2025-10-20 07:08,Lagos,Agent,Windscreen,405000,Paid,358000,2025-11-19 08:41
CLM-00890,POL-102671,2025-10-20 14:29,Abuja,Agent,Accident damage,350000,Paid,302000,2025-11-25 14:28
CLM-00891,POL-102673,2025-10-20 18:19,Abuja,Branch,Third party,580000,Paid,546000,2025-11-18 08:57
CLM-00892,POL-102678,2025-10-20 08:10,Abuja,Web,Accident damage,345000,Paid,333000,2025-11-05 10:25
CLM-00893,POL-102681,2025-10-20 16:16,Abuja,Agent,Accident damage,1195000,Paid,1055000,2025-11-25 10:10
CLM-00894,POL-102683,2025-10-21 16:05,Lagos,Agent,Windscreen,210000,Withdrawn,,2025-12-10 12:05
CLM-00895,POL-102685,2025-10-21 09:15,Lagos,Phone,Accident damage,1250000,Paid,1095000,2025-11-05 08:28
CLM-00896,POL-102689,2025-10-21 10:25,Lagos,Phone,Third party,1360000,Paid,1327000,2025-11-12 08:58
CLM-00897,POL-102692,2025-10-21 17:39,Lagos,Branch,Windscreen,375000,Paid,311000,2025-11-12 08:29
CLM-00898,POL-102695,2025-10-21 13:48,Ibadan,Agent,Accident damage,480000,Paid,453000,2025-11-05 08:47
CLM-00899,POL-102699,2025-10-21 16:46,Abuja,Web,Third party,1885000,Paid,1558000,2025-11-19 08:02
CLM-00900,POL-102700,2025-10-21 10:41,Lagos,Branch,Third party,1350000,Paid,1329000,2025-11-03 11:12
CLM-00901,POL-102703,2025-10-21 12:20,Port Harcourt,Agent,Accident damage,635000,Paid,582000,2025-11-25 15:47
CLM-00902,POL-102706,2025-10-21 14:12,Ibadan,Agent,Windscreen,170000,Paid,167000,2025-11-18 10:49
CLM-00903,POL-102709,2025-10-22 08:23,Lagos,Agent,Windscreen,285000,Paid,257000,2025-12-01 08:37
CLM-00904,POL-102713,2025-10-22 14:08,Kano,Web,Windscreen,315000,Paid,288000,2025-11-12 10:43
CLM-00905,POL-102717,2025-10-22 14:36,Lagos,Web,Accident damage,305000,Paid,276000,2025-11-12 08:36
CLM-00906,POL-102718,2025-10-22 18:08,Port Harcourt,Web,Windscreen,230000,Paid,197000,2025-11-13 08:05
CLM-00907,POL-102722,2025-10-22 13:22,Port Harcourt,Agent,Windscreen,405000,Withdrawn,,2025-11-24 10:22
CLM-00908,POL-102726,2025-10-22 10:53,Lagos,Agent,Accident damage,690000,Paid,652000,2025-11-11 16:15
CLM-00909,POL-102729,2025-10-22 12:52,Lagos,Agent,Accident damage,770000,Rejected,,2025-11-14 15:29
CLM-00910,POL-102732,2025-10-22 08:47,Lagos,Phone,Accident damage,410000,Withdrawn,,2025-11-24 08:06
CLM-00911,POL-102734,2025-10-22 07:30,Abuja,Branch,Theft,14915000,Paid,12675000,2025-12-01 08:45
CLM-00912,POL-102738,2025-10-22 13:49,Port Harcourt,Branch,Accident damage,2425000,Paid,2195000,2025-11-12 08:41
CLM-00913,POL-102740,2025-10-23 20:45,Lagos,Agent,Windscreen,265000,Paid,264000,2025-11-19 08:05
CLM-00914,POL-102742,2025-10-23 19:37,Kano,Agent,Accident damage,795000,Paid,778000,2025-11-19 09:39
CLM-00915,POL-102745,2025-10-23 14:17,Ibadan,Branch,Third party,1205000,Paid,996000,2025-11-11 14:04
CLM-00916,POL-102749,2025-10-23 08:55,Lagos,Web,Third party,1055000,Withdrawn,,2025-11-29 14:22
CLM-00917,POL-102753,2025-10-23 19:27,Abuja,Web,Accident damage,350000,Paid,307000,2025-11-11 09:45
CLM-00918,POL-102754,2025-10-23 14:59,Lagos,Branch,Windscreen,425000,Rejected,,2025-11-07 16:55
CLM-00919,POL-102759,2025-10-23 16:48,Ibadan,Branch,Windscreen,125000,Paid,119000,2025-11-13 10:35
CLM-00920,POL-102761,2025-10-23 14:56,Lagos,Branch,Windscreen,430000,Paid,367000,2025-11-12 08:03
CLM-00921,POL-102763,2025-10-23 19:38,Lagos,Web,Third party,760000,Paid,742000,2025-11-12 08:09
CLM-00922,POL-102768,2025-10-23 16:44,Ibadan,Branch,Theft,4935000,Rejected,,2025-11-07 16:06
CLM-00923,POL-102771,2025-10-24 12:30,Abuja,Phone,Accident damage,330000,Paid,324000,2025-11-12 14:49
CLM-00924,POL-102773,2025-10-24 11:54,Lagos,Phone,Windscreen,410000,Paid,381000,2025-12-03 08:41
CLM-00925,POL-102777,2025-10-24 15:14,Kano,Phone,Accident damage,500000,Paid,460000,2025-11-18 14:41
CLM-00926,POL-102779,2025-10-24 20:09,Ibadan,Agent,Accident damage,585000,Paid,558000,2025-11-11 11:29
CLM-00927,POL-102781,2025-10-24 09:56,Port Harcourt,Web,Accident damage,665000,Paid,562000,2025-11-10 08:17
CLM-00928,POL-102786,2025-10-24 11:08,Lagos,Branch,Windscreen,190000,Paid,166000,2025-11-13 08:48
CLM-00929,POL-102788,2025-10-24 16:09,Abuja,Agent,Accident damage,735000,Paid,725000,2025-11-19 08:11
CLM-00930,POL-102791,2025-10-25 13:34,Kano,Web,Accident damage,830000,Paid,805000,2025-11-12 08:21
CLM-00931,POL-102793,2025-10-25 15:54,Abuja,Phone,Accident damage,1405000,Paid,1190000,2025-11-10 14:18
CLM-00932,POL-102797,2025-10-25 12:26,Port Harcourt,Agent,Windscreen,195000,Paid,190000,2025-11-27 08:45
CLM-00933,POL-102801,2025-10-25 12:46,Lagos,Agent,Accident damage,1425000,Paid,1179000,2025-11-11 08:48
CLM-00934,POL-102804,2025-10-25 15:19,Port Harcourt,Web,Windscreen,420000,Paid,358000,2025-11-12 08:21
CLM-00935,POL-102806,2025-10-25 10:35,Kano,Web,Windscreen,170000,Rejected,,2025-11-07 15:37
CLM-00936,POL-102809,2025-10-25 17:59,Port Harcourt,Branch,Accident damage,420000,Paid,417000,2025-11-12 08:42
CLM-00937,POL-102813,2025-10-25 07:14,Kano,Branch,Theft,4225000,Paid,4113000,2025-11-26 08:26
CLM-00938,POL-102816,2025-10-26 11:20,Lagos,Branch,Accident damage,705000,Paid,694000,2025-11-11 15:22
CLM-00939,POL-102818,2025-10-26 14:37,Lagos,Phone,Accident damage,860000,Paid,781000,2025-11-13 08:46
CLM-00940,POL-102820,2025-10-26 10:25,Ibadan,Phone,Accident damage,950000,Paid,790000,2025-12-04 08:02
CLM-00941,POL-102825,2025-10-26 19:27,Ibadan,Branch,Theft,4965000,Paid,4746000,2025-11-19 08:03
CLM-00942,POL-102826,2025-10-26 10:54,Port Harcourt,Agent,Accident damage,350000,Paid,305000,2025-11-25 08:13
CLM-00943,POL-102830,2025-10-26 20:37,Lagos,Web,Windscreen,335000,Paid,279000,2025-11-24 13:01
CLM-00944,POL-102834,2025-10-27 15:36,Port Harcourt,Agent,Accident damage,615000,Paid,555000,2025-11-26 10:05
CLM-00945,POL-102835,2025-10-27 07:47,Abuja,Branch,Accident damage,370000,Paid,319000,2025-11-10 10:30
CLM-00946,POL-102839,2025-10-27 15:27,Abuja,Phone,Accident damage,345000,Paid,283000,2025-11-13 08:12
CLM-00947,POL-102841,2025-10-27 16:32,Lagos,Web,Third party,2720000,Paid,2616000,2025-11-12 08:32
CLM-00948,POL-102846,2025-10-27 14:27,Abuja,Agent,Accident damage,1605000,Paid,1362000,2025-11-19 08:55
CLM-00949,POL-102847,2025-10-27 10:40,Lagos,Branch,Accident damage,1405000,Paid,1229000,2025-11-20 08:43
CLM-00950,POL-102850,2025-10-27 11:13,Ibadan,Agent,Windscreen,435000,Paid,411000,2025-11-19 08:36
CLM-00951,POL-102854,2025-10-27 11:40,Lagos,Web,Accident damage,440000,Paid,408000,2025-11-19 08:43
CLM-00952,POL-102858,2025-10-27 14:01,Lagos,Branch,Accident damage,640000,Paid,631000,2025-11-17 10:29
CLM-00953,POL-102859,2025-10-27 08:09,Ibadan,Agent,Windscreen,380000,Paid,375000,2025-11-20 08:12
CLM-00954,POL-102862,2025-10-28 17:17,Port Harcourt,Agent,Accident damage,365000,Withdrawn,,2025-12-03 11:17
CLM-00955,POL-102866,2025-10-28 15:33,Lagos,Agent,Windscreen,185000,Paid,163000,2025-11-26 08:16
CLM-00956,POL-102868,2025-10-28 17:12,Kano,Phone,Third party,1065000,Paid,910000,2025-11-26 08:09
CLM-00957,POL-102873,2025-10-28 13:18,Abuja,Agent,Theft,4880000,Paid,4537000,2025-11-26 08:03
CLM-00958,POL-102876,2025-10-28 13:15,Abuja,Branch,Accident damage,200000,Paid,164000,2025-11-11 13:43
CLM-00959,POL-102878,2025-10-28 14:08,Lagos,Branch,Accident damage,1105000,Paid,918000,2025-11-20 10:13
CLM-00960,POL-102882,2025-10-28 11:57,Port Harcourt,Phone,Windscreen,360000,Paid,331000,2025-11-26 08:35
CLM-00961,POL-102884,2025-10-28 13:07,Abuja,Phone,Accident damage,340000,Paid,335000,2025-11-26 09:14
CLM-00962,POL-102887,2025-10-29 10:17,Lagos,Agent,Windscreen,210000,Paid,204000,2025-11-26 10:24
CLM-00963,POL-102891,2025-10-29 19:42,Kano,Phone,Accident damage,1205000,Paid,1199000,2025-11-19 09:09
CLM-00964,POL-102892,2025-10-29 20:47,Port Harcourt,Agent,Third party,990000,Paid,976000,2025-12-11 09:49
CLM-00965,POL-102895,2025-10-29 10:47,Lagos,Branch,Windscreen,290000,Paid,272000,2025-11-19 12:14
CLM-00966,POL-102900,2025-10-29 08:22,Kano,Branch,Accident damage,925000,Paid,896000,2025-11-11 16:07
CLM-00967,POL-102901,2025-10-29 07:26,Kano,Branch,Third party,1665000,Paid,1460000,2025-11-19 10:37
CLM-00968,POL-102905,2025-10-29 09:24,Kano,Agent,Theft,6330000,Paid,5281000,2025-12-11 12:08
CLM-00969,POL-102909,2025-10-29 18:33,Ibadan,Phone,Theft,4160000,Paid,3482000,2025-12-02 11:06
CLM-00970,POL-102911,2025-10-29 11:51,Abuja,Web,Third party,555000,Paid,508000,2025-11-12 08:32
CLM-00971,POL-102914,2025-10-29 17:16,Lagos,Agent,Accident damage,750000,Paid,701000,2025-11-18 10:27
CLM-00972,POL-102916,2025-10-30 17:29,Port Harcourt,Agent,Accident damage,890000,Paid,796000,2025-12-04 08:08
CLM-00973,POL-102920,2025-10-30 19:51,Lagos,Agent,Windscreen,230000,Paid,211000,2025-12-01 08:58
CLM-00974,POL-102924,2025-10-30 08:37,Lagos,Agent,Windscreen,140000,Paid,127000,2025-12-11 08:28
CLM-00975,POL-102925,2025-10-30 15:03,Port Harcourt,Agent,Accident damage,630000,Paid,610000,2025-11-26 08:45
CLM-00976,POL-102928,2025-10-30 09:45,Ibadan,Phone,Accident damage,570000,Paid,554000,2025-11-27 08:54
CLM-00977,POL-102932,2025-10-30 09:34,Kano,Agent,Accident damage,875000,Paid,766000,2025-11-18 13:25
CLM-00978,POL-102934,2025-10-30 13:06,Port Harcourt,Branch,Theft,7790000,Paid,7491000,2025-12-15 08:10
CLM-00979,POL-102939,2025-10-30 10:50,Lagos,Phone,Windscreen,305000,Rejected,,2025-11-21 16:18
CLM-00980,POL-102941,2025-10-31 07:20,Abuja,Branch,Windscreen,290000,Paid,242000,2025-11-19 08:51
CLM-00981,POL-102943,2025-10-31 14:53,Lagos,Web,Windscreen,425000,Withdrawn,,2025-12-11 13:59
CLM-00982,POL-102946,2025-10-31 17:42,Ibadan,Web,Windscreen,205000,Paid,184000,2025-11-26 08:25
CLM-00983,POL-102949,2025-10-31 10:55,Kano,Branch,Accident damage,1385000,Paid,1362000,2025-12-03 09:55
CLM-00984,POL-102954,2025-10-31 20:30,Abuja,Agent,Accident damage,895000,Rejected,,2025-11-14 16:09
CLM-00985,POL-102956,2025-10-31 13:40,Kano,Phone,Accident damage,435000,Paid,415000,2025-11-19 15:30
CLM-00986,POL-102959,2025-10-31 15:36,Lagos,Phone,Accident damage,1125000,Paid,1109000,2025-11-19 09:13
CLM-00987,POL-102962,2025-10-31 07:11,Kano,Agent,Windscreen,130000,Paid,112000,2025-11-18 11:17
CLM-00988,POL-102964,2025-11-01 13:26,Kano,Agent,Accident damage,295000,Paid,285000,2025-12-03 08:55
CLM-00989,POL-102968,2025-11-01 16:44,Lagos,Phone,Accident damage,1460000,Paid,1390000,2025-12-09 16:19
CLM-00990,POL-102970,2025-11-01 12:07,Port Harcourt,Phone,Windscreen,245000,Paid,234000,2025-11-26 08:07
CLM-00991,POL-102974,2025-11-01 07:32,Ibadan,Branch,Windscreen,345000,Withdrawn,,2025-12-08 15:59
CLM-00992,POL-102977,2025-11-01 16:58,Abuja,Branch,Third party,1495000,Paid,1316000,2025-11-19 08:05
CLM-00993,POL-102979,2025-11-01 20:48,Abuja,Web,Windscreen,165000,Paid,163000,2025-11-19 08:28
CLM-00994,POL-102982,2025-11-01 08:24,Abuja,Branch,Theft,5670000,Paid,5396000,2025-12-16 09:05
CLM-00995,POL-102986,2025-11-02 16:56,Lagos,Agent,Accident damage,675000,Paid,567000,2025-11-24 08:29
CLM-00996,POL-102989,2025-11-02 11:43,Abuja,Agent,Theft,4825000,Paid,4435000,2025-12-03 08:17
CLM-00997,POL-102993,2025-11-03 07:36,Port Harcourt,Agent,Windscreen,430000,Paid,369000,2025-12-03 10:05
CLM-00998,POL-102995,2025-11-03 17:51,Lagos,Phone,Theft,4090000,Paid,4080000,2025-11-25 13:01
CLM-00999,POL-102998,2025-11-03 10:29,Ibadan,Agent,Windscreen,250000,Paid,207000,2025-11-26 08:42
CLM-01000,POL-103000,2025-11-03 07:20,Port Harcourt,Agent,Windscreen,430000,Paid,380000,2025-12-04 08:14
CLM-01001,POL-103004,2025-11-03 10:17,Abuja,Phone,Theft,2490000,Paid,2330000,2025-12-03 08:45
CLM-01002,POL-103006,2025-11-03 10:59,Ibadan,Agent,Accident damage,290000,Rejected,,2025-12-12 16:18
CLM-01003,POL-103011,2025-11-03 16:13,Port Harcourt,Branch,Accident damage,1015000,Paid,837000,2025-11-19 08:00
CLM-01004,POL-103014,2025-11-03 16:39,Abuja,Branch,Theft,5295000,Paid,4593000,2025-12-06 10:08
CLM-01005,POL-103016,2025-11-03 18:52,Lagos,Branch,Windscreen,145000,Paid,136000,2025-11-17 14:59
CLM-01006,POL-103018,2025-11-03 14:04,Abuja,Branch,Accident damage,465000,Paid,464000,2025-11-18 10:25
CLM-01007,POL-103023,2025-11-03 13:55,Port Harcourt,Phone,Windscreen,360000,Rejected,,2025-11-28 16:01
CLM-01008,POL-103026,2025-11-04 16:10,Kano,Web,Accident damage,640000,Paid,558000,2025-12-02 09:29
CLM-01009,POL-103029,2025-11-04 13:44,Port Harcourt,Web,Accident damage,515000,Paid,506000,2025-11-27 08:17
CLM-01010,POL-103030,2025-11-04 10:13,Ibadan,Agent,Third party,530000,Withdrawn,,2025-12-08 10:33
CLM-01011,POL-103033,2025-11-04 15:34,Kano,Phone,Windscreen,445000,Paid,383000,2025-11-27 08:49
CLM-01012,POL-103036,2025-11-04 18:03,Lagos,Agent,Windscreen,230000,Paid,197000,2025-11-26 10:12
CLM-01013,POL-103039,2025-11-04 09:11,Lagos,Agent,Third party,2710000,Paid,2384000,2025-12-03 08:37
CLM-01014,POL-103042,2025-11-04 19:20,Abuja,Branch,Windscreen,370000,Paid,347000,2025-11-27 08:16
CLM-01015,POL-103046,2025-11-04 16:32,Ibadan,Agent,Windscreen,300000,Withdrawn,,2025-12-10 11:04
CLM-01016,POL-103049,2025-11-04 12:24,Port Harcourt,Web,Accident damage,210000,Paid,184000,2025-12-01 13:24
CLM-01017,POL-103053,2025-11-05 16:02,Lagos,Web,Third party,1290000,Withdrawn,,2025-12-08 08:08
CLM-01018,POL-103054,2025-11-05 07:14,Ibadan,Web,Third party,1680000,Paid,1410000,2025-12-04 08:04
CLM-01019,POL-103059,2025-11-05 16:00,Lagos,Agent,Accident damage,485000,Paid,403000,2025-12-02 15:54
CLM-01020,POL-103061,2025-11-05 07:03,Ibadan,Agent,Accident damage,260000,Paid,251000,2025-11-25 09:51
CLM-01021,POL-103063,2025-11-05 13:36,Lagos,Branch,Windscreen,255000,Paid,246000,2025-12-03 08:52
CLM-01022,POL-103068,2025-11-05 15:55,Port Harcourt,Agent,Third party,1125000,Paid,1027000,2025-12-09 14:53
CLM-01023,POL-103069,2025-11-05 19:56,Lagos,Agent,Accident damage,745000,Paid,640000,2025-11-27 08:00
CLM-01024,POL-103073,2025-11-06 09:48,Kano,Web,Windscreen,370000,Paid,306000,2025-11-26 08:41
CLM-01025,POL-103077,2025-11-06 14:16,Lagos,Branch,Windscreen,415000,Paid,390000,2025-11-26 08:12
CLM-01026,POL-103080,2025-11-06 11:51,Port Harcourt,Web,Accident damage,1845000,Paid,1754000,2025-11-26 08:02
CLM-01027,POL-103081,2025-11-06 15:37,Lagos,Agent,Accident damage,995000,Paid,940000,2025-11-26 08:00
CLM-01028,POL-103086,2025-11-06 14:07,Lagos,Branch,Theft,8045000,Paid,6859000,2025-12-10 10:47
CLM-01029,POL-103088,2025-11-06 20:49,Ibadan,Branch,Third party,635000,Rejected,,2025-11-21 15:58
CLM-01030,POL-103092,2025-11-06 19:55,Ibadan,Agent,Windscreen,145000,Withdrawn,,2025-12-12 12:48
CLM-01031,POL-103095,2025-11-06 10:17,Abuja,Branch,Third party,700000,Paid,683000,2025-12-10 08:34
CLM-01032,POL-103096,2025-11-06 07:15,Ibadan,Agent,Accident damage,315000,Paid,266000,2025-12-02 11:09
CLM-01033,POL-103101,2025-11-06 07:33,Lagos,Web,Windscreen,150000,Paid,144000,2025-11-27 08:38
CLM-01034,POL-103104,2025-11-07 19:03,Ibadan,Agent,Accident damage,345000,Paid,324000,2025-12-02 16:48
CLM-01035,POL-103107,2025-11-07 12:23,Lagos,Agent,Windscreen,280000,Paid,232000,2025-12-03 08:31
CLM-01036,POL-103109,2025-11-07 10:27,Lagos,Phone,Windscreen,380000,Paid,375000,2025-12-08 08:10
CLM-01037,POL-103111,2025-11-07 14:43,Lagos,Agent,Windscreen,265000,Paid,263000,2025-12-02 10:09
CLM-01038,POL-103116,2025-11-07 13:53,Ibadan,Web,Windscreen,120000,Paid,104000,2025-11-25 13:47
CLM-01039,POL-103117,2025-11-07 14:42,Lagos,Phone,Theft,2870000,Paid,2526000,2025-11-25 16:51
CLM-01040,POL-103121,2025-11-07 18:41,Ibadan,Web,Windscreen,405000,Paid,393000,2025-11-27 09:29
CLM-01041,POL-103123,2025-11-07 12:53,Lagos,Agent,Accident damage,1370000,Paid,1302000,2025-12-03 08:50
CLM-01042,POL-103128,2025-11-08 17:25,Abuja,Phone,Accident damage,485000,Paid,460000,2025-11-26 12:14
CLM-01043,POL-103131,2025-11-08 14:01,Port Harcourt,Agent,Accident damage,1695000,Paid,1605000,2025-12-10 08:32
CLM-01044,POL-103134,2025-11-08 09:02,Abuja,Agent,Theft,4315000,Paid,4125000,2025-12-10 08:57
CLM-01045,POL-103136,2025-11-08 07:47,Lagos,Agent,Third party,280000,Rejected,,2025-12-05 16:30
CLM-01046,POL-103138,2025-11-08 10:05,Kano,Branch,Windscreen,205000,Paid,187000,2025-11-26 08:11
CLM-01047,POL-103143,2025-11-08 16:54,Abuja,Web,Windscreen,280000,Paid,253000,2025-11-26 09:43
CLM-01048,POL-103145,2025-11-08 07:59,Lagos,Web,Windscreen,310000,Paid,279000,2025-11-26 08:47
CLM-01049,POL-103148,2025-11-08 14:28,Lagos,Agent,Accident damage,635000,Paid,625000,2025-12-09 08:48
CLM-01050,POL-103152,2025-11-09 15:06,Port Harcourt,Agent,Windscreen,315000,Withdrawn,,2025-12-15 12:57
CLM-01051,POL-103153,2025-11-09 18:52,Port Harcourt,Agent,Windscreen,145000,Withdrawn,,2025-12-15 11:30
CLM-01052,POL-103156,2025-11-09 16:06,Port Harcourt,Phone,Accident damage,625000,Paid,559000,2025-12-03 08:44
CLM-01053,POL-103160,2025-11-09 14:23,Lagos,Branch,Accident damage,310000,Paid,277000,2025-12-04 08:45
CLM-01054,POL-103163,2025-11-09 13:40,Lagos,Agent,Accident damage,1005000,Paid,975000,2025-12-02 14:42
CLM-01055,POL-103167,2025-11-10 17:04,Kano,Agent,Windscreen,280000,Paid,230000,2025-12-01 15:56
CLM-01056,POL-103169,2025-11-10 12:12,Lagos,Web,Windscreen,340000,Paid,281000,2025-12-04 08:55
CLM-01057,POL-103173,2025-11-10 11:57,Kano,Agent,Theft,7070000,Paid,6752000,2026-01-02 09:13
CLM-01058,POL-103176,2025-11-10 16:43,Port Harcourt,Phone,Windscreen,330000,Paid,276000,2025-12-09 08:07
CLM-01059,POL-103179,2025-11-10 07:34,Abuja,Agent,Accident damage,270000,Withdrawn,,2025-12-13 12:41
CLM-01060,POL-103182,2025-11-10 11:43,Kano,Phone,Windscreen,190000,Rejected,,2025-12-05 15:28
CLM-01061,POL-103185,2025-11-10 13:55,Port Harcourt,Agent,Theft,5910000,Paid,5756000,2025-12-17 16:29
CLM-01062,POL-103188,2025-11-10 12:30,Ibadan,Phone,Third party,710000,Paid,615000,2025-12-09 13:17
CLM-01063,POL-103191,2025-11-11 07:05,Port Harcourt,Branch,Accident damage,620000,Paid,580000,2025-12-04 08:16
CLM-01064,POL-103193,2025-11-11 15:22,Abuja,Agent,Accident damage,275000,Paid,266000,2025-12-03 08:24
CLM-01065,POL-103195,2025-11-11 18:51,Kano,Branch,Accident damage,800000,Paid,752000,2025-11-26 08:48
CLM-01066,POL-103198,2025-11-11 18:34,Ibadan,Phone,Accident damage,370000,Paid,363000,2025-12-08 08:40
CLM-01067,POL-103201,2025-11-11 07:55,Abuja,Web,Accident damage,1030000,Paid,893000,2025-12-02 11:48
CLM-01068,POL-103206,2025-11-11 20:51,Ibadan,Branch,Accident damage,880000,Paid,731000,2025-12-10 08:03
CLM-01069,POL-103208,2025-11-11 09:45,Lagos,Phone,Windscreen,255000,Paid,249000,2025-12-10 08:02
CLM-01070,POL-103212,2025-11-11 20:28,Kano,Agent,Third party,1000000,Paid,969000,2025-12-17 08:08
CLM-01071,POL-103213,2025-11-12 08:29,Lagos,Phone,Accident damage,560000,Paid,461000,2025-12-10 11:55
CLM-01072,POL-103216,2025-11-12 08:03,Lagos,Agent,Accident damage,465000,Paid,445000,2025-12-03 08:01
CLM-01073,POL-103221,2025-11-12 08:29,Port Harcourt,Branch,Accident damage,1285000,Paid,1098000,2025-12-03 08:47
CLM-01074,POL-103224,2025-11-12 18:49,Lagos,Web,Accident damage,295000,Paid,270000,2025-12-09 13:32
CLM-01075,POL-103227,2025-11-12 10:02,Ibadan,Agent,Theft,4795000,Paid,4713000,2025-12-10 08:23
CLM-01076,POL-103230,2025-11-12 16:28,Abuja,Phone,Accident damage,385000,Paid,369000,2025-12-09 14:19
CLM-01077,POL-103233,2025-11-12 19:07,Lagos,Phone,Windscreen,190000,Paid,184000,2025-12-10 08:15
CLM-01078,POL-103235,2025-11-12 09:20,Abuja,Branch,Accident damage,985000,Paid,876000,2025-12-02 08:11
CLM-01079,POL-103238,2025-11-13 18:13,Abuja,Web,Third party,940000,Paid,915000,2025-12-02 15:04
CLM-01080,POL-103242,2025-11-13 07:55,Ibadan,Web,Accident damage,1990000,Paid,1860000,2025-12-10 08:44
CLM-01081,POL-103244,2025-11-13 15:16,Abuja,Agent,Third party,1040000,Rejected,,2025-12-05 16:17
CLM-01082,POL-103247,2025-11-13 20:11,Lagos,Agent,Third party,1630000,Paid,1455000,2025-12-10 08:51
CLM-01083,POL-103249,2025-11-13 11:01,Abuja,Web,Accident damage,450000,Rejected,,2025-11-28 15:26
CLM-01084,POL-103253,2025-11-13 15:43,Lagos,Branch,Third party,830000,Paid,805000,2025-11-27 08:30
CLM-01085,POL-103257,2025-11-13 12:25,Abuja,Branch,Windscreen,370000,Paid,332000,2025-12-02 08:49
CLM-01086,POL-103260,2025-11-13 13:10,Ibadan,Agent,Windscreen,160000,Rejected,,2025-11-28 15:42
CLM-01087,POL-103262,2025-11-13 17:37,Lagos,Agent,Windscreen,185000,Paid,173000,2025-12-10 08:11
CLM-01088,POL-103266,2025-11-13 15:36,Ibadan,Branch,Windscreen,385000,Paid,336000,2025-12-03 08:33
CLM-01089,POL-103268,2025-11-14 18:02,Abuja,Agent,Accident damage,325000,Paid,293000,2025-12-09 14:01
CLM-01090,POL-103271,2025-11-14 20:00,Lagos,Agent,Windscreen,335000,Paid,323000,2025-12-16 12:45
CLM-01091,POL-103274,2025-11-14 13:19,Lagos,Phone,Windscreen,240000,Paid,200000,2025-12-09 11:26
CLM-01092,POL-103276,2025-11-14 13:13,Port Harcourt,Web,Accident damage,2585000,Paid,2355000,2025-12-01 08:22
CLM-01093,POL-103280,2025-11-14 15:37,Lagos,Web,Accident damage,730000,Rejected,,2025-11-28 15:38
CLM-01094,POL-103282,2025-11-14 14:32,Abuja,Branch,Windscreen,240000,Paid,199000,2025-12-18 08:33
CLM-01095,POL-103285,2025-11-14 15:53,Lagos,Agent,Accident damage,360000,Paid,347000,2025-12-16 10:23
CLM-01096,POL-103288,2025-11-14 19:48,Abuja,Agent,Accident damage,540000,Paid,496000,2025-12-11 08:47
CLM-01097,POL-103292,2025-11-14 17:49,Ibadan,Agent,Accident damage,615000,Paid,610000,2025-12-17 08:29
CLM-01098,POL-103295,2025-11-14 13:39,Port Harcourt,Web,Windscreen,210000,Paid,194000,2025-12-02 08:30
CLM-01099,POL-103297,2025-11-15 11:34,Abuja,Agent,Windscreen,280000,Paid,270000,2025-12-03 13:14
CLM-01100,POL-103300,2025-11-15 17:53,Kano,Phone,Windscreen,380000,Paid,338000,2025-12-17 16:09
CLM-01101,POL-103303,2025-11-15 19:37,Port Harcourt,Phone,Third party,2040000,Paid,2013000,2025-12-17 08:01
CLM-01102,POL-103307,2025-11-15 12:19,Lagos,Branch,Windscreen,285000,Paid,254000,2025-12-03 08:01
CLM-01103,POL-103310,2025-11-15 20:23,Abuja,Agent,Accident damage,990000,Rejected,,2025-12-19 16:05
CLM-01104,POL-103313,2025-11-15 20:31,Abuja,Agent,Windscreen,415000,Paid,405000,2025-12-10 08:31
CLM-01105,POL-103315,2025-11-15 16:48,Ibadan,Branch,Accident damage,425000,Paid,373000,2025-12-09 10:36
CLM-01106,POL-103319,2025-11-15 09:12,Lagos,Branch,Third party,3100000,Paid,3035000,2025-12-10 08:56
CLM-01107,POL-103322,2025-11-15 16:33,Ibadan,Web,Windscreen,365000,Paid,342000,2025-12-04 08:56
CLM-01108,POL-103326,2025-11-16 11:52,Port Harcourt,Web,Theft,6080000,Paid,5445000,2025-12-17 08:08
CLM-01109,POL-103329,2025-11-16 15:14,Lagos,Web,Theft,6280000,Rejected,,2025-12-12 15:55
CLM-01110,POL-103330,2025-11-16 11:16,Lagos,Web,Windscreen,340000,Paid,336000,2025-12-02 16:24
CLM-01111,POL-103333,2025-11-16 16:03,Abuja,Branch,Accident damage,820000,Paid,712000,2025-12-09 13:48
CLM-01112,POL-103338,2025-11-17 12:38,Lagos,Branch,Windscreen,200000,Paid,198000,2025-12-16 16:23
CLM-01113,POL-103339,2025-11-17 19:29,Ibadan,Agent,Accident damage,955000,Paid,864000,2025-12-10 08:41
CLM-01114,POL-103344,2025-11-17 13:50,Ibadan,Phone,Theft,5910000,Withdrawn,,2026-01-01 12:41
CLM-01115,POL-103347,2025-11-17 12:32,Lagos,Agent,Accident damage,1150000,Paid,992000,2025-12-10 08:20
CLM-01116,POL-103348,2025-11-17 14:10,Port Harcourt,Agent,Accident damage,2460000,Paid,2073000,2025-12-24 08:19
CLM-01117,POL-103352,2025-11-17 15:35,Lagos,Phone,Windscreen,180000,Paid,162000,2025-12-10 08:19
CLM-01118,POL-103355,2025-11-17 18:06,Lagos,Branch,Accident damage,1045000,Paid,886000,2025-12-08 08:00
CLM-01119,POL-103359,2025-11-17 13:51,Lagos,Agent,Accident damage,1090000,Paid,983000,2025-12-24 08:50
CLM-01120,POL-103362,2025-11-17 16:31,Lagos,Agent,Accident damage,1280000,Paid,1250000,2025-12-17 10:28
CLM-01121,POL-103363,2025-11-18 08:17,Lagos,Phone,Accident damage,410000,Paid,376000,2025-12-10 08:38
CLM-01122,POL-103368,2025-11-18 17:50,Lagos,Branch,Accident damage,1665000,Rejected,,2025-12-12 16:15
CLM-01123,POL-103371,2025-11-18 11:22,Ibadan,Web,Windscreen,155000,Paid,147000,2025-12-04 08:08
CLM-01124,POL-103373,2025-11-18 07:31,Abuja,Web,Third party,495000,Paid,408000,2025-12-11 08:08
CLM-01125,POL-103377,2025-11-18 12:50,Kano,Web,Accident damage,185000,Paid,182000,2025-12-10 08:39
CLM-01126,POL-103380,2025-11-18 17:56,Kano,Agent,Accident damage,470000,Withdrawn,,2025-12-24 13:16
CLM-01127,POL-103383,2025-11-18 16:40,Port Harcourt,Branch,Theft,4460000,Paid,4120000,2025-12-17 10:57
CLM-01128,POL-103384,2025-11-18 09:55,Port Harcourt,Phone,Third party,2325000,Rejected,,2025-12-05 16:24
CLM-01129,POL-103387,2025-11-18 18:18,Lagos,Agent,Accident damage,895000,Paid,759000,2025-12-25 08:09
CLM-01130,POL-103391,2025-11-19 16:25,Ibadan,Branch,Accident damage,380000,Rejected,,2025-12-12 16:33
CLM-01131,POL-103395,2025-11-19 17:12,Kano,Web,Third party,780000,Paid,669000,2025-12-09 11:02
CLM-01132,POL-103397,2025-11-19 20:53,Port Harcourt,Agent,Accident damage,770000,Withdrawn,,2025-12-24 12:42
CLM-01133,POL-103399,2025-11-19 13:25,Port Harcourt,Web,Third party,520000,Paid,512000,2025-12-09 12:52
CLM-01134,POL-103404,2025-11-19 13:53,Lagos,Phone,Accident damage,490000,Paid,409000,2025-12-17 08:44
CLM-01135,POL-103405,2025-11-19 19:56,Lagos,Phone,Windscreen,450000,Paid,403000,2025-12-29 08:14
CLM-01136,POL-103409,2025-11-19 11:44,Ibadan,Branch,Accident damage,1340000,Paid,1281000,2025-12-11 10:56
CLM-01137,POL-103411,2025-11-19 14:43,Lagos,Branch,Windscreen,245000,Paid,212000,2025-12-16 08:11
CLM-01138,POL-103416,2025-11-19 08:44,Abuja,Branch,Theft,7365000,Paid,7189000,2025-12-22 08:03
CLM-01139,POL-103419,2025-11-19 11:01,Abuja,Agent,Accident damage,2375000,Paid,2320000,2025-12-16 14:57
CLM-01140,POL-103422,2025-11-19 08:34,Port Harcourt,Phone,Third party,935000,Paid,893000,2025-12-10 09:08
CLM-01141,POL-103423,2025-11-20 11:45,Lagos,Phone,Accident damage,720000,Paid,700000,2025-12-10 08:35
CLM-01142,POL-103426,2025-11-20 11:34,Port Harcourt,Branch,Windscreen,320000,Paid,295000,2025-12-23 14:49
CLM-01143,POL-103430,2025-11-20 12:08,Lagos,Branch,Windscreen,155000,Rejected,,2025-12-05 15:14
CLM-01144,POL-103434,2025-11-20 20:22,Abuja,Phone,Third party,780000,Paid,728000,2025-12-10 08:19
CLM-01145,POL-103435,2025-11-20 08:24,Kano,Agent,Accident damage,405000,Paid,337000,2025-12-22 08:46
CLM-01146,POL-103440,2025-11-20 12:14,Ibadan,Agent,Accident damage,440000,Paid,436000,2025-12-17 08:55
CLM-01147,POL-103443,2025-11-20 16:52,Abuja,Branch,Accident damage,1555000,Paid,1374000,2025-12-09 10:46
CLM-01148,POL-103445,2025-11-20 09:28,Lagos,Web,Windscreen,175000,Paid,174000,2025-12-04 08:22
CLM-01149,POL-103448,2025-11-20 13:23,Port Harcourt,Branch,Windscreen,445000,Paid,423000,2025-12-17 08:17
CLM-01150,POL-103452,2025-11-21 08:37,Lagos,Agent,Accident damage,1075000,Paid,962000,2025-12-16 09:23
CLM-01151,POL-103453,2025-11-21 19:45,Lagos,Agent,Accident damage,1975000,Paid,1784000,2025-12-24 08:49
CLM-01152,POL-103456,2025-11-21 10:07,Kano,Phone,Accident damage,330000,Paid,275000,2026-01-07 08:39
CLM-01153,POL-103460,2025-11-21 15:33,Port Harcourt,Branch,Accident damage,340000,Paid,316000,2025-12-10 08:22
CLM-01154,POL-103463,2025-11-21 20:04,Ibadan,Phone,Accident damage,700000,Paid,668000,2025-12-10 08:14
CLM-01155,POL-103466,2025-11-21 08:36,Kano,Web,Accident damage,220000,Paid,206000,2025-12-11 08:51
CLM-01156,POL-103468,2025-11-21 12:56,Port Harcourt,Agent,Accident damage,1290000,Paid,1136000,2025-12-17 13:08
CLM-01157,POL-103473,2025-11-21 09:54,Ibadan,Web,Accident damage,1605000,Paid,1557000,2025-12-11 10:20
CLM-01158,POL-103474,2025-11-21 11:49,Ibadan,Agent,Theft,4815000,Paid,4083000,2025-12-22 13:52
CLM-01159,POL-103479,2025-11-22 18:22,Abuja,Web,Third party,1125000,Paid,1112000,2025-12-16 10:30
CLM-01160,POL-103481,2025-11-22 13:59,Lagos,Web,Windscreen,355000,Paid,299000,2025-12-09 12:47
CLM-01161,POL-103485,2025-11-22 18:51,Kano,Phone,Accident damage,295000,Paid,249000,2025-12-09 12:12
CLM-01162,POL-103488,2025-11-22 09:04,Lagos,Agent,Theft,12845000,Paid,12195000,2025-12-22 08:23
CLM-01163,POL-103489,2025-11-22 19:50,Port Harcourt,Phone,Accident damage,1350000,Paid,1293000,2025-12-16 09:06
CLM-01164,POL-103493,2025-11-22 08:54,Lagos,Web,Windscreen,270000,Paid,242000,2025-12-09 08:53
CLM-01165,POL-103497,2025-11-22 07:15,Ibadan,Branch,Windscreen,405000,Paid,342000,2025-12-17 10:42
CLM-01166,POL-103498,2025-11-22 13:13,Lagos,Branch,Accident damage,815000,Paid,708000,2025-12-10 08:31
CLM-01167,POL-103502,2025-11-22 13:32,Ibadan,Phone,Accident damage,585000,Paid,559000,2025-12-09 14:27
CLM-01168,POL-103505,2025-11-23 11:57,Lagos,Agent,Accident damage,360000,Paid,334000,2025-12-17 09:45
CLM-01169,POL-103509,2025-11-23 16:59,Abuja,Branch,Windscreen,390000,Paid,344000,2025-12-11 08:15
CLM-01170,POL-103511,2025-11-23 12:06,Port Harcourt,Branch,Accident damage,775000,Paid,740000,2025-12-10 08:54
CLM-01171,POL-103513,2025-11-23 11:34,Lagos,Branch,Third party,1140000,Paid,1000000,2025-12-23 09:15
CLM-01172,POL-103516,2025-11-23 10:18,Port Harcourt,Phone,Theft,5040000,Rejected,,2025-12-12 16:58
CLM-01173,POL-103521,2025-11-24 08:39,Ibadan,Agent,Accident damage,2010000,Paid,1827000,2025-12-25 08:55
CLM-01174,POL-103524,2025-11-24 07:42,Abuja,Agent,Third party,545000,Paid,449000,2025-12-24 08:10
CLM-01175,POL-103525,2025-11-24 17:24,Ibadan,Agent,Accident damage,235000,Paid,215000,2025-12-23 08:16
CLM-01176,POL-103528,2025-11-24 18:33,Port Harcourt,Branch,Accident damage,855000,Paid,711000,2025-12-17 08:37
CLM-01177,POL-103532,2025-11-24 17:08,Lagos,Agent,Theft,6590000,Rejected,,2025-12-05 15:08
CLM-01178,POL-103535,2025-11-24 09:47,Lagos,Branch,Third party,750000,Paid,620000,2025-12-09 12:09
CLM-01179,POL-103539,2025-11-24 18:35,Abuja,Web,Accident damage,905000,Rejected,,2025-12-05 15:47
CLM-01180,POL-103540,2025-11-24 10:57,Lagos,Web,Windscreen,310000,Paid,279000,2025-12-10 08:16
CLM-01181,POL-103545,2025-11-25 07:52,Abuja,Phone,Theft,4650000,Withdrawn,,2025-12-29 11:02
CLM-01182,POL-103547,2025-11-25 11:07,Lagos,Agent,Accident damage,1625000,Paid,1559000,2025-12-30 11:54
CLM-01183,POL-103551,2025-11-25 11:19,Ibadan,Branch,Third party,1480000,Paid,1282000,2025-12-17 09:41
CLM-01184,POL-103553,2025-11-25 20:13,Abuja,Branch,Accident damage,645000,Paid,635000,2025-12-10 08:34
CLM-01185,POL-103555,2025-11-25 20:47,Ibadan,Branch,Windscreen,325000,Paid,318000,2025-12-17 08:15
CLM-01186,POL-103559,2025-11-25 19:06,Lagos,Agent,Windscreen,170000,Withdrawn,,2025-12-29 09:29
CLM-01187,POL-103562,2025-11-25 11:39,Lagos,Branch,Windscreen,225000,Paid,197000,2025-12-11 08:56
CLM-01188,POL-103564,2025-11-25 13:33,Abuja,Agent,Windscreen,305000,Paid,272000,2025-12-18 08:09
CLM-01189,POL-103567,2025-11-25 09:58,Ibadan,Branch,Third party,1585000,Paid,1536000,2025-12-11 09:59
CLM-01190,POL-103571,2025-11-26 10:29,Port Harcourt,Branch,Windscreen,125000,Rejected,,2025-12-19 16:20
CLM-01191,POL-103573,2025-11-26 11:08,Kano,Phone,Accident damage,475000,Withdrawn,,2026-01-09 10:00
CLM-01192,POL-103576,2025-11-26 16:10,Lagos,Phone,Windscreen,260000,Paid,244000,2025-12-31 08:48
CLM-01193,POL-103579,2025-11-26 15:06,Lagos,Phone,Accident damage,2950000,Paid,2864000,2025-12-24 08:32
CLM-01194,POL-103584,2025-11-26 19:47,Kano,Web,Third party,1110000,Paid,979000,2025-12-16 15:02
CLM-01195,POL-103585,2025-11-26 18:15,Port Harcourt,Agent,Accident damage,465000,Withdrawn,,2026-01-02 11:37
CLM-01196,POL-103588,2025-11-26 16:43,Port Harcourt,Agent,Windscreen,360000,Paid,323000,2025-12-24 08:32
CLM-01197,POL-103592,2025-11-26 19:50,Kano,Agent,Windscreen,360000,Paid,325000,2025-12-24 08:44
CLM-01198,POL-103595,2025-11-26 12:03,Port Harcourt,Agent,Accident damage,700000,Paid,618000,2026-01-07 14:22
CLM-01199,POL-103599,2025-11-26 09:43,Kano,Branch,Windscreen,175000,Paid,147000,2026-01-28 09:08
CLM-01200,POL-103602,2025-11-26 17:41,Abuja,Phone,Third party,595000,Paid,503000,2025-12-23 08:33
CLM-01201,POL-103605,2025-11-27 19:44,Lagos,Web,Accident damage,340000,Rejected,,2026-01-09 16:04
CLM-01202,POL-103607,2025-11-27 16:00,Kano,Agent,Accident damage,480000,Paid,461000,2025-12-17 08:50
CLM-01203,POL-103611,2025-11-27 20:26,Abuja,Branch,Accident damage,360000,Withdrawn,,2026-01-07 09:14
CLM-01204,POL-103612,2025-11-27 20:58,Lagos,Agent,Third party,610000,Paid,512000,2025-12-30 08:01
CLM-01205,POL-103617,2025-11-27 10:26,Lagos,Branch,Windscreen,260000,Paid,256000,2025-12-17 08:20
CLM-01206,POL-103619,2025-11-27 15:23,Abuja,Branch,Accident damage,1050000,Paid,885000,2025-12-17 08:40
CLM-01207,POL-103621,2025-11-27 13:01,Port Harcourt,Agent,Accident damage,860000,Paid,783000,2026-01-01 08:12
CLM-01208,POL-103625,2025-11-27 20:17,Abuja,Agent,Theft,5145000,Paid,4410000,2026-01-07 08:28
CLM-01209,POL-103627,2025-11-28 18:11,Lagos,Agent,Theft,4115000,Paid,4000000,2025-12-24 08:43
CLM-01210,POL-103632,2025-11-28 12:16,Kano,Web,Third party,705000,Paid,596000,2025-12-17 08:43
CLM-01211,POL-103635,2025-11-28 19:19,Lagos,Branch,Accident damage,1165000,Paid,1031000,2025-12-24 08:35
CLM-01212,POL-103638,2025-11-28 10:31,Lagos,Branch,Accident damage,385000,Rejected,,2025-12-12 15:53
CLM-01213,POL-103639,2025-11-28 13:29,Port Harcourt,Phone,Windscreen,225000,Paid,194000,2025-12-18 08:23
CLM-01214,POL-103644,2025-11-28 18:44,Abuja,Agent,Accident damage,665000,Paid,663000,2025-12-24 10:24
CLM-01215,POL-103645,2025-11-28 16:51,Kano,Web,Third party,3090000,Paid,2646000,2025-12-30 08:19
CLM-01216,POL-103648,2025-11-28 14:39,Kano,Branch,Accident damage,570000,Paid,554000,2025-12-17 08:02
CLM-01217,POL-103653,2025-11-28 20:59,Kano,Phone,Accident damage,970000,Paid,950000,2025-12-31 08:06
CLM-01218,POL-103654,2025-11-28 20:13,Abuja,Agent,Accident damage,365000,Paid,320000,2025-12-30 13:41
CLM-01219,POL-103658,2025-11-28 20:19,Port Harcourt,Agent,Third party,555000,Paid,500000,2025-12-31 10:24
CLM-01220,POL-103661,2025-11-29 19:15,Port Harcourt,Agent,Accident damage,980000,Paid,930000,2025-12-24 11:07
CLM-01221,POL-103665,2025-11-29 09:12,Kano,Agent,Third party,5650000,Paid,5219000,2026-01-13 14:54
CLM-01222,POL-103666,2025-11-29 10:54,Lagos,Phone,Accident damage,585000,Paid,552000,2025-12-22 14:59
CLM-01223,POL-103670,2025-11-29 11:56,Ibadan,Web,Windscreen,155000,Paid,144000,2025-12-17 08:52
CLM-01224,POL-103674,2025-11-29 18:10,Lagos,Branch,Accident damage,305000,Paid,260000,2025-12-17 08:05
CLM-01225,POL-103677,2025-11-29 10:18,Kano,Phone,Accident damage,695000,Paid,626000,2025-12-25 08:01
CLM-01226,POL-103679,2025-11-29 07:25,Ibadan,Branch,Accident damage,1675000,Paid,1495000,2025-12-18 08:29
CLM-01227,POL-103683,2025-11-29 16:18,Port Harcourt,Agent,Third party,625000,Paid,623000,2025-12-16 08:28
CLM-01228,POL-103685,2025-11-30 08:26,Abuja,Web,Accident damage,865000,Paid,715000,2025-12-18 08:50
CLM-01229,POL-103689,2025-11-30 17:03,Ibadan,Branch,Windscreen,335000,Paid,318000,2025-12-24 08:48
CLM-01230,POL-103691,2025-11-30 09:41,Lagos,Agent,Windscreen,160000,Paid,140000,2025-12-24 08:34
CLM-01231,POL-103694,2025-11-30 20:56,Lagos,Agent,Accident damage,1300000,Paid,1196000,2025-12-17 08:01
CLM-01232,POL-103697,2025-11-30 09:40,Abuja,Branch,Windscreen,435000,Paid,386000,2025-12-17 08:59
CLM-01233,POL-103700,2025-11-30 14:42,Lagos,Agent,Accident damage,1275000,Paid,1062000,2025-12-31 10:33
CLM-01234,POL-103702,2025-12-01 14:54,Abuja,Agent,Accident damage,300000,Paid,299000,2025-12-31 08:21
CLM-01235,POL-103705,2025-12-01 18:11,Ibadan,Web,Accident damage,710000,Paid,672000,2026-01-07 08:14
CLM-01236,POL-103710,2025-12-01 20:18,Abuja,Agent,Accident damage,1015000,Rejected,,2025-12-26 15:28
CLM-01237,POL-103711,2025-12-01 08:35,Port Harcourt,Agent,Theft,6010000,Paid,5145000,2025-12-29 08:42
CLM-01238,POL-103714,2025-12-01 15:49,Lagos,Phone,Accident damage,385000,Paid,336000,2025-12-24 08:41
CLM-01239,POL-103719,2025-12-01 16:35,Abuja,Agent,Third party,1595000,Paid,1428000,2026-01-01 10:43
CLM-01240,POL-103722,2025-12-01 08:14,Lagos,Agent,Windscreen,265000,Paid,218000,2026-01-07 10:11
CLM-01241,POL-103725,2025-12-02 19:20,Lagos,Phone,Accident damage,600000,Paid,543000,2026-01-01 08:11
CLM-01242,POL-103728,2025-12-02 13:57,Abuja,Branch,Accident damage,240000,Paid,197000,2025-12-31 08:53
CLM-01243,POL-103731,2025-12-02 13:19,Lagos,Agent,Windscreen,225000,Paid,203000,2025-12-24 08:22
CLM-01244,POL-103732,2025-12-02 12:07,Ibadan,Web,Accident damage,1315000,Paid,1116000,2025-12-24 14:34
CLM-01245,POL-103737,2025-12-02 09:22,Lagos,Phone,Accident damage,730000,Paid,729000,2025-12-24 08:42
CLM-01246,POL-103738,2025-12-02 13:45,Kano,Phone,Accident damage,545000,Paid,524000,2025-12-24 08:22
CLM-01247,POL-103742,2025-12-02 18:21,Lagos,Agent,Accident damage,1265000,Paid,1178000,2026-01-08 08:38
CLM-01248,POL-103744,2025-12-02 11:06,Port Harcourt,Agent,Accident damage,940000,Paid,833000,2026-01-13 16:32
CLM-01249,POL-103749,2025-12-02 15:05,Lagos,Agent,Accident damage,575000,Paid,482000,2026-01-01 08:26
CLM-01250,POL-103752,2025-12-02 19:54,Abuja,Branch,Accident damage,1825000,Paid,1698000,2025-12-25 08:26
CLM-01251,POL-103755,2025-12-03 14:30,Abuja,Branch,Windscreen,125000,Rejected,,2025-12-12 15:29
CLM-01252,POL-103758,2025-12-03 09:09,Port Harcourt,Branch,Third party,430000,Rejected,,2025-12-19 15:45
CLM-01253,POL-103760,2025-12-03 12:14,Abuja,Web,Accident damage,1415000,Paid,1195000,2025-12-22 08:06
CLM-01254,POL-103764,2025-12-03 20:34,Abuja,Web,Windscreen,330000,Paid,286000,2025-12-23 08:37
CLM-01255,POL-103766,2025-12-03 13:47,Abuja,Branch,Windscreen,405000,Paid,360000,2025-12-24 08:05
CLM-01256,POL-103770,2025-12-03 16:07,Abuja,Phone,Accident damage,385000,Paid,381000,2025-12-30 08:55
CLM-01257,POL-103771,2025-12-03 13:17,Port Harcourt,Phone,Windscreen,315000,Paid,277000,2025-12-22 08:25
CLM-01258,POL-103775,2025-12-03 12:46,Abuja,Web,Third party,1610000,Paid,1398000,2025-12-15 08:59
CLM-01259,POL-103778,2025-12-03 14:51,Kano,Branch,Accident damage,1225000,Paid,1085000,2025-12-31 08:52
CLM-01260,POL-103782,2025-12-03 13:02,Kano,Branch,Accident damage,355000,Paid,329000,2025-12-24 08:01
CLM-01261,POL-103785,2025-12-04 17:56,Lagos,Branch,Windscreen,360000,Paid,297000,2026-01-01 08:49
CLM-01262,POL-103786,2025-12-04 18:09,Port Harcourt,Web,Third party,585000,Paid,568000,2025-12-29 10:12
CLM-01263,POL-103790,2025-12-04 12:53,Lagos,Agent,Accident damage,505000,Paid,501000,2026-01-07 08:17
CLM-01264,POL-103793,2025-12-04 14:55,Ibadan,Branch,Accident damage,510000,Paid,439000,2025-12-25 08:52
CLM-01265,POL-103796,2025-12-04 18:30,Kano,Agent,Third party,610000,Paid,593000,2025-12-30 15:33
CLM-01266,POL-103800,2025-12-04 16:27,Abuja,Branch,Accident damage,720000,Paid,693000,2025-12-25 08:36
CLM-01267,POL-103802,2025-12-04 17:29,Abuja,Agent,Accident damage,410000,Paid,389000,2025-12-31 08:58
CLM-01268,POL-103805,2025-12-04 08:37,Kano,Agent,Third party,2210000,Paid,1911000,2025-12-23 08:09
CLM-01269,POL-103809,2025-12-04 18:33,Ibadan,Branch,Windscreen,330000,Paid,326000,2025-12-31 10:06
CLM-01270,POL-103812,2025-12-04 18:19,Abuja,Agent,Accident damage,1240000,Paid,1142000,2026-01-08 08:01
CLM-01271,POL-103815,2025-12-04 07:54,Port Harcourt,Web,Accident damage,1315000,Paid,1149000,2025-12-31 10:20
CLM-01272,POL-103817,2025-12-05 18:12,Ibadan,Phone,Windscreen,190000,Paid,185000,2025-12-24 08:44
CLM-01273,POL-103821,2025-12-05 18:52,Abuja,Agent,Accident damage,950000,Paid,932000,2026-01-07 08:23
CLM-01274,POL-103823,2025-12-05 12:39,Lagos,Branch,Windscreen,360000,Paid,302000,2025-12-24 08:53
CLM-01275,POL-103826,2025-12-05 10:26,Abuja,Branch,Windscreen,125000,Paid,114000,2025-12-23 11:33
CLM-01276,POL-103830,2025-12-05 16:14,Abuja,Agent,Theft,5195000,Paid,4984000,2026-01-17 08:54
CLM-01277,POL-103831,2025-12-05 20:11,Lagos,Phone,Accident damage,545000,Paid,481000,2025-12-24 09:31
CLM-01278,POL-103836,2025-12-05 08:40,Kano,Agent,Accident damage,1100000,Paid,917000,2026-01-07 08:47
CLM-01279,POL-103839,2025-12-06 15:55,Abuja,Web,Windscreen,420000,Rejected,,2025-12-19 15:39
CLM-01280,POL-103841,2025-12-06 20:35,Abuja,Web,Windscreen,250000,Paid,240000,2025-12-31 08:00
CLM-01281,POL-103844,2025-12-06 13:56,Ibadan,Agent,Accident damage,2055000,Paid,1839000,2026-01-07 08:29
CLM-01282,POL-103848,2025-12-06 09:09,Port Harcourt,Branch,Windscreen,405000,Paid,350000,2026-01-01 08:11
CLM-01283,POL-103851,2025-12-06 13:44,Lagos,Branch,Windscreen,170000,Paid,161000,2025-12-23 08:51
CLM-01284,POL-103854,2025-12-06 07:14,Ibadan,Web,Third party,4240000,Paid,3950000,2026-01-07 08:47
CLM-01285,POL-103855,2025-12-06 07:06,Kano,Branch,Accident damage,420000,Paid,350000,2025-12-24 11:21
CLM-01286,POL-103858,2025-12-07 07:05,Lagos,Branch,Accident damage,495000,Paid,419000,2025-12-29 08:08
CLM-01287,POL-103861,2025-12-07 16:50,Port Harcourt,Agent,Third party,945000,Paid,783000,2026-01-07 08:23
CLM-01288,POL-103864,2025-12-07 17:57,Kano,Web,Windscreen,220000,Paid,188000,2026-01-06 09:04
CLM-01289,POL-103868,2025-12-07 16:39,Port Harcourt,Web,Accident damage,290000,Paid,284000,2026-01-13 12:56
CLM-01290,POL-103870,2025-12-08 15:59,Port Harcourt,Web,Windscreen,220000,Rejected,,2025-12-26 16:10
CLM-01291,POL-103875,2025-12-08 17:14,Port Harcourt,Web,Windscreen,310000,Paid,274000,2025-12-31 08:42
CLM-01292,POL-103877,2025-12-08 14:07,Port Harcourt,Branch,Theft,7205000,Paid,6443000,2026-01-08 08:09
CLM-01293,POL-103880,2025-12-08 08:26,Lagos,Branch,Third party,835000,Paid,739000,2025-12-30 16:15
CLM-01294,POL-103884,2025-12-08 13:37,Kano,Agent,Windscreen,280000,Paid,244000,2025-12-31 08:22
CLM-01295,POL-103886,2025-12-08 14:09,Kano,Web,Accident damage,105000,Paid,90000,2025-12-31 08:05
CLM-01296,POL-103889,2025-12-08 19:51,Abuja,Branch,Theft,4080000,Paid,3597000,2025-12-29 14:28
CLM-01297,POL-103893,2025-12-08 10:14,Ibadan,Agent,Third party,1400000,Paid,1240000,2025-12-31 08:42
CLM-01298,POL-103894,2025-12-08 13:39,Lagos,Branch,Accident damage,885000,Paid,745000,2025-12-23 09:54
CLM-01299,POL-103898,2025-12-09 17:05,Kano,Branch,Windscreen,225000,Paid,215000,2025-12-31 08:37
CLM-01300,POL-103902,2025-12-09 13:10,Lagos,Branch,Windscreen,415000,Paid,402000,2025-12-24 08:26
CLM-01301,POL-103903,2025-12-09 18:23,Ibadan,Agent,Third party,1175000,Paid,1087000,2025-12-24 08:05
CLM-01302,POL-103908,2025-12-09 08:50,Abuja,Branch,Accident damage,515000,Paid,433000,2025-12-31 08:13
CLM-01303,POL-103911,2025-12-09 14:58,Lagos,Agent,Accident damage,1230000,Paid,1042000,2026-01-14 14:07
CLM-01304,POL-103914,2025-12-09 09:43,Kano,Agent,Accident damage,315000,Paid,302000,2026-01-19 15:49
CLM-01305,POL-103915,2025-12-09 10:21,Abuja,Agent,Windscreen,295000,Paid,257000,2026-01-07 15:01
CLM-01306,POL-103919,2025-12-09 15:41,Kano,Phone,Windscreen,340000,Paid,320000,2026-01-13 10:43
CLM-01307,POL-103923,2025-12-10 08:39,Port Harcourt,Branch,Theft,7870000,Paid,6784000,2026-01-05 08:34
CLM-01308,POL-103924,2025-12-10 17:20,Abuja,Branch,Accident damage,2585000,Paid,2169000,2026-01-07 08:07
CLM-01309,POL-103928,2025-12-10 16:32,Ibadan,Branch,Windscreen,245000,Withdrawn,,2026-01-12 10:42
CLM-01310,POL-103930,2025-12-10 18:21,Port Harcourt,Branch,Accident damage,525000,Paid,450000,2025-12-31 08:31
CLM-01311,POL-103933,2025-12-10 08:14,Lagos,Branch,Windscreen,395000,Paid,374000,2025-12-30 15:14
CLM-01312,POL-103938,2025-12-10 08:07,Port Harcourt,Agent,Theft,4435000,Paid,4215000,2026-01-06 08:55
CLM-01313,POL-103939,2025-12-10 14:03,Abuja,Agent,Accident damage,1340000,Paid,1301000,2025-12-29 08:31
CLM-01314,POL-103944,2025-12-11 14:20,Abuja,Web,Third party,700000,Paid,585000,2025-12-31 09:07
CLM-01315,POL-103945,2025-12-11 08:33,Port Harcourt,Phone,Windscreen,300000,Paid,265000,2026-01-07 08:50
CLM-01316,POL-103948,2025-12-11 13:29,Ibadan,Branch,Accident damage,1000000,Paid,972000,2025-12-29 14:24
CLM-01317,POL-103951,2025-12-11 20:40,Port Harcourt,Agent,Windscreen,310000,Paid,268000,2026-01-06 08:50
CLM-01318,POL-103956,2025-12-11 15:34,Port Harcourt,Web,Accident damage,645000,Paid,583000,2026-01-01 08:02
CLM-01319,POL-103959,2025-12-11 12:39,Abuja,Branch,Windscreen,430000,Paid,421000,2025-12-31 08:18
CLM-01320,POL-103960,2025-12-11 10:45,Port Harcourt,Agent,Windscreen,385000,Paid,319000,2026-01-14 08:19
CLM-01321,POL-103963,2025-12-11 07:44,Port Harcourt,Web,Accident damage,1130000,Paid,1079000,2026-01-07 08:07
CLM-01322,POL-103968,2025-12-11 07:55,Kano,Web,Windscreen,240000,Paid,219000,2025-12-29 08:22
CLM-01323,POL-103971,2025-12-11 07:10,Lagos,Agent,Windscreen,195000,Paid,171000,2026-01-07 08:55
CLM-01324,POL-103974,2025-12-12 19:02,Lagos,Web,Windscreen,120000,Paid,107000,2025-12-31 08:06
CLM-01325,POL-103976,2025-12-12 20:27,Abuja,Phone,Windscreen,280000,Rejected,,2026-01-02 16:01
CLM-01326,POL-103980,2025-12-12 11:33,Ibadan,Web,Accident damage,240000,Paid,197000,2026-01-07 08:07
CLM-01327,POL-103982,2025-12-12 09:47,Port Harcourt,Branch,Accident damage,1075000,Paid,1006000,2026-01-13 08:04
CLM-01328,POL-103986,2025-12-12 10:14,Kano,Branch,Windscreen,410000,Paid,363000,2026-01-01 08:19
CLM-01329,POL-103989,2025-12-12 08:33,Ibadan,Agent,Windscreen,360000,Paid,345000,2025-12-30 08:25
CLM-01330,POL-103990,2025-12-12 15:45,Lagos,Branch,Windscreen,355000,Paid,299000,2026-01-07 08:07
CLM-01331,POL-103995,2025-12-13 18:28,Lagos,Agent,Third party,795000,Paid,685000,2026-01-14 08:45
CLM-01332,POL-103998,2025-12-13 17:27,Kano,Agent,Accident damage,575000,Rejected,,2026-01-02 16:18
CLM-01333,POL-104001,2025-12-13 08:00,Abuja,Branch,Theft,5980000,Paid,5552000,2026-01-07 08:25
CLM-01334,POL-104004,2025-12-13 19:50,Port Harcourt,Agent,Third party,1345000,Paid,1287000,2026-01-22 08:01
CLM-01335,POL-104006,2025-12-13 12:09,Port Harcourt,Phone,Windscreen,325000,Withdrawn,,2026-01-14 11:04
CLM-01336,POL-104009,2025-12-13 12:20,Kano,Web,Theft,7220000,Rejected,,2025-12-26 15:53
CLM-01337,POL-104012,2025-12-13 17:49,Lagos,Phone,Windscreen,215000,Withdrawn,,2026-01-22 10:36
CLM-01338,POL-104014,2025-12-14 18:51,Port Harcourt,Agent,Third party,525000,Paid,444000,2026-01-13 08:07
CLM-01339,POL-104017,2025-12-14 16:02,Ibadan,Agent,Accident damage,980000,Rejected,,2026-01-02 15:36
CLM-01340,POL-104020,2025-12-14 11:35,Lagos,Web,Windscreen,195000,Paid,178000,2025-12-30 08:22
CLM-01341,POL-104023,2025-12-15 12:28,Lagos,Phone,Theft,7130000,Paid,5882000,2026-01-21 08:56
CLM-01342,POL-104026,2025-12-15 10:40,Abuja,Branch,Third party,2090000,Paid,1889000,2025-12-29 13:07
CLM-01343,POL-104030,2025-12-15 10:15,Abuja,Branch,Windscreen,370000,Paid,314000,2026-01-06 08:44
CLM-01344,POL-104033,2025-12-15 16:02,Lagos,Agent,Windscreen,380000,Paid,323000,2026-01-12 09:07
CLM-01345,POL-104036,2025-12-15 11:18,Port Harcourt,Phone,Accident damage,520000,Paid,445000,2026-01-07 08:08
CLM-01346,POL-104038,2025-12-15 18:32,Abuja,Agent,Windscreen,140000,Paid,129000,2026-01-08 09:17
CLM-01347,POL-104043,2025-12-15 15:27,Lagos,Agent,Third party,810000,Paid,781000,2026-01-14 08:03
CLM-01348,POL-104046,2025-12-16 19:53,Kano,Web,Accident damage,1150000,Paid,1004000,2025-12-29 08:59
CLM-01349,POL-104048,2025-12-16 17:13,Port Harcourt,Branch,Windscreen,140000,Paid,120000,2026-01-06 10:53
CLM-01350,POL-104051,2025-12-16 17:40,Lagos,Branch,Windscreen,285000,Paid,281000,2026-01-21 08:23
CLM-01351,POL-104055,2025-12-16 10:55,Ibadan,Branch,Windscreen,180000,Paid,172000,2025-12-31 10:31
CLM-01352,POL-104057,2025-12-16 17:57,Abuja,Branch,Accident damage,1070000,Paid,947000,2026-01-07 16:39
CLM-01353,POL-104059,2025-12-16 09:58,Kano,Agent,Windscreen,285000,Paid,252000,2026-02-03 09:40
CLM-01354,POL-104063,2025-12-16 10:18,Abuja,Web,Accident damage,640000,Paid,545000,2026-01-07 08:54
CLM-01355,POL-104065,2025-12-16 13:30,Lagos,Branch,Accident damage,575000,Paid,530000,2026-01-07 08:57
CLM-01356,POL-104069,2025-12-16 09:15,Port Harcourt,Branch,Accident damage,290000,Paid,281000,2026-01-07 08:49
CLM-01357,POL-104073,2025-12-17 10:03,Abuja,Branch,Accident damage,655000,Paid,584000,2026-01-07 15:10
CLM-01358,POL-104074,2025-12-17 17:13,Kano,Phone,Accident damage,725000,Paid,639000,2026-01-06 13:07
CLM-01359,POL-104078,2025-12-17 13:25,Kano,Agent,Theft,4735000,Paid,4261000,2026-01-13 09:37
CLM-01360,POL-104081,2025-12-17 10:56,Lagos,Agent,Windscreen,235000,Paid,229000,2026-02-04 08:18
CLM-01361,POL-104083,2025-12-17 08:19,Lagos,Phone,Accident damage,325000,Paid,294000,2026-01-07 09:05
CLM-01362,POL-104086,2025-12-17 08:29,Ibadan,Agent,Theft,4515000,Paid,4207000,2026-01-13 08:08
CLM-01363,POL-104090,2025-12-17 07:34,Abuja,Agent,Accident damage,790000,Paid,672000,2026-01-06 09:26
CLM-01364,POL-104094,2025-12-17 10:10,Lagos,Agent,Third party,1185000,Rejected,,2026-01-23 16:57
CLM-01365,POL-104096,2025-12-17 16:20,Port Harcourt,Web,Accident damage,560000,Paid,542000,2026-01-14 14:11
CLM-01366,POL-104100,2025-12-17 09:18,Lagos,Phone,Accident damage,495000,Paid,444000,2026-01-20 11:26
CLM-01367,POL-104101,2025-12-18 19:48,Port Harcourt,Branch,Accident damage,535000,Paid,482000,2026-01-14 08:19
CLM-01368,POL-104106,2025-12-18 13:14,Kano,Agent,Windscreen,240000,Paid,236000,2026-01-15 08:49
CLM-01369,POL-104108,2025-12-18 08:03,Port Harcourt,Agent,Theft,9485000,Rejected,,2026-01-16 16:20
CLM-01370,POL-104111,2025-12-18 12:10,Abuja,Agent,Windscreen,130000,Paid,114000,2026-01-21 08:26
CLM-01371,POL-104115,2025-12-18 18:18,Port Harcourt,Agent,Accident damage,535000,Paid,489000,2026-01-21 09:36
CLM-01372,POL-104118,2025-12-18 12:34,Ibadan,Agent,Accident damage,395000,Paid,387000,2026-01-13 11:49
CLM-01373,POL-104121,2025-12-18 07:24,Lagos,Phone,Third party,950000,Paid,794000,2026-01-15 08:10
CLM-01374,POL-104123,2025-12-19 07:11,Abuja,Branch,Accident damage,650000,Paid,649000,2026-01-08 08:48
CLM-01375,POL-104127,2025-12-19 10:01,Abuja,Phone,Accident damage,970000,Paid,834000,2026-01-06 08:57
CLM-01376,POL-104130,2025-12-19 09:15,Port Harcourt,Branch,Windscreen,140000,Paid,116000,2026-01-07 08:42
CLM-01377,POL-104132,2025-12-19 13:15,Lagos,Agent,Theft,4975000,Paid,4490000,2026-01-15 08:13
CLM-01378,POL-104135,2025-12-19 19:23,Lagos,Web,Accident damage,1280000,Withdrawn,,2026-01-21 13:29
CLM-01379,POL-104137,2025-12-19 15:43,Kano,Branch,Windscreen,285000,Paid,268000,2026-01-22 08:26
CLM-01380,POL-104141,2025-12-19 17:56,Lagos,Agent,Third party,1650000,Paid,1392000,2026-01-08 08:21
CLM-01381,POL-104145,2025-12-19 10:21,Abuja,Branch,Accident damage,1410000,Paid,1286000,2026-01-07 08:42
CLM-01382,POL-104146,2025-12-19 16:25,Kano,Agent,Windscreen,215000,Paid,190000,2026-01-06 10:25
CLM-01383,POL-104151,2025-12-19 19:20,Lagos,Agent,Theft,8895000,Paid,7545000,2026-01-19 08:02
CLM-01384,POL-104154,2025-12-20 19:41,Kano,Branch,Accident damage,675000,Rejected,,2026-01-23 16:43
CLM-01385,POL-104157,2025-12-20 17:20,Port Harcourt,Branch,Third party,1885000,Paid,1692000,2026-01-14 12:23
CLM-01386,POL-104158,2025-12-20 10:18,Port Harcourt,Agent,Accident damage,755000,Paid,748000,2026-01-07 08:40
CLM-01387,POL-104162,2025-12-20 12:41,Kano,Phone,Accident damage,515000,Paid,440000,2026-01-21 08:59
CLM-01388,POL-104166,2025-12-20 16:39,Lagos,Agent,Accident damage,445000,Paid,436000,2026-02-18 10:29
CLM-01389,POL-104167,2025-12-20 18:26,Lagos,Agent,Windscreen,190000,Paid,158000,2026-01-13 14:25
CLM-01390,POL-104171,2025-12-20 12:50,Lagos,Branch,Windscreen,235000,Paid,221000,2026-01-14 08:14
CLM-01391,POL-104175,2025-12-20 16:06,Lagos,Branch,Accident damage,1105000,Paid,1015000,2026-01-14 08:01
CLM-01392,POL-104178,2025-12-20 10:14,Lagos,Web,Windscreen,430000,Paid,428000,2026-01-07 08:21
CLM-01393,POL-104181,2025-12-21 12:51,Ibadan,Agent,Accident damage,695000,Paid,661000,2026-01-21 08:21
CLM-01394,POL-104182,2025-12-21 13:04,Ibadan,Agent,Windscreen,375000,Paid,347000,2026-01-14 14:36
CLM-01395,POL-104186,2025-12-21 19:27,Lagos,Branch,Theft,8720000,Paid,7887000,2026-01-22 08:57
CLM-01396,POL-104190,2025-12-22 07:53,Abuja,Agent,Third party,2955000,Paid,2934000,2026-01-27 08:07
CLM-01397,POL-104192,2025-12-22 20:32,Port Harcourt,Agent,Theft,6900000,Paid,5728000,2026-02-07 08:12
CLM-01398,POL-104195,2025-12-22 11:17,Lagos,Branch,Windscreen,430000,Paid,365000,2026-01-07 08:57
CLM-01399,POL-104199,2025-12-22 08:41,Abuja,Phone,Accident damage,1040000,Paid,998000,2026-01-06 08:32
CLM-01400,POL-104200,2025-12-22 11:44,Kano,Agent,Theft,6005000,Paid,5973000,2026-02-04 08:58
CLM-01401,POL-104205,2025-12-22 07:40,Lagos,Agent,Third party,855000,Paid,717000,2026-01-27 11:30
CLM-01402,POL-104206,2025-12-22 07:09,Port Harcourt,Agent,Accident damage,420000,Paid,390000,2026-01-08 08:12
CLM-01403,POL-104210,2025-12-22 20:56,Port Harcourt,Phone,Accident damage,510000,Paid,431000,2026-01-27 11:32
CLM-01404,POL-104214,2025-12-22 15:13,Kano,Agent,Theft,4285000,Paid,4058000,2026-01-08 08:51
CLM-01405,POL-104217,2025-12-22 13:45,Ibadan,Phone,Windscreen,445000,Paid,409000,2026-01-14 09:20
CLM-01406,POL-104219,2025-12-22 07:48,Lagos,Branch,Theft,4550000,Rejected,,2026-01-09 15:54
CLM-01407,POL-104222,2025-12-23 07:09,Kano,Branch,Third party,1105000,Paid,907000,2026-01-20 09:48
CLM-01408,POL-104225,2025-12-23 20:22,Lagos,Agent,Accident damage,465000,Paid,442000,2026-01-14 12:44
CLM-01409,POL-104227,2025-12-23 09:42,Abuja,Phone,Windscreen,230000,Paid,196000,2026-01-13 12:20
CLM-01410,POL-104232,2025-12-23 18:58,Lagos,Branch,Third party,1260000,Paid,1180000,2026-01-14 08:03
CLM-01411,POL-104234,2025-12-23 10:34,Ibadan,Web,Accident damage,380000,Paid,356000,2026-01-06 10:33
CLM-01412,POL-104237,2025-12-23 11:41,Ibadan,Phone,Third party,1135000,Paid,1128000,2026-01-21 08:38
CLM-01413,POL-104239,2025-12-23 09:38,Port Harcourt,Branch,Third party,1070000,Paid,921000,2026-01-22 08:13
CLM-01414,POL-104244,2025-12-23 14:08,Kano,Phone,Accident damage,445000,Rejected,,2026-01-16 15:11
CLM-01415,POL-104246,2025-12-24 17:16,Lagos,Phone,Theft,4770000,Paid,4695000,2026-01-21 16:40
CLM-01416,POL-104249,2025-12-24 20:40,Kano,Branch,Accident damage,295000,Paid,249000,2026-01-28 08:19
CLM-01417,POL-104253,2025-12-24 10:23,Lagos,Branch,Theft,5305000,Rejected,,2026-01-16 16:34
CLM-01418,POL-104255,2025-12-24 09:35,Lagos,Branch,Theft,6540000,Paid,5516000,2026-01-27 10:30
CLM-01419,POL-104258,2025-12-24 15:31,Lagos,Branch,Accident damage,975000,Rejected,,2026-01-09 16:16
CLM-01420,POL-104260,2025-12-24 18:11,Lagos,Agent,Third party,2415000,Paid,2197000,2026-02-12 08:25
CLM-01421,POL-104264,2025-12-24 18:28,Abuja,Phone,Windscreen,200000,Paid,172000,2026-01-14 09:39
CLM-01422,POL-104268,2025-12-25 18:53,Port Harcourt,Phone,Accident damage,1435000,Paid,1363000,2026-01-21 09:56
CLM-01423,POL-104269,2025-12-25 11:07,Lagos,Branch,Accident damage,370000,Rejected,,2026-01-09 16:26
CLM-01424,POL-104272,2025-12-25 18:42,Lagos,Agent,Windscreen,360000,Paid,298000,2026-01-13 11:37
CLM-01425,POL-104276,2025-12-25 16:18,Lagos,Branch,Windscreen,195000,Paid,162000,2026-01-14 13:30
CLM-01426,POL-104280,2025-12-25 13:31,Lagos,Branch,Theft,7875000,Rejected,,2026-01-09 16:07
CLM-01427,POL-104281,2025-12-25 09:06,Lagos,Web,Theft,7540000,Paid,6813000,2026-01-26 08:08
CLM-01428,POL-104285,2025-12-25 20:28,Port Harcourt,Web,Accident damage,1095000,Paid,1033000,2026-02-04 08:23
CLM-01429,POL-104288,2025-12-25 10:15,Lagos,Branch,Accident damage,875000,Paid,752000,2026-01-21 08:31
CLM-01430,POL-104290,2025-12-26 08:23,Ibadan,Agent,Theft,4970000,Paid,4926000,2026-01-21 08:47
CLM-01431,POL-104294,2025-12-26 08:41,Lagos,Branch,Windscreen,175000,Paid,159000,2026-01-21 08:56
CLM-01432,POL-104296,2025-12-26 09:21,Abuja,Agent,Theft,3140000,Withdrawn,,2026-02-04 08:16
CLM-01433,POL-104301,2025-12-26 17:19,Lagos,Branch,Windscreen,375000,Paid,373000,2026-01-14 08:13
CLM-01434,POL-104303,2025-12-26 15:47,Lagos,Phone,Windscreen,185000,Paid,168000,2026-01-26 08:04
CLM-01435,POL-104307,2025-12-26 11:36,Lagos,Agent,Accident damage,490000,Paid,459000,2026-01-14 16:32
CLM-01436,POL-104309,2025-12-26 17:19,Lagos,Web,Accident damage,570000,Paid,543000,2026-01-14 08:07
CLM-01437,POL-104312,2025-12-26 16:01,Port Harcourt,Web,Theft,7045000,Paid,6200000,2026-01-26 08:25
CLM-01438,POL-104315,2025-12-26 09:11,Kano,Agent,Third party,2105000,Rejected,,2026-01-23 16:44
CLM-01439,POL-104318,2025-12-26 16:58,Kano,Agent,Third party,1530000,Paid,1281000,2026-02-04 08:30
CLM-01440,POL-104321,2025-12-26 12:12,Abuja,Agent,Accident damage,595000,Paid,519000,2026-01-28 08:56
CLM-01441,POL-104324,2025-12-27 11:45,Lagos,Agent,Accident damage,1260000,Paid,1173000,2026-01-28 09:44
CLM-01442,POL-104327,2025-12-27 15:51,Lagos,Web,Accident damage,1340000,Paid,1183000,2026-01-14 09:18
CLM-01443,POL-104331,2025-12-27 15:36,Lagos,Phone,Accident damage,1205000,Paid,1060000,2026-01-21 12:33
CLM-01444,POL-104332,2025-12-27 17:14,Abuja,Agent,Accident damage,140000,Rejected,,2026-01-16 15:48
CLM-01445,POL-104336,2025-12-27 08:51,Lagos,Agent,Windscreen,435000,Paid,416000,2026-01-28 08:49
CLM-01446,POL-104338,2025-12-27 14:20,Ibadan,Agent,Windscreen,305000,Paid,291000,2026-01-26 14:09
CLM-01447,POL-104342,2025-12-27 10:17,Ibadan,Agent,Accident damage,1070000,Paid,889000,2026-01-20 16:59
CLM-01448,POL-104344,2025-12-27 08:59,Abuja,Agent,Windscreen,320000,Paid,311000,2026-01-22 08:41
CLM-01449,POL-104348,2025-12-28 18:28,Abuja,Phone,Windscreen,330000,Paid,311000,2026-01-21 08:37
CLM-01450,POL-104350,2025-12-28 15:45,Lagos,Branch,Accident damage,1395000,Paid,1348000,2026-01-28 08:23
CLM-01451,POL-104355,2025-12-28 09:11,Lagos,Agent,Accident damage,255000,Paid,244000,2026-01-21 13:39
CLM-01452,POL-104358,2025-12-28 19:56,Kano,Phone,Theft,3205000,Paid,2960000,2026-01-28 08:14
CLM-01453,POL-104359,2025-12-28 11:01,Abuja,Phone,Accident damage,660000,Paid,601000,2026-01-21 08:01
CLM-01454,POL-104362,2025-12-28 15:01,Lagos,Agent,Accident damage,1430000,Paid,1298000,2026-01-28 08:51
CLM-01455,POL-104365,2025-12-29 20:01,Kano,Agent,Theft,6915000,Paid,6639000,2026-03-11 16:33
CLM-01456,POL-104370,2025-12-29 07:52,Abuja,Agent,Accident damage,1235000,Paid,1089000,2026-01-21 08:31
CLM-01457,POL-104373,2025-12-29 14:23,Port Harcourt,Agent,Third party,2920000,Paid,2509000,2026-01-21 08:22
CLM-01458,POL-104376,2025-12-29 18:02,Kano,Web,Third party,955000,Paid,856000,2026-01-15 08:21
CLM-01459,POL-104377,2025-12-29 19:20,Lagos,Branch,Windscreen,405000,Paid,338000,2026-01-20 14:19
CLM-01460,POL-104382,2025-12-29 16:49,Kano,Web,Third party,1340000,Paid,1273000,2026-01-12 12:02
CLM-01461,POL-104385,2025-12-29 15:12,Abuja,Agent,Third party,1520000,Rejected,,2026-01-23 16:00
CLM-01462,POL-104386,2025-12-29 14:03,Ibadan,Web,Windscreen,330000,Paid,299000,2026-01-20 09:45
CLM-01463,POL-104390,2025-12-29 19:32,Lagos,Agent,Accident damage,885000,Withdrawn,,2026-02-09 10:32
CLM-01464,POL-104394,2025-12-30 07:36,Abuja,Web,Third party,1295000,Paid,1084000,2026-01-21 08:04
CLM-01465,POL-104396,2025-12-30 19:38,Lagos,Web,Third party,1270000,Paid,1221000,2026-01-28 08:36
CLM-01466,POL-104399,2025-12-30 19:45,Abuja,Agent,Accident damage,905000,Paid,743000,2026-01-26 08:39
CLM-01467,POL-104401,2025-12-30 19:00,Lagos,Branch,Third party,1895000,Paid,1624000,2026-01-21 09:58
CLM-01468,POL-104405,2025-12-30 12:56,Abuja,Agent,Third party,940000,Paid,845000,2026-01-28 08:04
CLM-01469,POL-104408,2025-12-30 12:11,Lagos,Branch,Third party,605000,Paid,585000,2026-01-14 12:51
CLM-01470,POL-104412,2025-12-30 07:01,Lagos,Agent,Windscreen,390000,Paid,345000,2026-02-23 08:46
CLM-01471,POL-104415,2025-12-31 07:25,Lagos,Branch,Accident damage,660000,Paid,581000,2026-01-20 13:32
CLM-01472,POL-104417,2025-12-31 13:01,Abuja,Branch,Accident damage,625000,Rejected,,2026-01-23 15:40
CLM-01473,POL-104421,2025-12-31 18:44,Port Harcourt,Agent,Windscreen,260000,Withdrawn,,2026-02-05 09:36
CLM-01474,POL-104423,2025-12-31 19:37,Kano,Web,Accident damage,1685000,Paid,1537000,2026-01-21 08:18
CLM-01475,POL-104427,2025-12-31 11:42,Port Harcourt,Phone,Third party,1070000,Paid,898000,2026-01-29 10:54
CLM-01476,POL-104428,2025-12-31 14:15,Kano,Web,Accident damage,725000,Paid,709000,2026-01-14 08:17
CLM-01477,POL-104431,2025-12-31 08:06,Abuja,Branch,Accident damage,630000,Paid,619000,2026-01-21 08:00
CLM-01478,POL-104435,2025-12-31 08:45,Lagos,Branch,Accident damage,555000,Paid,492000,2026-01-21 08:18
CLM-01479,POL-104439,2025-12-31 20:31,Kano,Web,Accident damage,735000,Paid,715000,2026-01-21 08:03
CLM-01480,POL-104441,2025-12-31 15:41,Kano,Branch,Accident damage,670000,Paid,555000,2026-01-20 15:32
CLM-01481,POL-104443,2025-12-31 18:53,Kano,Agent,Windscreen,375000,Paid,373000,2026-01-19 08:02
CLM-01482,POL-104448,2026-01-01 20:46,Port Harcourt,Agent,Third party,635000,Paid,576000,2026-01-28 08:59
CLM-01483,POL-104450,2026-01-01 12:20,Lagos,Branch,Windscreen,250000,Paid,221000,2026-02-11 08:29
CLM-01484,POL-104452,2026-01-01 14:15,Kano,Branch,Accident damage,750000,Paid,698000,2026-01-21 10:20
CLM-01485,POL-104455,2026-01-01 07:41,Port Harcourt,Web,Accident damage,1325000,Rejected,,2026-01-23 15:39
CLM-01486,POL-104459,2026-01-01 14:57,Lagos,Branch,Windscreen,360000,Paid,356000,2026-01-21 08:49
CLM-01487,POL-104463,2026-01-01 19:01,Abuja,Web,Accident damage,320000,Paid,306000,2026-01-21 08:14
CLM-01488,POL-104466,2026-01-01 09:10,Abuja,Phone,Third party,740000,Paid,654000,2026-01-21 08:12
CLM-01489,POL-104467,2026-01-01 07:00,Lagos,Web,Accident damage,400000,Paid,330000,2026-01-20 08:00
CLM-01490,POL-104470,2026-01-01 20:07,Ibadan,Agent,Accident damage,1980000,Paid,1745000,2026-01-19 08:40
CLM-01491,POL-104474,2026-01-02 11:27,Lagos,Branch,Theft,5250000,Paid,5219000,2026-02-09 08:03
CLM-01492,POL-104476,2026-01-02 20:51,Kano,Web,Accident damage,220000,Paid,183000,2026-01-20 08:37
CLM-01493,POL-104479,2026-01-02 20:32,Abuja,Phone,Accident damage,320000,Paid,290000,2026-01-21 08:35
CLM-01494,POL-104484,2026-01-02 15:17,Ibadan,Agent,Third party,795000,Paid,768000,2026-01-21 08:41
CLM-01495,POL-104486,2026-01-02 15:04,Abuja,Web,Accident damage,775000,Paid,642000,2026-01-28 08:39
CLM-01496,POL-104488,2026-01-02 14:19,Abuja,Branch,Windscreen,155000,Paid,129000,2026-01-20 10:36
CLM-01497,POL-104491,2026-01-02 09:30,Kano,Agent,Third party,1210000,Paid,1086000,2026-01-28 12:03
CLM-01498,POL-104494,2026-01-02 07:17,Lagos,Web,Third party,1325000,Paid,1288000,2026-02-03 13:58
CLM-01499,POL-104498,2026-01-02 10:44,Lagos,Branch,Windscreen,315000,Paid,295000,2026-01-21 08:11
CLM-01500,POL-104501,2026-01-03 08:48,Ibadan,Web,Theft,8785000,Paid,7682000,2026-01-31 13:35
CLM-01501,POL-104503,2026-01-03 16:01,Lagos,Agent,Accident damage,570000,Rejected,,2026-01-30 16:11
CLM-01502,POL-104506,2026-01-03 16:02,Kano,Agent,Accident damage,1025000,Paid,853000,2026-01-21 08:30
CLM-01503,POL-104511,2026-01-03 16:49,Kano,Agent,Accident damage,880000,Paid,874000,2026-02-11 10:09
CLM-01504,POL-104512,2026-01-03 11:47,Port Harcourt,Agent,Accident damage,175000,Paid,147000,2026-01-21 09:30
CLM-01505,POL-104515,2026-01-03 15:00,Lagos,Phone,Windscreen,290000,Paid,254000,2026-01-27 12:06
CLM-01506,POL-104519,2026-01-03 11:42,Port Harcourt,Agent,Accident damage,550000,Paid,498000,2026-02-04 08:41
CLM-01507,POL-104523,2026-01-03 09:45,Lagos,Agent,Accident damage,615000,Withdrawn,,2026-02-09 12:06
CLM-01508,POL-104526,2026-01-04 19:28,Lagos,Agent,Accident damage,520000,Paid,467000,2026-01-28 08:31
CLM-01509,POL-104527,2026-01-04 18:00,Lagos,Branch,Windscreen,300000,Paid,287000,2026-01-28 08:49
CLM-01510,POL-104531,2026-01-04 14:54,Port Harcourt,Phone,Accident damage,555000,Paid,469000,2026-02-04 08:55
CLM-01511,POL-104533,2026-01-04 14:24,Port Harcourt,Web,Accident damage,1415000,Paid,1223000,2026-01-22 08:49
CLM-01512,POL-104536,2026-01-04 09:08,Abuja,Web,Accident damage,485000,Paid,442000,2026-02-12 08:39
CLM-01513,POL-104541,2026-01-05 19:34,Port Harcourt,Branch,Accident damage,680000,Rejected,,2026-01-23 16:23
CLM-01514,POL-104542,2026-01-05 14:33,Port Harcourt,Agent,Windscreen,415000,Withdrawn,,2026-02-09 11:33
CLM-01515,POL-104547,2026-01-05 10:50,Kano,Branch,Accident damage,895000,Paid,804000,2026-01-21 08:13
CLM-01516,POL-104550,2026-01-05 14:51,Lagos,Web,Accident damage,485000,Paid,459000,2026-01-29 08:50
CLM-01517,POL-104553,2026-01-05 15:30,Abuja,Agent,Accident damage,610000,Paid,547000,2026-02-17 14:27
CLM-01518,POL-104554,2026-01-05 20:26,Abuja,Agent,Theft,4165000,Paid,3870000,2026-01-27 08:46
CLM-01519,POL-104558,2026-01-05 11:59,Kano,Agent,Third party,2035000,Paid,1798000,2026-01-28 08:46
CLM-01520,POL-104561,2026-01-06 09:49,Port Harcourt,Branch,Third party,1155000,Paid,954000,2026-01-27 14:58
CLM-01521,POL-104564,2026-01-06 17:18,Lagos,Branch,Windscreen,140000,Paid,123000,2026-01-28 08:02
CLM-01522,POL-104566,2026-01-06 19:34,Kano,Branch,Accident damage,1345000,Paid,1200000,2026-02-04 08:09
CLM-01523,POL-104571,2026-01-06 12:49,Lagos,Branch,Windscreen,295000,Paid,271000,2026-01-21 13:35
CLM-01524,POL-104573,2026-01-06 10:32,Port Harcourt,Web,Windscreen,275000,Paid,230000,2026-01-21 08:12
CLM-01525,POL-104576,2026-01-06 08:22,Abuja,Web,Accident damage,3795000,Paid,3267000,2026-01-28 08:59
CLM-01526,POL-104578,2026-01-06 09:42,Lagos,Branch,Third party,1485000,Paid,1432000,2026-01-28 08:32
CLM-01527,POL-104583,2026-01-06 12:21,Abuja,Web,Accident damage,355000,Paid,324000,2026-01-27 08:46
CLM-01528,POL-104584,2026-01-07 13:05,Kano,Web,Accident damage,435000,Paid,378000,2026-01-27 15:35
CLM-01529,POL-104588,2026-01-07 14:28,Abuja,Branch,Accident damage,1440000,Paid,1407000,2026-01-27 11:10
CLM-01530,POL-104591,2026-01-07 18:18,Abuja,Phone,Accident damage,810000,Paid,762000,2026-01-27 08:40
CLM-01531,POL-104594,2026-01-07 17:59,Ibadan,Agent,Theft,5660000,Rejected,,2026-02-20 15:52
CLM-01532,POL-104596,2026-01-07 08:44,Abuja,Web,Accident damage,530000,Withdrawn,,2026-02-09 11:02
CLM-01533,POL-104599,2026-01-07 17:27,Port Harcourt,Branch,Windscreen,165000,Paid,164000,2026-01-29 08:32
CLM-01534,POL-104603,2026-01-07 10:47,Ibadan,Agent,Accident damage,715000,Paid,589000,2026-02-18 08:43
CLM-01535,POL-104606,2026-01-07 16:47,Abuja,Agent,Accident damage,750000,Paid,727000,2026-02-05 08:26
CLM-01536,POL-104609,2026-01-07 13:28,Abuja,Agent,Third party,715000,Withdrawn,,2026-02-11 11:28
CLM-01537,POL-104613,2026-01-07 16:42,Port Harcourt,Branch,Windscreen,195000,Paid,162000,2026-02-17 10:58
CLM-01538,POL-104614,2026-01-07 12:52,Ibadan,Phone,Theft,8205000,Paid,7978000,2026-02-23 08:39
CLM-01539,POL-104619,2026-01-08 07:21,Lagos,Phone,Accident damage,1095000,Rejected,,2026-01-23 15:47
CLM-01540,POL-104621,2026-01-08 07:51,Lagos,Phone,Third party,590000,Paid,559000,2026-01-27 15:40
CLM-01541,POL-104625,2026-01-08 20:14,Lagos,Phone,Accident damage,690000,Paid,614000,2026-01-27 09:00
CLM-01542,POL-104626,2026-01-08 13:07,Abuja,Agent,Windscreen,135000,Paid,128000,2026-02-04 08:33
CLM-01543,POL-104631,2026-01-08 18:59,Lagos,Agent,Windscreen,385000,Paid,376000,2026-01-28 09:35
CLM-01544,POL-104633,2026-01-08 13:21,Lagos,Agent,Accident damage,525000,Paid,497000,2026-02-10 08:34
CLM-01545,POL-104636,2026-01-08 11:34,Port Harcourt,Branch,Third party,1705000,Paid,1534000,2026-02-04 11:48
CLM-01546,POL-104639,2026-01-08 18:16,Lagos,Phone,Accident damage,695000,Paid,573000,2026-02-04 08:41
CLM-01547,POL-104642,2026-01-08 19:59,Abuja,Agent,Accident damage,605000,Rejected,,2026-01-23 15:49
CLM-01548,POL-104645,2026-01-09 14:49,Lagos,Branch,Accident damage,740000,Paid,717000,2026-02-10 12:32
CLM-01549,POL-104648,2026-01-09 16:30,Lagos,Branch,Accident damage,570000,Paid,564000,2026-02-19 10:20
CLM-01550,POL-104651,2026-01-09 07:38,Port Harcourt,Branch,Windscreen,315000,Paid,307000,2026-01-27 14:47
CLM-01551,POL-104654,2026-01-09 11:59,Lagos,Branch,Accident damage,395000,Withdrawn,,2026-02-11 10:48
CLM-01552,POL-104657,2026-01-09 18:09,Lagos,Branch,Accident damage,175000,Paid,161000,2026-02-04 10:32
CLM-01553,POL-104660,2026-01-09 19:21,Port Harcourt,Web,Accident damage,355000,Paid,354000,2026-02-04 14:51
CLM-01554,POL-104662,2026-01-09 11:52,Port Harcourt,Phone,Accident damage,2100000,Paid,1935000,2026-02-04 08:18
CLM-01555,POL-104665,2026-01-09 19:49,Lagos,Agent,Accident damage,1525000,Withdrawn,,2026-02-21 08:01
CLM-01556,POL-104669,2026-01-09 12:17,Lagos,Agent,Accident damage,1385000,Paid,1252000,2026-02-04 08:03
CLM-01557,POL-104673,2026-01-09 10:53,Ibadan,Agent,Third party,875000,Paid,861000,2026-02-04 08:31
CLM-01558,POL-104674,2026-01-10 07:47,Lagos,Web,Windscreen,375000,Paid,354000,2026-02-09 10:10
CLM-01559,POL-104678,2026-01-10 09:59,Kano,Web,Windscreen,240000,Rejected,,2026-01-30 16:51
CLM-01560,POL-104681,2026-01-10 15:58,Abuja,Branch,Accident damage,535000,Paid,480000,2026-01-28 08:56
CLM-01561,POL-104684,2026-01-10 08:33,Port Harcourt,Branch,Accident damage,935000,Rejected,,2026-01-23 15:53
CLM-01562,POL-104686,2026-01-10 18:29,Abuja,Agent,Accident damage,1460000,Paid,1273000,2026-02-04 14:06
CLM-01563,POL-104689,2026-01-10 13:05,Lagos,Branch,Third party,2970000,Paid,2635000,2026-01-28 08:26
CLM-01564,POL-104692,2026-01-10 10:16,Port Harcourt,Branch,Windscreen,240000,Rejected,,2026-01-30 16:42
CLM-01565,POL-104696,2026-01-10 19:10,Lagos,Web,Accident damage,160000,Paid,133000,2026-01-28 11:01
CLM-01566,POL-104698,2026-01-10 20:46,Ibadan,Agent,Windscreen,140000,Paid,131000,2026-02-12 08:08
CLM-01567,POL-104701,2026-01-10 12:18,Kano,Phone,Windscreen,205000,Paid,173000,2026-01-29 08:04
CLM-01568,POL-104705,2026-01-11 13:21,Port Harcourt,Branch,Accident damage,760000,Paid,638000,2026-02-03 08:12
CLM-01569,POL-104708,2026-01-11 19:31,Port Harcourt,Agent,Accident damage,220000,Rejected,,2026-02-06 15:09
CLM-01570,POL-104712,2026-01-12 20:51,Ibadan,Phone,Accident damage,1115000,Paid,1023000,2026-02-04 08:48
CLM-01571,POL-104714,2026-01-12 17:20,Ibadan,Branch,Windscreen,355000,Paid,338000,2026-01-27 09:32
CLM-01572,POL-104718,2026-01-12 11:01,Lagos,Agent,Third party,2220000,Paid,1884000,2026-02-04 08:18
CLM-01573,POL-104721,2026-01-12 07:48,Lagos,Web,Accident damage,495000,Paid,407000,2026-02-04 08:53
CLM-01574,POL-104722,2026-01-12 14:51,Lagos,Branch,Theft,7510000,Paid,7329000,2026-02-11 16:35
CLM-01575,POL-104725,2026-01-12 08:34,Ibadan,Agent,Accident damage,610000,Paid,529000,2026-01-28 08:49
CLM-01576,POL-104729,2026-01-12 11:03,Lagos,Agent,Theft,4125000,Withdrawn,,2026-02-13 11:03
CLM-01577,POL-104732,2026-01-12 14:29,Lagos,Agent,Accident damage,425000,Paid,352000,2026-02-03 08:47
CLM-01578,POL-104736,2026-01-12 15:09,Ibadan,Phone,Theft,2050000,Paid,1836000,2026-02-05 08:59
CLM-01579,POL-104738,2026-01-12 07:16,Abuja,Branch,Third party,850000,Paid,727000,2026-01-28 08:33
CLM-01580,POL-104740,2026-01-12 20:37,Abuja,Agent,Accident damage,550000,Paid,468000,2026-02-12 08:03
CLM-01581,POL-104745,2026-01-13 07:34,Port Harcourt,Phone,Windscreen,300000,Paid,271000,2026-01-27 12:37
CLM-01582,POL-104746,2026-01-13 16:10,Port Harcourt,Agent,Theft,5320000,Rejected,,2026-02-06 15:44
CLM-01583,POL-104749,2026-01-13 14:30,Abuja,Agent,Accident damage,550000,Paid,498000,2026-02-04 08:24
CLM-01584,POL-104752,2026-01-13 18:18,Lagos,Agent,Windscreen,285000,Paid,257000,2026-02-11 08:55
CLM-01585,POL-104756,2026-01-13 11:27,Lagos,Phone,Accident damage,495000,Paid,417000,2026-02-12 10:44
CLM-01586,POL-104758,2026-01-13 07:44,Lagos,Branch,Third party,460000,Rejected,,2026-01-23 15:58
CLM-01587,POL-104761,2026-01-13 17:30,Abuja,Agent,Third party,2020000,Paid,1968000,2026-02-05 08:24
CLM-01588,POL-104764,2026-01-14 20:31,Kano,Phone,Accident damage,450000,Paid,440000,2026-02-17 08:45
CLM-01589,POL-104767,2026-01-14 10:24,Lagos,Agent,Windscreen,295000,Rejected,,2026-02-13 16:00
CLM-01590,POL-104771,2026-01-14 13:37,Lagos,Phone,Windscreen,415000,Rejected,,2026-01-30 16:16
CLM-01591,POL-104775,2026-01-14 17:31,Lagos,Agent,Accident damage,330000,Paid,319000,2026-02-04 08:53
CLM-01592,POL-104778,2026-01-14 20:50,Ibadan,Branch,Windscreen,230000,Paid,226000,2026-02-04 08:03
CLM-01593,POL-104781,2026-01-14 11:07,Port Harcourt,Branch,Theft,4990000,Paid,4811000,2026-02-18 08:53
CLM-01594,POL-104783,2026-01-14 16:56,Abuja,Branch,Accident damage,550000,Paid,545000,2026-02-04 08:15
CLM-01595,POL-104786,2026-01-14 17:56,Lagos,Phone,Accident damage,445000,Paid,383000,2026-02-05 08:33
CLM-01596,POL-104790,2026-01-14 07:34,Abuja,Branch,Windscreen,125000,Paid,111000,2026-01-28 08:43
CLM-01597,POL-104793,2026-01-14 15:49,Port Harcourt,Web,Windscreen,155000,Paid,146000,2026-02-04 08:19
CLM-01598,POL-104796,2026-01-14 18:05,Abuja,Agent,Accident damage,595000,Paid,555000,2026-02-10 10:45
CLM-01599,POL-104797,2026-01-15 08:09,Port Harcourt,Branch,Windscreen,220000,Rejected,,2026-02-06 15:55
CLM-01600,POL-104800,2026-01-15 09:17,Lagos,Web,Windscreen,335000,Paid,297000,2026-02-04 08:32
CLM-01601,POL-104804,2026-01-15 15:44,Lagos,Agent,Windscreen,355000,Withdrawn,,2026-02-18 15:44
CLM-01602,POL-104808,2026-01-15 08:52,Abuja,Agent,Accident damage,725000,Paid,638000,2026-02-11 08:39
CLM-01603,POL-104809,2026-01-15 17:59,Lagos,Web,Third party,1500000,Paid,1340000,2026-02-04 11:32
CLM-01604,POL-104813,2026-01-15 08:10,Kano,Agent,Accident damage,1285000,Paid,1071000,2026-02-17 11:50
CLM-01605,POL-104816,2026-01-15 17:17,Port Harcourt,Phone,Third party,810000,Paid,804000,2026-02-11 08:46
CLM-01606,POL-104819,2026-01-16 16:52,Port Harcourt,Agent,Windscreen,270000,Paid,254000,2026-02-05 09:56
CLM-01607,POL-104823,2026-01-16 14:15,Lagos,Phone,Windscreen,140000,Paid,131000,2026-02-12 08:56
CLM-01608,POL-104826,2026-01-16 16:30,Lagos,Web,Third party,685000,Rejected,,2026-01-30 15:54
CLM-01609,POL-104827,2026-01-16 10:30,Lagos,Agent,Windscreen,330000,Rejected,,2026-02-20 16:03
CLM-01610,POL-104832,2026-01-16 12:59,Lagos,Web,Accident damage,210000,Paid,203000,2026-02-02 16:44
CLM-01611,POL-104834,2026-01-16 15:46,Kano,Phone,Accident damage,1100000,Paid,1081000,2026-02-11 08:01
CLM-01612,POL-104837,2026-01-16 13:34,Abuja,Agent,Accident damage,525000,Withdrawn,,2026-02-28 10:34
CLM-01613,POL-104840,2026-01-16 07:44,Lagos,Branch,Accident damage,1425000,Paid,1235000,2026-02-11 08:37
CLM-01614,POL-104844,2026-01-16 14:43,Port Harcourt,Agent,Accident damage,355000,Rejected,,2026-01-30 15:48
CLM-01615,POL-104846,2026-01-16 14:29,Port Harcourt,Phone,Accident damage,1010000,Paid,934000,2026-02-02 08:52
CLM-01616,POL-104849,2026-01-16 16:44,Kano,Phone,Accident damage,710000,Paid,597000,2026-02-11 08:46
CLM-01617,POL-104852,2026-01-17 08:06,Port Harcourt,Branch,Accident damage,510000,Paid,470000,2026-02-03 08:28
CLM-01618,POL-104856,2026-01-17 11:51,Abuja,Web,Windscreen,290000,Withdrawn,,2026-02-18 12:57
CLM-01619,POL-104858,2026-01-17 09:09,Lagos,Agent,Third party,820000,Withdrawn,,2026-02-21 12:32
CLM-01620,POL-104861,2026-01-17 07:17,Lagos,Phone,Windscreen,410000,Paid,375000,2026-02-11 08:27
CLM-01621,POL-104864,2026-01-17 20:14,Port Harcourt,Agent,Accident damage,575000,Rejected,,2026-02-13 16:18
CLM-01622,POL-104867,2026-01-17 09:28,Abuja,Branch,Windscreen,205000,Paid,169000,2026-02-11 08:06
CLM-01623,POL-104869,2026-01-17 17:31,Port Harcourt,Branch,Accident damage,1520000,Paid,1459000,2026-02-10 14:42
CLM-01624,POL-104873,2026-01-17 20:29,Ibadan,Agent,Accident damage,565000,Paid,472000,2026-02-11 08:04
CLM-01625,POL-104875,2026-01-17 09:40,Lagos,Agent,Third party,910000,Paid,747000,2026-02-04 08:01
CLM-01626,POL-104880,2026-01-18 07:54,Lagos,Phone,Windscreen,410000,Paid,405000,2026-02-12 08:34
CLM-01627,POL-104882,2026-01-18 16:16,Lagos,Branch,Windscreen,250000,Paid,217000,2026-02-11 08:18
CLM-01628,POL-104886,2026-01-18 08:34,Lagos,Branch,Accident damage,450000,Rejected,,2026-01-30 15:46
CLM-01629,POL-104889,2026-01-18 08:10,Port Harcourt,Web,Accident damage,340000,Paid,281000,2026-02-11 08:25
CLM-01630,POL-104891,2026-01-18 11:23,Lagos,Branch,Windscreen,220000,Paid,214000,2026-02-09 08:08
CLM-01631,POL-104894,2026-01-18 07:19,Port Harcourt,Agent,Accident damage,510000,Paid,450000,2026-02-11 08:53
CLM-01632,POL-104897,2026-01-19 16:07,Lagos,Agent,Third party,1045000,Paid,1014000,2026-02-04 08:43
CLM-01633,POL-104899,2026-01-19 10:20,Abuja,Branch,Accident damage,425000,Rejected,,2026-01-30 16:15
CLM-01634,POL-104903,2026-01-19 17:01,Abuja,Web,Third party,945000,Paid,943000,2026-02-11 08:38
CLM-01635,POL-104906,2026-01-19 19:41,Kano,Web,Windscreen,200000,Paid,184000,2026-02-25 08:53
CLM-01636,POL-104909,2026-01-19 15:40,Lagos,Branch,Accident damage,1030000,Paid,906000,2026-02-11 08:34
CLM-01637,POL-104911,2026-01-19 11:20,Lagos,Agent,Accident damage,310000,Paid,276000,2026-02-11 08:01
CLM-01638,POL-104914,2026-01-19 19:58,Lagos,Phone,Windscreen,150000,Paid,138000,2026-02-11 08:48
CLM-01639,POL-104917,2026-01-19 15:45,Lagos,Agent,Accident damage,435000,Paid,403000,2026-02-04 08:46
CLM-01640,POL-104921,2026-01-19 07:49,Port Harcourt,Agent,Third party,800000,Paid,667000,2026-02-19 08:40
CLM-01641,POL-104925,2026-01-19 09:31,Abuja,Branch,Windscreen,315000,Paid,299000,2026-02-11 08:53
CLM-01642,POL-104928,2026-01-19 17:50,Kano,Phone,Windscreen,410000,Paid,408000,2026-02-12 08:23
CLM-01643,POL-104931,2026-01-20 13:07,Lagos,Web,Windscreen,365000,Paid,329000,2026-02-03 15:24
CLM-01644,POL-104933,2026-01-20 12:24,Abuja,Agent,Accident damage,870000,Paid,847000,2026-02-03 14:14
CLM-01645,POL-104936,2026-01-20 16:10,Kano,Web,Third party,1160000,Rejected,,2026-02-06 16:56
CLM-01646,POL-104939,2026-01-20 12:15,Kano,Phone,Accident damage,1210000,Paid,1010000,2026-02-18 08:02
CLM-01647,POL-104943,2026-01-20 08:56,Ibadan,Web,Windscreen,275000,Paid,236000,2026-02-03 12:55
CLM-01648,POL-104944,2026-01-20 17:12,Abuja,Web,Third party,1220000,Rejected,,2026-01-30 16:49
CLM-01649,POL-104949,2026-01-20 13:30,Port Harcourt,Phone,Windscreen,315000,Withdrawn,,2026-02-23 12:16
CLM-01650,POL-104951,2026-01-20 19:11,Abuja,Web,Third party,745000,Paid,664000,2026-02-17 09:14
CLM-01651,POL-104954,2026-01-20 07:20,Ibadan,Branch,Accident damage,415000,Paid,390000,2026-02-12 09:25
CLM-01652,POL-104957,2026-01-21 20:30,Kano,Web,Third party,1685000,Paid,1651000,2026-02-12 08:50
CLM-01653,POL-104961,2026-01-21 09:22,Lagos,Phone,Accident damage,690000,Paid,679000,2026-03-17 15:46
CLM-01654,POL-104964,2026-01-21 08:23,Abuja,Web,Windscreen,320000,Paid,309000,2026-02-10 11:39
CLM-01655,POL-104967,2026-01-21 12:59,Kano,Phone,Accident damage,585000,Paid,556000,2026-02-10 10:25
CLM-01656,POL-104969,2026-01-21 15:46,Kano,Branch,Accident damage,1285000,Paid,1276000,2026-02-05 08:07
CLM-01657,POL-104971,2026-01-21 13:16,Port Harcourt,Agent,Accident damage,390000,Paid,359000,2026-03-04 08:13
CLM-01658,POL-104976,2026-01-21 09:24,Lagos,Phone,Windscreen,430000,Paid,430000,2026-02-11 08:39
CLM-01659,POL-104977,2026-01-21 07:34,Kano,Web,Accident damage,775000,Withdrawn,,2026-03-18 11:06
CLM-01660,POL-104982,2026-01-21 10:36,Port Harcourt,Branch,Windscreen,215000,Paid,184000,2026-02-25 08:43
CLM-01661,POL-104984,2026-01-22 11:48,Port Harcourt,Web,Third party,750000,Withdrawn,,2026-03-02 09:10
CLM-01662,POL-104988,2026-01-22 16:22,Kano,Branch,Windscreen,360000,Paid,355000,2026-02-18 16:22
CLM-01663,POL-104991,2026-01-22 19:12,Lagos,Branch,Accident damage,830000,Paid,786000,2026-02-17 08:35
CLM-01664,POL-104992,2026-01-22 17:27,Abuja,Agent,Windscreen,350000,Paid,325000,2026-02-12 09:30
CLM-01665,POL-104996,2026-01-22 14:44,Abuja,Web,Accident damage,675000,Paid,641000,2026-02-10 12:24
CLM-01666,POL-104999,2026-01-22 07:09,Lagos,Branch,Windscreen,195000,Paid,178000,2026-02-12 08:59
CLM-01667,POL-105001,2026-01-22 16:21,Port Harcourt,Agent,Windscreen,255000,Withdrawn,,2026-02-27 09:49
CLM-01668,POL-105004,2026-01-23 12:05,Lagos,Phone,Accident damage,840000,Paid,830000,2026-02-25 08:25
CLM-01669,POL-105009,2026-01-23 10:53,Abuja,Branch,Theft,5255000,Paid,4748000,2026-03-12 08:12
CLM-01670,POL-105010,2026-01-23 17:13,Lagos,Phone,Third party,770000,Paid,761000,2026-02-18 08:18
CLM-01671,POL-105015,2026-01-23 07:19,Port Harcourt,Branch,Accident damage,675000,Paid,572000,2026-02-11 08:28
CLM-01672,POL-105018,2026-01-23 07:16,Ibadan,Agent,Accident damage,1645000,Paid,1527000,2026-02-11 08:16
CLM-01673,POL-105021,2026-01-23 07:28,Lagos,Agent,Theft,6645000,Withdrawn,,2026-02-26 11:08
CLM-01674,POL-105022,2026-01-23 19:31,Port Harcourt,Web,Accident damage,555000,Rejected,,2026-02-06 16:42
CLM-01675,POL-105025,2026-01-23 15:23,Abuja,Web,Windscreen,345000,Rejected,,2026-02-06 15:18
CLM-01676,POL-105030,2026-01-24 20:07,Ibadan,Branch,Windscreen,165000,Paid,143000,2026-02-18 14:57
CLM-01677,POL-105031,2026-01-24 16:24,Port Harcourt,Agent,Windscreen,270000,Paid,245000,2026-02-18 10:16
CLM-01678,POL-105035,2026-01-24 12:45,Abuja,Agent,Accident damage,510000,Paid,431000,2026-03-04 08:47
CLM-01679,POL-105037,2026-01-24 09:26,Abuja,Agent,Third party,1305000,Paid,1266000,2026-02-17 08:52
CLM-01680,POL-105042,2026-01-24 12:56,Abuja,Agent,Accident damage,750000,Withdrawn,,2026-03-05 08:35
CLM-01681,POL-105043,2026-01-24 08:19,Ibadan,Web,Windscreen,190000,Paid,186000,2026-02-11 08:55
CLM-01682,POL-105048,2026-01-24 08:49,Port Harcourt,Agent,Third party,1050000,Withdrawn,,2026-02-27 11:10
CLM-01683,POL-105049,2026-01-24 13:26,Lagos,Agent,Windscreen,300000,Paid,298000,2026-03-11 13:25
CLM-01684,POL-105053,2026-01-25 17:46,Abuja,Agent,Accident damage,475000,Paid,474000,2026-03-12 08:32
CLM-01685,POL-105056,2026-01-25 15:17,Abuja,Branch,Accident damage,705000,Paid,693000,2026-02-18 08:25
CLM-01686,POL-105059,2026-01-25 09:19,Port Harcourt,Branch,Accident damage,560000,Paid,541000,2026-02-25 08:32
CLM-01687,POL-105061,2026-01-25 08:11,Port Harcourt,Branch,Windscreen,270000,Rejected,,2026-02-20 16:29
CLM-01688,POL-105064,2026-01-26 20:49,Ibadan,Branch,Windscreen,145000,Rejected,,2026-02-13 15:13
CLM-01689,POL-105069,2026-01-26 08:44,Ibadan,Agent,Accident damage,500000,Paid,442000,2026-03-10 08:35
CLM-01690,POL-105070,2026-01-26 15:35,Abuja,Branch,Windscreen,215000,Paid,195000,2026-02-17 09:48
CLM-01691,POL-105073,2026-01-26 18:04,Lagos,Branch,Accident damage,805000,Paid,703000,2026-02-12 08:57
CLM-01692,POL-105077,2026-01-26 10:35,Lagos,Agent,Windscreen,165000,Paid,138000,2026-02-18 16:17
CLM-01693,POL-105080,2026-01-26 07:51,Lagos,Branch,Third party,450000,Withdrawn,,2026-02-27 09:54
CLM-01694,POL-105082,2026-01-26 17:40,Port Harcourt,Agent,Accident damage,410000,Paid,351000,2026-03-03 13:50
CLM-01695,POL-105085,2026-01-26 16:53,Lagos,Web,Third party,1480000,Paid,1344000,2026-02-12 08:51
CLM-01696,POL-105089,2026-01-26 19:07,Kano,Branch,Windscreen,430000,Paid,428000,2026-02-18 08:08
CLM-01697,POL-105091,2026-01-26 11:42,Kano,Agent,Theft,3000000,Paid,2583000,2026-02-25 08:17
CLM-01698,POL-105094,2026-01-27 12:05,Lagos,Web,Windscreen,180000,Paid,163000,2026-02-11 08:08
CLM-01699,POL-105098,2026-01-27 07:57,Abuja,Phone,Windscreen,140000,Paid,135000,2026-02-17 12:30
CLM-01700,POL-105101,2026-01-27 16:05,Ibadan,Phone,Accident damage,1090000,Paid,1074000,2026-02-10 08:09
CLM-01701,POL-105103,2026-01-27 13:42,Lagos,Web,Third party,765000,Paid,657000,2026-02-18 08:36
CLM-01702,POL-105107,2026-01-27 16:34,Lagos,Branch,Windscreen,180000,Paid,167000,2026-02-09 08:25
CLM-01703,POL-105110,2026-01-27 07:54,Lagos,Branch,Accident damage,365000,Paid,359000,2026-02-18 08:05
CLM-01704,POL-105114,2026-01-27 14:55,Kano,Phone,Theft,5365000,Paid,4414000,2026-02-24 15:02
CLM-01705,POL-105117,2026-01-28 10:55,Port Harcourt,Branch,Third party,1040000,Paid,979000,2026-02-19 08:44
CLM-01706,POL-105119,2026-01-28 16:55,Abuja,Branch,Accident damage,455000,Paid,411000,2026-02-16 09:57
CLM-01707,POL-105122,2026-01-28 14:12,Lagos,Agent,Accident damage,485000,Withdrawn,,2026-03-07 08:34
CLM-01708,POL-105126,2026-01-28 11:40,Ibadan,Web,Accident damage,510000,Paid,460000,2026-02-17 08:47
CLM-01709,POL-105128,2026-01-28 12:16,Ibadan,Branch,Accident damage,1360000,Paid,1310000,2026-02-11 08:12
CLM-01710,POL-105131,2026-01-28 07:39,Abuja,Agent,Accident damage,555000,Withdrawn,,2026-03-04 15:13
CLM-01711,POL-105133,2026-01-28 16:54,Port Harcourt,Branch,Third party,310000,Paid,285000,2026-02-25 10:12
CLM-01712,POL-105138,2026-01-28 08:02,Lagos,Agent,Accident damage,655000,Paid,606000,2026-03-09 08:05
CLM-01713,POL-105140,2026-01-29 08:46,Lagos,Web,Accident damage,1125000,Paid,927000,2026-02-11 08:29
CLM-01714,POL-105142,2026-01-29 17:04,Lagos,Phone,Windscreen,300000,Paid,279000,2026-02-26 09:23
CLM-01715,POL-105146,2026-01-29 19:34,Lagos,Web,Accident damage,915000,Paid,870000,2026-02-18 08:03
CLM-01716,POL-105149,2026-01-29 14:38,Lagos,Agent,Windscreen,160000,Paid,135000,2026-02-24 08:05
CLM-01717,POL-105152,2026-01-29 09:42,Lagos,Phone,Third party,1745000,Paid,1451000,2026-02-26 08:07
CLM-01718,POL-105154,2026-01-29 07:50,Lagos,Branch,Accident damage,605000,Paid,527000,2026-03-04 09:23
CLM-01719,POL-105158,2026-01-29 08:48,Lagos,Agent,Windscreen,185000,Paid,169000,2026-03-09 12:27
CLM-01720,POL-105161,2026-01-29 16:23,Lagos,Agent,Accident damage,255000,Withdrawn,,2026-03-12 09:44
CLM-01721,POL-105165,2026-01-29 09:08,Kano,Agent,Third party,1860000,Withdrawn,,2026-03-04 11:50
CLM-01722,POL-105166,2026-01-29 14:41,Abuja,Agent,Third party,510000,Paid,489000,2026-02-25 15:07
CLM-01723,POL-105170,2026-01-29 12:56,Lagos,Branch,Accident damage,875000,Withdrawn,,2026-03-04 10:52
CLM-01724,POL-105174,2026-01-30 18:57,Ibadan,Branch,Accident damage,985000,Paid,912000,2026-02-19 08:32
CLM-01725,POL-105177,2026-01-30 18:04,Ibadan,Phone,Accident damage,985000,Paid,965000,2026-02-16 15:50
CLM-01726,POL-105179,2026-01-30 15:08,Port Harcourt,Branch,Accident damage,520000,Rejected,,2026-02-20 16:48
CLM-01727,POL-105181,2026-01-30 14:25,Ibadan,Agent,Accident damage,1080000,Paid,931000,2026-02-17 10:19
CLM-01728,POL-105186,2026-01-30 09:02,Abuja,Branch,Theft,11685000,Paid,10768000,2026-02-28 12:54
CLM-01729,POL-105188,2026-01-30 11:18,Kano,Branch,Accident damage,650000,Paid,592000,2026-02-18 08:29
CLM-01730,POL-105191,2026-01-30 14:57,Lagos,Agent,Windscreen,445000,Paid,433000,2026-03-04 08:11
CLM-01731,POL-105194,2026-01-30 16:00,Abuja,Phone,Windscreen,380000,Paid,352000,2026-02-19 09:08
CLM-01732,POL-105196,2026-01-30 14:22,Ibadan,Branch,Accident damage,620000,Paid,576000,2026-02-26 08:03
CLM-01733,POL-105199,2026-01-30 19:05,Abuja,Web,Windscreen,240000,Paid,216000,2026-02-18 09:55
CLM-01734,POL-105204,2026-01-30 09:48,Port Harcourt,Phone,Windscreen,270000,Paid,250000,2026-02-25 11:32
CLM-01735,POL-105207,2026-01-31 18:18,Lagos,Branch,Accident damage,1570000,Paid,1434000,2026-02-17 12:42
CLM-01736,POL-105208,2026-01-31 17:06,Ibadan,Web,Accident damage,320000,Paid,266000,2026-02-19 08:19
CLM-01737,POL-105212,2026-01-31 09:24,Kano,Web,Accident damage,1200000,Paid,1011000,2026-02-18 09:19
CLM-01738,POL-105215,2026-01-31 16:20,Kano,Agent,Windscreen,335000,Paid,320000,2026-03-18 08:22
CLM-01739,POL-105218,2026-01-31 12:11,Lagos,Agent,Accident damage,1300000,Paid,1068000,2026-02-25 08:59
CLM-01740,POL-105220,2026-01-31 18:52,Kano,Web,Windscreen,275000,Paid,241000,2026-02-18 08:31
CLM-01741,POL-105225,2026-01-31 11:50,Lagos,Branch,Windscreen,210000,Paid,176000,2026-02-17 10:59
CLM-01742,POL-105227,2026-01-31 20:24,Abuja,Branch,Accident damage,385000,Paid,329000,2026-02-18 08:16
CLM-01743,POL-105230,2026-02-01 17:06,Abuja,Phone,Accident damage,220000,Paid,188000,2026-02-16 08:10
CLM-01744,POL-105233,2026-02-01 15:07,Lagos,Web,Windscreen,135000,Paid,129000,2026-02-25 08:34
CLM-01745,POL-105235,2026-02-01 19:47,Lagos,Agent,Windscreen,135000,Paid,134000,2026-02-25 08:37
CLM-01746,POL-105238,2026-02-01 12:09,Lagos,Branch,Third party,410000,Paid,397000,2026-02-25 14:01
CLM-01747,POL-105242,2026-02-01 09:16,Ibadan,Agent,Theft,4240000,Paid,3659000,2026-03-04 08:17
CLM-01748,POL-105245,2026-02-01 10:20,Kano,Agent,Third party,975000,Withdrawn,,2026-03-09 09:15
CLM-01749,POL-105249,2026-02-02 20:06,Port Harcourt,Phone,Theft,4960000,Rejected,,2026-02-20 15:15
CLM-01750,POL-105251,2026-02-02 08:08,Lagos,Branch,Windscreen,300000,Paid,286000,2026-02-23 08:06
CLM-01751,POL-105255,2026-02-02 18:24,Kano,Agent,Third party,685000,Paid,599000,2026-02-25 08:21
CLM-01752,POL-105257,2026-02-02 18:16,Lagos,Branch,Third party,920000,Paid,829000,2026-03-04 09:51
CLM-01753,POL-105259,2026-02-02 18:58,Port Harcourt,Agent,Accident damage,1010000,Rejected,,2026-03-06 16:34
CLM-01754,POL-105263,2026-02-02 10:49,Port Harcourt,Branch,Theft,7670000,Paid,7187000,2026-03-05 08:24
CLM-01755,POL-105266,2026-02-02 19:00,Lagos,Agent,Accident damage,245000,Paid,212000,2026-03-11 08:17
CLM-01756,POL-105269,2026-02-02 15:22,Abuja,Phone,Theft,3550000,Paid,3190000,2026-03-11 08:01
CLM-01757,POL-105273,2026-02-03 08:18,Lagos,Agent,Accident damage,585000,Paid,555000,2026-03-12 08:56
CLM-01758,POL-105276,2026-02-03 17:52,Lagos,Agent,Third party,960000,Paid,810000,2026-02-25 08:55
CLM-01759,POL-105277,2026-02-03 19:30,Lagos,Phone,Third party,970000,Paid,897000,2026-03-03 08:15
CLM-01760,POL-105282,2026-02-03 15:42,Kano,Agent,Theft,3090000,Rejected,,2026-03-27 15:46
CLM-01761,POL-105284,2026-02-03 08:04,Kano,Phone,Windscreen,435000,Paid,390000,2026-02-25 08:09
CLM-01762,POL-105288,2026-02-03 11:49,Abuja,Branch,Accident damage,1455000,Withdrawn,,2026-03-20 10:03
CLM-01763,POL-105289,2026-02-03 14:35,Lagos,Agent,Third party,550000,Paid,472000,2026-02-23 15:42
CLM-01764,POL-105293,2026-02-03 09:44,Lagos,Agent,Windscreen,225000,Withdrawn,,2026-03-09 10:05
CLM-01765,POL-105296,2026-02-04 08:39,Lagos,Agent,Accident damage,1155000,Paid,1050000,2026-02-25 08:14
CLM-01766,POL-105299,2026-02-04 18:04,Port Harcourt,Agent,Accident damage,380000,Paid,367000,2026-03-11 10:13
CLM-01767,POL-105301,2026-02-04 15:53,Lagos,Agent,Accident damage,595000,Paid,521000,2026-03-04 14:49
CLM-01768,POL-105305,2026-02-04 14:59,Lagos,Phone,Theft,7910000,Paid,7248000,2026-03-03 13:33
CLM-01769,POL-105308,2026-02-04 19:55,Port Harcourt,Web,Windscreen,420000,Paid,401000,2026-02-26 08:33
CLM-01770,POL-105311,2026-02-04 20:32,Kano,Branch,Accident damage,400000,Paid,368000,2026-02-25 09:15
CLM-01771,POL-105313,2026-02-04 12:07,Lagos,Branch,Accident damage,540000,Paid,448000,2026-02-25 08:14
CLM-01772,POL-105317,2026-02-05 18:33,Ibadan,Phone,Windscreen,260000,Paid,258000,2026-03-03 16:24
CLM-01773,POL-105319,2026-02-05 15:21,Lagos,Agent,Accident damage,2235000,Paid,2150000,2026-03-03 08:25
CLM-01774,POL-105322,2026-02-05 10:55,Kano,Agent,Theft,11815000,Paid,10122000,2026-03-02 08:45
CLM-01775,POL-105326,2026-02-05 10:07,Port Harcourt,Branch,Theft,4200000,Paid,3845000,2026-03-04 08:49
CLM-01776,POL-105328,2026-02-05 14:27,Lagos,Agent,Third party,675000,Paid,589000,2026-03-10 11:18
CLM-01777,POL-105333,2026-02-05 08:52,Lagos,Web,Windscreen,220000,Paid,198000,2026-03-12 08:16
CLM-01778,POL-105334,2026-02-05 19:59,Abuja,Web,Theft,8140000,Withdrawn,,2026-03-11 10:24
CLM-01779,POL-105339,2026-02-05 19:14,Lagos,Agent,Windscreen,200000,Paid,190000,2026-03-03 16:28
CLM-01780,POL-105340,2026-02-05 10:24,Lagos,Agent,Theft,6565000,Paid,6244000,2026-03-25 08:09
CLM-01781,POL-105343,2026-02-05 17:15,Port Harcourt,Agent,Third party,410000,Paid,386000,2026-03-12 08:04
CLM-01782,POL-105347,2026-02-06 20:27,Abuja,Branch,Accident damage,740000,Paid,608000,2026-02-26 08:40
CLM-01783,POL-105351,2026-02-06 11:59,Port Harcourt,Phone,Windscreen,230000,Paid,228000,2026-03-02 08:16
CLM-01784,POL-105353,2026-02-06 14:56,Kano,Branch,Windscreen,215000,Paid,204000,2026-03-04 12:19
CLM-01785,POL-105357,2026-02-06 13:17,Abuja,Agent,Accident damage,565000,Paid,493000,2026-03-18 08:59
CLM-01786,POL-105360,2026-02-06 07:27,Lagos,Agent,Third party,1085000,Paid,928000,2026-02-23 08:46
CLM-01787,POL-105362,2026-02-06 09:35,Lagos,Agent,Accident damage,245000,Paid,237000,2026-03-18 10:13
CLM-01788,POL-105365,2026-02-06 08:00,Port Harcourt,Phone,Theft,4860000,Withdrawn,,2026-03-12 08:09
CLM-01789,POL-105369,2026-02-06 09:49,Port Harcourt,Agent,Accident damage,600000,Paid,520000,2026-03-03 10:28
CLM-01790,POL-105370,2026-02-06 11:01,Lagos,Agent,Accident damage,360000,Paid,299000,2026-03-10 08:53
CLM-01791,POL-105374,2026-02-07 17:35,Kano,Agent,Theft,6130000,Paid,5467000,2026-03-14 08:49
CLM-01792,POL-105378,2026-02-07 14:01,Port Harcourt,Web,Accident damage,265000,Paid,259000,2026-03-05 08:58
CLM-01793,POL-105380,2026-02-07 15:27,Abuja,Agent,Windscreen,150000,Rejected,,2026-03-06 15:34
CLM-01794,POL-105384,2026-02-07 19:23,Lagos,Branch,Accident damage,575000,Paid,570000,2026-03-05 08:40
CLM-01795,POL-105386,2026-02-07 19:49,Port Harcourt,Branch,Third party,1215000,Paid,1038000,2026-03-04 08:07
CLM-01796,POL-105388,2026-02-07 16:45,Ibadan,Branch,Accident damage,1030000,Paid,991000,2026-03-03 15:29
CLM-01797,POL-105393,2026-02-07 10:01,Ibadan,Web,Theft,8165000,Paid,7232000,2026-03-02 08:42
CLM-01798,POL-105394,2026-02-07 17:06,Lagos,Branch,Theft,3050000,Paid,2850000,2026-02-25 08:10
CLM-01799,POL-105398,2026-02-07 20:25,Abuja,Agent,Theft,7125000,Withdrawn,,2026-03-20 10:30
CLM-01800,POL-105402,2026-02-07 15:43,Port Harcourt,Branch,Accident damage,730000,Paid,689000,2026-03-11 16:50
CLM-01801,POL-105404,2026-02-07 20:35,Port Harcourt,Branch,Accident damage,560000,Rejected,,2026-02-27 15:12
CLM-01802,POL-105407,2026-02-08 08:15,Port Harcourt,Web,Theft,5370000,Paid,4599000,2026-03-19 09:26
CLM-01803,POL-105410,2026-02-08 10:27,Lagos,Web,Windscreen,315000,Paid,293000,2026-03-05 08:27
CLM-01804,POL-105412,2026-02-09 11:27,Lagos,Agent,Windscreen,125000,Paid,112000,2026-02-23 08:06
CLM-01805,POL-105415,2026-02-09 20:19,Lagos,Branch,Windscreen,215000,Paid,213000,2026-03-03 14:57
CLM-01806,POL-105418,2026-02-09 09:30,Lagos,Web,Windscreen,445000,Paid,401000,2026-03-03 08:10
CLM-01807,POL-105421,2026-02-09 11:04,Lagos,Branch,Third party,1285000,Paid,1071000,2026-02-24 12:53
CLM-01808,POL-105426,2026-02-09 18:11,Ibadan,Agent,Third party,1110000,Paid,983000,2026-03-25 08:11
CLM-01809,POL-105428,2026-02-09 15:13,Kano,Web,Windscreen,295000,Paid,292000,2026-03-03 08:59
CLM-01810,POL-105431,2026-02-09 07:48,Abuja,Agent,Accident damage,545000,Paid,532000,2026-03-04 08:06
CLM-01811,POL-105433,2026-02-09 16:09,Abuja,Agent,Third party,1770000,Paid,1652000,2026-03-11 08:48
CLM-01812,POL-105437,2026-02-10 15:16,Abuja,Branch,Third party,2060000,Paid,1942000,2026-03-04 08:58
CLM-01813,POL-105440,2026-02-10 14:27,Port Harcourt,Branch,Accident damage,1740000,Paid,1527000,2026-03-04 08:08
CLM-01814,POL-105442,2026-02-10 19:20,Abuja,Agent,Theft,6425000,Withdrawn,,2026-03-16 12:32
CLM-01815,POL-105447,2026-02-10 12:40,Port Harcourt,Phone,Third party,3310000,Rejected,,2026-03-06 15:13
CLM-01816,POL-105450,2026-02-10 20:44,Ibadan,Agent,Accident damage,960000,Paid,856000,2026-03-04 08:44
CLM-01817,POL-105451,2026-02-10 20:40,Lagos,Agent,Third party,1170000,Paid,1010000,2026-03-25 11:05
CLM-01818,POL-105454,2026-02-10 20:01,Kano,Branch,Windscreen,200000,Paid,178000,2026-02-25 08:05
CLM-01819,POL-105458,2026-02-10 20:48,Abuja,Agent,Windscreen,445000,Paid,394000,2026-03-18 08:40
CLM-01820,POL-105460,2026-02-10 11:04,Abuja,Agent,Accident damage,830000,Paid,824000,2026-03-10 16:58
CLM-01821,POL-105464,2026-02-10 17:58,Abuja,Branch,Third party,1345000,Rejected,,2026-02-27 16:49
CLM-01822,POL-105466,2026-02-11 15:29,Port Harcourt,Phone,Windscreen,430000,Paid,376000,2026-03-04 08:23
CLM-01823,POL-105470,2026-02-11 07:18,Lagos,Web,Theft,9900000,Paid,9738000,2026-03-13 08:02
CLM-01824,POL-105474,2026-02-11 18:05,Lagos,Web,Third party,1235000,Paid,1051000,2026-02-26 09:33
CLM-01825,POL-105476,2026-02-11 10:59,Ibadan,Agent,Third party,880000,Paid,760000,2026-03-04 12:59
CLM-01826,POL-105478,2026-02-11 18:06,Kano,Phone,Accident damage,355000,Paid,298000,2026-03-11 09:31
CLM-01827,POL-105481,2026-02-11 12:38,Lagos,Agent,Accident damage,685000,Paid,685000,2026-03-10 09:44
CLM-01828,POL-105485,2026-02-11 09:18,Ibadan,Branch,Accident damage,365000,Paid,355000,2026-03-05 10:16
CLM-01829,POL-105488,2026-02-11 08:18,Abuja,Phone,Accident damage,700000,Paid,598000,2026-03-04 16:35
CLM-01830,POL-105490,2026-02-12 11:40,Lagos,Branch,Accident damage,340000,Paid,291000,2026-03-03 08:23
CLM-01831,POL-105495,2026-02-12 18:43,Port Harcourt,Agent,Windscreen,270000,Withdrawn,,2026-03-20 11:07
CLM-01832,POL-105498,2026-02-12 16:45,Lagos,Agent,Windscreen,410000,Paid,345000,2026-03-12 08:22
CLM-01833,POL-105499,2026-02-12 20:37,Ibadan,Branch,Accident damage,1040000,Paid,893000,2026-03-11 08:50
CLM-01834,POL-105503,2026-02-12 12:31,Lagos,Web,Accident damage,1265000,Paid,1246000,2026-03-05 08:47
CLM-01835,POL-105506,2026-02-12 07:15,Lagos,Branch,Accident damage,860000,Paid,744000,2026-02-23 16:01
CLM-01836,POL-105509,2026-02-12 19:42,Abuja,Agent,Accident damage,1200000,Paid,1094000,2026-03-10 09:00
CLM-01837,POL-105512,2026-02-12 17:09,Lagos,Branch,Theft,7025000,Paid,5846000,2026-03-23 08:57
CLM-01838,POL-105515,2026-02-12 08:44,Kano,Agent,Accident damage,1075000,Paid,1001000,2026-03-11 08:11
CLM-01839,POL-105519,2026-02-12 14:43,Port Harcourt,Agent,Accident damage,920000,Rejected,,2026-03-06 16:57
CLM-01840,POL-105521,2026-02-12 10:20,Abuja,Agent,Theft,5270000,Paid,5242000,2026-03-27 08:07
CLM-01841,POL-105525,2026-02-13 20:32,Kano,Agent,Windscreen,375000,Paid,348000,2026-03-04 08:02
CLM-01842,POL-105526,2026-02-13 08:14,Port Harcourt,Agent,Accident damage,710000,Withdrawn,,2026-03-21 12:33
CLM-01843,POL-105529,2026-02-13 14:14,Abuja,Agent,Windscreen,380000,Paid,354000,2026-03-19 08:39
CLM-01844,POL-105533,2026-02-13 12:17,Lagos,Agent,Windscreen,420000,Paid,416000,2026-03-10 11:06
CLM-01845,POL-105537,2026-02-13 15:43,Lagos,Agent,Accident damage,230000,Paid,228000,2026-03-11 08:55
CLM-01846,POL-105538,2026-02-13 09:49,Ibadan,Agent,Windscreen,430000,Paid,370000,2026-03-10 12:35
CLM-01847,POL-105543,2026-02-13 11:54,Port Harcourt,Agent,Theft,4610000,Paid,4085000,2026-03-17 16:34
CLM-01848,POL-105544,2026-02-14 19:20,Lagos,Branch,Windscreen,260000,Withdrawn,,2026-03-19 11:45
CLM-01849,POL-105547,2026-02-14 20:50,Port Harcourt,Web,Accident damage,1575000,Paid,1449000,2026-04-22 12:03
CLM-01850,POL-105550,2026-02-14 07:33,Port Harcourt,Agent,Theft,3845000,Paid,3749000,2026-03-17 08:34
CLM-01851,POL-105554,2026-02-14 13:39,Port Harcourt,Branch,Windscreen,335000,Rejected,,2026-03-13 16:50
CLM-01852,POL-105557,2026-02-14 10:56,Port Harcourt,Phone,Theft,4060000,Paid,3826000,2026-03-11 15:06
CLM-01853,POL-105560,2026-02-14 12:59,Ibadan,Branch,Accident damage,680000,Paid,667000,2026-03-18 08:40
CLM-01854,POL-105563,2026-02-14 20:54,Lagos,Agent,Accident damage,715000,Paid,640000,2026-03-18 08:27
CLM-01855,POL-105565,2026-02-15 10:40,Kano,Web,Windscreen,295000,Paid,265000,2026-03-19 08:40
CLM-01856,POL-105568,2026-02-15 10:05,Ibadan,Agent,Accident damage,725000,Paid,636000,2026-03-12 10:41
CLM-01857,POL-105572,2026-02-15 07:54,Lagos,Agent,Theft,5360000,Paid,4571000,2026-03-14 09:25
CLM-01858,POL-105575,2026-02-15 14:19,Ibadan,Web,Windscreen,400000,Paid,334000,2026-03-17 14:26
CLM-01859,POL-105579,2026-02-15 07:27,Kano,Agent,Third party,1620000,Paid,1598000,2026-03-11 08:30
CLM-01860,POL-105581,2026-02-16 17:50,Lagos,Agent,Accident damage,385000,Paid,365000,2026-03-11 08:10
CLM-01861,POL-105585,2026-02-16 20:18,Ibadan,Branch,Accident damage,275000,Paid,254000,2026-03-09 13:52
CLM-01862,POL-105587,2026-02-16 11:09,Lagos,Phone,Third party,1520000,Paid,1291000,2026-03-09 08:02
CLM-01863,POL-105591,2026-02-16 19:55,Abuja,Web,Third party,1510000,Paid,1339000,2026-03-18 09:23
CLM-01864,POL-105594,2026-02-16 09:12,Abuja,Agent,Theft,3020000,Rejected,,2026-03-27 15:34
CLM-01865,POL-105597,2026-02-16 19:35,Kano,Agent,Accident damage,1515000,Paid,1309000,2026-03-11 08:27
CLM-01866,POL-105599,2026-02-16 20:33,Ibadan,Web,Windscreen,210000,Paid,207000,2026-03-12 08:27
CLM-01867,POL-105601,2026-02-16 19:35,Ibadan,Agent,Windscreen,130000,Paid,118000,2026-03-10 16:21
CLM-01868,POL-105605,2026-02-16 16:20,Port Harcourt,Web,Third party,970000,Paid,815000,2026-03-18 08:13
CLM-01869,POL-105608,2026-02-16 13:02,Ibadan,Branch,Theft,6775000,Paid,6552000,2026-03-23 08:54
CLM-01870,POL-105612,2026-02-17 19:33,Lagos,Agent,Accident damage,655000,Paid,634000,2026-03-24 13:40
CLM-01871,POL-105615,2026-02-17 17:25,Abuja,Branch,Accident damage,950000,Paid,885000,2026-03-10 10:24
CLM-01872,POL-105618,2026-02-17 12:15,Lagos,Agent,Accident damage,385000,Paid,361000,2026-03-18 11:25
CLM-01873,POL-105619,2026-02-17 19:00,Port Harcourt,Phone,Windscreen,275000,Rejected,,2026-03-06 15:16
CLM-01874,POL-105622,2026-02-17 10:31,Port Harcourt,Phone,Third party,285000,Paid,239000,2026-03-18 08:22
CLM-01875,POL-105625,2026-02-17 09:17,Lagos,Agent,Third party,690000,Paid,630000,2026-03-18 11:55
CLM-01876,POL-105630,2026-02-17 13:07,Lagos,Branch,Third party,1595000,Paid,1521000,2026-03-09 08:21
CLM-01877,POL-105633,2026-02-17 18:14,Lagos,Agent,Third party,2120000,Paid,1803000,2026-03-11 08:25
CLM-01878,POL-105635,2026-02-18 17:45,Kano,Agent,Accident damage,930000,Paid,821000,2026-03-11 08:16
CLM-01879,POL-105639,2026-02-18 07:25,Kano,Agent,Accident damage,340000,Paid,295000,2026-03-11 08:07
CLM-01880,POL-105641,2026-02-18 18:50,Kano,Branch,Accident damage,430000,Paid,427000,2026-03-09 13:44
CLM-01881,POL-105645,2026-02-18 12:57,Lagos,Phone,Windscreen,235000,Paid,217000,2026-03-18 08:42
CLM-01882,POL-105647,2026-02-18 17:36,Lagos,Agent,Accident damage,390000,Paid,354000,2026-03-12 08:20
CLM-01883,POL-105650,2026-02-18 19:58,Lagos,Agent,Theft,3350000,Paid,3016000,2026-03-31 14:43
CLM-01884,POL-105652,2026-02-18 14:54,Abuja,Branch,Accident damage,700000,Paid,674000,2026-03-11 08:19
CLM-01885,POL-105655,2026-02-18 18:31,Port Harcourt,Agent,Theft,12185000,Paid,11473000,2026-03-30 08:24
CLM-01886,POL-105658,2026-02-18 12:41,Kano,Agent,Windscreen,300000,Paid,293000,2026-03-19 08:04
CLM-01887,POL-105662,2026-02-18 07:06,Lagos,Branch,Third party,1900000,Paid,1800000,2026-03-04 08:54
CLM-01888,POL-105664,2026-02-19 14:27,Abuja,Phone,Accident damage,735000,Paid,666000,2026-03-11 08:48
CLM-01889,POL-105669,2026-02-19 19:42,Abuja,Agent,Accident damage,370000,Paid,321000,2026-04-01 08:52
CLM-01890,POL-105670,2026-02-19 07:03,Kano,Agent,Third party,1075000,Paid,1034000,2026-03-11 08:02
CLM-01891,POL-105674,2026-02-19 13:22,Lagos,Agent,Windscreen,400000,Paid,383000,2026-03-11 08:43
CLM-01892,POL-105676,2026-02-19 14:20,Lagos,Agent,Windscreen,260000,Paid,234000,2026-03-18 08:11
CLM-01893,POL-105680,2026-02-19 16:07,Lagos,Agent,Windscreen,190000,Paid,168000,2026-03-25 12:40
CLM-01894,POL-105684,2026-02-19 13:29,Ibadan,Branch,Accident damage,220000,Paid,199000,2026-03-11 08:52
CLM-01895,POL-105685,2026-02-19 17:36,Ibadan,Branch,Windscreen,300000,Paid,289000,2026-03-18 09:09
CLM-01896,POL-105689,2026-02-20 07:43,Lagos,Branch,Third party,1890000,Paid,1764000,2026-03-11 16:06
CLM-01897,POL-105692,2026-02-20 20:38,Lagos,Phone,Accident damage,615000,Paid,612000,2026-03-11 08:31
CLM-01898,POL-105695,2026-02-20 14:36,Abuja,Branch,Accident damage,825000,Paid,691000,2026-03-10 08:04
CLM-01899,POL-105697,2026-02-20 09:12,Lagos,Branch,Accident damage,345000,Withdrawn,,2026-04-01 10:42
CLM-01900,POL-105701,2026-02-20 16:29,Kano,Phone,Windscreen,355000,Paid,332000,2026-03-11 08:53
CLM-01901,POL-105704,2026-02-20 17:59,Kano,Branch,Windscreen,340000,Paid,327000,2026-03-11 08:01
CLM-01902,POL-105707,2026-02-20 11:29,Lagos,Agent,Theft,7470000,Paid,6592000,2026-04-15 08:24
CLM-01903,POL-105711,2026-02-20 09:44,Lagos,Agent,Accident damage,565000,Paid,479000,2026-03-24 14:30
CLM-01904,POL-105714,2026-02-20 12:59,Port Harcourt,Agent,Accident damage,1600000,Paid,1530000,2026-03-11 08:13
CLM-01905,POL-105715,2026-02-20 08:44,Port Harcourt,Branch,Accident damage,340000,Paid,299000,2026-03-11 08:11
CLM-01906,POL-105718,2026-02-20 10:29,Lagos,Web,Windscreen,205000,Paid,204000,2026-03-11 11:01
CLM-01907,POL-105723,2026-02-21 07:51,Lagos,Agent,Theft,3585000,Rejected,,2026-03-20 15:39
CLM-01908,POL-105725,2026-02-21 11:26,Ibadan,Agent,Third party,885000,Paid,742000,2026-03-19 10:58
CLM-01909,POL-105729,2026-02-21 08:37,Ibadan,Agent,Accident damage,940000,Paid,871000,2026-03-17 15:44
CLM-01910,POL-105731,2026-02-21 13:54,Lagos,Web,Theft,6915000,Rejected,,2026-03-06 16:33
CLM-01911,POL-105735,2026-02-21 18:49,Lagos,Agent,Accident damage,275000,Paid,234000,2026-03-11 08:32
CLM-01912,POL-105738,2026-02-21 15:59,Abuja,Branch,Accident damage,630000,Paid,571000,2026-03-17 13:56
CLM-01913,POL-105740,2026-02-21 15:08,Abuja,Agent,Windscreen,195000,Paid,160000,2026-03-18 08:32
CLM-01914,POL-105743,2026-02-21 10:59,Lagos,Branch,Third party,1510000,Paid,1329000,2026-03-10 08:11
CLM-01915,POL-105747,2026-02-21 18:40,Port Harcourt,Agent,Windscreen,160000,Paid,146000,2026-04-09 08:36
CLM-01916,POL-105748,2026-02-21 17:03,Lagos,Web,Accident damage,305000,Paid,252000,2026-03-25 08:51
CLM-01917,POL-105753,2026-02-22 18:19,Ibadan,Phone,Theft,5380000,Paid,4948000,2026-03-21 08:36
CLM-01918,POL-105755,2026-02-22 15:19,Lagos,Agent,Windscreen,360000,Paid,327000,2026-03-26 08:16
CLM-01919,POL-105757,2026-02-22 12:16,Lagos,Branch,Windscreen,300000,Paid,294000,2026-03-11 09:05
CLM-01920,POL-105762,2026-02-22 17:08,Port Harcourt,Agent,Third party,1500000,Paid,1286000,2026-04-02 08:16
CLM-01921,POL-105763,2026-02-22 14:17,Kano,Agent,Windscreen,430000,Paid,372000,2026-04-09 08:26
CLM-01922,POL-105767,2026-02-22 18:50,Port Harcourt,Branch,Accident damage,235000,Paid,229000,2026-03-26 08:19
CLM-01923,POL-105770,2026-02-23 17:51,Lagos,Agent,Accident damage,1045000,Paid,935000,2026-03-30 14:53
CLM-01924,POL-105774,2026-02-23 16:19,Port Harcourt,Branch,Theft,4915000,Rejected,,2026-03-13 15:18
CLM-01925,POL-105775,2026-02-23 12:54,Lagos,Branch,Accident damage,1395000,Paid,1186000,2026-03-11 09:12
CLM-01926,POL-105780,2026-02-23 10:57,Lagos,Branch,Accident damage,655000,Paid,591000,2026-03-10 14:24
CLM-01927,POL-105781,2026-02-23 19:24,Lagos,Agent,Accident damage,1165000,Paid,1107000,2026-04-01 08:58
CLM-01928,POL-105786,2026-02-23 17:12,Lagos,Phone,Accident damage,700000,Paid,689000,2026-04-08 08:31
CLM-01929,POL-105788,2026-02-23 11:57,Lagos,Agent,Accident damage,650000,Paid,570000,2026-03-18 08:00
CLM-01930,POL-105791,2026-02-24 18:38,Kano,Branch,Windscreen,420000,Paid,414000,2026-03-16 16:27
CLM-01931,POL-105795,2026-02-24 10:24,Lagos,Agent,Accident damage,375000,Paid,310000,2026-03-19 08:12
CLM-01932,POL-105797,2026-02-24 17:55,Ibadan,Web,Accident damage,1010000,Paid,881000,2026-04-01 08:30
CLM-01933,POL-105799,2026-02-24 13:29,Lagos,Agent,Third party,945000,Paid,837000,2026-03-26 08:44
CLM-01934,POL-105802,2026-02-24 18:02,Ibadan,Agent,Accident damage,855000,Paid,705000,2026-03-18 08:08
CLM-01935,POL-105807,2026-02-24 16:01,Abuja,Web,Accident damage,1575000,Paid,1427000,2026-03-09 08:39
CLM-01936,POL-105810,2026-02-24 07:42,Lagos,Agent,Third party,455000,Paid,425000,2026-03-19 09:09
CLM-01937,POL-105811,2026-02-24 17:06,Abuja,Agent,Accident damage,1405000,Paid,1287000,2026-03-30 08:01
CLM-01938,POL-105815,2026-02-24 17:50,Ibadan,Phone,Windscreen,420000,Paid,415000,2026-03-18 08:57
CLM-01939,POL-105817,2026-02-25 13:22,Port Harcourt,Web,Theft,6765000,Paid,5939000,2026-03-23 08:49
CLM-01940,POL-105820,2026-02-25 12:18,Lagos,Web,Accident damage,610000,Paid,562000,2026-03-18 08:16
CLM-01941,POL-105824,2026-02-25 16:51,Port Harcourt,Agent,Windscreen,125000,Paid,107000,2026-03-25 08:09
CLM-01942,POL-105827,2026-02-25 11:21,Port Harcourt,Phone,Accident damage,435000,Paid,397000,2026-03-25 08:14
CLM-01943,POL-105829,2026-02-25 09:34,Abuja,Branch,Theft,5680000,Paid,4803000,2026-03-21 15:55
CLM-01944,POL-105833,2026-02-25 07:31,Lagos,Branch,Theft,2685000,Paid,2680000,2026-03-10 10:26
CLM-01945,POL-105837,2026-02-25 13:57,Lagos,Agent,Windscreen,390000,Paid,332000,2026-03-24 10:55
CLM-01946,POL-105839,2026-02-25 19:41,Lagos,Agent,Theft,4680000,Rejected,,2026-03-20 15:00
CLM-01947,POL-105843,2026-02-25 13:56,Lagos,Agent,Windscreen,440000,Paid,387000,2026-03-17 08:49
CLM-01948,POL-105845,2026-02-25 11:33,Lagos,Branch,Accident damage,705000,Paid,671000,2026-03-18 08:25
CLM-01949,POL-105848,2026-02-26 12:26,Lagos,Branch,Accident damage,3345000,Paid,3291000,2026-03-19 08:11
CLM-01950,POL-105851,2026-02-26 14:12,Port Harcourt,Phone,Windscreen,190000,Paid,189000,2026-03-25 08:21
CLM-01951,POL-105854,2026-02-26 10:07,Kano,Branch,Theft,3420000,Paid,2931000,2026-03-19 11:32
CLM-01952,POL-105858,2026-02-26 07:43,Lagos,Phone,Third party,535000,Paid,440000,2026-03-12 08:19
CLM-01953,POL-105860,2026-02-26 11:43,Abuja,Agent,Accident damage,1570000,Paid,1388000,2026-03-24 08:20
CLM-01954,POL-105863,2026-02-26 20:26,Lagos,Branch,Accident damage,620000,Rejected,,2026-03-27 16:21
CLM-01955,POL-105867,2026-02-26 10:59,Ibadan,Phone,Accident damage,1830000,Paid,1806000,2026-04-01 08:46
CLM-01956,POL-105869,2026-02-26 11:48,Lagos,Agent,Accident damage,1240000,Paid,1171000,2026-03-24 08:29
CLM-01957,POL-105871,2026-02-26 09:25,Lagos,Branch,Accident damage,1090000,Paid,1029000,2026-03-18 08:58
CLM-01958,POL-105874,2026-02-26 07:20,Lagos,Agent,Third party,945000,Paid,882000,2026-04-01 08:31
CLM-01959,POL-105879,2026-02-26 12:23,Abuja,Agent,Theft,1960000,Paid,1699000,2026-04-28 09:30
CLM-01960,POL-105880,2026-02-27 16:44,Lagos,Agent,Accident damage,625000,Withdrawn,,2026-04-20 12:00
CLM-01961,POL-105883,2026-02-27 18:16,Abuja,Agent,Third party,1270000,Paid,1144000,2026-04-07 10:30
CLM-01962,POL-105888,2026-02-27 13:52,Lagos,Branch,Windscreen,420000,Paid,378000,2026-03-17 08:26
CLM-01963,POL-105891,2026-02-27 15:15,Kano,Agent,Windscreen,180000,Paid,158000,2026-03-19 08:43
CLM-01964,POL-105894,2026-02-27 15:06,Port Harcourt,Phone,Accident damage,305000,Paid,278000,2026-03-25 14:12
CLM-01965,POL-105895,2026-02-27 09:55,Port Harcourt,Agent,Windscreen,375000,Rejected,,2026-03-27 15:38
CLM-01966,POL-105900,2026-02-27 17:13,Kano,Agent,Accident damage,235000,Paid,219000,2026-03-24 08:41
CLM-01967,POL-105903,2026-02-27 11:11,Port Harcourt,Agent,Windscreen,330000,Paid,311000,2026-03-25 09:35
CLM-01968,POL-105905,2026-02-27 14:24,Abuja,Web,Third party,1025000,Paid,994000,2026-03-18 08:54
CLM-01969,POL-105907,2026-02-27 19:30,Ibadan,Web,Theft,8460000,Paid,7677000,2026-03-21 08:15
CLM-01970,POL-105911,2026-02-27 09:13,Abuja,Web,Accident damage,1260000,Paid,1206000,2026-03-16 08:19
CLM-01971,POL-105914,2026-02-28 17:36,Abuja,Agent,Accident damage,580000,Paid,527000,2026-03-24 10:08
CLM-01972,POL-105916,2026-02-28 17:28,Lagos,Phone,Windscreen,295000,Withdrawn,,2026-04-03 13:38
CLM-01973,POL-105921,2026-02-28 17:40,Port Harcourt,Phone,Windscreen,175000,Paid,153000,2026-04-08 08:19
CLM-01974,POL-105924,2026-02-28 10:42,Lagos,Agent,Third party,1240000,Paid,1193000,2026-03-24 14:48
CLM-01975,POL-105927,2026-02-28 08:36,Ibadan,Web,Third party,590000,Paid,523000,2026-03-26 08:23
CLM-01976,POL-105929,2026-02-28 18:52,Port Harcourt,Agent,Accident damage,390000,Withdrawn,,2026-04-06 10:14
CLM-01977,POL-105931,2026-02-28 15:50,Lagos,Web,Accident damage,915000,Paid,819000,2026-03-18 08:27
CLM-01978,POL-105935,2026-03-01 08:02,Ibadan,Agent,Third party,1510000,Rejected,,2026-03-27 16:04
CLM-01979,POL-105939,2026-03-01 10:56,Lagos,Branch,Windscreen,430000,Paid,418000,2026-04-14 15:07
CLM-01980,POL-105940,2026-03-01 08:43,Lagos,Agent,Accident damage,1090000,Paid,1032000,2026-03-24 15:03
CLM-01981,POL-105943,2026-03-01 16:51,Kano,Branch,Windscreen,295000,Paid,250000,2026-03-18 12:18
CLM-01982,POL-105947,2026-03-01 12:43,Abuja,Agent,Accident damage,605000,Paid,536000,2026-04-01 08:45
CLM-01983,POL-105949,2026-03-01 07:15,Lagos,Branch,Theft,3420000,Paid,3252000,2026-03-17 16:36
CLM-01984,POL-105954,2026-03-02 19:59,Lagos,Web,Windscreen,190000,Paid,180000,2026-03-19 08:28
CLM-01985,POL-105955,2026-03-02 20:35,Lagos,Phone,Accident damage,235000,Paid,231000,2026-03-25 08:03
CLM-01986,POL-105959,2026-03-02 11:42,Ibadan,Web,Accident damage,1415000,Rejected,,2026-03-13 16:02
CLM-01987,POL-105962,2026-03-02 10:25,Abuja,Branch,Windscreen,340000,Paid,331000,2026-03-19 08:48
CLM-01988,POL-105965,2026-03-02 10:03,Abuja,Agent,Accident damage,730000,Paid,720000,2026-03-18 08:26
CLM-01989,POL-105968,2026-03-02 07:09,Abuja,Agent,Accident damage,625000,Paid,522000,2026-03-17 12:33
CLM-01990,POL-105971,2026-03-02 12:14,Abuja,Branch,Windscreen,410000,Paid,344000,2026-03-25 08:48
CLM-01991,POL-105975,2026-03-02 10:11,Ibadan,Phone,Accident damage,1795000,Paid,1653000,2026-03-17 08:33
CLM-01992,POL-105977,2026-03-03 16:57,Lagos,Agent,Theft,9190000,Paid,7920000,2026-04-01 08:21
CLM-01993,POL-105980,2026-03-03 17:54,Port Harcourt,Agent,Accident damage,665000,Paid,656000,2026-03-26 08:59
CLM-01994,POL-105982,2026-03-03 17:42,Lagos,Agent,Accident damage,1095000,Paid,923000,2026-04-21 14:12
CLM-01995,POL-105985,2026-03-03 08:38,Lagos,Web,Windscreen,360000,Paid,307000,2026-03-25 09:55
CLM-01996,POL-105989,2026-03-03 15:25,Abuja,Agent,Windscreen,440000,Paid,385000,2026-03-25 08:38
CLM-01997,POL-105991,2026-03-03 15:33,Abuja,Agent,Windscreen,325000,Paid,305000,2026-04-01 10:38
CLM-01998,POL-105995,2026-03-03 12:33,Lagos,Web,Accident damage,2180000,Paid,2136000,2026-03-24 16:23
CLM-01999,POL-105998,2026-03-03 17:13,Port Harcourt,Web,Windscreen,285000,Withdrawn,,2026-04-11 11:44
CLM-02000,POL-106002,2026-03-03 10:20,Abuja,Web,Accident damage,180000,Paid,170000,2026-03-25 08:04
CLM-02001,POL-106005,2026-03-04 16:44,Port Harcourt,Branch,Accident damage,1005000,Paid,907000,2026-04-09 08:13
CLM-02002,POL-106008,2026-03-04 10:14,Port Harcourt,Agent,Accident damage,730000,Withdrawn,,2026-04-09 08:52
CLM-02003,POL-106009,2026-03-04 20:50,Ibadan,Web,Accident damage,365000,Paid,362000,2026-04-08 09:18
CLM-02004,POL-106012,2026-03-04 18:00,Lagos,Agent,Accident damage,410000,Paid,371000,2026-03-25 08:17
CLM-02005,POL-106017,2026-03-04 15:00,Ibadan,Web,Third party,730000,Paid,615000,2026-03-25 08:56
CLM-02006,POL-106018,2026-03-04 07:39,Lagos,Agent,Third party,1695000,Paid,1645000,2026-04-01 09:33
CLM-02007,POL-106021,2026-03-04 17:43,Abuja,Agent,Accident damage,775000,Rejected,,2026-03-27 16:09
CLM-02008,POL-106024,2026-03-04 08:17,Abuja,Branch,Accident damage,1755000,Paid,1552000,2026-03-25 08:04
CLM-02009,POL-106029,2026-03-04 11:27,Ibadan,Web,Accident damage,405000,Paid,388000,2026-03-31 12:21
CLM-02010,POL-106030,2026-03-04 20:21,Lagos,Branch,Windscreen,370000,Paid,310000,2026-03-25 08:16
CLM-02011,POL-106035,2026-03-04 18:31,Ibadan,Agent,Accident damage,965000,Paid,951000,2026-03-24 14:59
CLM-02012,POL-106038,2026-03-05 16:44,Ibadan,Phone,Windscreen,185000,Withdrawn,,2026-04-16 12:05
CLM-02013,POL-106040,2026-03-05 18:37,Ibadan,Branch,Third party,850000,Withdrawn,,2026-04-08 11:22
CLM-02014,POL-106044,2026-03-05 17:46,Ibadan,Phone,Theft,3785000,Paid,3250000,2026-04-01 08:37
CLM-02015,POL-106047,2026-03-05 09:38,Ibadan,Agent,Windscreen,430000,Paid,376000,2026-03-26 09:02
CLM-02016,POL-106048,2026-03-05 10:26,Port Harcourt,Branch,Windscreen,325000,Paid,311000,2026-03-24 12:18
CLM-02017,POL-106051,2026-03-05 12:54,Kano,Agent,Accident damage,340000,Paid,330000,2026-04-02 08:24
CLM-02018,POL-106054,2026-03-05 11:35,Kano,Branch,Accident damage,1695000,Paid,1526000,2026-03-25 08:28
CLM-02019,POL-106059,2026-03-05 14:23,Port Harcourt,Agent,Windscreen,130000,Paid,123000,2026-04-22 08:41
CLM-02020,POL-106060,2026-03-05 07:10,Lagos,Web,Accident damage,270000,Paid,247000,2026-03-25 08:53
CLM-02021,POL-106064,2026-03-06 19:57,Lagos,Agent,Theft,4060000,Paid,3910000,2026-04-29 12:18
CLM-02022,POL-106067,2026-03-06 09:30,Kano,Web,Windscreen,250000,Paid,208000,2026-03-25 13:08
CLM-02023,POL-106069,2026-03-06 09:52,Lagos,Web,Theft,4385000,Paid,4349000,2026-03-30 15:58
CLM-02024,POL-106074,2026-03-06 18:03,Lagos,Agent,Windscreen,295000,Rejected,,2026-04-03 15:30
CLM-02025,POL-106076,2026-03-06 18:54,Port Harcourt,Agent,Accident damage,270000,Paid,235000,2026-04-07 10:44
CLM-02026,POL-106079,2026-03-06 12:33,Lagos,Agent,Windscreen,425000,Withdrawn,,2026-04-08 10:11
CLM-02027,POL-106082,2026-03-06 12:39,Port Harcourt,Web,Accident damage,520000,Paid,463000,2026-03-25 08:06
CLM-02028,POL-106084,2026-03-06 10:26,Kano,Web,Accident damage,510000,Paid,451000,2026-03-25 08:44
CLM-02029,POL-106089,2026-03-06 19:52,Ibadan,Agent,Windscreen,270000,Paid,269000,2026-03-24 14:05
CLM-02030,POL-106092,2026-03-06 15:33,Ibadan,Web,Windscreen,325000,Paid,278000,2026-04-09 08:44
CLM-02031,POL-106094,2026-03-06 16:00,Abuja,Branch,Windscreen,135000,Withdrawn,,2026-04-29 10:40
CLM-02032,POL-106097,2026-03-07 17:29,Abuja,Phone,Windscreen,190000,Withdrawn,,2026-04-22 16:03
CLM-02033,POL-106099,2026-03-07 20:07,Lagos,Agent,Accident damage,180000,Paid,160000,2026-03-31 10:35
CLM-02034,POL-106103,2026-03-07 08:30,Port Harcourt,Phone,Third party,355000,Paid,353000,2026-04-09 08:00
CLM-02035,POL-106107,2026-03-07 13:33,Port Harcourt,Branch,Accident damage,695000,Paid,597000,2026-03-25 08:21
CLM-02036,POL-106108,2026-03-07 19:14,Kano,Branch,Accident damage,520000,Paid,485000,2026-04-20 14:20
CLM-02037,POL-106113,2026-03-07 16:29,Kano,Phone,Windscreen,300000,Rejected,,2026-03-20 16:08
CLM-02038,POL-106116,2026-03-07 12:52,Kano,Agent,Third party,2370000,Paid,2315000,2026-04-07 08:05
CLM-02039,POL-106117,2026-03-08 12:40,Abuja,Phone,Accident damage,1110000,Paid,936000,2026-03-31 08:50
CLM-02040,POL-106122,2026-03-08 07:17,Lagos,Agent,Accident damage,820000,Withdrawn,,2026-04-18 12:00
CLM-02041,POL-106124,2026-03-08 14:51,Lagos,Branch,Third party,1730000,Paid,1681000,2026-03-31 10:11
CLM-02042,POL-106126,2026-03-08 20:32,Lagos,Phone,Accident damage,1135000,Paid,959000,2026-04-07 12:29
CLM-02043,POL-106131,2026-03-08 16:00,Ibadan,Agent,Theft,5250000,Paid,4962000,2026-04-25 08:59
CLM-02044,POL-106134,2026-03-08 16:45,Ibadan,Web,Accident damage,1065000,Paid,989000,2026-03-24 13:33
CLM-02045,POL-106137,2026-03-09 12:30,Abuja,Branch,Accident damage,690000,Rejected,,2026-04-10 15:28
CLM-02046,POL-106139,2026-03-09 08:53,Abuja,Branch,Accident damage,1180000,Paid,1081000,2026-04-08 08:54
CLM-02047,POL-106141,2026-03-09 19:24,Lagos,Agent,Windscreen,415000,Withdrawn,,2026-04-15 09:44
CLM-02048,POL-106146,2026-03-09 12:56,Kano,Branch,Accident damage,615000,Paid,512000,2026-03-24 16:00
CLM-02049,POL-106149,2026-03-09 16:15,Lagos,Agent,Accident damage,690000,Paid,588000,2026-03-31 14:48
CLM-02050,POL-106150,2026-03-09 10:41,Ibadan,Agent,Windscreen,255000,Paid,210000,2026-04-06 10:28
CLM-02051,POL-106155,2026-03-09 10:06,Kano,Agent,Windscreen,200000,Paid,190000,2026-04-01 08:35
CLM-02052,POL-106158,2026-03-09 07:19,Lagos,Agent,Accident damage,215000,Paid,194000,2026-04-06 08:35
CLM-02053,POL-106159,2026-03-09 12:38,Kano,Agent,Third party,515000,Paid,471000,2026-04-01 08:53
CLM-02054,POL-106163,2026-03-10 14:19,Abuja,Web,Accident damage,520000,Paid,473000,2026-03-25 10:20
CLM-02055,POL-106166,2026-03-10 07:38,Lagos,Branch,Theft,5960000,Paid,5865000,2026-04-10 12:09
CLM-02056,POL-106168,2026-03-10 14:29,Ibadan,Phone,Windscreen,295000,Paid,262000,2026-04-27 08:41
CLM-02057,POL-106172,2026-03-10 19:00,Abuja,Web,Theft,3865000,Paid,3629000,2026-03-31 08:20
CLM-02058,POL-106176,2026-03-10 09:41,Ibadan,Phone,Third party,845000,Paid,780000,2026-04-01 08:19
CLM-02059,POL-106179,2026-03-10 17:35,Lagos,Agent,Accident damage,620000,Paid,613000,2026-04-15 08:58
CLM-02060,POL-106182,2026-03-10 09:32,Ibadan,Agent,Windscreen,405000,Paid,403000,2026-03-31 11:18
CLM-02061,POL-106185,2026-03-10 14:21,Kano,Agent,Accident damage,670000,Paid,646000,2026-04-07 08:17
CLM-02062,POL-106186,2026-03-10 10:09,Lagos,Branch,Accident damage,260000,Paid,230000,2026-04-01 14:59
CLM-02063,POL-106189,2026-03-10 13:44,Lagos,Agent,Accident damage,1310000,Paid,1173000,2026-04-15 08:27
CLM-02064,POL-106194,2026-03-11 13:47,Kano,Branch,Windscreen,380000,Paid,326000,2026-04-02 08:43
CLM-02065,POL-106197,2026-03-11 15:35,Lagos,Web,Windscreen,175000,Paid,157000,2026-04-07 15:57
CLM-02066,POL-106200,2026-03-11 12:08,Port Harcourt,Branch,Windscreen,415000,Paid,369000,2026-04-01 08:03
CLM-02067,POL-106202,2026-03-11 13:05,Abuja,Phone,Accident damage,850000,Paid,745000,2026-04-08 08:37
CLM-02068,POL-106204,2026-03-11 08:19,Port Harcourt,Web,Windscreen,195000,Paid,187000,2026-04-02 08:04
CLM-02069,POL-106207,2026-03-11 12:16,Ibadan,Phone,Theft,4610000,Paid,3928000,2026-04-07 09:23
CLM-02070,POL-106210,2026-03-11 13:51,Kano,Branch,Accident damage,455000,Paid,446000,2026-03-31 10:47
CLM-02071,POL-106213,2026-03-12 14:54,Lagos,Branch,Windscreen,395000,Paid,342000,2026-04-09 08:34
CLM-02072,POL-106218,2026-03-12 20:40,Ibadan,Web,Accident damage,2080000,Paid,1874000,2026-04-01 08:57
CLM-02073,POL-106219,2026-03-12 20:38,Kano,Phone,Windscreen,170000,Paid,170000,2026-04-02 08:50
CLM-02074,POL-106222,2026-03-12 13:00,Port Harcourt,Phone,Windscreen,225000,Paid,217000,2026-04-15 08:09
CLM-02075,POL-106227,2026-03-12 08:19,Lagos,Branch,Third party,1335000,Paid,1181000,2026-04-01 08:38
CLM-02076,POL-106228,2026-03-12 10:31,Abuja,Web,Accident damage,560000,Paid,507000,2026-04-01 14:40
CLM-02077,POL-106233,2026-03-12 10:57,Port Harcourt,Branch,Theft,6255000,Paid,5146000,2026-04-09 16:32
CLM-02078,POL-106236,2026-03-12 14:26,Lagos,Branch,Windscreen,190000,Paid,166000,2026-04-01 09:39
CLM-02079,POL-106237,2026-03-12 18:10,Abuja,Agent,Accident damage,530000,Paid,482000,2026-04-14 13:03
CLM-02080,POL-106240,2026-03-12 13:42,Kano,Agent,Third party,525000,Rejected,,2026-04-10 16:10
CLM-02081,POL-106243,2026-03-13 15:58,Port Harcourt,Agent,Accident damage,1205000,Paid,1176000,2026-04-07 08:24
CLM-02082,POL-106248,2026-03-13 17:45,Abuja,Branch,Windscreen,200000,Paid,193000,2026-04-01 08:50
CLM-02083,POL-106249,2026-03-13 16:26,Abuja,Agent,Accident damage,875000,Paid,857000,2026-04-08 13:14
CLM-02084,POL-106252,2026-03-13 19:08,Lagos,Agent,Third party,655000,Paid,573000,2026-04-08 08:00
CLM-02085,POL-106256,2026-03-13 15:00,Lagos,Web,Accident damage,335000,Rejected,,2026-03-27 15:40
CLM-02086,POL-106259,2026-03-13 11:33,Lagos,Branch,Accident damage,610000,Paid,510000,2026-04-01 08:26
CLM-02087,POL-106263,2026-03-13 16:25,Lagos,Agent,Accident damage,130000,Paid,116000,2026-04-22 08:16
CLM-02088,POL-106264,2026-03-13 20:54,Ibadan,Web,Accident damage,340000,Paid,314000,2026-04-01 08:29
CLM-02089,POL-106268,2026-03-13 18:12,Lagos,Branch,Theft,14240000,Paid,13088000,2026-04-06 08:33
CLM-02090,POL-106270,2026-03-13 17:50,Lagos,Web,Accident damage,525000,Paid,459000,2026-04-01 08:17
CLM-02091,POL-106274,2026-03-13 14:04,Lagos,Branch,Windscreen,410000,Paid,360000,2026-04-09 08:53
CLM-02092,POL-106276,2026-03-14 15:06,Abuja,Agent,Third party,1140000,Paid,1064000,2026-04-01 09:53
CLM-02093,POL-106279,2026-03-14 14:33,Ibadan,Agent,Accident damage,485000,Paid,463000,2026-04-08 08:26
CLM-02094,POL-106282,2026-03-14 20:11,Port Harcourt,Web,Third party,380000,Paid,366000,2026-04-08 08:38
CLM-02095,POL-106286,2026-03-14 12:02,Lagos,Branch,Windscreen,185000,Paid,183000,2026-03-31 08:58
CLM-02096,POL-106290,2026-03-14 10:08,Ibadan,Agent,Windscreen,140000,Paid,140000,2026-04-01 08:51
CLM-02097,POL-106291,2026-03-14 09:47,Ibadan,Agent,Accident damage,235000,Paid,207000,2026-04-08 08:54
CLM-02098,POL-106295,2026-03-14 16:55,Port Harcourt,Phone,Accident damage,725000,Paid,626000,2026-03-31 12:37
CLM-02099,POL-106299,2026-03-15 07:51,Abuja,Web,Windscreen,390000,Paid,348000,2026-04-21 16:43
CLM-02100,POL-106302,2026-03-15 13:31,Lagos,Branch,Accident damage,715000,Paid,641000,2026-04-02 08:32
CLM-02101,POL-106304,2026-03-15 13:43,Lagos,Agent,Accident damage,1070000,Paid,1060000,2026-04-23 08:22
CLM-02102,POL-106308,2026-03-15 17:34,Abuja,Web,Accident damage,720000,Rejected,,2026-04-03 16:13
CLM-02103,POL-106309,2026-03-15 15:49,Kano,Branch,Accident damage,960000,Withdrawn,,2026-04-16 14:04
CLM-02104,POL-106313,2026-03-15 08:53,Port Harcourt,Branch,Third party,700000,Withdrawn,,2026-04-17 11:02
CLM-02105,POL-106316,2026-03-16 17:54,Port Harcourt,Phone,Accident damage,430000,Paid,357000,2026-04-09 08:58
CLM-02106,POL-106318,2026-03-16 09:00,Lagos,Branch,Windscreen,375000,Paid,366000,2026-04-08 08:54
CLM-02107,POL-106322,2026-03-16 15:52,Abuja,Web,Accident damage,2875000,Paid,2867000,2026-04-08 09:39
CLM-02108,POL-106324,2026-03-16 18:08,Kano,Web,Accident damage,550000,Paid,480000,2026-04-09 08:46
CLM-02109,POL-106329,2026-03-16 08:10,Abuja,Branch,Third party,2065000,Paid,1841000,2026-03-30 08:38
CLM-02110,POL-106331,2026-03-16 15:16,Lagos,Branch,Theft,4225000,Paid,4155000,2026-04-23 08:50
CLM-02111,POL-106334,2026-03-16 17:21,Lagos,Phone,Third party,580000,Paid,529000,2026-04-21 10:10
CLM-02112,POL-106337,2026-03-17 12:25,Kano,Agent,Third party,1095000,Paid,1023000,2026-04-08 12:32
CLM-02113,POL-106340,2026-03-17 10:42,Port Harcourt,Phone,Theft,7270000,Paid,6063000,2026-04-30 11:23
CLM-02114,POL-106344,2026-03-17 10:59,Abuja,Agent,Accident damage,335000,Rejected,,2026-04-03 15:04
CLM-02115,POL-106347,2026-03-17 09:48,Port Harcourt,Web,Theft,8605000,Paid,7989000,2026-04-20 10:28
CLM-02116,POL-106350,2026-03-17 11:50,Kano,Branch,Accident damage,245000,Withdrawn,,2026-04-27 14:22
CLM-02117,POL-106353,2026-03-17 14:44,Abuja,Web,Accident damage,590000,Rejected,,2026-04-03 16:21
CLM-02118,POL-106354,2026-03-17 09:46,Ibadan,Agent,Windscreen,210000,Paid,209000,2026-04-29 08:15
CLM-02119,POL-106358,2026-03-17 12:44,Ibadan,Branch,Theft,7765000,Paid,6487000,2026-04-18 08:49
CLM-02120,POL-106360,2026-03-17 12:10,Lagos,Phone,Accident damage,1320000,Paid,1140000,2026-04-07 08:26
CLM-02121,POL-106364,2026-03-18 20:39,Abuja,Web,Windscreen,140000,Paid,134000,2026-04-15 12:35
CLM-02122,POL-106366,2026-03-18 10:08,Port Harcourt,Branch,Third party,800000,Paid,699000,2026-04-08 15:45
CLM-02123,POL-106371,2026-03-18 15:19,Lagos,Web,Accident damage,1430000,Paid,1225000,2026-04-08 08:07
CLM-02124,POL-106373,2026-03-18 11:11,Port Harcourt,Agent,Windscreen,305000,Paid,251000,2026-04-15 08:48
CLM-02125,POL-106375,2026-03-18 11:44,Kano,Branch,Windscreen,340000,Paid,306000,2026-04-01 08:19
CLM-02126,POL-106378,2026-03-18 15:28,Lagos,Web,Windscreen,240000,Paid,225000,2026-04-07 12:22
CLM-02127,POL-106382,2026-03-18 16:28,Lagos,Phone,Accident damage,155000,Paid,146000,2026-04-09 08:06
CLM-02128,POL-106384,2026-03-18 08:41,Lagos,Web,Theft,4075000,Rejected,,2026-04-03 15:00
CLM-02129,POL-106388,2026-03-18 13:14,Abuja,Branch,Third party,1335000,Paid,1248000,2026-04-06 08:50
CLM-02130,POL-106391,2026-03-18 07:36,Port Harcourt,Branch,Theft,6730000,Paid,5736000,2026-04-06 08:03
CLM-02131,POL-106393,2026-03-19 07:34,Lagos,Agent,Accident damage,1475000,Paid,1321000,2026-04-27 09:58
CLM-02132,POL-106398,2026-03-19 20:40,Ibadan,Branch,Accident damage,385000,Paid,364000,2026-04-15 08:18
CLM-02133,POL-106399,2026-03-19 18:48,Ibadan,Agent,Third party,555000,Paid,514000,2026-04-22 08:29
CLM-02134,POL-106402,2026-03-19 20:28,Kano,Web,Accident damage,1165000,Paid,1075000,2026-04-07 15:07
CLM-02135,POL-106405,2026-03-19 13:13,Port Harcourt,Branch,Accident damage,600000,Paid,528000,2026-04-07 08:05
CLM-02136,POL-106410,2026-03-19 15:21,Ibadan,Agent,Theft,3930000,Withdrawn,,2026-05-02 12:13
CLM-02137,POL-106412,2026-03-19 17:22,Abuja,Phone,Windscreen,375000,Paid,375000,2026-04-07 10:51
CLM-02138,POL-106414,2026-03-19 14:06,Port Harcourt,Agent,Accident damage,1185000,Paid,992000,2026-04-22 09:36
CLM-02139,POL-106419,2026-03-19 19:04,Abuja,Web,Accident damage,635000,Paid,562000,2026-04-07 10:22
CLM-02140,POL-106422,2026-03-19 11:34,Lagos,Branch,Accident damage,835000,Paid,795000,2026-04-15 10:30
CLM-02141,POL-106423,2026-03-19 17:59,Kano,Phone,Accident damage,620000,Paid,575000,2026-04-08 16:49
CLM-02142,POL-106426,2026-03-20 19:37,Ibadan,Branch,Windscreen,135000,Paid,130000,2026-04-14 13:11
CLM-02143,POL-106429,2026-03-20 12:32,Port Harcourt,Agent,Windscreen,360000,Paid,355000,2026-04-29 08:46
CLM-02144,POL-106432,2026-03-20 11:34,Kano,Branch,Accident damage,1770000,Paid,1531000,2026-04-07 13:46
CLM-02145,POL-106436,2026-03-20 11:00,Port Harcourt,Agent,Accident damage,535000,Withdrawn,,2026-05-06 11:05
CLM-02146,POL-106438,2026-03-20 14:07,Lagos,Web,Accident damage,1170000,Withdrawn,,2026-04-20 11:13
CLM-02147,POL-106441,2026-03-20 14:14,Port Harcourt,Agent,Third party,1015000,Paid,925000,2026-04-22 08:14
CLM-02148,POL-106446,2026-03-20 18:06,Abuja,Branch,Windscreen,420000,Paid,370000,2026-04-21 08:32
CLM-02149,POL-106447,2026-03-21 19:02,Lagos,Web,Accident damage,700000,Withdrawn,,2026-05-04 12:59
CLM-02150,POL-106452,2026-03-21 20:58,Kano,Web,Windscreen,440000,Paid,398000,2026-04-07 08:44
CLM-02151,POL-106454,2026-03-21 17:27,Lagos,Branch,Accident damage,340000,Withdrawn,,2026-04-24 13:11
CLM-02152,POL-106457,2026-03-21 17:54,Lagos,Branch,Accident damage,345000,Paid,321000,2026-04-08 08:40
CLM-02153,POL-106460,2026-03-21 18:18,Lagos,Web,Accident damage,555000,Paid,475000,2026-04-09 08:22
CLM-02154,POL-106463,2026-03-21 18:21,Port Harcourt,Branch,Accident damage,1720000,Paid,1423000,2026-04-22 08:22
CLM-02155,POL-106467,2026-03-21 12:54,Lagos,Branch,Accident damage,915000,Paid,860000,2026-04-29 08:44
CLM-02156,POL-106470,2026-03-21 13:00,Lagos,Web,Theft,11380000,Rejected,,2026-04-03 16:22
CLM-02157,POL-106473,2026-03-21 15:41,Port Harcourt,Agent,Third party,1025000,Paid,899000,2026-04-28 08:32
CLM-02158,POL-106476,2026-03-21 09:07,Kano,Web,Windscreen,200000,Paid,165000,2026-04-08 12:05
CLM-02159,POL-106478,2026-03-21 10:25,Ibadan,Agent,Accident damage,530000,Paid,505000,2026-04-08 08:40
CLM-02160,POL-106481,2026-03-22 14:05,Kano,Web,Theft,9050000,Paid,8254000,2026-04-21 12:35
CLM-02161,POL-106484,2026-03-22 19:23,Kano,Branch,Third party,1830000,Paid,1773000,2026-04-15 08:02
CLM-02162,POL-106488,2026-03-22 19:27,Ibadan,Branch,Third party,565000,Paid,528000,2026-04-15 12:31
CLM-02163,POL-106490,2026-03-22 17:17,Ibadan,Branch,Accident damage,385000,Paid,350000,2026-04-06 08:28
CLM-02164,POL-106492,2026-03-22 12:38,Port Harcourt,Phone,Third party,1810000,Paid,1577000,2026-04-21 09:16
CLM-02165,POL-106495,2026-03-22 17:46,Kano,Web,Third party,835000,Paid,762000,2026-04-08 08:21
CLM-02166,POL-106498,2026-03-23 08:57,Port Harcourt,Phone,Theft,4570000,Paid,4385000,2026-04-09 08:07
CLM-02167,POL-106502,2026-03-23 18:19,Ibadan,Phone,Third party,500000,Withdrawn,,2026-05-09 11:19
CLM-02168,POL-106506,2026-03-23 08:16,Port Harcourt,Agent,Third party,1395000,Paid,1347000,2026-04-22 08:58
CLM-02169,POL-106509,2026-03-23 14:23,Port Harcourt,Branch,Windscreen,400000,Paid,358000,2026-04-21 08:19
CLM-02170,POL-106511,2026-03-23 16:25,Kano,Agent,Third party,760000,Paid,700000,2026-04-13 08:13
CLM-02171,POL-106513,2026-03-23 20:23,Lagos,Phone,Theft,5265000,Paid,4994000,2026-04-24 16:13
CLM-02172,POL-106518,2026-03-23 15:39,Lagos,Branch,Accident damage,385000,Paid,370000,2026-04-29 10:54
CLM-02173,POL-106521,2026-03-23 18:18,Lagos,Branch,Accident damage,200000,Withdrawn,,2026-04-24 12:08
CLM-02174,POL-106524,2026-03-24 07:32,Port Harcourt,Agent,Theft,3345000,Paid,3234000,2026-04-21 13:13
CLM-02175,POL-106526,2026-03-24 16:11,Abuja,Agent,Third party,560000,Paid,536000,2026-04-22 08:03
CLM-02176,POL-106528,2026-03-24 20:29,Lagos,Agent,Accident damage,1165000,Paid,1039000,2026-04-14 08:49
CLM-02177,POL-106533,2026-03-24 18:19,Port Harcourt,Agent,Accident damage,1380000,Paid,1223000,2026-04-14 12:29
CLM-02178,POL-106536,2026-03-24 09:18,Abuja,Agent,Windscreen,360000,Paid,343000,2026-04-23 08:11
CLM-02179,POL-106538,2026-03-24 19:04,Lagos,Agent,Accident damage,335000,Paid,276000,2026-04-15 12:56
CLM-02180,POL-106540,2026-03-24 20:24,Lagos,Branch,Accident damage,2455000,Paid,2200000,2026-04-14 13:10
CLM-02181,POL-106545,2026-03-24 16:58,Abuja,Web,Third party,1030000,Rejected,,2026-04-10 16:45
CLM-02182,POL-106547,2026-03-24 11:12,Kano,Branch,Accident damage,750000,Paid,731000,2026-04-06 09:28
CLM-02183,POL-106550,2026-03-24 10:50,Abuja,Phone,Windscreen,360000,Paid,305000,2026-04-14 10:53
CLM-02184,POL-106554,2026-03-24 11:27,Port Harcourt,Phone,Windscreen,290000,Rejected,,2026-04-10 16:54
CLM-02185,POL-106556,2026-03-25 12:41,Lagos,Branch,Accident damage,1035000,Paid,992000,2026-04-15 08:39
CLM-02186,POL-106558,2026-03-25 12:30,Abuja,Web,Accident damage,375000,Paid,372000,2026-04-16 08:31
CLM-02187,POL-106563,2026-03-25 14:52,Port Harcourt,Phone,Windscreen,420000,Paid,373000,2026-04-15 08:36
CLM-02188,POL-106566,2026-03-25 15:10,Ibadan,Branch,Windscreen,435000,Paid,360000,2026-04-16 08:00
CLM-02189,POL-106568,2026-03-25 14:11,Port Harcourt,Agent,Accident damage,250000,Withdrawn,,2026-05-02 16:33
CLM-02190,POL-106570,2026-03-25 07:50,Port Harcourt,Web,Third party,2115000,Paid,1754000,2026-04-15 10:35
CLM-02191,POL-106573,2026-03-25 13:03,Lagos,Agent,Accident damage,1235000,Paid,1188000,2026-04-14 08:50
CLM-02192,POL-106577,2026-03-25 10:10,Port Harcourt,Web,Accident damage,220000,Paid,217000,2026-04-08 08:01
CLM-02193,POL-106579,2026-03-25 11:05,Port Harcourt,Agent,Windscreen,210000,Paid,200000,2026-04-22 08:05
CLM-02194,POL-106583,2026-03-26 12:00,Lagos,Web,Accident damage,1220000,Paid,1186000,2026-04-15 08:00
CLM-02195,POL-106587,2026-03-26 15:16,Port Harcourt,Phone,Windscreen,330000,Paid,327000,2026-04-28 08:11
CLM-02196,POL-106590,2026-03-26 18:46,Kano,Agent,Third party,1970000,Paid,1963000,2026-04-29 08:48
CLM-02197,POL-106592,2026-03-26 14:01,Ibadan,Phone,Accident damage,695000,Withdrawn,,2026-04-27 11:43
CLM-02198,POL-106595,2026-03-26 10:18,Lagos,Phone,Windscreen,240000,Rejected,,2026-04-10 16:42
CLM-02199,POL-106598,2026-03-26 09:00,Ibadan,Agent,Third party,780000,Paid,692000,2026-05-13 11:09
CLM-02200,POL-106600,2026-03-26 17:49,Port Harcourt,Agent,Windscreen,205000,Paid,182000,2026-04-29 11:40
CLM-02201,POL-106604,2026-03-26 11:22,Port Harcourt,Phone,Accident damage,235000,Paid,212000,2026-04-21 08:03
CLM-02202,POL-106606,2026-03-26 08:38,Lagos,Agent,Theft,4015000,Paid,3387000,2026-04-22 08:22
CLM-02203,POL-106610,2026-03-26 16:47,Lagos,Branch,Third party,1490000,Paid,1252000,2026-04-29 11:47
CLM-02204,POL-106613,2026-03-26 10:53,Port Harcourt,Phone,Accident damage,390000,Paid,331000,2026-04-21 09:42
CLM-02205,POL-106616,2026-03-27 10:17,Lagos,Agent,Windscreen,205000,Paid,200000,2026-05-06 08:17
CLM-02206,POL-106620,2026-03-27 13:13,Abuja,Web,Third party,1430000,Rejected,,2026-04-10 16:02
CLM-02207,POL-106621,2026-03-27 12:17,Abuja,Branch,Accident damage,315000,Paid,294000,2026-04-14 09:41
CLM-02208,POL-106624,2026-03-27 12:10,Kano,Agent,Accident damage,795000,Rejected,,2026-04-17 16:00
CLM-02209,POL-106629,2026-03-27 12:13,Ibadan,Agent,Accident damage,1830000,Paid,1740000,2026-04-22 08:51
CLM-02210,POL-106631,2026-03-27 13:44,Lagos,Agent,Accident damage,515000,Paid,457000,2026-04-22 08:50
CLM-02211,POL-106634,2026-03-27 16:43,Port Harcourt,Web,Accident damage,595000,Paid,522000,2026-04-23 08:22
CLM-02212,POL-106636,2026-03-28 12:29,Ibadan,Phone,Windscreen,230000,Paid,193000,2026-04-29 08:25
CLM-02213,POL-106640,2026-03-28 07:26,Kano,Phone,Accident damage,710000,Paid,647000,2026-04-20 10:24
CLM-02214,POL-106643,2026-03-28 20:38,Lagos,Branch,Accident damage,1070000,Paid,885000,2026-04-22 08:04
CLM-02215,POL-106647,2026-03-28 07:08,Abuja,Phone,Accident damage,1140000,Paid,1103000,2026-04-22 09:30
CLM-02216,POL-106650,2026-03-28 17:13,Lagos,Phone,Windscreen,350000,Paid,343000,2026-04-22 08:37
CLM-02217,POL-106653,2026-03-28 07:57,Abuja,Branch,Windscreen,260000,Paid,232000,2026-05-06 08:25
CLM-02218,POL-106654,2026-03-28 08:05,Lagos,Branch,Theft,4635000,Paid,4469000,2026-04-29 08:55
CLM-02219,POL-106658,2026-03-29 08:50,Lagos,Agent,Accident damage,3785000,Paid,3734000,2026-04-16 08:51
CLM-02220,POL-106662,2026-03-29 13:02,Lagos,Branch,Accident damage,465000,Paid,397000,2026-04-29 08:23
CLM-02221,POL-106663,2026-03-29 17:06,Abuja,Web,Accident damage,265000,Paid,262000,2026-04-16 12:06
CLM-02222,POL-106667,2026-03-29 20:59,Lagos,Phone,Windscreen,325000,Paid,282000,2026-04-21 12:22
CLM-02223,POL-106669,2026-03-29 20:53,Abuja,Agent,Windscreen,160000,Paid,136000,2026-05-11 12:24
CLM-02224,POL-106673,2026-03-30 17:44,Lagos,Phone,Accident damage,740000,Withdrawn,,2026-05-13 11:07
CLM-02225,POL-106677,2026-03-30 11:09,Abuja,Branch,Accident damage,460000,Paid,451000,2026-04-14 13:01
CLM-02226,POL-106680,2026-03-30 18:17,Abuja,Agent,Accident damage,480000,Paid,426000,2026-04-21 10:13
CLM-02227,POL-106683,2026-03-30 08:45,Ibadan,Branch,Theft,6480000,Paid,6083000,2026-04-20 11:32
CLM-02228,POL-106684,2026-03-30 13:19,Lagos,Branch,Windscreen,155000,Paid,136000,2026-04-15 09:37
CLM-02229,POL-106687,2026-03-30 20:05,Abuja,Agent,Accident damage,1300000,Paid,1110000,2026-05-20 08:42
CLM-02230,POL-106690,2026-03-30 07:13,Lagos,Agent,Theft,4645000,Paid,4395000,2026-05-04 08:28
CLM-02231,POL-106695,2026-03-30 11:03,Lagos,Web,Accident damage,880000,Paid,722000,2026-04-21 08:53
CLM-02232,POL-106696,2026-03-31 09:43,Abuja,Agent,Accident damage,540000,Paid,493000,2026-04-28 10:22
CLM-02233,POL-106701,2026-03-31 12:02,Port Harcourt,Agent,Third party,735000,Paid,673000,2026-05-20 16:04
CLM-02234,POL-106703,2026-03-31 18:58,Kano,Phone,Windscreen,305000,Paid,296000,2026-04-14 08:15
CLM-02235,POL-106705,2026-03-31 18:19,Lagos,Web,Windscreen,365000,Paid,359000,2026-04-30 08:40
CLM-02236,POL-106708,2026-03-31 15:37,Lagos,Phone,Accident damage,615000,Paid,583000,2026-04-28 16:00
CLM-02237,POL-106711,2026-03-31 15:27,Kano,Branch,Accident damage,1320000,Paid,1254000,2026-04-14 12:55
CLM-02238,POL-106716,2026-03-31 11:29,Ibadan,Web,Windscreen,445000,Paid,399000,2026-04-22 08:23
CLM-02239,POL-106719,2026-03-31 11:48,Lagos,Agent,Accident damage,435000,Withdrawn,,2026-05-04 10:08
CLM-02240,POL-106720,2026-04-01 14:07,Port Harcourt,Branch,Accident damage,205000,Paid,175000,2026-04-22 08:45
CLM-02241,POL-106724,2026-04-01 08:47,Abuja,Agent,Windscreen,220000,Withdrawn,,2026-05-04 11:11
CLM-02242,POL-106726,2026-04-01 14:14,Ibadan,Agent,Theft,5225000,Rejected,,2026-05-01 15:56
CLM-02243,POL-106729,2026-04-01 11:44,Lagos,Branch,Accident damage,2570000,Paid,2190000,2026-04-20 08:50
CLM-02244,POL-106732,2026-04-01 11:27,Lagos,Phone,Windscreen,120000,Paid,119000,2026-04-09 08:03
CLM-02245,POL-106736,2026-04-01 17:37,Lagos,Web,Accident damage,545000,Paid,478000,2026-04-22 08:53
CLM-02246,POL-106738,2026-04-01 20:24,Lagos,Phone,Windscreen,175000,Paid,169000,2026-04-09 08:36
CLM-02247,POL-106743,2026-04-01 17:11,Lagos,Branch,Accident damage,565000,Paid,565000,2026-04-21 16:02
CLM-02248,POL-106746,2026-04-01 07:47,Lagos,Agent,Accident damage,1860000,Paid,1556000,2026-04-21 14:25
CLM-02249,POL-106748,2026-04-01 18:15,Lagos,Branch,Accident damage,435000,Paid,403000,2026-04-17 08:22
CLM-02250,POL-106752,2026-04-01 12:14,Ibadan,Branch,Accident damage,525000,Paid,520000,2026-04-21 14:24
CLM-02251,POL-106754,2026-04-01 16:03,Lagos,Agent,Accident damage,245000,Paid,240000,2026-04-13 11:07
CLM-02252,POL-106756,2026-04-02 07:46,Lagos,Branch,Theft,5035000,Paid,4660000,2026-05-04 08:04
CLM-02253,POL-106759,2026-04-02 08:50,Ibadan,Web,Windscreen,125000,Paid,121000,2026-04-20 08:24
CLM-02254,POL-106763,2026-04-02 20:58,Lagos,Agent,Windscreen,445000,Paid,405000,2026-04-11 08:10
CLM-02255,POL-106766,2026-04-02 11:52,Ibadan,Agent,Accident damage,810000,Paid,766000,2026-04-29 08:29
CLM-02256,POL-106770,2026-04-02 14:39,Kano,Branch,Accident damage,2410000,Paid,2187000,2026-04-29 08:57
CLM-02257,POL-106772,2026-04-02 13:53,Kano,Agent,Windscreen,445000,Paid,365000,2026-05-07 08:53
CLM-02258,POL-106774,2026-04-02 14:00,Lagos,Agent,Third party,950000,Paid,854000,2026-04-23 08:26
CLM-02259,POL-106778,2026-04-02 08:24,Port Harcourt,Agent,Windscreen,375000,Paid,317000,2026-04-29 08:41
CLM-02260,POL-106781,2026-04-02 16:23,Abuja,Phone,Accident damage,430000,Paid,379000,2026-04-21 14:20
CLM-02261,POL-106783,2026-04-03 12:25,Lagos,Phone,Windscreen,340000,Paid,326000,2026-04-11 10:56
CLM-02262,POL-106788,2026-04-03 19:51,Lagos,Agent,Windscreen,395000,Paid,360000,2026-04-11 16:25
CLM-02263,POL-106791,2026-04-03 13:55,Port Harcourt,Web,Windscreen,180000,Paid,152000,2026-04-28 12:06
CLM-02264,POL-106793,2026-04-03 12:55,Abuja,Agent,Accident damage,1605000,Paid,1516000,2026-05-06 08:19
CLM-02265,POL-106796,2026-04-03 13:52,Lagos,Web,Windscreen,160000,Paid,156000,2026-04-10 08:46
CLM-02266,POL-106798,2026-04-03 07:46,Lagos,Agent,Accident damage,225000,Paid,193000,2026-04-20 08:44
CLM-02267,POL-106803,2026-04-03 13:55,Port Harcourt,Branch,Windscreen,165000,Paid,144000,2026-04-29 08:58
CLM-02268,POL-106806,2026-04-03 08:57,Port Harcourt,Branch,Third party,1060000,Paid,929000,2026-04-21 15:03
CLM-02269,POL-106809,2026-04-03 19:42,Lagos,Agent,Accident damage,365000,Paid,357000,2026-04-29 14:37
CLM-02270,POL-106811,2026-04-04 18:42,Ibadan,Branch,Windscreen,410000,Paid,370000,2026-05-05 11:22
CLM-02271,POL-106814,2026-04-04 16:17,Lagos,Branch,Third party,1150000,Paid,1039000,2026-04-28 16:31
CLM-02272,POL-106818,2026-04-04 13:53,Lagos,Web,Windscreen,385000,Paid,377000,2026-04-13 08:52
CLM-02273,POL-106820,2026-04-04 10:36,Port Harcourt,Agent,Windscreen,255000,Paid,225000,2026-05-05 08:02
CLM-02274,POL-106824,2026-04-04 15:56,Lagos,Web,Windscreen,365000,Paid,316000,2026-04-11 08:19
CLM-02275,POL-106826,2026-04-04 19:21,Abuja,Branch,Accident damage,990000,Paid,929000,2026-04-22 12:01
CLM-02276,POL-106830,2026-04-04 20:04,Lagos,Agent,Windscreen,285000,Paid,251000,2026-04-14 16:11
CLM-02277,POL-106832,2026-04-04 18:00,Lagos,Web,Accident damage,380000,Paid,322000,2026-04-20 08:44
CLM-02278,POL-106834,2026-04-04 20:53,Lagos,Agent,Accident damage,210000,Paid,195000,2026-05-05 12:02
CLM-02279,POL-106839,2026-04-04 16:16,Port Harcourt,Agent,Accident damage,1860000,Paid,1555000,2026-05-20 08:11
CLM-02280,POL-106840,2026-04-04 12:17,Kano,Agent,Third party,1560000,Paid,1338000,2026-05-06 08:07
CLM-02281,POL-106843,2026-04-05 09:34,Port Harcourt,Web,Accident damage,1350000,Paid,1197000,2026-04-22 08:20
CLM-02282,POL-106847,2026-04-05 18:12,Port Harcourt,Agent,Theft,6125000,Rejected,,2026-05-01 16:13
CLM-02283,POL-106850,2026-04-05 19:22,Ibadan,Web,Windscreen,285000,Paid,279000,2026-04-22 08:00
CLM-02284,POL-106854,2026-04-05 09:38,Lagos,Agent,Theft,3585000,Paid,3449000,2026-04-22 08:39
CLM-02285,POL-106855,2026-04-06 08:40,Lagos,Agent,Theft,13110000,Paid,12193000,2026-05-01 15:08
CLM-02286,POL-106858,2026-04-06 20:18,Lagos,Branch,Windscreen,275000,Paid,275000,2026-04-15 08:19
CLM-02287,POL-106863,2026-04-06 17:01,Ibadan,Agent,Accident damage,1225000,Paid,1132000,2026-05-12 08:23
CLM-02288,POL-106866,2026-04-06 15:41,Abuja,Phone,Windscreen,385000,Rejected,,2026-04-24 15:05
CLM-02289,POL-106867,2026-04-06 14:20,Abuja,Phone,Accident damage,625000,Paid,561000,2026-05-06 08:09
CLM-02290,POL-106870,2026-04-06 15:04,Lagos,Agent,Accident damage,755000,Paid,710000,2026-04-27 08:21
CLM-02291,POL-106874,2026-04-06 19:54,Lagos,Agent,Accident damage,475000,Paid,413000,2026-04-20 08:16
CLM-02292,POL-106878,2026-04-06 13:10,Kano,Branch,Accident damage,1220000,Paid,1003000,2026-04-28 08:38
CLM-02293,POL-106880,2026-04-06 15:45,Abuja,Web,Windscreen,210000,Paid,195000,2026-04-22 08:36
CLM-02294,POL-106883,2026-04-06 14:02,Ibadan,Phone,Accident damage,615000,Paid,600000,2026-05-05 14:00
CLM-02295,POL-106885,2026-04-06 10:03,Ibadan,Web,Windscreen,345000,Paid,339000,2026-04-22 08:15
CLM-02296,POL-106889,2026-04-06 17:15,Port Harcourt,Agent,Accident damage,750000,Paid,675000,2026-05-11 11:25
CLM-02297,POL-106892,2026-04-06 10:20,Abuja,Branch,Theft,8440000,Rejected,,2026-04-17 15:04
CLM-02298,POL-106895,2026-04-07 17:19,Ibadan,Agent,Accident damage,635000,Paid,596000,2026-04-29 08:35
CLM-02299,POL-106897,2026-04-07 10:36,Kano,Phone,Windscreen,210000,Paid,184000,2026-04-28 08:34
CLM-02300,POL-106901,2026-04-07 19:59,Kano,Branch,Accident damage,660000,Paid,583000,2026-04-28 08:33
CLM-02301,POL-106903,2026-04-07 13:18,Lagos,Branch,Windscreen,155000,Paid,143000,2026-04-15 08:44
CLM-02302,POL-106908,2026-04-07 10:21,Port Harcourt,Web,Accident damage,1015000,Paid,944000,2026-04-28 13:11
CLM-02303,POL-106909,2026-04-07 09:37,Kano,Branch,Accident damage,745000,Paid,735000,2026-04-28 09:13
CLM-02304,POL-106914,2026-04-07 18:58,Abuja,Web,Accident damage,870000,Paid,719000,2026-04-29 09:20
CLM-02305,POL-106917,2026-04-07 07:50,Ibadan,Agent,Windscreen,340000,Paid,304000,2026-05-13 08:11
CLM-02306,POL-106919,2026-04-07 08:27,Abuja,Branch,Third party,1050000,Paid,1016000,2026-04-27 15:34
CLM-02307,POL-106922,2026-04-07 18:29,Lagos,Web,Accident damage,755000,Paid,720000,2026-04-24 13:36
CLM-02308,POL-106924,2026-04-07 08:28,Port Harcourt,Agent,Windscreen,310000,Paid,275000,2026-05-05 09:18
CLM-02309,POL-106927,2026-04-07 11:37,Port Harcourt,Web,Windscreen,265000,Paid,239000,2026-04-28 11:02
CLM-02310,POL-106932,2026-04-08 14:33,Ibadan,Agent,Windscreen,320000,Paid,305000,2026-04-28 08:22
CLM-02311,POL-106933,2026-04-08 14:34,Ibadan,Web,Accident damage,685000,Paid,584000,2026-04-29 10:40
CLM-02312,POL-106936,2026-04-08 20:21,Port Harcourt,Agent,Theft,5830000,Paid,5504000,2026-05-15 10:25
CLM-02313,POL-106941,2026-04-08 13:56,Lagos,Branch,Windscreen,425000,Paid,414000,2026-04-15 16:10
CLM-02314,POL-106944,2026-04-08 13:45,Ibadan,Agent,Accident damage,705000,Paid,671000,2026-05-20 08:07
CLM-02315,POL-106946,2026-04-08 18:45,Abuja,Agent,Accident damage,610000,Paid,595000,2026-04-27 08:17
CLM-02316,POL-106948,2026-04-08 10:04,Kano,Agent,Accident damage,545000,Paid,457000,2026-05-19 10:17
CLM-02317,POL-106953,2026-04-08 16:31,Lagos,Branch,Accident damage,455000,Paid,431000,2026-04-25 16:31
CLM-02318,POL-106954,2026-04-08 17:37,Lagos,Agent,Third party,800000,Paid,727000,2026-05-05 08:18
CLM-02319,POL-106957,2026-04-09 15:32,Lagos,Agent,Windscreen,420000,Paid,375000,2026-04-20 08:12
CLM-02320,POL-106961,2026-04-09 19:03,Abuja,Agent,Theft,7855000,Paid,7743000,2026-05-23 08:50
CLM-02321,POL-106964,2026-04-09 16:47,Lagos,Agent,Windscreen,125000,Rejected,,2026-04-15 08:28
CLM-02322,POL-106968,2026-04-09 19:38,Kano,Branch,Third party,885000,Paid,741000,2026-05-06 10:24
CLM-02323,POL-106970,2026-04-09 16:18,Kano,Agent,Theft,6065000,Rejected,,2026-05-22 15:34
CLM-02324,POL-106972,2026-04-09 15:58,Ibadan,Phone,Accident damage,805000,Paid,774000,2026-05-13 08:13
CLM-02325,POL-106976,2026-04-09 15:05,Port Harcourt,Phone,Third party,1200000,Paid,1161000,2026-05-04 09:28
CLM-02326,POL-106980,2026-04-09 18:07,Lagos,Branch,Accident damage,1485000,Paid,1346000,2026-04-22 16:28
CLM-02327,POL-106982,2026-04-09 10:21,Kano,Agent,Third party,735000,Paid,695000,2026-05-05 08:33
CLM-02328,POL-106985,2026-04-09 10:00,Abuja,Agent,Accident damage,1210000,Paid,1112000,2026-05-06 08:19
CLM-02329,POL-106987,2026-04-09 15:45,Abuja,Web,Theft,5545000,Paid,5160000,2026-05-06 13:00
CLM-02330,POL-106992,2026-04-09 16:40,Ibadan,Branch,Accident damage,230000,Paid,223000,2026-04-29 08:09
CLM-02331,POL-106993,2026-04-09 08:16,Lagos,Web,Accident damage,440000,Paid,376000,2026-04-23 12:51
CLM-02332,POL-106998,2026-04-10 16:45,Kano,Agent,Accident damage,835000,Paid,816000,2026-05-04 08:50
CLM-02333,POL-107001,2026-04-10 15:21,Port Harcourt,Agent,Accident damage,2000000,Paid,1974000,2026-05-07 08:20
CLM-02334,POL-107002,2026-04-10 11:38,Abuja,Agent,Theft,7045000,Paid,6684000,2026-05-15 08:23
CLM-02335,POL-107005,2026-04-10 13:24,Lagos,Branch,Accident damage,470000,Paid,460000,2026-04-27 13:01
CLM-02336,POL-107008,2026-04-10 08:42,Kano,Agent,Windscreen,195000,Rejected,,2026-05-01 16:07
CLM-02337,POL-107011,2026-04-10 17:06,Kano,Agent,Windscreen,245000,Rejected,,2026-05-01 15:11
CLM-02338,POL-107016,2026-04-10 07:52,Lagos,Agent,Accident damage,815000,Paid,783000,2026-04-24 16:07
CLM-02339,POL-107017,2026-04-10 18:32,Lagos,Agent,Third party,2320000,Paid,2141000,2026-04-29 08:43
CLM-02340,POL-107021,2026-04-10 20:02,Ibadan,Web,Accident damage,490000,Paid,443000,2026-05-06 08:28
CLM-02341,POL-107023,2026-04-10 16:23,Port Harcourt,Branch,Accident damage,1630000,Paid,1543000,2026-04-29 15:12
CLM-02342,POL-107028,2026-04-10 19:55,Abuja,Agent,Accident damage,805000,Paid,734000,2026-05-05 09:58
CLM-02343,POL-107029,2026-04-11 16:49,Lagos,Agent,Third party,1195000,Paid,1144000,2026-05-07 09:46
CLM-02344,POL-107033,2026-04-11 08:00,Ibadan,Phone,Accident damage,1925000,Paid,1704000,2026-04-28 10:46
CLM-02345,POL-107037,2026-04-11 18:04,Ibadan,Web,Third party,1410000,Rejected,,2026-04-24 15:47
CLM-02346,POL-107038,2026-04-11 15:50,Abuja,Phone,Windscreen,200000,Paid,185000,2026-05-04 09:48
CLM-02347,POL-107042,2026-04-11 16:09,Lagos,Agent,Accident damage,565000,Paid,565000,2026-04-30 08:11
CLM-02348,POL-107045,2026-04-11 16:13,Lagos,Branch,Third party,2165000,Paid,1901000,2026-04-28 10:04
CLM-02349,POL-107048,2026-04-11 20:46,Lagos,Branch,Windscreen,440000,Paid,375000,2026-04-20 08:19
CLM-02350,POL-107050,2026-04-11 08:34,Lagos,Branch,Accident damage,1270000,Paid,1220000,2026-04-29 08:48
CLM-02351,POL-107054,2026-04-11 10:16,Port Harcourt,Agent,Accident damage,800000,Paid,683000,2026-05-19 08:57
CLM-02352,POL-107057,2026-04-11 15:51,Ibadan,Phone,Theft,3300000,Withdrawn,,2026-05-15 09:54
CLM-02353,POL-107060,2026-04-12 17:47,Ibadan,Web,Theft,6470000,Paid,5868000,2026-05-11 08:10
CLM-02354,POL-107063,2026-04-12 16:14,Kano,Branch,Third party,1635000,Paid,1352000,2026-05-07 08:55
CLM-02355,POL-107067,2026-04-12 18:41,Lagos,Web,Windscreen,345000,Paid,304000,2026-04-22 08:52
CLM-02356,POL-107068,2026-04-12 17:15,Abuja,Agent,Windscreen,245000,Paid,213000,2026-05-13 15:24
CLM-02357,POL-107071,2026-04-12 15:21,Abuja,Branch,Theft,4295000,Paid,3903000,2026-05-12 12:15
CLM-02358,POL-107075,2026-04-13 20:28,Lagos,Agent,Windscreen,230000,Paid,189000,2026-04-22 08:13
CLM-02359,POL-107077,2026-04-13 12:00,Lagos,Branch,Third party,3235000,Paid,3096000,2026-05-05 09:41
CLM-02360,POL-107080,2026-04-13 17:37,Kano,Agent,Windscreen,210000,Paid,200000,2026-05-06 08:18
CLM-02361,POL-107083,2026-04-13 10:30,Lagos,Branch,Accident damage,1025000,Rejected,,2026-05-01 16:55
CLM-02362,POL-107087,2026-04-13 09:53,Lagos,Web,Accident damage,510000,Paid,507000,2026-05-02 08:51
CLM-02363,POL-107091,2026-04-13 10:45,Lagos,Web,Accident damage,350000,Paid,321000,2026-04-28 14:26
CLM-02364,POL-107093,2026-04-13 07:29,Lagos,Branch,Accident damage,1120000,Paid,995000,2026-04-29 08:11
CLM-02365,POL-107095,2026-04-13 15:38,Lagos,Web,Accident damage,460000,Paid,407000,2026-05-04 08:04
CLM-02366,POL-107099,2026-04-13 20:35,Lagos,Phone,Theft,8665000,Paid,7312000,2026-05-11 09:17
CLM-02367,POL-107103,2026-04-14 09:03,Port Harcourt,Phone,Windscreen,215000,Paid,193000,2026-05-06 08:38
CLM-02368,POL-107104,2026-04-14 10:31,Lagos,Phone,Accident damage,135000,Paid,111000,2026-05-04 08:39
CLM-02369,POL-107108,2026-04-14 20:56,Abuja,Web,Windscreen,260000,Paid,245000,2026-05-05 11:03
CLM-02370,POL-107112,2026-04-14 10:25,Abuja,Agent,Accident damage,1030000,Paid,860000,2026-05-12 08:26
CLM-02371,POL-107113,2026-04-14 17:49,Kano,Agent,Third party,2095000,Paid,2033000,2026-05-20 08:55
CLM-02372,POL-107116,2026-04-14 09:18,Ibadan,Agent,Third party,2035000,Paid,1898000,2026-05-19 11:05
CLM-02373,POL-107119,2026-04-14 20:43,Ibadan,Agent,Accident damage,670000,Paid,653000,2026-05-05 12:04
CLM-02374,POL-107122,2026-04-14 13:42,Ibadan,Web,Windscreen,275000,Paid,275000,2026-05-06 15:14
CLM-02375,POL-107126,2026-04-14 10:37,Lagos,Branch,Accident damage,615000,Paid,613000,2026-04-27 08:53
CLM-02376,POL-107129,2026-04-14 17:09,Abuja,Web,Windscreen,375000,Paid,362000,2026-05-06 08:16
CLM-02377,POL-107132,2026-04-14 14:05,Lagos,Branch,Windscreen,410000,Paid,341000,2026-04-23 08:51
CLM-02378,POL-107135,2026-04-14 09:53,Port Harcourt,Agent,Third party,765000,Paid,705000,2026-05-19 15:21
CLM-02379,POL-107139,2026-04-15 12:54,Lagos,Agent,Theft,7010000,Rejected,,2026-05-01 16:35
CLM-02380,POL-107142,2026-04-15 12:51,Lagos,Branch,Accident damage,300000,Paid,267000,2026-05-05 15:49
CLM-02381,POL-107145,2026-04-15 17:56,Lagos,Web,Accident damage,640000,Paid,541000,2026-04-29 16:35
CLM-02382,POL-107147,2026-04-15 09:34,Kano,Phone,Windscreen,265000,Paid,251000,2026-05-06 08:47
CLM-02383,POL-107151,2026-04-15 12:00,Port Harcourt,Agent,Theft,4490000,Paid,3951000,2026-05-13 08:02
CLM-02384,POL-107153,2026-04-15 18:28,Ibadan,Agent,Accident damage,570000,Paid,471000,2026-05-18 08:14
CLM-02385,POL-107155,2026-04-15 20:01,Lagos,Web,Accident damage,495000,Paid,429000,2026-05-06 13:34
CLM-02386,POL-107160,2026-04-15 16:18,Port Harcourt,Web,Third party,1550000,Withdrawn,,2026-05-18 08:30
CLM-02387,POL-107162,2026-04-15 10:01,Ibadan,Branch,Windscreen,230000,Withdrawn,,2026-05-18 12:25
CLM-02388,POL-107164,2026-04-16 18:47,Port Harcourt,Phone,Windscreen,180000,Paid,171000,2026-05-12 12:28
CLM-02389,POL-107167,2026-04-16 11:06,Abuja,Branch,Windscreen,300000,Paid,251000,2026-05-06 15:40
CLM-02390,POL-107172,2026-04-16 14:33,Lagos,Agent,Windscreen,420000,Paid,402000,2026-04-27 10:44
CLM-02391,POL-107174,2026-04-16 14:32,Ibadan,Agent,Accident damage,1060000,Paid,909000,2026-05-05 14:41
CLM-02392,POL-107176,2026-04-16 09:52,Port Harcourt,Agent,Third party,1970000,Paid,1625000,2026-05-13 09:50
CLM-02393,POL-107181,2026-04-16 15:10,Lagos,Agent,Accident damage,460000,Paid,456000,2026-05-01 16:38
CLM-02394,POL-107184,2026-04-16 17:21,Ibadan,Agent,Accident damage,1530000,Paid,1403000,2026-05-19 10:27
CLM-02395,POL-107185,2026-04-16 18:08,Abuja,Branch,Windscreen,305000,Paid,268000,2026-05-06 08:39
CLM-02396,POL-107190,2026-04-16 20:16,Kano,Agent,Accident damage,1305000,Paid,1202000,2026-05-12 08:38
CLM-02397,POL-107193,2026-04-17 20:07,Lagos,Phone,Accident damage,375000,Paid,336000,2026-05-06 08:28
CLM-02398,POL-107195,2026-04-17 13:02,Port Harcourt,Agent,Third party,470000,Paid,409000,2026-05-19 08:23
CLM-02399,POL-107199,2026-04-17 18:28,Lagos,Agent,Windscreen,350000,Paid,300000,2026-05-05 08:25
CLM-02400,POL-107202,2026-04-17 11:12,Lagos,Agent,Windscreen,315000,Paid,268000,2026-04-27 08:15
CLM-02401,POL-107205,2026-04-17 18:05,Lagos,Web,Windscreen,385000,Rejected,,2026-04-21 08:59
CLM-02402,POL-107206,2026-04-17 16:23,Lagos,Branch,Windscreen,410000,Paid,400000,2026-04-27 08:20
CLM-02403,POL-107210,2026-04-17 17:13,Abuja,Agent,Accident damage,675000,Paid,607000,2026-05-13 08:08
CLM-02404,POL-107213,2026-04-17 20:04,Port Harcourt,Agent,Accident damage,700000,Rejected,,2026-05-15 16:01
CLM-02405,POL-107215,2026-04-17 12:57,Port Harcourt,Web,Theft,4715000,Paid,4223000,2026-05-12 08:08
CLM-02406,POL-107219,2026-04-17 18:06,Kano,Agent,Theft,4770000,Paid,4156000,2026-06-02 16:55
CLM-02407,POL-107221,2026-04-17 07:29,Lagos,Branch,Third party,970000,Paid,811000,2026-05-04 08:43
CLM-02408,POL-107225,2026-04-18 11:35,Kano,Web,Windscreen,155000,Paid,139000,2026-05-13 08:44
CLM-02409,POL-107229,2026-04-18 09:05,Lagos,Agent,Windscreen,175000,Paid,167000,2026-05-06 08:12
CLM-02410,POL-107232,2026-04-18 19:22,Lagos,Web,Accident damage,975000,Paid,858000,2026-05-04 08:25
CLM-02411,POL-107233,2026-04-18 07:58,Port Harcourt,Branch,Accident damage,345000,Paid,327000,2026-05-06 08:10
CLM-02412,POL-107236,2026-04-18 12:19,Port Harcourt,Web,Windscreen,435000,Paid,391000,2026-05-05 16:28
CLM-02413,POL-107239,2026-04-18 12:17,Ibadan,Agent,Windscreen,375000,Paid,336000,2026-06-04 08:22
CLM-02414,POL-107242,2026-04-18 15:53,Abuja,Branch,Accident damage,615000,Paid,602000,2026-05-14 08:09
CLM-02415,POL-107245,2026-04-18 20:04,Lagos,Web,Windscreen,270000,Paid,262000,2026-04-27 08:24
CLM-02416,POL-107250,2026-04-18 10:34,Lagos,Branch,Third party,1820000,Paid,1580000,2026-05-12 16:42
CLM-02417,POL-107253,2026-04-18 14:38,Abuja,Branch,Accident damage,645000,Paid,567000,2026-05-20 08:03
CLM-02418,POL-107256,2026-04-18 07:42,Lagos,Web,Accident damage,915000,Rejected,,2026-05-01 10:22
CLM-02419,POL-107259,2026-04-19 16:42,Kano,Web,Windscreen,145000,Paid,145000,2026-05-27 08:06
CLM-02420,POL-107262,2026-04-19 17:54,Abuja,Web,Windscreen,300000,Paid,266000,2026-05-14 08:34
CLM-02421,POL-107265,2026-04-19 09:38,Ibadan,Web,Third party,1390000,Paid,1378000,2026-05-07 08:21
CLM-02422,POL-107266,2026-04-19 16:04,Lagos,Phone,Windscreen,330000,Paid,286000,2026-05-01 15:26
CLM-02423,POL-107269,2026-04-19 20:08,Lagos,Agent,Accident damage,355000,Paid,310000,2026-05-04 15:20
CLM-02424,POL-107273,2026-04-19 10:31,Ibadan,Agent,Accident damage,1365000,Paid,1238000,2026-05-13 08:18
CLM-02425,POL-107276,2026-04-19 08:26,Kano,Agent,Windscreen,300000,Paid,278000,2026-05-19 08:48
CLM-02426,POL-107278,2026-04-20 11:28,Lagos,Web,Accident damage,805000,Paid,788000,2026-05-04 09:15
CLM-02427,POL-107281,2026-04-20 11:45,Abuja,Branch,Third party,565000,Paid,521000,2026-05-13 08:06
CLM-02428,POL-107285,2026-04-20 07:11,Lagos,Branch,Accident damage,2385000,Paid,2033000,2026-05-13 08:16
CLM-02429,POL-107289,2026-04-20 07:32,Lagos,Agent,Accident damage,745000,Paid,745000,2026-05-11 08:49
CLM-02430,POL-107291,2026-04-20 12:57,Lagos,Branch,Accident damage,275000,Paid,250000,2026-05-13 08:59
CLM-02431,POL-107293,2026-04-20 15:07,Lagos,Branch,Windscreen,370000,Paid,316000,2026-04-28 11:03
CLM-02432,POL-107297,2026-04-20 12:18,Abuja,Agent,Accident damage,780000,Paid,686000,2026-05-12 08:48
CLM-02433,POL-107301,2026-04-20 09:16,Ibadan,Branch,Windscreen,220000,Paid,185000,2026-05-20 08:06
CLM-02434,POL-107302,2026-04-20 11:13,Lagos,Web,Accident damage,970000,Paid,844000,2026-05-08 08:43
CLM-02435,POL-107307,2026-04-20 11:21,Port Harcourt,Branch,Accident damage,1420000,Paid,1336000,2026-05-12 11:33
CLM-02436,POL-107309,2026-04-20 12:23,Abuja,Phone,Theft,4635000,Rejected,,2026-05-15 15:23
CLM-02437,POL-107311,2026-04-20 20:16,Abuja,Branch,Accident damage,450000,Paid,418000,2026-06-02 14:08
CLM-02438,POL-107316,2026-04-20 15:19,Lagos,Agent,Accident damage,540000,Rejected,,2026-05-04 12:29
CLM-02439,POL-107318,2026-04-21 18:03,Lagos,Branch,Windscreen,170000,Paid,157000,2026-04-29 08:22
CLM-02440,POL-107322,2026-04-21 20:41,Abuja,Phone,Theft,6615000,Withdrawn,,2026-06-15 10:02
CLM-02441,POL-107323,2026-04-21 11:35,Lagos,Agent,Accident damage,880000,Paid,740000,2026-05-06 08:03
CLM-02442,POL-107326,2026-04-21 09:36,Kano,Phone,Third party,1640000,Paid,1423000,2026-05-13 08:57
CLM-02443,POL-107331,2026-04-21 13:48,Abuja,Branch,Windscreen,140000,Paid,140000,2026-05-27 08:27
CLM-02444,POL-107333,2026-04-21 16:03,Ibadan,Agent,Accident damage,1130000,Withdrawn,,2026-06-29 12:03
CLM-02445,POL-107337,2026-04-21 09:21,Port Harcourt,Agent,Windscreen,175000,Paid,170000,2026-05-21 08:21
CLM-02446,POL-107339,2026-04-21 11:30,Port Harcourt,Branch,Theft,2875000,Paid,2428000,2026-05-14 08:56
CLM-02447,POL-107342,2026-04-21 09:02,Kano,Phone,Accident damage,755000,Paid,648000,2026-05-13 08:07
CLM-02448,POL-107345,2026-04-21 07:49,Kano,Agent,Windscreen,280000,Paid,230000,2026-05-13 08:53
CLM-02449,POL-107348,2026-04-21 15:42,Lagos,Agent,Accident damage,470000,Paid,454000,2026-05-12 15:44
CLM-02450,POL-107350,2026-04-22 10:26,Kano,Web,Windscreen,220000,Paid,197000,2026-05-12 12:18
CLM-02451,POL-107354,2026-04-22 09:00,Kano,Branch,Accident damage,1005000,Paid,971000,2026-05-20 08:03
CLM-02452,POL-107357,2026-04-22 20:11,Kano,Web,Windscreen,270000,Paid,262000,2026-05-13 08:03
CLM-02453,POL-107359,2026-04-22 20:44,Port Harcourt,Web,Accident damage,550000,Paid,512000,2026-05-20 16:42
CLM-02454,POL-107363,2026-04-22 14:26,Abuja,Agent,Windscreen,340000,Rejected,,2026-05-08 15:14
CLM-02455,POL-107366,2026-04-22 13:24,Port Harcourt,Branch,Accident damage,315000,Paid,263000,2026-05-13 08:46
CLM-02456,POL-107368,2026-04-22 07:32,Port Harcourt,Agent,Accident damage,2455000,Paid,2075000,2026-06-10 08:25
CLM-02457,POL-107373,2026-04-22 14:25,Lagos,Web,Third party,1080000,Paid,981000,2026-05-13 08:48
CLM-02458,POL-107376,2026-04-22 17:08,Kano,Agent,Theft,2730000,Paid,2396000,2026-05-21 08:59
CLM-02459,POL-107379,2026-04-22 15:28,Kano,Branch,Theft,8205000,Paid,7110000,2026-05-18 10:35
CLM-02460,POL-107381,2026-04-22 09:19,Lagos,Web,Windscreen,165000,Rejected,,2026-04-27 08:45
CLM-02461,POL-107385,2026-04-22 17:38,Port Harcourt,Branch,Windscreen,250000,Paid,248000,2026-05-19 11:35
CLM-02462,POL-107386,2026-04-22 12:02,Lagos,Agent,Theft,3475000,Paid,3080000,2026-05-14 08:46
CLM-02463,POL-107390,2026-04-23 20:35,Lagos,Branch,Accident damage,1335000,Paid,1311000,2026-05-20 11:08
CLM-02464,POL-107394,2026-04-23 14:38,Lagos,Web,Third party,970000,Paid,959000,2026-05-12 13:22
CLM-02465,POL-107396,2026-04-23 09:46,Abuja,Web,Windscreen,245000,Paid,243000,2026-05-07 08:26
CLM-02466,POL-107400,2026-04-23 18:40,Lagos,Agent,Windscreen,130000,Paid,107000,2026-05-04 08:10
CLM-02467,POL-107403,2026-04-23 14:46,Lagos,Agent,Accident damage,915000,Paid,895000,2026-05-09 08:34
CLM-02468,POL-107406,2026-04-23 16:52,Lagos,Branch,Accident damage,1120000,Paid,1052000,2026-05-13 08:55
CLM-02469,POL-107408,2026-04-23 13:18,Lagos,Phone,Accident damage,190000,Paid,173000,2026-05-13 08:38
CLM-02470,POL-107412,2026-04-23 19:48,Port Harcourt,Branch,Accident damage,745000,Paid,698000,2026-06-16 11:22
CLM-02471,POL-107415,2026-04-23 11:18,Ibadan,Agent,Accident damage,575000,Paid,520000,2026-05-25 15:30
CLM-02472,POL-107416,2026-04-23 11:31,Port Harcourt,Branch,Accident damage,1390000,Paid,1233000,2026-05-20 08:46
CLM-02473,POL-107419,2026-04-24 16:23,Ibadan,Branch,Third party,865000,Withdrawn,,2026-06-08 11:56
CLM-02474,POL-107424,2026-04-24 08:55,Ibadan,Web,Windscreen,250000,Paid,209000,2026-05-12 10:13
CLM-02475,POL-107426,2026-04-24 16:39,Ibadan,Agent,Accident damage,2265000,Paid,2118000,2026-05-12 11:51
CLM-02476,POL-107429,2026-04-24 09:54,Abuja,Agent,Accident damage,1120000,Paid,1043000,2026-05-21 08:37
CLM-02477,POL-107432,2026-04-24 14:08,Abuja,Web,Third party,1010000,Paid,909000,2026-05-13 08:47
CLM-02478,POL-107434,2026-04-24 09:04,Abuja,Branch,Accident damage,1110000,Paid,914000,2026-06-03 08:33
CLM-02479,POL-107439,2026-04-24 08:55,Port Harcourt,Agent,Accident damage,2300000,Paid,2232000,2026-05-27 08:32
CLM-02480,POL-107441,2026-04-24 19:12,Abuja,Branch,Third party,650000,Paid,588000,2026-06-03 11:40
CLM-02481,POL-107445,2026-04-24 20:21,Kano,Branch,Theft,3920000,Withdrawn,,2026-05-27 12:35
CLM-02482,POL-107446,2026-04-25 15:58,Lagos,Agent,Third party,1220000,Paid,1098000,2026-05-21 08:08
CLM-02483,POL-107451,2026-04-25 13:27,Port Harcourt,Agent,Accident damage,1300000,Rejected,,2026-05-22 16:15
CLM-02484,POL-107453,2026-04-25 15:40,Kano,Agent,Windscreen,220000,Paid,219000,2026-05-27 09:22
CLM-02485,POL-107456,2026-04-25 12:22,Kano,Agent,Windscreen,150000,Paid,128000,2026-05-26 16:45
CLM-02486,POL-107458,2026-04-25 19:00,Lagos,Branch,Theft,7360000,Rejected,,2026-05-15 16:08
CLM-02487,POL-107461,2026-04-25 11:58,Lagos,Web,Accident damage,160000,Paid,153000,2026-05-11 12:58
CLM-02488,POL-107466,2026-04-25 08:54,Ibadan,Agent,Third party,1355000,Paid,1224000,2026-06-15 08:01
CLM-02489,POL-107467,2026-04-25 12:07,Lagos,Branch,Third party,1040000,Paid,954000,2026-05-13 13:55
CLM-02490,POL-107471,2026-04-25 20:13,Port Harcourt,Branch,Accident damage,255000,Paid,238000,2026-05-20 08:35
CLM-02491,POL-107473,2026-04-25 18:39,Lagos,Agent,Third party,590000,Paid,521000,2026-05-20 08:56
CLM-02492,POL-107477,2026-04-25 12:11,Port Harcourt,Branch,Accident damage,1075000,Paid,956000,2026-05-13 12:13
CLM-02493,POL-107481,2026-04-26 08:56,Abuja,Agent,Accident damage,730000,Paid,643000,2026-05-12 15:23
CLM-02494,POL-107483,2026-04-26 20:47,Lagos,Agent,Accident damage,590000,Paid,501000,2026-05-20 08:56
CLM-02495,POL-107485,2026-04-26 16:23,Abuja,Phone,Accident damage,1425000,Paid,1366000,2026-05-13 11:31
CLM-02496,POL-107488,2026-04-26 11:20,Lagos,Web,Windscreen,130000,Paid,114000,2026-05-04 08:33
CLM-02497,POL-107493,2026-04-26 18:00,Port Harcourt,Branch,Third party,1485000,Paid,1247000,2026-05-19 08:38
CLM-02498,POL-107495,2026-04-26 09:25,Lagos,Agent,Accident damage,820000,Paid,705000,2026-05-18 08:24
CLM-02499,POL-107499,2026-04-26 11:42,Port Harcourt,Branch,Accident damage,715000,Paid,695000,2026-05-20 08:06
CLM-02500,POL-107500,2026-04-26 18:31,Port Harcourt,Web,Third party,1475000,Paid,1435000,2026-05-20 08:46
CLM-02501,POL-107505,2026-04-27 07:33,Kano,Phone,Theft,3475000,Rejected,,2026-05-22 15:20
CLM-02502,POL-107507,2026-04-27 20:16,Abuja,Web,Accident damage,530000,Paid,453000,2026-05-27 08:07
CLM-02503,POL-107509,2026-04-27 09:15,Port Harcourt,Web,Accident damage,3890000,Paid,3743000,2026-05-20 08:12
CLM-02504,POL-107514,2026-04-27 14:34,Port Harcourt,Branch,Windscreen,380000,Paid,371000,2026-06-10 08:28
CLM-02505,POL-107515,2026-04-27 16:57,Lagos,Web,Theft,3965000,Paid,3876000,2026-05-13 08:27
CLM-02506,POL-107518,2026-04-27 17:58,Abuja,Branch,Windscreen,330000,Withdrawn,,2026-05-30 08:12
CLM-02507,POL-107521,2026-04-27 08:15,Lagos,Web,Windscreen,150000,Paid,145000,2026-05-07 08:29
CLM-02508,POL-107525,2026-04-27 19:52,Kano,Phone,Accident damage,745000,Paid,612000,2026-05-27 08:46
CLM-02509,POL-107528,2026-04-27 09:30,Ibadan,Phone,Third party,2275000,Paid,2021000,2026-05-19 08:35
CLM-02510,POL-107530,2026-04-28 13:21,Lagos,Phone,Theft,8535000,Paid,8135000,2026-05-25 08:13
CLM-02511,POL-107534,2026-04-28 07:34,Abuja,Agent,Accident damage,825000,Paid,704000,2026-05-27 08:31
CLM-02512,POL-107538,2026-04-28 11:11,Abuja,Web,Windscreen,150000,Paid,143000,2026-05-20 08:03
CLM-02513,POL-107539,2026-04-28 18:39,Lagos,Branch,Windscreen,405000,Paid,384000,2026-05-06 08:11
CLM-02514,POL-107544,2026-04-28 10:36,Abuja,Web,Windscreen,185000,Rejected,,2026-05-15 15:27
CLM-02515,POL-107547,2026-04-28 10:47,Lagos,Branch,Windscreen,440000,Paid,416000,2026-05-07 08:14
CLM-02516,POL-107548,2026-04-28 10:26,Ibadan,Web,Theft,4955000,Withdrawn,,2026-05-30 11:06
CLM-02517,POL-107553,2026-04-28 08:41,Lagos,Branch,Accident damage,610000,Paid,540000,2026-05-13 16:03
CLM-02518,POL-107555,2026-04-28 16:25,Abuja,Web,Third party,1040000,Paid,901000,2026-05-19 11:19
CLM-02519,POL-107557,2026-04-29 19:15,Abuja,Branch,Accident damage,1360000,Paid,1246000,2026-05-20 08:54
CLM-02520,POL-107560,2026-04-29 10:21,Lagos,Phone,Accident damage,1535000,Paid,1301000,2026-05-20 08:27
CLM-02521,POL-107563,2026-04-29 20:51,Ibadan,Agent,Windscreen,315000,Paid,277000,2026-06-04 08:25
CLM-02522,POL-107567,2026-04-29 16:08,Lagos,Web,Theft,4340000,Paid,3632000,2026-05-27 08:17
CLM-02523,POL-107570,2026-04-29 20:52,Abuja,Agent,Accident damage,2035000,Paid,1870000,2026-06-03 08:29
CLM-02524,POL-107574,2026-04-29 17:13,Port Harcourt,Agent,Third party,715000,Paid,715000,2026-05-27 08:12
CLM-02525,POL-107577,2026-04-29 18:45,Ibadan,Branch,Theft,4425000,Withdrawn,,2026-06-17 10:49
CLM-02526,POL-107578,2026-04-29 09:35,Abuja,Web,Accident damage,525000,Paid,461000,2026-05-20 08:22
CLM-02527,POL-107582,2026-04-29 12:01,Lagos,Agent,Windscreen,375000,Paid,316000,2026-05-09 08:05
CLM-02528,POL-107585,2026-04-29 17:27,Lagos,Branch,Theft,4380000,Paid,4269000,2026-05-27 08:51
CLM-02529,POL-107589,2026-04-30 10:17,Lagos,Agent,Accident damage,560000,Rejected,,2026-05-13 08:29
CLM-02530,POL-107592,2026-04-30 12:01,Lagos,Branch,Windscreen,385000,Paid,331000,2026-05-09 08:07
CLM-02531,POL-107593,2026-04-30 11:21,Lagos,Branch,Third party,555000,Paid,498000,2026-06-04 08:01
CLM-02532,POL-107598,2026-04-30 18:57,Ibadan,Agent,Accident damage,315000,Paid,290000,2026-05-27 10:13
CLM-02533,POL-107599,2026-04-30 16:14,Lagos,Branch,Windscreen,320000,Paid,273000,2026-05-09 08:11
CLM-02534,POL-107602,2026-04-30 11:02,Port Harcourt,Agent,Third party,1095000,Paid,914000,2026-06-01 16:33
CLM-02535,POL-107605,2026-04-30 20:49,Port Harcourt,Agent,Accident damage,925000,Paid,907000,2026-05-27 08:36
CLM-02536,POL-107610,2026-04-30 18:07,Lagos,Agent,Accident damage,630000,Paid,615000,2026-05-20 10:33
CLM-02537,POL-107611,2026-04-30 18:43,Lagos,Phone,Windscreen,280000,Paid,248000,2026-05-22 08:55
CLM-02538,POL-107615,2026-04-30 14:01,Lagos,Agent,Accident damage,610000,Paid,592000,2026-05-20 08:06
CLM-02539,POL-107619,2026-04-30 07:06,Port Harcourt,Branch,Theft,3510000,Paid,3436000,2026-06-17 08:47
CLM-02540,POL-107620,2026-04-30 18:39,Abuja,Web,Windscreen,280000,Paid,276000,2026-05-19 08:33
CLM-02541,POL-107623,2026-04-30 10:12,Kano,Branch,Accident damage,495000,Withdrawn,,2026-06-01 11:47
CLM-02542,POL-107628,2026-05-01 14:05,Port Harcourt,Agent,Accident damage,775000,Paid,750000,2026-06-09 12:09
CLM-02543,POL-107630,2026-05-01 09:26,Abuja,Web,Windscreen,430000,Paid,365000,2026-06-17 08:50
CLM-02544,POL-107632,2026-05-01 16:47,Port Harcourt,Branch,Windscreen,290000,Paid,277000,2026-05-27 16:26
CLM-02545,POL-107635,2026-05-01 20:45,Port Harcourt,Branch,Accident damage,1835000,Paid,1580000,2026-05-20 08:53
CLM-02546,POL-107639,2026-05-01 13:42,Lagos,Agent,Windscreen,185000,Paid,155000,2026-05-13 08:36
CLM-02547,POL-107641,2026-05-01 19:29,Abuja,Phone,Windscreen,435000,Paid,427000,2026-06-03 08:16
CLM-02548,POL-107644,2026-05-01 08:42,Port Harcourt,Phone,Accident damage,845000,Paid,816000,2026-06-10 08:59
CLM-02549,POL-107648,2026-05-01 16:27,Kano,Phone,Windscreen,360000,Paid,356000,2026-05-20 15:03
CLM-02550,POL-107651,2026-05-01 20:05,Ibadan,Phone,Accident damage,525000,Paid,475000,2026-05-26 10:27
CLM-02551,POL-107653,2026-05-01 18:46,Abuja,Agent,Third party,765000,Paid,735000,2026-06-09 08:04
CLM-02552,POL-107656,2026-05-01 08:59,Kano,Phone,Accident damage,435000,Paid,396000,2026-05-25 08:21
CLM-02553,POL-107660,2026-05-01 08:47,Port Harcourt,Agent,Windscreen,405000,Paid,363000,2026-07-02 08:39
CLM-02554,POL-107662,2026-05-01 15:06,Abuja,Branch,Windscreen,285000,Paid,276000,2026-05-26 13:55
CLM-02555,POL-107665,2026-05-02 15:04,Port Harcourt,Branch,Theft,5260000,Paid,4511000,2026-06-08 14:01
CLM-02556,POL-107668,2026-05-02 18:49,Kano,Web,Third party,1905000,Paid,1902000,2026-05-20 08:43
CLM-02557,POL-107673,2026-05-02 15:34,Abuja,Agent,Theft,6505000,Paid,5744000,2026-06-05 09:21
CLM-02558,POL-107674,2026-05-02 19:29,Lagos,Phone,Windscreen,385000,Paid,325000,2026-05-14 08:00
CLM-02559,POL-107677,2026-05-02 12:29,Lagos,Branch,Accident damage,250000,Paid,220000,2026-05-18 08:19
CLM-02560,POL-107682,2026-05-02 17:21,Port Harcourt,Branch,Windscreen,250000,Paid,214000,2026-05-28 08:10
CLM-02561,POL-107684,2026-05-02 15:19,Lagos,Branch,Third party,975000,Paid,929000,2026-05-20 16:09
CLM-02562,POL-107687,2026-05-02 10:31,Abuja,Web,Third party,1900000,Paid,1560000,2026-05-27 15:10
CLM-02563,POL-107691,2026-05-02 18:36,Port Harcourt,Agent,Third party,990000,Paid,858000,2026-06-09 08:43
CLM-02564,POL-107692,2026-05-03 12:46,Kano,Agent,Accident damage,705000,Paid,659000,2026-05-27 09:40
CLM-02565,POL-107697,2026-05-03 12:14,Lagos,Web,Windscreen,230000,Paid,226000,2026-05-12 14:32
CLM-02566,POL-107700,2026-05-03 16:03,Abuja,Branch,Third party,1235000,Paid,1144000,2026-05-27 08:16
CLM-02567,POL-107703,2026-05-03 14:18,Abuja,Web,Windscreen,295000,Paid,266000,2026-05-25 08:35
CLM-02568,POL-107705,2026-05-04 14:01,Kano,Agent,Accident damage,720000,Withdrawn,,2026-06-06 12:20
CLM-02569,POL-107709,2026-05-04 12:56,Kano,Branch,Theft,6865000,Rejected,,2026-05-15 16:14
CLM-02570,POL-107710,2026-05-04 13:39,Lagos,Phone,Third party,1000000,Paid,917000,2026-05-27 08:35
CLM-02571,POL-107715,2026-05-04 20:45,Lagos,Agent,Windscreen,245000,Withdrawn,,2026-06-06 08:52
CLM-02572,POL-107717,2026-05-04 14:46,Kano,Branch,Third party,730000,Paid,656000,2026-05-26 11:42
CLM-02573,POL-107721,2026-05-04 16:11,Ibadan,Branch,Third party,760000,Paid,728000,2026-05-27 08:03
CLM-02574,POL-107724,2026-05-04 17:49,Abuja,Agent,Windscreen,325000,Paid,325000,2026-06-04 08:47
CLM-02575,POL-107727,2026-05-04 07:37,Kano,Phone,Windscreen,300000,Paid,253000,2026-05-26 08:06
CLM-02576,POL-107730,2026-05-04 14:23,Ibadan,Agent,Accident damage,2915000,Rejected,,2026-05-22 15:24
CLM-02577,POL-107731,2026-05-04 17:35,Abuja,Web,Accident damage,1775000,Paid,1680000,2026-05-20 16:48
CLM-02578,POL-107734,2026-05-04 13:33,Lagos,Branch,Accident damage,610000,Paid,554000,2026-05-20 08:40
CLM-02579,POL-107738,2026-05-05 17:52,Lagos,Phone,Accident damage,360000,Rejected,,2026-05-18 11:03
CLM-02580,POL-107741,2026-05-05 13:05,Abuja,Agent,Accident damage,480000,Paid,452000,2026-05-26 08:27
CLM-02581,POL-107745,2026-05-05 15:23,Lagos,Phone,Accident damage,1345000,Rejected,,2026-05-15 16:49
CLM-02582,POL-107747,2026-05-05 12:11,Abuja,Agent,Third party,2160000,Rejected,,2026-06-05 15:43
CLM-02583,POL-107749,2026-05-05 17:51,Lagos,Branch,Accident damage,885000,Paid,757000,2026-05-25 08:20
CLM-02584,POL-107754,2026-05-05 12:04,Abuja,Branch,Windscreen,395000,Paid,328000,2026-05-27 16:03
CLM-02585,POL-107756,2026-05-05 11:38,Lagos,Agent,Accident damage,1065000,Withdrawn,,2026-06-12 09:55
CLM-02586,POL-107759,2026-05-05 20:42,Abuja,Branch,Windscreen,365000,Paid,320000,2026-05-27 08:52
CLM-02587,POL-107761,2026-05-05 11:49,Kano,Web,Windscreen,355000,Paid,342000,2026-05-27 08:29
CLM-02588,POL-107764,2026-05-05 20:32,Abuja,Web,Accident damage,855000,Paid,749000,2026-05-21 10:30
CLM-02589,POL-107769,2026-05-05 17:21,Ibadan,Agent,Third party,860000,Paid,740000,2026-06-09 13:41
CLM-02590,POL-107770,2026-05-05 14:00,Port Harcourt,Agent,Accident damage,680000,Paid,575000,2026-06-03 08:40
CLM-02591,POL-107773,2026-05-05 11:47,Kano,Branch,Third party,1215000,Paid,1104000,2026-06-01 08:41
CLM-02592,POL-107776,2026-05-06 10:34,Lagos,Agent,Windscreen,390000,Rejected,,2026-05-11 08:04
CLM-02593,POL-107781,2026-05-06 14:27,Lagos,Web,Third party,1085000,Paid,1078000,2026-05-27 08:59
CLM-02594,POL-107783,2026-05-06 16:47,Port Harcourt,Branch,Accident damage,270000,Paid,259000,2026-05-27 08:04
CLM-02595,POL-107787,2026-05-06 07:26,Lagos,Agent,Accident damage,915000,Paid,850000,2026-05-23 10:46
CLM-02596,POL-107789,2026-05-06 07:34,Port Harcourt,Web,Windscreen,305000,Paid,290000,2026-05-26 08:10
CLM-02597,POL-107792,2026-05-06 07:16,Ibadan,Web,Accident damage,715000,Paid,643000,2026-05-21 08:48
CLM-02598,POL-107796,2026-05-06 20:56,Lagos,Phone,Accident damage,1890000,Paid,1805000,2026-05-26 11:30
CLM-02599,POL-107798,2026-05-06 08:19,Lagos,Branch,Accident damage,1180000,Paid,1060000,2026-05-19 08:45
CLM-02600,POL-107800,2026-05-06 14:19,Lagos,Phone,Third party,2060000,Paid,1849000,2026-05-25 08:10
CLM-02601,POL-107803,2026-05-06 12:12,Ibadan,Phone,Accident damage,1385000,Paid,1292000,2026-05-27 08:12
CLM-02602,POL-107807,2026-05-06 17:38,Port Harcourt,Agent,Accident damage,535000,Rejected,,2026-05-29 15:38
CLM-02603,POL-107810,2026-05-07 08:49,Lagos,Agent,Accident damage,580000,Paid,546000,2026-05-29 11:43
CLM-02604,POL-107812,2026-05-07 20:12,Lagos,Agent,Windscreen,335000,Paid,310000,2026-05-18 08:13
CLM-02605,POL-107815,2026-05-07 17:26,Abuja,Phone,Windscreen,420000,Paid,377000,2026-05-26 12:55
CLM-02606,POL-107820,2026-05-07 13:18,Port Harcourt,Phone,Accident damage,515000,Rejected,,2026-05-29 16:58
CLM-02607,POL-107823,2026-05-07 11:02,Port Harcourt,Branch,Windscreen,290000,Paid,284000,2026-06-02 08:25
CLM-02608,POL-107824,2026-05-07 07:12,Abuja,Branch,Accident damage,340000,Paid,331000,2026-05-27 08:03
CLM-02609,POL-107827,2026-05-07 18:56,Kano,Agent,Windscreen,305000,Paid,302000,2026-06-10 08:20
CLM-02610,POL-107832,2026-05-07 10:28,Abuja,Agent,Windscreen,240000,Rejected,,2026-05-29 15:55
CLM-02611,POL-107833,2026-05-07 11:16,Lagos,Agent,Windscreen,125000,Paid,123000,2026-05-27 08:20
CLM-02612,POL-107837,2026-05-08 09:48,Port Harcourt,Branch,Windscreen,210000,Paid,174000,2026-06-09 08:15
CLM-02613,POL-107841,2026-05-08 20:50,Ibadan,Agent,Theft,4815000,Paid,4021000,2026-06-03 10:44
CLM-02614,POL-107844,2026-05-08 15:29,Abuja,Web,Accident damage,1180000,Paid,1067000,2026-05-27 08:36
CLM-02615,POL-107847,2026-05-08 14:59,Abuja,Web,Windscreen,415000,Paid,382000,2026-05-28 08:20
CLM-02616,POL-107850,2026-05-08 18:39,Abuja,Branch,Accident damage,695000,Paid,629000,2026-06-03 08:17
CLM-02617,POL-107853,2026-05-08 20:18,Kano,Branch,Third party,1540000,Paid,1537000,2026-05-26 14:10
CLM-02618,POL-107855,2026-05-08 17:45,Lagos,Agent,Accident damage,520000,Paid,429000,2026-06-01 08:09
CLM-02619,POL-107857,2026-05-08 20:59,Port Harcourt,Phone,Windscreen,295000,Withdrawn,,2026-06-10 11:51
CLM-02620,POL-107862,2026-05-08 12:19,Abuja,Branch,Accident damage,405000,Paid,381000,2026-06-03 09:07
CLM-02621,POL-107864,2026-05-08 15:20,Abuja,Phone,Accident damage,365000,Withdrawn,,2026-06-17 11:40
CLM-02622,POL-107866,2026-05-08 17:22,Abuja,Web,Theft,6925000,Paid,6262000,2026-06-09 12:14
CLM-02623,POL-107871,2026-05-09 20:36,Lagos,Agent,Accident damage,285000,Paid,267000,2026-05-28 12:40
CLM-02624,POL-107873,2026-05-09 16:55,Lagos,Agent,Accident damage,745000,Paid,728000,2026-05-27 08:10
CLM-02625,POL-107877,2026-05-09 15:56,Lagos,Agent,Third party,2260000,Paid,2191000,2026-06-03 08:31
CLM-02626,POL-107878,2026-05-09 11:03,Lagos,Web,Accident damage,700000,Paid,684000,2026-05-26 16:48
CLM-02627,POL-107883,2026-05-09 17:21,Lagos,Agent,Third party,1120000,Paid,961000,2026-06-10 08:42
CLM-02628,POL-107885,2026-05-09 09:31,Lagos,Web,Accident damage,315000,Paid,260000,2026-05-25 08:14
CLM-02629,POL-107889,2026-05-09 20:45,Ibadan,Phone,Windscreen,240000,Paid,236000,2026-05-26 08:18
CLM-02630,POL-107892,2026-05-09 10:34,Lagos,Agent,Accident damage,185000,Paid,177000,2026-05-22 16:08
CLM-02631,POL-107894,2026-05-09 17:44,Abuja,Agent,Accident damage,1775000,Paid,1730000,2026-05-27 12:07
CLM-02632,POL-107898,2026-05-09 16:43,Lagos,Agent,Windscreen,190000,Rejected,,2026-05-21 08:15
CLM-02633,POL-107901,2026-05-09 08:33,Abuja,Agent,Windscreen,175000,Withdrawn,,2026-06-15 11:03
CLM-02634,POL-107903,2026-05-10 15:29,Ibadan,Web,Accident damage,225000,Paid,208000,2026-05-27 08:08
CLM-02635,POL-107906,2026-05-10 08:03,Port Harcourt,Phone,Windscreen,305000,Paid,294000,2026-06-03 08:37
CLM-02636,POL-107908,2026-05-10 19:55,Lagos,Phone,Accident damage,410000,Paid,372000,2026-05-27 08:58
CLM-02637,POL-107912,2026-05-10 12:54,Abuja,Agent,Third party,1090000,Paid,1026000,2026-06-11 08:29
CLM-02638,POL-107914,2026-05-10 16:39,Lagos,Branch,Windscreen,410000,Paid,403000,2026-05-20 08:10
CLM-02639,POL-107919,2026-05-10 14:25,Abuja,Agent,Accident damage,255000,Rejected,,2026-06-05 15:47
CLM-02640,POL-107920,2026-05-11 16:48,Lagos,Branch,Windscreen,435000,Paid,432000,2026-05-20 08:15
CLM-02641,POL-107923,2026-05-11 11:32,Lagos,Web,Windscreen,175000,Paid,164000,2026-05-20 08:58
CLM-02642,POL-107926,2026-05-11 10:09,Lagos,Branch,Accident damage,655000,Paid,582000,2026-06-01 10:04
CLM-02643,POL-107930,2026-05-11 11:55,Abuja,Agent,Accident damage,605000,Paid,585000,2026-06-03 08:58
CLM-02644,POL-107933,2026-05-11 10:28,Abuja,Branch,Accident damage,1870000,Paid,1802000,2026-06-04 08:17
CLM-02645,POL-107937,2026-05-11 14:29,Ibadan,Agent,Accident damage,1105000,Paid,949000,2026-06-15 13:57
CLM-02646,POL-107939,2026-05-11 18:39,Kano,Agent,Accident damage,980000,Paid,964000,2026-06-10 15:59
CLM-02647,POL-107943,2026-05-11 14:33,Lagos,Agent,Accident damage,450000,Rejected,,2026-05-22 11:11
CLM-02648,POL-107945,2026-05-11 08:55,Port Harcourt,Branch,Accident damage,475000,Paid,413000,2026-06-10 08:20
CLM-02649,POL-107947,2026-05-11 12:46,Lagos,Branch,Theft,5370000,Rejected,,2026-05-22 16:58
CLM-02650,POL-107951,2026-05-12 12:40,Port Harcourt,Branch,Accident damage,470000,Paid,438000,2026-06-03 08:28
CLM-02651,POL-107954,2026-05-12 08:13,Port Harcourt,Branch,Accident damage,620000,Paid,553000,2026-06-01 08:26
CLM-02652,POL-107957,2026-05-12 17:31,Lagos,Web,Third party,1010000,Paid,831000,2026-06-02 14:38
CLM-02653,POL-107959,2026-05-12 13:51,Kano,Agent,Accident damage,1425000,Rejected,,2026-05-29 15:32
CLM-02654,POL-107964,2026-05-12 17:19,Ibadan,Branch,Theft,6555000,Paid,6107000,2026-06-06 08:02
CLM-02655,POL-107967,2026-05-12 12:31,Abuja,Branch,Accident damage,710000,Withdrawn,,2026-06-26 10:54
CLM-02656,POL-107970,2026-05-12 14:49,Abuja,Branch,Windscreen,155000,Paid,147000,2026-06-03 08:08
CLM-02657,POL-107971,2026-05-12 14:47,Abuja,Web,Accident damage,2660000,Paid,2301000,2026-06-02 11:45
CLM-02658,POL-107974,2026-05-12 14:45,Kano,Phone,Windscreen,230000,Paid,229000,2026-06-03 08:21
CLM-02659,POL-107977,2026-05-12 15:43,Kano,Agent,Third party,810000,Paid,773000,2026-06-09 08:56
CLM-02660,POL-107982,2026-05-12 10:57,Ibadan,Web,Theft,6320000,Paid,5655000,2026-06-13 08:52
CLM-02661,POL-107984,2026-05-12 12:07,Lagos,Agent,Accident damage,730000,Paid,627000,2026-06-05 08:29
CLM-02662,POL-107987,2026-05-13 07:10,Abuja,Agent,Accident damage,400000,Paid,385000,2026-06-09 15:56
CLM-02663,POL-107990,2026-05-13 15:20,Abuja,Web,Windscreen,175000,Paid,160000,2026-06-02 12:30
CLM-02664,POL-107994,2026-05-13 20:27,Abuja,Agent,Windscreen,130000,Paid,118000,2026-06-09 08:39
CLM-02665,POL-107996,2026-05-13 17:59,Abuja,Phone,Theft,5750000,Paid,5047000,2026-06-22 15:20
CLM-02666,POL-107998,2026-05-13 11:19,Ibadan,Branch,Windscreen,330000,Paid,288000,2026-06-25 10:57
CLM-02667,POL-108001,2026-05-13 09:49,Port Harcourt,Web,Accident damage,1910000,Paid,1735000,2026-06-03 08:20
CLM-02668,POL-108004,2026-05-13 19:43,Abuja,Web,Windscreen,220000,Paid,193000,2026-06-03 08:43
CLM-02669,POL-108009,2026-05-13 16:54,Kano,Web,Accident damage,1070000,Paid,1025000,2026-06-17 08:35
CLM-02670,POL-108012,2026-05-13 12:22,Ibadan,Agent,Windscreen,290000,Paid,242000,2026-07-01 08:21
CLM-02671,POL-108015,2026-05-13 11:37,Lagos,Agent,Accident damage,1005000,Paid,879000,2026-06-01 08:54
CLM-02672,POL-108017,2026-05-13 18:38,Ibadan,Web,Accident damage,1010000,Paid,927000,2026-06-10 08:45
CLM-02673,POL-108020,2026-05-14 13:54,Port Harcourt,Branch,Windscreen,330000,Paid,276000,2026-06-10 09:53
CLM-02674,POL-108022,2026-05-14 15:44,Kano,Web,Accident damage,485000,Rejected,,2026-05-29 16:04
CLM-02675,POL-108025,2026-05-14 08:15,Abuja,Agent,Windscreen,200000,Paid,194000,2026-06-09 08:33
CLM-02676,POL-108029,2026-05-14 15:48,Port Harcourt,Phone,Accident damage,400000,Paid,342000,2026-06-02 08:46
CLM-02677,POL-108032,2026-05-14 12:50,Kano,Agent,Windscreen,360000,Paid,312000,2026-06-09 15:01
CLM-02678,POL-108034,2026-05-14 07:05,Port Harcourt,Phone,Windscreen,375000,Paid,350000,2026-06-01 08:23
CLM-02679,POL-108039,2026-05-14 16:36,Kano,Agent,Theft,3395000,Paid,3155000,2026-06-15 08:13
CLM-02680,POL-108041,2026-05-14 14:54,Ibadan,Agent,Windscreen,370000,Paid,309000,2026-06-09 11:11
CLM-02681,POL-108043,2026-05-14 19:34,Lagos,Branch,Accident damage,985000,Rejected,,2026-05-29 15:50
CLM-02682,POL-108048,2026-05-15 07:37,Port Harcourt,Branch,Theft,4665000,Paid,4258000,2026-06-11 08:46
CLM-02683,POL-108049,2026-05-15 11:21,Port Harcourt,Phone,Windscreen,240000,Withdrawn,,2026-07-01 11:01
CLM-02684,POL-108054,2026-05-15 15:10,Ibadan,Agent,Accident damage,440000,Withdrawn,,2026-06-20 09:30
CLM-02685,POL-108057,2026-05-15 11:38,Kano,Web,Windscreen,440000,Paid,440000,2026-06-02 13:52
CLM-02686,POL-108058,2026-05-15 08:33,Lagos,Branch,Third party,1170000,Rejected,,2026-06-12 16:53
CLM-02687,POL-108063,2026-05-15 12:07,Port Harcourt,Agent,Third party,465000,Paid,430000,2026-06-10 12:14
CLM-02688,POL-108066,2026-05-15 11:42,Ibadan,Branch,Accident damage,390000,Paid,327000,2026-06-03 09:31
CLM-02689,POL-108068,2026-05-15 16:37,Lagos,Web,Windscreen,335000,Paid,304000,2026-05-26 15:15
CLM-02690,POL-108071,2026-05-15 07:33,Ibadan,Branch,Third party,2220000,Paid,1824000,2026-06-03 10:15
CLM-02691,POL-108075,2026-05-16 16:19,Ibadan,Agent,Windscreen,245000,Paid,221000,2026-07-01 09:18
CLM-02692,POL-108077,2026-05-16 16:37,Ibadan,Agent,Accident damage,490000,Paid,414000,2026-06-17 08:28
CLM-02693,POL-108081,2026-05-16 18:40,Ibadan,Branch,Windscreen,275000,Paid,270000,2026-06-17 08:18
CLM-02694,POL-108084,2026-05-16 08:35,Port Harcourt,Phone,Accident damage,165000,Paid,137000,2026-06-18 08:16
CLM-02695,POL-108085,2026-05-16 13:31,Lagos,Web,Third party,1175000,Paid,1070000,2026-06-10 14:59
CLM-02696,POL-108089,2026-05-16 17:35,Kano,Phone,Accident damage,525000,Paid,518000,2026-06-10 08:34
CLM-02697,POL-108092,2026-05-16 17:06,Abuja,Branch,Accident damage,1415000,Paid,1327000,2026-06-03 08:04
CLM-02698,POL-108094,2026-05-16 09:04,Lagos,Phone,Windscreen,250000,Paid,248000,2026-06-04 11:00
CLM-02699,POL-108098,2026-05-16 11:35,Lagos,Agent,Windscreen,155000,Paid,141000,2026-05-28 08:59
CLM-02700,POL-108102,2026-05-16 09:40,Abuja,Agent,Accident damage,1420000,Paid,1211000,2026-06-10 09:52
CLM-02701,POL-108103,2026-05-16 09:44,Ibadan,Agent,Accident damage,310000,Rejected,,2026-06-05 15:01
CLM-02702,POL-108107,2026-05-16 12:50,Lagos,Branch,Theft,2750000,Paid,2664000,2026-06-03 08:58
CLM-02703,POL-108110,2026-05-17 08:39,Port Harcourt,Branch,Accident damage,280000,Rejected,,2026-06-05 16:37
CLM-02704,POL-108114,2026-05-17 09:50,Lagos,Phone,Accident damage,1260000,Paid,1206000,2026-06-03 09:28
CLM-02705,POL-108117,2026-05-17 07:24,Kano,Branch,Accident damage,735000,Paid,693000,2026-06-10 10:34
CLM-02706,POL-108119,2026-05-17 18:19,Lagos,Branch,Windscreen,405000,Paid,353000,2026-05-25 08:25
CLM-02707,POL-108122,2026-05-18 08:23,Abuja,Agent,Accident damage,1410000,Paid,1362000,2026-06-17 08:35
CLM-02708,POL-108124,2026-05-18 12:20,Ibadan,Web,Windscreen,300000,Paid,278000,2026-06-10 12:13
CLM-02709,POL-108129,2026-05-18 15:20,Lagos,Branch,Accident damage,250000,Paid,245000,2026-06-15 08:23
CLM-02710,POL-108132,2026-05-18 13:08,Ibadan,Branch,Third party,875000,Withdrawn,,2026-06-20 12:04
CLM-02711,POL-108134,2026-05-18 17:48,Ibadan,Agent,Accident damage,640000,Paid,544000,2026-06-16 11:23
CLM-02712,POL-108138,2026-05-18 10:36,Port Harcourt,Branch,Windscreen,165000,Paid,163000,2026-06-10 08:56
CLM-02713,POL-108140,2026-05-18 16:02,Ibadan,Phone,Theft,2660000,Paid,2576000,2026-06-18 08:05
CLM-02714,POL-108144,2026-05-18 07:25,Lagos,Web,Windscreen,325000,Paid,319000,2026-05-23 10:18
CLM-02715,POL-108145,2026-05-18 07:32,Lagos,Branch,Accident damage,785000,Paid,709000,2026-06-01 08:11
CLM-02716,POL-108149,2026-05-18 15:14,Port Harcourt,Branch,Accident damage,1025000,Paid,1017000,2026-06-16 08:46
CLM-02717,POL-108153,2026-05-19 08:56,Lagos,Web,Theft,7910000,Paid,7549000,2026-06-17 10:03
CLM-02718,POL-108156,2026-05-19 19:12,Lagos,Branch,Third party,650000,Paid,544000,2026-06-25 08:45
CLM-02719,POL-108157,2026-05-19 14:02,Abuja,Agent,Third party,1750000,Paid,1620000,2026-06-16 12:40
CLM-02720,POL-108161,2026-05-19 16:29,Abuja,Agent,Accident damage,790000,Paid,680000,2026-06-16 08:14
CLM-02721,POL-108165,2026-05-19 10:33,Kano,Web,Windscreen,265000,Paid,246000,2026-06-03 13:30
CLM-02722,POL-108168,2026-05-19 19:18,Ibadan,Web,Windscreen,235000,Paid,200000,2026-06-09 14:46
CLM-02723,POL-108169,2026-05-19 10:16,Lagos,Agent,Windscreen,345000,Paid,305000,2026-05-27 08:45
CLM-02724,POL-108173,2026-05-19 16:02,Ibadan,Agent,Accident damage,345000,Withdrawn,,2026-06-29 14:02
CLM-02725,POL-108176,2026-05-19 14:01,Lagos,Web,Accident damage,1655000,Rejected,,2026-06-05 15:36
CLM-02726,POL-108179,2026-05-19 17:03,Lagos,Agent,Accident damage,540000,Paid,525000,2026-06-09 12:57
CLM-02727,POL-108183,2026-05-19 12:40,Lagos,Branch,Accident damage,1540000,Paid,1525000,2026-06-11 08:42
CLM-02728,POL-108185,2026-05-20 15:21,Lagos,Agent,Accident damage,580000,Paid,568000,2026-06-10 08:44
CLM-02729,POL-108187,2026-05-20 17:12,Port Harcourt,Agent,Accident damage,570000,Paid,533000,2026-06-18 09:47
CLM-02730,POL-108190,2026-05-20 07:00,Ibadan,Agent,Windscreen,165000,Withdrawn,,2026-07-06 09:51
CLM-02731,POL-108195,2026-05-20 14:25,Kano,Branch,Accident damage,315000,Paid,280000,2026-06-09 15:22
CLM-02732,POL-108197,2026-05-20 18:16,Lagos,Branch,Windscreen,355000,Rejected,,2026-06-05 13:42
CLM-02733,POL-108199,2026-05-20 10:17,Port Harcourt,Agent,Accident damage,390000,Paid,389000,2026-06-17 09:15
CLM-02734,POL-108202,2026-05-20 18:27,Ibadan,Web,Accident damage,630000,Paid,530000,2026-06-10 15:02
CLM-02735,POL-108207,2026-05-20 20:56,Ibadan,Web,Accident damage,640000,Paid,568000,2026-06-10 08:37
CLM-02736,POL-108210,2026-05-20 12:25,Lagos,Agent,Accident damage,285000,Paid,250000,2026-06-06 08:05
CLM-02737,POL-108211,2026-05-20 17:49,Abuja,Agent,Accident damage,655000,Paid,635000,2026-06-24 08:31
CLM-02738,POL-108216,2026-05-20 20:08,Port Harcourt,Branch,Accident damage,525000,Paid,474000,2026-06-16 12:02
CLM-02739,POL-108217,2026-05-21 16:13,Lagos,Web,Windscreen,190000,Paid,189000,2026-05-29 08:11
CLM-02740,POL-108222,2026-05-21 12:18,Ibadan,Phone,Accident damage,2335000,Paid,2124000,2026-06-09 11:34
CLM-02741,POL-108224,2026-05-21 10:12,Port Harcourt,Web,Windscreen,310000,Paid,287000,2026-06-09 11:14
CLM-02742,POL-108226,2026-05-21 14:02,Abuja,Phone,Windscreen,155000,Paid,153000,2026-06-09 14:17
CLM-02743,POL-108230,2026-05-21 16:31,Lagos,Web,Windscreen,435000,Paid,426000,2026-05-30 08:05
CLM-02744,POL-108234,2026-05-21 10:16,Lagos,Agent,Theft,7880000,Paid,7429000,2026-07-03 08:15
CLM-02745,POL-108237,2026-05-21 13:36,Ibadan,Web,Third party,1235000,Paid,1166000,2026-06-25 08:40
CLM-02746,POL-108240,2026-05-21 13:21,Kano,Agent,Third party,910000,Paid,791000,2026-06-18 08:34
CLM-02747,POL-108243,2026-05-21 09:47,Lagos,Phone,Accident damage,660000,Paid,629000,2026-06-11 08:37
CLM-02748,POL-108246,2026-05-21 13:46,Kano,Agent,Accident damage,255000,Paid,210000,2026-06-16 08:25
CLM-02749,POL-108249,2026-05-21 16:37,Lagos,Agent,Theft,6920000,Paid,5999000,2026-06-16 16:50
CLM-02750,POL-108252,2026-05-21 17:58,Abuja,Branch,Accident damage,810000,Paid,749000,2026-06-17 08:43
CLM-02751,POL-108255,2026-05-21 13:34,Ibadan,Phone,Accident damage,610000,Paid,540000,2026-06-09 12:06
CLM-02752,POL-108257,2026-05-22 17:03,Abuja,Web,Windscreen,235000,Paid,197000,2026-06-16 12:50
CLM-02753,POL-108260,2026-05-22 20:12,Lagos,Web,Windscreen,245000,Paid,234000,2026-06-01 08:26
CLM-02754,POL-108264,2026-05-22 17:55,Ibadan,Agent,Accident damage,460000,Rejected,,2026-06-12 15:06
CLM-02755,POL-108265,2026-05-22 10:44,Lagos,Web,Accident damage,785000,Paid,769000,2026-06-13 10:20
CLM-02756,POL-108268,2026-05-22 18:11,Lagos,Agent,Windscreen,150000,Paid,149000,2026-06-13 12:22
CLM-02757,POL-108271,2026-05-22 17:38,Port Harcourt,Phone,Theft,4255000,Paid,3701000,2026-06-16 08:55
CLM-02758,POL-108274,2026-05-22 08:43,Kano,Branch,Third party,1260000,Paid,1150000,2026-07-15 09:52
CLM-02759,POL-108279,2026-05-22 10:01,Ibadan,Agent,Theft,3735000,Paid,3379000,2026-06-24 08:01
CLM-02760,POL-108280,2026-05-22 15:15,Abuja,Phone,Accident damage,415000,Paid,403000,2026-06-09 11:20
CLM-02761,POL-108283,2026-05-23 12:27,Port Harcourt,Agent,Third party,785000,Paid,778000,2026-06-23 08:00
CLM-02762,POL-108288,2026-05-23 19:37,Ibadan,Branch,Accident damage,1285000,Paid,1186000,2026-06-24 11:56
CLM-02763,POL-108291,2026-05-23 14:38,Port Harcourt,Phone,Accident damage,845000,Paid,733000,2026-06-24 08:55
CLM-02764,POL-108294,2026-05-23 12:16,Lagos,Phone,Accident damage,455000,Paid,447000,2026-06-08 16:33
CLM-02765,POL-108296,2026-05-23 18:28,Abuja,Branch,Accident damage,375000,Paid,330000,2026-06-17 08:39
CLM-02766,POL-108299,2026-05-23 19:15,Lagos,Branch,Windscreen,370000,Paid,356000,2026-06-02 09:47
CLM-02767,POL-108302,2026-05-23 07:58,Port Harcourt,Agent,Windscreen,275000,Withdrawn,,2026-07-02 14:47
CLM-02768,POL-108305,2026-05-23 19:38,Ibadan,Branch,Accident damage,380000,Paid,374000,2026-06-17 10:49
CLM-02769,POL-108309,2026-05-23 13:26,Kano,Agent,Accident damage,680000,Paid,666000,2026-06-16 08:32
CLM-02770,POL-108310,2026-05-23 17:06,Kano,Branch,Accident damage,270000,Paid,243000,2026-06-10 14:18
CLM-02771,POL-108314,2026-05-23 20:42,Kano,Agent,Accident damage,760000,Paid,631000,2026-06-16 08:07
CLM-02772,POL-108318,2026-05-23 16:57,Ibadan,Agent,Accident damage,535000,Paid,524000,2026-07-01 08:50
CLM-02773,POL-108321,2026-05-23 11:47,Abuja,Agent,Accident damage,710000,Paid,616000,2026-07-01 08:16
CLM-02774,POL-108324,2026-05-24 18:36,Lagos,Agent,Accident damage,455000,Paid,407000,2026-06-23 08:06
CLM-02775,POL-108326,2026-05-24 16:57,Ibadan,Web,Third party,670000,Paid,580000,2026-06-17 08:28
CLM-02776,POL-108330,2026-05-24 10:54,Ibadan,Agent,Accident damage,645000,Rejected,,2026-06-19 16:12
CLM-02777,POL-108332,2026-05-24 15:03,Ibadan,Phone,Accident damage,575000,Paid,480000,2026-06-17 08:13
CLM-02778,POL-108334,2026-05-25 08:03,Ibadan,Phone,Accident damage,725000,Paid,690000,2026-06-24 08:46
CLM-02779,POL-108339,2026-05-25 20:52,Lagos,Phone,Accident damage,1290000,Paid,1267000,2026-06-17 08:31
CLM-02780,POL-108342,2026-05-25 09:09,Port Harcourt,Branch,Theft,9195000,Paid,7764000,2026-06-26 12:06
CLM-02781,POL-108343,2026-05-25 17:41,Ibadan,Web,Third party,1230000,Rejected,,2026-06-12 15:25
CLM-02782,POL-108346,2026-05-25 13:51,Port Harcourt,Branch,Accident damage,1430000,Paid,1336000,2026-06-17 08:54
CLM-02783,POL-108349,2026-05-25 20:31,Ibadan,Branch,Windscreen,150000,Paid,129000,2026-06-17 08:26
CLM-02784,POL-108353,2026-05-25 07:05,Lagos,Web,Accident damage,715000,Paid,640000,2026-06-15 13:23
CLM-02785,POL-108356,2026-05-25 19:17,Lagos,Branch,Windscreen,205000,Paid,190000,2026-06-08 08:58
CLM-02786,POL-108358,2026-05-25 18:11,Port Harcourt,Branch,Windscreen,325000,Paid,319000,2026-07-01 08:43
CLM-02787,POL-108361,2026-05-25 07:42,Abuja,Agent,Accident damage,1080000,Paid,951000,2026-07-01 08:09
CLM-02788,POL-108366,2026-05-26 19:47,Lagos,Agent,Windscreen,305000,Paid,285000,2026-06-05 08:37
CLM-02789,POL-108368,2026-05-26 19:36,Abuja,Branch,Windscreen,150000,Paid,141000,2026-06-17 08:20
CLM-02790,POL-108370,2026-05-26 11:03,Lagos,Branch,Windscreen,130000,Paid,127000,2026-06-02 11:16
CLM-02791,POL-108375,2026-05-26 13:00,Lagos,Branch,Third party,1225000,Paid,1131000,2026-06-17 08:20
CLM-02792,POL-108376,2026-05-26 11:44,Abuja,Branch,Accident damage,760000,Paid,719000,2026-06-18 08:54
CLM-02793,POL-108380,2026-05-26 20:40,Kano,Agent,Theft,6515000,Paid,5658000,2026-07-03 08:45
CLM-02794,POL-108382,2026-05-26 10:31,Ibadan,Web,Windscreen,200000,Paid,185000,2026-06-16 14:42
CLM-02795,POL-108385,2026-05-26 14:32,Lagos,Agent,Accident damage,525000,Paid,518000,2026-06-20 08:33
CLM-02796,POL-108388,2026-05-26 20:42,Abuja,Agent,Accident damage,190000,Paid,188000,2026-06-24 08:10
CLM-02797,POL-108393,2026-05-27 17:43,Abuja,Phone,Accident damage,2010000,Paid,1827000,2026-06-16 08:03
CLM-02798,POL-108395,2026-05-27 20:27,Port Harcourt,Agent,Windscreen,200000,Paid,176000,2026-07-08 08:47
CLM-02799,POL-108398,2026-05-27 15:40,Port Harcourt,Agent,Windscreen,280000,Paid,242000,2026-06-24 08:30
CLM-02800,POL-108402,2026-05-27 14:28,Lagos,Web,Accident damage,1660000,Paid,1412000,2026-06-17 08:00
CLM-02801,POL-108404,2026-05-27 18:20,Lagos,Agent,Windscreen,240000,Paid,239000,2026-06-08 08:55
CLM-02802,POL-108407,2026-05-27 19:44,Ibadan,Agent,Accident damage,215000,Paid,178000,2026-06-24 08:55
CLM-02803,POL-108409,2026-05-27 08:06,Abuja,Phone,Theft,3770000,Paid,3320000,2026-07-01 08:47
CLM-02804,POL-108414,2026-05-27 07:59,Port Harcourt,Agent,Accident damage,1210000,Paid,1024000,2026-06-24 08:33
CLM-02805,POL-108417,2026-05-27 08:25,Ibadan,Phone,Windscreen,315000,Paid,282000,2026-06-22 08:59
CLM-02806,POL-108420,2026-05-27 15:23,Lagos,Phone,Third party,1190000,Paid,1164000,2026-06-11 08:06
CLM-02807,POL-108421,2026-05-28 11:20,Abuja,Agent,Third party,2480000,Paid,2201000,2026-06-30 10:19
CLM-02808,POL-108424,2026-05-28 11:26,Abuja,Agent,Windscreen,305000,Paid,288000,2026-06-25 08:03
CLM-02809,POL-108428,2026-05-28 09:11,Lagos,Agent,Accident damage,2045000,Rejected,,2026-06-19 16:17
CLM-02810,POL-108430,2026-05-28 15:04,Lagos,Agent,Accident damage,255000,Paid,245000,2026-06-10 08:14
CLM-02811,POL-108434,2026-05-28 14:46,Port Harcourt,Agent,Accident damage,240000,Paid,225000,2026-06-24 08:33
CLM-02812,POL-108436,2026-05-28 16:50,Abuja,Phone,Accident damage,1010000,Withdrawn,,2026-07-01 11:36
CLM-02813,POL-108440,2026-05-28 10:13,Kano,Web,Third party,1080000,Paid,1047000,2026-06-09 08:51
CLM-02814,POL-108443,2026-05-28 20:33,Lagos,Branch,Theft,3750000,Paid,3377000,2026-06-16 08:37
CLM-02815,POL-108445,2026-05-28 10:09,Lagos,Phone,Windscreen,220000,Paid,184000,2026-06-08 14:29
CLM-02816,POL-108449,2026-05-28 18:05,Lagos,Branch,Accident damage,585000,Paid,493000,2026-06-19 13:18
CLM-02817,POL-108451,2026-05-28 20:28,Kano,Phone,Accident damage,970000,Paid,961000,2026-06-18 08:20
CLM-02818,POL-108455,2026-05-29 18:34,Lagos,Phone,Theft,3745000,Paid,3408000,2026-06-16 09:31
CLM-02819,POL-108457,2026-05-29 18:42,Lagos,Agent,Third party,1200000,Paid,1115000,2026-06-25 08:11
CLM-02820,POL-108460,2026-05-29 08:34,Lagos,Phone,Windscreen,180000,Paid,168000,2026-06-06 08:15
CLM-02821,POL-108464,2026-05-29 14:01,Ibadan,Branch,Windscreen,220000,Paid,197000,2026-06-25 08:29
CLM-02822,POL-108468,2026-05-29 16:23,Port Harcourt,Agent,Accident damage,75000,Paid,64000,2026-06-24 08:34
CLM-02823,POL-108471,2026-05-29 18:29,Ibadan,Branch,Third party,1395000,Withdrawn,,2026-07-01 09:11
CLM-02824,POL-108472,2026-05-29 07:16,Kano,Branch,Accident damage,1025000,Paid,966000,2026-06-24 08:56
CLM-02825,POL-108476,2026-05-29 12:38,Kano,Agent,Windscreen,430000,Paid,379000,2026-06-24 10:52
CLM-02826,POL-108479,2026-05-29 14:41,Lagos,Phone,Accident damage,270000,Rejected,,2026-06-12 14:20
CLM-02827,POL-108481,2026-05-29 10:17,Lagos,Phone,Third party,1390000,Paid,1195000,2026-07-01 08:21
CLM-02828,POL-108486,2026-05-29 19:30,Kano,Branch,Third party,760000,Paid,681000,2026-06-30 12:16
CLM-02829,POL-108489,2026-05-30 12:55,Lagos,Agent,Windscreen,175000,Paid,156000,2026-06-08 08:49
CLM-02830,POL-108492,2026-05-30 12:35,Lagos,Branch,Accident damage,780000,Paid,769000,2026-06-15 14:49
CLM-02831,POL-108495,2026-05-30 19:11,Abuja,Branch,Third party,990000,Paid,879000,2026-06-25 08:20
CLM-02832,POL-108497,2026-05-30 12:39,Kano,Agent,Theft,4285000,Paid,3905000,2026-07-20 08:29
CLM-02833,POL-108500,2026-05-30 13:08,Lagos,Agent,Third party,3195000,Paid,3145000,2026-06-17 10:41
CLM-02834,POL-108503,2026-05-30 07:27,Ibadan,Agent,Windscreen,295000,Paid,268000,2026-06-22 08:38
CLM-02835,POL-108507,2026-05-30 09:19,Lagos,Web,Third party,485000,Paid,423000,2026-06-23 09:36
CLM-02836,POL-108509,2026-05-30 11:49,Ibadan,Agent,Accident damage,980000,Rejected,,2026-06-26 15:51
CLM-02837,POL-108511,2026-05-30 17:42,Lagos,Agent,Theft,8930000,Rejected,,2026-07-03 15:16
CLM-02838,POL-108515,2026-05-30 13:07,Port Harcourt,Agent,Accident damage,830000,Paid,821000,2026-06-24 08:38
CLM-02839,POL-108518,2026-05-30 15:21,Abuja,Branch,Third party,1045000,Paid,1002000,2026-06-17 16:30
CLM-02840,POL-108521,2026-05-30 16:17,Ibadan,Branch,Windscreen,350000,Paid,308000,2026-06-22 08:43
CLM-02841,POL-108523,2026-05-30 13:00,Lagos,Web,Accident damage,1030000,Paid,961000,2026-06-15 08:48
CLM-02842,POL-108527,2026-05-31 08:08,Kano,Branch,Accident damage,385000,Paid,336000,2026-06-17 14:11
CLM-02843,POL-108531,2026-05-31 16:56,Ibadan,Phone,Accident damage,1130000,Paid,1056000,2026-06-25 08:50
CLM-02844,POL-108532,2026-05-31 16:20,Lagos,Agent,Theft,3980000,Rejected,,2026-06-12 15:09
CLM-02845,POL-108536,2026-05-31 09:14,Lagos,Phone,Third party,1285000,Paid,1172000,2026-06-24 08:14
CLM-02846,POL-108538,2026-05-31 11:21,Abuja,Branch,Windscreen,350000,Paid,301000,2026-07-01 11:41
CLM-02847,POL-108541,2026-06-01 07:53,Lagos,Phone,Accident damage,835000,Paid,712000,2026-06-22 10:54
CLM-02848,POL-108546,2026-06-01 16:24,Lagos,Branch,Windscreen,140000,Paid,118000,2026-06-20 13:56
CLM-02849,POL-108549,2026-06-01 20:16,Port Harcourt,Branch,Accident damage,570000,Paid,482000,2026-06-24 08:18
CLM-02850,POL-108551,2026-06-01 16:12,Port Harcourt,Agent,Accident damage,440000,Withdrawn,,2026-07-13 12:56
CLM-02851,POL-108554,2026-06-01 07:07,Kano,Web,Theft,4930000,Paid,4242000,2026-06-23 11:08
CLM-02852,POL-108557,2026-06-01 12:44,Lagos,Agent,Accident damage,585000,Rejected,,2026-06-26 09:16
CLM-02853,POL-108561,2026-06-01 19:58,Lagos,Branch,Accident damage,830000,Paid,703000,2026-06-15 08:47
CLM-02854,POL-108563,2026-06-01 16:00,Abuja,Agent,Accident damage,475000,Paid,424000,2026-06-23 16:59
CLM-02855,POL-108566,2026-06-01 08:38,Lagos,Agent,Accident damage,715000,Paid,588000,2026-06-17 10:08
CLM-02856,POL-108570,2026-06-02 18:18,Lagos,Agent,Windscreen,310000,Paid,255000,2026-06-13 08:33
CLM-02857,POL-108572,2026-06-02 13:27,Lagos,Web,Accident damage,2115000,Paid,1800000,2026-06-22 16:48
CLM-02858,POL-108574,2026-06-02 10:28,Port Harcourt,Branch,Accident damage,375000,Paid,361000,2026-07-07 08:57
CLM-02859,POL-108579,2026-06-02 10:19,Ibadan,Web,Windscreen,350000,Paid,314000,2026-07-01 09:16
CLM-02860,POL-108581,2026-06-02 20:20,Lagos,Branch,Windscreen,155000,Paid,150000,2026-06-09 08:32
CLM-02861,POL-108583,2026-06-02 13:24,Abuja,Phone,Accident damage,445000,Paid,368000,2026-07-08 12:28
CLM-02862,POL-108588,2026-06-02 16:47,Lagos,Web,Accident damage,1880000,Paid,1692000,2026-06-25 08:06
CLM-02863,POL-108589,2026-06-02 13:40,Lagos,Agent,Accident damage,250000,Paid,243000,2026-06-24 08:52
CLM-02864,POL-108593,2026-06-02 09:22,Port Harcourt,Agent,Theft,5155000,Paid,4692000,2026-07-10 08:55
CLM-02865,POL-108597,2026-06-03 12:52,Lagos,Phone,Third party,1035000,Paid,1011000,2026-06-24 08:09
CLM-02866,POL-108600,2026-06-03 13:16,Kano,Agent,Windscreen,160000,Paid,135000,2026-06-24 08:38
CLM-02867,POL-108601,2026-06-03 14:15,Lagos,Agent,Accident damage,2770000,Rejected,,2026-06-19 16:13
CLM-02868,POL-108606,2026-06-03 17:13,Port Harcourt,Agent,Windscreen,220000,Paid,197000,2026-07-01 08:43
CLM-02869,POL-108608,2026-06-03 16:39,Ibadan,Branch,Windscreen,365000,Rejected,,2026-06-19 15:42
CLM-02870,POL-108611,2026-06-03 15:37,Lagos,Branch,Accident damage,675000,Paid,612000,2026-06-23 12:50
CLM-02871,POL-108614,2026-06-03 07:01,Lagos,Phone,Windscreen,150000,Paid,135000,2026-06-12 13:55
CLM-02872,POL-108617,2026-06-03 09:25,Lagos,Branch,Third party,1060000,Paid,960000,2026-06-24 08:19
CLM-02873,POL-108621,2026-06-03 10:23,Lagos,Agent,Accident damage,845000,Paid,720000,2026-06-22 11:27
CLM-02874,POL-108623,2026-06-03 16:38,Port Harcourt,Branch,Windscreen,195000,Paid,192000,2026-06-25 08:39
CLM-02875,POL-108627,2026-06-03 10:53,Lagos,Web,Windscreen,300000,Paid,271000,2026-06-22 08:55
CLM-02876,POL-108629,2026-06-03 09:08,Lagos,Agent,Windscreen,425000,Withdrawn,,2026-07-06 15:19
CLM-02877,POL-108631,2026-06-04 14:09,Kano,Phone,Windscreen,400000,Paid,394000,2026-07-08 08:33
CLM-02878,POL-108635,2026-06-04 08:28,Lagos,Agent,Accident damage,235000,Paid,211000,2026-06-22 08:21
CLM-02879,POL-108637,2026-06-04 12:09,Lagos,Branch,Windscreen,410000,Paid,363000,2026-06-11 12:43
CLM-02880,POL-108642,2026-06-04 08:29,Ibadan,Phone,Windscreen,350000,Paid,312000,2026-06-23 08:18
CLM-02881,POL-108643,2026-06-04 18:55,Kano,Web,Accident damage,585000,Paid,505000,2026-07-01 10:44
CLM-02882,POL-108646,2026-06-04 09:11,Kano,Agent,Accident damage,1475000,Withdrawn,,2026-07-08 11:17
CLM-02883,POL-108649,2026-06-04 17:18,Port Harcourt,Agent,Accident damage,1085000,Withdrawn,,2026-07-16 16:58
CLM-02884,POL-108654,2026-06-04 16:53,Lagos,Branch,Accident damage,180000,Paid,160000,2026-06-22 08:18
CLM-02885,POL-108655,2026-06-04 14:21,Kano,Phone,Windscreen,365000,Paid,323000,2026-06-29 12:58
CLM-02886,POL-108660,2026-06-04 19:19,Kano,Web,Accident damage,555000,Paid,537000,2026-06-24 08:43
CLM-02887,POL-108662,2026-06-05 11:18,Port Harcourt,Web,Windscreen,300000,Paid,292000,2026-07-08 08:36
CLM-02888,POL-108664,2026-06-05 13:07,Abuja,Phone,Accident damage,1250000,Paid,1119000,2026-07-14 14:11
CLM-02889,POL-108668,2026-06-05 17:52,Lagos,Web,Accident damage,1160000,Paid,1118000,2026-06-30 08:26
CLM-02890,POL-108671,2026-06-05 13:21,Lagos,Agent,Accident damage,205000,Paid,177000,2026-06-26 08:42
CLM-02891,POL-108674,2026-06-05 13:57,Ibadan,Branch,Accident damage,510000,Paid,500000,2026-07-15 08:37
CLM-02892,POL-108677,2026-06-05 07:57,Kano,Agent,Accident damage,2160000,Paid,2146000,2026-07-08 08:02
CLM-02893,POL-108680,2026-06-05 18:01,Abuja,Web,Windscreen,180000,Paid,152000,2026-07-01 08:24
CLM-02894,POL-108684,2026-06-05 09:17,Abuja,Phone,Third party,2250000,Paid,2188000,2026-07-01 08:58
CLM-02895,POL-108686,2026-06-05 12:21,Lagos,Branch,Windscreen,120000,Paid,104000,2026-06-15 08:42
CLM-02896,POL-108689,2026-06-05 15:56,Abuja,Agent,Theft,5535000,Paid,5254000,2026-07-10 14:16
CLM-02897,POL-108691,2026-06-05 12:34,Kano,Branch,Accident damage,2095000,Paid,1836000,2026-06-24 08:03
CLM-02898,POL-108694,2026-06-05 07:15,Abuja,Branch,Windscreen,390000,Paid,326000,2026-06-30 08:41
CLM-02899,POL-108697,2026-06-05 07:35,Lagos,Agent,Accident damage,525000,Paid,472000,2026-06-22 08:05
CLM-02900,POL-108700,2026-06-06 15:23,Ibadan,Branch,Windscreen,185000,Paid,176000,2026-06-25 08:46
CLM-02901,POL-108704,2026-06-06 19:05,Lagos,Branch,Third party,1950000,Paid,1715000,2026-07-15 09:57
CLM-02902,POL-108706,2026-06-06 19:33,Abuja,Web,Accident damage,2200000,Paid,1858000,2026-06-23 08:51
CLM-02903,POL-108711,2026-06-06 12:27,Abuja,Web,Accident damage,1325000,Paid,1105000,2026-06-30 08:02
CLM-02904,POL-108712,2026-06-06 12:57,Port Harcourt,Web,Theft,4610000,Paid,4178000,2026-07-01 11:25
CLM-02905,POL-108715,2026-06-06 13:11,Kano,Web,Windscreen,240000,Paid,209000,2026-06-25 08:44
CLM-02906,POL-108719,2026-06-06 14:59,Abuja,Agent,Windscreen,260000,Paid,216000,2026-07-01 08:22
CLM-02907,POL-108722,2026-06-06 13:05,Ibadan,Agent,Theft,10750000,Paid,9754000,2026-07-04 08:06
CLM-02908,POL-108726,2026-06-06 09:27,Abuja,Phone,Windscreen,165000,Paid,143000,2026-06-25 08:22
CLM-02909,POL-108727,2026-06-06 14:19,Kano,Web,Windscreen,250000,Paid,216000,2026-06-24 08:49
CLM-02910,POL-108731,2026-06-07 17:43,Ibadan,Branch,Accident damage,1705000,Withdrawn,,2026-07-10 14:28
CLM-02911,POL-108733,2026-06-07 08:09,Port Harcourt,Branch,Accident damage,860000,Rejected,,2026-07-03 15:18
CLM-02912,POL-108738,2026-06-07 18:58,Lagos,Branch,Third party,2055000,Paid,2022000,2026-06-30 08:48
CLM-02913,POL-108741,2026-06-07 07:36,Abuja,Agent,Accident damage,330000,Paid,293000,2026-07-02 08:10
CLM-02914,POL-108744,2026-06-07 08:34,Kano,Agent,Theft,6895000,Rejected,,2026-07-10 15:03
CLM-02915,POL-108747,2026-06-07 15:11,Abuja,Agent,Accident damage,1430000,Paid,1251000,2026-07-21 09:59
CLM-02916,POL-108750,2026-06-07 13:14,Lagos,Agent,Windscreen,270000,Paid,268000,2026-06-16 16:29
CLM-02917,POL-108752,2026-06-08 10:05,Lagos,Phone,Accident damage,1700000,Paid,1473000,2026-06-30 08:07
CLM-02918,POL-108756,2026-06-08 19:38,Lagos,Agent,Accident damage,1245000,Paid,1095000,2026-07-01 10:33
CLM-02919,POL-108757,2026-06-08 10:40,Ibadan,Branch,Accident damage,1100000,Paid,1060000,2026-07-01 10:24
CLM-02920,POL-108761,2026-06-08 19:33,Port Harcourt,Agent,Accident damage,650000,Paid,579000,2026-07-22 16:54
CLM-02921,POL-108764,2026-06-08 13:51,Abuja,Branch,Windscreen,260000,Paid,244000,2026-06-24 08:57
CLM-02922,POL-108766,2026-06-08 15:29,Kano,Phone,Accident damage,385000,Paid,335000,2026-07-01 08:13
CLM-02923,POL-108771,2026-06-08 09:28,Port Harcourt,Agent,Windscreen,265000,Paid,238000,2026-07-08 08:11
CLM-02924,POL-108772,2026-06-08 09:43,Lagos,Agent,Accident damage,1345000,Paid,1155000,2026-06-23 08:32
CLM-02925,POL-108776,2026-06-08 15:11,Ibadan,Branch,Windscreen,340000,Withdrawn,,2026-07-10 10:23
CLM-02926,POL-108780,2026-06-08 18:07,Port Harcourt,Branch,Windscreen,285000,Paid,276000,2026-07-07 15:24
CLM-02927,POL-108783,2026-06-08 11:52,Lagos,Branch,Accident damage,355000,Rejected,,2026-06-18 12:41
CLM-02928,POL-108784,2026-06-08 09:25,Abuja,Agent,Third party,710000,Paid,662000,2026-06-30 15:35
CLM-02929,POL-108789,2026-06-08 19:24,Abuja,Branch,Windscreen,350000,Paid,288000,2026-07-09 08:56
CLM-02930,POL-108792,2026-06-09 08:34,Lagos,Web,Accident damage,1165000,Paid,1135000,2026-07-02 08:16
CLM-02931,POL-108794,2026-06-09 16:37,Lagos,Agent,Accident damage,625000,Rejected,,2026-06-22 10:23
CLM-02932,POL-108797,2026-06-09 15:01,Kano,Branch,Windscreen,205000,Paid,203000,2026-07-01 08:40
CLM-02933,POL-108801,2026-06-09 11:38,Abuja,Web,Accident damage,690000,Paid,628000,2026-06-30 08:12
CLM-02934,POL-108802,2026-06-09 10:15,Kano,Web,Windscreen,380000,Paid,313000,2026-07-01 09:13
CLM-02935,POL-108807,2026-06-09 19:25,Port Harcourt,Agent,Accident damage,2600000,Paid,2596000,2026-07-22 08:49
CLM-02936,POL-108809,2026-06-09 16:33,Port Harcourt,Web,Accident damage,1005000,Paid,974000,2026-06-30 16:00
CLM-02937,POL-108811,2026-06-09 19:04,Lagos,Agent,Windscreen,205000,Paid,188000,2026-06-22 08:11
CLM-02938,POL-108815,2026-06-09 15:58,Kano,Agent,Third party,2420000,Withdrawn,,2026-07-22 10:23
CLM-02939,POL-108818,2026-06-09 10:14,Abuja,Branch,Accident damage,405000,Paid,346000,2026-07-07 13:46
CLM-02940,POL-108822,2026-06-09 15:02,Port Harcourt,Agent,Third party,1155000,Paid,1097000,2026-07-22 08:45
CLM-02941,POL-108825,2026-06-09 14:50,Abuja,Branch,Windscreen,205000,Paid,171000,2026-07-01 08:22
CLM-02942,POL-108828,2026-06-09 08:24,Lagos,Phone,Accident damage,1500000,Paid,1456000,2026-06-24 08:19
CLM-02943,POL-108831,2026-06-10 20:59,Abuja,Phone,Accident damage,165000,Paid,140000,2026-07-28 09:47
CLM-02944,POL-108832,2026-06-10 10:40,Kano,Branch,Third party,2095000,Paid,1978000,2026-06-30 10:01
CLM-02945,POL-108837,2026-06-10 10:52,Port Harcourt,Branch,Accident damage,235000,Paid,212000,2026-07-07 12:15
CLM-02946,POL-108839,2026-06-10 20:01,Lagos,Phone,Accident damage,335000,Rejected,,2026-06-27 12:39
CLM-02947,POL-108841,2026-06-10 10:08,Ibadan,Branch,Windscreen,120000,Paid,105000,2026-07-02 08:49
CLM-02948,POL-108846,2026-06-10 07:21,Port Harcourt,Agent,Accident damage,995000,Paid,825000,2026-07-07 15:17
CLM-02949,POL-108849,2026-06-10 07:40,Port Harcourt,Branch,Third party,745000,Paid,719000,2026-07-01 08:10
CLM-02950,POL-108851,2026-06-10 13:36,Lagos,Agent,Accident damage,265000,Paid,264000,2026-06-29 14:13
CLM-02951,POL-108855,2026-06-10 13:29,Kano,Agent,Windscreen,170000,Rejected,,2026-07-03 15:13
CLM-02952,POL-108857,2026-06-11 18:43,Lagos,Branch,Windscreen,240000,Paid,219000,2026-06-20 16:31
CLM-02953,POL-108859,2026-06-11 10:00,Abuja,Web,Accident damage,1175000,Paid,1009000,2026-06-30 15:06
CLM-02954,POL-108863,2026-06-11 19:12,Abuja,Branch,Accident damage,605000,Paid,504000,2026-07-16 08:34
CLM-02955,POL-108866,2026-06-11 16:30,Port Harcourt,Branch,Windscreen,305000,Rejected,,2026-07-10 15:29
CLM-02956,POL-108868,2026-06-11 14:00,Abuja,Agent,Windscreen,375000,Paid,347000,2026-07-22 08:10
CLM-02957,POL-108871,2026-06-11 19:10,Lagos,Web,Windscreen,275000,Paid,274000,2026-06-20 08:18
CLM-02958,POL-108876,2026-06-11 13:49,Ibadan,Branch,Accident damage,635000,Paid,555000,2026-07-08 08:08
CLM-02959,POL-108878,2026-06-11 13:06,Lagos,Branch,Theft,7435000,Withdrawn,,2026-07-15 10:59
CLM-02960,POL-108882,2026-06-11 20:04,Abuja,Web,Accident damage,815000,Paid,743000,2026-07-16 08:46
CLM-02961,POL-108885,2026-06-11 16:18,Abuja,Agent,Theft,3435000,Paid,2992000,2026-07-01 08:53
CLM-02962,POL-108886,2026-06-11 20:33,Lagos,Web,Accident damage,390000,Paid,332000,2026-06-26 08:37
CLM-02963,POL-108890,2026-06-11 07:18,Lagos,Agent,Accident damage,510000,Paid,456000,2026-07-01 09:17
CLM-02964,POL-108894,2026-06-12 17:03,Lagos,Web,Accident damage,570000,Paid,527000,2026-07-01 11:19
CLM-02965,POL-108897,2026-06-12 11:01,Kano,Branch,Windscreen,240000,Paid,211000,2026-07-08 10:49
CLM-02966,POL-108898,2026-06-12 08:16,Lagos,Agent,Windscreen,180000,Paid,178000,2026-06-22 08:25
CLM-02967,POL-108902,2026-06-12 09:14,Port Harcourt,Agent,Third party,740000,Withdrawn,,2026-07-20 08:35
CLM-02968,POL-108904,2026-06-12 16:05,Kano,Agent,Theft,6630000,Paid,6028000,2026-07-18 08:29
CLM-02969,POL-108907,2026-06-12 19:44,Lagos,Web,Windscreen,140000,Paid,123000,2026-06-22 08:41
CLM-02970,POL-108912,2026-06-12 15:31,Ibadan,Phone,Third party,1380000,Paid,1185000,2026-07-08 08:49
CLM-02971,POL-108913,2026-06-12 14:44,Abuja,Branch,Windscreen,150000,Paid,123000,2026-07-08 08:21
CLM-02972,POL-108917,2026-06-12 14:40,Kano,Agent,Accident damage,1720000,Withdrawn,,2026-07-17 08:18
CLM-02973,POL-108919,2026-06-12 20:42,Port Harcourt,Agent,Accident damage,820000,Withdrawn,,2026-07-20 12:41
CLM-02974,POL-108924,2026-06-12 10:23,Port Harcourt,Branch,Third party,1430000,Paid,1425000,2026-07-07 09:36
CLM-02975,POL-108925,2026-06-12 17:47,Port Harcourt,Phone,Windscreen,195000,Paid,173000,2026-07-07 14:53
CLM-02976,POL-108928,2026-06-12 16:03,Abuja,Web,Accident damage,405000,Paid,388000,2026-07-07 08:34
CLM-02977,POL-108931,2026-06-13 15:56,Port Harcourt,Agent,Accident damage,550000,Paid,514000,2026-07-09 08:42
CLM-02978,POL-108935,2026-06-13 09:26,Abuja,Agent,Accident damage,100000,Paid,88000,2026-07-01 08:59
CLM-02979,POL-108937,2026-06-13 20:10,Lagos,Phone,Windscreen,310000,Paid,278000,2026-06-24 08:45
CLM-02980,POL-108942,2026-06-13 18:48,Lagos,Agent,Windscreen,400000,Paid,365000,2026-06-24 11:47
CLM-02981,POL-108944,2026-06-13 16:15,Port Harcourt,Web,Accident damage,1085000,Paid,954000,2026-07-08 08:15
CLM-02982,POL-108946,2026-06-13 19:36,Kano,Branch,Windscreen,265000,Paid,251000,2026-07-01 08:30
CLM-02983,POL-108950,2026-06-13 08:51,Ibadan,Agent,Accident damage,585000,Paid,546000,2026-07-23 08:30
CLM-02984,POL-108952,2026-06-13 19:27,Abuja,Agent,Accident damage,435000,Paid,430000,2026-07-08 09:09
CLM-02985,POL-108956,2026-06-13 08:23,Abuja,Agent,Accident damage,2095000,Paid,1901000,2026-07-08 08:17
CLM-02986,POL-108959,2026-06-13 12:22,Abuja,Phone,Accident damage,545000,Paid,496000,2026-07-02 08:59
CLM-02987,POL-108963,2026-06-13 16:51,Abuja,Web,Accident damage,485000,Rejected,,2026-06-26 16:23
CLM-02988,POL-108965,2026-06-13 15:07,Lagos,Phone,Accident damage,1080000,Paid,1002000,2026-07-08 08:31
CLM-02989,POL-108968,2026-06-14 16:09,Abuja,Web,Accident damage,1605000,Paid,1438000,2026-07-07 08:40
CLM-02990,POL-108971,2026-06-14 08:44,Port Harcourt,Branch,Windscreen,290000,Paid,242000,2026-07-09 08:45
CLM-02991,POL-108973,2026-06-14 14:42,Kano,Phone,Accident damage,770000,Paid,701000,2026-07-22 08:39
CLM-02992,POL-108977,2026-06-14 09:20,Lagos,Branch,Accident damage,225000,Paid,202000,2026-07-03 08:09
CLM-02993,POL-108980,2026-06-14 07:03,Port Harcourt,Branch,Windscreen,445000,Paid,401000,2026-07-07 11:43
CLM-02994,POL-108984,2026-06-14 17:42,Lagos,Agent,Third party,1335000,Paid,1244000,2026-06-29 15:23
CLM-02995,POL-108986,2026-06-15 13:44,Lagos,Web,Windscreen,345000,Paid,292000,2026-06-22 08:02
CLM-02996,POL-108988,2026-06-15 09:24,Port Harcourt,Agent,Accident damage,360000,Withdrawn,,2026-07-17 09:44
CLM-02997,POL-108992,2026-06-15 15:49,Port Harcourt,Branch,Third party,1165000,Paid,956000,2026-07-22 08:04
CLM-02998,POL-108996,2026-06-15 14:34,Kano,Branch,Accident damage,630000,Paid,574000,2026-07-07 08:21
CLM-02999,POL-108999,2026-06-15 11:27,Ibadan,Web,Third party,1030000,Paid,928000,2026-07-08 14:57
CLM-03000,POL-109002,2026-06-15 17:04,Kano,Phone,Accident damage,210000,Paid,194000,2026-07-16 09:46
CLM-03001,POL-109005,2026-06-15 19:19,Abuja,Phone,Accident damage,1075000,Paid,975000,2026-07-08 08:48
CLM-03002,POL-109007,2026-06-15 09:58,Lagos,Agent,Accident damage,1625000,Withdrawn,,2026-07-22 15:58
CLM-03003,POL-109009,2026-06-15 15:48,Abuja,Branch,Accident damage,910000,Rejected,,2026-07-03 15:56
CLM-03004,POL-109013,2026-06-15 13:58,Ibadan,Agent,Third party,785000,Paid,702000,2026-07-07 13:50
CLM-03005,POL-109015,2026-06-15 20:16,Kano,Branch,Accident damage,1160000,Paid,1049000,2026-07-01 10:33
CLM-03006,POL-109020,2026-06-15 12:56,Lagos,Agent,Windscreen,275000,Paid,268000,2026-06-22 08:22
CLM-03007,POL-109021,2026-06-16 13:25,Ibadan,Agent,Windscreen,280000,Paid,244000,2026-07-08 16:59
CLM-03008,POL-109024,2026-06-16 11:27,Ibadan,Web,Windscreen,235000,Paid,228000,2026-07-06 08:17
CLM-03009,POL-109027,2026-06-16 10:58,Port Harcourt,Agent,Third party,520000,Paid,465000,2026-07-23 08:10
CLM-03010,POL-109030,2026-06-16 14:15,Port Harcourt,Branch,Accident damage,370000,Rejected,,2026-07-03 15:01
CLM-03011,POL-109034,2026-06-16 11:35,Ibadan,Agent,Accident damage,735000,Paid,635000,2026-07-08 08:07
CLM-03012,POL-109036,2026-06-16 20:43,Abuja,Phone,Accident damage,920000,Paid,918000,2026-07-07 14:17
CLM-03013,POL-109039,2026-06-16 12:17,Lagos,Web,Accident damage,855000,Paid,769000,2026-07-02 08:11
CLM-03014,POL-109042,2026-06-16 18:53,Lagos,Web,Theft,10225000,Paid,9783000,2026-07-31 08:50
CLM-03015,POL-109045,2026-06-16 12:51,Lagos,Web,Accident damage,435000,Paid,390000,2026-07-01 16:23
CLM-03016,POL-109050,2026-06-17 18:10,Port Harcourt,Agent,Theft,4355000,Paid,3650000,2026-07-15 08:14
CLM-03017,POL-109052,2026-06-17 16:46,Lagos,Branch,Windscreen,170000,Paid,161000,2026-06-24 08:59
CLM-03018,POL-109055,2026-06-17 09:57,Port Harcourt,Branch,Accident damage,1170000,Paid,1002000,2026-07-09 08:06
CLM-03019,POL-109058,2026-06-17 11:15,Lagos,Agent,Third party,1100000,Paid,988000,2026-07-07 08:00
CLM-03020,POL-109062,2026-06-17 19:49,Lagos,Branch,Third party,670000,Paid,641000,2026-07-08 08:02
CLM-03021,POL-109063,2026-06-17 11:19,Abuja,Branch,Third party,1290000,Paid,1257000,2026-07-01 08:57
CLM-03022,POL-109067,2026-06-17 11:08,Lagos,Web,Accident damage,705000,Rejected,,2026-06-30 09:57
CLM-03023,POL-109070,2026-06-17 12:56,Abuja,Web,Windscreen,405000,Paid,391000,2026-07-08 08:45
CLM-03024,POL-109072,2026-06-17 10:49,Lagos,Agent,Accident damage,1080000,Paid,917000,2026-07-08 08:43
CLM-03025,POL-109076,2026-06-17 14:12,Lagos,Phone,Third party,745000,Paid,691000,2026-07-08 08:32
CLM-03026,POL-109078,2026-06-17 18:10,Lagos,Agent,Accident damage,1125000,Paid,1039000,2026-07-15 08:40
CLM-03027,POL-109083,2026-06-17 10:03,Kano,Branch,Accident damage,2970000,Paid,2445000,2026-07-09 08:40
CLM-03028,POL-109086,2026-06-17 07:34,Kano,Web,Accident damage,670000,Paid,559000,2026-07-08 15:36
CLM-03029,POL-109087,2026-06-18 08:57,Kano,Agent,Windscreen,240000,Paid,225000,2026-07-08 08:50
CLM-03030,POL-109091,2026-06-18 20:51,Lagos,Web,Accident damage,765000,Rejected,,2026-07-02 12:29
CLM-03031,POL-109095,2026-06-18 10:47,Lagos,Branch,Accident damage,310000,Rejected,,2026-07-10 09:29
CLM-03032,POL-109096,2026-06-18 14:34,Lagos,Phone,Accident damage,1455000,Paid,1300000,2026-07-08 08:19
CLM-03033,POL-109100,2026-06-18 19:17,Kano,Agent,Third party,2060000,Paid,1874000,2026-07-08 11:38
CLM-03034,POL-109102,2026-06-18 07:01,Lagos,Branch,Accident damage,2435000,Paid,2003000,2026-07-08 08:04
CLM-03035,POL-109107,2026-06-18 17:22,Abuja,Branch,Accident damage,290000,Paid,283000,2026-07-14 12:20
CLM-03036,POL-109110,2026-06-18 07:25,Abuja,Web,Windscreen,360000,Paid,318000,2026-07-07 14:23
CLM-03037,POL-109111,2026-06-18 08:23,Kano,Branch,Accident damage,330000,Paid,314000,2026-06-29 08:08
CLM-03038,POL-109114,2026-06-18 08:50,Lagos,Agent,Windscreen,135000,Paid,116000,2026-07-02 10:16
CLM-03039,POL-109119,2026-06-18 07:08,Ibadan,Web,Accident damage,510000,Paid,499000,2026-07-07 15:20
CLM-03040,POL-109120,2026-06-19 16:49,Port Harcourt,Web,Accident damage,925000,Paid,828000,2026-07-22 08:39
CLM-03041,POL-109124,2026-06-19 13:09,Port Harcourt,Branch,Accident damage,390000,Paid,374000,2026-07-08 08:34
CLM-03042,POL-109126,2026-06-19 15:57,Lagos,Agent,Accident damage,1525000,Paid,1342000,2026-07-15 08:31
CLM-03043,POL-109129,2026-06-19 09:45,Kano,Branch,Third party,780000,Paid,673000,2026-07-09 08:17
CLM-03044,POL-109132,2026-06-19 08:10,Abuja,Agent,Third party,1355000,Paid,1235000,2026-07-29 08:27
CLM-03045,POL-109135,2026-06-19 16:18,Lagos,Agent,Third party,2060000,Paid,1747000,2026-07-15 15:03
CLM-03046,POL-109138,2026-06-19 19:06,Abuja,Branch,Third party,800000,Paid,730000,2026-07-06 08:04
CLM-03047,POL-109142,2026-06-19 09:57,Abuja,Branch,Accident damage,150000,Paid,124000,2026-07-15 09:39
CLM-03048,POL-109145,2026-06-19 07:34,Lagos,Agent,Accident damage,1190000,Paid,1083000,2026-07-15 08:57
CLM-03049,POL-109147,2026-06-19 10:20,Abuja,Phone,Windscreen,130000,Paid,112000,2026-07-08 08:00
CLM-03050,POL-109150,2026-06-20 10:59,Lagos,Branch,Theft,4050000,Rejected,,2026-07-10 16:03
CLM-03051,POL-109155,2026-06-20 14:26,Lagos,Web,Accident damage,1600000,Paid,1452000,2026-07-08 08:59
CLM-03052,POL-109157,2026-06-20 07:33,Abuja,Web,Accident damage,1135000,Paid,975000,2026-07-07 13:29
CLM-03053,POL-109160,2026-06-20 12:22,Lagos,Agent,Accident damage,790000,Paid,750000,2026-07-08 08:36
CLM-03054,POL-109163,2026-06-20 09:33,Ibadan,Agent,Third party,1010000,Paid,832000,2026-07-22 08:59
CLM-03055,POL-109166,2026-06-20 12:43,Lagos,Agent,Accident damage,250000,Withdrawn,,2026-07-31 10:23
CLM-03056,POL-109170,2026-06-20 19:04,Abuja,Web,Accident damage,425000,Paid,376000,2026-07-08 08:33
CLM-03057,POL-109173,2026-06-20 07:31,Ibadan,Agent,Accident damage,1010000,Paid,839000,2026-07-20 09:16
CLM-03058,POL-109175,2026-06-20 09:35,Lagos,Agent,Theft,5555000,Paid,4696000,2026-07-13 15:04
CLM-03059,POL-109179,2026-06-20 14:57,Lagos,Web,Windscreen,250000,Paid,207000,2026-06-26 16:01
CLM-03060,POL-109181,2026-06-20 07:05,Lagos,Agent,Accident damage,435000,Paid,408000,2026-07-08 08:43
CLM-03061,POL-109185,2026-06-20 20:41,Port Harcourt,Agent,Accident damage,575000,Paid,522000,2026-07-15 09:22
CLM-03062,POL-109186,2026-06-20 13:10,Abuja,Web,Windscreen,430000,Paid,373000,2026-07-07 16:07
CLM-03063,POL-109189,2026-06-21 09:24,Abuja,Agent,Windscreen,125000,Paid,115000,2026-08-05 09:17
CLM-03064,POL-109194,2026-06-21 08:25,Lagos,Agent,Accident damage,625000,Paid,584000,2026-07-06 08:38
CLM-03065,POL-109195,2026-06-21 08:00,Port Harcourt,Web,Accident damage,785000,Paid,748000,2026-07-06 16:14
CLM-03066,POL-109200,2026-06-21 18:05,Lagos,Phone,Accident damage,2920000,Paid,2489000,2026-07-07 09:13
CLM-03067,POL-109201,2026-06-21 07:20,Abuja,Phone,Windscreen,125000,Paid,123000,2026-07-13 08:08
CLM-03068,POL-109206,2026-06-21 11:27,Abuja,Agent,Theft,6305000,Paid,5762000,2026-07-25 08:53
CLM-03069,POL-109207,2026-06-22 16:11,Ibadan,Web,Accident damage,1165000,Paid,1110000,2026-07-14 08:20
CLM-03070,POL-109210,2026-06-22 11:45,Kano,Agent,Accident damage,1080000,Paid,920000,2026-07-22 08:14
CLM-03071,POL-109213,2026-06-22 19:45,Lagos,Branch,Accident damage,1395000,Paid,1248000,2026-07-15 08:08
CLM-03072,POL-109217,2026-06-22 12:57,Lagos,Agent,Accident damage,435000,Paid,376000,2026-07-04 14:03
CLM-03073,POL-109221,2026-06-22 14:46,Abuja,Agent,Accident damage,870000,Paid,768000,2026-08-03 08:47
CLM-03074,POL-109222,2026-06-22 14:59,Lagos,Phone,Accident damage,470000,Paid,459000,2026-07-08 09:41
CLM-03075,POL-109225,2026-06-22 15:35,Lagos,Agent,Windscreen,320000,Paid,282000,2026-07-02 10:56
CLM-03076,POL-109230,2026-06-22 07:36,Abuja,Web,Windscreen,350000,Paid,328000,2026-07-16 08:34
CLM-03077,POL-109233,2026-06-22 15:09,Port Harcourt,Web,Third party,940000,Withdrawn,,2026-08-12 16:35
CLM-03078,POL-109236,2026-06-22 12:03,Abuja,Agent,Accident damage,690000,Paid,656000,2026-07-14 16:32
CLM-03079,POL-109239,2026-06-22 16:36,Kano,Agent,Accident damage,70000,Paid,70000,2026-07-15 08:30
CLM-03080,POL-109241,2026-06-22 10:42,Abuja,Agent,Accident damage,700000,Paid,606000,2026-07-08 14:49
CLM-03081,POL-109245,2026-06-22 12:56,Lagos,Agent,Windscreen,155000,Paid,135000,2026-06-29 11:03
CLM-03082,POL-109248,2026-06-23 08:42,Lagos,Agent,Third party,3615000,Paid,3355000,2026-07-14 08:56
CLM-03083,POL-109251,2026-06-23 12:48,Abuja,Agent,Third party,1145000,Paid,992000,2026-07-21 08:27
CLM-03084,POL-109252,2026-06-23 16:08,Ibadan,Agent,Accident damage,1080000,Withdrawn,,2026-07-29 09:42
CLM-03085,POL-109257,2026-06-23 14:19,Kano,Web,Accident damage,285000,Paid,284000,2026-07-15 08:27
CLM-03086,POL-109258,2026-06-23 07:56,Lagos,Agent,Accident damage,805000,Paid,755000,2026-07-25 08:27
CLM-03087,POL-109261,2026-06-23 13:58,Abuja,Phone,Accident damage,305000,Paid,303000,2026-08-19 16:32
CLM-03088,POL-109264,2026-06-23 12:52,Port Harcourt,Agent,Accident damage,530000,Rejected,,2026-07-31 15:17
CLM-03089,POL-109267,2026-06-23 08:07,Lagos,Phone,Windscreen,355000,Paid,301000,2026-07-03 15:24
CLM-03090,POL-109270,2026-06-23 13:07,Ibadan,Branch,Accident damage,1340000,Paid,1262000,2026-07-16 08:34
CLM-03091,POL-109274,2026-06-23 18:01,Ibadan,Phone,Third party,440000,Paid,422000,2026-07-21 08:05
CLM-03092,POL-109278,2026-06-24 11:33,Port Harcourt,Agent,Third party,2450000,Paid,2357000,2026-07-15 08:42
CLM-03093,POL-109280,2026-06-24 14:20,Abuja,Branch,Accident damage,365000,Rejected,,2026-07-10 15:32
CLM-03094,POL-109283,2026-06-24 13:40,Lagos,Agent,Accident damage,470000,Paid,397000,2026-07-20 08:02
CLM-03095,POL-109286,2026-06-24 16:40,Lagos,Agent,Theft,7660000,Paid,7156000,2026-07-22 08:58
CLM-03096,POL-109290,2026-06-24 08:06,Lagos,Branch,Third party,895000,Paid,837000,2026-07-15 08:24
CLM-03097,POL-109292,2026-06-24 12:11,Lagos,Web,Windscreen,170000,Paid,144000,2026-07-02 08:01
CLM-03098,POL-109295,2026-06-24 10:45,Kano,Branch,Third party,795000,Rejected,,2026-07-10 16:05
CLM-03099,POL-109298,2026-06-24 10:39,Abuja,Agent,Windscreen,175000,Paid,166000,2026-07-16 08:10
CLM-03100,POL-109302,2026-06-24 12:16,Port Harcourt,Branch,Windscreen,275000,Paid,252000,2026-07-15 08:53
CLM-03101,POL-109303,2026-06-24 15:11,Lagos,Agent,Third party,2695000,Paid,2441000,2026-07-15 08:09
CLM-03102,POL-109306,2026-06-24 07:34,Abuja,Branch,Windscreen,140000,Rejected,,2026-07-10 15:13
CLM-03103,POL-109309,2026-06-25 12:25,Kano,Branch,Accident damage,1165000,Paid,1024000,2026-07-16 08:13
CLM-03104,POL-109312,2026-06-25 11:00,Kano,Agent,Windscreen,285000,Paid,234000,2026-07-22 12:27
CLM-03105,POL-109315,2026-06-25 13:00,Kano,Branch,Theft,4205000,Rejected,,2026-07-10 16:09
CLM-03106,POL-109319,2026-06-25 08:18,Lagos,Web,Accident damage,830000,Paid,808000,2026-07-14 15:07
CLM-03107,POL-109323,2026-06-25 17:50,Ibadan,Agent,Windscreen,155000,Paid,140000,2026-08-19 08:24
CLM-03108,POL-109325,2026-06-25 07:12,Lagos,Agent,Accident damage,270000,Paid,253000,2026-07-16 13:08
CLM-03109,POL-109327,2026-06-25 18:24,Lagos,Phone,Third party,2560000,Rejected,,2026-07-10 16:51
CLM-03110,POL-109332,2026-06-25 14:22,Lagos,Agent,Accident damage,1990000,Paid,1745000,2026-07-15 08:16
CLM-03111,POL-109335,2026-06-25 16:40,Kano,Web,Accident damage,1065000,Paid,1034000,2026-07-15 14:15
CLM-03112,POL-109337,2026-06-25 07:52,Lagos,Agent,Windscreen,310000,Paid,260000,2026-07-04 08:16
CLM-03113,POL-109339,2026-06-25 15:21,Ibadan,Phone,Accident damage,670000,Paid,619000,2026-07-21 16:36
CLM-03114,POL-109343,2026-06-25 14:56,Lagos,Agent,Accident damage,450000,Rejected,,2026-07-09 11:59
CLM-03115,POL-109347,2026-06-26 18:36,Abuja,Branch,Windscreen,180000,Paid,156000,2026-07-14 10:38
CLM-03116,POL-109349,2026-06-26 16:04,Kano,Branch,Accident damage,520000,Paid,442000,2026-07-22 14:48
CLM-03117,POL-109351,2026-06-26 18:22,Kano,Branch,Accident damage,425000,Paid,376000,2026-07-16 08:06
CLM-03118,POL-109355,2026-06-26 07:23,Ibadan,Agent,Windscreen,365000,Paid,346000,2026-07-21 16:28
CLM-03119,POL-109357,2026-06-26 13:47,Lagos,Web,Accident damage,695000,Paid,644000,2026-07-13 12:53
CLM-03120,POL-109360,2026-06-26 14:30,Ibadan,Agent,Accident damage,430000,Rejected,,2026-07-10 15:39
CLM-03121,POL-109364,2026-06-26 10:07,Lagos,Agent,Accident damage,615000,Paid,603000,2026-07-15 13:39
CLM-03122,POL-109368,2026-06-26 18:04,Port Harcourt,Branch,Windscreen,225000,Paid,189000,2026-07-22 08:46
CLM-03123,POL-109369,2026-06-26 16:27,Kano,Branch,Accident damage,465000,Paid,396000,2026-07-15 08:04
CLM-03124,POL-109373,2026-06-26 10:04,Abuja,Agent,Windscreen,350000,Paid,315000,2026-07-28 09:28
CLM-03125,POL-109376,2026-06-26 14:36,Lagos,Branch,Third party,605000,Paid,603000,2026-07-15 13:27
CLM-03126,POL-109378,2026-06-26 19:56,Lagos,Web,Accident damage,1560000,Paid,1436000,2026-07-14 09:37
CLM-03127,POL-109382,2026-06-27 17:25,Ibadan,Web,Windscreen,220000,Paid,199000,2026-07-15 08:07
CLM-03128,POL-109384,2026-06-27 16:29,Lagos,Web,Third party,2015000,Paid,1958000,2026-07-22 08:41
CLM-03129,POL-109388,2026-06-27 13:29,Abuja,Agent,Windscreen,300000,Paid,253000,2026-07-21 08:12
CLM-03130,POL-109391,2026-06-27 20:11,Abuja,Phone,Third party,675000,Paid,585000,2026-07-23 08:33
CLM-03131,POL-109393,2026-06-27 16:30,Kano,Agent,Accident damage,1430000,Paid,1326000,2026-08-06 08:33
CLM-03132,POL-109396,2026-06-27 15:03,Lagos,Agent,Accident damage,1305000,Paid,1168000,2026-07-16 08:09
CLM-03133,POL-109399,2026-06-27 19:31,Port Harcourt,Agent,Third party,885000,Paid,754000,2026-07-22 08:39
CLM-03134,POL-109404,2026-06-27 18:09,Kano,Web,Accident damage,1405000,Paid,1390000,2026-07-16 08:23
CLM-03135,POL-109407,2026-06-27 10:02,Port Harcourt,Agent,Windscreen,255000,Paid,235000,2026-07-30 08:00
CLM-03136,POL-109410,2026-06-28 11:00,Port Harcourt,Branch,Theft,7855000,Paid,6915000,2026-08-08 09:39
CLM-03137,POL-109412,2026-06-28 15:12,Port Harcourt,Phone,Accident damage,750000,Paid,684000,2026-07-22 10:51
CLM-03138,POL-109414,2026-06-28 07:45,Lagos,Phone,Windscreen,150000,Paid,129000,2026-07-06 08:24
CLM-03139,POL-109419,2026-06-28 20:53,Kano,Branch,Windscreen,360000,Paid,355000,2026-07-22 08:28
CLM-03140,POL-109422,2026-06-28 07:39,Ibadan,Web,Theft,4990000,Paid,4263000,2026-07-14 08:20
CLM-03141,POL-109424,2026-06-28 11:42,Kano,Agent,Windscreen,140000,Paid,120000,2026-07-21 14:48
CLM-03142,POL-109427,2026-06-28 10:15,Lagos,Agent,Third party,750000,Paid,698000,2026-07-29 08:12
CLM-03143,POL-109430,2026-06-28 09:28,Lagos,Agent,Accident damage,510000,Paid,462000,2026-07-13 08:14
CLM-03144,POL-109432,2026-06-29 16:02,Lagos,Branch,Windscreen,410000,Paid,380000,2026-07-18 09:23
CLM-03145,POL-109436,2026-06-29 10:11,Abuja,Web,Windscreen,395000,Rejected,,2026-07-10 15:16
CLM-03146,POL-109440,2026-06-29 16:18,Ibadan,Agent,Theft,3315000,Paid,3130000,2026-07-20 08:01
CLM-03147,POL-109441,2026-06-29 16:18,Ibadan,Web,Accident damage,405000,Paid,357000,2026-07-22 09:16
CLM-03148,POL-109444,2026-06-29 10:03,Port Harcourt,Branch,Third party,965000,Paid,931000,2026-07-22 08:37
CLM-03149,POL-109449,2026-06-29 12:40,Port Harcourt,Agent,Accident damage,900000,Paid,786000,2026-07-28 12:20
CLM-03150,POL-109450,2026-06-29 19:21,Lagos,Branch,Accident damage,2230000,Paid,1882000,2026-07-21 08:36
CLM-03151,POL-109455,2026-06-29 07:26,Ibadan,Agent,Accident damage,1465000,Paid,1252000,2026-07-23 08:02
CLM-03152,POL-109456,2026-06-29 16:05,Kano,Branch,Accident damage,435000,Withdrawn,,2026-08-03 08:11
CLM-03153,POL-109460,2026-06-29 17:31,Kano,Web,Windscreen,140000,Paid,128000,2026-07-22 08:40
CLM-03154,POL-109464,2026-06-29 09:16,Lagos,Agent,Third party,700000,Paid,603000,2026-07-23 08:52
CLM-03155,POL-109467,2026-06-29 17:46,Lagos,Agent,Accident damage,315000,Paid,275000,2026-07-22 08:42
CLM-03156,POL-109469,2026-06-29 17:13,Ibadan,Branch,Third party,2985000,Paid,2676000,2026-07-29 08:11
CLM-03157,POL-109471,2026-06-30 13:20,Ibadan,Phone,Windscreen,390000,Paid,334000,2026-07-29 08:58
CLM-03158,POL-109475,2026-06-30 15:21,Lagos,Phone,Third party,1125000,Paid,949000,2026-07-20 08:24
CLM-03159,POL-109479,2026-06-30 15:14,Kano,Web,Windscreen,185000,Paid,159000,2026-07-22 08:06
CLM-03160,POL-109482,2026-06-30 11:11,Abuja,Phone,Theft,4430000,Paid,4233000,2026-07-27 15:47
CLM-03161,POL-109484,2026-06-30 19:57,Lagos,Agent,Third party,505000,Paid,497000,2026-07-23 08:15
CLM-03162,POL-109488,2026-06-30 07:10,Lagos,Agent,Theft,6640000,Paid,6091000,2026-07-30 13:26
CLM-03163,POL-109490,2026-06-30 08:38,Port Harcourt,Branch,Accident damage,770000,Paid,747000,2026-07-22 08:35
CLM-03164,POL-109492,2026-06-30 18:13,Kano,Phone,Windscreen,195000,Rejected,,2026-07-17 15:16
CLM-03165,POL-109497,2026-06-30 09:24,Lagos,Branch,Theft,6005000,Paid,5114000,2026-08-05 14:09
CLM-03166,POL-109500,2026-06-30 17:01,Lagos,Agent,Windscreen,235000,Withdrawn,,2026-08-01 09:37
