policy_id,region,annual_premium_ngn,claim_id,renewed
POL-207476,Lagos,351000,,1
POL-250854,Lagos,238000,,1
POL-207815,Kano,340000,,0
POL-228478,Port Harcourt,471000,,1
POL-208038,Abuja,581000,,0
POL-102126,Kano,380000,CLM-00708,1
POL-220133,Lagos,410000,,1
POL-229109,Lagos,275000,,1
POL-222930,Kano,810000,,1
POL-237274,Ibadan,431000,,1
POL-252418,Lagos,269000,,1
POL-102104,Lagos,398000,CLM-00701,1
POL-211943,Lagos,373000,,0
POL-235462,Kano,469000,,1
POL-232681,Lagos,353000,,1
POL-260920,Port Harcourt,327000,,1
POL-222866,Port Harcourt,473000,,1
POL-208587,Lagos,579000,,1
POL-262275,Abuja,378000,,1
POL-201276,Ibadan,338000,,1
POL-234508,Ibadan,234000,,1
POL-214643,Lagos,273000,,1
POL-207145,Ibadan,314000,,1
POL-200415,Abuja,472000,,1
POL-216632,Port Harcourt,392000,,1
POL-104303,Lagos,502000,CLM-01434,1
POL-234609,Abuja,631000,,0
POL-101415,Lagos,202000,CLM-00471,1
POL-233740,Lagos,408000,,1
POL-220782,Lagos,295000,,1
POL-204640,Abuja,546000,,1
POL-104086,Ibadan,491000,CLM-01362,1
POL-221615,Lagos,318000,,0
POL-102590,Kano,293000,CLM-00863,1
POL-252784,Lagos,411000,,1
POL-102432,Lagos,485000,CLM-00810,1
POL-249219,Abuja,297000,,0
POL-253724,Lagos,175000,,1
POL-210426,Lagos,129000,,1
POL-238190,Lagos,642000,,1
POL-105547,Port Harcourt,807000,CLM-01849,1
POL-102826,Port Harcourt,727000,CLM-00942,0
POL-223561,Port Harcourt,478000,,1
POL-220367,Lagos,434000,,1
POL-239717,Lagos,319000,,1
POL-207727,Ibadan,600000,,1
POL-225547,Kano,368000,,1
POL-233623,Kano,484000,,1
POL-239061,Lagos,444000,,1
POL-243432,Abuja,362000,,1
POL-248221,Abuja,316000,,1
POL-210729,Kano,443000,,1
POL-229352,Abuja,280000,,0
POL-255050,Port Harcourt,294000,,1
POL-254605,Ibadan,356000,,1
POL-100399,Ibadan,273000,CLM-00133,1
POL-203527,Port Harcourt,517000,,0
POL-202247,Lagos,325000,,1
POL-221691,Ibadan,505000,,1
POL-226825,Ibadan,336000,,1
POL-246196,Abuja,400000,,1
POL-252680,Port Harcourt,321000,,1
POL-201451,Lagos,452000,,1
POL-106322,Abuja,410000,CLM-02107,1
POL-254227,Lagos,272000,,1
POL-257219,Lagos,258000,,1
POL-200315,Kano,423000,,1
POL-224783,Port Harcourt,286000,,1
POL-102594,Abuja,562000,CLM-00864,1
POL-238833,Kano,195000,,1
POL-226998,Abuja,612000,,1
POL-235143,Lagos,726000,,0
POL-226488,Abuja,254000,,1
POL-200298,Port Harcourt,665000,,1
POL-202807,Lagos,560000,,1
POL-104708,Port Harcourt,353000,CLM-01569,1
POL-204096,Kano,284000,,1
POL-227261,Port Harcourt,556000,,1
POL-222685,Lagos,253000,,1
POL-257855,Port Harcourt,302000,,1
POL-211321,Lagos,495000,,1
POL-213538,Kano,615000,,1
POL-238218,Abuja,265000,,0
POL-234212,Kano,344000,,1
POL-250148,Lagos,348000,,1
POL-253578,Abuja,643000,,1
POL-215768,Lagos,440000,,1
POL-201606,Lagos,433000,,1
POL-209929,Port Harcourt,451000,,0
POL-206155,Lagos,509000,,1
POL-249708,Lagos,923000,,1
POL-104669,Lagos,356000,CLM-01556,1
POL-106308,Abuja,748000,CLM-02102,0
POL-221420,Kano,180000,,1
POL-100121,Port Harcourt,462000,CLM-00040,0
POL-218538,Lagos,450000,,1
POL-216453,Kano,510000,,1
POL-103632,Kano,187000,CLM-01210,0
POL-207320,Port Harcourt,688000,,1
POL-105526,Port Harcourt,564000,CLM-01842,0
POL-256689,Lagos,275000,,0
POL-210074,Abuja,299000,,0
POL-254653,Kano,283000,,1
POL-255759,Lagos,213000,,1
POL-223801,Ibadan,426000,,1
POL-231825,Port Harcourt,552000,,1
POL-214092,Port Harcourt,221000,,1
POL-106423,Kano,299000,CLM-02141,1
POL-106108,Kano,578000,CLM-02036,0
POL-104253,Lagos,248000,CLM-01417,1
POL-246372,Abuja,299000,,0
POL-247037,Abuja,244000,,1
POL-216328,Lagos,420000,,1
POL-226897,Lagos,234000,,1
POL-244833,Ibadan,859000,,0
POL-101633,Lagos,211000,CLM-00544,1
POL-207416,Lagos,239000,,0
POL-251659,Port Harcourt,671000,,1
POL-106669,Abuja,637000,CLM-02223,1
POL-217808,Ibadan,363000,,1
POL-256512,Port Harcourt,218000,,1
POL-225357,Lagos,487000,,0
POL-224981,Abuja,1201000,,1
POL-207612,Lagos,526000,,1
POL-103948,Ibadan,363000,CLM-01316,1
POL-259451,Lagos,325000,,1
POL-202369,Lagos,336000,,1
POL-100198,Lagos,292000,CLM-00066,0
POL-203483,Lagos,687000,,0
POL-208633,Ibadan,530000,,0
POL-239562,Lagos,479000,,1
POL-259202,Abuja,395000,,1
POL-214224,Lagos,625000,,0
POL-240602,Lagos,236000,,1
POL-213780,Port Harcourt,245000,,0
POL-236888,Lagos,505000,,1
POL-105763,Kano,514000,CLM-01921,1
POL-230328,Lagos,588000,,1
POL-106473,Port Harcourt,492000,CLM-02157,0
POL-257880,Lagos,613000,,1
POL-215004,Lagos,435000,,1
POL-244672,Abuja,701000,,1
POL-229238,Abuja,256000,,1
POL-234545,Lagos,204000,,0
POL-232236,Abuja,156000,,1
POL-223231,Port Harcourt,315000,,1
POL-249050,Port Harcourt,430000,,0
POL-258461,Lagos,440000,,1
POL-244490,Port Harcourt,285000,,1
POL-236113,Lagos,260000,,0
POL-232085,Abuja,416000,,1
POL-222102,Ibadan,1053000,,1
POL-208329,Port Harcourt,562000,,0
POL-254566,Port Harcourt,824000,,0
POL-102279,Lagos,392000,CLM-00759,1
POL-259594,Ibadan,484000,,1
POL-220276,Kano,243000,,1
POL-249515,Port Harcourt,292000,,1
POL-249759,Abuja,193000,,1
POL-221576,Ibadan,632000,,1
POL-102818,Lagos,401000,CLM-00939,1
POL-218347,Port Harcourt,263000,,0
POL-231858,Port Harcourt,263000,,1
POL-230811,Kano,365000,,1
POL-227322,Lagos,298000,,1
POL-261997,Port Harcourt,261000,,1
POL-215598,Lagos,292000,,1
POL-256013,Kano,155000,,1
POL-239368,Abuja,249000,,1
POL-228359,Lagos,625000,,0
POL-100353,Kano,389000,CLM-00117,1
POL-249719,Abuja,339000,,0
POL-243594,Kano,289000,,1
POL-233462,Ibadan,434000,,1
POL-101187,Abuja,607000,CLM-00395,0
POL-211098,Lagos,212000,,1
POL-104073,Abuja,282000,CLM-01357,1
POL-225913,Lagos,636000,,0
POL-243041,Ibadan,449000,,0
POL-241982,Ibadan,878000,,1
POL-238036,Abuja,535000,,1
POL-221639,Ibadan,223000,,0
POL-237023,Port Harcourt,509000,,1
POL-228246,Port Harcourt,212000,,1
POL-240422,Lagos,271000,,0
POL-100128,Lagos,517000,CLM-00042,0
POL-208089,Kano,324000,,1
POL-213709,Abuja,162000,,1
POL-214381,Port Harcourt,414000,,0
POL-239242,Ibadan,269000,,1
POL-201294,Lagos,438000,,0
POL-259867,Abuja,385000,,0
POL-103864,Kano,333000,CLM-01288,1
POL-105369,Port Harcourt,483000,CLM-01789,0
POL-245089,Lagos,227000,,1
POL-105585,Ibadan,330000,CLM-01861,0
POL-255414,Abuja,404000,,0
POL-218806,Abuja,338000,,1
POL-216423,Lagos,428000,,0
POL-105138,Lagos,603000,CLM-01712,1
POL-101915,Lagos,822000,CLM-00638,1
POL-212809,Port Harcourt,649000,,1
POL-103938,Port Harcourt,440000,CLM-01312,0
POL-259269,Ibadan,614000,,0
POL-251063,Port Harcourt,448000,,1
POL-246146,Port Harcourt,452000,,1
POL-261290,Ibadan,461000,,1
POL-242790,Port Harcourt,432000,,1
POL-240699,Lagos,273000,,1
POL-104725,Ibadan,333000,CLM-01575,0
POL-103980,Ibadan,213000,CLM-01326,1
POL-102337,Abuja,576000,CLM-00779,0
POL-207270,Lagos,511000,,1
POL-248148,Ibadan,325000,,1
POL-256852,Port Harcourt,306000,,0
POL-253902,Abuja,339000,,1
POL-223324,Lagos,259000,,0
POL-202337,Port Harcourt,680000,,1
POL-216576,Port Harcourt,527000,,1
POL-258629,Port Harcourt,279000,,1
POL-229415,Lagos,540000,,1
POL-215561,Lagos,621000,,1
POL-103868,Port Harcourt,421000,CLM-01289,1
POL-224243,Ibadan,584000,,0
POL-201073,Ibadan,414000,,0
POL-100728,Lagos,435000,CLM-00242,1
POL-214310,Abuja,302000,,1
POL-249809,Port Harcourt,240000,,1
POL-249666,Port Harcourt,331000,,1
POL-255140,Lagos,330000,,1
POL-101727,Ibadan,620000,CLM-00575,1
POL-102583,Ibadan,292000,CLM-00861,1
POL-261873,Lagos,383000,,1
POL-231842,Abuja,368000,,1
POL-244254,Lagos,452000,,0
POL-106134,Ibadan,508000,CLM-02044,1
POL-250273,Ibadan,385000,,0
POL-235151,Ibadan,244000,,1
POL-251784,Ibadan,258000,,0
POL-101750,Kano,570000,CLM-00583,1
POL-215774,Port Harcourt,355000,,0
POL-244728,Port Harcourt,437000,,1
POL-238268,Ibadan,119000,,1
POL-106579,Port Harcourt,616000,CLM-02193,1
POL-221981,Abuja,412000,,1
POL-102504,Port Harcourt,251000,CLM-00834,1
POL-100843,Ibadan,265000,CLM-00281,1
POL-217129,Ibadan,464000,,1
POL-228770,Kano,268000,,1
POL-242628,Abuja,578000,,1
POL-219445,Lagos,297000,,1
POL-106030,Lagos,275000,CLM-02010,1
POL-210401,Lagos,277000,,1
POL-218445,Kano,475000,,1
POL-201782,Lagos,375000,,0
POL-235702,Ibadan,408000,,1
POL-226198,Lagos,325000,,0
POL-203365,Port Harcourt,280000,,0
POL-101903,Ibadan,320000,CLM-00634,0
POL-209214,Lagos,723000,,1
POL-258030,Lagos,425000,,0
POL-237056,Kano,272000,,1
POL-101568,Port Harcourt,510000,CLM-00522,1
POL-102286,Kano,673000,CLM-00762,1
POL-103101,Lagos,292000,CLM-01033,1
POL-236385,Lagos,648000,,1
POL-247059,Lagos,680000,,1
POL-206695,Lagos,250000,,1
POL-227400,Lagos,466000,,1
POL-246337,Kano,273000,,1
POL-224794,Port Harcourt,170000,,1
POL-228333,Lagos,392000,,0
POL-227619,Lagos,461000,,1
POL-253479,Port Harcourt,502000,,1
POL-102111,Lagos,507000,CLM-00703,1
POL-261480,Abuja,495000,,1
POL-220772,Port Harcourt,353000,,0
POL-257035,Lagos,486000,,1
POL-233269,Ibadan,424000,,1
POL-106621,Abuja,274000,CLM-02207,1
POL-251167,Abuja,217000,,1
POL-233973,Ibadan,707000,,1
POL-101197,Ibadan,615000,CLM-00399,1
POL-256508,Port Harcourt,335000,,1
POL-254507,Ibadan,349000,,1
POL-238826,Ibadan,223000,,1
POL-216256,Ibadan,553000,,1
POL-258237,Abuja,607000,,1
POL-244965,Lagos,525000,,1
POL-245547,Lagos,271000,,1
POL-239448,Kano,312000,,1
POL-209340,Port Harcourt,404000,,1
POL-255153,Kano,357000,,0
POL-206624,Kano,312000,,1
POL-208194,Abuja,249000,,1
POL-232547,Kano,212000,,1
POL-229588,Ibadan,370000,,1
POL-102858,Lagos,313000,CLM-00952,1
POL-221056,Lagos,301000,,1
POL-212645,Ibadan,389000,,1
POL-220970,Kano,531000,,1
POL-105284,Kano,713000,CLM-01761,0
POL-200627,Kano,232000,,1
POL-233862,Ibadan,535000,,1
POL-237119,Abuja,457000,,1
POL-105204,Port Harcourt,285000,CLM-01734,1
POL-262752,Port Harcourt,221000,,1
POL-245951,Port Harcourt,499000,,0
POL-254705,Lagos,542000,,1
POL-102026,Lagos,542000,CLM-00675,1
POL-229951,Ibadan,322000,,1
POL-100054,Abuja,535000,CLM-00018,1
POL-256214,Abuja,510000,,1
POL-207899,Abuja,461000,,0
POL-260875,Kano,282000,,1
POL-231237,Ibadan,616000,,1
POL-214970,Abuja,427000,,1
POL-106029,Ibadan,299000,CLM-02009,1
POL-248091,Lagos,346000,,1
POL-242936,Port Harcourt,767000,,1
POL-239269,Kano,283000,,1
POL-221353,Lagos,346000,,1
POL-210627,Ibadan,195000,,1
POL-249960,Ibadan,286000,,1
POL-221279,Port Harcourt,304000,,1
POL-225043,Port Harcourt,494000,,1
POL-104401,Lagos,431000,CLM-01467,1
POL-228692,Lagos,296000,,1
POL-203916,Lagos,456000,,1
POL-240132,Lagos,345000,,1
POL-238979,Abuja,755000,,0
POL-227219,Lagos,302000,,1
POL-202289,Abuja,371000,,1
POL-214444,Kano,511000,,1
POL-229780,Port Harcourt,273000,,1
POL-216983,Kano,199000,,1
POL-229944,Ibadan,455000,,1
POL-257016,Lagos,792000,,1
POL-259666,Kano,368000,,1
POL-258056,Lagos,377000,,0
POL-257082,Lagos,273000,,1
POL-209264,Lagos,402000,,1
POL-257505,Lagos,368000,,1
POL-102452,Abuja,476000,CLM-00817,1
POL-237337,Lagos,506000,,0
POL-257314,Lagos,425000,,1
POL-255066,Lagos,602000,,1
POL-218841,Ibadan,1048000,,1
POL-262023,Ibadan,335000,,0
POL-102135,Lagos,671000,CLM-00711,1
POL-230385,Lagos,544000,,0
POL-216479,Lagos,498000,,1
POL-200659,Lagos,532000,,1
POL-205823,Kano,422000,,0
POL-106002,Abuja,971000,CLM-02000,0
POL-255670,Ibadan,406000,,1
POL-230797,Lagos,462000,,1
POL-215411,Abuja,283000,,1
POL-249456,Lagos,226000,,0
POL-211754,Lagos,324000,,0
POL-236182,Lagos,246000,,1
POL-102777,Kano,314000,CLM-00925,0
POL-212968,Lagos,243000,,0
POL-227271,Port Harcourt,414000,,1
POL-248473,Lagos,343000,,1
POL-214137,Port Harcourt,376000,,1
POL-100114,Lagos,351000,CLM-00038,0
POL-234794,Port Harcourt,298000,,1
POL-257726,Lagos,468000,,0
POL-255447,Abuja,427000,,1
POL-221301,Lagos,226000,,1
POL-247298,Port Harcourt,542000,,0
POL-236157,Kano,277000,,1
POL-255676,Abuja,322000,,1
POL-251940,Abuja,537000,,1
POL-218821,Lagos,548000,,0
POL-106159,Kano,364000,CLM-02053,1
POL-212786,Lagos,333000,,1
POL-235998,Lagos,284000,,1
POL-221317,Ibadan,284000,,1
POL-232601,Lagos,668000,,1
POL-103063,Lagos,449000,CLM-01021,1
POL-244322,Lagos,429000,,1
POL-222597,Lagos,516000,,1
POL-258510,Ibadan,370000,,0
POL-251817,Ibadan,270000,,0
POL-101744,Abuja,155000,CLM-00581,1
POL-214083,Lagos,134000,,1
POL-250712,Ibadan,366000,,1
POL-212228,Kano,301000,,1
POL-234420,Kano,750000,,1
POL-218297,Ibadan,554000,,0
POL-261548,Abuja,202000,,0
POL-208638,Abuja,193000,,1
POL-104315,Kano,308000,CLM-01438,0
POL-258142,Port Harcourt,736000,,1
POL-218938,Port Harcourt,914000,,1
POL-258591,Lagos,710000,,1
POL-236046,Abuja,416000,,1
POL-100097,Abuja,335000,CLM-00032,1
POL-260167,Abuja,346000,,1
POL-230181,Lagos,255000,,1
POL-206714,Lagos,332000,,1
POL-217765,Abuja,524000,,1
POL-101313,Kano,713000,CLM-00437,1
POL-243096,Port Harcourt,397000,,1
POL-229021,Lagos,483000,,1
POL-216842,Port Harcourt,504000,,1
POL-246166,Port Harcourt,406000,,1
POL-201970,Abuja,508000,,0
POL-106316,Port Harcourt,256000,CLM-02105,1
POL-207206,Lagos,508000,,1
POL-102641,Port Harcourt,385000,CLM-00880,0
POL-243965,Abuja,344000,,0
POL-200780,Port Harcourt,1049000,,1
POL-207127,Abuja,361000,,1
POL-101176,Lagos,343000,CLM-00392,0
POL-225244,Abuja,232000,,0
POL-253309,Abuja,217000,,1
POL-231092,Lagos,403000,,0
POL-100540,Ibadan,399000,CLM-00180,0
POL-225595,Abuja,145000,,1
POL-205566,Port Harcourt,282000,,1
POL-236634,Abuja,390000,,1
POL-234322,Port Harcourt,274000,,0
POL-246796,Ibadan,224000,,0
POL-103391,Ibadan,303000,CLM-01130,1
POL-102185,Port Harcourt,567000,CLM-00728,0
POL-210981,Lagos,184000,,1
POL-103347,Lagos,826000,CLM-01115,1
POL-254135,Lagos,228000,,1
POL-256612,Kano,309000,,0
POL-230503,Kano,151000,,1
POL-241606,Port Harcourt,270000,,1
POL-206553,Abuja,358000,,0
POL-105630,Lagos,494000,CLM-01876,1
POL-225714,Abuja,201000,,1
POL-230080,Port Harcourt,330000,,1
POL-101522,Port Harcourt,584000,CLM-00507,1
POL-100369,Port Harcourt,347000,CLM-00123,0
POL-234636,Abuja,410000,,1
POL-237278,Abuja,395000,,1
POL-257819,Lagos,498000,,1
POL-223158,Port Harcourt,265000,,1
POL-105601,Ibadan,725000,CLM-01867,0
POL-246578,Kano,460000,,1
POL-213598,Abuja,458000,,1
POL-104083,Lagos,519000,CLM-01361,1
POL-218586,Lagos,896000,,1
POL-243642,Ibadan,472000,,1
POL-106568,Port Harcourt,413000,CLM-02189,0
POL-210590,Kano,655000,,1
POL-105639,Kano,428000,CLM-01879,1
POL-242689,Ibadan,374000,,1
POL-254727,Ibadan,802000,,1
POL-101642,Lagos,467000,CLM-00547,0
POL-104976,Lagos,155000,CLM-01658,0
POL-245493,Lagos,389000,,1
POL-104849,Kano,270000,CLM-01616,0
POL-249578,Kano,251000,,0
POL-238772,Abuja,907000,,0
POL-245273,Port Harcourt,875000,,1
POL-225634,Lagos,343000,,0
POL-103661,Port Harcourt,179000,CLM-01220,0
POL-242060,Ibadan,517000,,1
POL-248183,Ibadan,458000,,1
POL-100457,Lagos,369000,CLM-00152,0
POL-104631,Lagos,442000,CLM-01543,1
POL-202777,Lagos,710000,,1
POL-100470,Abuja,350000,CLM-00156,1
POL-253729,Port Harcourt,344000,,0
POL-261760,Kano,407000,,1
POL-256472,Abuja,503000,,1
POL-211304,Ibadan,217000,,1
POL-244008,Lagos,413000,,1
POL-216378,Ibadan,507000,,1
POL-104096,Port Harcourt,365000,CLM-01365,0
POL-250300,Abuja,202000,,1
POL-259349,Lagos,402000,,1
POL-222858,Lagos,398000,,1
POL-102348,Abuja,685000,CLM-00782,1
POL-100043,Abuja,366000,CLM-00014,1
POL-249969,Lagos,377000,,1
POL-242762,Port Harcourt,228000,,1
POL-230719,Abuja,668000,,1
POL-214320,Ibadan,174000,,1
POL-209720,Port Harcourt,331000,,0
POL-261263,Ibadan,297000,,1
POL-260119,Abuja,443000,,0
POL-233713,Abuja,274000,,1
POL-219948,Abuja,602000,,1
POL-106116,Kano,614000,CLM-02038,0
POL-251361,Lagos,245000,,1
POL-248988,Abuja,434000,,0
POL-226327,Port Harcourt,239000,,1
POL-247662,Port Harcourt,203000,,0
POL-210970,Abuja,393000,,1
POL-104307,Lagos,466000,CLM-01435,1
POL-100775,Kano,253000,CLM-00258,1
POL-104503,Lagos,436000,CLM-01501,0
POL-262284,Port Harcourt,336000,,1
POL-105498,Lagos,264000,CLM-01832,1
POL-215545,Abuja,261000,,1
POL-100916,Lagos,265000,CLM-00305,0
POL-221942,Lagos,523000,,0
POL-259306,Ibadan,792000,,1
POL-213428,Abuja,540000,,1
POL-216098,Abuja,538000,,1
POL-228255,Lagos,390000,,1
POL-230295,Abuja,528000,,1
POL-220982,Abuja,226000,,1
POL-254934,Ibadan,232000,,1
POL-252275,Abuja,243000,,1
POL-245461,Abuja,444000,,1
POL-241385,Ibadan,239000,,1
POL-229687,Lagos,376000,,0
POL-101270,Lagos,357000,CLM-00423,0
POL-262082,Port Harcourt,386000,,1
POL-208394,Lagos,366000,,1
POL-102080,Abuja,536000,CLM-00693,1
POL-259834,Abuja,498000,,1
POL-242605,Port Harcourt,472000,,1
POL-206959,Port Harcourt,219000,,1
POL-246622,Ibadan,515000,,1
POL-254415,Abuja,533000,,1
POL-220828,Kano,169000,,1
POL-103371,Ibadan,400000,CLM-01123,0
POL-214562,Lagos,430000,,0
POL-230775,Abuja,282000,,1
POL-105082,Port Harcourt,238000,CLM-01694,1
POL-102264,Lagos,238000,CLM-00754,1
POL-207748,Lagos,371000,,1
POL-201313,Ibadan,280000,,1
POL-227681,Abuja,830000,,1
POL-222199,Kano,161000,,1
POL-222473,Ibadan,515000,,1
POL-229953,Abuja,196000,,1
POL-232322,Port Harcourt,494000,,1
POL-100384,Kano,402000,CLM-00128,1
POL-105597,Kano,312000,CLM-01865,0
POL-103292,Ibadan,669000,CLM-01097,1
POL-250357,Lagos,460000,,1
POL-259448,Lagos,481000,,1
POL-200893,Lagos,258000,,1
POL-254827,Kano,600000,,1
POL-241914,Ibadan,1024000,,0
POL-252749,Ibadan,405000,,1
POL-245807,Lagos,333000,,0
POL-243501,Abuja,482000,,0
POL-233931,Lagos,534000,,1
POL-101716,Lagos,399000,CLM-00572,1
POL-260441,Kano,331000,,1
POL-262017,Lagos,300000,,1
POL-205790,Port Harcourt,360000,,1
POL-234909,Lagos,289000,,1
POL-102657,Kano,662000,CLM-00885,0
POL-262827,Port Harcourt,354000,,1
POL-209200,Abuja,348000,,1
POL-226056,Ibadan,188000,,1
POL-262341,Abuja,202000,,1
POL-234661,Port Harcourt,491000,,0
POL-254406,Abuja,489000,,0
POL-239004,Lagos,432000,,0
POL-211167,Kano,245000,,1
POL-218596,Ibadan,404000,,1
POL-252188,Lagos,220000,,1
POL-258124,Lagos,300000,,1
POL-237872,Lagos,702000,,1
POL-241862,Ibadan,364000,,0
POL-254680,Lagos,191000,,1
POL-101665,Lagos,359000,CLM-00555,1
POL-200744,Lagos,898000,,1
POL-209034,Lagos,426000,,1
POL-252621,Ibadan,77000,,0
POL-104246,Lagos,414000,CLM-01415,0
POL-216018,Lagos,353000,,0
POL-101453,Lagos,342000,CLM-00484,0
POL-203349,Kano,392000,,0
POL-238091,Lagos,330000,,1
POL-233479,Lagos,437000,,1
POL-230818,Lagos,396000,,1
POL-104081,Lagos,327000,CLM-01360,0
POL-201494,Ibadan,320000,,1
POL-240411,Lagos,324000,,1
POL-251601,Lagos,629000,,1
POL-250767,Lagos,364000,,1
POL-220179,Abuja,621000,,1
POL-223711,Lagos,428000,,1
POL-100513,Port Harcourt,328000,CLM-00171,0
POL-239253,Ibadan,395000,,1
POL-102717,Lagos,315000,CLM-00905,1
POL-220444,Kano,508000,,0
POL-218754,Ibadan,426000,,1
POL-106291,Ibadan,300000,CLM-02097,1
POL-215953,Lagos,324000,,1
POL-101086,Lagos,387000,CLM-00362,1
POL-223587,Port Harcourt,613000,,1
POL-243945,Ibadan,396000,,1
POL-240577,Lagos,407000,,1
POL-253890,Lagos,465000,,0
POL-208489,Lagos,336000,,0
POL-104903,Abuja,294000,CLM-01634,0
POL-236145,Ibadan,353000,,1
POL-224711,Lagos,331000,,1
POL-204646,Ibadan,251000,,0
POL-257850,Lagos,416000,,0
POL-210403,Abuja,212000,,0
POL-106384,Lagos,523000,CLM-02128,0
POL-204596,Lagos,217000,,1
POL-221002,Port Harcourt,208000,,1
POL-200637,Lagos,483000,,1
POL-202049,Abuja,348000,,1
POL-207617,Lagos,154000,,1
POL-203235,Abuja,436000,,1
POL-106089,Ibadan,410000,CLM-02029,1
POL-202585,Abuja,202000,,1
POL-227147,Ibadan,640000,,1
POL-100317,Lagos,459000,CLM-00105,1
POL-257624,Lagos,278000,,1
POL-260979,Lagos,540000,,0
POL-101288,Port Harcourt,329000,CLM-00429,0
POL-226392,Kano,226000,,1
POL-215369,Ibadan,597000,,1
POL-232972,Ibadan,510000,,1
POL-215154,Abuja,248000,,1
POL-209488,Lagos,329000,,1
POL-208708,Kano,376000,,1
POL-224706,Ibadan,289000,,1
POL-210377,Abuja,287000,,1
POL-229358,Lagos,374000,,1
POL-102426,Lagos,396000,CLM-00808,1
POL-221695,Port Harcourt,439000,,1
POL-230647,Ibadan,292000,,1
POL-260029,Abuja,400000,,1
POL-249190,Abuja,329000,,1
POL-104891,Lagos,343000,CLM-01630,1
POL-102946,Ibadan,369000,CLM-00982,0
POL-106243,Port Harcourt,349000,CLM-02081,1
POL-103858,Lagos,183000,CLM-01286,1
POL-104722,Lagos,681000,CLM-01574,1
POL-262034,Abuja,730000,,1
POL-103276,Port Harcourt,597000,CLM-01092,1
POL-253058,Abuja,253000,,1
POL-243323,Lagos,374000,,1
POL-104523,Lagos,168000,CLM-01507,1
POL-106556,Lagos,487000,CLM-02185,1
POL-103760,Abuja,292000,CLM-01253,1
POL-250536,Ibadan,454000,,1
POL-208341,Abuja,722000,,1
POL-214056,Lagos,350000,,0
POL-100702,Lagos,329000,CLM-00234,0
POL-100298,Abuja,214000,CLM-00099,1
POL-260605,Abuja,378000,,1
POL-241364,Lagos,292000,,1
POL-105512,Lagos,220000,CLM-01837,1
POL-104705,Port Harcourt,535000,CLM-01568,1
POL-220871,Lagos,218000,,1
POL-214328,Lagos,184000,,1
POL-106197,Lagos,223000,CLM-02065,1
POL-203819,Ibadan,377000,,1
POL-206321,Ibadan,633000,,1
POL-103206,Ibadan,326000,CLM-01068,1
POL-245908,Kano,724000,,1
POL-254260,Port Harcourt,452000,,1
POL-205021,Abuja,243000,,1
POL-262921,Port Harcourt,388000,,1
POL-104869,Port Harcourt,888000,CLM-01623,0
POL-102713,Kano,275000,CLM-00904,1
POL-100978,Port Harcourt,229000,CLM-00326,0
POL-239403,Lagos,500000,,1
POL-247614,Lagos,398000,,1
POL-225295,Lagos,570000,,1
POL-207299,Lagos,269000,,0
POL-103573,Kano,523000,CLM-01191,1
POL-238149,Lagos,402000,,1
POL-233110,Lagos,187000,,1
POL-234890,Kano,293000,,1
POL-257274,Ibadan,299000,,0
POL-236643,Lagos,111000,,1
POL-244756,Lagos,354000,,1
POL-224910,Lagos,417000,,1
POL-104448,Port Harcourt,319000,CLM-01482,1
POL-238054,Abuja,416000,,1
POL-219792,Lagos,200000,,1
POL-220861,Kano,346000,,0
POL-103322,Ibadan,260000,CLM-01107,0
POL-236622,Kano,345000,,0
POL-202095,Abuja,329000,,1
POL-206493,Kano,257000,,1
POL-231136,Ibadan,219000,,0
POL-226593,Port Harcourt,743000,,1
POL-232661,Ibadan,335000,,1
POL-226568,Lagos,434000,,1
POL-214032,Kano,323000,,1
POL-254373,Port Harcourt,346000,,0
POL-105235,Lagos,853000,CLM-01745,1
POL-238706,Ibadan,230000,,1
POL-235947,Ibadan,366000,,0
POL-235429,Lagos,310000,,1
POL-250762,Lagos,596000,,1
POL-200274,Kano,193000,,1
POL-101959,Lagos,272000,CLM-00653,1
POL-236928,Ibadan,464000,,1
POL-101707,Lagos,418000,CLM-00569,1
POL-212672,Port Harcourt,487000,,1
POL-100661,Abuja,332000,CLM-00220,1
POL-250798,Port Harcourt,552000,,1
POL-231632,Lagos,606000,,0
POL-239035,Lagos,320000,,0
POL-228290,Lagos,371000,,1
POL-106259,Lagos,441000,CLM-02086,0
POL-100944,Kano,612000,CLM-00314,1
POL-104527,Lagos,287000,CLM-01509,1
POL-261584,Kano,216000,,1
POL-243181,Ibadan,668000,,0
POL-100567,Kano,211000,CLM-00189,0
POL-262763,Lagos,488000,,0
POL-227519,Lagos,331000,,1
POL-253916,Ibadan,262000,,1
POL-233609,Abuja,332000,,1
POL-104365,Kano,507000,CLM-01455,0
POL-204406,Port Harcourt,446000,,1
POL-215538,Kano,178000,,1
POL-100744,Lagos,586000,CLM-00248,0
POL-220627,Lagos,497000,,1
POL-249957,Lagos,357000,,0
POL-104358,Kano,776000,CLM-01452,1
POL-106667,Lagos,675000,CLM-02222,1
POL-223365,Kano,311000,,1
POL-105070,Abuja,637000,CLM-01690,1
POL-235868,Abuja,589000,,1
POL-248995,Port Harcourt,258000,,1
POL-219489,Abuja,290000,,1
POL-224486,Lagos,317000,,1
POL-231772,Lagos,232000,,1
POL-221775,Abuja,121000,,0
POL-256826,Lagos,213000,,1
POL-259956,Port Harcourt,443000,,1
POL-247504,Lagos,452000,,1
POL-253678,Lagos,835000,,1
POL-246438,Abuja,473000,,1
POL-105883,Abuja,578000,CLM-01961,1
POL-100648,Port Harcourt,437000,CLM-00216,1
POL-104809,Lagos,269000,CLM-01603,1
POL-230612,Lagos,175000,,1
POL-209369,Port Harcourt,116000,,1
POL-100089,Lagos,462000,CLM-00029,1
POL-213301,Kano,561000,,1
POL-243338,Kano,308000,,0
POL-229889,Lagos,369000,,0
POL-213348,Port Harcourt,366000,,1
POL-101142,Abuja,330000,CLM-00380,1
POL-202972,Abuja,441000,,1
POL-249320,Ibadan,383000,,1
POL-260073,Abuja,592000,,1
POL-233575,Kano,272000,,1
POL-210421,Abuja,333000,,0
POL-212627,Ibadan,691000,,1
POL-100509,Ibadan,281000,CLM-00169,1
POL-105251,Lagos,587000,CLM-01750,1
POL-231494,Port Harcourt,342000,,1
POL-255105,Abuja,259000,,1
POL-250874,Lagos,300000,,1
POL-260904,Abuja,786000,,1
POL-212935,Lagos,512000,,1
POL-244574,Ibadan,350000,,1
POL-245360,Lagos,320000,,1
POL-248773,Kano,488000,,0
POL-101863,Lagos,380000,CLM-00621,1
POL-102047,Port Harcourt,377000,CLM-00682,1
POL-101488,Abuja,292000,CLM-00496,1
POL-204167,Abuja,272000,,1
POL-102850,Ibadan,745000,CLM-00950,1
POL-224835,Kano,187000,,1
POL-233292,Lagos,321000,,1
POL-204793,Lagos,573000,,1
POL-215216,Kano,219000,,1
POL-103445,Lagos,369000,CLM-01148,1
POL-103029,Port Harcourt,488000,CLM-01009,1
POL-217274,Abuja,653000,,1
POL-262556,Abuja,352000,,1
POL-101057,Abuja,582000,CLM-00352,0
POL-207651,Port Harcourt,217000,,1
POL-211233,Port Harcourt,821000,,0
POL-222118,Abuja,315000,,1
POL-207062,Ibadan,243000,,1
POL-230704,Lagos,292000,,1
POL-106521,Lagos,624000,CLM-02173,1
POL-221480,Lagos,695000,,0
POL-206856,Lagos,615000,,1
POL-249174,Ibadan,285000,,1
POL-226321,Abuja,366000,,1
POL-218003,Abuja,180000,,1
POL-252089,Lagos,327000,,0
POL-224510,Port Harcourt,319000,,1
POL-209866,Ibadan,251000,,1
POL-207907,Lagos,475000,,0
POL-103639,Port Harcourt,224000,CLM-01213,1
POL-205770,Lagos,800000,,1
POL-244445,Lagos,301000,,1
POL-212560,Lagos,134000,,0
POL-213955,Port Harcourt,673000,,0
POL-105927,Ibadan,357000,CLM-01975,1
POL-102839,Abuja,503000,CLM-00946,1
POL-259237,Port Harcourt,696000,,0
POL-257715,Lagos,165000,,1
POL-246865,Kano,248000,,1
POL-216039,Lagos,432000,,1
POL-106373,Port Harcourt,310000,CLM-02124,0
POL-221791,Lagos,365000,,1
POL-220614,Port Harcourt,402000,,0
POL-226303,Lagos,227000,,1
POL-200200,Lagos,272000,,1
POL-251117,Lagos,310000,,1
POL-233749,Kano,301000,,1
POL-205954,Lagos,402000,,1
POL-261820,Ibadan,252000,,1
POL-100555,Abuja,356000,CLM-00185,1
POL-104258,Lagos,273000,CLM-01419,0
POL-215414,Lagos,353000,,1
POL-252123,Kano,558000,,1
POL-103030,Ibadan,196000,CLM-01010,1
POL-239261,Lagos,225000,,0
POL-100645,Port Harcourt,209000,CLM-00215,0
POL-229516,Ibadan,905000,,1
POL-238169,Kano,203000,,0
POL-216969,Ibadan,415000,,1
POL-101973,Abuja,569000,CLM-00657,1
POL-230937,Lagos,877000,,1
POL-232242,Kano,402000,,1
POL-102706,Ibadan,216000,CLM-00902,1
POL-104914,Lagos,563000,CLM-01638,0
POL-102732,Lagos,227000,CLM-00910,0
POL-105499,Ibadan,248000,CLM-01833,0
POL-225315,Lagos,553000,,1
POL-246970,Lagos,636000,,1
POL-231814,Lagos,435000,,1
POL-230567,Abuja,281000,,1
POL-210876,Port Harcourt,398000,,0
POL-240684,Lagos,339000,,1
POL-100427,Lagos,441000,CLM-00142,0
POL-229001,Ibadan,344000,,1
POL-259915,Port Harcourt,428000,,1
POL-260306,Port Harcourt,313000,,0
POL-103463,Ibadan,498000,CLM-01154,1
POL-233215,Port Harcourt,526000,,1
POL-224082,Ibadan,240000,,1
POL-212471,Abuja,341000,,1
POL-229999,Port Harcourt,608000,,1
POL-238694,Lagos,243000,,1
POL-235545,Lagos,401000,,1
POL-224563,Ibadan,254000,,1
POL-202462,Lagos,490000,,1
POL-219292,Lagos,408000,,1
POL-223563,Kano,416000,,1
POL-241479,Ibadan,233000,,1
POL-261091,Abuja,125000,,1
POL-242067,Kano,406000,,1
POL-200290,Abuja,219000,,1
POL-218425,Lagos,124000,,1
POL-103815,Port Harcourt,450000,CLM-01271,1
POL-249284,Kano,351000,,1
POL-205170,Kano,534000,,1
POL-244940,Kano,382000,,1
POL-260653,Ibadan,413000,,0
POL-254987,Ibadan,423000,,1
POL-215529,Ibadan,346000,,0
POL-239683,Port Harcourt,409000,,1
POL-104846,Port Harcourt,247000,CLM-01615,1
POL-206127,Port Harcourt,474000,,0
POL-203020,Abuja,459000,,1
POL-105488,Abuja,274000,CLM-01829,1
POL-102413,Kano,453000,CLM-00804,0
POL-251854,Port Harcourt,568000,,1
POL-204578,Lagos,205000,,1
POL-252347,Ibadan,284000,,1
POL-242965,Kano,549000,,1
POL-104063,Abuja,559000,CLM-01354,1
POL-234978,Lagos,469000,,1
POL-259757,Abuja,402000,,0
POL-216614,Port Harcourt,345000,,1
POL-256083,Ibadan,365000,,1
POL-235065,Ibadan,562000,,1
POL-239378,Port Harcourt,551000,,1
POL-221607,Abuja,170000,,1
POL-249106,Lagos,278000,,1
POL-106219,Kano,458000,CLM-02073,0
POL-227345,Lagos,262000,,1
POL-226903,Lagos,309000,,1
POL-204055,Lagos,218000,,1
POL-241232,Ibadan,253000,,1
POL-261157,Abuja,283000,,0
POL-249324,Kano,592000,,1
POL-226650,Lagos,567000,,1
POL-213783,Lagos,468000,,1
POL-259500,Lagos,531000,,0
POL-216805,Abuja,347000,,1
POL-243611,Lagos,375000,,1
POL-203909,Abuja,324000,,1
POL-200830,Port Harcourt,605000,,0
POL-234601,Port Harcourt,545000,,0
POL-205203,Port Harcourt,336000,,1
POL-106658,Lagos,331000,CLM-02219,1
POL-100564,Port Harcourt,546000,CLM-00188,1
POL-202818,Lagos,450000,,0
POL-232078,Ibadan,387000,,1
POL-106476,Kano,154000,CLM-02158,1
POL-207566,Lagos,421000,,1
POL-246667,Lagos,189000,,1
POL-235832,Kano,208000,,1
POL-245325,Ibadan,326000,,1
POL-252613,Lagos,314000,,0
POL-104681,Abuja,475000,CLM-01560,1
POL-217392,Abuja,140000,,0
POL-223988,Abuja,314000,,1
POL-245827,Ibadan,277000,,0
POL-224493,Port Harcourt,292000,,1
POL-211104,Kano,630000,,1
POL-233659,Kano,201000,,1
POL-237932,Abuja,437000,,1
POL-105935,Ibadan,385000,CLM-01978,0
POL-239516,Port Harcourt,297000,,1
POL-102508,Ibadan,204000,CLM-00836,1
POL-219215,Lagos,368000,,1
POL-232232,Abuja,365000,,1
POL-101169,Port Harcourt,810000,CLM-00389,1
POL-247352,Lagos,378000,,1
POL-100966,Abuja,249000,CLM-00322,1
POL-246119,Ibadan,460000,,1
POL-102468,Lagos,389000,CLM-00822,1
POL-208429,Lagos,465000,,1
POL-240107,Abuja,339000,,1
POL-228375,Lagos,593000,,1
POL-105664,Abuja,347000,CLM-01888,1
POL-225096,Abuja,312000,,1
POL-205415,Ibadan,557000,,1
POL-262042,Port Harcourt,509000,,1
POL-214187,Kano,473000,,1
POL-202221,Kano,379000,,1
POL-104141,Lagos,509000,CLM-01380,0
POL-249914,Port Harcourt,479000,,0
POL-215952,Abuja,289000,,1
POL-204770,Port Harcourt,693000,,0
POL-100477,Ibadan,358000,CLM-00159,0
POL-258874,Abuja,399000,,1
POL-262010,Abuja,281000,,1
POL-234381,Lagos,521000,,1
POL-101676,Lagos,694000,CLM-00558,0
POL-236388,Kano,362000,,0
POL-102695,Ibadan,426000,CLM-00898,1
POL-223791,Abuja,423000,,1
POL-255268,Lagos,198000,,1
POL-246587,Kano,212000,,0
POL-100445,Ibadan,380000,CLM-00148,1
POL-248806,Abuja,362000,,1
POL-231032,Lagos,444000,,1
POL-250425,Kano,247000,,1
POL-219090,Kano,260000,,0
POL-238321,Lagos,482000,,1
POL-251499,Lagos,185000,,1
POL-210961,Kano,485000,,1
POL-102613,Abuja,466000,CLM-00871,1
POL-222629,Port Harcourt,310000,,1
POL-104933,Abuja,284000,CLM-01644,1
POL-105001,Port Harcourt,265000,CLM-01667,0
POL-253237,Port Harcourt,273000,,1
POL-219050,Port Harcourt,313000,,1
POL-105340,Lagos,368000,CLM-01780,0
POL-102970,Port Harcourt,217000,CLM-00990,1
POL-101796,Kano,514000,CLM-00598,1
POL-100867,Port Harcourt,401000,CLM-00289,1
POL-106163,Abuja,324000,CLM-02054,1
POL-105161,Lagos,527000,CLM-01720,1
POL-230694,Lagos,370000,,1
POL-228577,Ibadan,235000,,1
POL-212400,Lagos,298000,,1
POL-212204,Abuja,298000,,1
POL-245759,Kano,346000,,1
POL-209242,Kano,279000,,0
POL-222138,Kano,238000,,0
POL-252397,Lagos,662000,,1
POL-238564,Port Harcourt,492000,,0
POL-204504,Abuja,225000,,1
POL-210775,Lagos,435000,,0
POL-234987,Kano,490000,,1
POL-221052,Lagos,360000,,1
POL-213572,Kano,272000,,1
POL-251452,Kano,236000,,1
POL-244607,Port Harcourt,370000,,0
POL-247487,Abuja,474000,,0
POL-103319,Lagos,447000,CLM-01106,1
POL-101344,Lagos,261000,CLM-00448,0
POL-211420,Lagos,331000,,1
POL-214706,Ibadan,328000,,1
POL-221651,Kano,177000,,0
POL-100159,Port Harcourt,547000,CLM-00053,1
POL-250967,Lagos,278000,,1
POL-229239,Abuja,509000,,1
POL-259949,Lagos,211000,,1
POL-102959,Lagos,468000,CLM-00986,1
POL-253117,Lagos,660000,,1
POL-102276,Kano,355000,CLM-00758,1
POL-200736,Lagos,494000,,0
POL-101698,Abuja,566000,CLM-00566,0
POL-217084,Abuja,856000,,0
POL-105725,Ibadan,280000,CLM-01908,1
POL-203101,Abuja,325000,,1
POL-103176,Port Harcourt,427000,CLM-01058,1
POL-243678,Port Harcourt,344000,,1
POL-240817,Abuja,403000,,1
POL-105506,Lagos,145000,CLM-01835,1
POL-212054,Ibadan,747000,,1
POL-226291,Lagos,401000,,1
POL-244902,Lagos,376000,,1
POL-240190,Abuja,574000,,0
POL-223798,Lagos,245000,,1
POL-248031,Abuja,302000,,1
POL-202608,Lagos,219000,,1
POL-204834,Lagos,490000,,1
POL-243358,Lagos,261000,,1
POL-256543,Ibadan,782000,,1
POL-223617,Ibadan,235000,,0
POL-247927,Lagos,263000,,1
POL-236707,Kano,353000,,1
POL-219684,Lagos,597000,,1
POL-202352,Lagos,537000,,1
POL-210803,Lagos,271000,,1
POL-228938,Port Harcourt,234000,,1
POL-229629,Kano,342000,,1
POL-104190,Abuja,479000,CLM-01396,1
POL-219572,Abuja,336000,,1
POL-227864,Lagos,218000,,1
POL-228443,Kano,502000,,1
POL-220618,Port Harcourt,422000,,0
POL-259097,Abuja,394000,,0
POL-246278,Lagos,268000,,1
POL-242622,Lagos,334000,,1
POL-106202,Abuja,324000,CLM-02067,1
POL-202181,Abuja,278000,,1
POL-262231,Lagos,623000,,1
POL-219473,Abuja,290000,,1
POL-203824,Lagos,258000,,1
POL-240708,Lagos,532000,,1
POL-243834,Lagos,264000,,1
POL-244518,Abuja,214000,,1
POL-255975,Abuja,370000,,1
POL-101149,Lagos,296000,CLM-00383,0
POL-100319,Abuja,375000,CLM-00106,1
POL-229726,Abuja,580000,,1
POL-211979,Lagos,229000,,0
POL-224103,Port Harcourt,506000,,1
POL-256338,Ibadan,438000,,1
POL-262864,Port Harcourt,461000,,1
POL-104578,Lagos,429000,CLM-01526,1
POL-251888,Abuja,474000,,1
POL-105048,Port Harcourt,446000,CLM-01682,0
POL-100724,Port Harcourt,200000,CLM-00241,1
POL-239844,Lagos,386000,,0
POL-224540,Lagos,496000,,1
POL-256248,Ibadan,657000,,1
POL-239216,Lagos,370000,,1
POL-211190,Kano,696000,,1
POL-220162,Lagos,607000,,1
POL-226881,Abuja,194000,,1
POL-233022,Ibadan,294000,,1
POL-100755,Lagos,474000,CLM-00251,1
POL-100779,Abuja,346000,CLM-00259,1
POL-240613,Lagos,825000,,1
POL-262551,Port Harcourt,304000,,1
POL-246189,Ibadan,359000,,1
POL-203679,Lagos,405000,,1
POL-242025,Abuja,369000,,1
POL-106412,Abuja,455000,CLM-02137,1
POL-233424,Abuja,246000,,0
POL-104348,Abuja,534000,CLM-01449,1
POL-200096,Lagos,484000,,1
POL-252669,Abuja,336000,,1
POL-217454,Port Harcourt,842000,,1
POL-262245,Port Harcourt,628000,,1
POL-217989,Lagos,469000,,1
POL-208692,Lagos,376000,,1
POL-254845,Lagos,694000,,0
POL-257146,Lagos,280000,,1
POL-206331,Kano,611000,,1
POL-245284,Ibadan,255000,,1
POL-222648,Port Harcourt,398000,,0
POL-245413,Port Harcourt,553000,,1
POL-211479,Lagos,445000,,1
POL-223119,Port Harcourt,624000,,1
POL-236189,Abuja,424000,,1
POL-232438,Abuja,409000,,1
POL-203671,Abuja,139000,,1
POL-237036,Ibadan,627000,,0
POL-245581,Port Harcourt,331000,,1
POL-100450,Abuja,322000,CLM-00150,0
POL-200026,Lagos,379000,,1
POL-216608,Lagos,296000,,1
POL-246060,Lagos,607000,,1
POL-214964,Lagos,428000,,1
POL-220412,Kano,438000,,1
POL-249610,Ibadan,497000,,1
POL-101464,Abuja,387000,CLM-00488,0
POL-207576,Kano,305000,,1
POL-205449,Ibadan,407000,,1
POL-105911,Abuja,507000,CLM-01970,1
POL-208931,Lagos,473000,,1
POL-234113,Port Harcourt,278000,,0
POL-203943,Port Harcourt,255000,,1
POL-202935,Port Harcourt,440000,,0
POL-226734,Kano,170000,,0
POL-254499,Port Harcourt,444000,,0
POL-220940,Kano,279000,,0
POL-220148,Abuja,338000,,1
POL-203508,Lagos,655000,,1
POL-105572,Lagos,564000,CLM-01857,1
POL-258919,Lagos,411000,,1
POL-204437,Kano,313000,,1
POL-104210,Port Harcourt,433000,CLM-01403,1
POL-213624,Abuja,246000,,1
POL-214390,Lagos,276000,,0
POL-201304,Lagos,376000,,1
POL-206581,Kano,468000,,1
POL-243845,Lagos,253000,,1
POL-104376,Kano,248000,CLM-01458,0
POL-102806,Kano,319000,CLM-00935,0
POL-227890,Ibadan,428000,,1
POL-208207,Lagos,733000,,1
POL-227056,Lagos,147000,,1
POL-219249,Abuja,397000,,1
POL-246181,Lagos,355000,,1
POL-210157,Lagos,603000,,1
POL-241795,Lagos,346000,,1
POL-101792,Abuja,574000,CLM-00597,1
POL-243514,Lagos,673000,,1
POL-236343,Port Harcourt,645000,,1
POL-100612,Lagos,452000,CLM-00204,1
POL-256398,Port Harcourt,451000,,1
POL-254304,Port Harcourt,368000,,1
POL-212820,Kano,410000,,1
POL-257105,Port Harcourt,219000,,1
POL-260527,Ibadan,473000,,1
POL-236754,Abuja,354000,,1
POL-228273,Kano,194000,,1
POL-200699,Ibadan,621000,,0
POL-201152,Ibadan,262000,,1
POL-225803,Lagos,301000,,1
POL-215132,Port Harcourt,744000,,1
POL-207951,Lagos,462000,,1
POL-226705,Port Harcourt,621000,,1
POL-251302,Lagos,441000,,0
POL-262197,Abuja,323000,,0
POL-237230,Abuja,544000,,1
POL-105647,Lagos,303000,CLM-01882,1
POL-105525,Kano,229000,CLM-01841,1
POL-221383,Ibadan,244000,,1
POL-223304,Kano,1022000,,1
POL-225309,Abuja,203000,,1
POL-255352,Lagos,219000,,1
POL-232031,Lagos,206000,,1
POL-237722,Lagos,559000,,1
POL-102647,Ibadan,268000,CLM-00882,1
POL-216368,Ibadan,241000,,1
POL-226090,Kano,593000,,1
POL-252064,Lagos,424000,,1
POL-206662,Ibadan,352000,,0
POL-231872,Port Harcourt,375000,,1
POL-202513,Port Harcourt,151000,,1
POL-249998,Abuja,453000,,0
POL-207289,Lagos,480000,,1
POL-219597,Ibadan,386000,,1
POL-253346,Lagos,326000,,1
POL-232811,Kano,459000,,0
POL-100522,Abuja,247000,CLM-00174,1
POL-203231,Lagos,363000,,0
POL-105820,Lagos,400000,CLM-01940,1
POL-250863,Lagos,340000,,1
POL-225965,Abuja,298000,,0
POL-237730,Ibadan,190000,,1
POL-211342,Lagos,276000,,1
POL-221549,Port Harcourt,277000,,1
POL-255575,Port Harcourt,450000,,0
POL-241765,Lagos,371000,,1
POL-258022,Abuja,216000,,0
POL-201671,Lagos,258000,,1
POL-257564,Abuja,384000,,1
POL-102866,Lagos,441000,CLM-00955,1
POL-232181,Abuja,445000,,1
POL-205917,Lagos,585000,,1
POL-261389,Abuja,604000,,1
POL-257584,Port Harcourt,369000,,1
POL-248060,Port Harcourt,286000,,1
POL-102211,Kano,409000,CLM-00737,1
POL-241136,Abuja,831000,,1
POL-227512,Abuja,466000,,0
POL-103915,Abuja,691000,CLM-01305,0
POL-260007,Port Harcourt,295000,,1
POL-100164,Lagos,518000,CLM-00054,0
POL-223829,Abuja,418000,,1
POL-240757,Lagos,603000,,1
POL-250516,Port Harcourt,283000,,1
POL-260955,Ibadan,393000,,1
POL-104074,Kano,383000,CLM-01358,1
POL-241694,Abuja,392000,,1
POL-216726,Port Harcourt,471000,,1
POL-104856,Abuja,239000,CLM-01618,0
POL-101883,Ibadan,478000,CLM-00627,1
POL-254754,Lagos,335000,,1
POL-102862,Port Harcourt,267000,CLM-00954,1
POL-245701,Ibadan,487000,,0
POL-223337,Lagos,197000,,1
POL-245887,Abuja,647000,,1
POL-241641,Lagos,299000,,1
POL-215076,Port Harcourt,188000,,1
POL-202540,Port Harcourt,487000,,1
POL-253176,Kano,125000,,1
POL-104999,Lagos,257000,CLM-01666,0
POL-246547,Port Harcourt,548000,,1
POL-258200,Abuja,413000,,1
POL-256931,Port Harcourt,274000,,1
POL-225125,Lagos,305000,,1
POL-244686,Lagos,381000,,1
POL-100063,Ibadan,677000,CLM-00021,1
POL-248168,Abuja,411000,,1
POL-216548,Lagos,347000,,0
POL-105608,Ibadan,441000,CLM-01869,1
POL-100602,Port Harcourt,456000,CLM-00200,1
POL-218627,Lagos,397000,,1
POL-102371,Lagos,368000,CLM-00790,1
POL-210752,Ibadan,469000,,0
POL-102178,Lagos,393000,CLM-00726,0
POL-224954,Ibadan,665000,,1
POL-208795,Abuja,466000,,0
POL-101250,Port Harcourt,401000,CLM-00416,1
POL-262301,Abuja,427000,,0
POL-241283,Ibadan,178000,,1
POL-233703,Abuja,389000,,0
POL-216648,Lagos,486000,,1
POL-103373,Abuja,115000,CLM-01124,1
POL-238524,Port Harcourt,555000,,1
POL-231478,Ibadan,364000,,0
POL-227951,Kano,561000,,1
POL-217033,Lagos,577000,,1
POL-241052,Port Harcourt,194000,,1
POL-221392,Lagos,418000,,1
POL-243647,Kano,558000,,1
POL-221031,Abuja,309000,,1
POL-235097,Lagos,287000,,1
POL-236121,Ibadan,276000,,0
POL-245449,Abuja,141000,,1
POL-234188,Kano,691000,,0
POL-217961,Ibadan,282000,,1
POL-246005,Lagos,134000,,1
POL-201138,Ibadan,378000,,1
POL-257471,Lagos,281000,,1
POL-221718,Lagos,512000,,0
POL-251565,Abuja,533000,,1
POL-232683,Kano,469000,,1
POL-257197,Lagos,385000,,0
POL-253928,Abuja,126000,,1
POL-201649,Port Harcourt,433000,,1
POL-214686,Abuja,254000,,0
POL-101541,Lagos,565000,CLM-00513,1
POL-104443,Kano,333000,CLM-01481,1
POL-238276,Port Harcourt,486000,,1
POL-228191,Lagos,208000,,1
POL-256741,Ibadan,347000,,1
POL-245189,Abuja,331000,,1
POL-106276,Abuja,441000,CLM-02092,1
POL-235563,Ibadan,259000,,1
POL-253633,Abuja,281000,,0
POL-221144,Lagos,340000,,1
POL-210000,Port Harcourt,485000,,1
POL-260339,Ibadan,897000,,0
POL-100714,Lagos,178000,CLM-00238,0
POL-217878,Lagos,530000,,1
POL-100124,Lagos,531000,CLM-00041,0
POL-228566,Abuja,303000,,1
POL-227878,Abuja,215000,,1
POL-105404,Port Harcourt,355000,CLM-01801,0
POL-256410,Lagos,278000,,0
POL-214872,Ibadan,899000,,1
POL-100698,Abuja,555000,CLM-00232,1
POL-247207,Port Harcourt,286000,,1
POL-104954,Ibadan,302000,CLM-01651,1
POL-102801,Lagos,667000,CLM-00933,1
POL-247779,Lagos,407000,,1
POL-260937,Abuja,645000,,1
POL-210863,Abuja,305000,,0
POL-207367,Lagos,460000,,1
POL-106405,Port Harcourt,621000,CLM-02135,1
POL-251156,Lagos,561000,,1
POL-232582,Abuja,191000,,1
POL-212841,Port Harcourt,336000,,1
POL-249641,Ibadan,257000,,1
POL-248677,Ibadan,363000,,0
POL-106286,Lagos,515000,CLM-02095,1
POL-234148,Ibadan,530000,,1
POL-220686,Abuja,547000,,1
POL-104515,Lagos,436000,CLM-01505,1
POL-209291,Ibadan,370000,,1
POL-223847,Lagos,323000,,0
POL-238128,Ibadan,305000,,1
POL-257372,Abuja,354000,,1
POL-259474,Kano,142000,,1
POL-103368,Lagos,298000,CLM-01122,1
POL-241379,Lagos,383000,,1
POL-220065,Ibadan,290000,,1
POL-202979,Abuja,397000,,1
POL-246774,Lagos,323000,,1
POL-249090,Kano,312000,,1
POL-102671,Abuja,405000,CLM-00890,0
POL-101677,Kano,135000,CLM-00559,1
POL-102734,Abuja,519000,CLM-00911,1
POL-206295,Lagos,397000,,1
POL-236838,Kano,379000,,1
POL-246489,Lagos,429000,,0
POL-247741,Abuja,292000,,1
POL-205645,Lagos,545000,,1
POL-237123,Ibadan,347000,,1
POL-248042,Lagos,445000,,1
POL-253277,Lagos,258000,,0
POL-257193,Lagos,276000,,1
POL-100282,Ibadan,955000,CLM-00094,0
POL-226247,Port Harcourt,647000,,1
POL-101687,Lagos,428000,CLM-00562,1
POL-252392,Kano,301000,,1
POL-239590,Lagos,285000,,0
POL-101434,Abuja,434000,CLM-00478,1
POL-218057,Lagos,384000,,1
POL-220694,Abuja,305000,,1
POL-231360,Ibadan,350000,,1
POL-105230,Abuja,476000,CLM-01743,1
POL-253062,Abuja,229000,,1
POL-106540,Lagos,249000,CLM-02180,1
POL-228301,Lagos,225000,,1
POL-256573,Port Harcourt,176000,,1
POL-201548,Kano,121000,,1
POL-205904,Abuja,268000,,1
POL-207523,Ibadan,558000,,0
POL-246360,Lagos,470000,,0
POL-245399,Lagos,511000,,0
POL-106067,Kano,920000,CLM-02022,0
POL-103363,Lagos,261000,CLM-01121,1
POL-205400,Port Harcourt,368000,,1
POL-104964,Abuja,485000,CLM-01654,1
POL-100461,Lagos,315000,CLM-00153,0
POL-205015,Ibadan,493000,,1
POL-102010,Kano,364000,CLM-00670,1
POL-234807,Lagos,391000,,1
POL-209841,Lagos,466000,,1
POL-230331,Lagos,232000,,1
POL-220243,Lagos,304000,,1
POL-250437,Lagos,222000,,1
POL-258094,Abuja,253000,,1
POL-200708,Abuja,310000,,1
POL-237487,Abuja,544000,,1
POL-100591,Lagos,467000,CLM-00197,1
POL-235364,Kano,661000,,1
POL-228390,Ibadan,257000,,1
POL-248109,Lagos,266000,,1
POL-224824,Port Harcourt,249000,,1
POL-252012,Abuja,537000,,1
POL-202409,Lagos,573000,,1
POL-254363,Abuja,221000,,1
POL-244340,Abuja,270000,,1
POL-260194,Abuja,266000,,0
POL-208857,Lagos,256000,,1
POL-213401,Lagos,303000,,1
POL-259943,Ibadan,281000,,1
POL-225401,Abuja,454000,,1
POL-227020,Ibadan,584000,,1
POL-249247,Port Harcourt,144000,,1
POL-233286,Kano,522000,,0
POL-240221,Port Harcourt,316000,,1
POL-231343,Ibadan,469000,,1
POL-247975,Lagos,456000,,1
POL-244545,Abuja,168000,,1
POL-236363,Ibadan,378000,,1
POL-103551,Ibadan,511000,CLM-01183,1
POL-219914,Abuja,391000,,1
POL-224314,Abuja,304000,,1
POL-233183,Lagos,359000,,0
POL-222435,Port Harcourt,300000,,1
POL-210854,Kano,405000,,1
POL-105529,Abuja,559000,CLM-01843,0
POL-200127,Ibadan,364000,,1
POL-105843,Lagos,350000,CLM-01947,0
POL-105442,Abuja,543000,CLM-01814,0
POL-203244,Port Harcourt,984000,,1
POL-248851,Ibadan,328000,,1
POL-226253,Ibadan,529000,,1
POL-239392,Lagos,261000,,1
POL-226142,Port Harcourt,360000,,1
POL-212607,Abuja,619000,,1
POL-210411,Ibadan,224000,,1
POL-102400,Lagos,363000,CLM-00800,1
POL-214726,Port Harcourt,682000,,1
POL-101407,Lagos,476000,CLM-00469,1
POL-236778,Abuja,253000,,1
POL-251803,Lagos,176000,,1
POL-247644,Lagos,326000,,1
POL-239114,Port Harcourt,363000,,1
POL-229463,Abuja,438000,,1
POL-203896,Abuja,512000,,1
POL-213546,Lagos,236000,,1
POL-213797,Lagos,214000,,0
POL-200421,Lagos,350000,,1
POL-221388,Abuja,299000,,1
POL-227307,Lagos,294000,,1
POL-259697,Abuja,317000,,0
POL-217658,Lagos,241000,,0
POL-215377,Port Harcourt,617000,,1
POL-105989,Abuja,317000,CLM-01996,1
POL-104427,Port Harcourt,303000,CLM-01475,1
POL-241798,Port Harcourt,850000,,1
POL-105810,Lagos,333000,CLM-01936,1
POL-238735,Lagos,485000,,0
POL-226389,Port Harcourt,536000,,0
POL-103023,Port Harcourt,316000,CLM-01007,0
POL-251918,Ibadan,575000,,0
POL-240293,Abuja,284000,,1
POL-245247,Kano,406000,,0
POL-255012,Kano,340000,,0
POL-250741,Kano,523000,,1
POL-247442,Abuja,243000,,1
POL-213825,Lagos,691000,,1
POL-235733,Abuja,527000,,1
POL-237746,Abuja,354000,,1
POL-214223,Lagos,419000,,1
POL-100231,Port Harcourt,178000,CLM-00077,1
POL-249273,Port Harcourt,484000,,0
POL-211089,Lagos,475000,,1
POL-101222,Ibadan,546000,CLM-00407,0
POL-225319,Kano,143000,,1
POL-100603,Port Harcourt,306000,CLM-00201,0
POL-248663,Port Harcourt,433000,,1
POL-261377,Kano,385000,,1
POL-256347,Kano,408000,,1
POL-258421,Port Harcourt,392000,,1
POL-254979,Abuja,202000,,1
POL-106654,Lagos,285000,CLM-02218,1
POL-252083,Lagos,769000,,1
POL-238893,Port Harcourt,220000,,1
POL-238448,Abuja,444000,,1
POL-243135,Port Harcourt,255000,,0
POL-104484,Ibadan,550000,CLM-01494,1
POL-253646,Abuja,429000,,1
POL-231544,Lagos,431000,,1
POL-237911,Port Harcourt,297000,,0
POL-209406,Abuja,400000,,1
POL-103588,Port Harcourt,406000,CLM-01196,1
POL-104609,Abuja,473000,CLM-01536,1
POL-230062,Lagos,205000,,1
POL-232959,Ibadan,222000,,1
POL-252446,Ibadan,334000,,1
POL-261882,Port Harcourt,521000,,0
POL-217966,Kano,301000,,0
POL-243751,Ibadan,306000,,0
POL-103564,Abuja,634000,CLM-01188,1
POL-219715,Ibadan,407000,,1
POL-248727,Abuja,440000,,1
POL-101921,Port Harcourt,397000,CLM-00640,1
POL-229843,Lagos,466000,,1
POL-255331,Abuja,207000,,1
POL-249449,Lagos,599000,,1
POL-208613,Port Harcourt,346000,,1
POL-257257,Lagos,314000,,1
POL-213863,Lagos,249000,,1
POL-100624,Kano,423000,CLM-00208,1
POL-203161,Port Harcourt,862000,,1
POL-100464,Port Harcourt,452000,CLM-00154,1
POL-213639,Ibadan,259000,,1
POL-204857,Abuja,212000,,1
POL-214051,Lagos,296000,,0
POL-249932,Lagos,373000,,1
POL-241498,Lagos,319000,,1
POL-204665,Lagos,443000,,1
POL-208531,Abuja,305000,,1
POL-103409,Ibadan,329000,CLM-01136,1
POL-218564,Lagos,563000,,1
POL-259996,Lagos,412000,,1
POL-100246,Kano,301000,CLM-00082,1
POL-208008,Lagos,484000,,0
POL-100409,Ibadan,479000,CLM-00136,1
POL-230642,Port Harcourt,502000,,1
POL-257352,Lagos,268000,,1
POL-230100,Abuja,348000,,0
POL-213373,Lagos,319000,,1
POL-205418,Ibadan,547000,,1
POL-210650,Abuja,218000,,1
POL-246640,Port Harcourt,224000,,1
POL-105466,Port Harcourt,279000,CLM-01822,1
POL-251423,Ibadan,261000,,0
POL-254073,Ibadan,390000,,1
POL-237321,Lagos,247000,,1
POL-232468,Lagos,614000,,1
POL-216541,Port Harcourt,651000,,0
POL-211109,Ibadan,485000,,1
POL-211729,Abuja,345000,,1
POL-243494,Lagos,922000,,1
POL-225811,Lagos,222000,,1
POL-201881,Ibadan,491000,,0
POL-259032,Port Harcourt,316000,,1
POL-217594,Kano,612000,,1
POL-229905,Kano,308000,,1
POL-236655,Port Harcourt,453000,,1
POL-225822,Kano,480000,,1
POL-238067,Port Harcourt,1021000,,1
POL-231585,Abuja,243000,,1
POL-260272,Lagos,557000,,1
POL-216922,Abuja,431000,,0
POL-248943,Ibadan,448000,,1
POL-204840,Abuja,484000,,1
POL-212128,Abuja,431000,,1
POL-229067,Lagos,864000,,1
POL-105718,Lagos,377000,CLM-01906,1
POL-103242,Ibadan,354000,CLM-01080,0
POL-252993,Lagos,444000,,1
POL-102659,Lagos,1085000,CLM-00886,0
POL-227178,Abuja,698000,,1
POL-256195,Port Harcourt,470000,,0
POL-224389,Lagos,399000,,1
POL-202401,Abuja,239000,,1
POL-229642,Abuja,187000,,1
POL-210864,Lagos,648000,,1
POL-232787,Abuja,419000,,1
POL-229313,Abuja,504000,,1
POL-218356,Abuja,322000,,1
POL-212758,Port Harcourt,287000,,1
POL-218619,Lagos,285000,,0
POL-240236,Kano,737000,,0
POL-246598,Lagos,387000,,0
POL-105738,Abuja,379000,CLM-01912,1
POL-206948,Abuja,190000,,0
POL-104800,Lagos,935000,CLM-01600,1
POL-200666,Abuja,382000,,1
POL-103592,Kano,558000,CLM-01197,0
POL-105954,Lagos,210000,CLM-01984,1
POL-243075,Abuja,183000,,1
POL-236232,Kano,389000,,1
POL-212895,Lagos,638000,,1
POL-261690,Port Harcourt,332000,,1
POL-104657,Lagos,458000,CLM-01552,1
POL-261858,Ibadan,308000,,1
POL-253425,Ibadan,329000,,0
POL-235207,Lagos,402000,,1
POL-209832,Abuja,445000,,1
POL-201565,Kano,253000,,0
POL-245201,Port Harcourt,268000,,1
POL-240531,Port Harcourt,336000,,0
POL-215221,Lagos,357000,,1
POL-205488,Abuja,218000,,0
POL-105433,Abuja,306000,CLM-01811,0
POL-250752,Abuja,336000,,0
POL-221518,Lagos,569000,,1
POL-235818,Abuja,428000,,1
POL-217142,Lagos,390000,,1
POL-244275,Ibadan,198000,,1
POL-258168,Lagos,240000,,1
POL-239884,Kano,248000,,1
POL-233484,Kano,373000,,1
POL-106329,Abuja,904000,CLM-02109,0
POL-251104,Abuja,570000,,0
POL-216838,Kano,280000,,1
POL-103430,Lagos,652000,CLM-01143,0
POL-103448,Port Harcourt,605000,CLM-01149,1
POL-213663,Ibadan,267000,,1
POL-248399,Lagos,197000,,1
POL-254119,Port Harcourt,433000,,1
POL-230732,Lagos,540000,,1
POL-262798,Lagos,265000,,1
POL-210540,Ibadan,382000,,1
POL-243062,Port Harcourt,384000,,0
POL-212341,Lagos,537000,,1
POL-204247,Kano,425000,,1
POL-248820,Lagos,244000,,1
POL-239079,Ibadan,165000,,1
POL-255196,Lagos,376000,,1
POL-220890,Kano,429000,,1
POL-232696,Lagos,211000,,1
POL-231321,Lagos,517000,,0
POL-246921,Lagos,326000,,1
POL-252900,Lagos,190000,,0
POL-222055,Ibadan,230000,,1
POL-223051,Ibadan,414000,,1
POL-207444,Lagos,752000,,0
POL-209316,Lagos,526000,,1
POL-103547,Lagos,382000,CLM-01182,0
POL-219193,Kano,242000,,1
POL-230955,Lagos,559000,,1
POL-244936,Lagos,370000,,1
POL-103018,Abuja,263000,CLM-01006,1
POL-243727,Lagos,293000,,1
POL-225788,Kano,290000,,1
POL-233317,Lagos,400000,,1
POL-101840,Lagos,353000,CLM-00613,1
POL-238371,Abuja,444000,,0
POL-103042,Abuja,334000,CLM-01014,1
POL-204044,Ibadan,274000,,1
POL-102816,Lagos,290000,CLM-00938,1
POL-223597,Lagos,414000,,0
POL-214882,Lagos,322000,,1
POL-226378,Ibadan,353000,,1
POL-228656,Lagos,422000,,1
POL-103800,Abuja,381000,CLM-01266,1
POL-207581,Lagos,457000,,1
POL-223857,Lagos,783000,,1
POL-261427,Port Harcourt,437000,,0
POL-106256,Lagos,571000,CLM-02085,0
POL-254936,Ibadan,287000,,1
POL-217218,Ibadan,149000,,1
POL-229075,Kano,537000,,1
POL-208781,Lagos,343000,,1
POL-253252,Kano,708000,,1
POL-101204,Abuja,377000,CLM-00401,1
POL-220475,Kano,366000,,0
POL-218019,Abuja,540000,,1
POL-202163,Ibadan,280000,,1
POL-223368,Lagos,291000,,1
POL-237843,Lagos,278000,,0
POL-102681,Abuja,231000,CLM-00893,1
POL-223808,Lagos,432000,,1
POL-204225,Lagos,128000,,1
POL-204928,Ibadan,492000,,1
POL-247191,Abuja,245000,,1
POL-106282,Port Harcourt,400000,CLM-02094,1
POL-239949,Lagos,346000,,1
POL-209941,Lagos,493000,,0
POL-227651,Lagos,638000,,1
POL-213743,Abuja,277000,,1
POL-242274,Abuja,368000,,1
POL-104614,Ibadan,140000,CLM-01538,0
POL-259611,Lagos,267000,,1
POL-243951,Port Harcourt,328000,,0
POL-250522,Abuja,305000,,1
POL-261181,Abuja,335000,,1
POL-224632,Ibadan,432000,,1
POL-228885,Abuja,405000,,0
POL-210068,Lagos,274000,,1
POL-213793,Lagos,153000,,1
POL-236982,Ibadan,698000,,1
POL-207589,Port Harcourt,231000,,1
POL-105478,Kano,506000,CLM-01826,0
POL-217465,Lagos,300000,,1
POL-220263,Kano,223000,,1
POL-106536,Abuja,746000,CLM-02178,0
POL-228538,Port Harcourt,513000,,1
POL-213504,Lagos,223000,,0
POL-221897,Abuja,242000,,1
POL-104327,Lagos,408000,CLM-01442,1
POL-239827,Lagos,279000,,1
POL-227782,Port Harcourt,423000,,1
POL-105833,Lagos,523000,CLM-01944,1
POL-223072,Abuja,380000,,1
POL-210350,Kano,429000,,1
POL-261846,Lagos,331000,,0
POL-209624,Lagos,179000,,1
POL-239532,Lagos,301000,,1
POL-260976,Lagos,465000,,0
POL-256869,Port Harcourt,278000,,0
POL-100537,Port Harcourt,322000,CLM-00179,1
POL-206316,Lagos,292000,,1
POL-231030,Ibadan,265000,,1
POL-101846,Kano,689000,CLM-00615,1
POL-230887,Lagos,347000,,1
POL-215396,Abuja,369000,,0
POL-105658,Kano,1757000,CLM-01886,0
POL-227887,Ibadan,278000,,1
POL-100827,Port Harcourt,459000,CLM-00275,1
POL-236508,Ibadan,306000,,0
POL-223959,Abuja,342000,,1
POL-102340,Abuja,658000,CLM-00780,1
POL-252650,Port Harcourt,255000,,1
POL-103160,Lagos,337000,CLM-01053,1
POL-223062,Lagos,487000,,0
POL-209648,Abuja,375000,,0
POL-237858,Lagos,249000,,1
POL-257008,Ibadan,329000,,1
POL-255980,Kano,236000,,1
POL-248571,Abuja,562000,,1
POL-104158,Port Harcourt,466000,CLM-01386,1
POL-105061,Port Harcourt,473000,CLM-01687,0
POL-217378,Lagos,438000,,1
POL-101228,Abuja,683000,CLM-00409,1
POL-227695,Abuja,185000,,0
POL-259118,Lagos,467000,,0
POL-225664,Abuja,566000,,0
POL-248026,Port Harcourt,392000,,1
POL-241169,Ibadan,142000,,1
POL-205444,Ibadan,801000,,1
POL-256422,Port Harcourt,428000,,1
POL-240938,Lagos,208000,,0
POL-212769,Kano,205000,,1
POL-250877,Ibadan,352000,,1
POL-217892,Ibadan,636000,,1
POL-215674,Port Harcourt,374000,,1
POL-216515,Lagos,185000,,1
POL-214697,Kano,342000,,1
POL-100621,Lagos,324000,CLM-00207,0
POL-227280,Ibadan,566000,,1
POL-213259,Lagos,402000,,1
POL-105049,Lagos,402000,CLM-01683,0
POL-237652,Kano,233000,,0
POL-246820,Lagos,312000,,0
POL-215789,Lagos,418000,,1
POL-100688,Lagos,223000,CLM-00229,1
POL-241712,Kano,243000,,1
POL-248915,Ibadan,218000,,1
POL-252208,Lagos,269000,,0
POL-223323,Lagos,263000,,1
POL-251837,Kano,399000,,1
POL-101174,Ibadan,456000,CLM-00391,1
POL-248144,Lagos,264000,,1
POL-223211,Ibadan,532000,,1
POL-226541,Abuja,321000,,1
POL-236763,Lagos,415000,,1
POL-105975,Ibadan,260000,CLM-01991,1
POL-219939,Port Harcourt,369000,,1
POL-101048,Kano,401000,CLM-00349,1
POL-102117,Abuja,518000,CLM-00705,1
POL-100859,Lagos,358000,CLM-00286,1
POL-260483,Lagos,258000,,1
POL-251461,Lagos,379000,,1
POL-105374,Kano,297000,CLM-01791,1
POL-245604,Lagos,399000,,1
POL-254913,Abuja,360000,,1
POL-240000,Port Harcourt,211000,,1
POL-106662,Lagos,268000,CLM-02220,1
POL-214285,Port Harcourt,520000,,1
POL-241257,Lagos,324000,,0
POL-213874,Abuja,242000,,1
POL-103714,Lagos,169000,CLM-01238,1
POL-255301,Port Harcourt,317000,,1
POL-220799,Abuja,240000,,0
POL-243372,Ibadan,548000,,1
POL-246433,Port Harcourt,164000,,1
POL-106182,Ibadan,489000,CLM-02060,1
POL-215026,Ibadan,398000,,0
POL-240088,Lagos,431000,,1
POL-207302,Ibadan,445000,,1
POL-104498,Lagos,641000,CLM-01499,1
POL-216141,Ibadan,323000,,0
POL-251641,Abuja,447000,,0
POL-104873,Ibadan,564000,CLM-01624,1
POL-219530,Lagos,462000,,1
POL-225285,Kano,231000,,1
POL-226337,Port Harcourt,228000,,1
POL-210848,Lagos,349000,,1
POL-228017,Port Harcourt,571000,,1
POL-237765,Abuja,299000,,1
POL-256867,Lagos,435000,,0
POL-212901,Kano,239000,,0
POL-211495,Port Harcourt,795000,,0
POL-224238,Lagos,259000,,1
POL-204500,Lagos,343000,,0
POL-251290,Lagos,270000,,1
POL-106302,Lagos,470000,CLM-02100,1
POL-200268,Lagos,240000,,1
POL-224745,Port Harcourt,391000,,1
POL-103951,Port Harcourt,624000,CLM-01317,1
POL-235306,Lagos,200000,,0
POL-205357,Kano,287000,,1
POL-104321,Abuja,458000,CLM-01440,1
POL-240767,Abuja,257000,,1
POL-250645,Kano,189000,,1
POL-220728,Kano,433000,,1
POL-217949,Lagos,340000,,1
POL-235923,Ibadan,214000,,1
POL-238204,Lagos,264000,,1
POL-206561,Abuja,478000,,1
POL-240329,Abuja,262000,,1
POL-208277,Kano,570000,,1
POL-105837,Lagos,524000,CLM-01945,1
POL-100678,Lagos,413000,CLM-00226,0
POL-101671,Abuja,442000,CLM-00557,1
POL-234997,Port Harcourt,512000,,1
POL-250200,Port Harcourt,393000,,0
POL-243129,Abuja,222000,,1
POL-233630,Kano,418000,,1
POL-205867,Ibadan,283000,,1
POL-258926,Ibadan,384000,,1
POL-101226,Ibadan,522000,CLM-00408,1
POL-220059,Lagos,358000,,1
POL-106263,Lagos,484000,CLM-02087,1
POL-237470,Kano,375000,,1
POL-213679,Lagos,249000,,1
POL-106044,Ibadan,528000,CLM-02014,1
POL-255295,Kano,368000,,1
POL-102366,Lagos,488000,CLM-00788,1
POL-104459,Lagos,324000,CLM-01486,1
POL-235249,Kano,362000,,1
POL-257523,Kano,484000,,1
POL-105122,Lagos,242000,CLM-01707,1
POL-242194,Port Harcourt,346000,,0
POL-225771,Lagos,586000,,1
POL-251731,Ibadan,537000,,0
POL-101580,Port Harcourt,617000,CLM-00526,0
POL-232872,Ibadan,290000,,1
POL-244324,Abuja,244000,,1
POL-225591,Kano,386000,,1
POL-257545,Kano,569000,,0
POL-260082,Ibadan,392000,,1
POL-218950,Port Harcourt,430000,,1
POL-222696,Abuja,293000,,1
POL-234408,Lagos,419000,,1
POL-254290,Port Harcourt,246000,,1
POL-223914,Abuja,193000,,1
POL-101532,Lagos,267000,CLM-00510,1
POL-101966,Kano,260000,CLM-00655,0
POL-221634,Lagos,229000,,1
POL-258456,Kano,497000,,1
POL-211792,Ibadan,472000,,1
POL-103911,Lagos,369000,CLM-01303,1
POL-209274,Abuja,377000,,1
POL-206305,Kano,587000,,1
POL-219126,Ibadan,364000,,1
POL-247870,Ibadan,144000,,1
POL-257359,Abuja,386000,,1
POL-221024,Lagos,266000,,1
POL-102718,Port Harcourt,597000,CLM-00906,1
POL-261037,Lagos,498000,,1
POL-211596,Kano,290000,,0
POL-250500,Port Harcourt,337000,,1
POL-215941,Ibadan,167000,,1
POL-232715,Ibadan,355000,,1
POL-260932,Lagos,271000,,1
POL-106484,Kano,432000,CLM-02161,1
POL-218572,Port Harcourt,489000,,1
POL-262119,Kano,321000,,0
POL-241339,Ibadan,256000,,1
POL-100486,Lagos,500000,CLM-00162,1
POL-250784,Lagos,343000,,1
POL-260037,Abuja,301000,,1
POL-237457,Lagos,232000,,1
POL-245669,Port Harcourt,398000,,1
POL-234815,Lagos,133000,,0
POL-101385,Lagos,262000,CLM-00461,1
POL-104237,Ibadan,569000,CLM-01412,0
POL-106099,Lagos,220000,CLM-02033,0
POL-220550,Ibadan,1230000,,1
POL-100111,Port Harcourt,313000,CLM-00037,1
POL-224144,Port Harcourt,353000,,1
POL-214614,Lagos,503000,,1
POL-246405,Lagos,191000,,1
POL-102334,Abuja,281000,CLM-00778,0
POL-106547,Kano,484000,CLM-02182,1
POL-212713,Ibadan,355000,,0
POL-260643,Port Harcourt,404000,,1
POL-208754,Lagos,568000,,1
POL-226690,Ibadan,576000,,0
POL-227542,Lagos,310000,,1
POL-103117,Lagos,312000,CLM-01039,1
POL-217705,Abuja,394000,,0
POL-225738,Lagos,508000,,1
POL-102625,Lagos,310000,CLM-00875,0
POL-257886,Lagos,187000,,1
POL-209889,Lagos,411000,,1
POL-200905,Port Harcourt,527000,,1
POL-209090,Ibadan,186000,,1
POL-222933,Lagos,287000,,1
POL-100828,Port Harcourt,611000,CLM-00276,0
POL-202960,Kano,417000,,0
POL-236954,Abuja,543000,,1
POL-233471,Lagos,473000,,1
POL-235559,Port Harcourt,695000,,1
POL-200156,Lagos,290000,,1
POL-101235,Abuja,319000,CLM-00411,0
POL-218956,Abuja,212000,,1
POL-260635,Abuja,427000,,1
POL-101352,Lagos,472000,CLM-00450,1
POL-105622,Port Harcourt,270000,CLM-01874,1
POL-102549,Port Harcourt,196000,CLM-00849,1
POL-217842,Lagos,548000,,1
POL-228821,Abuja,390000,,1
POL-100364,Abuja,358000,CLM-00121,1
POL-248125,Ibadan,398000,,1
POL-101952,Lagos,285000,CLM-00650,1
POL-207785,Lagos,289000,,0
POL-232387,Kano,500000,,1
POL-206610,Lagos,346000,,1
POL-255735,Lagos,159000,,1
POL-234775,Port Harcourt,688000,,1
POL-101445,Lagos,471000,CLM-00481,1
POL-248616,Kano,302000,,1
POL-105757,Lagos,451000,CLM-01919,1
POL-257106,Ibadan,352000,,1
POL-232220,Lagos,491000,,1
POL-104428,Kano,636000,CLM-01476,1
POL-101577,Kano,409000,CLM-00525,1
POL-262296,Lagos,246000,,1
POL-213465,Lagos,409000,,1
POL-103053,Lagos,490000,CLM-01017,0
POL-202506,Abuja,238000,,1
POL-251313,Lagos,392000,,1
POL-246884,Port Harcourt,409000,,0
POL-101609,Abuja,252000,CLM-00536,1
POL-253469,Kano,274000,,1
POL-242187,Lagos,511000,,1
POL-259587,Abuja,305000,,0
POL-223032,Lagos,793000,,1
POL-259934,Lagos,259000,,0
POL-211869,Ibadan,250000,,1
POL-100988,Lagos,514000,CLM-00329,1
POL-244714,Port Harcourt,878000,,1
POL-231161,Lagos,263000,,1
POL-204483,Lagos,622000,,1
POL-106059,Port Harcourt,645000,CLM-02019,0
POL-252728,Kano,531000,,0
POL-253862,Port Harcourt,835000,,0
POL-202302,Port Harcourt,213000,,1
POL-252479,Abuja,640000,,1
POL-237545,Lagos,314000,,0
POL-219982,Lagos,413000,,1
POL-251542,Lagos,180000,,1
POL-213730,Abuja,422000,,1
POL-210182,Kano,350000,,1
POL-206757,Kano,342000,,1
POL-104566,Kano,253000,CLM-01522,1
POL-249357,Lagos,287000,,1
POL-102709,Lagos,224000,CLM-00903,1
POL-236765,Lagos,279000,,1
POL-245015,Lagos,442000,,1
POL-246849,Ibadan,204000,,1
POL-257025,Ibadan,474000,,1
POL-217438,Kano,526000,,1
POL-228572,Lagos,275000,,1
POL-254400,Abuja,394000,,1
POL-231483,Ibadan,175000,,1
POL-241752,Kano,422000,,1
POL-101714,Lagos,415000,CLM-00571,0
POL-243174,Kano,547000,,1
POL-232989,Port Harcourt,160000,,1
POL-202931,Abuja,224000,,1
POL-104026,Abuja,215000,CLM-01342,1
POL-103033,Kano,740000,CLM-01011,1
POL-241246,Abuja,271000,,1
POL-224702,Abuja,623000,,0
POL-215856,Abuja,249000,,1
POL-233927,Abuja,596000,,1
POL-103016,Lagos,309000,CLM-01005,1
POL-230258,Lagos,725000,,1
POL-226035,Lagos,482000,,0
POL-204156,Port Harcourt,548000,,0
POL-215338,Kano,283000,,1
POL-231488,Ibadan,344000,,1
POL-106018,Lagos,235000,CLM-02006,1
POL-241532,Ibadan,470000,,1
POL-250575,Ibadan,325000,,1
POL-104412,Lagos,393000,CLM-01470,1
POL-104078,Kano,360000,CLM-01359,1
POL-233357,Port Harcourt,492000,,1
POL-101569,Port Harcourt,308000,CLM-00523,0
POL-246990,Ibadan,637000,,1
POL-105142,Lagos,573000,CLM-01714,1
POL-106470,Lagos,380000,CLM-02156,1
POL-233306,Ibadan,300000,,1
POL-205005,Abuja,418000,,1
POL-217472,Abuja,726000,,1
POL-233132,Port Harcourt,269000,,1
POL-212037,Abuja,229000,,0
POL-104309,Lagos,307000,CLM-01436,1
POL-225423,Lagos,399000,,0
POL-211915,Kano,326000,,1
POL-226077,Port Harcourt,473000,,1
POL-105030,Ibadan,794000,CLM-01676,1
POL-218528,Kano,179000,,1
POL-214814,Abuja,487000,,1
POL-212825,Lagos,365000,,0
POL-101334,Port Harcourt,273000,CLM-00444,1
POL-223131,Lagos,241000,,0
POL-102797,Port Harcourt,643000,CLM-00932,1
POL-200575,Lagos,261000,,0
POL-207661,Lagos,335000,,0
POL-260374,Kano,338000,,1
POL-219291,Lagos,355000,,0
POL-258896,Kano,219000,,1
POL-221210,Port Harcourt,369000,,1
POL-216070,Lagos,353000,,0
POL-229371,Abuja,469000,,1
POL-216828,Abuja,203000,,1
POL-201817,Port Harcourt,255000,,1
POL-247045,Ibadan,233000,,1
POL-222344,Lagos,445000,,0
POL-230262,Abuja,465000,,1
POL-208776,Lagos,261000,,1
POL-222077,Kano,202000,,0
POL-104132,Lagos,359000,CLM-01377,1
POL-241855,Abuja,248000,,1
POL-256104,Abuja,890000,,1
POL-104571,Lagos,308000,CLM-01523,1
POL-101427,Ibadan,552000,CLM-00475,1
POL-200755,Ibadan,253000,,1
POL-232359,Ibadan,358000,,1
POL-243017,Port Harcourt,274000,,1
POL-249616,Abuja,492000,,1
POL-101803,Abuja,198000,CLM-00601,1
POL-100911,Port Harcourt,327000,CLM-00303,1
POL-220379,Lagos,312000,,1
POL-259282,Ibadan,181000,,1
POL-230279,Lagos,281000,,1
POL-100076,Abuja,973000,CLM-00025,1
POL-230150,Ibadan,730000,,1
POL-231931,Port Harcourt,420000,,1
POL-214262,Abuja,388000,,1
POL-247385,Ibadan,292000,,0
POL-262441,Lagos,330000,,0
POL-217981,Lagos,450000,,0
POL-252196,Lagos,410000,,0
POL-106354,Ibadan,147000,CLM-02118,0
POL-242288,Ibadan,452000,,1
POL-212281,Lagos,394000,,1
POL-102572,Lagos,313000,CLM-00857,1
POL-212065,Lagos,423000,,1
POL-249260,Lagos,204000,,1
POL-230897,Port Harcourt,830000,,1
POL-215884,Port Harcourt,328000,,0
POL-103619,Abuja,541000,CLM-01206,0
POL-238283,Lagos,437000,,1
POL-212031,Kano,349000,,1
POL-102534,Lagos,698000,CLM-00844,0
POL-223218,Lagos,470000,,1
POL-239627,Ibadan,533000,,0
POL-222573,Lagos,410000,,1
POL-210597,Lagos,362000,,1
POL-250903,Abuja,339000,,1
POL-203300,Abuja,647000,,1
POL-217728,Ibadan,450000,,1
POL-204426,Kano,287000,,1
POL-103006,Ibadan,259000,CLM-01002,1
POL-103123,Lagos,251000,CLM-01041,1
POL-102095,Port Harcourt,218000,CLM-00698,0
POL-104542,Port Harcourt,817000,CLM-01514,0
POL-227581,Ibadan,187000,,1
POL-218119,Kano,260000,,0
POL-209799,Abuja,423000,,0
POL-101935,Port Harcourt,378000,CLM-00645,0
POL-236365,Ibadan,379000,,1
POL-201911,Port Harcourt,182000,,0
POL-209778,Port Harcourt,447000,,1
POL-262451,Abuja,247000,,1
POL-106375,Kano,198000,CLM-02125,1
POL-234653,Lagos,645000,,1
POL-235482,Port Harcourt,211000,,1
POL-201776,Abuja,377000,,1
POL-236710,Port Harcourt,274000,,1
POL-209165,Lagos,265000,,1
POL-100024,Lagos,502000,CLM-00008,1
POL-210197,Lagos,399000,,1
POL-246474,Lagos,314000,,1
POL-249701,Lagos,897000,,1
POL-214952,Abuja,451000,,1
POL-220191,Port Harcourt,464000,,1
POL-214811,Abuja,581000,,0
POL-239707,Lagos,315000,,1
POL-221470,Abuja,330000,,0
POL-255968,Kano,406000,,1
POL-106410,Ibadan,273000,CLM-02136,0
POL-212370,Lagos,540000,,1
POL-221671,Lagos,462000,,1
POL-100681,Abuja,264000,CLM-00227,1
POL-255613,Lagos,312000,,1
POL-262778,Lagos,269000,,1
POL-244297,Port Harcourt,340000,,0
POL-102460,Kano,338000,CLM-00820,1
POL-101963,Abuja,363000,CLM-00654,1
POL-208202,Lagos,402000,,1
POL-101948,Lagos,450000,CLM-00649,1
POL-231423,Lagos,272000,,1
POL-218098,Abuja,444000,,1
POL-229632,Abuja,233000,,1
POL-246505,Abuja,568000,,1
POL-221177,Lagos,243000,,0
POL-105269,Abuja,289000,CLM-01756,0
POL-100676,Abuja,521000,CLM-00225,1
POL-237338,Ibadan,526000,,1
POL-252715,Port Harcourt,432000,,1
POL-231049,Ibadan,534000,,1
POL-256094,Kano,400000,,1
POL-260429,Lagos,354000,,1
POL-248791,Abuja,655000,,1
POL-219882,Port Harcourt,277000,,1
POL-246030,Abuja,277000,,1
POL-212661,Port Harcourt,214000,,1
POL-202205,Abuja,304000,,1
POL-251538,Lagos,241000,,0
POL-234000,Port Harcourt,214000,,0
POL-237146,Port Harcourt,329000,,0
POL-103233,Lagos,289000,CLM-01077,0
POL-100853,Kano,451000,CLM-00284,1
POL-218005,Ibadan,264000,,1
POL-228660,Port Harcourt,442000,,1
POL-100153,Ibadan,289000,CLM-00051,0
POL-224126,Lagos,708000,,1
POL-105207,Lagos,701000,CLM-01735,1
POL-255232,Kano,482000,,1
POL-106040,Ibadan,536000,CLM-02013,0
POL-224801,Abuja,467000,,1
POL-251347,Kano,296000,,1
POL-232037,Lagos,826000,,1
POL-202012,Lagos,336000,,1
POL-104758,Lagos,270000,CLM-01586,0
POL-260839,Ibadan,146000,,1
POL-106079,Lagos,261000,CLM-02026,1
POL-214074,Kano,493000,,1
POL-217625,Port Harcourt,691000,,1
POL-247829,Abuja,395000,,1
POL-219320,Abuja,316000,,0
POL-253980,Ibadan,507000,,1
POL-255475,Lagos,124000,,1
POL-226201,Port Harcourt,262000,,0
POL-211070,Ibadan,368000,,1
POL-203645,Ibadan,415000,,1
POL-226764,Lagos,130000,,1
POL-214550,Abuja,149000,,1
POL-227729,Abuja,298000,,1
POL-212052,Port Harcourt,695000,,1
POL-103638,Lagos,286000,CLM-01212,0
POL-236162,Abuja,375000,,1
POL-209973,Port Harcourt,368000,,1
POL-222992,Lagos,461000,,1
POL-256898,Port Harcourt,545000,,1
POL-246757,Ibadan,278000,,1
POL-245198,Kano,365000,,1
POL-218065,Abuja,403000,,1
POL-230358,Abuja,262000,,1
POL-221438,Ibadan,326000,,1
POL-242967,Lagos,761000,,1
POL-224098,Lagos,319000,,0
POL-104276,Lagos,292000,CLM-01425,0
POL-218196,Abuja,267000,,1
POL-202153,Kano,537000,,1
POL-226428,Ibadan,345000,,1
POL-204782,Port Harcourt,589000,,0
POL-105212,Kano,593000,CLM-01737,1
POL-103848,Port Harcourt,308000,CLM-01282,1
POL-104642,Abuja,373000,CLM-01547,1
POL-244195,Abuja,200000,,1
POL-250395,Kano,299000,,1
POL-245997,Lagos,485000,,1
POL-218929,Port Harcourt,391000,,0
POL-212652,Ibadan,465000,,1
POL-102086,Abuja,521000,CLM-00695,1
POL-233496,Ibadan,497000,,1
POL-226263,Kano,336000,,1
POL-102030,Lagos,581000,CLM-00676,1
POL-229451,Lagos,321000,,1
POL-232206,Abuja,558000,,1
POL-103399,Port Harcourt,203000,CLM-01133,1
POL-254671,Port Harcourt,218000,,1
POL-241951,Ibadan,533000,,1
POL-201184,Kano,664000,,1
POL-253665,Kano,446000,,1
POL-251518,Kano,472000,,1
POL-106097,Abuja,295000,CLM-02032,0
POL-225329,Abuja,337000,,1
POL-256919,Lagos,651000,,1
POL-208465,Abuja,686000,,1
POL-206981,Ibadan,344000,,1
POL-213356,Kano,284000,,0
POL-237368,Kano,644000,,0
POL-236963,Abuja,291000,,0
POL-103928,Ibadan,443000,CLM-01309,0
POL-218339,Abuja,496000,,1
POL-223430,Abuja,282000,,1
POL-218207,Lagos,212000,,0
POL-239428,Lagos,386000,,1
POL-103532,Lagos,300000,CLM-01177,0
POL-257774,Lagos,615000,,1
POL-237286,Kano,379000,,0
POL-258956,Lagos,452000,,0
POL-104186,Lagos,148000,CLM-01395,1
POL-231719,Kano,371000,,1
POL-212878,Abuja,485000,,0
POL-232527,Lagos,329000,,0
POL-225507,Abuja,232000,,1
POL-261300,Lagos,296000,,0
POL-207248,Lagos,238000,,1
POL-103576,Lagos,145000,CLM-01192,1
POL-103528,Port Harcourt,282000,CLM-01176,0
POL-105697,Lagos,653000,CLM-01899,0
POL-243049,Lagos,248000,,1
POL-247493,Lagos,422000,,0
POL-229277,Lagos,404000,,1
POL-248071,Lagos,321000,,1
POL-101856,Abuja,676000,CLM-00618,0
POL-227340,Abuja,358000,,1
POL-262128,Abuja,305000,,1
POL-202847,Lagos,755000,,1
POL-236628,Abuja,188000,,1
POL-241614,Ibadan,358000,,1
POL-245691,Lagos,239000,,1
POL-105437,Abuja,454000,CLM-01812,1
POL-241727,Ibadan,370000,,1
POL-256945,Port Harcourt,515000,,1
POL-200562,Lagos,337000,,1
POL-243855,Lagos,652000,,1
POL-219475,Port Harcourt,589000,,1
POL-103555,Ibadan,622000,CLM-01185,1
POL-104554,Abuja,514000,CLM-01518,1
POL-232399,Port Harcourt,337000,,1
POL-104957,Kano,446000,CLM-01652,1
POL-249652,Port Harcourt,401000,,0
POL-210137,Abuja,614000,,1
POL-208312,Port Harcourt,464000,,1
POL-101552,Port Harcourt,419000,CLM-00517,0
POL-102909,Ibadan,351000,CLM-00969,0
POL-227739,Lagos,486000,,1
POL-242632,Lagos,328000,,0
POL-258948,Abuja,310000,,1
POL-220271,Lagos,316000,,1
POL-233040,Port Harcourt,406000,,1
POL-256379,Ibadan,417000,,1
POL-215780,Ibadan,360000,,1
POL-233244,Abuja,540000,,1
POL-105748,Lagos,549000,CLM-01916,1
POL-216310,Port Harcourt,310000,,1
POL-240404,Kano,466000,,0
POL-209139,Lagos,459000,,1
POL-215053,Lagos,310000,,1
POL-220086,Lagos,230000,,0
POL-200686,Lagos,166000,,1
POL-101441,Ibadan,904000,CLM-00480,1
POL-225301,Lagos,201000,,0
POL-202942,Ibadan,612000,,1
POL-255917,Abuja,507000,,0
POL-262206,Port Harcourt,361000,,0
POL-222424,Lagos,393000,,0
POL-214212,Port Harcourt,363000,,1
POL-223764,Port Harcourt,511000,,1
POL-252452,Lagos,474000,,0
POL-212862,Lagos,222000,,1
POL-104797,Port Harcourt,484000,CLM-01599,0
POL-225515,Ibadan,454000,,1
POL-100434,Ibadan,491000,CLM-00144,1
POL-252299,Port Harcourt,348000,,1
POL-100793,Ibadan,326000,CLM-00264,0
POL-202695,Abuja,251000,,1
POL-240998,Lagos,211000,,0
POL-259144,Abuja,618000,,1
POL-255817,Abuja,476000,,1
POL-213267,Lagos,327000,,1
POL-245075,Lagos,411000,,1
POL-237536,Ibadan,210000,,1
POL-253555,Lagos,316000,,1
POL-229216,Lagos,205000,,0
POL-218462,Lagos,142000,,0
POL-253319,Abuja,340000,,1
POL-201026,Lagos,521000,,1
POL-206022,Lagos,340000,,1
POL-253372,Abuja,399000,,0
POL-102804,Port Harcourt,396000,CLM-00934,0
POL-219538,Abuja,183000,,1
POL-213438,Port Harcourt,437000,,0
POL-232115,Lagos,435000,,1
POL-242172,Abuja,255000,,0
POL-209133,Abuja,613000,,1
POL-255023,Kano,255000,,0
POL-238209,Lagos,282000,,1
POL-211752,Port Harcourt,197000,,1
POL-249830,Lagos,459000,,1
POL-209626,Port Harcourt,429000,,1
POL-238344,Abuja,280000,,1
POL-102729,Lagos,471000,CLM-00909,0
POL-218137,Ibadan,1021000,,1
POL-247986,Abuja,400000,,1
POL-212911,Abuja,330000,,1
POL-247107,Abuja,623000,,0
POL-252354,Lagos,686000,,0
POL-224812,Abuja,407000,,1
POL-203264,Lagos,598000,,1
POL-105839,Lagos,503000,CLM-01946,1
POL-250084,Lagos,369000,,1
POL-260047,Kano,243000,,1
POL-255751,Lagos,304000,,1
POL-252849,Lagos,200000,,0
POL-253414,Port Harcourt,644000,,1
POL-214914,Port Harcourt,500000,,1
POL-102761,Lagos,526000,CLM-00920,1
POL-227070,Port Harcourt,335000,,1
POL-213134,Kano,259000,,1
POL-242843,Abuja,141000,,1
POL-101166,Port Harcourt,560000,CLM-00388,1
POL-102267,Lagos,791000,CLM-00755,0
POL-221593,Lagos,265000,,1
POL-203766,Port Harcourt,413000,,1
POL-232980,Abuja,217000,,1
POL-221624,Lagos,640000,,1
POL-241945,Lagos,581000,,1
POL-102121,Lagos,606000,CLM-00707,1
POL-231120,Lagos,566000,,1
POL-233846,Abuja,526000,,0
POL-208436,Lagos,247000,,0
POL-100707,Port Harcourt,578000,CLM-00235,0
POL-204272,Lagos,308000,,1
POL-232487,Lagos,330000,,1
POL-255601,Ibadan,329000,,0
POL-262256,Lagos,251000,,1
POL-255126,Lagos,498000,,1
POL-220856,Lagos,600000,,1
POL-233811,Port Harcourt,478000,,1
POL-232728,Lagos,523000,,1
POL-103710,Abuja,332000,CLM-01236,0
POL-249649,Abuja,508000,,1
POL-254233,Lagos,432000,,1
POL-255915,Ibadan,432000,,1
POL-222995,Ibadan,601000,,1
POL-105042,Abuja,240000,CLM-01680,1
POL-201787,Abuja,201000,,1
POL-212411,Lagos,388000,,0
POL-213334,Port Harcourt,255000,,1
POL-209872,Lagos,622000,,1
POL-242443,Port Harcourt,273000,,1
POL-262698,Kano,990000,,1
POL-233561,Port Harcourt,357000,,1
POL-208498,Lagos,670000,,1
POL-202059,Lagos,198000,,0
POL-254904,Lagos,453000,,0
POL-103886,Kano,417000,CLM-01295,1
POL-237752,Abuja,519000,,1
POL-250832,Abuja,370000,,1
POL-227363,Lagos,272000,,1
POL-214510,Kano,294000,,1
POL-231210,Abuja,250000,,1
POL-213177,Ibadan,465000,,1
POL-243383,Abuja,488000,,1
POL-250428,Lagos,314000,,1
POL-236692,Lagos,276000,,1
POL-106684,Lagos,307000,CLM-02228,1
POL-243555,Lagos,277000,,0
POL-101535,Lagos,98000,CLM-00511,1
POL-221153,Ibadan,716000,,1
POL-240429,Abuja,247000,,1
POL-102649,Ibadan,577000,CLM-00883,1
POL-229121,Kano,208000,,0
POL-229882,Kano,205000,,1
POL-256108,Kano,453000,,1
POL-206837,Port Harcourt,306000,,1
POL-210514,Ibadan,486000,,1
POL-240550,Abuja,316000,,1
POL-235781,Ibadan,420000,,1
POL-240140,Abuja,433000,,0
POL-208063,Ibadan,522000,,1
POL-230174,Port Harcourt,413000,,1
POL-104596,Abuja,797000,CLM-01532,1
POL-103902,Lagos,436000,CLM-01300,1
POL-230839,Lagos,322000,,1
POL-258398,Lagos,600000,,0
POL-245675,Lagos,385000,,0
POL-101669,Kano,332000,CLM-00556,1
POL-100324,Lagos,822000,CLM-00108,1
POL-244231,Port Harcourt,347000,,1
POL-101626,Ibadan,597000,CLM-00542,1
POL-226040,Kano,341000,,0
POL-106139,Abuja,264000,CLM-02046,0
POL-254685,Ibadan,453000,,1
POL-201503,Kano,599000,,1
POL-103584,Kano,274000,CLM-01194,1
POL-239659,Abuja,379000,,1
POL-103782,Kano,253000,CLM-01260,1
POL-102745,Ibadan,568000,CLM-00915,1
POL-106460,Lagos,737000,CLM-02153,0
POL-104108,Port Harcourt,348000,CLM-01369,1
POL-255694,Abuja,301000,,1
POL-205969,Port Harcourt,359000,,0
POL-102786,Lagos,311000,CLM-00928,1
POL-242491,Port Harcourt,381000,,1
POL-233796,Port Harcourt,498000,,1
POL-102003,Lagos,545000,CLM-00667,1
POL-212309,Lagos,400000,,1
POL-214477,Lagos,257000,,1
POL-204395,Lagos,324000,,0
POL-254712,Abuja,519000,,1
POL-256906,Kano,371000,,1
POL-248840,Ibadan,480000,,0
POL-255900,Lagos,162000,,0
POL-259192,Kano,303000,,1
POL-228281,Port Harcourt,238000,,1
POL-215830,Lagos,480000,,1
POL-229548,Lagos,617000,,1
POL-237509,Abuja,234000,,1
POL-102540,Lagos,185000,CLM-00846,1
POL-212739,Abuja,401000,,1
POL-235424,Lagos,250000,,1
POL-104512,Port Harcourt,262000,CLM-01504,1
POL-104030,Abuja,377000,CLM-01343,0
POL-254996,Abuja,383000,,0
POL-251962,Abuja,238000,,1
POL-104875,Lagos,252000,CLM-01625,1
POL-257603,Lagos,1095000,,1
POL-222911,Lagos,466000,,1
POL-104123,Abuja,325000,CLM-01374,1
POL-261484,Port Harcourt,465000,,1
POL-262951,Port Harcourt,323000,,1
POL-224296,Port Harcourt,136000,,0
POL-244695,Ibadan,238000,,1
POL-230213,Lagos,404000,,1
POL-229196,Port Harcourt,502000,,1
POL-241843,Abuja,372000,,0
POL-232596,Lagos,423000,,1
POL-219655,Kano,209000,,1
POL-228851,Kano,501000,,0
POL-103145,Lagos,343000,CLM-01048,0
POL-249224,Port Harcourt,391000,,1
POL-252135,Ibadan,453000,,1
POL-101294,Lagos,520000,CLM-00431,1
POL-103014,Abuja,677000,CLM-01004,1
POL-236500,Kano,457000,,0
POL-245367,Port Harcourt,373000,,1
POL-229304,Ibadan,514000,,1
POL-210786,Kano,701000,,1
POL-105563,Lagos,432000,CLM-01854,1
POL-241776,Port Harcourt,350000,,0
POL-225468,Port Harcourt,432000,,0
POL-239640,Ibadan,653000,,1
POL-252737,Lagos,219000,,0
POL-221782,Abuja,343000,,1
POL-212598,Port Harcourt,307000,,0
POL-253360,Abuja,230000,,1
POL-206214,Lagos,446000,,1
POL-214776,Lagos,309000,,1
POL-230682,Lagos,147000,,1
POL-237260,Abuja,686000,,1
POL-249988,Lagos,405000,,1
POL-209762,Abuja,270000,,1
POL-105073,Lagos,203000,CLM-01691,0
POL-202159,Lagos,241000,,1
POL-101202,Port Harcourt,501000,CLM-00400,1
POL-207822,Port Harcourt,288000,,1
POL-231897,Kano,523000,,1
POL-245640,Lagos,165000,,0
POL-252282,Lagos,226000,,1
POL-204367,Port Harcourt,289000,,1
POL-105509,Abuja,536000,CLM-01836,1
POL-234531,Kano,488000,,1
POL-244879,Abuja,216000,,1
POL-256019,Lagos,539000,,1
POL-261351,Ibadan,488000,,1
POL-237239,Kano,297000,,1
POL-105962,Abuja,481000,CLM-01987,1
POL-260504,Ibadan,417000,,1
POL-219529,Abuja,1229000,,1
POL-227053,Kano,264000,,0
POL-103963,Port Harcourt,468000,CLM-01321,0
POL-233868,Abuja,518000,,1
POL-202227,Abuja,339000,,1
POL-217794,Port Harcourt,232000,,0
POL-207800,Port Harcourt,532000,,1
POL-256580,Kano,233000,,1
POL-247711,Kano,215000,,0
POL-251339,Port Harcourt,464000,,1
POL-209597,Port Harcourt,177000,,0
POL-102623,Ibadan,301000,CLM-00874,1
POL-101251,Port Harcourt,185000,CLM-00417,1
POL-246843,Abuja,370000,,0
POL-224441,Abuja,578000,,1
POL-227504,Lagos,436000,,1
POL-200922,Ibadan,230000,,1
POL-101506,Lagos,521000,CLM-00502,1
POL-229522,Lagos,355000,,1
POL-230122,Lagos,269000,,0
POL-234061,Ibadan,488000,,1
POL-234226,Lagos,496000,,1
POL-105322,Kano,273000,CLM-01774,0
POL-254269,Abuja,456000,,1
POL-243167,Port Harcourt,711000,,1
POL-243304,Lagos,140000,,1
POL-256148,Lagos,580000,,1
POL-260790,Port Harcourt,365000,,1
POL-102859,Ibadan,419000,CLM-00953,1
POL-237103,Lagos,213000,,1
POL-206437,Kano,260000,,1
POL-247650,Abuja,423000,,1
POL-101909,Ibadan,321000,CLM-00636,0
POL-225785,Lagos,402000,,1
POL-213354,Port Harcourt,436000,,1
POL-239158,Lagos,403000,,1
POL-216885,Abuja,390000,,0
POL-215421,Lagos,191000,,1
POL-222097,Abuja,263000,,1
POL-240022,Ibadan,210000,,0
POL-205179,Lagos,349000,,1
POL-205200,Abuja,316000,,1
POL-214439,Abuja,264000,,1
POL-105581,Lagos,616000,CLM-01860,0
POL-259796,Ibadan,551000,,1
POL-103260,Ibadan,506000,CLM-01086,1
POL-102281,Ibadan,440000,CLM-00760,1
POL-257952,Lagos,248000,,1
POL-219150,Kano,392000,,1
POL-203615,Lagos,220000,,1
POL-240491,Port Harcourt,179000,,1
POL-259063,Abuja,256000,,0
POL-227898,Port Harcourt,347000,,1
POL-229168,Port Harcourt,317000,,1
POL-202440,Ibadan,473000,,0
POL-218899,Lagos,343000,,1
POL-210145,Lagos,355000,,1
POL-102302,Kano,472000,CLM-00767,1
POL-225484,Ibadan,951000,,1
POL-228370,Kano,178000,,0
POL-258746,Port Harcourt,899000,,1
POL-105633,Lagos,819000,CLM-01877,1
POL-105888,Lagos,238000,CLM-01962,1
POL-210683,Lagos,380000,,1
POL-256317,Abuja,233000,,1
POL-251921,Ibadan,325000,,1
POL-102474,Abuja,279000,CLM-00824,1
POL-102662,Lagos,302000,CLM-00887,1
POL-240683,Lagos,340000,,1
POL-104897,Lagos,278000,CLM-01632,1
POL-101886,Abuja,425000,CLM-00628,1
POL-230516,Lagos,282000,,1
POL-251282,Port Harcourt,405000,,0
POL-217352,Abuja,590000,,1
POL-260066,Lagos,439000,,1
POL-211365,Lagos,210000,,0
POL-208226,Ibadan,406000,,1
POL-237957,Lagos,391000,,1
POL-104698,Ibadan,633000,CLM-01566,0
POL-207080,Abuja,237000,,0
POL-236772,Abuja,458000,,1
POL-218090,Abuja,320000,,0
POL-207186,Abuja,302000,,1
POL-256972,Abuja,221000,,1
POL-223751,Ibadan,286000,,1
POL-257532,Lagos,541000,,0
POL-217556,Lagos,404000,,1
POL-206194,Port Harcourt,316000,,1
POL-245796,Abuja,361000,,0
POL-248495,Port Harcourt,645000,,1
POL-209026,Port Harcourt,645000,,1
POL-233644,Ibadan,558000,,1
POL-100393,Ibadan,362000,CLM-00131,0
POL-216280,Port Harcourt,205000,,1
POL-223825,Ibadan,729000,,1
POL-104450,Lagos,315000,CLM-01483,0
POL-102873,Abuja,509000,CLM-00957,1
POL-248214,Lagos,296000,,1
POL-205672,Lagos,317000,,1
POL-220350,Lagos,136000,,0
POL-206973,Port Harcourt,384000,,1
POL-216583,Kano,390000,,1
POL-223765,Kano,424000,,0
POL-244159,Lagos,277000,,1
POL-244955,Lagos,239000,,1
POL-102314,Lagos,439000,CLM-00771,0
POL-224370,Lagos,502000,,1
POL-215580,Ibadan,471000,,1
POL-256713,Lagos,365000,,1
POL-238074,Lagos,355000,,1
POL-222986,Lagos,325000,,1
POL-102779,Ibadan,410000,CLM-00926,1
POL-223179,Abuja,411000,,1
POL-246448,Abuja,204000,,1
POL-219350,Kano,296000,,1
POL-233400,Lagos,479000,,0
POL-252933,Lagos,261000,,1
POL-105069,Ibadan,160000,CLM-01689,1
POL-224319,Abuja,396000,,1
POL-259465,Ibadan,158000,,1
POL-251018,Abuja,557000,,1
POL-243933,Port Harcourt,198000,,1
POL-236487,Port Harcourt,282000,,1
POL-259404,Port Harcourt,372000,,1
POL-240258,Lagos,453000,,1
POL-224878,Port Harcourt,199000,,1
POL-105018,Ibadan,427000,CLM-01672,1
POL-218399,Kano,291000,,0
POL-248755,Port Harcourt,414000,,1
POL-100759,Lagos,235000,CLM-00253,1
POL-102089,Ibadan,235000,CLM-00696,1
POL-228836,Ibadan,255000,,1
POL-216739,Lagos,370000,,1
POL-200851,Lagos,524000,,1
POL-106653,Abuja,354000,CLM-02217,1
POL-260229,Abuja,248000,,1
POL-259261,Port Harcourt,359000,,1
POL-209967,Port Harcourt,304000,,1
POL-105929,Port Harcourt,581000,CLM-01976,1
POL-213563,Ibadan,210000,,1
POL-104232,Lagos,558000,CLM-01410,1
POL-106047,Ibadan,585000,CLM-02015,1
POL-105845,Lagos,250000,CLM-01948,1
POL-242588,Kano,252000,,1
POL-229556,Ibadan,475000,,1
POL-102924,Lagos,221000,CLM-00974,1
POL-246752,Port Harcourt,273000,,1
POL-200538,Port Harcourt,534000,,1
POL-261698,Ibadan,251000,,1
POL-201857,Lagos,228000,,1
POL-103939,Abuja,390000,CLM-01313,1
POL-253033,Kano,210000,,1
POL-205512,Ibadan,250000,,1
POL-244366,Lagos,349000,,1
POL-202450,Abuja,565000,,0
POL-243967,Kano,259000,,1
POL-250030,Lagos,326000,,1
POL-230507,Lagos,939000,,1
POL-243213,Lagos,283000,,1
POL-104301,Lagos,378000,CLM-01433,1
POL-236264,Lagos,499000,,1
POL-239014,Port Harcourt,335000,,1
POL-231220,Kano,383000,,1
POL-252365,Lagos,218000,,1
POL-225557,Ibadan,363000,,1
POL-102630,Ibadan,688000,CLM-00876,1
POL-228861,Kano,429000,,0
POL-102147,Abuja,488000,CLM-00715,1
POL-234294,Port Harcourt,197000,,1
POL-252326,Lagos,362000,,1
POL-235625,Lagos,331000,,0
POL-205543,Port Harcourt,306000,,1
POL-237358,Abuja,182000,,1
POL-260731,Port Harcourt,324000,,1
POL-211163,Abuja,213000,,1
POL-260385,Abuja,327000,,0
POL-231614,Kano,329000,,1
POL-262680,Abuja,598000,,1
POL-212009,Abuja,205000,,1
POL-226292,Port Harcourt,696000,,1
POL-219828,Abuja,282000,,1
POL-208412,Lagos,387000,,1
POL-216852,Port Harcourt,477000,,0
POL-214720,Port Harcourt,334000,,1
POL-219098,Ibadan,495000,,1
POL-222452,Kano,1103000,,1
POL-260266,Port Harcourt,282000,,1
POL-220426,Lagos,615000,,1
POL-262522,Abuja,322000,,1
POL-105165,Kano,301000,CLM-01721,1
POL-239128,Abuja,484000,,1
POL-221661,Lagos,333000,,1
POL-104840,Lagos,247000,CLM-01613,1
POL-206481,Abuja,292000,,1
POL-212880,Abuja,250000,,0
POL-211666,Kano,292000,,1
POL-222944,Lagos,461000,,1
POL-206135,Lagos,257000,,1
POL-227985,Lagos,308000,,1
POL-246643,Port Harcourt,685000,,1
POL-245627,Abuja,393000,,0
POL-220073,Lagos,320000,,1
POL-248828,Lagos,763000,,1
POL-222240,Lagos,264000,,1
POL-229009,Abuja,1041000,,1
POL-254177,Ibadan,263000,,1
POL-258624,Kano,279000,,1
POL-203110,Lagos,173000,,1
POL-235970,Lagos,422000,,1
POL-215304,Kano,151000,,1
POL-238380,Kano,222000,,1
POL-203776,Lagos,519000,,1
POL-232123,Ibadan,197000,,0
POL-256607,Lagos,376000,,1
POL-244017,Abuja,358000,,0
POL-254772,Abuja,309000,,1
POL-234341,Port Harcourt,475000,,1
POL-229184,Kano,668000,,0
POL-241020,Ibadan,177000,,1
POL-202320,Abuja,244000,,1
POL-104033,Lagos,314000,CLM-01344,1
POL-230348,Abuja,423000,,1
POL-219437,Lagos,479000,,1
POL-222175,Lagos,259000,,1
POL-218992,Kano,375000,,1
POL-213389,Lagos,211000,,1
POL-200622,Lagos,573000,,1
POL-242149,Lagos,458000,,1
POL-218706,Lagos,262000,,0
POL-259225,Abuja,614000,,1
POL-209083,Lagos,558000,,1
POL-104594,Ibadan,431000,CLM-01531,0
POL-203736,Ibadan,326000,,1
POL-224877,Port Harcourt,497000,,1
POL-235613,Lagos,333000,,0
POL-200439,Abuja,509000,,1
POL-261048,Ibadan,586000,,0
POL-103307,Lagos,802000,CLM-01102,1
POL-237223,Lagos,269000,,1
POL-209482,Lagos,580000,,1
POL-224971,Port Harcourt,231000,,1
POL-248679,Kano,326000,,1
POL-213077,Kano,215000,,0
POL-202557,Lagos,456000,,1
POL-226988,Lagos,270000,,1
POL-236104,Port Harcourt,393000,,1
POL-245055,Port Harcourt,858000,,1
POL-250309,Port Harcourt,578000,,0
POL-226715,Abuja,379000,,1
POL-242107,Lagos,544000,,1
POL-210899,Kano,375000,,1
POL-253783,Lagos,481000,,0
POL-242050,Lagos,445000,,1
POL-217367,Lagos,437000,,1
POL-255659,Ibadan,537000,,1
POL-201995,Port Harcourt,252000,,1
POL-253352,Abuja,234000,,1
POL-261241,Abuja,351000,,1
POL-246174,Lagos,583000,,1
POL-208377,Port Harcourt,401000,,1
POL-220988,Ibadan,207000,,1
POL-217924,Ibadan,1257000,,0
POL-105652,Abuja,344000,CLM-01884,1
POL-235712,Lagos,448000,,1
POL-221460,Lagos,347000,,1
POL-247261,Abuja,356000,,1
POL-247946,Lagos,162000,,0
POL-101515,Lagos,543000,CLM-00505,0
POL-252655,Port Harcourt,202000,,1
POL-204766,Lagos,534000,,1
POL-101146,Lagos,299000,CLM-00382,0
POL-245356,Ibadan,345000,,1
POL-212992,Kano,327000,,0
POL-210641,Kano,444000,,0
POL-211005,Abuja,172000,,1
POL-237520,Lagos,210000,,0
POL-241451,Ibadan,708000,,0
POL-221971,Ibadan,230000,,1
POL-102361,Port Harcourt,375000,CLM-00787,0
POL-242254,Kano,777000,,1
POL-103689,Ibadan,401000,CLM-01229,1
POL-261578,Kano,707000,,1
POL-235405,Abuja,255000,,0
POL-102170,Ibadan,498000,CLM-00723,1
POL-242096,Lagos,634000,,1
POL-227712,Port Harcourt,278000,,1
POL-221952,Lagos,351000,,1
POL-202579,Kano,383000,,1
POL-245152,Lagos,385000,,1
POL-237804,Lagos,301000,,1
POL-250655,Abuja,441000,,1
POL-237066,Lagos,620000,,1
POL-237265,Lagos,370000,,1
POL-259620,Ibadan,434000,,1
POL-101348,Kano,293000,CLM-00449,1
POL-205351,Lagos,686000,,1
POL-105515,Kano,460000,CLM-01838,0
POL-238543,Lagos,217000,,1
POL-246287,Abuja,355000,,1
POL-104921,Port Harcourt,530000,CLM-01640,0
POL-221259,Lagos,245000,,0
POL-216439,Kano,191000,,1
POL-100952,Ibadan,391000,CLM-00317,1
POL-236580,Lagos,607000,,1
POL-206124,Lagos,280000,,1
POL-202214,Abuja,317000,,1
POL-200148,Lagos,226000,,1
POL-204940,Lagos,356000,,0
POL-106604,Port Harcourt,275000,CLM-02201,1
POL-207851,Abuja,513000,,1
POL-206203,Kano,195000,,0
POL-207606,Port Harcourt,642000,,0
POL-256982,Lagos,352000,,1
POL-105266,Lagos,308000,CLM-01755,1
POL-240933,Lagos,228000,,0
POL-102522,Ibadan,346000,CLM-00840,1
POL-246649,Kano,179000,,1
POL-245993,Port Harcourt,526000,,1
POL-259923,Port Harcourt,654000,,1
POL-262987,Abuja,340000,,1
POL-217778,Port Harcourt,280000,,1
POL-106290,Ibadan,238000,CLM-02096,1
POL-233536,Ibadan,490000,,1
POL-236733,Kano,286000,,1
POL-205185,Port Harcourt,238000,,1
POL-250907,Port Harcourt,348000,,1
POL-105770,Lagos,310000,CLM-01923,0
POL-250046,Lagos,294000,,1
POL-252511,Abuja,574000,,1
POL-221095,Abuja,530000,,0
POL-101029,Lagos,714000,CLM-00343,1
POL-228622,Ibadan,324000,,1
POL-234154,Ibadan,293000,,1
POL-233078,Port Harcourt,674000,,1
POL-101276,Abuja,200000,CLM-00425,1
POL-254952,Abuja,337000,,1
POL-224962,Kano,412000,,1
POL-208722,Kano,823000,,1
POL-100067,Port Harcourt,422000,CLM-00022,1
POL-215477,Lagos,611000,,1
POL-241425,Port Harcourt,279000,,0
POL-219890,Ibadan,300000,,1
POL-238410,Abuja,602000,,1
POL-217250,Ibadan,623000,,1
POL-221036,Lagos,168000,,0
POL-241560,Abuja,329000,,1
POL-216091,Kano,823000,,1
POL-246717,Lagos,427000,,1
POL-209072,Kano,430000,,1
POL-255869,Ibadan,310000,,1
POL-221198,Ibadan,281000,,1
POL-216174,Port Harcourt,260000,,1
POL-241158,Abuja,291000,,1
POL-203029,Lagos,157000,,1
POL-243538,Port Harcourt,536000,,1
POL-225873,Port Harcourt,452000,,0
POL-229041,Port Harcourt,795000,,1
POL-100015,Port Harcourt,443000,CLM-00005,1
POL-225676,Abuja,295000,,1
POL-204192,Port Harcourt,360000,,0
POL-105103,Lagos,393000,CLM-01701,1
POL-102846,Abuja,329000,CLM-00948,1
POL-105407,Port Harcourt,608000,CLM-01802,0
POL-105802,Ibadan,339000,CLM-01934,0
POL-105098,Abuja,584000,CLM-01699,1
POL-218970,Kano,324000,,1
POL-240029,Ibadan,242000,,1
POL-245144,Ibadan,268000,,1
POL-236741,Kano,290000,,1
POL-103516,Port Harcourt,248000,CLM-01172,1
POL-236429,Port Harcourt,706000,,1
POL-230202,Lagos,382000,,1
POL-247179,Abuja,355000,,0
POL-102763,Lagos,300000,CLM-00921,1
POL-200452,Abuja,195000,,1
POL-256557,Abuja,444000,,0
POL-106060,Lagos,370000,CLM-02020,1
POL-105490,Lagos,457000,CLM-01830,0
POL-238776,Abuja,300000,,1
POL-203724,Kano,335000,,1
POL-255720,Lagos,381000,,0
POL-239902,Abuja,473000,,1
POL-106563,Port Harcourt,427000,CLM-02187,1
POL-202913,Ibadan,194000,,1
POL-207158,Abuja,667000,,1
POL-242196,Lagos,343000,,1
POL-206509,Abuja,645000,,1
POL-100581,Port Harcourt,209000,CLM-00193,0
POL-103971,Lagos,474000,CLM-01323,1
POL-262406,Lagos,253000,,0
POL-232259,Lagos,315000,,1
POL-207038,Abuja,326000,,1
POL-100658,Lagos,599000,CLM-00219,1
POL-236496,Kano,432000,,1
POL-225035,Abuja,561000,,1
POL-106488,Ibadan,304000,CLM-02162,1
POL-105126,Ibadan,469000,CLM-01708,0
POL-236345,Port Harcourt,617000,,1
POL-251679,Lagos,713000,,1
POL-102382,Abuja,463000,CLM-00794,0
POL-205507,Ibadan,371000,,1
POL-236131,Lagos,293000,,1
POL-229652,Lagos,448000,,1
POL-256885,Lagos,370000,,0
POL-228840,Ibadan,165000,,1
POL-103253,Lagos,393000,CLM-01084,1
POL-106570,Port Harcourt,331000,CLM-02190,1
POL-239614,Abuja,571000,,1
POL-106677,Abuja,765000,CLM-02225,1
POL-249048,Lagos,248000,,1
POL-234442,Ibadan,304000,,1
POL-208170,Ibadan,570000,,1
POL-246034,Lagos,335000,,0
POL-255877,Lagos,531000,,1
POL-214901,Lagos,121000,,0
POL-225222,Lagos,372000,,1
POL-238571,Kano,361000,,1
POL-238631,Port Harcourt,168000,,1
POL-216668,Kano,530000,,1
POL-101813,Abuja,452000,CLM-00604,1
POL-100954,Lagos,352000,CLM-00318,0
POL-233820,Lagos,305000,,1
POL-219428,Port Harcourt,280000,,0
POL-201362,Lagos,301000,,0
POL-262463,Lagos,371000,,1
POL-101238,Lagos,448000,CLM-00412,1
POL-262544,Port Harcourt,261000,,1
POL-233139,Port Harcourt,637000,,1
POL-200953,Lagos,670000,,1
POL-202104,Ibadan,369000,,1
POL-100977,Abuja,369000,CLM-00325,1
POL-231774,Lagos,511000,,1
POL-228881,Abuja,581000,,1
POL-233118,Ibadan,440000,,1
POL-235136,Abuja,535000,,1
POL-238121,Lagos,497000,,0
POL-206107,Kano,310000,,1
POL-101036,Ibadan,383000,CLM-00345,1
POL-252026,Lagos,260000,,1
POL-230555,Abuja,510000,,1
POL-100633,Kano,129000,CLM-00211,1
POL-101994,Lagos,341000,CLM-00664,1
POL-240347,Lagos,313000,,0
POL-262700,Port Harcourt,311000,,1
POL-262331,Port Harcourt,459000,,1
POL-248891,Kano,243000,,0
POL-106598,Ibadan,295000,CLM-02199,1
POL-200048,Abuja,254000,,1
POL-242596,Lagos,491000,,0
POL-239863,Lagos,586000,,1
POL-258427,Kano,346000,,0
POL-226822,Lagos,211000,,1
POL-218491,Abuja,295000,,1
POL-212315,Port Harcourt,347000,,0
POL-204453,Kano,444000,,1
POL-205614,Lagos,346000,,1
POL-240980,Kano,402000,,0
POL-241176,Lagos,482000,,1
POL-231681,Lagos,565000,,1
POL-218550,Abuja,452000,,1
POL-106452,Kano,863000,CLM-02150,1
POL-201444,Port Harcourt,412000,,1
POL-200386,Abuja,619000,,1
POL-229063,Port Harcourt,419000,,1
POL-102566,Port Harcourt,590000,CLM-00855,1
POL-104673,Ibadan,411000,CLM-01557,1
POL-213896,Port Harcourt,143000,,1
POL-253626,Abuja,421000,,1
POL-210057,Abuja,344000,,1
POL-261670,Kano,428000,,0
POL-248395,Abuja,566000,,1
POL-204259,Port Harcourt,374000,,1
POL-262156,Port Harcourt,255000,,1
POL-249802,Abuja,390000,,1
POL-217288,Lagos,328000,,0
POL-243200,Ibadan,275000,,1
POL-252230,Kano,180000,,1
POL-255518,Abuja,276000,,0
POL-232096,Abuja,461000,,1
POL-204545,Port Harcourt,188000,,1
POL-231805,Lagos,575000,,0
POL-210306,Abuja,398000,,0
POL-208189,Abuja,347000,,1
POL-102505,Lagos,731000,CLM-00835,1
POL-233012,Port Harcourt,362000,,0
POL-241182,Lagos,320000,,1
POL-260569,Kano,590000,,1
POL-210433,Lagos,348000,,1
POL-205277,Abuja,267000,,1
POL-201734,Port Harcourt,165000,,1
POL-215512,Abuja,316000,,1
POL-104729,Lagos,497000,CLM-01576,0
POL-254668,Lagos,459000,,0
POL-226224,Abuja,274000,,1
POL-204184,Abuja,349000,,1
POL-248868,Port Harcourt,248000,,1
POL-254021,Kano,263000,,1
POL-101097,Abuja,584000,CLM-00365,1
POL-234271,Lagos,203000,,1
POL-228529,Abuja,637000,,1
POL-208544,Abuja,220000,,1
POL-255828,Abuja,470000,,1
POL-249662,Abuja,267000,,1
POL-102835,Abuja,501000,CLM-00945,1
POL-104157,Port Harcourt,277000,CLM-01385,1
POL-106441,Port Harcourt,488000,CLM-02147,1
POL-256632,Abuja,256000,,0
POL-229710,Ibadan,389000,,1
POL-104599,Port Harcourt,475000,CLM-01533,1
POL-250050,Port Harcourt,417000,,1
POL-244805,Lagos,398000,,0
POL-252975,Lagos,236000,,1
POL-208353,Kano,251000,,1
POL-245625,Lagos,443000,,1
POL-200429,Abuja,417000,,0
POL-251050,Lagos,282000,,1
POL-203419,Abuja,250000,,1
POL-227587,Kano,486000,,1
POL-208924,Ibadan,209000,,1
POL-223976,Lagos,352000,,1
POL-213697,Lagos,356000,,1
POL-201679,Lagos,591000,,1
POL-250039,Port Harcourt,305000,,1
POL-230980,Abuja,330000,,1
POL-101403,Abuja,603000,CLM-00467,1
POL-220328,Abuja,358000,,1
POL-216282,Ibadan,238000,,1
POL-103694,Lagos,712000,CLM-01231,1
POL-248838,Abuja,301000,,0
POL-105676,Lagos,393000,CLM-01892,0
POL-252496,Port Harcourt,825000,,1
POL-104048,Port Harcourt,591000,CLM-01349,1
POL-102464,Ibadan,473000,CLM-00821,0
POL-243620,Port Harcourt,495000,,0
POL-106146,Kano,282000,CLM-02048,1
POL-216160,Abuja,369000,,0
POL-202739,Ibadan,865000,,0
POL-213339,Abuja,244000,,1
POL-262074,Lagos,210000,,1
POL-203091,Abuja,481000,,1
POL-102198,Lagos,448000,CLM-00732,1
POL-211388,Port Harcourt,477000,,0
POL-203557,Ibadan,660000,,1
POL-103362,Lagos,482000,CLM-01120,1
POL-231882,Port Harcourt,173000,,1
POL-219781,Port Harcourt,263000,,1
POL-101005,Lagos,273000,CLM-00335,1
POL-103481,Lagos,325000,CLM-01160,1
POL-204144,Lagos,256000,,1
POL-251686,Abuja,212000,,1
POL-213881,Port Harcourt,213000,,1
POL-230805,Abuja,179000,,1
POL-230195,Abuja,223000,,1
POL-250135,Lagos,146000,,1
POL-211051,Ibadan,236000,,1
POL-100636,Kano,239000,CLM-00212,1
POL-253504,Abuja,295000,,0
POL-103535,Lagos,335000,CLM-01178,1
POL-256656,Lagos,509000,,1
POL-237935,Abuja,191000,,0
POL-252305,Lagos,379000,,1
POL-226637,Ibadan,287000,,1
POL-103728,Abuja,236000,CLM-01242,1
POL-104619,Lagos,662000,CLM-01539,0
POL-101680,Port Harcourt,354000,CLM-00560,1
POL-101582,Lagos,525000,CLM-00527,0
POL-247466,Port Harcourt,217000,,1
POL-100785,Lagos,434000,CLM-00261,1
POL-103924,Abuja,446000,CLM-01308,0
POL-249080,Lagos,731000,,1
POL-237883,Kano,566000,,1
POL-102493,Port Harcourt,559000,CLM-00831,0
POL-101157,Kano,1159000,CLM-00385,0
POL-234905,Port Harcourt,433000,,1
POL-223523,Abuja,315000,,1
POL-101145,Ibadan,313000,CLM-00381,0
POL-208589,Port Harcourt,343000,,1
POL-101684,Lagos,256000,CLM-00561,1
POL-246304,Lagos,177000,,1
POL-225266,Abuja,281000,,0
POL-261982,Lagos,705000,,1
POL-202614,Abuja,338000,,1
POL-105599,Ibadan,452000,CLM-01866,0
POL-211700,Ibadan,152000,,1
POL-101244,Kano,301000,CLM-00414,0
POL-239508,Lagos,468000,,1
POL-206988,Port Harcourt,342000,,1
POL-203325,Lagos,660000,,0
POL-257707,Abuja,452000,,1
POL-258536,Lagos,841000,,1
POL-226626,Lagos,124000,,0
POL-250556,Lagos,340000,,0
POL-246863,Port Harcourt,297000,,1
POL-248629,Ibadan,290000,,1
POL-241977,Kano,460000,,1
POL-205404,Ibadan,309000,,1
POL-201090,Abuja,505000,,1
POL-259016,Abuja,284000,,1
POL-204530,Ibadan,677000,,1
POL-211407,Kano,466000,,1
POL-233234,Abuja,224000,,1
POL-235833,Port Harcourt,463000,,1
POL-100260,Port Harcourt,1035000,CLM-00086,1
POL-216471,Abuja,350000,,1
POL-106137,Abuja,329000,CLM-02045,1
POL-243153,Ibadan,472000,,1
POL-104746,Port Harcourt,389000,CLM-01582,1
POL-233875,Kano,319000,,1
POL-103812,Abuja,602000,CLM-01270,1
POL-236919,Lagos,178000,,1
POL-260618,Lagos,250000,,1
POL-259414,Port Harcourt,855000,,1
POL-210279,Ibadan,237000,,1
POL-203470,Lagos,338000,,1
POL-100273,Abuja,488000,CLM-00091,1
POL-260332,Ibadan,282000,,1
POL-244585,Ibadan,578000,,1
POL-211044,Lagos,449000,,1
POL-231062,Abuja,497000,,1
POL-212567,Port Harcourt,492000,,1
POL-214490,Lagos,646000,,1
POL-241505,Ibadan,361000,,1
POL-104645,Lagos,419000,CLM-01548,0
POL-105786,Lagos,650000,CLM-01928,0
POL-237996,Abuja,288000,,1
POL-209844,Port Harcourt,681000,,1
POL-208305,Ibadan,274000,,1
POL-102448,Lagos,560000,CLM-00816,0
POL-236661,Lagos,476000,,0
POL-102555,Ibadan,415000,CLM-00851,1
POL-249121,Lagos,273000,,1
POL-214257,Lagos,283000,,1
POL-223733,Port Harcourt,336000,,1
POL-216602,Port Harcourt,308000,,1
POL-224171,Ibadan,363000,,1
POL-101638,Kano,720000,CLM-00546,1
POL-252265,Abuja,310000,,1
POL-245406,Port Harcourt,313000,,1
POL-244841,Abuja,348000,,1
POL-249383,Lagos,367000,,1
POL-101080,Abuja,803000,CLM-00360,0
POL-215909,Ibadan,292000,,1
POL-212951,Port Harcourt,561000,,1
POL-210452,Abuja,209000,,1
POL-218201,Kano,607000,,1
POL-230248,Port Harcourt,360000,,1
POL-211641,Lagos,388000,,1
POL-215734,Ibadan,379000,,1
POL-103128,Abuja,845000,CLM-01042,0
POL-102022,Kano,279000,CLM-00674,1
POL-211807,Abuja,276000,,1
POL-246905,Lagos,286000,,0
POL-245491,Lagos,289000,,1
POL-237982,Abuja,476000,,0
POL-100886,Ibadan,388000,CLM-00295,1
POL-209907,Ibadan,511000,,1
POL-102166,Ibadan,352000,CLM-00722,1
POL-208296,Lagos,493000,,0
POL-243831,Ibadan,439000,,1
POL-221329,Kano,908000,,0
POL-251328,Lagos,245000,,1
POL-243268,Kano,209000,,1
POL-104911,Lagos,544000,CLM-01637,0
POL-250921,Abuja,190000,,1
POL-222688,Lagos,321000,,1
POL-256275,Lagos,455000,,1
POL-231623,Lagos,348000,,1
POL-200028,Abuja,413000,,1
POL-259784,Lagos,700000,,1
POL-220565,Lagos,387000,,1
POL-215468,Lagos,385000,,1
POL-244050,Port Harcourt,355000,,0
POL-223477,Lagos,453000,,1
POL-229089,Lagos,280000,,1
POL-248084,Port Harcourt,310000,,1
POL-259000,Port Harcourt,749000,,1
POL-232449,Lagos,270000,,1
POL-101548,Ibadan,412000,CLM-00516,1
POL-100894,Abuja,251000,CLM-00298,0
POL-253704,Ibadan,435000,,1
POL-256362,Lagos,638000,,1
POL-262688,Lagos,318000,,1
POL-209985,Lagos,285000,,1
POL-244612,Lagos,385000,,1
POL-245442,Ibadan,234000,,1
POL-102813,Kano,307000,CLM-00937,0
POL-102754,Lagos,404000,CLM-00918,1
POL-232436,Lagos,529000,,1
POL-223020,Port Harcourt,358000,,1
POL-208392,Port Harcourt,469000,,1
POL-106024,Abuja,423000,CLM-02008,1
POL-203720,Lagos,395000,,1
POL-245821,Lagos,387000,,1
POL-106371,Lagos,278000,CLM-02123,1
POL-242297,Abuja,268000,,1
POL-209743,Lagos,298000,,1
POL-105339,Lagos,506000,CLM-01779,1
POL-215044,Lagos,392000,,1
POL-260451,Kano,201000,,1
POL-247515,Ibadan,457000,,1
POL-105428,Kano,316000,CLM-01809,1
POL-104781,Port Harcourt,215000,CLM-01593,0
POL-206684,Port Harcourt,428000,,0
POL-201069,Ibadan,372000,,1
POL-104639,Lagos,391000,CLM-01546,0
POL-240729,Lagos,439000,,1
POL-103861,Port Harcourt,518000,CLM-01287,1
POL-101139,Ibadan,269000,CLM-00379,0
POL-260127,Lagos,297000,,1
POL-201977,Lagos,355000,,1
POL-212214,Abuja,227000,,1
POL-201179,Kano,835000,,0
POL-104740,Abuja,591000,CLM-01580,1
POL-202823,Lagos,305000,,1
POL-232825,Lagos,431000,,0
POL-211615,Abuja,397000,,1
POL-246111,Lagos,183000,,0
POL-255625,Lagos,248000,,1
POL-106054,Kano,480000,CLM-02018,0
POL-104166,Lagos,582000,CLM-01388,0
POL-215310,Lagos,153000,,0
POL-101943,Lagos,254000,CLM-00647,1
POL-203537,Port Harcourt,343000,,1
POL-200527,Lagos,267000,,0
POL-223417,Port Harcourt,283000,,1
POL-104775,Lagos,358000,CLM-01591,1
POL-243185,Abuja,460000,,1
POL-230625,Ibadan,201000,,1
POL-239886,Lagos,286000,,1
POL-200960,Kano,260000,,0
POL-215748,Lagos,313000,,0
POL-208898,Lagos,346000,,1
POL-208948,Lagos,450000,,1
POL-249874,Port Harcourt,392000,,1
POL-101689,Lagos,163000,CLM-00563,1
POL-104435,Lagos,362000,CLM-01478,0
POL-219035,Abuja,367000,,1
POL-209418,Kano,645000,,1
POL-203797,Abuja,549000,,1
POL-224532,Port Harcourt,267000,,1
POL-210257,Lagos,274000,,0
POL-249385,Lagos,283000,,1
POL-233545,Port Harcourt,613000,,1
POL-102753,Abuja,323000,CLM-00917,0
POL-244423,Port Harcourt,668000,,1
POL-102905,Kano,284000,CLM-00968,1
POL-215711,Lagos,153000,,1
POL-236353,Port Harcourt,213000,,1
POL-105743,Lagos,445000,CLM-01914,1
POL-246362,Abuja,341000,,0
POL-213848,Lagos,364000,,1
POL-240181,Abuja,389000,,1
POL-102397,Lagos,303000,CLM-00799,1
POL-245556,Lagos,497000,,1
POL-206035,Lagos,254000,,1
POL-201960,Port Harcourt,387000,,1
POL-205091,Abuja,338000,,1
POL-246959,Lagos,358000,,1
POL-250947,Lagos,238000,,1
POL-102471,Port Harcourt,700000,CLM-00823,1
POL-203004,Abuja,512000,,1
POL-257366,Lagos,329000,,0
POL-207085,Kano,289000,,0
POL-215176,Lagos,456000,,0
POL-200678,Ibadan,397000,,1
POL-262734,Abuja,409000,,1
POL-239295,Port Harcourt,456000,,1
POL-248523,Ibadan,347000,,0
POL-258779,Lagos,312000,,1
POL-102369,Lagos,406000,CLM-00789,1
POL-232844,Port Harcourt,348000,,0
POL-202752,Kano,378000,,0
POL-218747,Port Harcourt,672000,,1
POL-259598,Lagos,268000,,1
POL-105965,Abuja,352000,CLM-01988,0
POL-103903,Ibadan,375000,CLM-01301,1
POL-234777,Ibadan,338000,,1
POL-221760,Lagos,354000,,1
POL-231183,Lagos,347000,,1
POL-104051,Lagos,658000,CLM-01350,0
POL-224643,Lagos,538000,,1
POL-233938,Abuja,302000,,1
POL-244982,Ibadan,424000,,1
POL-224592,Ibadan,208000,,1
POL-225205,Lagos,342000,,0
POL-244925,Ibadan,444000,,1
POL-223673,Abuja,388000,,1
POL-237899,Port Harcourt,145000,,1
POL-101355,Abuja,516000,CLM-00451,0
POL-101093,Port Harcourt,409000,CLM-00364,0
POL-252067,Port Harcourt,439000,,1
POL-103691,Lagos,582000,CLM-01230,1
POL-260500,Kano,450000,,1
POL-257828,Lagos,180000,,1
POL-233411,Lagos,483000,,1
POL-247769,Port Harcourt,523000,,1
POL-219733,Ibadan,381000,,1
POL-231227,Lagos,572000,,1
POL-245421,Abuja,757000,,0
POL-246236,Lagos,448000,,1
POL-220813,Kano,295000,,1
POL-101996,Lagos,335000,CLM-00665,1
POL-248007,Port Harcourt,290000,,1
POL-242164,Abuja,277000,,1
POL-200650,Ibadan,269000,,1
POL-201047,Port Harcourt,428000,,0
POL-217329,Ibadan,304000,,1
POL-253543,Lagos,138000,,1
POL-230446,Lagos,358000,,1
POL-106213,Lagos,200000,CLM-02071,1
POL-230340,Ibadan,606000,,1
POL-102599,Lagos,572000,CLM-00866,0
POL-237430,Abuja,231000,,1
POL-227657,Lagos,512000,,1
POL-106051,Kano,217000,CLM-02017,1
POL-233176,Kano,166000,,1
POL-205208,Port Harcourt,181000,,1
POL-100119,Kano,474000,CLM-00039,1
POL-225744,Lagos,324000,,1
POL-200726,Lagos,367000,,1
POL-261065,Kano,456000,,1
POL-211558,Port Harcourt,474000,,0
POL-261643,Lagos,389000,,1
POL-229083,Abuja,558000,,0
POL-239137,Abuja,252000,,1
POL-257750,Ibadan,256000,,1
POL-209121,Ibadan,385000,,1
POL-220077,Port Harcourt,303000,,0
POL-257037,Port Harcourt,324000,,1
POL-240560,Lagos,376000,,1
POL-261966,Abuja,256000,,1
POL-257843,Kano,338000,,1
POL-248925,Kano,312000,,1
POL-232189,Abuja,219000,,1
POL-207719,Lagos,577000,,1
POL-200784,Lagos,256000,,1
POL-240639,Port Harcourt,456000,,1
POL-250308,Lagos,345000,,1
POL-209918,Lagos,372000,,1
POL-201846,Lagos,516000,,1
POL-240633,Lagos,359000,,1
POL-237289,Kano,262000,,1
POL-235033,Lagos,199000,,1
POL-226177,Ibadan,416000,,1
POL-218925,Kano,195000,,1
POL-222854,Kano,370000,,1
POL-204821,Lagos,404000,,1
POL-104370,Abuja,360000,CLM-01456,1
POL-214779,Kano,467000,,0
POL-238538,Port Harcourt,192000,,1
POL-237614,Abuja,582000,,0
POL-252896,Port Harcourt,449000,,0
POL-104046,Kano,366000,CLM-01348,1
POL-105680,Lagos,553000,CLM-01893,1
POL-238023,Lagos,369000,,1
POL-220022,Ibadan,332000,,1
POL-103502,Ibadan,339000,CLM-01167,1
POL-235980,Port Harcourt,339000,,1
POL-103384,Port Harcourt,399000,CLM-01128,1
POL-250639,Abuja,344000,,1
POL-224254,Lagos,577000,,1
POL-245299,Lagos,492000,,1
POL-262634,Port Harcourt,366000,,1
POL-225629,Kano,396000,,1
POL-105094,Lagos,342000,CLM-01698,0
POL-103198,Ibadan,656000,CLM-01066,1
POL-218262,Ibadan,477000,,1
POL-106696,Abuja,230000,CLM-02232,1
POL-250860,Kano,273000,,1
POL-201623,Lagos,463000,,1
POL-102759,Ibadan,810000,CLM-00919,1
POL-240271,Lagos,267000,,0
POL-260732,Abuja,340000,,1
POL-254182,Ibadan,270000,,1
POL-234254,Abuja,507000,,0
POL-105977,Lagos,334000,CLM-01992,1
POL-102576,Lagos,660000,CLM-00858,1
POL-230494,Lagos,525000,,1
POL-227725,Lagos,361000,,0
POL-250625,Lagos,470000,,1
POL-234680,Port Harcourt,334000,,1
POL-236403,Lagos,328000,,1
POL-261694,Port Harcourt,288000,,0
POL-223936,Port Harcourt,523000,,0
POL-242731,Lagos,528000,,1
POL-228111,Abuja,132000,,0
POL-204723,Kano,257000,,1
POL-202888,Lagos,186000,,0
POL-221913,Port Harcourt,426000,,1
POL-202269,Lagos,130000,,0
POL-101041,Lagos,417000,CLM-00347,1
POL-100517,Lagos,444000,CLM-00172,1
POL-201219,Port Harcourt,384000,,1
POL-226864,Abuja,355000,,1
POL-220884,Lagos,380000,,1
POL-236061,Lagos,428000,,1
POL-226917,Lagos,410000,,0
POL-100218,Lagos,301000,CLM-00072,1
POL-260709,Lagos,596000,,1
POL-255534,Lagos,332000,,1
POL-258651,Abuja,248000,,1
POL-104151,Lagos,524000,CLM-01383,1
POL-105107,Lagos,370000,CLM-01702,1
POL-251877,Lagos,354000,,1
POL-220450,Abuja,417000,,0
POL-103333,Abuja,562000,CLM-01111,1
POL-203543,Port Harcourt,399000,,1
POL-249557,Kano,574000,,1
POL-206994,Lagos,462000,,1
POL-102235,Ibadan,445000,CLM-00745,1
POL-241658,Lagos,201000,,1
POL-226754,Port Harcourt,168000,,1
POL-237375,Port Harcourt,523000,,0
POL-227787,Abuja,250000,,1
POL-204322,Abuja,554000,,1
POL-251185,Kano,450000,,1
POL-255840,Lagos,461000,,1
POL-238060,Port Harcourt,284000,,1
POL-225028,Abuja,219000,,1
POL-222702,Abuja,282000,,1
POL-249213,Lagos,324000,,1
POL-260287,Lagos,475000,,1
POL-238487,Abuja,440000,,0
POL-201472,Ibadan,687000,,1
POL-106643,Lagos,445000,CLM-02214,1
POL-200941,Lagos,872000,,1
POL-253524,Lagos,555000,,1
POL-240075,Port Harcourt,336000,,1
POL-202471,Ibadan,353000,,1
POL-243207,Lagos,315000,,1
POL-253270,Lagos,880000,,1
POL-102172,Lagos,609000,CLM-00724,0
POL-232774,Ibadan,395000,,1
POL-230605,Port Harcourt,240000,,1
POL-104793,Port Harcourt,400000,CLM-01597,0
POL-231129,Lagos,245000,,0
POL-257269,Ibadan,222000,,1
POL-227207,Abuja,323000,,1
POL-102140,Port Harcourt,222000,CLM-00713,0
POL-221291,Abuja,885000,,0
POL-103513,Lagos,632000,CLM-01171,1
POL-200611,Port Harcourt,302000,,0
POL-106640,Kano,649000,CLM-02213,1
POL-239792,Kano,352000,,1
POL-258356,Ibadan,447000,,0
POL-261523,Port Harcourt,215000,,0
POL-209525,Port Harcourt,310000,,1
POL-205845,Port Harcourt,293000,,1
POL-102722,Port Harcourt,493000,CLM-00907,1
POL-230107,Port Harcourt,317000,,1
POL-200583,Abuja,255000,,1
POL-214908,Lagos,248000,,1
POL-234334,Abuja,376000,,0
POL-230834,Lagos,443000,,1
POL-231829,Abuja,241000,,1
POL-215277,Kano,287000,,1
POL-106419,Abuja,424000,CLM-02139,1
POL-103497,Ibadan,852000,CLM-01165,1
POL-200124,Abuja,613000,,0
POL-253070,Kano,289000,,1
POL-202032,Kano,444000,,1
POL-241925,Ibadan,472000,,0
POL-244717,Lagos,168000,,1
POL-104636,Port Harcourt,558000,CLM-01545,1
POL-100108,Port Harcourt,554000,CLM-00036,1
POL-222209,Lagos,566000,,0
POL-103540,Lagos,351000,CLM-01180,1
POL-204004,Port Harcourt,283000,,1
POL-210943,Abuja,1211000,,1
POL-218678,Lagos,420000,,1
POL-233325,Abuja,225000,,1
POL-209892,Lagos,543000,,0
POL-251997,Lagos,369000,,1
POL-228397,Lagos,359000,,0
POL-259763,Abuja,446000,,1
POL-201271,Abuja,313000,,1
POL-258494,Lagos,295000,,0
POL-104239,Port Harcourt,202000,CLM-01413,1
POL-100061,Kano,693000,CLM-00020,1
POL-254000,Abuja,210000,,1
POL-218157,Ibadan,411000,,1
POL-207162,Kano,370000,,1
POL-230319,Port Harcourt,405000,,1
POL-219365,Lagos,373000,,1
POL-234982,Port Harcourt,221000,,1
POL-247253,Abuja,148000,,1
POL-102781,Port Harcourt,277000,CLM-00927,0
POL-259931,Abuja,367000,,1
POL-249951,Abuja,224000,,1
POL-103095,Abuja,560000,CLM-01031,1
POL-253767,Abuja,763000,,1
POL-240837,Lagos,678000,,1
POL-230301,Lagos,263000,,1
POL-258152,Port Harcourt,297000,,1
POL-207683,Lagos,470000,,1
POL-218498,Port Harcourt,448000,,1
POL-209686,Lagos,222000,,0
POL-103405,Lagos,238000,CLM-01135,0
POL-205785,Lagos,480000,,1
POL-240903,Abuja,414000,,1
POL-257620,Lagos,348000,,1
POL-234800,Port Harcourt,456000,,1
POL-211138,Port Harcourt,579000,,1
POL-250691,Lagos,283000,,1
POL-219272,Lagos,380000,,1
POL-218109,Lagos,735000,,1
POL-238006,Abuja,635000,,1
POL-248957,Ibadan,525000,,1
POL-217038,Port Harcourt,670000,,1
POL-229797,Lagos,517000,,1
POL-225499,Ibadan,414000,,1
POL-205717,Ibadan,248000,,1
POL-234354,Abuja,374000,,1
POL-232703,Lagos,298000,,1
POL-225823,Lagos,493000,,0
POL-222430,Lagos,678000,,0
POL-256002,Abuja,513000,,1
POL-205740,Abuja,225000,,0
POL-104474,Lagos,498000,CLM-01491,1
POL-207872,Lagos,237000,,0
POL-104561,Port Harcourt,295000,CLM-01520,0
POL-103116,Ibadan,515000,CLM-01038,1
POL-234483,Abuja,244000,,0
POL-205548,Port Harcourt,272000,,0
POL-229785,Kano,360000,,1
POL-262181,Ibadan,348000,,1
POL-102033,Abuja,590000,CLM-00677,1
POL-220809,Ibadan,369000,,1
POL-200328,Kano,354000,,0
POL-106583,Lagos,303000,CLM-02194,1
POL-214787,Port Harcourt,446000,,1
POL-204175,Abuja,369000,,1
POL-102742,Kano,384000,CLM-00914,1
POL-230728,Port Harcourt,582000,,1
POL-106268,Lagos,578000,CLM-02089,0
POL-251036,Port Harcourt,359000,,1
POL-214929,Abuja,790000,,1
POL-243321,Ibadan,301000,,0
POL-233784,Lagos,289000,,1
POL-103039,Lagos,945000,CLM-01013,1
POL-242474,Lagos,365000,,1
POL-208734,Port Harcourt,628000,,1
POL-261790,Port Harcourt,209000,,1
POL-216491,Lagos,331000,,1
POL-233914,Kano,422000,,0
POL-214575,Ibadan,384000,,1
POL-256331,Kano,462000,,0
POL-200061,Lagos,150000,,1
POL-247849,Kano,434000,,0
POL-204813,Lagos,233000,,1
POL-248610,Kano,146000,,1
POL-247801,Abuja,539000,,1
POL-232907,Lagos,187000,,1
POL-105544,Lagos,299000,CLM-01848,1
POL-103990,Lagos,432000,CLM-01330,1
POL-102606,Abuja,580000,CLM-00868,1
POL-218104,Port Harcourt,564000,,1
POL-259244,Abuja,355000,,1
POL-210169,Lagos,292000,,0
POL-259827,Port Harcourt,517000,,0
POL-222669,Kano,272000,,1
POL-204591,Ibadan,839000,,1
POL-253243,Port Harcourt,221000,,1
POL-103933,Lagos,407000,CLM-01311,1
POL-221923,Port Harcourt,512000,,1
POL-214236,Port Harcourt,1160000,,1
POL-216251,Abuja,434000,,1
POL-205286,Abuja,264000,,1
POL-247372,Kano,471000,,0
POL-225695,Abuja,1074000,,1
POL-254577,Port Harcourt,717000,,1
POL-106069,Lagos,432000,CLM-02023,1
POL-238875,Kano,594000,,1
POL-232336,Abuja,441000,,1
POL-254747,Port Harcourt,345000,,1
POL-235547,Lagos,1075000,,1
POL-218890,Lagos,763000,,1
POL-103380,Kano,261000,CLM-01126,1
POL-232017,Kano,172000,,1
POL-101630,Lagos,511000,CLM-00543,1
POL-209550,Lagos,573000,,1
POL-243989,Abuja,544000,,1
POL-255619,Lagos,294000,,1
POL-225366,Abuja,297000,,0
POL-210289,Lagos,291000,,1
POL-262609,Lagos,160000,,1
POL-245551,Port Harcourt,485000,,0
POL-101254,Kano,788000,CLM-00418,1
POL-106324,Kano,282000,CLM-02108,1
POL-255864,Lagos,444000,,1
POL-210080,Lagos,380000,,1
POL-200308,Lagos,484000,,1
POL-231328,Lagos,149000,,1
POL-228670,Lagos,325000,,1
POL-218562,Kano,246000,,1
POL-253856,Lagos,358000,,1
POL-250247,Kano,447000,,1
POL-252217,Port Harcourt,621000,,0
POL-232790,Port Harcourt,347000,,1
POL-247184,Lagos,230000,,1
POL-253006,Abuja,380000,,1
POL-101477,Ibadan,177000,CLM-00492,1
POL-213185,Port Harcourt,232000,,0
POL-105900,Kano,380000,CLM-01966,1
POL-104506,Kano,204000,CLM-01502,1
POL-206280,Lagos,352000,,1
POL-102964,Kano,696000,CLM-00988,0
POL-234289,Lagos,478000,,1
POL-253837,Kano,348000,,1
POL-102291,Kano,454000,CLM-00763,1
POL-101827,Kano,185000,CLM-00609,1
POL-241510,Lagos,196000,,1
POL-249784,Lagos,680000,,1
POL-102077,Ibadan,440000,CLM-00692,1
POL-246823,Abuja,198000,,1
POL-259344,Lagos,557000,,1
POL-257695,Lagos,131000,,1
POL-223164,Abuja,572000,,0
POL-249256,Lagos,243000,,1
POL-227412,Lagos,387000,,1
POL-222287,Port Harcourt,375000,,1
POL-106270,Lagos,614000,CLM-02090,1
POL-207375,Port Harcourt,479000,,1
POL-246204,Port Harcourt,357000,,1
POL-260861,Kano,686000,,1
POL-259737,Lagos,516000,,1
POL-233739,Abuja,425000,,1
POL-251448,Kano,383000,,1
POL-217407,Ibadan,324000,,1
POL-106701,Port Harcourt,499000,CLM-02233,0
POL-250603,Port Harcourt,227000,,1
POL-200947,Port Harcourt,391000,,1
POL-235500,Lagos,324000,,1
POL-201852,Lagos,377000,,1
POL-101008,Lagos,478000,CLM-00336,1
POL-242990,Lagos,482000,,0
POL-213117,Lagos,208000,,0
POL-248284,Port Harcourt,448000,,1
POL-216639,Lagos,709000,,1
POL-240805,Abuja,435000,,1
POL-233328,Ibadan,714000,,1
POL-247272,Kano,582000,,0
POL-262353,Abuja,428000,,1
POL-217357,Lagos,679000,,1
POL-102437,Lagos,358000,CLM-00812,1
POL-226700,Lagos,431000,,1
POL-255170,Lagos,406000,,1
POL-247537,Lagos,607000,,1
POL-204618,Abuja,294000,,0
POL-224382,Abuja,355000,,1
POL-249583,Lagos,363000,,1
POL-251027,Kano,144000,,0
POL-248701,Lagos,258000,,1
POL-229812,Lagos,497000,,1
POL-104588,Abuja,269000,CLM-01529,0
POL-105991,Abuja,254000,CLM-01997,0
POL-226768,Abuja,582000,,0
POL-257574,Ibadan,388000,,1
POL-237667,Kano,290000,,1
POL-101562,Lagos,443000,CLM-00520,0
POL-223707,Lagos,643000,,1
POL-232891,Port Harcourt,760000,,1
POL-103138,Kano,272000,CLM-01046,1
POL-241079,Kano,232000,,1
POL-226119,Lagos,341000,,1
POL-212833,Port Harcourt,236000,,1
POL-251929,Lagos,523000,,1
POL-103635,Lagos,321000,CLM-01211,0
POL-223249,Port Harcourt,200000,,1
POL-101469,Lagos,247000,CLM-00489,1
POL-101832,Ibadan,275000,CLM-00610,0
POL-212103,Kano,318000,,1
POL-101858,Abuja,364000,CLM-00619,1
POL-242535,Lagos,308000,,1
POL-258566,Kano,334000,,1
POL-212515,Kano,219000,,0
POL-105131,Abuja,342000,CLM-01710,1
POL-234389,Lagos,684000,,1
POL-242682,Port Harcourt,469000,,1
POL-202392,Lagos,489000,,1
POL-223498,Abuja,174000,,1
POL-205962,Abuja,559000,,1
POL-231156,Abuja,263000,,0
POL-206102,Abuja,258000,,1
POL-103069,Lagos,477000,CLM-01023,1
POL-257210,Lagos,467000,,1
POL-100037,Lagos,961000,CLM-00012,1
POL-215838,Lagos,290000,,1
POL-206233,Lagos,309000,,1
POL-244539,Kano,1139000,,0
POL-216202,Abuja,475000,,1
POL-209373,Ibadan,199000,,1
POL-225008,Abuja,390000,,1
POL-257113,Port Harcourt,457000,,1
POL-259355,Lagos,487000,,1
POL-211896,Kano,328000,,1
POL-212486,Ibadan,225000,,1
POL-257045,Port Harcourt,432000,,0
POL-209922,Lagos,359000,,1
POL-104949,Port Harcourt,460000,CLM-01649,0
POL-226510,Kano,445000,,1
POL-238900,Abuja,736000,,0
POL-213810,Lagos,242000,,0
POL-251724,Lagos,607000,,1
POL-103982,Port Harcourt,864000,CLM-01327,1
POL-205853,Lagos,568000,,1
POL-208558,Lagos,213000,,0
POL-100618,Lagos,693000,CLM-00206,0
POL-214581,Abuja,441000,,1
POL-202246,Lagos,332000,,1
POL-240309,Lagos,353000,,1
POL-103944,Abuja,309000,CLM-01314,1
POL-248443,Kano,266000,,1
POL-103280,Lagos,257000,CLM-01093,1
POL-246525,Lagos,143000,,1
POL-105259,Port Harcourt,621000,CLM-01753,0
POL-221733,Kano,206000,,1
POL-246806,Kano,338000,,1
POL-105402,Port Harcourt,659000,CLM-01800,1
POL-262582,Lagos,213000,,1
POL-221621,Lagos,277000,,1
POL-257896,Lagos,430000,,1
POL-236481,Ibadan,412000,,0
POL-106189,Lagos,405000,CLM-02063,1
POL-237762,Lagos,210000,,1
POL-254898,Abuja,383000,,1
POL-226846,Lagos,498000,,0
POL-262532,Kano,470000,,1
POL-103567,Ibadan,151000,CLM-01189,1
POL-221959,Lagos,391000,,1
POL-251416,Abuja,779000,,1
POL-252058,Port Harcourt,386000,,1
POL-243013,Port Harcourt,351000,,1
POL-259906,Abuja,633000,,0
POL-200116,Ibadan,572000,,0
POL-238805,Port Harcourt,317000,,1
POL-236194,Kano,474000,,1
POL-241034,Kano,630000,,1
POL-217230,Lagos,245000,,1
POL-104332,Abuja,524000,CLM-01444,0
POL-105089,Kano,507000,CLM-01696,1
POL-235178,Lagos,477000,,1
POL-218911,Ibadan,331000,,1
POL-241028,Abuja,1199000,,1
POL-243367,Lagos,601000,,0
POL-257693,Ibadan,190000,,1
POL-105117,Port Harcourt,316000,CLM-01705,0
POL-232460,Kano,533000,,1
POL-106204,Port Harcourt,468000,CLM-02068,1
POL-100402,Port Harcourt,209000,CLM-00134,0
POL-106017,Ibadan,564000,CLM-02005,1
POL-250983,Lagos,488000,,0
POL-200174,Ibadan,195000,,0
POL-232705,Port Harcourt,366000,,1
POL-201198,Lagos,257000,,1
POL-252158,Lagos,559000,,1
POL-215636,Abuja,413000,,1
POL-240398,Kano,364000,,1
POL-259846,Abuja,255000,,1
POL-226841,Kano,808000,,1
POL-202787,Lagos,465000,,1
POL-220257,Ibadan,204000,,0
POL-217019,Kano,569000,,1
POL-207543,Kano,315000,,0
POL-228552,Lagos,282000,,1
POL-202056,Kano,222000,,1
POL-210010,Abuja,289000,,1
POL-247367,Kano,422000,,1
POL-219389,Ibadan,313000,,0
POL-241302,Kano,597000,,1
POL-210708,Abuja,249000,,1
POL-226535,Lagos,267000,,1
POL-252236,Kano,299000,,1
POL-249270,Ibadan,294000,,1
POL-256811,Lagos,448000,,1
POL-100341,Lagos,283000,CLM-00113,0
POL-106616,Lagos,423000,CLM-02205,1
POL-106533,Port Harcourt,305000,CLM-02177,1
POL-211911,Port Harcourt,258000,,0
POL-101893,Port Harcourt,413000,CLM-00631,1
POL-213651,Abuja,572000,,1
POL-237091,Kano,344000,,1
POL-261008,Lagos,336000,,1
POL-204652,Abuja,348000,,0
POL-255551,Lagos,224000,,1
POL-256265,Lagos,552000,,0
POL-101386,Abuja,777000,CLM-00462,0
POL-246155,Abuja,289000,,1
POL-245137,Ibadan,298000,,0
POL-259535,Kano,244000,,0
POL-247335,Lagos,265000,,1
POL-206951,Kano,563000,,1
POL-214392,Lagos,262000,,0
POL-243113,Lagos,473000,,1
POL-249010,Lagos,218000,,1
POL-252909,Abuja,342000,,0
POL-102175,Lagos,667000,CLM-00725,1
POL-233513,Ibadan,401000,,0
POL-261295,Lagos,277000,,0
POL-246790,Abuja,357000,,0
POL-254129,Port Harcourt,594000,,1
POL-218980,Lagos,255000,,0
POL-221711,Lagos,296000,,1
POL-247319,Lagos,386000,,1
POL-244911,Abuja,312000,,1
POL-239383,Port Harcourt,328000,,1
POL-208867,Abuja,649000,,1
POL-228411,Abuja,306000,,1
POL-207737,Abuja,229000,,1
POL-206775,Lagos,488000,,1
POL-206397,Abuja,509000,,1
POL-261773,Abuja,405000,,1
POL-218788,Lagos,325000,,1
POL-217753,Lagos,355000,,1
POL-256204,Lagos,285000,,1
POL-217668,Lagos,636000,,1
POL-238757,Abuja,580000,,1
POL-104882,Lagos,298000,CLM-01627,0
POL-232048,Abuja,353000,,1
POL-104804,Lagos,656000,CLM-01601,0
POL-101245,Lagos,441000,CLM-00415,1
POL-234864,Kano,148000,,1
POL-100866,Lagos,317000,CLM-00288,0
POL-243703,Ibadan,399000,,1
POL-201739,Port Harcourt,130000,,1
POL-244774,Lagos,317000,,0
POL-218364,Kano,616000,,1
POL-225073,Port Harcourt,522000,,1
POL-222035,Lagos,214000,,1
POL-208163,Abuja,331000,,1
POL-209782,Ibadan,564000,,1
POL-232885,Ibadan,246000,,1
POL-255772,Ibadan,605000,,1
POL-212089,Port Harcourt,416000,,1
POL-100236,Abuja,501000,CLM-00078,1
POL-237215,Port Harcourt,1249000,,1
POL-219059,Port Harcourt,377000,,1
POL-100196,Lagos,302000,CLM-00065,0
POL-105791,Kano,331000,CLM-01930,1
POL-234494,Abuja,369000,,1
POL-251135,Lagos,367000,,1
POL-258180,Port Harcourt,260000,,1
POL-261753,Lagos,353000,,0
POL-100335,Lagos,185000,CLM-00111,1
POL-243156,Ibadan,245000,,1
POL-254796,Abuja,233000,,1
POL-200774,Lagos,617000,,1
POL-100312,Lagos,346000,CLM-00104,1
POL-213231,Lagos,716000,,1
POL-201812,Lagos,361000,,1
POL-210799,Lagos,294000,,1
POL-231740,Lagos,228000,,1
POL-255525,Kano,385000,,1
POL-234620,Lagos,392000,,1
POL-208055,Ibadan,398000,,1
POL-214241,Lagos,856000,,1
POL-251487,Ibadan,339000,,0
POL-255223,Lagos,442000,,1
POL-235435,Kano,426000,,1
POL-252345,Ibadan,254000,,1
POL-208284,Lagos,337000,,1
POL-211649,Lagos,221000,,1
POL-238858,Lagos,683000,,1
POL-260213,Lagos,152000,,1
POL-261505,Lagos,400000,,1
POL-226923,Lagos,468000,,0
POL-219517,Lagos,539000,,1
POL-235451,Lagos,378000,,0
POL-219863,Kano,175000,,1
POL-105056,Abuja,343000,CLM-01685,1
POL-229721,Abuja,462000,,1
POL-232540,Lagos,278000,,1
POL-105458,Abuja,402000,CLM-01819,1
POL-242449,Port Harcourt,439000,,0
POL-235646,Kano,255000,,1
POL-209010,Lagos,236000,,1
POL-223381,Kano,174000,,1
POL-100157,Port Harcourt,498000,CLM-00052,1
POL-208525,Port Harcourt,129000,,1
POL-103602,Abuja,287000,CLM-01200,1
POL-212982,Lagos,359000,,1
POL-257088,Kano,395000,,1
POL-237824,Lagos,256000,,0
POL-203683,Abuja,222000,,1
POL-221862,Port Harcourt,289000,,1
POL-100188,Lagos,186000,CLM-00062,1
POL-234686,Kano,583000,,1
POL-218486,Abuja,192000,,0
POL-232634,Port Harcourt,350000,,1
POL-246928,Port Harcourt,428000,,1
POL-106511,Kano,1176000,CLM-02170,0
POL-200730,Lagos,251000,,1
POL-250955,Lagos,166000,,1
POL-258280,Kano,429000,,1
POL-213620,Abuja,831000,,0
POL-228352,Lagos,314000,,1
POL-210091,Port Harcourt,170000,,1
POL-229562,Lagos,174000,,1
POL-214118,Lagos,278000,,1
POL-226612,Port Harcourt,603000,,1
POL-100965,Lagos,304000,CLM-00321,0
POL-248286,Ibadan,383000,,1
POL-104852,Port Harcourt,181000,CLM-01617,1
POL-241872,Abuja,454000,,1
POL-217317,Lagos,508000,,0
POL-104127,Abuja,528000,CLM-01375,1
POL-222157,Lagos,276000,,1
POL-253099,Lagos,266000,,1
POL-214740,Ibadan,405000,,1
POL-101260,Abuja,859000,CLM-00420,1
POL-222756,Kano,915000,,0
POL-104439,Kano,699000,CLM-01479,1
POL-101658,Ibadan,554000,CLM-00552,0
POL-206822,Port Harcourt,606000,,1
POL-106299,Abuja,289000,CLM-02099,1
POL-248158,Kano,498000,,0
POL-251611,Lagos,300000,,0
POL-245865,Abuja,457000,,1
POL-232286,Lagos,230000,,1
POL-103607,Kano,214000,CLM-01202,1
POL-221925,Lagos,538000,,0
POL-248423,Lagos,273000,,0
POL-101779,Lagos,247000,CLM-00593,1
POL-100642,Abuja,719000,CLM-00214,1
POL-247583,Abuja,215000,,1
POL-232576,Lagos,317000,,1
POL-229927,Port Harcourt,793000,,1
POL-232513,Port Harcourt,514000,,1
POL-225169,Ibadan,579000,,1
POL-101512,Lagos,438000,CLM-00504,1
POL-256783,Lagos,242000,,1
POL-241152,Lagos,470000,,1
POL-101129,Abuja,324000,CLM-00376,1
POL-262907,Ibadan,443000,,1
POL-216416,Ibadan,416000,,1
POL-203012,Ibadan,194000,,1
POL-234208,Abuja,417000,,1
POL-101099,Lagos,433000,CLM-00366,1
POL-103559,Lagos,390000,CLM-01186,1
POL-212711,Lagos,260000,,0
POL-236074,Abuja,407000,,0
POL-215020,Ibadan,395000,,1
POL-252579,Lagos,335000,,1
POL-244768,Ibadan,241000,,0
POL-208217,Ibadan,299000,,1
POL-258315,Lagos,454000,,1
POL-211025,Ibadan,168000,,1
POL-105370,Lagos,542000,CLM-01790,1
POL-105554,Port Harcourt,283000,CLM-01851,1
POL-206929,Lagos,209000,,0
POL-228486,Lagos,406000,,1
POL-213196,Ibadan,555000,,0
POL-101322,Abuja,409000,CLM-00440,1
POL-208944,Lagos,502000,,1
POL-103683,Port Harcourt,575000,CLM-01227,0
POL-231337,Port Harcourt,332000,,1
POL-100666,Lagos,390000,CLM-00222,1
POL-100225,Kano,556000,CLM-00075,1
POL-245782,Lagos,360000,,1
POL-101286,Lagos,502000,CLM-00428,1
POL-227829,Ibadan,361000,,1
POL-259377,Port Harcourt,403000,,1
POL-241788,Kano,486000,,1
POL-102900,Kano,565000,CLM-00966,1
POL-244931,Abuja,475000,,1
POL-251523,Lagos,225000,,1
POL-226084,Ibadan,365000,,1
POL-223926,Port Harcourt,362000,,1
POL-220384,Abuja,176000,,1
POL-214128,Port Harcourt,206000,,1
POL-230054,Port Harcourt,307000,,1
POL-203810,Lagos,444000,,1
POL-220474,Port Harcourt,328000,,1
POL-238462,Lagos,174000,,1
POL-105191,Lagos,483000,CLM-01730,1
POL-247320,Abuja,573000,,1
POL-246571,Lagos,416000,,0
POL-261230,Port Harcourt,264000,,1
POL-211451,Kano,631000,,1
POL-251989,Kano,390000,,1
POL-261372,Abuja,347000,,1
POL-251900,Ibadan,542000,,0
POL-249814,Port Harcourt,458000,,1
POL-200361,Lagos,237000,,0
POL-204778,Abuja,329000,,0
POL-205697,Kano,444000,,1
POL-208821,Kano,367000,,1
POL-239555,Abuja,582000,,0
POL-254646,Lagos,220000,,1
POL-247361,Ibadan,206000,,0
POL-204250,Abuja,254000,,0
POL-200281,Abuja,586000,,0
POL-219632,Lagos,302000,,1
POL-241320,Port Harcourt,567000,,1
POL-234966,Kano,373000,,1
POL-238495,Kano,204000,,1
POL-210741,Port Harcourt,303000,,0
POL-234633,Ibadan,460000,,1
POL-215808,Lagos,533000,,1
POL-106478,Ibadan,361000,CLM-02159,1
POL-101390,Lagos,176000,CLM-00463,1
POL-204267,Lagos,304000,,1
POL-252074,Lagos,362000,,1
POL-218763,Abuja,242000,,1
POL-239946,Lagos,307000,,1
POL-231082,Abuja,300000,,1
POL-205934,Abuja,337000,,1
POL-211238,Ibadan,1055000,,1
POL-258606,Lagos,343000,,1
POL-101564,Lagos,523000,CLM-00521,0
POL-260529,Port Harcourt,603000,,1
POL-239200,Abuja,324000,,1
POL-105635,Kano,229000,CLM-01878,1
POL-253974,Lagos,302000,,1
POL-101410,Abuja,225000,CLM-00470,1
POL-106012,Lagos,210000,CLM-02004,1
POL-103968,Kano,240000,CLM-01322,1
POL-261802,Lagos,336000,,0
POL-217109,Lagos,471000,,0
POL-240922,Abuja,294000,,1
POL-231942,Lagos,270000,,1
POL-204279,Port Harcourt,814000,,1
POL-211950,Lagos,509000,,0
POL-234018,Lagos,746000,,1
POL-202763,Ibadan,479000,,1
POL-242030,Ibadan,552000,,1
POL-238598,Lagos,210000,,1
POL-237818,Port Harcourt,203000,,1
POL-235008,Ibadan,621000,,1
POL-243089,Abuja,334000,,1
POL-225118,Port Harcourt,402000,,0
POL-211370,Port Harcourt,442000,,1
POL-233919,Lagos,266000,,1
POL-220004,Lagos,410000,,1
POL-214531,Lagos,451000,,1
POL-221415,Ibadan,256000,,1
POL-250548,Lagos,531000,,1
POL-232211,Lagos,517000,,1
POL-215172,Ibadan,271000,,1
POL-260739,Abuja,203000,,1
POL-214710,Lagos,297000,,1
POL-206522,Kano,217000,,0
POL-232955,Abuja,365000,,1
POL-213517,Port Harcourt,212000,,1
POL-200589,Kano,873000,,1
POL-241328,Port Harcourt,610000,,1
POL-246782,Lagos,302000,,1
POL-223624,Abuja,129000,,1
POL-228519,Ibadan,582000,,0
POL-244144,Abuja,388000,,1
POL-103877,Port Harcourt,541000,CLM-01292,1
POL-256186,Lagos,507000,,1
POL-224181,Lagos,836000,,0
POL-219638,Lagos,363000,,1
POL-247935,Kano,225000,,1
POL-226422,Port Harcourt,299000,,1
POL-102689,Lagos,297000,CLM-00896,1
POL-258640,Ibadan,882000,,1
POL-104488,Abuja,393000,CLM-01496,1
POL-102395,Abuja,563000,CLM-00798,1
POL-216942,Lagos,224000,,1
POL-215033,Port Harcourt,273000,,0
POL-233339,Lagos,587000,,1
POL-253302,Lagos,517000,,1
POL-243411,Kano,285000,,1
POL-226966,Port Harcourt,360000,,1
POL-212762,Lagos,235000,,1
POL-106414,Port Harcourt,367000,CLM-02138,1
POL-242303,Abuja,299000,,1
POL-205779,Lagos,175000,,0
POL-261434,Abuja,305000,,1
POL-242803,Abuja,264000,,1
POL-103521,Ibadan,397000,CLM-01173,1
POL-221266,Lagos,457000,,0
POL-215282,Abuja,289000,,1
POL-102643,Abuja,561000,CLM-00881,0
POL-224685,Abuja,367000,,1
POL-102499,Kano,413000,CLM-00833,1
POL-106126,Lagos,573000,CLM-02042,0
POL-250490,Lagos,339000,,1
POL-102350,Lagos,165000,CLM-00783,1
POL-260239,Lagos,362000,,1
POL-239178,Ibadan,210000,,1
POL-209473,Ibadan,252000,,0
POL-103894,Lagos,437000,CLM-01298,1
POL-251405,Ibadan,266000,,1
POL-249880,Lagos,447000,,0
POL-248293,Lagos,295000,,0
POL-259129,Lagos,318000,,1
POL-251984,Kano,397000,,1
POL-102476,Lagos,386000,CLM-00825,1
POL-246603,Ibadan,540000,,1
POL-235568,Lagos,491000,,1
POL-249856,Kano,562000,,1
POL-202086,Abuja,285000,,1
POL-209443,Lagos,452000,,1
POL-210769,Kano,516000,,0
POL-235599,Abuja,346000,,1
POL-100307,Kano,359000,CLM-00102,0
POL-102666,Port Harcourt,419000,CLM-00888,0
POL-246682,Abuja,349000,,1
POL-247815,Lagos,504000,,1
POL-106168,Ibadan,282000,CLM-02056,0
POL-242713,Abuja,280000,,0
POL-216349,Lagos,145000,,1
POL-262786,Port Harcourt,273000,,1
POL-227488,Lagos,377000,,1
POL-102934,Port Harcourt,471000,CLM-00978,0
POL-203058,Lagos,255000,,1
POL-248712,Ibadan,395000,,1
POL-102057,Ibadan,516000,CLM-00685,1
POL-103976,Abuja,225000,CLM-01325,1
POL-101970,Abuja,194000,CLM-00656,1
POL-233793,Port Harcourt,507000,,1
POL-100485,Kano,357000,CLM-00161,1
POL-239602,Lagos,799000,,1
POL-105263,Port Harcourt,928000,CLM-01754,1
POL-250407,Lagos,608000,,1
POL-224941,Port Harcourt,226000,,1
POL-103766,Abuja,231000,CLM-01255,0
POL-216118,Abuja,308000,,1
POL-235617,Lagos,724000,,1
POL-239314,Lagos,427000,,0
POL-242615,Ibadan,693000,,1
POL-239696,Lagos,475000,,1
POL-103571,Port Harcourt,138000,CLM-01190,0
POL-100287,Kano,204000,CLM-00095,1
POL-242219,Abuja,155000,,1
POL-232871,Lagos,343000,,1
POL-248203,Ibadan,721000,,0
POL-239103,Lagos,549000,,1
POL-252427,Ibadan,622000,,1
POL-242866,Lagos,408000,,1
POL-234273,Lagos,512000,,1
POL-106624,Kano,449000,CLM-02208,1
POL-104421,Port Harcourt,465000,CLM-01473,1
POL-229334,Abuja,572000,,0
POL-227767,Lagos,411000,,0
POL-253109,Port Harcourt,728000,,0
POL-236582,Lagos,391000,,1
POL-253395,Port Harcourt,288000,,0
POL-218313,Abuja,374000,,0
POL-102847,Lagos,224000,CLM-00949,1
POL-223297,Port Harcourt,151000,,1
POL-247792,Port Harcourt,369000,,1
POL-251476,Lagos,314000,,1
POL-259551,Lagos,225000,,1
POL-203223,Lagos,390000,,0
POL-229099,Lagos,793000,,1
POL-227102,Port Harcourt,509000,,1
POL-205841,Lagos,560000,,1
POL-215183,Kano,260000,,1
POL-253575,Lagos,360000,,1
POL-232501,Abuja,212000,,1
POL-209564,Abuja,236000,,1
POL-102887,Lagos,254000,CLM-00962,0
POL-237890,Port Harcourt,333000,,1
POL-255186,Port Harcourt,599000,,1
POL-256074,Abuja,353000,,0
POL-258878,Lagos,536000,,0
POL-259493,Lagos,291000,,1
POL-227847,Lagos,464000,,1
POL-225569,Lagos,571000,,0
POL-206399,Lagos,676000,,0
POL-254039,Abuja,351000,,1
POL-225051,Kano,244000,,0
POL-228491,Abuja,345000,,1
POL-220245,Abuja,286000,,1
POL-226181,Ibadan,681000,,1
POL-243710,Kano,348000,,1
POL-219958,Kano,285000,,1
POL-216470,Ibadan,221000,,0
POL-103595,Port Harcourt,566000,CLM-01198,0
POL-215659,Abuja,332000,,1
POL-221554,Lagos,233000,,1
POL-235576,Lagos,736000,,1
POL-234430,Port Harcourt,315000,,1
POL-206249,Abuja,731000,,0
POL-103213,Lagos,640000,CLM-01071,0
POL-243721,Port Harcourt,275000,,1
POL-214826,Port Harcourt,330000,,0
POL-249528,Abuja,311000,,1
POL-252588,Kano,543000,,1
POL-248068,Lagos,299000,,1
POL-238622,Ibadan,260000,,1
POL-231987,Ibadan,440000,,1
POL-216152,Lagos,769000,,1
POL-241622,Abuja,356000,,0
POL-212699,Kano,207000,,1
POL-201665,Ibadan,720000,,1
POL-103771,Port Harcourt,265000,CLM-01257,1
POL-211217,Abuja,722000,,1
POL-101897,Ibadan,243000,CLM-00632,0
POL-101869,Lagos,444000,CLM-00623,0
POL-203271,Kano,369000,,1
POL-205679,Ibadan,228000,,1
POL-202386,Lagos,325000,,1
POL-105594,Abuja,224000,CLM-01864,1
POL-227422,Abuja,412000,,1
POL-227287,Port Harcourt,486000,,0
POL-202726,Ibadan,792000,,1
POL-233366,Port Harcourt,286000,,1
POL-104491,Kano,391000,CLM-01497,1
POL-247401,Lagos,554000,,1
POL-204536,Ibadan,469000,,1
POL-213470,Kano,324000,,0
POL-100819,Port Harcourt,237000,CLM-00273,0
POL-100418,Lagos,748000,CLM-00139,0
POL-101301,Port Harcourt,208000,CLM-00433,1
POL-257322,Kano,402000,,1
POL-218414,Kano,266000,,1
POL-220404,Port Harcourt,294000,,1
POL-240366,Lagos,241000,,1
POL-260146,Port Harcourt,188000,,0
POL-217072,Port Harcourt,287000,,0
POL-238791,Lagos,601000,,0
POL-204014,Lagos,297000,,1
POL-251321,Lagos,341000,,0
POL-231298,Kano,253000,,0
POL-102678,Abuja,315000,CLM-00892,1
POL-216557,Kano,322000,,1
POL-239729,Lagos,603000,,1
POL-223999,Lagos,242000,,0
POL-246551,Lagos,750000,,1
POL-249128,Lagos,353000,,0
POL-209861,Kano,277000,,1
POL-258293,Lagos,774000,,1
POL-200911,Port Harcourt,215000,,1
POL-205560,Lagos,509000,,1
POL-243050,Port Harcourt,379000,,1
POL-259741,Lagos,202000,,1
POL-208893,Lagos,541000,,1
POL-219104,Kano,746000,,1
POL-247897,Lagos,510000,,1
POL-205710,Abuja,292000,,1
POL-222902,Ibadan,370000,,1
POL-247842,Lagos,442000,,0
POL-210381,Kano,247000,,1
POL-259748,Lagos,293000,,1
POL-100039,Ibadan,615000,CLM-00013,1
POL-105824,Port Harcourt,662000,CLM-01941,0
POL-105879,Abuja,648000,CLM-01959,0
POL-228698,Port Harcourt,240000,,1
POL-225340,Abuja,319000,,1
POL-243953,Lagos,587000,,1
POL-250746,Port Harcourt,503000,,0
POL-235858,Ibadan,375000,,0
POL-202072,Abuja,254000,,1
POL-202081,Ibadan,169000,,1
POL-102979,Abuja,155000,CLM-00993,1
POL-203804,Abuja,595000,,1
POL-256881,Kano,414000,,1
POL-102192,Lagos,354000,CLM-00730,1
POL-209645,Ibadan,495000,,1
POL-246967,Port Harcourt,574000,,0
POL-216704,Ibadan,221000,,1
POL-203096,Port Harcourt,223000,,1
POL-240874,Port Harcourt,461000,,1
POL-233721,Lagos,262000,,1
POL-248688,Kano,550000,,1
POL-243637,Port Harcourt,432000,,1
POL-217863,Abuja,429000,,0
POL-246468,Abuja,717000,,0
POL-100294,Abuja,175000,CLM-00098,1
POL-251130,Lagos,283000,,1
POL-243335,Abuja,240000,,1
POL-206934,Abuja,229000,,1
POL-213534,Ibadan,333000,,1
POL-231611,Port Harcourt,294000,,0
POL-231915,Port Harcourt,686000,,1
POL-254925,Lagos,155000,,1
POL-217200,Abuja,501000,,1
POL-219417,Ibadan,432000,,1
POL-237244,Port Harcourt,580000,,1
POL-244200,Port Harcourt,529000,,0
POL-225262,Kano,460000,,1
POL-233897,Lagos,455000,,0
POL-259810,Ibadan,385000,,1
POL-103434,Abuja,647000,CLM-01144,1
POL-104867,Abuja,212000,CLM-01622,1
POL-105031,Port Harcourt,319000,CLM-01677,1
POL-220109,Lagos,335000,,1
POL-259056,Kano,116000,,1
POL-220536,Kano,413000,,1
POL-206224,Lagos,443000,,1
POL-228464,Ibadan,477000,,1
POL-105495,Port Harcourt,407000,CLM-01831,1
POL-248238,Port Harcourt,780000,,1
POL-227632,Lagos,250000,,1
POL-208414,Abuja,304000,,1
POL-105674,Lagos,389000,CLM-01891,1
POL-228514,Port Harcourt,515000,,0
POL-208179,Lagos,416000,,1
POL-102788,Abuja,282000,CLM-00929,0
POL-102531,Abuja,290000,CLM-00843,1
POL-260101,Lagos,430000,,1
POL-249015,Lagos,717000,,0
POL-251153,Lagos,581000,,1
POL-227209,Lagos,134000,,1
POL-256040,Port Harcourt,143000,,1
POL-100430,Ibadan,348000,CLM-00143,1
POL-260319,Lagos,334000,,0
POL-224420,Lagos,1198000,,1
POL-262741,Ibadan,289000,,1
POL-259971,Lagos,367000,,1
POL-207323,Ibadan,299000,,1
POL-247124,Port Harcourt,573000,,1
POL-100521,Abuja,381000,CLM-00173,0
POL-228034,Lagos,217000,,1
POL-223642,Lagos,421000,,1
POL-204450,Lagos,557000,,1
POL-103479,Abuja,345000,CLM-01159,0
POL-233543,Lagos,284000,,0
POL-201582,Ibadan,384000,,1
POL-261217,Lagos,193000,,1
POL-226437,Port Harcourt,326000,,1
POL-234097,Kano,229000,,1
POL-226564,Lagos,222000,,1
POL-207402,Port Harcourt,630000,,1
POL-203883,Abuja,226000,,1
POL-104036,Port Harcourt,459000,CLM-01345,1
POL-225851,Kano,658000,,1
POL-216447,Kano,278000,,0
POL-201332,Ibadan,263000,,1
POL-209094,Kano,639000,,0
POL-104417,Abuja,423000,CLM-01472,0
POL-101358,Port Harcourt,296000,CLM-00452,1
POL-231959,Lagos,358000,,1
POL-260548,Lagos,617000,,1
POL-235185,Kano,276000,,1
POL-213868,Lagos,278000,,1
POL-106008,Port Harcourt,715000,CLM-02002,0
POL-227804,Abuja,323000,,0
POL-255275,Lagos,142000,,1
POL-104844,Port Harcourt,298000,CLM-01614,1
POL-232404,Abuja,208000,,1
POL-239057,Lagos,263000,,1
POL-106103,Port Harcourt,326000,CLM-02034,1
POL-217410,Abuja,312000,,1
POL-245716,Kano,255000,,1
POL-220923,Port Harcourt,173000,,1
POL-261567,Ibadan,304000,,1
POL-256487,Lagos,260000,,1
POL-201926,Abuja,636000,,1
POL-105670,Kano,499000,CLM-01890,1
POL-254355,Lagos,419000,,1
POL-238328,Kano,233000,,1
POL-245521,Lagos,778000,,1
POL-259185,Lagos,459000,,1
POL-257768,Lagos,324000,,0
POL-205102,Ibadan,227000,,1
POL-244082,Lagos,733000,,1
POL-105907,Ibadan,266000,CLM-01969,1
POL-212433,Lagos,128000,,1
POL-228133,Port Harcourt,381000,,1
POL-239664,Lagos,333000,,0
POL-214608,Lagos,933000,,1
POL-236458,Abuja,275000,,1
POL-237585,Lagos,351000,,1
POL-104130,Port Harcourt,654000,CLM-01376,0
POL-239700,Abuja,435000,,1
POL-222514,Lagos,578000,,1
POL-247212,Lagos,686000,,1
POL-214415,Lagos,206000,,1
POL-208098,Port Harcourt,286000,,1
POL-229594,Lagos,243000,,1
POL-253946,Lagos,307000,,1
POL-237014,Port Harcourt,281000,,1
POL-221018,Port Harcourt,467000,,1
POL-212587,Ibadan,240000,,1
POL-246745,Lagos,540000,,1
POL-221567,Port Harcourt,284000,,0
POL-247147,Abuja,277000,,0
POL-255245,Lagos,205000,,1
POL-100758,Abuja,581000,CLM-00252,1
POL-247009,Port Harcourt,328000,,0
POL-216593,Kano,541000,,1
POL-234466,Lagos,370000,,1
POL-205379,Lagos,216000,,1
POL-106492,Port Harcourt,455000,CLM-02164,1
POL-104786,Lagos,589000,CLM-01595,1
POL-101694,Kano,330000,CLM-00564,1
POL-228080,Ibadan,374000,,1
POL-252149,Kano,480000,,1
POL-227158,Kano,173000,,1
POL-103104,Ibadan,581000,CLM-01034,1
POL-216929,Port Harcourt,256000,,0
POL-211317,Kano,219000,,1
POL-100078,Lagos,319000,CLM-00026,0
POL-105775,Lagos,345000,CLM-01925,0
POL-247528,Abuja,193000,,1
POL-237201,Port Harcourt,345000,,1
POL-258267,Lagos,569000,,1
POL-227920,Ibadan,841000,,1
POL-105650,Lagos,677000,CLM-01883,0
POL-220645,Lagos,280000,,1
POL-239621,Abuja,492000,,1
POL-200935,Lagos,604000,,1
POL-235123,Abuja,541000,,1
POL-235485,Lagos,208000,,1
POL-238333,Port Harcourt,561000,,1
POL-232822,Abuja,289000,,1
POL-244868,Kano,537000,,1
POL-100022,Lagos,618000,CLM-00007,0
POL-209457,Lagos,322000,,1
POL-259092,Lagos,306000,,1
POL-212115,Ibadan,329000,,1
POL-200796,Port Harcourt,466000,,1
POL-254745,Lagos,551000,,0
POL-102524,Lagos,389000,CLM-00841,1
POL-214595,Ibadan,230000,,0
POL-240971,Kano,216000,,0
POL-218308,Abuja,844000,,1
POL-248971,Lagos,674000,,1
POL-200053,Lagos,189000,,1
POL-251271,Kano,238000,,1
POL-207943,Kano,421000,,1
POL-202185,Port Harcourt,361000,,0
POL-209234,Lagos,458000,,1
POL-221227,Lagos,268000,,1
POL-222369,Ibadan,628000,,1
POL-100931,Lagos,373000,CLM-00310,1
POL-216867,Ibadan,373000,,1
POL-243006,Abuja,453000,,0
POL-247247,Port Harcourt,151000,,1
POL-207097,Lagos,186000,,1
POL-240624,Kano,375000,,1
POL-224267,Abuja,501000,,1
POL-214657,Abuja,593000,,0
POL-244818,Kano,397000,,1
POL-248260,Lagos,404000,,1
POL-233223,Abuja,376000,,1
POL-101844,Kano,414000,CLM-00614,1
POL-211203,Port Harcourt,163000,,1
POL-104761,Abuja,791000,CLM-01587,1
POL-104355,Lagos,330000,CLM-01451,1
POL-220677,Port Harcourt,380000,,1
POL-233195,Lagos,546000,,1
POL-260553,Abuja,652000,,1
POL-259688,Ibadan,622000,,1
POL-202065,Lagos,752000,,1
POL-239456,Lagos,467000,,0
POL-207422,Abuja,631000,,0
POL-261452,Lagos,753000,,1
POL-230767,Port Harcourt,462000,,0
POL-102791,Kano,712000,CLM-00930,1
POL-100440,Abuja,215000,CLM-00146,1
POL-231021,Lagos,484000,,1
POL-103169,Lagos,388000,CLM-01056,1
POL-103244,Abuja,362000,CLM-01081,0
POL-202950,Lagos,432000,,1
POL-250257,Abuja,280000,,1
POL-207966,Lagos,399000,,0
POL-221359,Lagos,700000,,1
POL-104399,Abuja,947000,CLM-01466,1
POL-255793,Ibadan,305000,,1
POL-239646,Port Harcourt,325000,,1
POL-200103,Lagos,482000,,1
POL-103585,Port Harcourt,295000,CLM-01195,1
POL-203952,Ibadan,503000,,1
POL-215441,Lagos,501000,,1
POL-105227,Abuja,904000,CLM-01742,1
POL-218533,Abuja,161000,,1
POL-203386,Abuja,570000,,1
POL-210199,Lagos,520000,,1
POL-217631,Port Harcourt,189000,,1
POL-102059,Abuja,434000,CLM-00686,1
POL-244758,Port Harcourt,338000,,1
POL-103359,Lagos,255000,CLM-01119,1
POL-106708,Lagos,359000,CLM-02236,1
POL-106094,Abuja,305000,CLM-02031,0
POL-102878,Lagos,289000,CLM-00959,1
POL-225392,Ibadan,623000,,1
POL-215140,Lagos,541000,,1
POL-260407,Ibadan,326000,,0
POL-200488,Ibadan,263000,,1
POL-203412,Abuja,358000,,1
POL-228126,Port Harcourt,370000,,1
POL-242503,Ibadan,716000,,1
POL-242556,Port Harcourt,1177000,,0
POL-207931,Lagos,565000,,1
POL-220639,Abuja,256000,,0
POL-221369,Kano,301000,,1
POL-105641,Kano,182000,CLM-01880,1
POL-243416,Lagos,304000,,1
POL-102740,Lagos,451000,CLM-00913,1
POL-104899,Abuja,206000,CLM-01633,1
POL-245881,Ibadan,611000,,1
POL-220783,Lagos,284000,,1
POL-257837,Lagos,508000,,0
POL-250362,Abuja,438000,,0
POL-221280,Kano,828000,,1
POL-103839,Abuja,774000,CLM-01279,0
POL-230475,Abuja,508000,,1
POL-216861,Port Harcourt,335000,,1
POL-219394,Ibadan,463000,,1
POL-224305,Lagos,367000,,1
POL-215168,Ibadan,585000,,1
POL-259726,Port Harcourt,472000,,1
POL-106331,Lagos,238000,CLM-02110,0
POL-203318,Ibadan,268000,,1
POL-245747,Port Harcourt,505000,,0
POL-217257,Lagos,676000,,1
POL-100356,Abuja,540000,CLM-00118,1
POL-203531,Ibadan,226000,,0
POL-223908,Lagos,284000,,0
POL-223903,Ibadan,359000,,1
POL-105384,Lagos,360000,CLM-01794,1
POL-259142,Abuja,247000,,1
POL-230312,Port Harcourt,350000,,1
POL-257094,Ibadan,662000,,1
POL-262810,Lagos,889000,,1
POL-214555,Lagos,161000,,0
POL-227534,Ibadan,388000,,1
POL-252626,Abuja,191000,,1
POL-204866,Lagos,303000,,0
POL-216309,Abuja,372000,,0
POL-235086,Port Harcourt,533000,,1
POL-240284,Kano,154000,,1
POL-228614,Lagos,678000,,1
POL-224767,Lagos,207000,,1
POL-248540,Lagos,207000,,1
POL-223852,Lagos,328000,,1
POL-233827,Abuja,387000,,1
POL-259177,Lagos,411000,,1
POL-103456,Kano,412000,CLM-01152,0
POL-246614,Abuja,254000,,1
POL-242807,Lagos,472000,,0
POL-201918,Lagos,401000,,1
POL-250130,Port Harcourt,233000,,0
POL-254788,Port Harcourt,375000,,1
POL-261840,Abuja,451000,,1
POL-261465,Ibadan,298000,,1
POL-229493,Lagos,981000,,0
POL-261712,Kano,220000,,1
POL-254918,Lagos,177000,,1
POL-261808,Abuja,461000,,1
POL-251959,Port Harcourt,210000,,0
POL-229864,Lagos,253000,,1
POL-224960,Lagos,409000,,0
POL-242917,Abuja,424000,,0
POL-211124,Lagos,204000,,1
POL-220538,Lagos,288000,,1
POL-102989,Abuja,658000,CLM-00996,1
POL-250211,Port Harcourt,173000,,1
POL-204509,Kano,420000,,0
POL-256703,Ibadan,649000,,1
POL-239499,Ibadan,287000,,1
POL-244015,Ibadan,209000,,1
POL-104285,Port Harcourt,384000,CLM-01428,1
POL-105257,Lagos,1110000,CLM-01752,1
POL-245278,Lagos,391000,,1
POL-100238,Ibadan,252000,CLM-00079,1
POL-101815,Abuja,646000,CLM-00605,1
POL-105255,Kano,575000,CLM-01751,1
POL-202444,Lagos,650000,,1
POL-226315,Kano,268000,,1
POL-100338,Abuja,329000,CLM-00112,1
POL-101663,Port Harcourt,392000,CLM-00554,0
POL-204888,Lagos,235000,,1
POL-254143,Abuja,214000,,1
POL-106631,Lagos,436000,CLM-02210,1
POL-101274,Kano,439000,CLM-00424,1
POL-255456,Ibadan,288000,,1
POL-248502,Abuja,298000,,1
POL-243449,Kano,287000,,1
POL-224991,Kano,418000,,1
POL-212257,Kano,302000,,1
POL-200236,Port Harcourt,435000,,1
POL-212217,Lagos,332000,,1
POL-246318,Ibadan,911000,,1
POL-253774,Lagos,263000,,1
POL-217737,Ibadan,231000,,1
POL-105476,Ibadan,442000,CLM-01825,1
POL-220748,Port Harcourt,467000,,1
POL-235294,Ibadan,211000,,1
POL-248507,Port Harcourt,390000,,1
POL-222500,Ibadan,394000,,0
POL-205329,Lagos,510000,,1
POL-248050,Lagos,180000,,1
POL-253811,Port Harcourt,271000,,1
POL-101624,Port Harcourt,190000,CLM-00541,0
POL-218851,Lagos,566000,,1
POL-234285,Lagos,319000,,1
POL-244061,Lagos,196000,,1
POL-260113,Port Harcourt,339000,,1
POL-247681,Lagos,381000,,1
POL-238891,Kano,321000,,1
POL-201401,Abuja,599000,,0
POL-254014,Ibadan,288000,,1
POL-242348,Lagos,455000,,0
POL-234026,Abuja,128000,,1
POL-224428,Lagos,723000,,1
POL-252878,Port Harcourt,587000,,1
POL-100383,Ibadan,233000,CLM-00127,1
POL-222844,Lagos,331000,,1
POL-247752,Lagos,390000,,1
POL-103509,Abuja,324000,CLM-01169,1
POL-243680,Kano,222000,,1
POL-238780,Abuja,186000,,1
POL-260299,Lagos,582000,,0
POL-254145,Lagos,372000,,1
POL-246243,Abuja,214000,,1
POL-106636,Ibadan,568000,CLM-02212,0
POL-220308,Lagos,406000,,1
POL-260434,Port Harcourt,498000,,1
POL-211888,Abuja,392000,,1
POL-220201,Lagos,550000,,1
POL-212554,Lagos,269000,,1
POL-246379,Ibadan,408000,,1
POL-258963,Kano,597000,,0
POL-106402,Kano,654000,CLM-02134,1
POL-256056,Kano,266000,,1
POL-100173,Port Harcourt,315000,CLM-00057,1
POL-249552,Lagos,501000,,1
POL-209288,Lagos,365000,,0
POL-101755,Kano,444000,CLM-00585,1
POL-223570,Ibadan,410000,,0
POL-102652,Abuja,785000,CLM-00884,1
POL-257808,Ibadan,501000,,1
POL-229733,Abuja,309000,,1
POL-250890,Lagos,416000,,0
POL-211461,Port Harcourt,634000,,1
POL-206012,Port Harcourt,384000,,1
POL-230656,Port Harcourt,218000,,1
POL-217422,Abuja,220000,,1
POL-213241,Lagos,219000,,1
POL-229573,Ibadan,305000,,0
POL-204090,Lagos,235000,,1
POL-213959,Kano,338000,,1
POL-106524,Port Harcourt,590000,CLM-02174,0
POL-235699,Lagos,708000,,1
POL-230168,Abuja,296000,,1
POL-256991,Lagos,533000,,0
POL-201869,Ibadan,735000,,0
POL-250962,Lagos,791000,,1
POL-214658,Port Harcourt,407000,,1
POL-235391,Lagos,488000,,1
POL-245157,Ibadan,361000,,1
POL-105871,Lagos,350000,CLM-01957,1
POL-243081,Lagos,290000,,1
POL-247061,Lagos,332000,,1
POL-262998,Lagos,434000,,1
POL-249753,Ibadan,396000,,1
POL-261709,Lagos,385000,,0
POL-231437,Kano,638000,,1
POL-216080,Port Harcourt,430000,,1
POL-218769,Ibadan,435000,,1
POL-253397,Lagos,325000,,1
POL-243291,Lagos,463000,,1
POL-241002,Kano,259000,,1
POL-256672,Lagos,329000,,1
POL-248535,Lagos,589000,,1
POL-250925,Lagos,430000,,1
POL-226805,Abuja,408000,,1
POL-246291,Abuja,265000,,1
POL-103443,Abuja,451000,CLM-01147,1
POL-258272,Lagos,245000,,1
POL-106166,Lagos,447000,CLM-02055,0
POL-226854,Lagos,270000,,1
POL-100366,Lagos,344000,CLM-00122,1
POL-252138,Abuja,413000,,1
POL-256953,Kano,257000,,1
POL-233281,Port Harcourt,215000,,1
POL-105894,Port Harcourt,420000,CLM-01964,0
POL-257178,Abuja,256000,,1
POL-220746,Kano,248000,,0
POL-101546,Kano,325000,CLM-00515,1
POL-216167,Lagos,391000,,1
POL-203611,Lagos,618000,,1
POL-258819,Lagos,385000,,1
POL-227911,Kano,246000,,1
POL-236672,Lagos,573000,,1
POL-261912,Abuja,241000,,1
POL-101372,Port Harcourt,541000,CLM-00457,0
POL-254792,Abuja,392000,,1
POL-224574,Abuja,220000,,1
POL-105140,Lagos,627000,CLM-01713,1
POL-259081,Kano,308000,,1
POL-203837,Lagos,350000,,1
POL-106573,Lagos,362000,CLM-02191,1
POL-102049,Port Harcourt,418000,CLM-00683,1
POL-243220,Abuja,504000,,1
POL-260219,Lagos,274000,,1
POL-262493,Port Harcourt,303000,,1
POL-220529,Lagos,350000,,1
POL-244655,Lagos,301000,,1
POL-239778,Kano,504000,,1
POL-243346,Kano,265000,,1
POL-202644,Port Harcourt,201000,,1
POL-219045,Kano,317000,,1
POL-241073,Port Harcourt,420000,,0
POL-262984,Port Harcourt,631000,,0
POL-205596,Ibadan,300000,,1
POL-210303,Lagos,445000,,1
POL-251371,Kano,376000,,1
POL-230098,Lagos,267000,,1
POL-225903,Abuja,314000,,0
POL-225937,Lagos,359000,,1
POL-230898,Port Harcourt,235000,,1
POL-236893,Kano,332000,,0
POL-221530,Abuja,624000,,1
POL-210474,Port Harcourt,384000,,1
POL-228595,Abuja,266000,,0
POL-245065,Lagos,660000,,1
POL-235371,Lagos,189000,,0
POL-104373,Port Harcourt,483000,CLM-01457,0
POL-105827,Port Harcourt,478000,CLM-01942,0
POL-258186,Abuja,338000,,1
POL-244783,Abuja,511000,,1
POL-232044,Kano,483000,,0
POL-105605,Port Harcourt,340000,CLM-01868,1
POL-242393,Abuja,247000,,1
POL-101740,Lagos,291000,CLM-00580,1
POL-247345,Abuja,386000,,1
POL-239982,Lagos,214000,,1
POL-248448,Lagos,274000,,0
POL-101878,Lagos,429000,CLM-00626,1
POL-224075,Abuja,407000,,1
POL-208561,Port Harcourt,277000,,1
POL-224349,Abuja,299000,,1
POL-250325,Lagos,469000,,1
POL-102253,Ibadan,354000,CLM-00751,1
POL-209658,Ibadan,280000,,1
POL-230031,Ibadan,354000,,1
POL-236912,Port Harcourt,338000,,1
POL-222491,Abuja,512000,,1
POL-231716,Lagos,605000,,1
POL-105949,Lagos,367000,CLM-01983,1
POL-214163,Abuja,355000,,1
POL-106009,Ibadan,391000,CLM-02003,1
POL-241324,Port Harcourt,209000,,1
POL-209040,Port Harcourt,320000,,1
POL-255032,Kano,336000,,1
POL-102632,Abuja,344000,CLM-00877,1
POL-215874,Port Harcourt,228000,,0
POL-241687,Ibadan,546000,,1
POL-229854,Lagos,472000,,1
POL-254075,Lagos,360000,,1
POL-239673,Port Harcourt,191000,,1
POL-230863,Lagos,274000,,1
POL-204917,Lagos,420000,,1
POL-260773,Lagos,245000,,1
POL-210443,Kano,301000,,1
POL-103303,Port Harcourt,504000,CLM-01101,0
POL-242239,Kano,572000,,1
POL-100899,Ibadan,358000,CLM-00299,1
POL-227068,Port Harcourt,504000,,1
POL-218171,Lagos,271000,,1
POL-204143,Lagos,206000,,1
POL-231173,Ibadan,395000,,1
POL-253836,Port Harcourt,327000,,1
POL-213971,Kano,507000,,1
POL-101125,Ibadan,679000,CLM-00375,1
POL-242136,Kano,247000,,0
POL-105895,Port Harcourt,360000,CLM-01965,0
POL-229580,Kano,393000,,1
POL-213410,Ibadan,178000,,1
POL-211432,Ibadan,474000,,0
POL-253750,Abuja,324000,,1
POL-223352,Abuja,270000,,1
POL-104470,Ibadan,409000,CLM-01490,1
POL-204568,Ibadan,563000,,1
POL-209159,Lagos,208000,,1
POL-258141,Ibadan,271000,,0
POL-234120,Lagos,362000,,1
POL-104396,Lagos,952000,CLM-01465,1
POL-247914,Lagos,567000,,1
POL-248562,Lagos,320000,,1
POL-208953,Ibadan,196000,,1
POL-220357,Port Harcourt,531000,,1
POL-221908,Lagos,524000,,1
POL-207043,Port Harcourt,581000,,1
POL-250445,Port Harcourt,465000,,1
POL-214192,Abuja,273000,,1
POL-246348,Ibadan,226000,,1
POL-209514,Ibadan,234000,,1
POL-260678,Abuja,277000,,0
POL-257384,Lagos,484000,,1
POL-223554,Ibadan,278000,,1
POL-219681,Abuja,187000,,1
POL-102884,Abuja,232000,CLM-00961,1
POL-223595,Abuja,328000,,1
POL-236254,Port Harcourt,437000,,1
POL-254218,Lagos,292000,,1
POL-101266,Abuja,530000,CLM-00422,1
POL-223310,Lagos,1031000,,1
POL-249518,Port Harcourt,539000,,1
POL-217049,Port Harcourt,566000,,0
POL-246082,Kano,303000,,1
POL-250612,Lagos,230000,,1
POL-101112,Port Harcourt,195000,CLM-00370,0
POL-207838,Kano,417000,,1
POL-213754,Port Harcourt,205000,,1
POL-209736,Lagos,310000,,1
POL-240747,Kano,474000,,0
POL-228963,Lagos,455000,,1
POL-232940,Lagos,474000,,1
POL-223487,Lagos,379000,,1
POL-241837,Lagos,475000,,1
POL-256369,Abuja,456000,,1
POL-226600,Ibadan,416000,,1
POL-215432,Abuja,211000,,1
POL-230742,Ibadan,633000,,0
POL-202712,Kano,356000,,0
POL-229824,Lagos,529000,,0
POL-239926,Abuja,396000,,1
POL-245218,Port Harcourt,282000,,1
POL-212068,Lagos,440000,,0
POL-239917,Port Harcourt,547000,,0
POL-232906,Abuja,346000,,0
POL-106295,Port Harcourt,262000,CLM-02098,1
POL-242378,Lagos,505000,,0
POL-232832,Port Harcourt,232000,,1
POL-102536,Abuja,207000,CLM-00845,1
POL-252102,Abuja,361000,,0
POL-241092,Lagos,309000,,1
POL-228559,Ibadan,383000,,1
POL-221187,Ibadan,181000,,1
POL-240166,Lagos,406000,,1
POL-201253,Port Harcourt,333000,,1
POL-262368,Port Harcourt,463000,,1
POL-250980,Port Harcourt,368000,,1
POL-244969,Lagos,277000,,1
POL-240447,Lagos,245000,,1
POL-221819,Lagos,328000,,1
POL-206364,Ibadan,498000,,1
POL-231994,Ibadan,420000,,1
POL-211819,Lagos,326000,,1
POL-241678,Lagos,342000,,1
POL-235201,Ibadan,201000,,1
POL-236465,Kano,376000,,1
POL-101020,Lagos,365000,CLM-00340,1
POL-104012,Lagos,207000,CLM-01337,0
POL-103143,Abuja,586000,CLM-01047,1
POL-207487,Lagos,191000,,0
POL-216904,Ibadan,222000,,0
POL-211173,Kano,314000,,1
POL-231597,Port Harcourt,346000,,0
POL-234784,Lagos,373000,,1
POL-245109,Abuja,216000,,1
POL-225274,Lagos,298000,,1
POL-228435,Lagos,387000,,1
POL-215507,Kano,454000,,1
POL-204516,Abuja,381000,,1
POL-255511,Port Harcourt,247000,,1
POL-221401,Abuja,328000,,1
POL-254056,Kano,352000,,1
POL-251088,Abuja,276000,,1
POL-248176,Kano,337000,,1
POL-211253,Kano,204000,,0
POL-234578,Port Harcourt,382000,,1
POL-210732,Abuja,372000,,1
POL-228063,Ibadan,349000,,1
POL-210533,Ibadan,323000,,1
POL-106360,Lagos,211000,CLM-02120,1
POL-208842,Abuja,278000,,1
POL-213038,Ibadan,319000,,1
POL-225333,Lagos,457000,,1
POL-224200,Abuja,455000,,1
POL-221347,Ibadan,484000,,1
POL-238668,Kano,273000,,1
POL-254513,Lagos,358000,,1
POL-236604,Ibadan,365000,,1
POL-229327,Port Harcourt,561000,,1
POL-225107,Abuja,448000,,0
POL-245130,Ibadan,445000,,1
POL-204873,Ibadan,272000,,1
POL-204656,Lagos,578000,,1
POL-238028,Ibadan,422000,,1
POL-216458,Lagos,200000,,1
POL-219081,Port Harcourt,429000,,1
POL-201746,Ibadan,359000,,1
POL-221682,Abuja,399000,,1
POL-229179,Abuja,301000,,0
POL-209980,Lagos,358000,,1
POL-103744,Port Harcourt,679000,CLM-01248,0
POL-245613,Ibadan,328000,,0
POL-256285,Abuja,796000,,1
POL-214347,Port Harcourt,654000,,0
POL-245118,Abuja,388000,,0
POL-224022,Port Harcourt,471000,,1
POL-219446,Lagos,353000,,1
POL-237550,Ibadan,300000,,1
POL-200192,Ibadan,322000,,1
POL-104390,Lagos,206000,CLM-01463,0
POL-245234,Abuja,909000,,1
POL-262029,Kano,207000,,1
POL-244359,Ibadan,385000,,1
POL-104701,Kano,420000,CLM-01567,1
POL-253379,Ibadan,335000,,1
POL-231186,Abuja,362000,,0
POL-257448,Abuja,394000,,1
POL-105587,Lagos,361000,CLM-01862,1
POL-237494,Lagos,406000,,1
POL-226373,Lagos,280000,,1
POL-101719,Kano,266000,CLM-00573,1
POL-233732,Port Harcourt,556000,,1
POL-104385,Abuja,328000,CLM-01461,0
POL-223637,Port Harcourt,629000,,1
POL-227241,Ibadan,275000,,1
POL-241771,Ibadan,516000,,1
POL-106048,Port Harcourt,355000,CLM-02016,1
POL-242181,Abuja,353000,,0
POL-101421,Lagos,558000,CLM-00473,1
POL-258407,Ibadan,447000,,1
POL-228785,Abuja,246000,,1
POL-215865,Lagos,560000,,0
POL-205625,Port Harcourt,551000,,1
POL-255777,Lagos,214000,,0
POL-236396,Abuja,276000,,1
POL-209605,Port Harcourt,298000,,0
POL-204606,Abuja,359000,,1
POL-249369,Port Harcourt,698000,,1
POL-220585,Lagos,278000,,1
POL-256042,Abuja,500000,,1
POL-220374,Port Harcourt,313000,,1
POL-106318,Lagos,344000,CLM-02106,0
POL-213835,Kano,233000,,1
POL-105380,Abuja,483000,CLM-01793,0
POL-229697,Lagos,410000,,1
POL-104936,Kano,289000,CLM-01645,0
POL-252314,Abuja,244000,,0
POL-254434,Kano,229000,,1
POL-204311,Lagos,201000,,1
POL-210459,Port Harcourt,273000,,1
POL-251626,Lagos,370000,,0
POL-220958,Kano,709000,,0
POL-246311,Abuja,470000,,1
POL-101605,Kano,421000,CLM-00535,1
POL-226480,Lagos,679000,,1
POL-215262,Lagos,352000,,0
POL-218825,Port Harcourt,359000,,1
POL-237645,Ibadan,571000,,1
POL-223244,Ibadan,130000,,1
POL-105242,Ibadan,438000,CLM-01747,0
POL-256804,Lagos,650000,,1
POL-101872,Lagos,590000,CLM-00624,0
POL-255713,Lagos,205000,,1
POL-235059,Kano,225000,,1
POL-252594,Abuja,401000,,1
POL-230859,Abuja,350000,,1
POL-250332,Port Harcourt,224000,,1
POL-104162,Kano,611000,CLM-01387,0
POL-203144,Ibadan,207000,,0
POL-234049,Lagos,418000,,1
POL-247406,Ibadan,197000,,1
POL-244205,Port Harcourt,125000,,1
POL-241113,Lagos,306000,,1
POL-243853,Ibadan,343000,,1
POL-230676,Kano,218000,,0
POL-235314,Lagos,476000,,1
POL-220844,Lagos,275000,,1
POL-228627,Lagos,232000,,1
POL-239866,Kano,600000,,0
POL-253996,Ibadan,707000,,1
POL-215595,Kano,272000,,1
POL-104826,Lagos,406000,CLM-01608,0
POL-101592,Port Harcourt,416000,CLM-00530,1
POL-245729,Kano,183000,,1
POL-213941,Ibadan,342000,,1
POL-104889,Port Harcourt,459000,CLM-01629,1
POL-260057,Lagos,353000,,1
POL-218132,Lagos,635000,,1
POL-228711,Kano,926000,,1
POL-241632,Kano,561000,,1
POL-105128,Ibadan,325000,CLM-01709,1
POL-102891,Kano,365000,CLM-00963,1
POL-234669,Lagos,387000,,1
POL-246948,Port Harcourt,451000,,1
POL-106545,Abuja,477000,CLM-02181,0
POL-249483,Abuja,174000,,1
POL-258833,Lagos,350000,,0
POL-100939,Kano,235000,CLM-00313,1
POL-246887,Ibadan,574000,,1
POL-100492,Kano,443000,CLM-00164,1
POL-223046,Ibadan,251000,,1
POL-242314,Port Harcourt,363000,,1
POL-231682,Lagos,338000,,1
POL-243265,Abuja,323000,,1
POL-230599,Port Harcourt,301000,,1
POL-101945,Abuja,571000,CLM-00648,1
POL-104823,Lagos,514000,CLM-01607,1
POL-234391,Lagos,286000,,1
POL-213602,Kano,328000,,1
POL-100575,Abuja,477000,CLM-00191,1
POL-105612,Lagos,530000,CLM-01870,1
POL-244876,Lagos,759000,,0
POL-104519,Port Harcourt,303000,CLM-01506,1
POL-219663,Lagos,187000,,1
POL-217009,Port Harcourt,360000,,1
POL-211786,Abuja,356000,,1
POL-245386,Lagos,293000,,1
POL-212442,Port Harcourt,649000,,1
POL-234107,Ibadan,445000,,1
POL-102443,Lagos,476000,CLM-00814,1
POL-211248,Abuja,561000,,0
POL-235582,Lagos,280000,,0
POL-251096,Port Harcourt,281000,,0
POL-232617,Lagos,256000,,1
POL-214935,Abuja,349000,,1
POL-205580,Kano,101000,,1
POL-207308,Abuja,435000,,1
POL-207104,Kano,259000,,1
POL-260291,Ibadan,306000,,0
POL-242141,Lagos,212000,,0
POL-261413,Ibadan,560000,,1
POL-237178,Lagos,320000,,1
POL-203785,Abuja,453000,,1
POL-211686,Abuja,247000,,1
POL-233155,Lagos,365000,,1
POL-247696,Lagos,510000,,1
POL-241969,Ibadan,597000,,1
POL-244912,Lagos,210000,,1
POL-211225,Port Harcourt,395000,,1
POL-246054,Lagos,201000,,1
POL-221203,Abuja,326000,,1
POL-203711,Port Harcourt,692000,,1
POL-105043,Ibadan,288000,CLM-01681,0
POL-258633,Lagos,434000,,1
POL-235052,Abuja,391000,,1
POL-209054,Ibadan,350000,,1
POL-105215,Kano,479000,CLM-01738,1
POL-247595,Abuja,509000,,1
POL-103107,Lagos,276000,CLM-01035,1
POL-231304,Ibadan,239000,,1
POL-258901,Ibadan,242000,,1
POL-253639,Abuja,278000,,1
POL-216005,Ibadan,357000,,1
POL-202363,Lagos,362000,,1
POL-202265,Lagos,245000,,1
POL-228763,Lagos,278000,,1
POL-237196,Abuja,282000,,1
POL-227406,Abuja,817000,,1
POL-223893,Port Harcourt,310000,,0
POL-244630,Lagos,615000,,1
POL-236421,Port Harcourt,260000,,1
POL-213157,Lagos,467000,,1
POL-214845,Lagos,1289000,,1
POL-205704,Lagos,372000,,1
POL-255017,Abuja,491000,,0
POL-105669,Abuja,479000,CLM-01889,1
POL-105740,Abuja,416000,CLM-01913,1
POL-243763,Abuja,494000,,1
POL-103775,Abuja,198000,CLM-01258,1
POL-227500,Lagos,374000,,1
POL-225452,Abuja,239000,,1
POL-230117,Lagos,412000,,0
POL-237436,Lagos,349000,,1
POL-102119,Kano,315000,CLM-00706,1
POL-236294,Abuja,559000,,1
POL-212270,Kano,180000,,1
POL-226591,Lagos,609000,,1
POL-232166,Abuja,1023000,,1
POL-249179,Abuja,291000,,1
POL-233979,Port Harcourt,239000,,1
POL-253804,Abuja,462000,,1
POL-220454,Lagos,885000,,1
POL-104377,Lagos,390000,CLM-01459,1
POL-259616,Ibadan,315000,,1
POL-227759,Port Harcourt,340000,,1
POL-104526,Lagos,629000,CLM-01508,1
POL-257247,Lagos,320000,,1
POL-102932,Kano,454000,CLM-00977,1
POL-239329,Lagos,222000,,1
POL-238972,Port Harcourt,419000,,1
POL-234944,Ibadan,680000,,1
POL-261727,Port Harcourt,193000,,1
POL-227360,Abuja,467000,,1
POL-246228,Lagos,309000,,1
POL-203286,Abuja,463000,,1
POL-208379,Lagos,432000,,1
POL-226577,Ibadan,501000,,0
POL-230920,Abuja,344000,,1
POL-238649,Lagos,573000,,1
POL-252252,Abuja,592000,,1
POL-208706,Kano,296000,,0
POL-242724,Abuja,442000,,1
POL-210883,Kano,415000,,1
POL-219873,Abuja,259000,,1
POL-232062,Port Harcourt,410000,,0
POL-220710,Lagos,207000,,1
POL-252948,Lagos,230000,,0
POL-258584,Ibadan,754000,,1
POL-206496,Port Harcourt,510000,,1
POL-251409,Abuja,651000,,0
POL-200344,Kano,428000,,0
POL-248334,Lagos,284000,,1
POL-102545,Ibadan,686000,CLM-00848,1
POL-204825,Abuja,463000,,1
POL-104501,Ibadan,296000,CLM-01500,1
POL-103679,Ibadan,229000,CLM-01226,1
POL-256755,Port Harcourt,169000,,1
POL-104094,Lagos,376000,CLM-01364,0
POL-227138,Kano,443000,,1
POL-256429,Port Harcourt,340000,,0
POL-260365,Kano,582000,,1
POL-208648,Lagos,679000,,0
POL-224284,Ibadan,389000,,1
POL-219180,Kano,430000,,1
POL-104767,Lagos,651000,CLM-01589,0
POL-250775,Abuja,183000,,1
POL-224923,Abuja,846000,,1
POL-240253,Lagos,424000,,0
POL-223194,Abuja,426000,,1
POL-104181,Ibadan,679000,CLM-01393,0
POL-223838,Port Harcourt,363000,,1
POL-104452,Kano,481000,CLM-01484,1
POL-243104,Ibadan,651000,,0
POL-102673,Abuja,165000,CLM-00891,1
POL-256086,Port Harcourt,449000,,1
POL-222196,Port Harcourt,242000,,1
POL-235348,Lagos,308000,,1
POL-215626,Lagos,356000,,1
POL-101787,Port Harcourt,227000,CLM-00595,0
POL-201572,Abuja,163000,,1
POL-219023,Lagos,730000,,1
POL-222958,Lagos,592000,,1
POL-203852,Port Harcourt,343000,,1
POL-249596,Kano,358000,,0
POL-262591,Lagos,401000,,1
POL-101018,Port Harcourt,890000,CLM-00339,0
POL-241717,Port Harcourt,258000,,1
POL-209205,Port Harcourt,184000,,1
POL-260343,Lagos,422000,,1
POL-205886,Lagos,209000,,0
POL-218077,Lagos,314000,,0
POL-227702,Lagos,449000,,1
POL-225867,Port Harcourt,303000,,1
POL-251208,Lagos,271000,,0
POL-221701,Lagos,236000,,1
POL-106158,Lagos,456000,CLM-02052,1
POL-247554,Port Harcourt,354000,,1
POL-258010,Abuja,364000,,1
POL-238364,Ibadan,773000,,1
POL-219377,Ibadan,450000,,1
POL-221878,Lagos,344000,,1
POL-209787,Abuja,358000,,1
POL-222166,Lagos,146000,,1
POL-248271,Ibadan,316000,,1
POL-249573,Port Harcourt,362000,,0
POL-243661,Ibadan,302000,,1
POL-261977,Lagos,269000,,1
POL-218801,Abuja,145000,,1
POL-206573,Abuja,338000,,1
POL-100945,Kano,233000,CLM-00315,0
POL-103697,Abuja,498000,CLM-01232,1
POL-259039,Ibadan,353000,,1
POL-219133,Ibadan,558000,,0
POL-255137,Lagos,351000,,0
POL-259850,Lagos,567000,,1
POL-244271,Lagos,309000,,1
POL-220719,Abuja,256000,,1
POL-208804,Lagos,304000,,1
POL-213634,Abuja,372000,,0
POL-211801,Port Harcourt,501000,,1
POL-252740,Port Harcourt,254000,,1
POL-223203,Lagos,451000,,1
POL-104121,Lagos,500000,CLM-01373,1
POL-240986,Abuja,202000,,1
POL-220490,Abuja,333000,,1
POL-210242,Kano,445000,,1
POL-100674,Port Harcourt,710000,CLM-00224,1
POL-233394,Kano,297000,,1
POL-104816,Port Harcourt,348000,CLM-01605,0
POL-218673,Port Harcourt,347000,,0
POL-250417,Port Harcourt,229000,,1
POL-256294,Lagos,470000,,0
POL-208236,Port Harcourt,370000,,1
POL-258335,Port Harcourt,318000,,1
POL-203973,Ibadan,516000,,1
POL-233341,Lagos,421000,,1
POL-230088,Lagos,639000,,1
POL-241398,Port Harcourt,251000,,1
POL-100749,Port Harcourt,365000,CLM-00249,1
POL-103179,Abuja,532000,CLM-01059,0
POL-214474,Lagos,510000,,1
POL-100222,Lagos,273000,CLM-00074,1
POL-238997,Kano,193000,,1
POL-233586,Port Harcourt,455000,,1
POL-101053,Lagos,431000,CLM-00351,1
POL-261088,Kano,384000,,1
POL-208980,Lagos,481000,,1
POL-251583,Kano,673000,,1
POL-230369,Kano,263000,,1
POL-251066,Kano,555000,,1
POL-244618,Lagos,289000,,1
POL-227472,Port Harcourt,530000,,1
POL-247992,Ibadan,534000,,1
POL-228541,Lagos,438000,,0
POL-239344,Ibadan,380000,,1
POL-104200,Kano,347000,CLM-01400,1
POL-222533,Lagos,789000,,1
POL-231754,Abuja,261000,,1
POL-104020,Lagos,705000,CLM-01340,1
POL-215911,Lagos,322000,,1
POL-214682,Port Harcourt,500000,,0
POL-250276,Lagos,490000,,0
POL-224280,Lagos,983000,,0
POL-208071,Lagos,407000,,1
POL-261557,Lagos,412000,,1
POL-251385,Lagos,480000,,1
POL-220100,Lagos,541000,,1
POL-213423,Ibadan,242000,,0
POL-104796,Abuja,330000,CLM-01598,1
POL-205324,Ibadan,445000,,1
POL-208913,Lagos,352000,,1
POL-252031,Lagos,330000,,0
POL-102895,Lagos,386000,CLM-00965,0
POL-203667,Ibadan,381000,,1
POL-243811,Lagos,461000,,1
POL-216062,Lagos,243000,,1
POL-219403,Lagos,199000,,0
POL-102311,Lagos,506000,CLM-00770,0
POL-261368,Port Harcourt,354000,,1
POL-230548,Lagos,371000,,1
POL-237966,Lagos,240000,,1
POL-256467,Abuja,375000,,1
POL-201229,Port Harcourt,393000,,1
POL-252644,Lagos,511000,,1
POL-223284,Port Harcourt,528000,,1
POL-103193,Abuja,415000,CLM-01064,1
POL-104834,Kano,478000,CLM-01611,1
POL-224515,Ibadan,341000,,1
POL-102136,Kano,645000,CLM-00712,0
POL-220050,Port Harcourt,234000,,1
POL-242540,Lagos,435000,,0
POL-238580,Abuja,368000,,0
POL-254480,Lagos,647000,,1
POL-246830,Port Harcourt,272000,,1
POL-261328,Ibadan,646000,,1
POL-204687,Lagos,497000,,0
POL-246609,Ibadan,547000,,1
POL-225001,Kano,262000,,1
POL-256291,Lagos,448000,,0
POL-209451,Ibadan,261000,,1
POL-251934,Kano,626000,,1
POL-236831,Lagos,456000,,1
POL-228801,Abuja,474000,,0
POL-100769,Lagos,714000,CLM-00256,1
POL-220567,Lagos,344000,,1
POL-213890,Lagos,384000,,0
POL-246729,Lagos,532000,,0
POL-260598,Lagos,471000,,1
POL-245858,Abuja,411000,,1
POL-104294,Lagos,266000,CLM-01431,1
POL-250099,Lagos,519000,,1
POL-250722,Kano,289000,,1
POL-221132,Ibadan,450000,,1
POL-231057,Lagos,479000,,1
POL-256127,Kano,186000,,1
POL-227245,Lagos,239000,,1
POL-234562,Ibadan,329000,,1
POL-206920,Abuja,551000,,1
POL-222298,Abuja,357000,,1
POL-257349,Abuja,234000,,0
POL-253482,Lagos,243000,,1
POL-100330,Lagos,391000,CLM-00110,0
POL-210997,Lagos,421000,,1
POL-223784,Lagos,250000,,1
POL-226240,Kano,541000,,1
POL-102941,Abuja,200000,CLM-00980,1
POL-242435,Abuja,531000,,1
POL-201702,Lagos,373000,,1
POL-101810,Kano,403000,CLM-00603,1
POL-105426,Ibadan,276000,CLM-01808,1
POL-222563,Lagos,519000,,1
POL-258214,Ibadan,426000,,1
POL-208452,Ibadan,543000,,1
POL-242997,Ibadan,810000,,1
POL-227193,Port Harcourt,273000,,0
POL-227443,Port Harcourt,365000,,1
POL-100900,Port Harcourt,760000,CLM-00300,1
POL-102250,Abuja,567000,CLM-00750,1
POL-238251,Lagos,464000,,1
POL-259022,Abuja,214000,,1
POL-238313,Port Harcourt,575000,,1
POL-201195,Abuja,261000,,0
POL-241819,Port Harcourt,298000,,0
POL-105077,Lagos,458000,CLM-01692,1
POL-252999,Ibadan,642000,,1
POL-225179,Lagos,677000,,1
POL-233904,Port Harcourt,304000,,1
POL-214298,Abuja,339000,,1
POL-233008,Ibadan,382000,,1
POL-106207,Ibadan,337000,CLM-02069,1
POL-100840,Abuja,500000,CLM-00280,1
POL-257266,Port Harcourt,349000,,0
POL-231466,Lagos,370000,,1
POL-207843,Lagos,449000,,1
POL-102793,Abuja,614000,CLM-00931,1
POL-256845,Port Harcourt,367000,,1
POL-105447,Port Harcourt,622000,CLM-01815,1
POL-221978,Abuja,391000,,1
POL-235685,Port Harcourt,247000,,0
POL-231521,Port Harcourt,324000,,1
POL-241343,Lagos,399000,,1
POL-228907,Port Harcourt,646000,,0
POL-232001,Lagos,308000,,1
POL-200020,Kano,502000,,1
POL-206792,Ibadan,550000,,1
POL-101437,Abuja,351000,CLM-00479,0
POL-229171,Lagos,289000,,1
POL-232748,Abuja,259000,,0
POL-212988,Abuja,306000,,1
POL-103153,Port Harcourt,672000,CLM-01051,0
POL-106131,Ibadan,348000,CLM-02043,0
POL-220007,Abuja,242000,,1
POL-208907,Ibadan,441000,,0
POL-100498,Abuja,289000,CLM-00166,0
POL-207893,Lagos,299000,,0
POL-222447,Abuja,359000,,0
POL-224009,Lagos,408000,,1
POL-246226,Lagos,607000,,1
POL-246414,Lagos,259000,,0
POL-232967,Kano,319000,,1
POL-103156,Port Harcourt,298000,CLM-01052,1
POL-218718,Port Harcourt,475000,,1
POL-215323,Lagos,438000,,1
POL-228117,Kano,554000,,1
POL-245942,Ibadan,439000,,1
POL-101115,Ibadan,322000,CLM-00371,0
POL-250840,Lagos,342000,,1
POL-223094,Ibadan,408000,,1
POL-205639,Ibadan,465000,,1
POL-220902,Lagos,604000,,1
POL-101240,Abuja,268000,CLM-00413,1
POL-106313,Port Harcourt,411000,CLM-02104,0
POL-237316,Ibadan,441000,,0
POL-242676,Lagos,342000,,0
POL-101588,Abuja,309000,CLM-00529,1
POL-260588,Kano,411000,,1
POL-245528,Ibadan,310000,,1
POL-205908,Abuja,316000,,1
POL-261020,Lagos,309000,,1
POL-207386,Lagos,246000,,1
POL-207731,Lagos,497000,,1
POL-101367,Kano,216000,CLM-00455,0
POL-255542,Lagos,443000,,0
POL-105799,Lagos,337000,CLM-01933,1
POL-238800,Abuja,309000,,0
POL-215226,Lagos,443000,,0
POL-216719,Kano,437000,,1
POL-246917,Port Harcourt,484000,,1
POL-249924,Lagos,233000,,1
POL-256820,Ibadan,198000,,1
POL-250818,Lagos,286000,,1
POL-240951,Abuja,406000,,1
POL-102356,Kano,406000,CLM-00785,1
POL-257076,Lagos,475000,,1
POL-262944,Ibadan,481000,,1
POL-251666,Port Harcourt,288000,,1
POL-100244,Lagos,576000,CLM-00081,1
POL-103914,Kano,398000,CLM-01304,0
POL-234496,Lagos,367000,,1
POL-211157,Abuja,252000,,0
POL-218786,Abuja,286000,,1
POL-205652,Ibadan,715000,,0
POL-239652,Lagos,579000,,0
POL-224932,Ibadan,570000,,1
POL-253673,Lagos,318000,,0
POL-206409,Lagos,430000,,1
POL-227431,Port Harcourt,270000,,1
POL-210761,Abuja,367000,,1
POL-226155,Kano,307000,,1
POL-225534,Lagos,465000,,1
POL-225551,Kano,305000,,1
POL-101955,Kano,313000,CLM-00651,1
POL-229095,Lagos,511000,,0
POL-228219,Abuja,261000,,1
POL-211281,Port Harcourt,371000,,1
POL-248375,Port Harcourt,233000,,1
POL-238590,Port Harcourt,427000,,1
POL-235525,Kano,469000,,1
POL-223724,Kano,417000,,1
POL-217540,Abuja,442000,,1
POL-245937,Abuja,606000,,0
POL-207794,Ibadan,325000,,1
POL-244465,Lagos,182000,,1
POL-244702,Lagos,391000,,1
POL-256120,Kano,420000,,1
POL-233092,Lagos,467000,,1
POL-219627,Kano,180000,,1
POL-104006,Port Harcourt,339000,CLM-01335,1
POL-251479,Ibadan,448000,,1
POL-106509,Port Harcourt,383000,CLM-02169,0
POL-207213,Kano,409000,,1
POL-236858,Abuja,792000,,1
POL-256963,Ibadan,830000,,1
POL-219331,Kano,447000,,0
POL-203788,Lagos,423000,,1
POL-105538,Ibadan,440000,CLM-01846,0
POL-224474,Lagos,252000,,1
POL-204440,Lagos,448000,,1
POL-219801,Lagos,295000,,1
POL-258946,Lagos,364000,,1
POL-261424,Port Harcourt,185000,,1
POL-207273,Kano,542000,,1
POL-200137,Port Harcourt,481000,,1
POL-226193,Ibadan,557000,,1
POL-262569,Abuja,317000,,1
POL-212549,Abuja,345000,,1
POL-208016,Ibadan,387000,,1
POL-237894,Abuja,721000,,1
POL-203457,Ibadan,283000,,1
POL-239536,Lagos,335000,,1
POL-202882,Abuja,272000,,1
POL-207858,Lagos,238000,,1
POL-235850,Abuja,409000,,1
POL-240009,Kano,380000,,1
POL-252324,Port Harcourt,294000,,1
POL-219213,Ibadan,261000,,0
POL-105519,Port Harcourt,424000,CLM-01839,1
POL-230953,Abuja,458000,,0
POL-105333,Lagos,419000,CLM-01777,1
POL-258254,Lagos,386000,,1
POL-237479,Lagos,524000,,0
POL-102685,Lagos,1089000,CLM-00895,0
POL-102809,Port Harcourt,190000,CLM-00936,1
POL-248247,Lagos,551000,,1
POL-201061,Lagos,416000,,0
POL-103295,Port Harcourt,523000,CLM-01098,0
POL-101314,Lagos,538000,CLM-00438,1
POL-202994,Lagos,195000,,1
POL-217463,Port Harcourt,320000,,1
POL-262795,Abuja,421000,,1
POL-207125,Lagos,276000,,1
POL-237184,Abuja,367000,,1
POL-254381,Kano,127000,,1
POL-241964,Lagos,268000,,1
POL-227317,Ibadan,318000,,0
POL-220509,Abuja,791000,,1
POL-204289,Lagos,328000,,1
POL-231533,Lagos,211000,,0
POL-201691,Lagos,376000,,0
POL-222290,Lagos,188000,,1
POL-208811,Ibadan,370000,,1
POL-207379,Port Harcourt,369000,,0
POL-247835,Lagos,130000,,0
POL-234591,Ibadan,414000,,1
POL-240201,Lagos,400000,,1
POL-102458,Abuja,202000,CLM-00819,1
POL-223264,Kano,370000,,1
POL-201124,Lagos,411000,,1
POL-207675,Abuja,309000,,1
POL-252875,Ibadan,549000,,1
POL-232654,Abuja,408000,,1
POL-240373,Lagos,243000,,1
POL-103525,Ibadan,578000,CLM-01175,1
POL-205535,Abuja,401000,,1
POL-204203,Lagos,350000,,1
POL-244184,Lagos,488000,,1
POL-243486,Lagos,300000,,1
POL-105179,Port Harcourt,823000,CLM-01726,1
POL-228458,Abuja,282000,,1
POL-211490,Abuja,179000,,1
POL-229499,Abuja,363000,,0
POL-253085,Lagos,510000,,1
POL-100069,Ibadan,321000,CLM-00023,1
POL-216909,Lagos,334000,,0
POL-105980,Port Harcourt,214000,CLM-01993,1
POL-255422,Ibadan,446000,,1
POL-103796,Kano,231000,CLM-01265,1
POL-246323,Port Harcourt,252000,,1
POL-212193,Lagos,342000,,0
POL-240475,Kano,150000,,1
POL-223948,Ibadan,270000,,1
POL-219586,Abuja,509000,,1
POL-210493,Port Harcourt,345000,,1
POL-100257,Lagos,372000,CLM-00085,1
POL-232932,Lagos,243000,,1
POL-106429,Port Harcourt,335000,CLM-02143,1
POL-231462,Lagos,296000,,1
POL-229892,Port Harcourt,326000,,1
POL-234197,Abuja,293000,,1
POL-228649,Port Harcourt,291000,,1
POL-106237,Abuja,278000,CLM-02079,1
POL-262318,Port Harcourt,299000,,1
POL-237140,Kano,251000,,1
POL-253794,Kano,307000,,1
POL-233837,Ibadan,734000,,1
POL-105655,Port Harcourt,549000,CLM-01885,0
POL-223678,Port Harcourt,543000,,1
POL-244077,Ibadan,760000,,1
POL-103274,Lagos,1424000,CLM-01091,1
POL-219847,Kano,474000,,1
POL-244975,Abuja,613000,,1
POL-255552,Port Harcourt,289000,,1
POL-205527,Lagos,460000,,1
POL-261456,Lagos,368000,,0
POL-223461,Port Harcourt,309000,,1
POL-104362,Lagos,514000,CLM-01454,0
POL-215447,Ibadan,463000,,1
POL-262850,Abuja,523000,,0
POL-241615,Port Harcourt,312000,,0
POL-257494,Abuja,323000,,1
POL-103352,Lagos,220000,CLM-01117,1
POL-251121,Ibadan,617000,,1
POL-228035,Ibadan,363000,,1
POL-236528,Lagos,283000,,0
POL-255373,Abuja,293000,,1
POL-214947,Abuja,279000,,0
POL-232570,Lagos,370000,,1
POL-228952,Lagos,440000,,0
POL-230913,Lagos,509000,,1
POL-240566,Lagos,426000,,1
POL-216224,Lagos,319000,,1
POL-228742,Lagos,355000,,0
POL-213713,Abuja,202000,,1
POL-242926,Lagos,386000,,1
POL-101337,Lagos,247000,CLM-00445,1
POL-101932,Lagos,333000,CLM-00644,1
POL-225974,Ibadan,676000,,1
POL-101184,Abuja,543000,CLM-00394,0
POL-262708,Lagos,216000,,1
POL-213755,Abuja,312000,,0
POL-235686,Abuja,493000,,1
POL-257643,Kano,468000,,0
POL-237866,Abuja,260000,,1
POL-238915,Ibadan,252000,,1
POL-102518,Lagos,607000,CLM-00839,1
POL-232946,Port Harcourt,267000,,1
POL-236230,Lagos,168000,,1
POL-253222,Lagos,346000,,0
POL-224893,Lagos,488000,,1
POL-219509,Kano,491000,,1
POL-208250,Lagos,217000,,0
POL-222977,Port Harcourt,440000,,1
POL-200511,Ibadan,527000,,1
POL-227182,Lagos,631000,,1
POL-205076,Port Harcourt,338000,,1
POL-100996,Ibadan,442000,CLM-00332,0
POL-101281,Port Harcourt,267000,CLM-00427,0
POL-100184,Port Harcourt,418000,CLM-00061,0
POL-104023,Lagos,302000,CLM-01341,1
POL-104591,Abuja,654000,CLM-01530,1
POL-101775,Abuja,199000,CLM-00591,1
POL-254194,Lagos,722000,,1
POL-236090,Abuja,396000,,0
POL-229774,Port Harcourt,343000,,1
POL-256834,Abuja,244000,,1
POL-221998,Abuja,317000,,1
POL-237839,Port Harcourt,253000,,1
POL-100908,Lagos,527000,CLM-00302,0
POL-216299,Lagos,266000,,0
POL-248651,Abuja,478000,,1
POL-200901,Lagos,283000,,1
POL-245176,Lagos,199000,,1
POL-258551,Kano,139000,,1
POL-214430,Lagos,322000,,1
POL-213192,Kano,266000,,0
POL-243110,Lagos,336000,,1
POL-257051,Kano,332000,,1
POL-255406,Lagos,268000,,1
POL-244416,Abuja,550000,,1
POL-100169,Abuja,471000,CLM-00056,0
POL-106210,Kano,210000,CLM-02070,0
POL-262646,Abuja,517000,,1
POL-247084,Abuja,410000,,1
POL-215986,Lagos,329000,,1
POL-227478,Lagos,451000,,1
POL-214765,Port Harcourt,295000,,1
POL-224652,Lagos,421000,,1
POL-213056,Lagos,525000,,1
POL-218737,Ibadan,533000,,1
POL-244691,Port Harcourt,573000,,1
POL-244599,Abuja,357000,,0
POL-256254,Lagos,274000,,0
POL-229032,Ibadan,626000,,1
POL-210689,Lagos,675000,,1
POL-253717,Port Harcourt,250000,,1
POL-203201,Abuja,526000,,1
POL-210008,Ibadan,510000,,1
POL-103919,Kano,159000,CLM-01306,1
POL-259558,Lagos,468000,,1
POL-210319,Kano,653000,,1
POL-212999,Port Harcourt,251000,,0
POL-100130,Lagos,353000,CLM-00043,0
POL-232221,Port Harcourt,302000,,1
POL-216759,Ibadan,525000,,1
POL-208027,Lagos,253000,,1
POL-242830,Port Harcourt,241000,,1
POL-239840,Kano,440000,,0
POL-103416,Abuja,502000,CLM-01138,0
POL-244215,Ibadan,498000,,1
POL-257932,Port Harcourt,332000,,1
POL-101406,Lagos,383000,CLM-00468,1
POL-221048,Ibadan,494000,,0
POL-231002,Lagos,166000,,0
POL-103823,Lagos,480000,CLM-01274,0
POL-249482,Abuja,384000,,1
POL-103488,Lagos,416000,CLM-01162,1
POL-229647,Lagos,688000,,1
POL-207198,Kano,525000,,0
POL-219549,Lagos,465000,,1
POL-106218,Ibadan,320000,CLM-02072,1
POL-211903,Kano,465000,,1
POL-224027,Ibadan,247000,,1
POL-218417,Port Harcourt,571000,,1
POL-252402,Lagos,899000,,1
POL-213725,Lagos,329000,,1
POL-248387,Lagos,366000,,1
POL-253015,Lagos,181000,,1
POL-223172,Kano,781000,,0
POL-252155,Lagos,448000,,1
POL-246106,Abuja,411000,,1
POL-250187,Ibadan,260000,,0
POL-219117,Port Harcourt,465000,,1
POL-247381,Lagos,256000,,1
POL-203903,Port Harcourt,298000,,1
POL-215059,Ibadan,505000,,0
POL-205832,Lagos,219000,,1
POL-212682,Port Harcourt,309000,,0
POL-256939,Lagos,395000,,0
POL-222591,Ibadan,584000,,1
POL-106038,Ibadan,314000,CLM-02012,0
POL-213028,Port Harcourt,507000,,1
POL-234360,Ibadan,461000,,1
POL-105715,Port Harcourt,213000,CLM-01905,1
POL-217342,Lagos,538000,,1
POL-240645,Kano,302000,,1
POL-209260,Abuja,162000,,1
POL-212742,Port Harcourt,582000,,1
POL-102773,Lagos,635000,CLM-00924,0
POL-228813,Abuja,422000,,1
POL-205032,Lagos,433000,,1
POL-224939,Port Harcourt,307000,,1
POL-212603,Lagos,254000,,1
POL-225846,Port Harcourt,265000,,1
POL-228203,Ibadan,442000,,0
POL-233494,Abuja,325000,,1
POL-224610,Lagos,499000,,1
POL-246519,Ibadan,537000,,1
POL-225368,Lagos,299000,,1
POL-239198,Abuja,304000,,0
POL-210026,Port Harcourt,617000,,1
POL-221511,Lagos,332000,,0
POL-238926,Lagos,455000,,1
POL-104288,Lagos,231000,CLM-01429,1
POL-262834,Kano,351000,,1
POL-201994,Abuja,441000,,1
POL-222017,Kano,343000,,1
POL-223397,Lagos,307000,,1
POL-220910,Lagos,363000,,1
POL-100798,Kano,496000,CLM-00266,1
POL-231007,Ibadan,247000,,0
POL-242262,Abuja,338000,,1
POL-227226,Lagos,516000,,1
POL-227559,Port Harcourt,510000,,1
POL-260947,Lagos,308000,,1
POL-248077,Abuja,332000,,1
POL-234720,Abuja,199000,,0
POL-238636,Kano,330000,,1
POL-230232,Lagos,271000,,1
POL-261250,Lagos,364000,,1
POL-248748,Lagos,232000,,1
POL-225838,Abuja,607000,,1
POL-222070,Lagos,457000,,0
POL-253949,Lagos,425000,,1
POL-210559,Kano,206000,,1
POL-101278,Lagos,573000,CLM-00426,0
POL-217282,Abuja,610000,,0
POL-204690,Ibadan,213000,,1
POL-230986,Port Harcourt,331000,,1
POL-246683,Lagos,225000,,1
POL-104813,Kano,302000,CLM-01604,0
POL-104466,Abuja,493000,CLM-01488,0
POL-257126,Ibadan,592000,,1
POL-103355,Lagos,430000,CLM-01118,1
POL-106432,Kano,374000,CLM-02144,1
POL-248583,Lagos,254000,,1
POL-232646,Kano,510000,,1
POL-217801,Ibadan,350000,,1
POL-253557,Ibadan,482000,,1
POL-256172,Lagos,468000,,1
POL-209392,Ibadan,359000,,1
POL-240146,Lagos,298000,,1
POL-228727,Lagos,476000,,1
POL-235321,Lagos,322000,,1
POL-102039,Lagos,206000,CLM-00679,1
POL-240089,Ibadan,481000,,1
POL-251593,Lagos,220000,,1
POL-102417,Lagos,609000,CLM-00805,0
POL-226984,Lagos,428000,,1
POL-101911,Abuja,521000,CLM-00637,0
POL-105755,Lagos,423000,CLM-01918,1
POL-106554,Port Harcourt,537000,CLM-02184,0
POL-104944,Abuja,275000,CLM-01648,1
POL-205232,Ibadan,134000,,1
POL-102193,Abuja,1232000,CLM-00731,1
POL-207429,Ibadan,258000,,0
POL-103875,Port Harcourt,704000,CLM-01291,1
POL-206749,Kano,324000,,1
POL-224121,Lagos,530000,,0
POL-242377,Port Harcourt,180000,,0
POL-103489,Port Harcourt,734000,CLM-01163,0
POL-200251,Abuja,730000,,1
POL-102820,Ibadan,519000,CLM-00940,0
POL-228734,Ibadan,104000,,1
POL-230663,Lagos,438000,,1
POL-104861,Lagos,276000,CLM-01620,1
POL-255561,Lagos,616000,,1
POL-105301,Lagos,246000,CLM-01767,1
POL-240015,Lagos,408000,,1
POL-207234,Lagos,594000,,0
POL-227668,Lagos,449000,,1
POL-240721,Kano,202000,,0
POL-224159,Ibadan,1068000,,1
POL-259388,Abuja,760000,,1
POL-205257,Ibadan,391000,,1
POL-208569,Lagos,286000,,1
POL-215065,Lagos,465000,,1
POL-105299,Port Harcourt,419000,CLM-01766,1
POL-203988,Lagos,428000,,1
POL-210573,Kano,161000,,1
POL-200145,Port Harcourt,436000,,1
POL-202902,Abuja,228000,,1
POL-257426,Ibadan,364000,,0
POL-230144,Lagos,143000,,0
POL-260849,Abuja,544000,,1
POL-219559,Lagos,521000,,0
POL-228226,Kano,373000,,1
POL-236002,Kano,495000,,1
POL-105565,Kano,571000,CLM-01855,0
POL-216564,Port Harcourt,272000,,1
POL-236308,Abuja,367000,,1
POL-261927,Kano,239000,,1
POL-104467,Lagos,421000,CLM-01489,1
POL-250173,Abuja,337000,,1
POL-213109,Abuja,386000,,1
POL-254584,Lagos,484000,,1
POL-104479,Abuja,328000,CLM-01493,1
POL-200162,Abuja,303000,,1
POL-202238,Port Harcourt,356000,,1
POL-243979,Lagos,313000,,1
POL-219950,Kano,396000,,0
POL-254430,Lagos,303000,,0
POL-226361,Port Harcourt,694000,,1
POL-106513,Lagos,266000,CLM-02171,0
POL-106279,Ibadan,758000,CLM-02093,1
POL-233694,Abuja,357000,,1
POL-106463,Port Harcourt,491000,CLM-02154,0
POL-210601,Abuja,223000,,1
POL-213044,Port Harcourt,277000,,1
POL-250824,Lagos,355000,,1
POL-241875,Abuja,430000,,0
POL-105939,Lagos,354000,CLM-01979,0
POL-225999,Ibadan,356000,,1
POL-228047,Abuja,441000,,1
POL-206867,Kano,468000,,1
POL-223665,Lagos,271000,,1
POL-222635,Lagos,176000,,1
POL-242859,Ibadan,767000,,0
POL-105971,Abuja,248000,CLM-01990,1
POL-231910,Port Harcourt,599000,,1
POL-204700,Kano,258000,,1
POL-204339,Lagos,409000,,1
POL-252244,Lagos,277000,,1
POL-256269,Lagos,260000,,1
POL-105921,Port Harcourt,488000,CLM-01973,1
POL-259631,Abuja,753000,,1
POL-222486,Port Harcourt,373000,,1
POL-254806,Abuja,446000,,1
POL-247767,Ibadan,346000,,1
POL-241552,Abuja,256000,,0
POL-259656,Lagos,385000,,1
POL-247519,Lagos,333000,,1
POL-235801,Abuja,439000,,1
POL-210712,Ibadan,280000,,1
POL-249566,Abuja,261000,,0
POL-260464,Port Harcourt,463000,,1
POL-218725,Abuja,437000,,1
POL-246500,Lagos,297000,,1
POL-100695,Lagos,399000,CLM-00231,1
POL-105418,Lagos,228000,CLM-01806,1
POL-245638,Abuja,640000,,0
POL-227791,Lagos,169000,,1
POL-235118,Lagos,238000,,1
POL-208681,Abuja,228000,,1
POL-224111,Lagos,242000,,1
POL-104558,Kano,317000,CLM-01519,0
POL-234140,Ibadan,373000,,1
POL-214037,Port Harcourt,411000,,1
POL-249441,Port Harcourt,414000,,0
POL-229668,Ibadan,304000,,1
POL-226891,Lagos,176000,,1
POL-234956,Lagos,310000,,1
POL-103670,Ibadan,324000,CLM-01223,1
POL-244847,Abuja,415000,,1
POL-254659,Lagos,373000,,0
POL-200856,Lagos,383000,,1
POL-103505,Lagos,597000,CLM-01168,0
POL-242046,Lagos,301000,,0
POL-230846,Lagos,437000,,1
POL-240619,Kano,225000,,1
POL-214363,Abuja,354000,,0
POL-106035,Ibadan,600000,CLM-02011,1
POL-236445,Lagos,359000,,1
POL-231110,Abuja,294000,,1
POL-257575,Port Harcourt,650000,,1
POL-245002,Abuja,358000,,0
POL-229836,Lagos,217000,,0
POL-214744,Ibadan,235000,,1
POL-215362,Port Harcourt,238000,,1
POL-209428,Kano,441000,,1
POL-242870,Lagos,282000,,1
POL-251771,Ibadan,479000,,1
POL-253489,Abuja,170000,,1
POL-260391,Lagos,355000,,1
POL-106398,Ibadan,289000,CLM-02132,1
POL-248665,Abuja,475000,,1
POL-105080,Lagos,492000,CLM-01693,1
POL-242976,Lagos,204000,,1
POL-253327,Lagos,451000,,1
POL-240382,Kano,460000,,1
POL-221411,Lagos,648000,,1
POL-210952,Kano,420000,,1
POL-201082,Lagos,478000,,1
POL-101762,Lagos,357000,CLM-00587,1
POL-105781,Lagos,466000,CLM-01927,1
POL-205035,Ibadan,383000,,1
POL-103473,Ibadan,342000,CLM-01157,1
POL-203002,Ibadan,206000,,1
POL-232089,Ibadan,202000,,0
POL-214181,Abuja,735000,,1
POL-100190,Ibadan,244000,CLM-00063,0
POL-251618,Abuja,405000,,1
POL-100587,Lagos,460000,CLM-00195,0
POL-215642,Port Harcourt,329000,,1
POL-217641,Lagos,348000,,1
POL-209660,Lagos,179000,,1
POL-106350,Kano,267000,CLM-02116,1
POL-251694,Lagos,452000,,1
POL-226231,Ibadan,487000,,1
POL-104654,Lagos,413000,CLM-01551,1
POL-209300,Port Harcourt,247000,,1
POL-210150,Lagos,398000,,1
POL-105711,Lagos,367000,CLM-01903,1
POL-252852,Lagos,396000,,0
POL-207452,Abuja,198000,,1
POL-201235,Port Harcourt,507000,,1
POL-238196,Ibadan,1050000,,1
POL-213022,Lagos,455000,,1
POL-221581,Lagos,522000,,0
POL-249000,Kano,595000,,1
POL-240111,Lagos,623000,,0
POL-233805,Port Harcourt,282000,,1
POL-225198,Kano,470000,,1
POL-254168,Ibadan,427000,,1
POL-235285,Kano,243000,,1
POL-228500,Abuja,425000,,1
POL-229137,Lagos,516000,,1
POL-100101,Kano,419000,CLM-00033,1
POL-104909,Lagos,746000,CLM-01636,1
POL-204416,Ibadan,316000,,1
POL-207650,Abuja,507000,,0
POL-237682,Lagos,179000,,1
POL-106566,Ibadan,566000,CLM-02188,1
POL-207709,Lagos,382000,,1
POL-250382,Lagos,448000,,0
POL-208662,Port Harcourt,337000,,1
POL-100293,Lagos,444000,CLM-00097,0
POL-261323,Abuja,616000,,0
POL-262579,Ibadan,371000,,1
POL-221764,Lagos,566000,,1
POL-104689,Lagos,266000,CLM-01563,0
POL-242316,Abuja,400000,,1
POL-203182,Lagos,326000,,0
POL-225917,Ibadan,376000,,1
POL-102854,Lagos,341000,CLM-00951,1
POL-231418,Ibadan,269000,,1
POL-204733,Ibadan,397000,,1
POL-211554,Abuja,690000,,0
POL-104264,Abuja,648000,CLM-01421,1
POL-233380,Abuja,194000,,1
POL-213979,Abuja,533000,,0
POL-203137,Abuja,217000,,1
POL-218969,Abuja,701000,,1
POL-205755,Lagos,544000,,1
POL-100346,Abuja,393000,CLM-00115,1
POL-214406,Lagos,328000,,1
POL-103960,Port Harcourt,453000,CLM-01320,1
POL-208107,Lagos,237000,,1
POL-211860,Kano,298000,,1
POL-223657,Ibadan,136000,,1
POL-246159,Abuja,214000,,1
POL-208789,Lagos,482000,,1
POL-209697,Abuja,358000,,1
POL-248784,Abuja,374000,,1
POL-105891,Kano,289000,CLM-01963,1
POL-205240,Lagos,452000,,1
POL-241932,Kano,152000,,0
POL-261785,Port Harcourt,217000,,1
POL-251737,Lagos,766000,,0
POL-204600,Abuja,241000,,1
POL-215087,Port Harcourt,530000,,1
POL-104055,Ibadan,317000,CLM-01351,1
POL-215702,Kano,230000,,0
POL-233299,Lagos,350000,,1
POL-245506,Port Harcourt,285000,,1
POL-246481,Ibadan,327000,,1
POL-101600,Lagos,650000,CLM-00533,1
POL-231729,Lagos,253000,,0
POL-249631,Ibadan,430000,,1
POL-200495,Abuja,356000,,1
POL-216770,Lagos,854000,,1
POL-211415,Kano,415000,,1
POL-212430,Lagos,142000,,1
POL-237329,Ibadan,309000,,1
POL-206056,Lagos,538000,,1
POL-230416,Lagos,493000,,1
POL-228797,Lagos,165000,,1
POL-240070,Kano,229000,,1
POL-250735,Lagos,234000,,1
POL-239739,Ibadan,399000,,1
POL-247786,Lagos,322000,,1
POL-250004,Lagos,350000,,1
POL-233957,Ibadan,256000,,1
POL-245479,Ibadan,336000,,1
POL-212169,Abuja,194000,,0
POL-200404,Lagos,182000,,1
POL-254465,Abuja,313000,,1
POL-218608,Abuja,386000,,1
POL-104790,Abuja,264000,CLM-01596,1
POL-243602,Ibadan,390000,,1
POL-102294,Port Harcourt,302000,CLM-00764,1
POL-203458,Lagos,202000,,1
POL-235678,Lagos,457000,,1
POL-228171,Lagos,551000,,1
POL-216949,Ibadan,288000,,1
POL-103644,Abuja,412000,CLM-01214,1
POL-202419,Lagos,437000,,0
POL-253143,Lagos,367000,,1
POL-218240,Kano,457000,,1
POL-209541,Abuja,275000,,1
POL-252220,Abuja,336000,,1
POL-247110,Ibadan,516000,,1
POL-106176,Ibadan,438000,CLM-02058,0
POL-229742,Port Harcourt,526000,,1
POL-233255,Port Harcourt,232000,,1
POL-241598,Abuja,377000,,1
POL-105704,Kano,297000,CLM-01901,1
POL-223422,Lagos,464000,,1
POL-100608,Lagos,334000,CLM-00202,1
POL-255151,Abuja,373000,,1
POL-258116,Abuja,362000,,1
POL-204576,Lagos,360000,,1
POL-229754,Port Harcourt,218000,,1
POL-215553,Abuja,404000,,1
POL-240360,Lagos,347000,,1
POL-103000,Port Harcourt,548000,CLM-01000,1
POL-232144,Lagos,326000,,1
POL-104342,Ibadan,317000,CLM-01447,0
POL-205149,Ibadan,346000,,1
POL-217504,Lagos,386000,,0
POL-226441,Lagos,343000,,0
POL-239474,Lagos,348000,,1
POL-206292,Abuja,454000,,1
POL-242391,Port Harcourt,292000,,1
POL-254094,Ibadan,451000,,1
POL-238928,Lagos,528000,,1
POL-246089,Port Harcourt,252000,,1
POL-234317,Port Harcourt,598000,,1
POL-252007,Lagos,318000,,1
POL-211184,Ibadan,301000,,1
POL-227201,Kano,242000,,1
POL-215573,Lagos,353000,,1
POL-208006,Ibadan,270000,,1
POL-211999,Ibadan,363000,,1
POL-203957,Lagos,682000,,1
POL-105485,Ibadan,451000,CLM-01828,1
POL-227017,Port Harcourt,931000,,1
POL-204796,Kano,438000,,1
POL-215268,Lagos,446000,,1
POL-207111,Kano,228000,,1
POL-104344,Abuja,512000,CLM-01448,1
POL-223004,Lagos,739000,,1
POL-212356,Abuja,317000,,0
POL-101191,Abuja,445000,CLM-00397,1
POL-200082,Lagos,134000,,0
POL-254763,Lagos,440000,,1
POL-248324,Lagos,374000,,1
POL-204123,Abuja,355000,,1
POL-230746,Abuja,386000,,0
POL-100923,Abuja,307000,CLM-00307,1
POL-243252,Abuja,651000,,1
POL-242886,Abuja,180000,,1
POL-239414,Lagos,327000,,1
POL-101986,Lagos,923000,CLM-00662,1
POL-254554,Port Harcourt,392000,,1
POL-217323,Port Harcourt,316000,,1
POL-101132,Port Harcourt,455000,CLM-00377,1
POL-248098,Lagos,362000,,1
POL-208984,Port Harcourt,334000,,1
POL-261159,Port Harcourt,272000,,0
POL-212540,Ibadan,335000,,0
POL-250938,Lagos,320000,,1
POL-203888,Kano,229000,,1
POL-203049,Abuja,261000,,1
POL-213591,Kano,304000,,1
POL-219280,Port Harcourt,217000,,1
POL-239273,Ibadan,447000,,1
POL-220514,Abuja,329000,,1
POL-101089,Port Harcourt,465000,CLM-00363,0
POL-230128,Abuja,375000,,1
POL-102159,Abuja,745000,CLM-00719,0
POL-215728,Lagos,395000,,1
POL-100928,Lagos,366000,CLM-00309,0
POL-215718,Abuja,341000,,0
POL-205941,Port Harcourt,524000,,1
POL-247563,Ibadan,267000,,1
POL-250112,Port Harcourt,360000,,1
POL-240315,Port Harcourt,269000,,1
POL-235496,Port Harcourt,408000,,1
POL-221505,Kano,511000,,0
POL-101819,Lagos,535000,CLM-00606,1
POL-237947,Port Harcourt,322000,,0
POL-258304,Ibadan,652000,,1
POL-224677,Abuja,422000,,1
POL-244792,Ibadan,373000,,1
POL-104943,Ibadan,467000,CLM-01647,1
POL-248649,Port Harcourt,265000,,1
POL-231885,Port Harcourt,491000,,0
POL-234528,Ibadan,486000,,1
POL-256372,Lagos,284000,,1
POL-220219,Abuja,322000,,1
POL-218216,Abuja,686000,,1
POL-260799,Lagos,430000,,1
POL-215841,Ibadan,283000,,1
POL-218844,Ibadan,431000,,1
POL-101766,Lagos,382000,CLM-00588,1
POL-235740,Port Harcourt,179000,,1
POL-210345,Ibadan,425000,,1
POL-255357,Lagos,467000,,1
POL-101603,Lagos,380000,CLM-00534,1
POL-102977,Abuja,250000,CLM-00992,1
POL-248960,Kano,355000,,0
POL-221544,Lagos,630000,,1
POL-218469,Port Harcourt,236000,,1
POL-205267,Kano,361000,,1
POL-212796,Ibadan,224000,,0
POL-237829,Lagos,625000,,0
POL-229912,Abuja,410000,,0
POL-241992,Lagos,466000,,0
POL-242159,Kano,373000,,1
POL-255180,Lagos,431000,,1
POL-254699,Lagos,140000,,1
POL-251648,Lagos,283000,,1
POL-216405,Kano,602000,,0
POL-255747,Lagos,457000,,1
POL-220202,Lagos,251000,,0
POL-209104,Lagos,247000,,1
POL-103426,Port Harcourt,389000,CLM-01142,0
POL-249543,Port Harcourt,378000,,1
POL-256533,Abuja,334000,,1
POL-242486,Port Harcourt,283000,,1
POL-104819,Port Harcourt,371000,CLM-01606,1
POL-234180,Ibadan,413000,,1
POL-235171,Port Harcourt,246000,,1
POL-242507,Abuja,474000,,0
POL-242229,Ibadan,265000,,0
POL-100861,Abuja,362000,CLM-00287,1
POL-258574,Kano,185000,,0
POL-258789,Kano,451000,,1
POL-218643,Ibadan,332000,,1
POL-250063,Port Harcourt,461000,,1
POL-250403,Port Harcourt,413000,,1
POL-231559,Lagos,294000,,1
POL-258390,Ibadan,278000,,1
POL-104135,Lagos,715000,CLM-01378,0
POL-224060,Abuja,283000,,1
POL-235660,Abuja,134000,,1
POL-261127,Abuja,336000,,1
POL-210521,Ibadan,339000,,1
POL-208628,Lagos,371000,,1
POL-229988,Lagos,484000,,1
POL-226869,Ibadan,309000,,1
POL-207535,Ibadan,474000,,0
POL-254530,Abuja,599000,,1
POL-213578,Abuja,370000,,1
POL-104415,Lagos,401000,CLM-01471,0
POL-223868,Port Harcourt,667000,,1
POL-247635,Ibadan,279000,,1
POL-214629,Lagos,295000,,1
POL-232312,Lagos,344000,,1
POL-229480,Lagos,532000,,1
POL-209437,Lagos,442000,,1
POL-100029,Abuja,792000,CLM-00009,0
POL-227834,Lagos,275000,,1
POL-103851,Lagos,405000,CLM-01283,1
POL-233053,Port Harcourt,228000,,0
POL-100031,Lagos,171000,CLM-00010,1
POL-257940,Kano,364000,,1
POL-223236,Lagos,648000,,0
POL-229659,Port Harcourt,526000,,1
POL-241737,Port Harcourt,288000,,1
POL-246067,Kano,274000,,1
POL-105931,Lagos,297000,CLM-01977,1
POL-211932,Lagos,464000,,1
POL-201862,Lagos,402000,,1
POL-222840,Ibadan,663000,,0
POL-101498,Lagos,202000,CLM-00499,1
POL-235513,Ibadan,575000,,1
POL-213449,Lagos,429000,,1
POL-246133,Kano,201000,,1
POL-244382,Lagos,526000,,0
POL-206802,Ibadan,233000,,0
POL-255647,Lagos,317000,,1
POL-248720,Port Harcourt,203000,,1
POL-243530,Abuja,613000,,1
POL-250479,Port Harcourt,261000,,1
POL-262855,Port Harcourt,375000,,1
POL-219408,Lagos,255000,,1
POL-248878,Lagos,509000,,1
POL-236822,Lagos,536000,,0
POL-236951,Kano,572000,,0
POL-255680,Port Harcourt,487000,,1
POL-226271,Port Harcourt,117000,,1
POL-240056,Port Harcourt,286000,,1
POL-252694,Lagos,373000,,1
POL-226215,Kano,240000,,1
POL-241889,Abuja,333000,,1
POL-237107,Lagos,265000,,0
POL-228399,Ibadan,250000,,1
POL-229201,Ibadan,259000,,1
POL-236408,Port Harcourt,274000,,1
POL-237575,Port Harcourt,339000,,1
POL-250265,Ibadan,168000,,0
POL-239913,Port Harcourt,215000,,1
POL-244523,Abuja,201000,,1
POL-203873,Kano,478000,,1
POL-204965,Abuja,440000,,1
POL-215666,Lagos,247000,,1
POL-230303,Port Harcourt,398000,,1
POL-102974,Ibadan,206000,CLM-00991,0
POL-102636,Lagos,427000,CLM-00878,1
POL-256659,Lagos,522000,,1
POL-234363,Abuja,503000,,1
POL-234708,Abuja,307000,,1
POL-225951,Lagos,317000,,1
POL-200507,Ibadan,274000,,1
POL-216342,Kano,200000,,1
POL-205765,Kano,257000,,1
POL-214307,Abuja,346000,,1
POL-220327,Port Harcourt,352000,,0
POL-262057,Lagos,465000,,1
POL-255441,Port Harcourt,483000,,0
POL-102925,Port Harcourt,269000,CLM-00975,1
POL-238224,Lagos,223000,,0
POL-230782,Abuja,582000,,0
POL-214938,Port Harcourt,351000,,0
POL-260417,Abuja,381000,,1
POL-101381,Ibadan,206000,CLM-00460,1
POL-217929,Lagos,193000,,1
POL-260753,Lagos,262000,,1
POL-210990,Abuja,445000,,1
POL-210940,Lagos,791000,,1
POL-254328,Ibadan,697000,,1
POL-239770,Lagos,328000,,1
POL-204304,Kano,332000,,1
POL-208271,Lagos,704000,,0
POL-214822,Lagos,236000,,1
POL-212349,Lagos,204000,,1
POL-254883,Ibadan,468000,,1
POL-244827,Lagos,256000,,1
POL-101557,Lagos,398000,CLM-00519,1
POL-103826,Abuja,450000,CLM-01275,1
POL-261894,Kano,277000,,1
POL-229143,Lagos,154000,,1
POL-260520,Abuja,317000,,1
POL-235417,Kano,501000,,1
POL-205386,Lagos,387000,,1
POL-240231,Lagos,347000,,1
POL-259369,Ibadan,296000,,1
POL-200370,Lagos,433000,,1
POL-217184,Lagos,288000,,1
POL-253131,Port Harcourt,488000,,1
POL-260632,Ibadan,325000,,0
POL-215967,Port Harcourt,305000,,0
POL-100167,Ibadan,456000,CLM-00055,1
POL-102164,Lagos,352000,CLM-00721,1
POL-232898,Port Harcourt,178000,,1
POL-249844,Kano,252000,,1
POL-233680,Kano,421000,,1
POL-230523,Port Harcourt,539000,,1
POL-205103,Lagos,315000,,0
POL-212693,Lagos,334000,,1
POL-102738,Port Harcourt,480000,CLM-00912,1
POL-213073,Lagos,371000,,1
POL-105220,Kano,297000,CLM-01740,1
POL-260479,Lagos,383000,,1
POL-102543,Abuja,365000,CLM-00847,1
POL-105914,Abuja,232000,CLM-01971,1
POL-238867,Lagos,178000,,0
POL-246978,Abuja,296000,,1
POL-101799,Lagos,399000,CLM-00599,0
POL-235506,Ibadan,351000,,0
POL-105308,Port Harcourt,331000,CLM-01769,1
POL-210822,Kano,467000,,1
POL-105947,Abuja,481000,CLM-01982,1
POL-236320,Lagos,338000,,1
POL-212793,Abuja,334000,,1
POL-260151,Port Harcourt,595000,,1
POL-206074,Lagos,385000,,1
POL-208517,Port Harcourt,525000,,0
POL-224743,Lagos,271000,,1
POL-252477,Lagos,467000,,1
POL-106366,Port Harcourt,236000,CLM-02122,1
POL-230283,Lagos,597000,,1
POL-100615,Lagos,200000,CLM-00205,1
POL-202482,Abuja,301000,,1
POL-253452,Ibadan,287000,,1
POL-224273,Kano,313000,,0
POL-228979,Lagos,346000,,1
POL-227255,Lagos,500000,,1
POL-201042,Abuja,262000,,1
POL-222656,Abuja,203000,,0
POL-230754,Lagos,203000,,1
POL-228182,Port Harcourt,448000,,0
POL-228272,Ibadan,449000,,1
POL-262093,Lagos,270000,,0
POL-227011,Lagos,247000,,1
POL-226162,Abuja,316000,,1
POL-230359,Lagos,419000,,1
POL-237401,Kano,225000,,1
POL-241996,Kano,350000,,1
POL-208141,Abuja,665000,,1
POL-257391,Abuja,239000,,1
POL-101788,Port Harcourt,284000,CLM-00596,0
POL-212135,Lagos,251000,,1
POL-225657,Lagos,328000,,1
POL-204974,Lagos,379000,,1
POL-100480,Abuja,594000,CLM-00160,1
POL-219869,Abuja,445000,,0
POL-237741,Lagos,319000,,1
POL-261810,Port Harcourt,548000,,1
POL-213008,Ibadan,713000,,0
POL-241675,Abuja,152000,,1
POL-236862,Lagos,221000,,0
POL-255989,Port Harcourt,207000,,1
POL-253267,Lagos,469000,,0
POL-211926,Lagos,331000,,1
POL-100095,Abuja,157000,CLM-00031,0
POL-104009,Kano,207000,CLM-01336,1
POL-101753,Port Harcourt,201000,CLM-00584,1
POL-246395,Abuja,310000,,1
POL-105421,Lagos,380000,CLM-01807,1
POL-207065,Lagos,267000,,0
POL-212404,Ibadan,474000,,0
POL-103224,Lagos,591000,CLM-01074,1
POL-243243,Ibadan,484000,,1
POL-261197,Lagos,213000,,1
POL-101317,Ibadan,327000,CLM-00439,1
POL-252979,Lagos,371000,,1
POL-249594,Ibadan,476000,,0
POL-203086,Abuja,501000,,1
POL-225573,Abuja,347000,,1
POL-209746,Kano,391000,,1
POL-245662,Lagos,409000,,1
POL-218904,Kano,428000,,1
POL-231564,Lagos,436000,,1
POL-223105,Lagos,356000,,1
POL-203494,Ibadan,183000,,0
POL-201141,Lagos,274000,,1
POL-222396,Ibadan,294000,,1
POL-259323,Port Harcourt,245000,,1
POL-102332,Lagos,321000,CLM-00777,1
POL-221443,Ibadan,617000,,1
POL-219252,Ibadan,301000,,0
POL-252383,Abuja,762000,,1
POL-222082,Kano,415000,,1
POL-257149,Ibadan,425000,,1
POL-239781,Lagos,826000,,1
POL-245704,Port Harcourt,422000,,1
POL-238388,Ibadan,526000,,1
POL-236239,Kano,216000,,1
POL-242742,Port Harcourt,502000,,1
POL-207473,Lagos,645000,,1
POL-221221,Kano,312000,,1
POL-231216,Lagos,291000,,0
POL-252171,Lagos,444000,,1
POL-106185,Kano,313000,CLM-02061,1
POL-219757,Kano,381000,,1
POL-259510,Lagos,200000,,1
POL-245465,Lagos,780000,,1
POL-224169,Port Harcourt,986000,,1
POL-221314,Abuja,372000,,1
POL-207436,Port Harcourt,373000,,1
POL-240122,Lagos,418000,,0
POL-214999,Lagos,278000,,1
POL-104350,Lagos,248000,CLM-01450,1
POL-258804,Lagos,745000,,0
POL-240713,Lagos,293000,,1
POL-104584,Kano,419000,CLM-01528,0
POL-229510,Lagos,332000,,1
POL-232306,Port Harcourt,263000,,0
POL-227554,Lagos,172000,,0
POL-208101,Abuja,392000,,1
POL-100630,Ibadan,470000,CLM-00210,1
POL-260021,Lagos,493000,,1
POL-254879,Kano,107000,,1
POL-218150,Lagos,572000,,1
POL-242986,Lagos,270000,,1
POL-254201,Abuja,302000,,1
POL-202795,Ibadan,211000,,1
POL-217333,Ibadan,315000,,1
POL-217588,Abuja,977000,,1
POL-213948,Lagos,182000,,1
POL-232838,Lagos,280000,,1
POL-229535,Port Harcourt,296000,,0
POL-209806,Lagos,439000,,0
POL-245039,Kano,291000,,0
POL-101326,Ibadan,232000,CLM-00442,1
POL-102064,Lagos,477000,CLM-00688,1
POL-237039,Ibadan,232000,,0
POL-208347,Ibadan,365000,,1
POL-105533,Lagos,349000,CLM-01844,1
POL-210221,Kano,479000,,1
POL-261490,Lagos,262000,,1
POL-243821,Kano,346000,,1
POL-250507,Abuja,251000,,1
POL-257974,Lagos,403000,,1
POL-217744,Kano,324000,,1
POL-231399,Kano,319000,,1
POL-204557,Lagos,232000,,1
POL-221193,Lagos,596000,,1
POL-216933,Abuja,194000,,0
POL-221950,Ibadan,354000,,1
POL-213609,Abuja,446000,,1
POL-251796,Port Harcourt,511000,,0
POL-251377,Port Harcourt,495000,,0
POL-261633,Abuja,257000,,1
POL-252703,Lagos,539000,,0
POL-105998,Port Harcourt,273000,CLM-01999,0
POL-219027,Port Harcourt,178000,,0
POL-225647,Ibadan,326000,,1
POL-245048,Lagos,213000,,0
POL-258351,Kano,401000,,0
POL-237175,Abuja,474000,,0
POL-201625,Ibadan,587000,,1
POL-237049,Port Harcourt,375000,,0
POL-100836,Port Harcourt,411000,CLM-00278,1
POL-105618,Lagos,292000,CLM-01872,0
POL-255485,Lagos,399000,,1
POL-244030,Lagos,274000,,1
POL-216353,Abuja,194000,,0
POL-104988,Kano,436000,CLM-01662,1
POL-254890,Abuja,373000,,0
POL-250590,Abuja,181000,,1
POL-225834,Port Harcourt,270000,,0
POL-225219,Ibadan,517000,,1
POL-202574,Kano,386000,,1
POL-220229,Ibadan,422000,,1
POL-243235,Kano,307000,,1
POL-254104,Lagos,420000,,1
POL-215893,Lagos,197000,,1
POL-222522,Lagos,366000,,0
POL-207667,Ibadan,240000,,1
POL-258665,Ibadan,299000,,1
POL-248367,Lagos,263000,,1
POL-203647,Port Harcourt,386000,,1
POL-225542,Lagos,171000,,0
POL-200990,Ibadan,238000,,1
POL-106558,Abuja,269000,CLM-02186,0
POL-238236,Abuja,358000,,1
POL-257439,Kano,210000,,0
POL-101500,Abuja,504000,CLM-00500,0
POL-230243,Ibadan,316000,,1
POL-254422,Ibadan,448000,,1
POL-101646,Port Harcourt,563000,CLM-00548,1
POL-101527,Lagos,579000,CLM-00509,0
POL-256491,Abuja,611000,,1
POL-201014,Lagos,536000,,1
POL-242894,Port Harcourt,285000,,0
POL-257238,Port Harcourt,345000,,1
POL-227173,Ibadan,357000,,1
POL-250192,Abuja,507000,,1
POL-105858,Lagos,232000,CLM-01952,0
POL-259230,Lagos,359000,,1
POL-202171,Ibadan,252000,,1
POL-100141,Ibadan,560000,CLM-00047,1
POL-217015,Lagos,329000,,1
POL-236726,Lagos,328000,,1
POL-217789,Port Harcourt,508000,,0
POL-105707,Lagos,333000,CLM-01902,0
POL-245647,Abuja,308000,,0
POL-252868,Kano,483000,,1
POL-262821,Abuja,473000,,1
POL-106719,Lagos,334000,CLM-02239,1
POL-210266,Kano,188000,,1
POL-222253,Lagos,437000,,1
POL-213501,Lagos,200000,,1
POL-226960,Ibadan,405000,,1
POL-210366,Port Harcourt,606000,,1
POL-236542,Lagos,434000,,1
POL-245250,Abuja,250000,,1
POL-221170,Ibadan,531000,,1
POL-241228,Kano,205000,,1
POL-254812,Lagos,272000,,1
POL-226364,Lagos,567000,,1
POL-105767,Port Harcourt,450000,CLM-01922,0
POL-239232,Abuja,222000,,1
POL-101263,Abuja,197000,CLM-00421,0
POL-206675,Kano,295000,,0
POL-209496,Abuja,167000,,1
POL-105245,Kano,431000,CLM-01748,0
POL-244000,Port Harcourt,408000,,0
POL-262731,Kano,779000,,1
POL-206000,Port Harcourt,286000,,1
POL-224332,Port Harcourt,266000,,1
POL-104858,Lagos,500000,CLM-01619,0
POL-103054,Ibadan,561000,CLM-01018,1
POL-231702,Lagos,346000,,1
POL-205975,Abuja,275000,,1
POL-231964,Abuja,326000,,1
POL-260397,Port Harcourt,197000,,1
POL-236332,Lagos,286000,,1
POL-101073,Ibadan,304000,CLM-00357,0
POL-216695,Lagos,336000,,1
POL-207698,Abuja,305000,,1
POL-212286,Lagos,398000,,1
POL-106117,Abuja,686000,CLM-02039,1
POL-227278,Lagos,190000,,1
POL-227770,Abuja,242000,,1
POL-251550,Abuja,210000,,1
POL-100406,Port Harcourt,296000,CLM-00135,0
POL-233238,Ibadan,369000,,1
POL-204626,Ibadan,276000,,1
POL-217266,Ibadan,293000,,1
POL-211527,Ibadan,477000,,1
POL-221084,Lagos,517000,,1
POL-223341,Lagos,365000,,1
POL-261131,Lagos,274000,,1
POL-217190,Lagos,307000,,1
POL-232118,Lagos,228000,,1
POL-224357,Port Harcourt,483000,,0
POL-202630,Port Harcourt,251000,,1
POL-236513,Abuja,346000,,1
POL-254010,Port Harcourt,333000,,1
POL-228429,Port Harcourt,268000,,1
POL-239976,Ibadan,583000,,1
POL-258071,Lagos,308000,,0
POL-235444,Lagos,360000,,1
POL-206669,Kano,408000,,0
POL-230004,Port Harcourt,241000,,1
POL-104971,Port Harcourt,971000,CLM-01657,1
POL-105568,Ibadan,986000,CLM-01856,1
POL-240673,Lagos,371000,,1
POL-206151,Abuja,430000,,1
POL-239073,Lagos,274000,,1
POL-246076,Ibadan,492000,,1
POL-234920,Lagos,170000,,1
POL-100511,Lagos,253000,CLM-00170,1
POL-255853,Lagos,458000,,0
POL-236794,Lagos,364000,,1
POL-235100,Port Harcourt,671000,,1
POL-100348,Ibadan,483000,CLM-00116,1
POL-226795,Abuja,445000,,1
POL-257161,Lagos,360000,,0
POL-100832,Port Harcourt,300000,CLM-00277,0
POL-242002,Port Harcourt,460000,,1
POL-206351,Port Harcourt,274000,,1
POL-240590,Ibadan,689000,,0
POL-240741,Ibadan,332000,,1
POL-224617,Abuja,419000,,1
POL-235841,Abuja,251000,,1
POL-102486,Lagos,295000,CLM-00828,1
POL-214401,Ibadan,525000,,1
POL-254843,Ibadan,242000,,0
POL-251860,Kano,463000,,1
POL-106528,Lagos,296000,CLM-02176,0
POL-104660,Port Harcourt,440000,CLM-01553,1
POL-255092,Lagos,531000,,0
POL-226482,Kano,417000,,1
POL-232273,Ibadan,292000,,1
POL-257433,Lagos,373000,,1
POL-238424,Abuja,376000,,1
POL-244057,Lagos,548000,,1
POL-247854,Abuja,279000,,1
POL-217635,Lagos,353000,,0
POL-233083,Lagos,533000,,0
POL-240793,Ibadan,324000,,1
POL-228510,Abuja,374000,,1
POL-102229,Kano,365000,CLM-00743,1
POL-228756,Abuja,578000,,1
POL-103711,Port Harcourt,324000,CLM-01237,1
POL-215205,Lagos,509000,,1
POL-102201,Ibadan,317000,CLM-00733,0
POL-251910,Port Harcourt,549000,,0
POL-102570,Abuja,312000,CLM-00856,0
POL-249429,Lagos,190000,,1
POL-105289,Lagos,423000,CLM-01763,0
POL-233690,Lagos,415000,,0
POL-240594,Port Harcourt,292000,,1
POL-222585,Abuja,199000,,0
POL-210660,Lagos,266000,,1
POL-253960,Kano,299000,,0
POL-103809,Ibadan,312000,CLM-01269,0
POL-205137,Lagos,297000,,1
POL-258935,Port Harcourt,500000,,0
POL-237691,Port Harcourt,221000,,1
POL-105360,Lagos,301000,CLM-01786,1
POL-241088,Abuja,396000,,1
POL-100215,Ibadan,621000,CLM-00071,0
POL-200011,Port Harcourt,724000,,1
POL-100740,Lagos,317000,CLM-00246,1
POL-100266,Kano,493000,CLM-00088,1
POL-222509,Lagos,295000,,0
POL-222129,Port Harcourt,201000,,1
POL-248882,Kano,533000,,1
POL-100310,Ibadan,319000,CLM-00103,1
POL-228970,Abuja,236000,,1
POL-100201,Ibadan,497000,CLM-00067,0
POL-241725,Port Harcourt,207000,,0
POL-201344,Lagos,242000,,1
POL-228260,Abuja,561000,,1
POL-211150,Ibadan,396000,,1
POL-261513,Port Harcourt,632000,,0
POL-106122,Lagos,316000,CLM-02040,1
POL-241486,Kano,382000,,1
POL-101771,Lagos,640000,CLM-00590,1
POL-239289,Port Harcourt,476000,,1
POL-101124,Kano,371000,CLM-00374,1
POL-229540,Port Harcourt,186000,,0
POL-259287,Lagos,572000,,0
POL-259770,Lagos,317000,,1
POL-216795,Lagos,445000,,0
POL-217486,Lagos,372000,,1
POL-212142,Abuja,626000,,1
POL-231652,Port Harcourt,342000,,0
POL-203585,Kano,196000,,1
POL-220679,Kano,372000,,1
POL-221125,Lagos,399000,,1
POL-100343,Kano,478000,CLM-00114,1
POL-205053,Ibadan,236000,,1
POL-227527,Ibadan,232000,,1
POL-253818,Lagos,300000,,1
POL-206548,Lagos,746000,,1
POL-207343,Lagos,329000,,1
POL-235819,Kano,518000,,1
POL-261078,Abuja,369000,,1
POL-232670,Lagos,333000,,1
POL-207953,Abuja,341000,,0
POL-208258,Lagos,280000,,0
POL-243893,Kano,324000,,0
POL-262527,Port Harcourt,390000,,1
POL-227644,Lagos,252000,,1
POL-210328,Kano,514000,,0
POL-251531,Ibadan,483000,,1
POL-238963,Abuja,309000,,1
POL-220947,Lagos,265000,,1
POL-238139,Kano,214000,,1
POL-100137,Lagos,659000,CLM-00045,1
POL-244153,Abuja,414000,,1
POL-105454,Kano,394000,CLM-01818,0
POL-104269,Lagos,549000,CLM-01423,0
POL-213842,Lagos,276000,,1
POL-236941,Port Harcourt,431000,,1
POL-234938,Lagos,410000,,1
POL-103732,Ibadan,245000,CLM-01244,1
POL-206708,Abuja,288000,,1
POL-252885,Lagos,308000,,1
POL-100888,Lagos,693000,CLM-00296,1
POL-224233,Kano,1123000,,0
POL-213255,Lagos,469000,,1
POL-106113,Kano,303000,CLM-02037,1
POL-252566,Ibadan,444000,,1
POL-247965,Port Harcourt,652000,,1
POL-101648,Abuja,154000,CLM-00549,0
POL-205608,Lagos,319000,,1
POL-222469,Abuja,296000,,0
POL-100073,Lagos,347000,CLM-00024,0
POL-252184,Ibadan,332000,,1
POL-202137,Lagos,194000,,1
POL-101983,Abuja,351000,CLM-00661,1
POL-237303,Port Harcourt,638000,,0
POL-221326,Abuja,419000,,1
POL-258978,Lagos,365000,,0
POL-101117,Abuja,584000,CLM-00372,1
POL-258686,Abuja,388000,,1
POL-206174,Lagos,193000,,1
POL-233451,Abuja,185000,,0
POL-246877,Lagos,421000,,1
POL-101525,Lagos,207000,CLM-00508,1
POL-255348,Abuja,152000,,1
POL-204468,Lagos,648000,,1
POL-231974,Lagos,354000,,0
POL-201654,Abuja,683000,,1
POL-241578,Lagos,531000,,1
POL-257480,Abuja,452000,,1
POL-105905,Abuja,458000,CLM-01968,1
POL-200573,Kano,350000,,1
POL-241830,Ibadan,462000,,1
POL-250572,Lagos,420000,,1
POL-105110,Lagos,553000,CLM-01703,1
POL-214156,Abuja,386000,,1
POL-222663,Kano,770000,,1
POL-209146,Ibadan,517000,,0
POL-245258,Abuja,420000,,1
POL-223874,Port Harcourt,174000,,0
POL-237420,Lagos,178000,,1
POL-202040,Port Harcourt,421000,,1
POL-262563,Abuja,283000,,1
POL-253169,Ibadan,410000,,0
POL-102285,Port Harcourt,368000,CLM-00761,1
POL-244376,Lagos,647000,,0
POL-262213,Kano,179000,,1
POL-249141,Port Harcourt,458000,,1
POL-241761,Abuja,324000,,1
POL-226266,Lagos,333000,,1
POL-238292,Ibadan,320000,,1
POL-106457,Lagos,616000,CLM-02152,1
POL-236554,Ibadan,795000,,1
POL-222817,Port Harcourt,310000,,1
POL-239171,Kano,279000,,1
POL-100049,Abuja,508000,CLM-00016,1
POL-104115,Port Harcourt,338000,CLM-01371,1
POL-208135,Abuja,511000,,1
POL-204897,Port Harcourt,318000,,1
POL-100378,Abuja,411000,CLM-00126,0
POL-246214,Abuja,764000,,0
POL-223626,Lagos,791000,,1
POL-230970,Abuja,430000,,1
POL-207259,Ibadan,327000,,1
POL-101554,Abuja,521000,CLM-00518,1
POL-202985,Ibadan,314000,,0
POL-102322,Kano,578000,CLM-00774,1
POL-105085,Lagos,305000,CLM-01695,1
POL-205250,Abuja,184000,,1
POL-100506,Port Harcourt,576000,CLM-00168,1
POL-100092,Lagos,520000,CLM-00030,1
POL-225988,Port Harcourt,619000,,1
POL-248767,Abuja,278000,,1
POL-260558,Port Harcourt,271000,,1
POL-246894,Port Harcourt,320000,,1
POL-227579,Abuja,215000,,1
POL-248428,Lagos,277000,,1
POL-260684,Port Harcourt,271000,,1
POL-104249,Kano,400000,CLM-01416,1
POL-101136,Lagos,294000,CLM-00378,1
POL-220734,Lagos,267000,,0
POL-219337,Abuja,610000,,1
POL-257761,Kano,320000,,1
POL-243254,Lagos,154000,,1
POL-262427,Ibadan,471000,,1
POL-201381,Ibadan,360000,,0
POL-206275,Kano,242000,,1
POL-254949,Lagos,190000,,1
POL-208033,Lagos,222000,,1
POL-235456,Ibadan,330000,,0
POL-200886,Ibadan,437000,,1
POL-101154,Lagos,550000,CLM-00384,1
POL-213976,Ibadan,199000,,0
POL-221492,Lagos,368000,,1
POL-101481,Port Harcourt,540000,CLM-00493,0
POL-243457,Ibadan,697000,,1
POL-253696,Lagos,230000,,1
POL-241414,Port Harcourt,208000,,1
POL-253436,Abuja,381000,,1
POL-205601,Lagos,208000,,1
POL-236032,Abuja,389000,,1
POL-100052,Ibadan,424000,CLM-00017,1
POL-103227,Ibadan,323000,CLM-01075,1
POL-105388,Ibadan,226000,CLM-01796,1
POL-258973,Lagos,273000,,1
POL-102318,Lagos,504000,CLM-00772,0
POL-253935,Lagos,469000,,1
POL-105010,Lagos,600000,CLM-01670,1
POL-103579,Lagos,813000,CLM-01193,1
POL-227047,Ibadan,239000,,1
POL-217943,Abuja,476000,,1
POL-206646,Ibadan,246000,,1
POL-211717,Abuja,345000,,1
POL-243575,Abuja,358000,,1
POL-204674,Lagos,299000,,1
POL-256328,Abuja,242000,,1
POL-249208,Ibadan,471000,,1
POL-226470,Kano,301000,,1
POL-245872,Abuja,397000,,1
POL-214450,Kano,236000,,1
POL-227380,Lagos,571000,,1
POL-230930,Lagos,257000,,1
POL-215403,Kano,162000,,1
POL-238607,Lagos,231000,,1
POL-207026,Lagos,265000,,1
POL-242562,Port Harcourt,687000,,1
POL-227109,Lagos,443000,,1
POL-101211,Port Harcourt,667000,CLM-00403,1
POL-201386,Lagos,252000,,1
POL-257990,Kano,608000,,1
POL-207999,Abuja,297000,,0
POL-105146,Lagos,417000,CLM-01715,1
POL-103793,Ibadan,385000,CLM-01264,1
POL-243886,Abuja,550000,,1
POL-252762,Abuja,318000,,1
POL-100472,Kano,346000,CLM-00157,0
POL-248861,Lagos,422000,,1
POL-235079,Abuja,466000,,1
POL-231745,Abuja,272000,,1
POL-207919,Abuja,748000,,1
POL-239505,Port Harcourt,272000,,1
POL-255824,Port Harcourt,268000,,1
POL-256627,Kano,217000,,1
POL-215610,Ibadan,361000,,1
POL-243440,Lagos,190000,,0
POL-104017,Ibadan,716000,CLM-01339,0
POL-100372,Abuja,305000,CLM-00124,1
POL-100804,Abuja,271000,CLM-00268,0
POL-226145,Kano,408000,,0
POL-252257,Lagos,461000,,1
POL-241701,Lagos,203000,,0
POL-262375,Abuja,293000,,0
POL-252721,Lagos,398000,,1
POL-216773,Ibadan,315000,,1
POL-233636,Ibadan,292000,,1
POL-243427,Port Harcourt,405000,,1
POL-249403,Abuja,247000,,0
POL-236614,Lagos,363000,,1
POL-201321,Ibadan,358000,,1
POL-250785,Kano,385000,,1
POL-245770,Lagos,298000,,1
POL-255783,Ibadan,260000,,1
POL-224395,Abuja,465000,,1
POL-236813,Lagos,546000,,0
POL-240247,Lagos,856000,,1
POL-103627,Lagos,362000,CLM-01209,1
POL-242429,Abuja,337000,,1
POL-246127,Lagos,495000,,1
POL-213280,Abuja,399000,,1
POL-259045,Port Harcourt,413000,,1
POL-229133,Abuja,594000,,1
POL-202731,Lagos,568000,,1
POL-204493,Lagos,461000,,0
POL-256200,Port Harcourt,354000,,1
POL-262774,Ibadan,350000,,0
POL-105460,Abuja,869000,CLM-01820,0
POL-207174,Lagos,332000,,1
POL-215258,Lagos,842000,,1
POL-100823,Lagos,394000,CLM-00274,1
POL-203389,Port Harcourt,255000,,1
POL-102943,Lagos,201000,CLM-00981,0
POL-226832,Lagos,449000,,0
POL-244408,Ibadan,139000,,0
POL-228327,Ibadan,781000,,1
POL-242791,Port Harcourt,620000,,1
POL-243655,Kano,218000,,0
POL-238381,Abuja,495000,,0
POL-104678,Kano,225000,CLM-01559,0
POL-100763,Kano,366000,CLM-00254,1
POL-241220,Abuja,288000,,1
POL-100003,Lagos,441000,CLM-00001,0
POL-216958,Lagos,518000,,1
POL-100205,Lagos,143000,CLM-00068,0
POL-247724,Lagos,408000,,1
POL-101493,Lagos,266000,CLM-00497,1
POL-102344,Abuja,565000,CLM-00781,0
POL-239365,Lagos,328000,,1
POL-214025,Lagos,388000,,1
POL-233955,Port Harcourt,449000,,1
POL-100639,Lagos,340000,CLM-00213,1
POL-233057,Abuja,343000,,1
POL-203926,Abuja,196000,,1
POL-231280,Kano,461000,,1
POL-235258,Port Harcourt,253000,,1
POL-238440,Abuja,395000,,0
POL-228320,Port Harcourt,237000,,1
POL-203332,Abuja,351000,,1
POL-228701,Lagos,161000,,1
POL-101703,Abuja,297000,CLM-00567,0
POL-245098,Port Harcourt,609000,,0
POL-104476,Kano,568000,CLM-01492,1
POL-217387,Port Harcourt,238000,,1
POL-210291,Ibadan,400000,,1
POL-226723,Lagos,222000,,1
POL-260814,Kano,275000,,1
POL-240778,Port Harcourt,273000,,0
POL-231038,Abuja,300000,,1
POL-104255,Lagos,352000,CLM-01418,1
POL-209464,Ibadan,429000,,1
POL-218386,Port Harcourt,504000,,1
POL-203579,Port Harcourt,399000,,1
POL-101919,Abuja,931000,CLM-00639,1
POL-103770,Abuja,547000,CLM-01256,1
POL-259568,Ibadan,409000,,1
POL-208932,Ibadan,406000,,1
POL-100144,Ibadan,291000,CLM-00048,0
POL-253462,Lagos,343000,,1
POL-238814,Ibadan,446000,,1
POL-246812,Abuja,488000,,1
POL-246343,Lagos,194000,,1
POL-204746,Lagos,672000,,1
POL-106172,Abuja,653000,CLM-02057,1
POL-228210,Ibadan,326000,,1
POL-222560,Lagos,495000,,0
POL-238173,Kano,527000,,1
POL-213859,Kano,595000,,1
POL-261537,Port Harcourt,868000,,0
POL-211677,Lagos,464000,,0
POL-258473,Abuja,724000,,1
POL-222414,Port Harcourt,449000,,1
POL-255656,Kano,516000,,1
POL-240050,Lagos,528000,,1
POL-223994,Abuja,193000,,1
POL-104195,Lagos,665000,CLM-01398,1
POL-208849,Lagos,315000,,1
POL-104583,Abuja,283000,CLM-01527,1
POL-102225,Lagos,213000,CLM-00741,0
POL-236285,Ibadan,158000,,0
POL-252605,Lagos,217000,,0
POL-260080,Ibadan,294000,,1
POL-239811,Lagos,387000,,1
POL-215605,Port Harcourt,446000,,1
POL-204194,Port Harcourt,1021000,,1
POL-102377,Kano,419000,CLM-00792,1
POL-102091,Port Harcourt,207000,CLM-00697,1
POL-244179,Lagos,249000,,1
POL-227608,Lagos,368000,,1
POL-241469,Port Harcourt,573000,,1
POL-244595,Abuja,184000,,1
POL-253044,Port Harcourt,254000,,1
POL-219168,Lagos,513000,,1
POL-245350,Lagos,630000,,0
POL-256236,Ibadan,247000,,0
POL-214864,Ibadan,454000,,1
POL-100544,Lagos,233000,CLM-00181,0
POL-212634,Abuja,311000,,0
POL-226975,Ibadan,151000,,1
POL-238987,Lagos,244000,,1
POL-243668,Lagos,220000,,0
POL-236068,Kano,346000,,0
POL-232562,Lagos,450000,,1
POL-222184,Port Harcourt,116000,,0
POL-258822,Lagos,372000,,1
POL-250204,Port Harcourt,163000,,0
POL-237412,Kano,145000,,1
POL-224778,Lagos,540000,,1
POL-208880,Port Harcourt,409000,,0
POL-223270,Lagos,323000,,1
POL-249681,Lagos,169000,,1
POL-235878,Abuja,308000,,1
POL-207525,Abuja,272000,,1
POL-207510,Lagos,437000,,1
POL-244582,Abuja,445000,,1
POL-259206,Ibadan,375000,,1
POL-241525,Ibadan,314000,,1
POL-211501,Kano,206000,,1
POL-258807,Port Harcourt,422000,,1
POL-236301,Lagos,756000,,1
POL-100443,Abuja,550000,CLM-00147,0
POL-209064,Port Harcourt,214000,,1
POL-207003,Ibadan,256000,,0
POL-237979,Lagos,383000,,1
POL-206767,Ibadan,209000,,0
POL-103700,Lagos,441000,CLM-01233,0
POL-238721,Kano,427000,,1
POL-228148,Lagos,613000,,1
POL-207016,Lagos,567000,,1
POL-257973,Kano,517000,,1
POL-212507,Kano,404000,,0
POL-243403,Lagos,369000,,1
POL-201936,Abuja,176000,,1
POL-250466,Lagos,180000,,1
POL-226115,Lagos,551000,,1
POL-209328,Ibadan,630000,,1
POL-227628,Ibadan,619000,,1
POL-260991,Kano,654000,,1
POL-240863,Abuja,460000,,0
POL-202719,Abuja,597000,,1
POL-203164,Ibadan,354000,,1
POL-247140,Lagos,316000,,1
POL-234764,Port Harcourt,320000,,1
POL-254097,Port Harcourt,235000,,1
POL-104553,Abuja,472000,CLM-01517,1
POL-231976,Lagos,525000,,0
POL-237385,Lagos,435000,,1
POL-257597,Ibadan,723000,,1
POL-102692,Lagos,340000,CLM-00897,1
POL-258754,Port Harcourt,570000,,1
POL-106149,Lagos,418000,CLM-02049,1
POL-245567,Lagos,656000,,1
POL-227934,Abuja,217000,,0
POL-209935,Port Harcourt,229000,,1
POL-258100,Lagos,254000,,0
POL-260609,Lagos,616000,,0
POL-246421,Abuja,250000,,1
POL-214199,Port Harcourt,420000,,1
POL-232199,Lagos,419000,,1
POL-210035,Lagos,308000,,1
POL-259516,Kano,394000,,1
POL-251864,Port Harcourt,146000,,1
POL-254488,Abuja,755000,,1
POL-209576,Abuja,380000,,1
POL-219164,Lagos,423000,,1
POL-257613,Kano,287000,,1
POL-220765,Port Harcourt,818000,,1
POL-105114,Kano,816000,CLM-01704,1
POL-222177,Lagos,268000,,1
POL-220954,Lagos,535000,,1
POL-239100,Abuja,596000,,0
POL-250472,Abuja,338000,,1
POL-209531,Abuja,323000,,1
POL-229436,Abuja,518000,,1
POL-248417,Kano,893000,,1
POL-218546,Lagos,783000,,1
POL-104864,Port Harcourt,407000,CLM-01621,1
POL-213094,Lagos,244000,,1
POL-206031,Lagos,516000,,1
POL-233893,Port Harcourt,263000,,1
POL-104441,Kano,447000,CLM-01480,1
POL-235861,Lagos,350000,,0
POL-106155,Kano,336000,CLM-02051,1
POL-106082,Port Harcourt,393000,CLM-02027,1
POL-257214,Abuja,337000,,1
POL-104894,Port Harcourt,363000,CLM-01631,1
POL-235042,Port Harcourt,386000,,1
POL-103268,Abuja,429000,CLM-01089,1
POL-200342,Abuja,241000,,1
POL-257904,Kano,454000,,1
POL-239593,Lagos,497000,,0
POL-230940,Port Harcourt,306000,,0
POL-232800,Lagos,430000,,0
POL-253618,Lagos,312000,,1
POL-259105,Abuja,239000,,1
POL-103121,Ibadan,381000,CLM-01040,1
POL-244636,Lagos,519000,,1
POL-200756,Ibadan,342000,,1
POL-226103,Lagos,321000,,0
POL-103004,Abuja,272000,CLM-01001,0
POL-202376,Kano,216000,,1
POL-104199,Abuja,394000,CLM-01399,1
POL-219568,Abuja,278000,,1
POL-202553,Ibadan,309000,,1
POL-241351,Abuja,324000,,0
POL-252775,Abuja,323000,,1
POL-244029,Port Harcourt,188000,,1
POL-200541,Lagos,612000,,0
POL-101739,Lagos,327000,CLM-00579,1
POL-100045,Kano,667000,CLM-00015,0
POL-214732,Abuja,288000,,1
POL-102492,Lagos,429000,CLM-00830,0
POL-258559,Abuja,291000,,1
POL-100914,Ibadan,288000,CLM-00304,1
POL-262662,Port Harcourt,630000,,0
POL-101305,Abuja,307000,CLM-00435,0
POL-105022,Port Harcourt,756000,CLM-01674,0
POL-216871,Kano,364000,,1
POL-241161,Lagos,660000,,1
POL-250156,Ibadan,339000,,1
POL-237076,Abuja,266000,,1
POL-244356,Port Harcourt,404000,,1
POL-211722,Abuja,393000,,1
POL-242816,Lagos,406000,,1
POL-246766,Lagos,511000,,1
POL-254589,Lagos,333000,,1
POL-242336,Ibadan,303000,,1
POL-262664,Lagos,184000,,1
POL-105762,Port Harcourt,184000,CLM-01920,1
POL-247622,Lagos,286000,,1
POL-223276,Abuja,443000,,1
POL-247016,Port Harcourt,481000,,1
POL-222384,Port Harcourt,328000,,1
POL-102618,Kano,340000,CLM-00872,1
POL-103725,Lagos,288000,CLM-01241,0
POL-243923,Port Harcourt,328000,,0
POL-209955,Lagos,225000,,1
POL-209382,Lagos,173000,,0
POL-200108,Abuja,346000,,1
POL-255471,Lagos,281000,,1
POL-215813,Lagos,589000,,1
POL-260314,Abuja,389000,,1
POL-230161,Kano,293000,,1
POL-213686,Ibadan,256000,,1
POL-255509,Abuja,507000,,1
POL-255213,Lagos,331000,,0
POL-261621,Port Harcourt,524000,,1
POL-237990,Kano,353000,,0
POL-222952,Abuja,259000,,1
POL-224300,Lagos,852000,,0
POL-103397,Port Harcourt,284000,CLM-01132,1
POL-202965,Lagos,180000,,0
POL-210103,Lagos,257000,,0
POL-105807,Abuja,210000,CLM-01935,1
POL-248338,Port Harcourt,236000,,0
POL-238044,Lagos,395000,,0
POL-243397,Kano,247000,,0
POL-256697,Abuja,826000,,1
POL-233764,Ibadan,347000,,1
POL-249138,Port Harcourt,814000,,1
POL-255118,Lagos,460000,,1
POL-217548,Lagos,240000,,1
POL-216497,Lagos,562000,,1
POL-228911,Lagos,243000,,0
POL-230136,Lagos,479000,,1
POL-255951,Abuja,483000,,1
POL-210099,Port Harcourt,219000,,1
POL-238299,Ibadan,360000,,1
POL-243871,Lagos,465000,,1
POL-219901,Port Harcourt,394000,,0
POL-236695,Lagos,710000,,1
POL-222251,Kano,379000,,1
POL-222546,Lagos,473000,,1
POL-235637,Port Harcourt,760000,,1
POL-104648,Lagos,351000,CLM-01549,1
POL-204314,Lagos,452000,,1
POL-258170,Lagos,624000,,1
POL-240657,Abuja,575000,,1
POL-206607,Abuja,168000,,1
POL-260722,Kano,656000,,1
POL-241570,Lagos,370000,,0
POL-234849,Lagos,565000,,1
POL-233369,Abuja,357000,,0
POL-237363,Abuja,377000,,0
POL-235241,Lagos,253000,,1
POL-257873,Ibadan,380000,,1
POL-241437,Lagos,411000,,1
POL-102219,Kano,363000,CLM-00739,1
POL-200548,Abuja,388000,,1
POL-215159,Port Harcourt,526000,,0
POL-105326,Port Harcourt,290000,CLM-01775,0
POL-105464,Abuja,561000,CLM-01821,0
POL-206016,Lagos,982000,,1
POL-215757,Abuja,400000,,1
POL-220035,Kano,425000,,0
POL-257590,Kano,443000,,0
POL-102611,Lagos,404000,CLM-00870,0
POL-206591,Abuja,520000,,1
POL-100876,Lagos,385000,CLM-00292,1
POL-260782,Port Harcourt,642000,,1
POL-234078,Port Harcourt,584000,,1
POL-242100,Lagos,638000,,0
POL-247978,Lagos,308000,,1
POL-260703,Lagos,224000,,1
POL-229423,Lagos,411000,,0
POL-103422,Port Harcourt,271000,CLM-01140,1
POL-205555,Lagos,294000,,1
POL-255315,Ibadan,245000,,0
POL-216891,Port Harcourt,255000,,1
POL-228311,Port Harcourt,516000,,0
POL-201947,Port Harcourt,429000,,1
POL-220018,Lagos,309000,,1
POL-212305,Port Harcourt,225000,,0
POL-258851,Lagos,459000,,1
POL-251335,Lagos,417000,,1
POL-104625,Lagos,318000,CLM-01541,1
POL-249728,Lagos,340000,,1
POL-105378,Port Harcourt,447000,CLM-01792,1
POL-256911,Lagos,365000,,0
POL-221817,Abuja,272000,,1
POL-258655,Kano,562000,,1
POL-207499,Lagos,343000,,1
POL-101723,Abuja,244000,CLM-00574,1
POL-251470,Lagos,208000,,0
POL-225249,Abuja,374000,,0
POL-258230,Kano,229000,,1
POL-205335,Abuja,261000,,1
POL-229760,Port Harcourt,267000,,1
POL-210790,Lagos,103000,,1
POL-210274,Lagos,369000,,0
POL-105208,Ibadan,306000,CLM-01736,0
POL-237780,Port Harcourt,222000,,1
POL-210720,Ibadan,286000,,1
POL-226816,Abuja,466000,,1
POL-240464,Kano,362000,,1
POL-206829,Ibadan,739000,,1
POL-255490,Port Harcourt,326000,,1
POL-255038,Port Harcourt,214000,,1
POL-105537,Lagos,263000,CLM-01845,0
POL-251436,Lagos,446000,,1
POL-105880,Lagos,650000,CLM-01960,1
POL-248040,Ibadan,287000,,1
POL-248223,Abuja,264000,,1
POL-229902,Abuja,260000,,1
POL-261946,Abuja,269000,,1
POL-205223,Abuja,402000,,1
POL-228855,Lagos,470000,,0
POL-100105,Ibadan,390000,CLM-00035,0
POL-244165,Lagos,532000,,0
POL-226066,Port Harcourt,284000,,1
POL-103191,Port Harcourt,401000,CLM-01063,1
POL-220230,Lagos,330000,,1
POL-213928,Lagos,445000,,1
POL-201433,Lagos,287000,,1
POL-201578,Ibadan,402000,,1
POL-217681,Kano,346000,,1
POL-206531,Port Harcourt,415000,,1
POL-101906,Abuja,650000,CLM-00635,1
POL-245377,Lagos,530000,,1
POL-247684,Lagos,194000,,1
POL-256498,Lagos,324000,,1
POL-104106,Kano,505000,CLM-01368,1
POL-223775,Abuja,581000,,1
POL-231146,Lagos,403000,,1
POL-216323,Abuja,600000,,0
POL-262098,Ibadan,282000,,1
POL-100475,Lagos,296000,CLM-00158,1
POL-249920,Abuja,528000,,0
POL-242205,Abuja,245000,,1
POL-257663,Lagos,362000,,1
POL-222675,Kano,498000,,1
POL-105059,Port Harcourt,372000,CLM-01686,0
POL-241541,Kano,293000,,0
POL-105579,Kano,395000,CLM-01859,0
POL-214761,Lagos,461000,,1
POL-238227,Ibadan,376000,,1
POL-251718,Kano,265000,,1
POL-258060,Kano,360000,,1
POL-234744,Kano,264000,,1
POL-249939,Lagos,387000,,1
POL-201031,Lagos,312000,,1
POL-106650,Lagos,426000,CLM-02216,0
POL-104214,Kano,406000,CLM-01404,1
POL-101230,Lagos,241000,CLM-00410,1
POL-231786,Abuja,417000,,1
POL-208746,Abuja,357000,,0
POL-100527,Ibadan,432000,CLM-00175,1
POL-259793,Lagos,682000,,1
POL-240386,Port Harcourt,89000,,0
POL-233565,Lagos,406000,,1
POL-246427,Abuja,521000,,1
POL-103855,Kano,522000,CLM-01285,0
POL-212382,Abuja,210000,,0
POL-205141,Kano,299000,,1
POL-101747,Lagos,542000,CLM-00582,1
POL-261189,Lagos,452000,,1
POL-210607,Port Harcourt,321000,,1
POL-208818,Lagos,301000,,1
POL-102497,Abuja,184000,CLM-00832,1
POL-255581,Lagos,546000,,1
POL-103096,Ibadan,571000,CLM-01032,1
POL-228125,Lagos,358000,,1
POL-262138,Lagos,410000,,1
POL-223292,Abuja,1018000,,1
POL-246909,Abuja,486000,,0
POL-228012,Abuja,396000,,1
POL-104684,Port Harcourt,462000,CLM-01561,1
POL-228001,Abuja,431000,,1
POL-233003,Abuja,351000,,1
POL-252467,Lagos,354000,,1
POL-104573,Port Harcourt,319000,CLM-01524,1
POL-230223,Lagos,308000,,1
POL-101291,Abuja,426000,CLM-00430,1
POL-238682,Kano,383000,,1
POL-260826,Port Harcourt,388000,,1
POL-105293,Lagos,414000,CLM-01764,0
POL-219786,Lagos,260000,,1
POL-207961,Abuja,429000,,1
POL-219355,Lagos,212000,,1
POL-225709,Abuja,711000,,0
POL-259818,Abuja,223000,,1
POL-243733,Lagos,656000,,1
POL-244294,Lagos,317000,,1
POL-206335,Lagos,393000,,1
POL-218320,Ibadan,360000,,1
POL-261068,Kano,323000,,1
POL-239153,Abuja,334000,,1
POL-255948,Ibadan,482000,,0
POL-211825,Port Harcourt,346000,,1
POL-249864,Ibadan,510000,,1
POL-204926,Lagos,388000,,1
POL-260457,Lagos,297000,,0
POL-240667,Ibadan,385000,,1
POL-102561,Ibadan,306000,CLM-00853,1
POL-239854,Ibadan,364000,,0
POL-227968,Port Harcourt,243000,,1
POL-211054,Lagos,1248000,,0
POL-105735,Lagos,691000,CLM-01911,0
POL-102249,Ibadan,317000,CLM-00749,1
POL-249164,Ibadan,334000,,1
POL-253872,Port Harcourt,403000,,1
POL-215470,Lagos,349000,,1
POL-251196,Port Harcourt,371000,,1
POL-224209,Ibadan,532000,,1
POL-226784,Port Harcourt,360000,,1
POL-100437,Abuja,315000,CLM-00145,0
POL-104969,Kano,370000,CLM-01656,1
POL-260866,Lagos,184000,,1
POL-205578,Lagos,318000,,0
POL-201105,Ibadan,323000,,1
POL-237211,Port Harcourt,268000,,1
POL-222405,Abuja,1006000,,1
POL-230527,Abuja,356000,,1
POL-224723,Abuja,431000,,1
POL-240528,Lagos,408000,,0
POL-241359,Abuja,468000,,1
POL-206096,Lagos,324000,,0
POL-104065,Lagos,336000,CLM-01355,1
POL-233988,Abuja,250000,,1
POL-232483,Lagos,530000,,1
POL-246721,Abuja,305000,,1
POL-257739,Port Harcourt,297000,,1
POL-254694,Ibadan,310000,,1
POL-258250,Lagos,630000,,1
POL-242515,Lagos,549000,,1
POL-104154,Kano,400000,CLM-01384,0
POL-201457,Lagos,387000,,1
POL-254598,Port Harcourt,204000,,1
POL-232804,Lagos,278000,,1
POL-208456,Lagos,471000,,1
POL-106399,Ibadan,343000,CLM-02133,1
POL-202677,Lagos,361000,,1
POL-229317,Lagos,243000,,1
POL-231070,Kano,558000,,0
POL-212390,Port Harcourt,173000,,1
POL-208495,Lagos,588000,,1
POL-205187,Port Harcourt,360000,,1
POL-231404,Port Harcourt,215000,,1
POL-213368,Abuja,295000,,1
POL-215349,Kano,119000,,1
POL-210918,Abuja,358000,,0
POL-103271,Lagos,556000,CLM-01090,1
POL-233885,Lagos,531000,,1
POL-202863,Lagos,242000,,1
POL-224185,Lagos,284000,,1
POL-242735,Lagos,407000,,1
POL-258861,Kano,237000,,1
POL-200809,Kano,202000,,1
POL-262719,Lagos,406000,,1
POL-100588,Port Harcourt,423000,CLM-00196,0
POL-204110,Lagos,190000,,1
POL-257635,Port Harcourt,367000,,0
POL-249980,Lagos,451000,,1
POL-218186,Lagos,378000,,1
POL-231867,Abuja,404000,,1
POL-210888,Lagos,308000,,1
POL-205814,Lagos,296000,,1
POL-216103,Lagos,475000,,1
POL-201598,Port Harcourt,471000,,1
POL-250235,Port Harcourt,423000,,1
POL-225153,Port Harcourt,225000,,0
POL-101324,Port Harcourt,365000,CLM-00441,1
POL-262385,Ibadan,239000,,1
POL-256301,Lagos,301000,,0
POL-249420,Port Harcourt,328000,,1
POL-234739,Abuja,525000,,1
POL-218346,Lagos,293000,,0
POL-219619,Lagos,278000,,1
POL-103658,Port Harcourt,767000,CLM-01219,1
POL-255808,Lagos,541000,,1
POL-102261,Abuja,210000,CLM-00753,0
POL-244223,Lagos,195000,,1
POL-200554,Abuja,378000,,0
POL-202396,Abuja,444000,,1
POL-226557,Lagos,402000,,1
POL-103599,Kano,625000,CLM-01199,1
POL-201821,Ibadan,534000,,1
POL-211455,Abuja,333000,,1
POL-236373,Lagos,395000,,1
POL-104992,Abuja,321000,CLM-01664,1
POL-232283,Port Harcourt,501000,,1
POL-221848,Lagos,329000,,1
POL-247458,Port Harcourt,279000,,1
POL-261904,Kano,525000,,1
POL-200604,Port Harcourt,412000,,1
POL-226746,Lagos,195000,,1
POL-237790,Ibadan,512000,,1
POL-100596,Lagos,270000,CLM-00198,1
POL-100377,Lagos,346000,CLM-00125,0
POL-229964,Port Harcourt,415000,,1
POL-217498,Port Harcourt,219000,,1
POL-258764,Abuja,335000,,0
POL-262642,Lagos,732000,,1
POL-219924,Lagos,528000,,1
POL-221102,Ibadan,404000,,1
POL-228874,Port Harcourt,232000,,0
POL-103821,Abuja,448000,CLM-01273,1
POL-249303,Kano,357000,,0
POL-257995,Lagos,501000,,1
POL-104931,Lagos,621000,CLM-01643,1
POL-242519,Port Harcourt,283000,,0
POL-221009,Lagos,532000,,0
POL-235471,Lagos,528000,,1
POL-257670,Kano,314000,,1
POL-233036,Lagos,492000,,0
POL-106647,Abuja,421000,CLM-02215,1
POL-100903,Lagos,370000,CLM-00301,1
POL-106076,Port Harcourt,445000,CLM-02025,1
POL-211691,Abuja,317000,,1
POL-255061,Lagos,235000,,1
POL-219964,Lagos,298000,,1
POL-222764,Abuja,279000,,1
POL-103338,Lagos,866000,CLM-01112,0
POL-205362,Ibadan,327000,,1
POL-216233,Port Harcourt,394000,,1
POL-100651,Ibadan,420000,CLM-00217,1
POL-245855,Port Harcourt,618000,,1
POL-203120,Port Harcourt,736000,,1
POL-215799,Abuja,347000,,1
POL-215485,Abuja,264000,,1
POL-104686,Abuja,564000,CLM-01562,1
POL-222967,Port Harcourt,291000,,1
POL-247477,Lagos,244000,,1
POL-103026,Kano,354000,CLM-01008,1
POL-220315,Kano,390000,,0
POL-100926,Lagos,639000,CLM-00308,1
POL-209006,Lagos,311000,,1
POL-236080,Lagos,337000,,1
POL-261559,Abuja,525000,,1
POL-102112,Ibadan,197000,CLM-00704,1
POL-103257,Abuja,483000,CLM-01085,1
POL-217027,Ibadan,247000,,1
POL-244111,Abuja,616000,,1
POL-103621,Port Harcourt,249000,CLM-01207,1
POL-235744,Kano,393000,,1
POL-255279,Kano,427000,,1
POL-244172,Abuja,438000,,1
POL-261597,Lagos,296000,,1
POL-248715,Abuja,642000,,0
POL-100208,Abuja,157000,CLM-00069,1
POL-253447,Kano,226000,,0
POL-245032,Lagos,405000,,0
POL-253019,Lagos,488000,,1
POL-211207,Lagos,293000,,1
POL-229606,Lagos,478000,,1
POL-249677,Abuja,135000,,1
POL-221829,Kano,351000,,1
POL-216208,Lagos,238000,,0
POL-262360,Port Harcourt,218000,,1
POL-261138,Lagos,330000,,0
POL-253651,Port Harcourt,367000,,0
POL-240481,Lagos,250000,,1
POL-230208,Abuja,336000,,1
POL-244241,Abuja,425000,,1
POL-240894,Port Harcourt,221000,,1
POL-201694,Abuja,519000,,1
POL-242572,Kano,423000,,1
POL-202910,Abuja,649000,,0
POL-223946,Abuja,145000,,0
POL-106222,Port Harcourt,458000,CLM-02074,1
POL-258322,Abuja,372000,,1
POL-104001,Abuja,327000,CLM-01333,1
POL-204235,Lagos,289000,,1
POL-238853,Kano,551000,,1
POL-253233,Lagos,699000,,1
POL-252858,Lagos,307000,,1
POL-261938,Lagos,138000,,1
POL-232340,Lagos,212000,,1
POL-250320,Abuja,357000,,1
POL-215041,Port Harcourt,480000,,0
POL-222893,Abuja,143000,,1
POL-258282,Lagos,593000,,1
POL-100584,Lagos,537000,CLM-00194,1
POL-216666,Ibadan,396000,,1
POL-248197,Ibadan,360000,,1
POL-205732,Lagos,580000,,0
POL-245435,Lagos,639000,,1
POL-106716,Ibadan,329000,CLM-02238,1
POL-252558,Lagos,372000,,0
POL-240556,Lagos,377000,,1
POL-217167,Lagos,451000,,0
POL-223375,Ibadan,281000,,1
POL-258449,Port Harcourt,289000,,1
POL-250123,Lagos,372000,,0
POL-214104,Port Harcourt,284000,,1
POL-214018,Ibadan,536000,,1
POL-207138,Lagos,435000,,1
POL-229976,Abuja,809000,,1
POL-232663,Abuja,279000,,0
POL-209707,Lagos,477000,,1
POL-101838,Ibadan,517000,CLM-00612,1
POL-203638,Ibadan,604000,,1
POL-237058,Lagos,253000,,1
POL-239895,Lagos,283000,,0
POL-252505,Lagos,303000,,1
POL-248359,Port Harcourt,271000,,1
POL-104736,Ibadan,362000,CLM-01578,1
POL-203963,Lagos,283000,,1
POL-216268,Lagos,233000,,1
POL-225760,Kano,795000,,1
POL-102268,Abuja,609000,CLM-00756,1
POL-104925,Abuja,438000,CLM-01641,1
POL-252917,Abuja,474000,,0
POL-218228,Port Harcourt,481000,,1
POL-262087,Lagos,223000,,1
POL-222007,Ibadan,614000,,1
POL-212100,Lagos,183000,,1
POL-205066,Lagos,495000,,1
POL-227902,Abuja,284000,,1
POL-258546,Lagos,481000,,1
POL-228951,Lagos,464000,,1
POL-256817,Abuja,606000,,0
POL-101303,Ibadan,625000,CLM-00434,1
POL-229614,Abuja,513000,,0
POL-254637,Lagos,235000,,1
POL-220994,Abuja,250000,,1
POL-101330,Port Harcourt,454000,CLM-00443,1
POL-202860,Abuja,456000,,1
POL-257304,Kano,282000,,0
POL-255566,Abuja,442000,,1
POL-213993,Port Harcourt,642000,,1
POL-242324,Abuja,371000,,1
POL-245932,Port Harcourt,375000,,1
POL-207751,Ibadan,213000,,1
POL-218698,Abuja,254000,,1
POL-100949,Abuja,371000,CLM-00316,1
POL-202340,Lagos,158000,,1
POL-246700,Port Harcourt,371000,,1
POL-103061,Ibadan,729000,CLM-01020,1
POL-252115,Port Harcourt,248000,,1
POL-248355,Abuja,300000,,1
POL-243561,Port Harcourt,547000,,0
POL-256681,Lagos,558000,,1
POL-244482,Abuja,306000,,1
POL-245540,Lagos,408000,,1
POL-247890,Port Harcourt,287000,,1
POL-101398,Abuja,582000,CLM-00466,1
POL-102439,Lagos,497000,CLM-00813,1
POL-257983,Kano,128000,,1
POL-100529,Lagos,275000,CLM-00176,0
POL-214090,Lagos,465000,,1
POL-254110,Abuja,226000,,1
POL-260883,Lagos,392000,,1
POL-224556,Lagos,399000,,1
POL-238596,Abuja,496000,,1
POL-224545,Abuja,623000,,1
POL-103216,Lagos,344000,CLM-01072,1
POL-256031,Port Harcourt,374000,,1
POL-235937,Ibadan,226000,,1
POL-238048,Kano,233000,,1
POL-262263,Ibadan,573000,,1
POL-261105,Abuja,531000,,1
POL-221255,Port Harcourt,329000,,0
POL-103786,Port Harcourt,324000,CLM-01262,1
POL-247920,Abuja,750000,,0
POL-226528,Kano,492000,,1
POL-101652,Lagos,527000,CLM-00550,1
POL-258242,Lagos,273000,,1
POL-260762,Lagos,568000,,1
POL-239963,Kano,314000,,1
POL-203185,Ibadan,474000,,0
POL-260469,Lagos,269000,,1
POL-201098,Port Harcourt,181000,,1
POL-222309,Ibadan,482000,,0
POL-232766,Abuja,417000,,1
POL-226048,Lagos,365000,,1
POL-233456,Port Harcourt,472000,,1
POL-238746,Abuja,323000,,0
POL-222711,Abuja,477000,,1
POL-102008,Port Harcourt,532000,CLM-00669,0
POL-201421,Port Harcourt,564000,,1
POL-227449,Port Harcourt,358000,,0
POL-105218,Lagos,551000,CLM-01739,0
POL-250942,Lagos,594000,,1
POL-200700,Lagos,267000,,1
POL-247078,Lagos,350000,,1
POL-100850,Port Harcourt,346000,CLM-00283,1
POL-104486,Abuja,668000,CLM-01495,1
POL-206465,Kano,456000,,0
POL-233674,Ibadan,741000,,1
POL-239118,Lagos,497000,,1
POL-240852,Port Harcourt,173000,,1
POL-101084,Ibadan,227000,CLM-00361,0
POL-104756,Lagos,570000,CLM-01585,0
POL-224404,Lagos,626000,,1
POL-245332,Ibadan,512000,,1
POL-238664,Kano,542000,,1
POL-229934,Abuja,276000,,1
POL-213677,Port Harcourt,296000,,1
POL-246137,Ibadan,274000,,1
POL-210189,Ibadan,318000,,1
POL-220293,Abuja,447000,,1
POL-102221,Abuja,531000,CLM-00740,0
POL-211262,Ibadan,265000,,1
POL-101991,Kano,287000,CLM-00663,1
POL-260830,Lagos,389000,,1
POL-247047,Ibadan,317000,,1
POL-105347,Abuja,511000,CLM-01782,1
POL-216981,Lagos,454000,,1
POL-240949,Port Harcourt,334000,,1
POL-212872,Lagos,404000,,1
POL-250566,Lagos,264000,,0
POL-253828,Ibadan,154000,,1
POL-245311,Ibadan,501000,,0
POL-201129,Ibadan,431000,,0
POL-211390,Lagos,291000,,1
POL-216034,Port Harcourt,403000,,1
POL-200800,Lagos,480000,,1
POL-245226,Port Harcourt,707000,,1
POL-105695,Abuja,433000,CLM-01898,1
POL-207984,Lagos,805000,,1
POL-219230,Ibadan,376000,,1
POL-105860,Abuja,232000,CLM-01953,1
POL-218011,Port Harcourt,308000,,1
POL-210227,Ibadan,415000,,0
POL-207830,Port Harcourt,523000,,1
POL-258050,Port Harcourt,443000,,1
POL-245304,Lagos,376000,,0
POL-100058,Port Harcourt,328000,CLM-00019,1
POL-201532,Ibadan,428000,,1
POL-205459,Abuja,269000,,1
POL-106634,Port Harcourt,468000,CLM-02211,1
POL-101734,Abuja,598000,CLM-00578,0
POL-200996,Abuja,472000,,1
POL-103605,Lagos,505000,CLM-01201,0
POL-217751,Ibadan,476000,,1
POL-219315,Kano,393000,,1
POL-256772,Ibadan,376000,,0
POL-254440,Lagos,429000,,1
POL-220670,Kano,436000,,1
POL-214487,Ibadan,747000,,0
POL-233257,Port Harcourt,362000,,1
POL-238957,Lagos,587000,,1
POL-226012,Kano,204000,,1
POL-239808,Port Harcourt,463000,,0
POL-201266,Lagos,364000,,1
POL-219582,Lagos,388000,,1
POL-225465,Lagos,501000,,1
POL-236600,Port Harcourt,908000,,0
POL-232920,Lagos,303000,,1
POL-215332,Port Harcourt,317000,,1
POL-252967,Lagos,575000,,1
POL-105731,Lagos,462000,CLM-01910,1
POL-103059,Lagos,391000,CLM-01019,1
POL-100034,Lagos,416000,CLM-00011,1
POL-225669,Ibadan,252000,,1
POL-245905,Abuja,716000,,0
POL-200409,Port Harcourt,546000,,1
POL-223464,Ibadan,484000,,1
POL-254481,Lagos,297000,,1
POL-221081,Lagos,441000,,1
POL-101974,Lagos,989000,CLM-00658,1
POL-261347,Abuja,473000,,1
POL-249506,Kano,192000,,1
POL-234598,Lagos,323000,,1
POL-102726,Lagos,711000,CLM-00908,1
POL-248981,Abuja,349000,,1
POL-103377,Kano,673000,CLM-01125,1
POL-206525,Lagos,342000,,1
POL-206878,Ibadan,496000,,1
POL-222821,Port Harcourt,385000,,0
POL-106592,Ibadan,376000,CLM-02197,0
POL-231690,Abuja,596000,,1
POL-214462,Kano,165000,,1
POL-218583,Port Harcourt,375000,,0
POL-104290,Ibadan,274000,CLM-01430,1
POL-102042,Lagos,499000,CLM-00680,1
POL-259219,Kano,370000,,1
POL-205686,Port Harcourt,576000,,1
POL-204844,Abuja,234000,,1
POL-239938,Abuja,735000,,1
POL-212579,Ibadan,307000,,1
POL-102841,Lagos,221000,CLM-00947,1
POL-256726,Abuja,229000,,1
POL-104745,Port Harcourt,546000,CLM-01581,1
POL-223506,Lagos,212000,,1
POL-216009,Abuja,268000,,1
POL-239039,Lagos,147000,,1
POL-101979,Port Harcourt,315000,CLM-00659,0
POL-102386,Lagos,434000,CLM-00795,0
POL-219658,Lagos,398000,,0
POL-236717,Abuja,555000,,1
POL-105313,Lagos,262000,CLM-01771,1
POL-219998,Lagos,254000,,1
POL-234930,Lagos,907000,,0
POL-105053,Abuja,274000,CLM-01684,1
POL-247609,Ibadan,470000,,1
POL-241851,Abuja,433000,,1
POL-243482,Lagos,298000,,1
POL-257515,Kano,384000,,1
POL-222377,Abuja,531000,,1
POL-201759,Ibadan,469000,,1
POL-252986,Lagos,572000,,1
POL-244748,Lagos,481000,,1
POL-242850,Ibadan,414000,,1
POL-233551,Lagos,239000,,1
POL-102420,Kano,338000,CLM-00806,0
POL-215125,Port Harcourt,318000,,1
POL-224623,Lagos,255000,,1
POL-102577,Lagos,456000,CLM-00859,1
POL-209067,Port Harcourt,219000,,1
POL-218945,Lagos,498000,,0
POL-224140,Abuja,224000,,1
POL-207988,Lagos,453000,,1
POL-224844,Ibadan,880000,,1
POL-212725,Lagos,421000,,1
POL-200371,Lagos,234000,,1
POL-250343,Ibadan,660000,,1
POL-205486,Kano,467000,,1
POL-103466,Kano,162000,CLM-01155,0
POL-104961,Lagos,764000,CLM-01653,0
POL-238644,Ibadan,623000,,1
POL-202308,Abuja,415000,,1
POL-254338,Port Harcourt,405000,,1
POL-258721,Port Harcourt,488000,,0
POL-233205,Lagos,774000,,0
POL-218715,Lagos,340000,,1
POL-255593,Kano,454000,,1
POL-227811,Abuja,277000,,1
POL-210044,Lagos,526000,,1
POL-103841,Abuja,656000,CLM-01280,0
POL-235518,Ibadan,567000,,1
POL-210894,Ibadan,435000,,1
POL-202593,Abuja,382000,,1
POL-201641,Lagos,275000,,1
POL-258734,Kano,397000,,1
POL-244400,Abuja,382000,,0
POL-246655,Lagos,196000,,1
POL-260857,Abuja,224000,,1
POL-202562,Abuja,268000,,1
POL-104886,Lagos,372000,CLM-01628,0
POL-234511,Abuja,370000,,1
POL-222480,Abuja,262000,,1
POL-257785,Lagos,393000,,1
POL-101852,Port Harcourt,432000,CLM-00617,1
POL-210109,Ibadan,681000,,1
POL-251392,Abuja,316000,,1
POL-247499,Lagos,201000,,0
POL-220339,Abuja,186000,,0
POL-100812,Port Harcourt,751000,CLM-00270,1
POL-209000,Lagos,283000,,1
POL-106227,Lagos,652000,CLM-02075,1
POL-233210,Port Harcourt,355000,,1
POL-237665,Abuja,401000,,1
POL-245473,Port Harcourt,368000,,1
POL-219007,Abuja,500000,,1
POL-231204,Lagos,542000,,1
POL-226934,Lagos,295000,,1
POL-101046,Abuja,335000,CLM-00348,1
POL-104917,Lagos,678000,CLM-01639,1
POL-200717,Abuja,628000,,1
POL-233062,Lagos,607000,,1
POL-248930,Ibadan,227000,,1
POL-253512,Lagos,430000,,1
POL-100011,Kano,302000,CLM-00003,1
POL-104386,Ibadan,525000,CLM-01462,1
POL-221250,Lagos,192000,,1
POL-261779,Port Harcourt,458000,,1
POL-229116,Abuja,531000,,1
POL-214456,Port Harcourt,180000,,1
POL-240301,Lagos,370000,,1
POL-224816,Kano,500000,,1
POL-232862,Lagos,289000,,1
POL-235392,Abuja,450000,,1
POL-261000,Port Harcourt,567000,,0
POL-223883,Lagos,374000,,1
POL-253894,Abuja,349000,,0
POL-208601,Ibadan,510000,,1
POL-205344,Kano,249000,,1
POL-251807,Port Harcourt,755000,,1
POL-234896,Kano,623000,,1
POL-103344,Ibadan,560000,CLM-01114,1
POL-260206,Lagos,429000,,1
POL-216295,Kano,556000,,0
POL-106337,Kano,461000,CLM-02112,1
POL-246011,Lagos,536000,,1
POL-200876,Ibadan,340000,,1
POL-219236,Ibadan,173000,,1
POL-104991,Lagos,352000,CLM-01663,0
POL-217304,Kano,192000,,1
POL-105874,Lagos,495000,CLM-01958,1
POL-104423,Kano,508000,CLM-01474,1
POL-239611,Lagos,233000,,1
POL-259652,Lagos,345000,,1
POL-251198,Ibadan,603000,,1
POL-211623,Abuja,296000,,0
POL-257243,Lagos,347000,,1
POL-211996,Lagos,234000,,1
POL-106340,Port Harcourt,427000,CLM-02113,0
POL-100560,Port Harcourt,614000,CLM-00186,1
POL-210060,Lagos,175000,,1
POL-105685,Ibadan,829000,CLM-01895,1
POL-252924,Lagos,394000,,0
POL-233106,Port Harcourt,304000,,0
POL-255936,Port Harcourt,261000,,0
POL-244993,Abuja,199000,,1
POL-256117,Lagos,463000,,1
POL-253128,Lagos,315000,,1
POL-216122,Kano,374000,,1
POL-105334,Abuja,676000,CLM-01778,0
POL-235261,Ibadan,256000,,1
POL-220030,Ibadan,532000,,1
POL-220590,Port Harcourt,561000,,1
POL-239025,Port Harcourt,539000,,0
POL-257913,Lagos,470000,,1
POL-242900,Lagos,221000,,1
POL-103404,Lagos,487000,CLM-01134,1
POL-224755,Abuja,1024000,,1
POL-209814,Abuja,456000,,1
POL-100327,Kano,355000,CLM-00109,1
POL-215931,Lagos,428000,,1
POL-105273,Lagos,717000,CLM-01757,1
POL-244850,Port Harcourt,313000,,1
POL-229485,Port Harcourt,334000,,1
POL-260806,Abuja,210000,,1
POL-101066,Abuja,226000,CLM-00355,1
POL-255289,Abuja,540000,,1
POL-238269,Ibadan,454000,,1
POL-255881,Lagos,366000,,1
POL-215290,Port Harcourt,255000,,1
POL-234418,Kano,386000,,1
POL-103880,Lagos,233000,CLM-01293,1
POL-213160,Abuja,293000,,1
POL-217246,Abuja,503000,,1
POL-229684,Ibadan,416000,,1
POL-203061,Abuja,440000,,1
POL-206860,Lagos,557000,,1
POL-260538,Abuja,579000,,1
POL-103802,Abuja,381000,CLM-01267,1
POL-218246,Kano,429000,,1
POL-100974,Abuja,167000,CLM-00324,1
POL-237250,Abuja,576000,,1
POL-202670,Port Harcourt,311000,,1
POL-245791,Lagos,938000,,1
POL-222319,Kano,523000,,1
POL-251636,Lagos,392000,,0
POL-102489,Abuja,375000,CLM-00829,1
POL-227090,Lagos,497000,,1
POL-243190,Ibadan,246000,,1
POL-254622,Kano,248000,,1
POL-102308,Kano,245000,CLM-00769,0
POL-228782,Ibadan,490000,,1
POL-240098,Abuja,424000,,1
POL-250916,Lagos,304000,,1
POL-232767,Kano,417000,,0
POL-257551,Lagos,299000,,1
POL-241006,Lagos,544000,,1
POL-236934,Lagos,560000,,1
POL-230009,Lagos,456000,,1
POL-223401,Lagos,381000,,1
POL-250668,Lagos,230000,,1
POL-247437,Lagos,220000,,0
POL-243463,Kano,183000,,0
POL-209726,Ibadan,310000,,1
POL-251559,Abuja,299000,,0
POL-202203,Port Harcourt,245000,,1
POL-219174,Port Harcourt,763000,,1
POL-231272,Kano,454000,,1
POL-102226,Kano,700000,CLM-00742,1
POL-247473,Lagos,335000,,0
POL-105747,Port Harcourt,387000,CLM-01915,1
POL-259542,Kano,498000,,1
POL-231444,Lagos,772000,,1
POL-224446,Lagos,408000,,1
POL-208534,Lagos,246000,,1
POL-243771,Abuja,377000,,1
POL-248475,Kano,244000,,1
POL-208477,Ibadan,285000,,1
POL-252572,Lagos,208000,,1
POL-252545,Lagos,234000,,1
POL-207392,Lagos,487000,,1
POL-252753,Lagos,339000,,1
POL-246463,Ibadan,370000,,1
POL-244309,Port Harcourt,351000,,1
POL-101509,Abuja,285000,CLM-00503,1
POL-207627,Lagos,296000,,1
POL-205519,Ibadan,269000,,0
POL-218884,Kano,164000,,1
POL-217850,Ibadan,747000,,1
POL-101655,Kano,567000,CLM-00551,1
POL-231126,Abuja,331000,,1
POL-250022,Abuja,297000,,1
POL-227963,Lagos,505000,,1
POL-201106,Kano,542000,,1
POL-256133,Lagos,463000,,1
POL-200186,Abuja,588000,,1
POL-213479,Ibadan,279000,,1
POL-256796,Lagos,567000,,1
POL-262191,Abuja,273000,,1
POL-100360,Abuja,351000,CLM-00120,1
POL-240787,Lagos,491000,,1
POL-101867,Abuja,182000,CLM-00622,1
POL-243882,Lagos,478000,,1
POL-254390,Port Harcourt,596000,,1
POL-221072,Abuja,210000,,1
POL-100081,Lagos,445000,CLM-00027,0
POL-238678,Ibadan,268000,,1
POL-218478,Lagos,465000,,1
POL-211607,Abuja,488000,,1
POL-207559,Kano,241000,,1
POL-103731,Lagos,479000,CLM-01243,0
POL-103749,Lagos,409000,CLM-01249,1
POL-254247,Abuja,351000,,1
POL-205828,Kano,234000,,1
POL-105753,Ibadan,348000,CLM-01917,1
POL-105386,Port Harcourt,305000,CLM-01795,1
POL-231705,Port Harcourt,383000,,1
POL-225020,Port Harcourt,252000,,1
POL-220974,Abuja,400000,,1
POL-106092,Ibadan,436000,CLM-02030,1
POL-236880,Ibadan,784000,,1
POL-249311,Abuja,494000,,0
POL-248802,Lagos,366000,,1
POL-217995,Lagos,581000,,1
POL-255395,Abuja,355000,,1
POL-249490,Abuja,408000,,1
POL-103742,Lagos,440000,CLM-01247,0
POL-235796,Lagos,265000,,1
POL-214245,Kano,378000,,1
POL-225934,Abuja,562000,,0
POL-250805,Port Harcourt,421000,,1
POL-218394,Lagos,197000,,1
POL-259384,Abuja,666000,,1
POL-105249,Port Harcourt,258000,CLM-01749,0
POL-242662,Port Harcourt,327000,,0
POL-236474,Ibadan,413000,,1
POL-104059,Kano,312000,CLM-01353,0
POL-235978,Ibadan,351000,,1
POL-203071,Abuja,403000,,1
POL-223113,Lagos,321000,,1
POL-201216,Abuja,172000,,1
POL-255400,Lagos,370000,,1
POL-241744,Ibadan,354000,,0
POL-239022,Abuja,501000,,1
POL-243743,Ibadan,307000,,1
POL-229152,Abuja,532000,,1
POL-103553,Abuja,621000,CLM-01184,1
POL-217296,Ibadan,621000,,1
POL-219752,Ibadan,293000,,1
POL-225991,Lagos,380000,,1
POL-207463,Lagos,499000,,1
POL-234163,Lagos,202000,,1
POL-206846,Lagos,336000,,1
POL-242822,Lagos,425000,,1
POL-105940,Lagos,430000,CLM-01980,1
POL-220919,Lagos,377000,,1
POL-210133,Ibadan,247000,,1
POL-221674,Kano,301000,,1
POL-100424,Port Harcourt,777000,CLM-00141,1
POL-209113,Ibadan,342000,,1
POL-232255,Lagos,134000,,0
POL-262600,Lagos,413000,,1
POL-215992,Lagos,626000,,1
POL-103738,Kano,229000,CLM-01246,0
POL-248121,Port Harcourt,387000,,1
POL-211737,Lagos,255000,,1
POL-104547,Kano,263000,CLM-01515,1
POL-236214,Lagos,662000,,1
POL-225054,Lagos,548000,,1
POL-205733,Port Harcourt,570000,,1
POL-234187,Kano,414000,,1
POL-222607,Ibadan,561000,,1
POL-244124,Lagos,492000,,0
POL-106309,Kano,327000,CLM-02103,1
POL-245008,Lagos,362000,,1
POL-217196,Port Harcourt,496000,,1
POL-101760,Kano,526000,CLM-00586,0
POL-237604,Abuja,203000,,1
POL-218302,Lagos,297000,,1
POL-101061,Lagos,673000,CLM-00353,0
POL-104178,Lagos,209000,CLM-01392,1
POL-257065,Ibadan,460000,,1
POL-212337,Port Harcourt,288000,,1
POL-255075,Abuja,291000,,0
POL-250585,Ibadan,603000,,1
POL-221159,Abuja,312000,,1
POL-205925,Abuja,419000,,0
POL-245658,Lagos,321000,,1
POL-237166,Lagos,460000,,1
POL-243351,Kano,213000,,1
POL-235721,Lagos,373000,,1
POL-222638,Port Harcourt,286000,,1
POL-248005,Kano,312000,,1
POL-246769,Ibadan,411000,,1
POL-259885,Lagos,249000,,1
POL-220579,Ibadan,381000,,1
POL-256584,Kano,303000,,1
POL-259530,Port Harcourt,351000,,1
POL-259884,Kano,655000,,1
POL-240539,Port Harcourt,344000,,1
POL-262968,Ibadan,693000,,0
POL-238161,Lagos,406000,,0
POL-105867,Ibadan,634000,CLM-01955,1
POL-105450,Ibadan,951000,CLM-01816,1
POL-104541,Port Harcourt,439000,CLM-01513,0
POL-105851,Port Harcourt,331000,CLM-01950,1
POL-216623,Ibadan,298000,,0
POL-251077,Abuja,344000,,1
POL-211960,Abuja,390000,,1
POL-261439,Port Harcourt,461000,,1
POL-259152,Ibadan,236000,,0
POL-207223,Lagos,262000,,1
POL-258908,Lagos,288000,,1
POL-240391,Kano,489000,,1
POL-251695,Abuja,673000,,1
POL-237095,Ibadan,387000,,1
POL-211429,Abuja,461000,,1
POL-248275,Lagos,216000,,1
POL-203449,Lagos,324000,,0
POL-105662,Lagos,443000,CLM-01887,1
POL-214881,Port Harcourt,861000,,0
POL-214048,Abuja,421000,,1
POL-105723,Lagos,212000,CLM-01907,1
POL-242353,Lagos,580000,,1
POL-226020,Ibadan,309000,,1
POL-225513,Abuja,370000,,1
POL-104014,Port Harcourt,443000,CLM-01338,1
POL-211017,Port Harcourt,465000,,1
POL-254958,Kano,267000,,0
POL-103282,Abuja,215000,CLM-01094,1
POL-227233,Lagos,481000,,1
POL-247391,Port Harcourt,179000,,0
POL-216685,Lagos,261000,,1
POL-205043,Kano,603000,,1
POL-256228,Lagos,324000,,1
POL-228991,Lagos,200000,,1
POL-218815,Kano,259000,,1
POL-251759,Port Harcourt,269000,,1
POL-203563,Abuja,170000,,0
POL-220464,Lagos,221000,,1
POL-102016,Lagos,436000,CLM-00672,1
POL-105854,Kano,326000,CLM-01951,1
POL-262065,Port Harcourt,532000,,1
POL-261102,Abuja,134000,,1
POL-216109,Lagos,299000,,1
POL-224887,Lagos,405000,,1
POL-200005,Kano,398000,,0
POL-214149,Ibadan,161000,,1
POL-102150,Abuja,332000,CLM-00716,1
POL-228057,Ibadan,677000,,1
POL-218372,Kano,643000,,1
POL-239524,Lagos,473000,,1
POL-233517,Port Harcourt,252000,,1
POL-259693,Abuja,613000,,1
POL-224793,Kano,449000,,1
POL-230430,Lagos,519000,,1
POL-227821,Abuja,438000,,1
POL-222412,Kano,667000,,1
POL-105817,Port Harcourt,371000,CLM-01939,0
POL-106107,Port Harcourt,681000,CLM-02035,1
POL-211831,Ibadan,293000,,1
POL-105174,Ibadan,300000,CLM-01724,0
POL-230582,Port Harcourt,289000,,1
POL-101504,Lagos,619000,CLM-00501,1
POL-224580,Lagos,249000,,1
POL-101473,Lagos,180000,CLM-00491,0
POL-226309,Lagos,480000,,1
POL-221755,Ibadan,274000,,1
POL-220722,Ibadan,328000,,1
POL-225880,Lagos,255000,,1
POL-232022,Abuja,280000,,0
POL-104192,Port Harcourt,358000,CLM-01397,0
POL-236873,Ibadan,294000,,1
POL-223607,Port Harcourt,574000,,1
POL-256648,Lagos,477000,,1
POL-230048,Kano,298000,,1
POL-230873,Abuja,473000,,1
POL-249101,Port Harcourt,355000,,1
POL-103893,Ibadan,945000,CLM-01297,1
POL-100990,Port Harcourt,388000,CLM-00330,1
POL-105645,Lagos,162000,CLM-01881,1
POL-235901,Abuja,470000,,0
POL-232365,Abuja,160000,,0
POL-101706,Port Harcourt,358000,CLM-00568,0
POL-203432,Abuja,412000,,1
POL-105199,Abuja,662000,CLM-01733,0
POL-246019,Port Harcourt,264000,,1
POL-239208,Abuja,1179000,,1
POL-100276,Lagos,609000,CLM-00092,0
POL-261652,Abuja,514000,,1
POL-242763,Lagos,338000,,0
POL-236810,Kano,445000,,1
POL-222062,Ibadan,239000,,0
POL-103785,Lagos,332000,CLM-01261,1
POL-230764,Lagos,434000,,0
POL-214571,Abuja,472000,,1
POL-234129,Lagos,561000,,0
POL-250087,Lagos,252000,,1
POL-104182,Ibadan,210000,CLM-01394,1
POL-232292,Lagos,613000,,0
POL-103653,Kano,373000,CLM-01217,0
POL-211353,Abuja,104000,,1
POL-241653,Kano,287000,,1
POL-214523,Port Harcourt,615000,,1
POL-234075,Port Harcourt,342000,,1
POL-238884,Lagos,352000,,0
POL-241063,Lagos,546000,,1
POL-106388,Abuja,327000,CLM-02129,1
POL-213493,Kano,351000,,1
POL-257299,Kano,566000,,1
POL-241648,Kano,508000,,1
POL-258465,Abuja,309000,,1
POL-104118,Ibadan,297000,CLM-01372,1
POL-228051,Lagos,233000,,1
POL-100788,Ibadan,631000,CLM-00262,1
POL-212148,Port Harcourt,552000,,1
POL-212941,Ibadan,342000,,1
POL-224038,Abuja,385000,,1
POL-106606,Lagos,361000,CLM-02202,1
POL-104536,Abuja,479000,CLM-01512,1
POL-249766,Lagos,243000,,1
POL-243818,Kano,345000,,1
POL-205661,Abuja,327000,,1
POL-217604,Lagos,337000,,1
POL-227036,Port Harcourt,277000,,0
POL-235164,Lagos,313000,,1
POL-229706,Ibadan,506000,,1
POL-208834,Abuja,397000,,1
POL-212636,Lagos,400000,,0
POL-203206,Port Harcourt,418000,,1
POL-202800,Port Harcourt,555000,,1
POL-221534,Abuja,370000,,1
POL-243899,Abuja,422000,,0
POL-105394,Lagos,227000,CLM-01798,0
POL-248899,Lagos,367000,,1
POL-257058,Lagos,453000,,0
POL-242423,Ibadan,454000,,0
POL-238396,Ibadan,275000,,1
POL-219499,Lagos,598000,,1
POL-252955,Abuja,390000,,1
POL-223889,Abuja,362000,,1
POL-104382,Kano,299000,CLM-01460,1
POL-254253,Ibadan,373000,,1
POL-211326,Ibadan,405000,,1
POL-206841,Lagos,367000,,1
POL-210821,Port Harcourt,224000,,1
POL-210447,Lagos,330000,,1
POL-200969,Lagos,494000,,1
POL-224057,Lagos,227000,,1
POL-225086,Port Harcourt,267000,,1
POL-105968,Abuja,254000,CLM-01989,1
POL-213324,Kano,233000,,1
POL-228641,Abuja,194000,,1
POL-217484,Ibadan,271000,,0
POL-240893,Kano,400000,,0
POL-256522,Kano,289000,,1
POL-248922,Kano,357000,,1
POL-252827,Lagos,474000,,1
POL-242333,Lagos,487000,,1
POL-226644,Lagos,534000,,1
POL-225488,Lagos,289000,,1
POL-240914,Lagos,262000,,1
POL-102129,Kano,432000,CLM-00709,1
POL-240696,Abuja,447000,,1
POL-214332,Lagos,734000,,1
POL-202545,Lagos,553000,,1
POL-222883,Lagos,388000,,0
POL-218027,Port Harcourt,426000,,0
POL-213130,Port Harcourt,388000,,1
POL-200065,Lagos,299000,,0
POL-202503,Lagos,633000,,1
POL-101574,Lagos,230000,CLM-00524,1
POL-106629,Ibadan,772000,CLM-02209,0
POL-103182,Kano,532000,CLM-01060,0
POL-219343,Lagos,492000,,1
POL-105543,Port Harcourt,353000,CLM-01847,0
POL-103524,Abuja,313000,CLM-01174,1
POL-229025,Kano,334000,,1
POL-213740,Lagos,244000,,0
POL-101298,Lagos,214000,CLM-00432,1
POL-220128,Port Harcourt,199000,,1
POL-240816,Lagos,319000,,1
POL-102422,Lagos,419000,CLM-00807,0
POL-259364,Abuja,272000,,1
POL-202637,Lagos,187000,,0
POL-105276,Lagos,399000,CLM-01758,0
POL-234727,Abuja,311000,,1
POL-207031,Abuja,438000,,1
POL-261225,Abuja,280000,,0
POL-240920,Lagos,156000,,1
POL-209852,Lagos,391000,,1
POL-235323,Abuja,416000,,1
POL-102062,Abuja,271000,CLM-00687,1
POL-209826,Lagos,263000,,1
POL-201172,Port Harcourt,571000,,0
POL-200204,Port Harcourt,341000,,1
POL-224453,Port Harcourt,944000,,1
POL-101617,Port Harcourt,332000,CLM-00539,1
POL-247089,Port Harcourt,261000,,1
POL-103460,Port Harcourt,380000,CLM-01153,1
POL-203341,Port Harcourt,403000,,0
POL-213229,Lagos,384000,,0
POL-239800,Ibadan,452000,,0
POL-103249,Abuja,367000,CLM-01083,1
POL-260712,Abuja,502000,,0
POL-240850,Kano,569000,,1
POL-205497,Lagos,515000,,1
POL-204462,Lagos,369000,,0
POL-258414,Lagos,576000,,1
POL-255258,Ibadan,287000,,1
POL-216226,Lagos,360000,,1
POL-256313,Lagos,549000,,1
POL-106481,Kano,279000,CLM-02160,1
POL-236150,Kano,469000,,1
POL-238557,Lagos,380000,,1
POL-259903,Kano,353000,,0
POL-225386,Kano,453000,,1
POL-206567,Kano,646000,,1
POL-105560,Ibadan,448000,CLM-01853,0
POL-255712,Lagos,117000,,1
POL-242834,Port Harcourt,485000,,0
POL-253530,Kano,216000,,1
POL-242669,Abuja,340000,,1
POL-236973,Ibadan,339000,,1
POL-253798,Abuja,306000,,1
POL-220597,Lagos,705000,,1
POL-214672,Port Harcourt,181000,,1
POL-239492,Lagos,489000,,1
POL-252533,Lagos,349000,,1
POL-232301,Lagos,568000,,0
POL-102245,Kano,264000,CLM-00748,0
POL-227752,Abuja,222000,,1
POL-211778,Abuja,307000,,0
POL-262398,Lagos,407000,,1
POL-214619,Abuja,434000,,0
POL-219084,Lagos,378000,,1
POL-208080,Kano,292000,,1
POL-256159,Lagos,437000,,1
POL-205313,Ibadan,666000,,1
POL-231372,Abuja,257000,,1
POL-208160,Lagos,374000,,1
POL-229394,Abuja,511000,,1
POL-103836,Kano,386000,CLM-01278,0
POL-229281,Abuja,226000,,1
POL-245127,Port Harcourt,450000,,1
POL-202281,Port Harcourt,515000,,1
POL-247954,Lagos,745000,,0
POL-232587,Lagos,627000,,1
POL-234375,Lagos,365000,,1
POL-233275,Port Harcourt,308000,,1
POL-255188,Lagos,165000,,1
POL-101483,Lagos,381000,CLM-00494,1
POL-105343,Port Harcourt,403000,CLM-01781,1
POL-239183,Abuja,310000,,1
POL-204233,Abuja,137000,,0
POL-104951,Abuja,552000,CLM-01650,1
POL-252702,Lagos,206000,,1
POL-247821,Lagos,612000,,0
POL-254776,Lagos,608000,,0
POL-231194,Kano,233000,,1
POL-255253,Abuja,234000,,1
POL-219920,Lagos,380000,,0
POL-217683,Lagos,469000,,1
POL-200476,Abuja,354000,,1
POL-227867,Lagos,516000,,1
POL-224481,Kano,437000,,1
POL-100289,Lagos,491000,CLM-00096,0
POL-217532,Port Harcourt,189000,,1
POL-236280,Kano,299000,,0
POL-258912,Kano,351000,,1
POL-222022,Abuja,418000,,1
POL-204370,Abuja,322000,,1
POL-230713,Lagos,430000,,0
POL-224638,Ibadan,545000,,1
POL-255326,Lagos,235000,,1
POL-102074,Abuja,242000,CLM-00691,1
POL-238938,Port Harcourt,274000,,1
POL-239933,Lagos,767000,,1
POL-254546,Lagos,501000,,0
POL-257798,Lagos,482000,,1
POL-212418,Kano,395000,,1
POL-100303,Abuja,778000,CLM-00101,1
POL-222461,Ibadan,353000,,1
POL-223123,Abuja,199000,,1
POL-105037,Abuja,368000,CLM-01679,1
POL-255312,Lagos,545000,,0
POL-253159,Lagos,172000,,0
POL-228157,Kano,511000,,1
POL-221785,Abuja,285000,,0
POL-230618,Port Harcourt,469000,,1
POL-261469,Lagos,525000,,1
POL-252414,Ibadan,326000,,1
POL-219487,Lagos,596000,,1
POL-216052,Kano,329000,,1
POL-216625,Ibadan,177000,,1
POL-225232,Lagos,393000,,1
POL-215245,Lagos,398000,,1
POL-249355,Ibadan,397000,,0
POL-228832,Port Harcourt,161000,,1
POL-228585,Lagos,226000,,0
POL-103188,Ibadan,805000,CLM-01062,1
POL-258191,Port Harcourt,426000,,1
POL-234928,Ibadan,191000,,1
POL-233584,Kano,420000,,1
POL-220630,Lagos,449000,,1
POL-105615,Abuja,357000,CLM-01871,1
POL-210813,Abuja,413000,,1
POL-214857,Port Harcourt,313000,,1
POL-207633,Ibadan,356000,,1
POL-104603,Ibadan,687000,CLM-01534,1
POL-102069,Ibadan,382000,CLM-00689,1
POL-208065,Abuja,572000,,1
POL-236437,Ibadan,684000,,0
POL-205119,Lagos,419000,,1
POL-205469,Ibadan,245000,,1
POL-200447,Kano,554000,,1
POL-214288,Lagos,428000,,1
POL-247803,Lagos,606000,,1
POL-235809,Lagos,401000,,1
POL-238430,Kano,542000,,1
POL-101876,Lagos,632000,CLM-00625,1
POL-104145,Abuja,412000,CLM-01381,1
POL-106502,Ibadan,478000,CLM-02167,1
POL-102232,Abuja,833000,CLM-00744,1
POL-206346,Ibadan,322000,,1
POL-229981,Abuja,510000,,1
POL-226167,Abuja,323000,,1
POL-250660,Lagos,245000,,1
POL-241376,Kano,424000,,1
POL-251824,Kano,441000,,1
POL-244435,Port Harcourt,352000,,1
POL-222904,Lagos,708000,,1
POL-228934,Port Harcourt,221000,,1
POL-208290,Port Harcourt,642000,,1
POL-106124,Lagos,547000,CLM-02041,1
POL-104613,Port Harcourt,351000,CLM-01537,1
POL-216540,Port Harcourt,501000,,0
POL-225746,Lagos,469000,,1
POL-231516,Lagos,721000,,1
POL-262869,Lagos,458000,,1
POL-102155,Ibadan,239000,CLM-00718,1
POL-230883,Ibadan,505000,,1
POL-206171,Lagos,228000,,1
POL-216810,Lagos,365000,,1
POL-249825,Kano,228000,,1
POL-223038,Lagos,263000,,1
POL-201118,Abuja,661000,,1
POL-241241,Lagos,361000,,1
POL-258696,Port Harcourt,501000,,1
POL-103778,Kano,439000,CLM-01259,1
POL-241100,Kano,440000,,1
POL-254042,Ibadan,241000,,0
POL-211265,Ibadan,789000,,1
POL-207642,Port Harcourt,476000,,1
POL-214278,Lagos,328000,,1
POL-244345,Port Harcourt,209000,,0
POL-105797,Ibadan,313000,CLM-01932,0
POL-249418,Lagos,502000,,1
POL-219807,Lagos,505000,,0
POL-202749,Abuja,403000,,1
POL-211848,Abuja,672000,,1
POL-241313,Abuja,532000,,1
POL-228103,Abuja,505000,,1
POL-249748,Port Harcourt,416000,,1
POL-258526,Lagos,590000,,1
POL-255891,Lagos,183000,,1
POL-233124,Lagos,580000,,1
POL-204104,Lagos,563000,,1
POL-106200,Port Harcourt,591000,CLM-02066,1
POL-102596,Abuja,563000,CLM-00865,1
POL-256616,Lagos,437000,,1
POL-217819,Kano,499000,,1
POL-103737,Lagos,541000,CLM-01245,1
POL-249023,Lagos,384000,,1
POL-222306,Lagos,182000,,0
POL-222796,Abuja,543000,,1
POL-103315,Ibadan,311000,CLM-01105,1
POL-233442,Lagos,565000,,1
POL-238654,Port Harcourt,344000,,1
POL-251772,Ibadan,282000,,1
POL-104832,Lagos,209000,CLM-01610,0
POL-208718,Port Harcourt,389000,,1
POL-224589,Lagos,191000,,1
POL-102479,Lagos,520000,CLM-00826,0
POL-103854,Ibadan,458000,CLM-01284,0
POL-227978,Port Harcourt,193000,,0
POL-244390,Abuja,356000,,0
POL-201003,Lagos,260000,,1
POL-226731,Abuja,317000,,0
POL-246569,Abuja,665000,,1
POL-228338,Lagos,317000,,1
POL-240270,Ibadan,348000,,1
POL-261869,Abuja,913000,,0
POL-219303,Ibadan,291000,,1
POL-244120,Abuja,686000,,1
POL-202114,Ibadan,478000,,1
POL-211019,Lagos,399000,,1
POL-209355,Port Harcourt,375000,,0
POL-102703,Port Harcourt,312000,CLM-00901,1
POL-249340,Lagos,193000,,1
POL-200651,Port Harcourt,315000,,0
POL-232327,Abuja,460000,,0
POL-260774,Port Harcourt,508000,,1
POL-242036,Abuja,224000,,1
POL-207283,Ibadan,512000,,1
POL-215385,Port Harcourt,440000,,1
POL-230069,Abuja,507000,,1
POL-209613,Abuja,330000,,0
POL-235109,Port Harcourt,396000,,1
POL-252463,Lagos,295000,,1
POL-261614,Ibadan,369000,,1
POL-232267,Lagos,264000,,1
POL-261398,Lagos,265000,,1
POL-231669,Abuja,468000,,1
POL-211079,Port Harcourt,553000,,1
POL-215098,Port Harcourt,285000,,0
POL-100176,Abuja,444000,CLM-00058,1
POL-246708,Lagos,233000,,0
POL-101361,Lagos,186000,CLM-00453,0
POL-234649,Lagos,485000,,1
POL-217123,Abuja,266000,,1
POL-239306,Lagos,317000,,1
POL-101801,Abuja,564000,CLM-00600,1
POL-220875,Ibadan,235000,,1
POL-240043,Ibadan,873000,,0
POL-101621,Abuja,614000,CLM-00540,0
POL-253764,Kano,548000,,1
POL-209221,Kano,789000,,0
POL-235225,Lagos,301000,,1
POL-234347,Lagos,484000,,1
POL-231388,Ibadan,329000,,1
POL-222260,Lagos,492000,,0
POL-212462,Port Harcourt,655000,,1
POL-241941,Lagos,544000,,1
POL-102563,Kano,229000,CLM-00854,1
POL-254214,Kano,531000,,0
POL-255220,Lagos,349000,,0
POL-213814,Ibadan,339000,,1
POL-260748,Port Harcourt,417000,,0
POL-212246,Port Harcourt,457000,,0
POL-104312,Port Harcourt,575000,CLM-01437,1
POL-101835,Lagos,494000,CLM-00611,1
POL-211760,Ibadan,601000,,1
POL-225012,Lagos,439000,,1
POL-257395,Kano,427000,,1
POL-210491,Port Harcourt,256000,,1
POL-240130,Kano,226000,,1
POL-206654,Ibadan,681000,,1
POL-245021,Lagos,921000,,1
POL-238155,Abuja,439000,,1
POL-102456,Lagos,356000,CLM-00818,1
POL-205433,Lagos,281000,,1
POL-252038,Lagos,217000,,1
POL-247904,Lagos,276000,,1
POL-224409,Ibadan,334000,,1
POL-247280,Ibadan,472000,,1
POL-103898,Kano,285000,CLM-01299,1
POL-223069,Lagos,647000,,1
POL-212750,Port Harcourt,652000,,1
POL-236548,Ibadan,368000,,0
POL-235379,Kano,294000,,0
POL-225651,Lagos,401000,,1
POL-251238,Port Harcourt,507000,,1
POL-248314,Lagos,525000,,0
POL-201541,Kano,491000,,1
POL-220391,Ibadan,550000,,1
POL-237915,Port Harcourt,735000,,1
POL-260969,Abuja,210000,,1
POL-100690,Ibadan,232000,CLM-00230,1
POL-258767,Lagos,515000,,1
POL-261149,Lagos,305000,,1
POL-204952,Lagos,340000,,0
POL-239434,Lagos,357000,,0
POL-259643,Lagos,637000,,1
POL-213668,Port Harcourt,479000,,1
POL-212690,Lagos,560000,,1
POL-103440,Ibadan,291000,CLM-01146,1
POL-102446,Port Harcourt,758000,CLM-00815,1
POL-222276,Lagos,476000,,1
POL-204552,Lagos,368000,,0
POL-238819,Lagos,258000,,0
POL-103423,Lagos,293000,CLM-01141,1
POL-230373,Lagos,323000,,0
POL-106526,Abuja,619000,CLM-02175,1
POL-100935,Lagos,940000,CLM-00311,1
POL-244809,Port Harcourt,294000,,1
POL-201893,Abuja,817000,,1
POL-100791,Abuja,470000,CLM-00263,0
POL-225427,Lagos,324000,,1
POL-225190,Abuja,464000,,1
POL-240801,Lagos,779000,,0
POL-101929,Port Harcourt,344000,CLM-00643,1
POL-245811,Ibadan,149000,,1
POL-235027,Port Harcourt,560000,,1
POL-100627,Port Harcourt,203000,CLM-00209,0
POL-235913,Abuja,248000,,1
POL-255364,Abuja,417000,,1
POL-215692,Lagos,335000,,1
POL-214839,Lagos,446000,,1
POL-244460,Lagos,413000,,1
POL-212667,Abuja,211000,,1
POL-228892,Port Harcourt,273000,,1
POL-221427,Abuja,270000,,1
POL-203659,Lagos,356000,,1
POL-245913,Port Harcourt,248000,,0
POL-253495,Abuja,326000,,1
POL-249343,Lagos,607000,,1
POL-256052,Lagos,205000,,0
POL-106687,Abuja,782000,CLM-02229,1
POL-105955,Lagos,596000,CLM-01985,1
POL-225443,Ibadan,187000,,1
POL-238242,Lagos,265000,,1
POL-216429,Lagos,476000,,1
POL-261592,Abuja,442000,,0
POL-209689,Ibadan,250000,,1
POL-205390,Ibadan,341000,,1
POL-106600,Port Harcourt,276000,CLM-02200,0
POL-225961,Abuja,488000,,1
POL-202654,Ibadan,254000,,1
POL-248164,Abuja,423000,,1
POL-221165,Ibadan,263000,,0
POL-210218,Abuja,267000,,1
POL-222576,Lagos,186000,,1
POL-105158,Lagos,234000,CLM-01719,0
POL-203760,Lagos,576000,,1
POL-103474,Ibadan,275000,CLM-01158,1
POL-235291,Lagos,320000,,1
POL-246276,Lagos,217000,,1
POL-106378,Lagos,489000,CLM-02126,1
POL-252663,Lagos,218000,,1
POL-101011,Lagos,278000,CLM-00337,0
POL-246261,Lagos,362000,,1
POL-254858,Lagos,248000,,1
POL-238849,Ibadan,621000,,1
POL-106364,Abuja,609000,CLM-02121,1
POL-100732,Kano,341000,CLM-00244,1
POL-101432,Kano,299000,CLM-00477,0
POL-262004,Abuja,299000,,0
POL-103068,Port Harcourt,263000,CLM-01022,0
POL-213145,Port Harcourt,464000,,1
POL-200039,Lagos,679000,,0
POL-227994,Lagos,565000,,1
POL-245735,Lagos,614000,,0
POL-222049,Lagos,364000,,1
POL-251750,Abuja,345000,,1
POL-243863,Lagos,678000,,1
POL-100536,Lagos,512000,CLM-00178,1
POL-224689,Abuja,550000,,0
POL-242694,Lagos,386000,,1
POL-100139,Port Harcourt,443000,CLM-00046,1
POL-230397,Lagos,446000,,1
POL-101179,Ibadan,324000,CLM-00393,1
POL-224045,Lagos,306000,,1
POL-246996,Ibadan,534000,,1
POL-206641,Lagos,444000,,1
POL-218267,Port Harcourt,387000,,1
POL-254628,Port Harcourt,614000,,1
POL-202705,Abuja,210000,,1
POL-222356,Lagos,249000,,1
POL-207227,Lagos,288000,,0
POL-256764,Port Harcourt,367000,,1
POL-221453,Port Harcourt,249000,,1
POL-222233,Abuja,255000,,1
POL-102305,Lagos,783000,CLM-00768,1
POL-262653,Abuja,479000,,1
POL-248306,Lagos,552000,,1
POL-218504,Lagos,391000,,1
POL-214500,Abuja,387000,,1
POL-240827,Ibadan,839000,,1
POL-207331,Lagos,232000,,0
POL-217300,Lagos,542000,,0
POL-257167,Lagos,367000,,1
POL-214800,Lagos,285000,,0
POL-104718,Lagos,360000,CLM-01572,1
POL-103930,Port Harcourt,200000,CLM-01310,0
POL-257485,Kano,455000,,0
POL-102319,Lagos,174000,CLM-00773,1
POL-216143,Port Harcourt,541000,,1
POL-228242,Lagos,368000,,0
POL-203039,Abuja,588000,,1
POL-102097,Lagos,796000,CLM-00699,0
POL-230546,Abuja,495000,,1
POL-261536,Lagos,721000,,1
POL-248137,Abuja,169000,,1
POL-200843,Lagos,585000,,1
POL-217823,Ibadan,229000,,1
POL-105943,Kano,245000,CLM-01981,1
POL-106711,Kano,548000,CLM-02237,1
POL-240158,Kano,294000,,0
POL-234090,Lagos,562000,,1
POL-242399,Lagos,209000,,1
POL-238132,Port Harcourt,264000,,1
POL-105625,Lagos,346000,CLM-01875,1
POL-254083,Abuja,299000,,0
POL-106587,Port Harcourt,543000,CLM-02195,0
POL-203316,Ibadan,430000,,1
POL-203276,Lagos,670000,,1
POL-218834,Port Harcourt,619000,,1
POL-242585,Port Harcourt,425000,,1
POL-244039,Ibadan,565000,,1
POL-243120,Lagos,587000,,1
POL-105780,Lagos,289000,CLM-01926,1
POL-256593,Port Harcourt,363000,,1
POL-249067,Port Harcourt,289000,,1
POL-206721,Lagos,364000,,0
POL-233600,Lagos,261000,,0
POL-245965,Lagos,456000,,0
POL-106490,Ibadan,291000,CLM-02163,1
POL-244235,Lagos,472000,,1
POL-220348,Port Harcourt,463000,,1
POL-101711,Lagos,354000,CLM-00570,0
POL-101784,Ibadan,385000,CLM-00594,1
POL-260989,Lagos,296000,,1
POL-225378,Port Harcourt,211000,,1
POL-250219,Abuja,374000,,1
POL-250008,Lagos,382000,,1
POL-222217,Lagos,362000,,1
POL-206116,Abuja,334000,,1
POL-214174,Lagos,180000,,1
POL-229447,Lagos,612000,,0
POL-212326,Lagos,308000,,1
POL-234310,Port Harcourt,495000,,0
POL-253294,Lagos,491000,,1
POL-205588,Kano,362000,,1
POL-216913,Abuja,307000,,0
POL-214895,Abuja,811000,,1
POL-262221,Ibadan,354000,,1
POL-256595,Lagos,465000,,0
POL-102928,Ibadan,276000,CLM-00976,1
POL-261834,Abuja,501000,,1
POL-106438,Lagos,230000,CLM-02146,1
POL-222831,Kano,332000,,0
POL-245081,Lagos,263000,,1
POL-206544,Lagos,635000,,0
POL-218452,Kano,300000,,1
POL-103752,Abuja,803000,CLM-01250,0
POL-104837,Abuja,275000,CLM-01612,0
POL-202427,Port Harcourt,353000,,1
POL-223681,Port Harcourt,650000,,1
POL-102639,Abuja,281000,CLM-00879,0
POL-103167,Kano,384000,CLM-01055,1
POL-103790,Lagos,493000,CLM-01263,1
POL-100177,Port Harcourt,473000,CLM-00059,1
POL-103702,Abuja,438000,CLM-01234,1
POL-261915,Ibadan,356000,,1
POL-212122,Port Harcourt,402000,,1
POL-257864,Lagos,138000,,1
POL-202313,Kano,386000,,1
POL-210670,Port Harcourt,281000,,1
POL-104778,Ibadan,232000,CLM-01592,1
POL-222962,Abuja,603000,,1
POL-253191,Abuja,216000,,1
POL-250451,Lagos,325000,,1
POL-234033,Lagos,418000,,1
POL-206807,Port Harcourt,291000,,0
POL-249498,Abuja,366000,,1
POL-257749,Lagos,426000,,1
POL-237591,Lagos,271000,,0
POL-217830,Port Harcourt,474000,,1
POL-259773,Abuja,274000,,1
POL-104783,Abuja,609000,CLM-01594,0
POL-248734,Port Harcourt,297000,,1
POL-211335,Lagos,603000,,0
POL-224223,Lagos,233000,,0
POL-100737,Lagos,283000,CLM-00245,0
POL-209337,Abuja,595000,,1
POL-248257,Lagos,169000,,1
POL-105181,Ibadan,237000,CLM-01727,0
POL-101449,Port Harcourt,372000,CLM-00483,1
POL-105684,Ibadan,372000,CLM-01894,1
POL-226074,Port Harcourt,199000,,1
POL-238508,Lagos,390000,,1
POL-233964,Ibadan,373000,,1
POL-250497,Lagos,507000,,1
POL-207190,Lagos,590000,,1
POL-103884,Kano,548000,CLM-01294,1
POL-232347,Ibadan,308000,,1
POL-229348,Port Harcourt,400000,,1
POL-105795,Lagos,396000,CLM-01931,0
POL-224763,Lagos,394000,,1
POL-203570,Lagos,166000,,0
POL-102405,Ibadan,254000,CLM-00801,1
POL-247571,Abuja,486000,,1
POL-236800,Lagos,364000,,0
POL-224554,Lagos,184000,,1
POL-215924,Ibadan,330000,,1
POL-101052,Lagos,243000,CLM-00350,0
POL-208605,Ibadan,267000,,0
POL-252022,Kano,518000,,1
POL-253846,Lagos,520000,,1
POL-216878,Lagos,581000,,1
POL-242908,Lagos,324000,,1
POL-243764,Abuja,339000,,1
POL-101470,Abuja,199000,CLM-00490,0
POL-251214,Port Harcourt,448000,,1
POL-255433,Lagos,554000,,1
POL-212813,Abuja,341000,,1
POL-105701,Kano,317000,CLM-01900,1
POL-101636,Lagos,487000,CLM-00545,1
POL-245986,Lagos,593000,,1
POL-253865,Abuja,255000,,1
POL-102968,Lagos,400000,CLM-00989,0
POL-205160,Lagos,472000,,1
POL-259837,Abuja,507000,,1
POL-248016,Lagos,400000,,1
POL-205798,Abuja,582000,,1
POL-253339,Lagos,359000,,1
POL-240323,Ibadan,381000,,1
POL-239188,Lagos,294000,,1
POL-106240,Kano,699000,CLM-02080,1
POL-228994,Abuja,236000,,0
POL-222619,Lagos,214000,,1
POL-218403,Lagos,398000,,0
POL-245512,Lagos,339000,,1
POL-262899,Kano,364000,,0
POL-209883,Lagos,227000,,0
POL-227938,Kano,578000,,1
POL-200330,Abuja,468000,,0
POL-215900,Lagos,420000,,1
POL-237346,Ibadan,556000,,1
POL-261120,Lagos,385000,,0
POL-232721,Kano,234000,,0
POL-224135,Lagos,402000,,1
POL-221738,Lagos,190000,,1
POL-244067,Lagos,323000,,0
POL-103870,Port Harcourt,263000,CLM-01290,0
POL-206598,Kano,379000,,1
POL-103266,Ibadan,356000,CLM-01088,1
POL-218073,Lagos,532000,,1
POL-201513,Abuja,546000,,1
POL-224257,Lagos,495000,,1
POL-229160,Lagos,773000,,1
POL-251182,Ibadan,381000,,1
POL-255432,Abuja,481000,,1
POL-102916,Port Harcourt,475000,CLM-00972,1
POL-244678,Kano,427000,,1
POL-103831,Lagos,548000,CLM-01277,1
POL-209713,Abuja,303000,,1
POL-233070,Port Harcourt,512000,,0
POL-256548,Lagos,600000,,1
POL-219857,Kano,337000,,1
POL-202328,Lagos,352000,,1
POL-228299,Abuja,254000,,0
POL-233149,Lagos,303000,,1
POL-203376,Port Harcourt,419000,,1
POL-100008,Lagos,380000,CLM-00002,1
POL-248595,Lagos,397000,,1
POL-206067,Lagos,1660000,,1
POL-238944,Port Harcourt,232000,,1
POL-257805,Lagos,340000,,1
POL-209501,Ibadan,224000,,1
POL-104268,Port Harcourt,487000,CLM-01422,1
POL-105035,Abuja,213000,CLM-01678,0
POL-104696,Lagos,450000,CLM-01565,1
POL-230478,Port Harcourt,240000,,1
POL-100102,Lagos,293000,CLM-00034,1
POL-206739,Lagos,218000,,1
POL-217174,Lagos,750000,,1
POL-202685,Ibadan,198000,,0
POL-206777,Abuja,504000,,1
POL-104111,Abuja,464000,CLM-01370,1
POL-254284,Port Harcourt,506000,,0
POL-249237,Port Harcourt,415000,,1
POL-262928,Ibadan,362000,,0
POL-237813,Ibadan,293000,,1
POL-103411,Lagos,401000,CLM-01137,1
POL-243912,Lagos,251000,,1
POL-228630,Lagos,403000,,1
POL-102939,Lagos,193000,CLM-00979,1
POL-217972,Kano,533000,,0
POL-225700,Lagos,292000,,1
POL-211377,Kano,304000,,1
POL-103468,Port Harcourt,407000,CLM-01156,1
POL-250093,Kano,389000,,1
POL-209561,Port Harcourt,412000,,1
POL-220895,Ibadan,454000,,1
POL-104069,Port Harcourt,209000,CLM-01356,1
POL-229870,Port Harcourt,326000,,1
POL-234478,Lagos,621000,,0
POL-101040,Port Harcourt,407000,CLM-00346,1
POL-209153,Port Harcourt,446000,,1
POL-250716,Lagos,274000,,1
POL-217160,Lagos,382000,,1
POL-236205,Port Harcourt,192000,,0
POL-222387,Port Harcourt,394000,,1
POL-230791,Ibadan,271000,,1
POL-258517,Port Harcourt,518000,,1
POL-101162,Lagos,209000,CLM-00387,1
POL-204741,Ibadan,351000,,0
POL-227385,Lagos,557000,,1
POL-221562,Lagos,485000,,1
POL-100611,Lagos,393000,CLM-00203,0
POL-200383,Port Harcourt,200000,,0
POL-101074,Kano,143000,CLM-00358,0
POL-240768,Lagos,358000,,1
POL-100302,Kano,445000,CLM-00100,1
POL-105021,Lagos,304000,CLM-01673,0
POL-258339,Abuja,192000,,1
POL-206372,Abuja,531000,,0
POL-210635,Abuja,603000,,1
POL-218045,Port Harcourt,524000,,1
POL-105916,Lagos,303000,CLM-01972,0
POL-261637,Lagos,182000,,1
POL-256442,Port Harcourt,419000,,1
POL-254619,Lagos,307000,,1
POL-217567,Lagos,279000,,1
POL-202497,Abuja,260000,,1
POL-219612,Abuja,224000,,1
POL-260261,Ibadan,440000,,1
POL-208505,Kano,303000,,1
POL-201441,Lagos,290000,,1
POL-209232,Kano,445000,,1
POL-209899,Lagos,430000,,0
POL-212362,Kano,285000,,1
POL-258300,Lagos,354000,,1
POL-232379,Port Harcourt,433000,,1
POL-234701,Port Harcourt,459000,,1
POL-106194,Kano,297000,CLM-02064,1
POL-102187,Kano,440000,CLM-00729,0
POL-261740,Ibadan,207000,,1
POL-105064,Ibadan,761000,CLM-01688,1
POL-262761,Lagos,392000,,0
POL-256223,Ibadan,638000,,1
POL-102143,Lagos,318000,CLM-00714,1
POL-217573,Ibadan,669000,,1
POL-257128,Abuja,504000,,1
POL-248530,Kano,256000,,1
POL-105365,Port Harcourt,441000,CLM-01788,1
POL-205892,Abuja,324000,,1
POL-209591,Abuja,457000,,1
POL-235965,Lagos,320000,,1
POL-223139,Abuja,546000,,0
POL-205220,Lagos,476000,,1
POL-216780,Kano,444000,,1
POL-221645,Lagos,410000,,1
POL-237018,Kano,348000,,1
POL-227437,Port Harcourt,373000,,0
POL-225281,Abuja,378000,,1
POL-237659,Abuja,555000,,0
POL-218036,Port Harcourt,431000,,0
POL-204398,Port Harcourt,296000,,1
POL-233853,Ibadan,526000,,1
POL-101888,Ibadan,320000,CLM-00629,0
POL-214986,Lagos,316000,,1
POL-249392,Lagos,461000,,0
POL-245453,Ibadan,572000,,1
POL-200766,Lagos,417000,,1
POL-205480,Lagos,251000,,1
POL-262116,Abuja,649000,,0
POL-230587,Lagos,338000,,1
POL-214206,Port Harcourt,592000,,1
POL-255206,Lagos,228000,,1
POL-105521,Abuja,328000,CLM-01840,1
POL-205000,Port Harcourt,242000,,1
POL-236309,Port Harcourt,375000,,0
POL-235075,Lagos,291000,,0
POL-219070,Abuja,375000,,1
POL-102035,Abuja,273000,CLM-00678,1
POL-255497,Lagos,237000,,0
POL-102949,Kano,496000,CLM-00983,1
POL-102995,Lagos,220000,CLM-00998,1
POL-216196,Abuja,553000,,1
POL-225080,Port Harcourt,316000,,0
POL-105154,Lagos,498000,CLM-01718,1
POL-212087,Lagos,222000,,1
POL-210583,Lagos,333000,,1
POL-220213,Port Harcourt,234000,,1
POL-219455,Lagos,526000,,1
POL-103077,Lagos,872000,CLM-01025,1
POL-223750,Port Harcourt,447000,,1
POL-244548,Port Harcourt,275000,,1
POL-244661,Lagos,401000,,0
POL-228716,Ibadan,197000,,1
POL-223970,Lagos,653000,,1
POL-103395,Kano,668000,CLM-01131,1
POL-104227,Abuja,672000,CLM-01409,0
POL-226778,Ibadan,840000,,1
POL-236020,Port Harcourt,516000,,0
POL-220046,Ibadan,504000,,1
POL-262504,Lagos,296000,,1
POL-238550,Lagos,751000,,1
POL-224654,Lagos,183000,,1
POL-262482,Lagos,617000,,1
POL-206619,Port Harcourt,290000,,1
POL-104331,Lagos,313000,CLM-01443,1
POL-104712,Ibadan,931000,CLM-01570,1
POL-223259,Ibadan,206000,,1
POL-244128,Abuja,1000000,,0
POL-250684,Ibadan,400000,,1
POL-106252,Lagos,236000,CLM-02084,0
POL-215493,Kano,386000,,1
POL-203692,Port Harcourt,362000,,1
POL-204864,Abuja,372000,,1
POL-209633,Ibadan,280000,,1
POL-254292,Port Harcourt,384000,,1
POL-258489,Lagos,308000,,1
POL-249602,Port Harcourt,388000,,1
POL-222724,Lagos,226000,,1
POL-203075,Kano,469000,,1
POL-262973,Lagos,328000,,1
POL-203290,Lagos,325000,,1
POL-208402,Lagos,221000,,1
POL-201328,Kano,229000,,1
POL-201411,Abuja,270000,,1
POL-252097,Ibadan,251000,,1
POL-106426,Ibadan,520000,CLM-02142,1
POL-230487,Kano,774000,,1
POL-100491,Ibadan,407000,CLM-00163,1
POL-217692,Kano,486000,,0
POL-237153,Ibadan,412000,,0
POL-232994,Lagos,381000,,1
POL-200228,Port Harcourt,582000,,1
POL-215974,Port Harcourt,394000,,1
POL-214594,Port Harcourt,303000,,1
POL-101596,Abuja,353000,CLM-00532,1
POL-102216,Ibadan,379000,CLM-00738,0
POL-259072,Port Harcourt,428000,,1
POL-219762,Port Harcourt,436000,,1
POL-104665,Lagos,314000,CLM-01555,0
POL-240179,Port Harcourt,226000,,1
POL-106705,Lagos,595000,CLM-02235,1
POL-261337,Kano,458000,,1
POL-237515,Kano,468000,,1
POL-214665,Ibadan,362000,,1
POL-219935,Ibadan,267000,,1
POL-212327,Lagos,257000,,1
POL-224192,Lagos,514000,,1
POL-212383,Ibadan,604000,,1
POL-244452,Ibadan,192000,,0
POL-215650,Port Harcourt,488000,,0
POL-256167,Lagos,379000,,1
POL-100670,Ibadan,230000,CLM-00223,1
POL-205631,Ibadan,830000,,1
POL-236679,Abuja,344000,,1
POL-242079,Lagos,276000,,1
POL-254274,Lagos,407000,,1
POL-106680,Abuja,284000,CLM-02226,0
POL-224860,Lagos,414000,,0
POL-208045,Abuja,476000,,0
POL-260413,Lagos,165000,,1
POL-256461,Port Harcourt,318000,,1
POL-201245,Lagos,561000,,1
POL-201712,Port Harcourt,345000,,0
POL-216692,Kano,624000,,1
POL-100211,Abuja,357000,CLM-00070,0
POL-103923,Port Harcourt,402000,CLM-01307,0
POL-100577,Kano,326000,CLM-00192,0
POL-236572,Port Harcourt,243000,,1
POL-214990,Abuja,259000,,1
POL-262397,Kano,253000,,0
POL-238700,Kano,344000,,0
POL-242216,Lagos,234000,,1
POL-223519,Lagos,215000,,0
POL-232151,Abuja,413000,,1
POL-257559,Port Harcourt,188000,,1
POL-233841,Lagos,559000,,1
POL-106249,Abuja,366000,CLM-02083,1
POL-221232,Ibadan,287000,,1
POL-102830,Lagos,293000,CLM-00943,1
POL-104463,Abuja,341000,CLM-01487,0
POL-242647,Lagos,342000,,1
POL-230393,Lagos,313000,,1
POL-213312,Ibadan,196000,,0
POL-102181,Lagos,233000,CLM-00727,1
POL-247308,Ibadan,563000,,1
POL-251222,Port Harcourt,428000,,1
POL-213483,Abuja,405000,,1
POL-257455,Ibadan,194000,,1
POL-106021,Abuja,430000,CLM-02007,0
POL-103247,Lagos,278000,CLM-01082,1
POL-262323,Kano,647000,,0
POL-253744,Lagos,217000,,1
POL-222806,Ibadan,515000,,1
POL-259581,Port Harcourt,272000,,1
POL-251355,Port Harcourt,563000,,1
POL-105959,Ibadan,283000,CLM-01986,1
POL-212535,Lagos,349000,,1
POL-253208,Abuja,403000,,1
POL-103452,Lagos,504000,CLM-01150,1
POL-103148,Lagos,393000,CLM-01049,1
POL-227328,Abuja,596000,,1
POL-218667,Lagos,340000,,1
POL-227303,Lagos,490000,,0
POL-260183,Abuja,355000,,1
POL-206817,Port Harcourt,226000,,1
POL-101004,Ibadan,454000,CLM-00334,0
POL-247704,Lagos,439000,,1
POL-208262,Kano,403000,,1
POL-101892,Kano,379000,CLM-00630,1
POL-251705,Abuja,242000,,1
POL-236535,Abuja,205000,,1
POL-206086,Lagos,369000,,1
POL-203219,Abuja,425000,,1
POL-235361,Lagos,691000,,1
POL-236417,Ibadan,223000,,1
POL-219692,Lagos,207000,,1
POL-258888,Lagos,316000,,1
POL-233779,Abuja,397000,,0
POL-251307,Abuja,368000,,1
POL-232737,Ibadan,494000,,1
POL-221993,Lagos,393000,,1
POL-241490,Lagos,467000,,1
POL-246399,Ibadan,494000,,1
POL-262677,Lagos,373000,,0
POL-224011,Abuja,377000,,1
POL-101068,Kano,441000,CLM-00356,1
POL-249792,Kano,483000,,1
POL-249034,Abuja,187000,,1
POL-209770,Ibadan,448000,,1
POL-232453,Abuja,260000,,0
POL-253049,Lagos,299000,,1
POL-213287,Port Harcourt,287000,,0
POL-234625,Ibadan,441000,,1
POL-100133,Lagos,363000,CLM-00044,1
POL-210250,Abuja,365000,,0
POL-240957,Lagos,423000,,1
POL-242416,Kano,925000,,0
POL-200456,Ibadan,325000,,0
POL-234569,Port Harcourt,536000,,1
POL-211307,Port Harcourt,302000,,1
POL-205305,Kano,316000,,1
POL-103685,Abuja,614000,CLM-01228,1
POL-200259,Kano,305000,,1
POL-241548,Lagos,175000,,1
POL-233352,Lagos,557000,,0
POL-216529,Lagos,203000,,0
POL-240510,Kano,210000,,1
POL-105619,Port Harcourt,323000,CLM-01873,1
POL-203037,Lagos,409000,,0
POL-247003,Lagos,321000,,1
POL-100495,Port Harcourt,588000,CLM-00165,1
POL-103088,Ibadan,476000,CLM-01029,1
POL-228235,Kano,363000,,1
POL-230638,Lagos,258000,,1
POL-243587,Port Harcourt,294000,,1
POL-101806,Lagos,313000,CLM-00602,1
POL-105328,Lagos,529000,CLM-01776,0
POL-257175,Ibadan,277000,,1
POL-226282,Lagos,449000,,1
POL-222749,Lagos,374000,,1
POL-231640,Ibadan,256000,,1
POL-221296,Kano,537000,,0
POL-101362,Lagos,299000,CLM-00454,0
POL-260352,Lagos,410000,,1
POL-233527,Ibadan,388000,,1
POL-212893,Abuja,347000,,0
POL-257714,Abuja,326000,,1
POL-208550,Abuja,321000,,1
POL-204982,Abuja,469000,,1
POL-102558,Port Harcourt,347000,CLM-00852,1
POL-230966,Abuja,333000,,1
POL-218625,Ibadan,485000,,1
POL-104038,Abuja,484000,CLM-01346,1
POL-214511,Ibadan,392000,,1
POL-229262,Abuja,210000,,1
POL-227607,Lagos,576000,,1
POL-204346,Lagos,364000,,1
POL-202019,Abuja,626000,,0
POL-204986,Lagos,336000,,1
POL-223500,Port Harcourt,436000,,1
POL-206468,Kano,195000,,1
POL-232394,Abuja,490000,,1
POL-258797,Port Harcourt,411000,,1
POL-238421,Ibadan,267000,,1
POL-240738,Abuja,354000,,1
POL-257678,Lagos,483000,,1
POL-254348,Port Harcourt,232000,,1
POL-207459,Ibadan,361000,,1
POL-203862,Port Harcourt,257000,,1
POL-259892,Abuja,272000,,1
POL-201827,Lagos,236000,,1
POL-203931,Port Harcourt,445000,,1
POL-104827,Lagos,314000,CLM-01609,1
POL-105009,Abuja,349000,CLM-01669,0
POL-251609,Lagos,568000,,1
POL-209350,Abuja,314000,,1
POL-211529,Port Harcourt,390000,,1
POL-254521,Kano,455000,,1
POL-211673,Lagos,244000,,1
POL-105692,Lagos,403000,CLM-01897,1
POL-103617,Lagos,380000,CLM-01205,1
POL-100872,Lagos,397000,CLM-00290,1
POL-102330,Lagos,392000,CLM-00776,0
POL-261046,Port Harcourt,349000,,0
POL-105296,Lagos,409000,CLM-01765,0
POL-255699,Abuja,323000,,1
POL-258325,Lagos,443000,,1
POL-105233,Lagos,181000,CLM-01744,1
POL-261176,Ibadan,169000,,1
POL-100013,Abuja,581000,CLM-00004,1
POL-259981,Lagos,250000,,1
POL-200685,Port Harcourt,222000,,1
POL-233663,Abuja,340000,,0
POL-244556,Abuja,307000,,1
POL-212160,Kano,474000,,1
POL-100262,Port Harcourt,686000,CLM-00087,1
POL-235942,Port Harcourt,189000,,1
POL-100149,Lagos,581000,CLM-00049,1
POL-217103,Ibadan,185000,,1
POL-207012,Port Harcourt,278000,,1
POL-212501,Kano,873000,,1
POL-205294,Abuja,621000,,1
POL-218660,Port Harcourt,312000,,1
POL-231922,Abuja,167000,,0
POL-227164,Port Harcourt,308000,,1
POL-211292,Port Harcourt,421000,,0
POL-213824,Lagos,289000,,1
POL-228140,Abuja,291000,,1
POL-239830,Lagos,470000,,1
POL-215012,Lagos,343000,,0
POL-220306,Lagos,128000,,1
POL-100993,Kano,715000,CLM-00331,1
POL-101190,Kano,623000,CLM-00396,1
POL-214425,Port Harcourt,241000,,1
POL-251892,Abuja,479000,,1
POL-222273,Port Harcourt,367000,,1
POL-232410,Port Harcourt,223000,,1
POL-238255,Ibadan,348000,,1
POL-231349,Port Harcourt,573000,,1
POL-242072,Abuja,423000,,1
POL-259711,Lagos,529000,,1
POL-225145,Port Harcourt,241000,,1
POL-207705,Port Harcourt,510000,,1
POL-245573,Abuja,308000,,1
POL-223028,Abuja,319000,,1
POL-104455,Port Harcourt,625000,CLM-01485,0
POL-230460,Abuja,296000,,1
POL-105277,Lagos,340000,CLM-01759,1
POL-226408,Lagos,235000,,1
POL-261501,Lagos,287000,,1
POL-102272,Abuja,340000,CLM-00757,1
POL-241260,Kano,687000,,1
POL-200820,Kano,326000,,0
POL-238357,Lagos,380000,,1
POL-247265,Port Harcourt,196000,,1
POL-262415,Abuja,423000,,1
POL-235236,Ibadan,380000,,1
POL-229817,Lagos,338000,,1
POL-260176,Lagos,332000,,1
POL-247862,Ibadan,176000,,1
POL-210909,Lagos,234000,,1
POL-232610,Abuja,501000,,1
POL-227355,Lagos,144000,,0
POL-231549,Port Harcourt,511000,,0
POL-252491,Ibadan,345000,,1
POL-241522,Abuja,337000,,1
POL-258504,Lagos,457000,,1
POL-236223,Kano,254000,,1
POL-262419,Ibadan,400000,,1
POL-213216,Lagos,333000,,0
POL-234541,Port Harcourt,432000,,1
POL-201885,Ibadan,250000,,1
POL-105186,Abuja,688000,CLM-01728,1
POL-203755,Ibadan,374000,,1
POL-103956,Port Harcourt,460000,CLM-01318,1
POL-209183,Abuja,507000,,1
POL-203596,Lagos,253000,,1
POL-211812,Lagos,368000,,1
POL-239133,Abuja,307000,,1
POL-258026,Abuja,799000,,1
POL-101196,Lagos,251000,CLM-00398,1
POL-252369,Lagos,244000,,0
POL-105398,Abuja,687000,CLM-01799,1
POL-225606,Ibadan,491000,,1
POL-257499,Ibadan,364000,,1
POL-203977,Abuja,407000,,1
POL-261407,Abuja,266000,,1
POL-104996,Abuja,243000,CLM-01665,1
POL-239995,Lagos,258000,,0
POL-247070,Lagos,749000,,1
POL-216571,Kano,425000,,1
POL-104662,Port Harcourt,971000,CLM-01554,1
POL-102045,Abuja,576000,CLM-00681,1
POL-203620,Kano,587000,,1
POL-100268,Lagos,522000,CLM-00089,1
POL-215461,Lagos,445000,,1
POL-244407,Port Harcourt,558000,,1
POL-250227,Abuja,234000,,1
POL-262894,Kano,409000,,1
POL-238097,Abuja,499000,,1
POL-244137,Abuja,253000,,0
POL-230852,Kano,509000,,1
POL-222547,Lagos,281000,,0
POL-247131,Lagos,280000,,1
POL-257465,Kano,291000,,1
POL-213120,Abuja,430000,,0
POL-231285,Ibadan,424000,,1
POL-231602,Abuja,600000,,1
POL-228680,Ibadan,1147000,,1
POL-221137,Abuja,183000,,1
POL-261681,Port Harcourt,403000,,0
POL-212451,Lagos,317000,,1
POL-209408,Lagos,549000,,1
POL-242408,Ibadan,327000,,1
POL-223222,Abuja,371000,,1
POL-239146,Lagos,634000,,1
POL-100874,Abuja,350000,CLM-00291,1
POL-201595,Ibadan,394000,,1
POL-245517,Abuja,278000,,1
POL-205981,Port Harcourt,305000,,1
POL-228348,Lagos,424000,,0
POL-231435,Lagos,496000,,1
POL-103758,Port Harcourt,583000,CLM-01252,0
POL-223966,Abuja,320000,,1
POL-100561,Lagos,332000,CLM-00187,1
POL-210699,Abuja,397000,,1
POL-106703,Kano,234000,CLM-02234,1
POL-232370,Abuja,491000,,1
POL-254719,Ibadan,472000,,1
POL-106538,Lagos,226000,CLM-02179,1
POL-251265,Port Harcourt,207000,,1
POL-250291,Port Harcourt,210000,,1
POL-249691,Abuja,510000,,1
POL-103212,Kano,350000,CLM-01070,1
POL-213250,Lagos,287000,,1
POL-208885,Abuja,602000,,1
POL-102393,Abuja,743000,CLM-00797,1
POL-213397,Ibadan,201000,,1
POL-103049,Port Harcourt,260000,CLM-01016,1
POL-254064,Abuja,310000,,1
POL-103348,Port Harcourt,335000,CLM-01116,1
POL-217846,Port Harcourt,310000,,1
POL-100467,Ibadan,538000,CLM-00155,1
POL-256178,Kano,587000,,1
POL-103989,Ibadan,463000,CLM-01329,1
POL-218986,Lagos,341000,,1
POL-204473,Abuja,544000,,1
POL-252284,Lagos,438000,,1
POL-220185,Kano,216000,,1
POL-104880,Lagos,535000,CLM-01626,1
POL-106064,Lagos,513000,CLM-02021,1
POL-239485,Kano,407000,,0
POL-234400,Lagos,600000,,1
POL-216656,Kano,562000,,1
POL-200176,Ibadan,392000,,1
POL-240965,Abuja,184000,,1
POL-222760,Port Harcourt,195000,,1
POL-255077,Abuja,260000,,1
POL-220558,Ibadan,261000,,1
POL-244528,Lagos,361000,,1
POL-244741,Port Harcourt,407000,,1
POL-100892,Kano,269000,CLM-00297,1
POL-104217,Ibadan,345000,CLM-01405,1
POL-101448,Kano,268000,CLM-00482,0
POL-215143,Ibadan,474000,,1
POL-237628,Abuja,384000,,0
POL-204020,Port Harcourt,715000,,1
POL-247121,Lagos,524000,,1
POL-208367,Port Harcourt,273000,,1
POL-244441,Port Harcourt,407000,,1
POL-251494,Port Harcourt,326000,,1
POL-102620,Abuja,381000,CLM-00873,1
POL-261016,Abuja,223000,,0
POL-214372,Ibadan,245000,,1
POL-236056,Port Harcourt,194000,,0
POL-256481,Lagos,450000,,1
POL-106334,Lagos,429000,CLM-02111,0
POL-237389,Kano,138000,,1
POL-206971,Lagos,326000,,1
POL-200984,Abuja,242000,,1
POL-249241,Abuja,351000,,0
POL-227949,Ibadan,179000,,1
POL-203129,Lagos,633000,,1
POL-216824,Abuja,350000,,1
POL-248115,Port Harcourt,258000,,1
POL-256717,Lagos,390000,,1
POL-229390,Lagos,238000,,1
POL-105194,Abuja,496000,CLM-01731,1
POL-261518,Port Harcourt,300000,,1
POL-227803,Lagos,119000,,1
POL-219898,Abuja,272000,,1
POL-208335,Lagos,342000,,1
POL-200256,Abuja,380000,,1
POL-100281,Kano,577000,CLM-00093,0
POL-225583,Port Harcourt,402000,,1
POL-224603,Abuja,271000,,1
POL-206239,Port Harcourt,574000,,1
POL-105317,Ibadan,413000,CLM-01772,1
POL-261859,Ibadan,483000,,1
POL-216817,Ibadan,467000,,1
POL-105869,Lagos,587000,CLM-01956,1
POL-239051,Port Harcourt,289000,,1
POL-251253,Abuja,326000,,1
POL-203997,Kano,335000,,0
POL-102962,Kano,378000,CLM-00987,0
POL-248579,Abuja,364000,,1
POL-234264,Lagos,457000,,1
POL-234064,Ibadan,480000,,1
POL-233170,Ibadan,535000,,1
POL-217118,Lagos,423000,,1
POL-202345,Lagos,341000,,1
POL-100570,Lagos,601000,CLM-00190,1
POL-262227,Lagos,282000,,1
POL-258984,Ibadan,284000,,0
POL-225614,Lagos,140000,,1
POL-229272,Ibadan,267000,,0
POL-252526,Port Harcourt,216000,,1
POL-100883,Abuja,273000,CLM-00294,0
POL-238519,Lagos,248000,,0
POL-105170,Lagos,241000,CLM-01723,1
POL-220606,Lagos,448000,,1
POL-231504,Lagos,385000,,1
POL-203503,Abuja,224000,,0
POL-251972,Port Harcourt,686000,,1
POL-237945,Port Harcourt,428000,,0
POL-261270,Lagos,459000,,0
POL-201204,Abuja,498000,,1
POL-262842,Lagos,431000,,1
POL-103493,Lagos,672000,CLM-01164,1
POL-218654,Abuja,425000,,1
POL-259875,Port Harcourt,266000,,1
POL-242774,Kano,368000,,1
POL-259492,Port Harcourt,561000,,1
POL-216180,Abuja,796000,,1
POL-206141,Port Harcourt,267000,,1
POL-253284,Port Harcourt,312000,,1
POL-256997,Lagos,256000,,1
POL-247196,Port Harcourt,383000,,0
POL-103844,Ibadan,317000,CLM-01281,1
POL-246050,Abuja,246000,,1
POL-207782,Ibadan,402000,,1
POL-236138,Lagos,442000,,1
POL-104272,Lagos,303000,CLM-01424,0
POL-106690,Lagos,378000,CLM-02230,1
POL-104222,Kano,291000,CLM-01407,1
POL-105815,Ibadan,547000,CLM-01938,0
POL-103288,Abuja,730000,CLM-01096,0
POL-254834,Port Harcourt,402000,,0
POL-256416,Abuja,318000,,1
POL-201337,Ibadan,567000,,1
POL-231103,Lagos,613000,,1
POL-230027,Abuja,199000,,1
POL-253537,Ibadan,196000,,0
POL-243448,Lagos,179000,,1
POL-205060,Ibadan,365000,,1
POL-220281,Lagos,160000,,1
POL-102102,Lagos,137000,CLM-00700,1
POL-239748,Ibadan,865000,,1
POL-217209,Lagos,453000,,1
POL-254153,Lagos,258000,,1
POL-255847,Port Harcourt,400000,,1
POL-102699,Abuja,272000,CLM-00899,1
POL-216746,Lagos,318000,,1
POL-105188,Kano,180000,CLM-01729,1
POL-255838,Ibadan,539000,,1
POL-104984,Port Harcourt,256000,CLM-01661,1
POL-106467,Lagos,538000,CLM-02155,1
POL-105689,Lagos,373000,CLM-01896,1
POL-102986,Lagos,318000,CLM-00995,1
POL-236685,Abuja,471000,,1
POL-207882,Abuja,325000,,0
POL-246675,Abuja,416000,,1
POL-103134,Abuja,766000,CLM-01044,1
POL-103995,Lagos,261000,CLM-01331,1
POL-205724,Lagos,251000,,1
POL-230994,Kano,458000,,1
POL-231357,Port Harcourt,577000,,0
POL-236012,Abuja,462000,,1
POL-229404,Ibadan,421000,,1
POL-251228,Lagos,275000,,1
POL-259075,Kano,311000,,0
POL-259677,Lagos,1552000,,1
POL-223438,Lagos,425000,,1
POL-226873,Lagos,243000,,1
POL-245028,Ibadan,429000,,1
POL-217890,Abuja,502000,,1
POL-101900,Port Harcourt,703000,CLM-00633,1
POL-213277,Abuja,352000,,0
POL-249627,Kano,715000,,1
POL-212846,Ibadan,423000,,1
POL-249837,Kano,561000,,1
POL-237082,Lagos,253000,,1
POL-215252,Abuja,319000,,1
POL-210614,Port Harcourt,393000,,1
POL-252944,Abuja,282000,,1
POL-217401,Port Harcourt,296000,,1
POL-100808,Ibadan,520000,CLM-00269,0
POL-210831,Lagos,283000,,1
POL-250348,Kano,622000,,1
POL-248190,Port Harcourt,237000,,1
POL-221933,Lagos,298000,,1
POL-218694,Lagos,283000,,1
POL-234522,Lagos,100000,,1
POL-217616,Ibadan,313000,,0
POL-234963,Port Harcourt,423000,,1
POL-106446,Abuja,442000,CLM-02148,1
POL-223147,Lagos,294000,,1
POL-249853,Abuja,460000,,1
POL-201982,Ibadan,259000,,1
POL-105288,Abuja,452000,CLM-01762,0
POL-201555,Kano,153000,,1
POL-218515,Abuja,225000,,1
POL-227462,Lagos,301000,,1
POL-217768,Abuja,503000,,1
POL-253180,Kano,549000,,0
POL-243740,Ibadan,233000,,1
POL-212973,Lagos,363000,,1
POL-224069,Lagos,197000,,1
POL-230403,Lagos,316000,,1
POL-225621,Lagos,325000,,1
POL-102257,Port Harcourt,357000,CLM-00752,0
POL-242637,Lagos,283000,,0
POL-210749,Abuja,217000,,1
POL-101027,Kano,515000,CLM-00342,0
POL-250993,Abuja,440000,,0
POL-238012,Lagos,296000,,1
POL-212730,Abuja,427000,,0
POL-250069,Port Harcourt,223000,,1
POL-220517,Lagos,272000,,1
POL-203602,Kano,270000,,1
POL-258705,Port Harcourt,286000,,0
POL-257136,Lagos,378000,,1
POL-212232,Lagos,276000,,1
POL-221596,Lagos,336000,,1
POL-256021,Lagos,659000,,1
POL-254346,Port Harcourt,348000,,1
POL-213582,Lagos,646000,,1
POL-259461,Port Harcourt,268000,,1
POL-245721,Abuja,406000,,1
POL-203514,Ibadan,233000,,1
POL-243023,Abuja,227000,,1
POL-201750,Ibadan,417000,,0
POL-247419,Lagos,294000,,1
POL-104928,Kano,357000,CLM-01642,0
POL-105319,Lagos,687000,CLM-01773,1
POL-201372,Lagos,284000,,1
POL-100730,Abuja,310000,CLM-00243,1
POL-106590,Kano,335000,CLM-02196,1
POL-204879,Abuja,257000,,1
POL-106663,Abuja,398000,CLM-02221,0
POL-222803,Kano,387000,,1
POL-258691,Lagos,493000,,1
POL-242017,Lagos,197000,,1
POL-103185,Port Harcourt,876000,CLM-01061,1
POL-251012,Lagos,194000,,1
POL-233385,Kano,193000,,1
POL-104338,Ibadan,351000,CLM-01446,0
POL-219709,Abuja,199000,,1
POL-223456,Abuja,555000,,1
POL-105550,Port Harcourt,618000,CLM-01850,1
POL-262877,Abuja,765000,,0
POL-102429,Abuja,708000,CLM-00809,0
POL-241669,Ibadan,358000,,1
POL-234457,Kano,318000,,1
POL-201637,Abuja,403000,,1
POL-104906,Kano,370000,CLM-01635,0
POL-240066,Port Harcourt,570000,,0
POL-234038,Lagos,157000,,1
POL-103173,Kano,278000,CLM-01057,0
POL-244647,Lagos,280000,,0
POL-256437,Lagos,477000,,1
POL-236271,Abuja,236000,,1
POL-251172,Lagos,363000,,1
POL-218126,Ibadan,279000,,1
POL-258863,Port Harcourt,359000,,1
POL-228594,Lagos,352000,,1
POL-255000,Lagos,251000,,1
POL-219701,Abuja,311000,,0
POL-226693,Ibadan,528000,,1
POL-257328,Port Harcourt,319000,,1
POL-102608,Abuja,402000,CLM-00869,1
POL-248546,Port Harcourt,488000,,1
POL-227718,Lagos,570000,,1
POL-241897,Lagos,267000,,1
POL-206911,Ibadan,521000,,1
POL-212250,Kano,260000,,1
POL-220821,Abuja,166000,,1
POL-250176,Ibadan,542000,,1
POL-240842,Lagos,513000,,1
POL-236978,Lagos,310000,,0
POL-247231,Lagos,421000,,1
POL-242266,Kano,862000,,1
POL-101108,Port Harcourt,483000,CLM-00369,0
POL-103830,Abuja,294000,CLM-01276,0
POL-104260,Lagos,365000,CLM-01420,1
POL-105015,Port Harcourt,363000,CLM-01671,1
POL-231290,Ibadan,587000,,0
POL-210508,Kano,501000,,1
POL-239280,Kano,427000,,1
POL-255386,Abuja,315000,,1
POL-219017,Kano,358000,,1
POL-261060,Abuja,215000,,1
POL-250365,Abuja,243000,,0
POL-208319,Lagos,348000,,1
POL-226344,Ibadan,449000,,1
POL-234758,Lagos,727000,,1
POL-238305,Ibadan,398000,,1
POL-237128,Abuja,408000,,1
POL-243605,Abuja,366000,,1
POL-258775,Port Harcourt,407000,,0
POL-250705,Abuja,332000,,0
POL-236997,Lagos,380000,,1
POL-209433,Lagos,874000,,0
POL-247729,Kano,373000,,1
POL-222731,Kano,173000,,1
POL-218916,Lagos,380000,,1
POL-217913,Lagos,201000,,1
POL-257225,Abuja,283000,,1
POL-237697,Port Harcourt,363000,,1
POL-101940,Abuja,224000,CLM-00646,1
POL-239719,Port Harcourt,370000,,1
POL-103611,Abuja,442000,CLM-01203,0
POL-234825,Kano,182000,,0
POL-238908,Lagos,548000,,1
POL-236095,Ibadan,304000,,1
POL-227923,Abuja,258000,,1
POL-242280,Lagos,293000,,1
POL-259719,Ibadan,399000,,1
POL-229342,Lagos,717000,,1
POL-222918,Lagos,377000,,0
POL-207597,Kano,443000,,1
POL-246627,Lagos,330000,,1
POL-252821,Abuja,374000,,1
POL-240516,Abuja,609000,,0
POL-218377,Abuja,252000,,1
POL-101463,Kano,361000,CLM-00487,0
POL-218222,Kano,434000,,0
POL-104674,Lagos,385000,CLM-01558,1
POL-230669,Lagos,293000,,1
POL-251394,Port Harcourt,1206000,,1
POL-248781,Lagos,376000,,1
POL-103330,Lagos,282000,CLM-01110,1
POL-222325,Lagos,501000,,1
POL-236449,Ibadan,225000,,0
POL-252772,Abuja,418000,,0
POL-212156,Abuja,294000,,1
POL-106447,Lagos,467000,CLM-02149,1
POL-232753,Lagos,439000,,0
POL-239442,Lagos,238000,,0
POL-223716,Abuja,253000,,1
POL-105091,Kano,513000,CLM-01697,1
POL-220485,Lagos,221000,,1
POL-207361,Lagos,233000,,1
POL-211630,Abuja,351000,,1
POL-249092,Lagos,220000,,0
POL-219114,Abuja,589000,,1
POL-262510,Port Harcourt,1300000,,0
POL-233994,Port Harcourt,418000,,1
POL-106228,Abuja,501000,CLM-02076,1
POL-104057,Abuja,348000,CLM-01352,0
POL-200085,Lagos,184000,,0
POL-247536,Abuja,716000,,0
POL-227674,Ibadan,578000,,1
POL-260925,Lagos,254000,,1
POL-262814,Abuja,310000,,1
POL-207766,Lagos,248000,,1
POL-210546,Kano,300000,,1
POL-232420,Abuja,278000,,1
POL-225431,Ibadan,532000,,0
POL-234436,Lagos,445000,,0
POL-217722,Ibadan,264000,,1
POL-262286,Lagos,164000,,1
POL-209247,Abuja,276000,,1
POL-201056,Port Harcourt,268000,,0
POL-102768,Ibadan,285000,CLM-00922,0
POL-224915,Lagos,231000,,1
POL-205306,Port Harcourt,361000,,0
POL-206219,Ibadan,254000,,1
POL-241391,Lagos,359000,,0
POL-249411,Port Harcourt,262000,,1
POL-222613,Ibadan,440000,,1
POL-214367,Port Harcourt,284000,,1
POL-205861,Lagos,281000,,1
POL-224526,Lagos,610000,,1
POL-254820,Lagos,208000,,1
POL-204075,Lagos,167000,,1
POL-219200,Port Harcourt,166000,,1
POL-213530,Port Harcourt,451000,,1
POL-246538,Lagos,357000,,1
POL-255087,Ibadan,260000,,1
POL-206265,Lagos,209000,,0
POL-102825,Ibadan,288000,CLM-00941,1
POL-105591,Abuja,198000,CLM-01863,1
POL-105410,Lagos,720000,CLM-01803,1
POL-214752,Lagos,331000,,1
POL-223540,Lagos,330000,,1
POL-218185,Abuja,435000,,1
POL-214067,Port Harcourt,555000,,1
POL-229407,Lagos,270000,,1
POL-231094,Abuja,271000,,1
POL-104939,Kano,786000,CLM-01646,0
POL-249722,Kano,467000,,1
POL-202005,Lagos,241000,,1
POL-256405,Lagos,504000,,1
POL-254863,Port Harcourt,255000,,1
POL-200978,Lagos,531000,,1
POL-104324,Lagos,453000,CLM-01441,1
POL-248855,Port Harcourt,132000,,1
POL-244501,Ibadan,502000,,1
POL-252517,Abuja,546000,,1
POL-104431,Abuja,645000,CLM-01477,0
POL-101104,Port Harcourt,545000,CLM-00368,1
POL-250597,Abuja,350000,,0
POL-104244,Kano,674000,CLM-01414,1
POL-200466,Port Harcourt,442000,,1
POL-100323,Ibadan,393000,CLM-00107,0
POL-253150,Kano,159000,,1
POL-222012,Abuja,273000,,0
POL-220421,Ibadan,287000,,0
POL-102868,Kano,459000,CLM-00956,0
POL-102204,Lagos,283000,CLM-00734,1
POL-235216,Kano,418000,,1
POL-203631,Port Harcourt,425000,,1
POL-208115,Port Harcourt,293000,,1
POL-208759,Abuja,311000,,1
POL-228070,Abuja,273000,,1
POL-217698,Lagos,400000,,1
POL-103285,Lagos,406000,CLM-01095,1
POL-259006,Ibadan,294000,,1
POL-247573,Kano,336000,,0
POL-262170,Ibadan,369000,,1
POL-214013,Lagos,576000,,1
POL-103998,Kano,595000,CLM-01332,0
POL-205283,Port Harcourt,279000,,1
POL-234719,Kano,256000,,1
POL-210932,Lagos,325000,,1
POL-228917,Kano,416000,,1
POL-209589,Abuja,378000,,1
POL-239735,Lagos,414000,,1
POL-213383,Lagos,267000,,1
POL-215826,Ibadan,365000,,1
POL-250077,Lagos,544000,,1
POL-104494,Lagos,627000,CLM-01498,1
POL-102241,Abuja,268000,CLM-00747,1
POL-103310,Abuja,382000,CLM-01103,1
POL-209571,Lagos,445000,,1
POL-225403,Port Harcourt,356000,,1
POL-206741,Abuja,345000,,1
POL-228090,Ibadan,254000,,1
POL-213917,Lagos,257000,,1
POL-255958,Lagos,399000,,1
POL-247166,Port Harcourt,277000,,1
POL-219843,Abuja,361000,,1
POL-231789,Lagos,736000,,1
POL-103485,Kano,577000,CLM-01161,1
POL-216395,Lagos,683000,,0
POL-238466,Abuja,224000,,1
POL-259485,Lagos,336000,,1
POL-228420,Kano,428000,,1
POL-253220,Abuja,435000,,1
POL-100397,Lagos,353000,CLM-00132,1
POL-102901,Kano,518000,CLM-00967,0
POL-246098,Abuja,319000,,1
POL-222221,Lagos,362000,,1
POL-102601,Abuja,329000,CLM-00867,1
POL-224502,Lagos,437000,,1
POL-203423,Ibadan,252000,,1
POL-222718,Ibadan,425000,,1
POL-213914,Ibadan,262000,,1
POL-244088,Lagos,317000,,1
POL-225862,Ibadan,532000,,1
POL-208673,Lagos,297000,,1
POL-243797,Port Harcourt,608000,,1
POL-217583,Abuja,201000,,1
POL-242480,Kano,628000,,1
POL-205249,Lagos,626000,,0
POL-208872,Abuja,218000,,1
POL-100086,Lagos,282000,CLM-00028,1
POL-213990,Ibadan,282000,,1
POL-256561,Abuja,250000,,0
POL-226465,Port Harcourt,146000,,1
POL-215191,Ibadan,524000,,1
POL-222124,Lagos,459000,,1
POL-235591,Port Harcourt,296000,,1
POL-232925,Lagos,434000,,0
POL-259126,Lagos,259000,,1
POL-105101,Ibadan,262000,CLM-01700,1
POL-106695,Lagos,387000,CLM-02231,1
POL-209175,Port Harcourt,556000,,1
POL-242361,Lagos,304000,,1
POL-204159,Lagos,444000,,1
POL-248745,Ibadan,462000,,1
POL-250116,Ibadan,249000,,1
POL-256244,Abuja,1050000,,1
POL-214145,Port Harcourt,596000,,1
POL-203176,Abuja,235000,,1
POL-229765,Lagos,388000,,1
POL-219374,Ibadan,457000,,1
POL-216129,Lagos,367000,,1
POL-106673,Lagos,347000,CLM-02224,0
POL-243927,Ibadan,381000,,1
POL-101957,Lagos,742000,CLM-00652,0
POL-101101,Port Harcourt,607000,CLM-00367,1
POL-220658,Port Harcourt,412000,,1
POL-200473,Abuja,221000,,1
POL-217156,Ibadan,252000,,1
POL-253701,Lagos,180000,,1
POL-260042,Lagos,316000,,0
POL-202782,Ibadan,310000,,1
POL-247429,Abuja,427000,,1
POL-204065,Abuja,373000,,1
POL-213015,Port Harcourt,424000,,1
POL-218688,Port Harcourt,683000,,1
POL-252835,Port Harcourt,356000,,1
POL-238994,Ibadan,481000,,1
POL-102914,Lagos,649000,CLM-00971,1
POL-103073,Kano,407000,CLM-01024,1
POL-235157,Kano,457000,,1
POL-221115,Abuja,547000,,1
POL-208242,Kano,383000,,1
POL-246512,Kano,640000,,0
POL-213444,Lagos,168000,,1
POL-241289,Port Harcourt,334000,,1
POL-220143,Lagos,216000,,0
POL-223347,Ibadan,357000,,0
POL-240496,Kano,383000,,1
POL-204216,Port Harcourt,358000,,1
POL-104318,Kano,404000,CLM-01439,1
POL-205808,Port Harcourt,304000,,1
POL-210661,Abuja,575000,,0
POL-104633,Lagos,218000,CLM-01544,0
POL-216510,Ibadan,412000,,1
POL-260133,Port Harcourt,228000,,1
POL-259421,Lagos,482000,,1
POL-213149,Lagos,256000,,0
POL-220852,Lagos,246000,,1
POL-252050,Abuja,641000,,1
POL-235883,Lagos,245000,,1
POL-201285,Kano,335000,,1
POL-101611,Kano,458000,CLM-00537,0
POL-261953,Abuja,135000,,1
POL-230270,Port Harcourt,324000,,0
POL-251947,Lagos,295000,,1
POL-243778,Kano,336000,,1
POL-226348,Lagos,377000,,1
POL-253964,Lagos,506000,,1
POL-255907,Lagos,454000,,1
POL-244095,Lagos,169000,,1
POL-236202,Abuja,363000,,1
POL-211843,Ibadan,549000,,1
POL-248382,Lagos,269000,,1
POL-251085,Port Harcourt,391000,,1
POL-100817,Lagos,539000,CLM-00272,1
POL-251110,Ibadan,426000,,1
POL-226124,Ibadan,254000,,1
POL-105440,Port Harcourt,641000,CLM-01813,1
POL-232626,Port Harcourt,348000,,1
POL-203308,Lagos,367000,,1
POL-240228,Abuja,645000,,1
POL-237532,Port Harcourt,329000,,1
POL-208963,Abuja,261000,,1
POL-100552,Lagos,388000,CLM-00184,1
POL-201941,Ibadan,319000,,0
POL-250021,Abuja,378000,,1
POL-211439,Lagos,284000,,1
POL-247884,Port Harcourt,396000,,1
POL-239396,Ibadan,387000,,1
POL-228925,Kano,229000,,0
POL-101370,Lagos,395000,CLM-00456,1
POL-246558,Kano,694000,,1
POL-212273,Kano,356000,,1
POL-224469,Ibadan,269000,,1
POL-254737,Ibadan,176000,,1
POL-210676,Port Harcourt,397000,,0
POL-233405,Lagos,191000,,1
POL-211033,Lagos,376000,,1
POL-102161,Lagos,389000,CLM-00720,1
POL-211584,Ibadan,277000,,0
POL-204082,Abuja,603000,,1
POL-218086,Kano,352000,,0
POL-222528,Kano,312000,,1
POL-237855,Port Harcourt,476000,,0
POL-105353,Kano,278000,CLM-01784,0
POL-205879,Lagos,257000,,1
POL-220795,Lagos,725000,,1
POL-245426,Abuja,230000,,1
POL-102014,Ibadan,419000,CLM-00671,1
POL-207054,Ibadan,239000,,1
POL-102920,Lagos,219000,CLM-00973,1
POL-251572,Lagos,363000,,1
POL-221064,Lagos,129000,,1
POL-254966,Kano,451000,,1
POL-102911,Abuja,284000,CLM-00970,1
POL-210470,Kano,317000,,1
POL-245978,Abuja,629000,,1
POL-207876,Lagos,131000,,0
POL-254451,Lagos,394000,,1
POL-242753,Port Harcourt,186000,,1
POL-229743,Lagos,413000,,0
POL-215685,Ibadan,378000,,0
POL-223651,Abuja,584000,,0
POL-260891,Abuja,356000,,1
POL-100938,Lagos,292000,CLM-00312,1
POL-249291,Kano,434000,,1
POL-100982,Abuja,390000,CLM-00327,1
POL-213460,Ibadan,377000,,1
POL-244105,Lagos,221000,,1
POL-103152,Port Harcourt,640000,CLM-01050,1
POL-211198,Lagos,415000,,1
POL-247100,Port Harcourt,466000,,1
POL-256389,Lagos,331000,,1
POL-104225,Lagos,1171000,CLM-01408,1
POL-226097,Ibadan,324000,,1
POL-202430,Lagos,223000,,1
POL-253985,Abuja,269000,,1
POL-212961,Port Harcourt,436000,,1
POL-104100,Lagos,391000,CLM-01366,0
POL-241811,Ibadan,410000,,1
POL-211469,Lagos,487000,,1
POL-220930,Lagos,116000,,1
POL-203833,Lagos,349000,,1
POL-258846,Lagos,783000,,1
POL-231454,Lagos,587000,,1
POL-247241,Lagos,409000,,1
POL-239421,Kano,341000,,1
POL-249058,Lagos,192000,,1
POL-260957,Ibadan,234000,,0
POL-251790,Abuja,459000,,1
POL-102053,Lagos,330000,CLM-00684,1
POL-210622,Lagos,240000,,1
POL-259332,Lagos,246000,,0
POL-252332,Abuja,291000,,1
POL-254608,Kano,238000,,1
POL-231636,Ibadan,375000,,1
POL-253658,Port Harcourt,494000,,1
POL-213102,Abuja,253000,,1
POL-259029,Port Harcourt,401000,,1
POL-215938,Lagos,324000,,0
POL-231414,Lagos,740000,,1
POL-207549,Lagos,520000,,0
POL-262479,Lagos,423000,,1
POL-244794,Ibadan,272000,,1
POL-219207,Port Harcourt,235000,,1
POL-206938,Ibadan,393000,,1
POL-201722,Port Harcourt,419000,,1
POL-102300,Port Harcourt,655000,CLM-00766,1
POL-203990,Lagos,283000,,1
POL-100719,Abuja,434000,CLM-00239,1
POL-222152,Lagos,246000,,0
POL-257686,Abuja,209000,,1
POL-230575,Port Harcourt,286000,,0
POL-101862,Lagos,228000,CLM-00620,1
POL-227597,Kano,718000,,0
POL-247718,Kano,268000,,0
POL-202521,Kano,602000,,0
POL-214350,Lagos,122000,,1
POL-210840,Ibadan,586000,,1
POL-219508,Abuja,295000,,1
POL-209276,Lagos,346000,,0
POL-226940,Ibadan,281000,,1
POL-253203,Lagos,658000,,1
POL-100751,Ibadan,155000,CLM-00250,0
POL-233710,Lagos,152000,,1
POL-100389,Lagos,377000,CLM-00129,1
POL-210967,Lagos,508000,,0
POL-225780,Kano,147000,,1
POL-248628,Ibadan,194000,,0
POL-262152,Abuja,326000,,1
POL-228181,Ibadan,310000,,1
POL-211540,Abuja,364000,,1
POL-261116,Lagos,523000,,1
POL-204676,Lagos,405000,,1
POL-245294,Port Harcourt,240000,,1
POL-215321,Ibadan,579000,,1
POL-232851,Abuja,312000,,1
POL-261316,Lagos,596000,,0
POL-229462,Kano,307000,,1
POL-202895,Lagos,279000,,1
POL-235019,Kano,401000,,0
POL-222874,Lagos,666000,,1
POL-220437,Lagos,411000,,1
POL-213066,Port Harcourt,530000,,0
POL-101219,Kano,473000,CLM-00406,1
POL-209506,Port Harcourt,210000,,1
POL-224091,Kano,331000,,0
POL-253882,Lagos,477000,,1
POL-102390,Lagos,165000,CLM-00796,1
POL-259570,Abuja,221000,,1
POL-227033,Lagos,710000,,1
POL-103262,Lagos,608000,CLM-01087,0
POL-250674,Abuja,424000,,1
POL-206785,Ibadan,580000,,1
POL-235756,Lagos,580000,,1
POL-259254,Lagos,293000,,1
POL-235607,Lagos,199000,,1
POL-104533,Port Harcourt,562000,CLM-01511,0
POL-253091,Lagos,296000,,1
POL-206631,Port Harcourt,235000,,1
POL-243311,Kano,371000,,1
POL-260254,Lagos,406000,,1
POL-101430,Port Harcourt,663000,CLM-00476,1
POL-235193,Lagos,202000,,1
POL-239576,Abuja,422000,,1
POL-104219,Lagos,706000,CLM-01406,0
POL-103195,Kano,438000,CLM-01065,1
POL-262885,Abuja,508000,,1
POL-215792,Lagos,277000,,1
POL-105481,Lagos,408000,CLM-01827,0
POL-251260,Abuja,715000,,1
POL-245779,Port Harcourt,268000,,1
POL-102700,Lagos,902000,CLM-00900,1
POL-103666,Lagos,735000,CLM-01222,1
POL-104626,Abuja,264000,CLM-01542,1
POL-222340,Lagos,410000,,1
POL-235334,Port Harcourt,304000,,1
POL-105152,Lagos,635000,CLM-01717,1
POL-214268,Lagos,252000,,1
POL-250631,Lagos,331000,,1
POL-211512,Port Harcourt,394000,,1
POL-235037,Port Harcourt,329000,,1
POL-251246,Ibadan,846000,,1
POL-249781,Port Harcourt,299000,,1
POL-252295,Abuja,352000,,1
POL-259999,Kano,157000,,1
POL-213084,Lagos,590000,,1
POL-216961,Lagos,305000,,1
POL-221845,Lagos,298000,,0
POL-242251,Lagos,284000,,1
POL-247163,Lagos,459000,,1
POL-201365,Port Harcourt,243000,,1
POL-206186,Lagos,240000,,1
POL-249776,Lagos,463000,,1
POL-227844,Abuja,440000,,0
POL-226664,Lagos,199000,,1
POL-209539,Lagos,397000,,0
POL-218176,Ibadan,152000,,0
POL-214002,Ibadan,708000,,1
POL-203473,Kano,210000,,1
POL-221856,Abuja,665000,,1
POL-236849,Lagos,431000,,1
POL-236844,Lagos,789000,,0
POL-217872,Kano,433000,,1
POL-234580,Port Harcourt,569000,,0
POL-227686,Lagos,514000,,1
POL-219268,Lagos,403000,,1
POL-227371,Lagos,311000,,1
POL-230438,Lagos,408000,,1
POL-207807,Lagos,243000,,1
POL-218283,Ibadan,346000,,1
POL-223009,Kano,266000,,1
POL-101001,Kano,338000,CLM-00333,1
POL-242876,Abuja,325000,,1
POL-100969,Lagos,400000,CLM-00323,1
POL-100847,Lagos,320000,CLM-00282,1
POL-106550,Abuja,690000,CLM-02183,1
POL-106304,Lagos,314000,CLM-02101,1
POL-202027,Lagos,251000,,1
POL-255928,Lagos,371000,,1
POL-241120,Abuja,352000,,0
POL-238760,Lagos,291000,,0
POL-248511,Port Harcourt,594000,,1
POL-100151,Abuja,551000,CLM-00050,0
POL-203864,Lagos,819000,,1
POL-243700,Kano,514000,,1
POL-258598,Ibadan,487000,,1
POL-201394,Lagos,278000,,0
POL-211545,Port Harcourt,393000,,1
POL-241055,Port Harcourt,568000,,1
POL-252439,Ibadan,368000,,1
POL-257823,Lagos,661000,,1
POL-230470,Lagos,332000,,1
POL-245101,Ibadan,691000,,1
POL-231576,Lagos,384000,,1
POL-101928,Lagos,654000,CLM-00642,1
POL-226616,Port Harcourt,325000,,1
POL-225411,Lagos,396000,,1
POL-222789,Abuja,247000,,1
POL-233655,Lagos,370000,,1
POL-102072,Lagos,459000,CLM-00690,1
POL-248488,Lagos,178000,,1
POL-237301,Port Harcourt,558000,,1
POL-235925,Lagos,367000,,1
POL-251844,Port Harcourt,226000,,1
POL-219062,Lagos,622000,,1
POL-101023,Ibadan,393000,CLM-00341,1
POL-262139,Port Harcourt,320000,,1
POL-253593,Lagos,302000,,0
POL-231076,Kano,264000,,1
POL-236787,Port Harcourt,241000,,1
POL-217063,Abuja,340000,,1
POL-105412,Lagos,393000,CLM-01804,1
POL-262381,Port Harcourt,277000,,0
POL-262437,Abuja,454000,,1
POL-260108,Port Harcourt,401000,,0
POL-231166,Port Harcourt,959000,,1
POL-200836,Lagos,363000,,1
POL-241129,Abuja,391000,,1
POL-201840,Lagos,169000,,0
POL-210022,Lagos,453000,,1
POL-210118,Ibadan,247000,,1
POL-219836,Abuja,329000,,1
POL-258368,Ibadan,412000,,1
POL-211288,Lagos,715000,,1
POL-103654,Abuja,340000,CLM-01218,0
POL-256526,Lagos,353000,,1
POL-221802,Abuja,614000,,1
POL-214853,Lagos,149000,,0
POL-102483,Port Harcourt,417000,CLM-00827,1
POL-257920,Ibadan,746000,,1
POL-232106,Lagos,294000,,1
POL-240034,Kano,295000,,1
POL-235993,Port Harcourt,903000,,1
POL-256665,Lagos,362000,,1
POL-212920,Lagos,327000,,0
POL-105788,Lagos,435000,CLM-01929,1
POL-245926,Port Harcourt,370000,,1
POL-248603,Kano,371000,,0
POL-226634,Lagos,302000,,1
POL-103974,Lagos,242000,CLM-01324,1
POL-239240,Abuja,174000,,1
POL-230906,Lagos,260000,,0
POL-206196,Kano,316000,,1
POL-239986,Lagos,529000,,1
POL-102876,Abuja,297000,CLM-00958,1
POL-218441,Abuja,476000,,1
POL-259443,Lagos,820000,,1
POL-100597,Lagos,354000,CLM-00199,1
POL-202852,Lagos,306000,,1
POL-106595,Lagos,422000,CLM-02198,0
POL-204627,Lagos,620000,,1
POL-218776,Port Harcourt,397000,,1
POL-216710,Lagos,205000,,1
POL-101416,Abuja,529000,CLM-00472,1
POL-105225,Lagos,676000,CLM-01741,1
POL-214533,Port Harcourt,254000,,1
POL-242703,Lagos,329000,,1
POL-221884,Lagos,186000,,1
POL-247286,Ibadan,375000,,1
POL-245170,Lagos,513000,,0
POL-256454,Ibadan,296000,,1
POL-207776,Lagos,392000,,1
POL-104606,Abuja,247000,CLM-01535,1
POL-237677,Port Harcourt,447000,,1
POL-247666,Lagos,398000,,0
POL-207074,Abuja,230000,,0
POL-234867,Kano,995000,,1
POL-223188,Lagos,709000,,1
POL-225895,Ibadan,397000,,1
POL-200241,Lagos,213000,,1
POL-244642,Lagos,1063000,,1
POL-231935,Lagos,362000,,1
POL-102527,Ibadan,633000,CLM-00842,1
POL-105119,Abuja,567000,CLM-01706,1
POL-212524,Ibadan,180000,,0
POL-246213,Abuja,630000,,0
POL-241295,Lagos,454000,,1
POL-254539,Port Harcourt,356000,,1
POL-201300,Port Harcourt,580000,,1
POL-104550,Lagos,758000,CLM-01516,1
POL-226656,Lagos,266000,,0
POL-101981,Port Harcourt,284000,CLM-00660,0
POL-238839,Port Harcourt,243000,,1
POL-255337,Abuja,668000,,0
POL-101121,Port Harcourt,363000,CLM-00373,1
POL-256353,Kano,515000,,1
POL-217552,Ibadan,448000,,1
POL-218285,Ibadan,692000,,1
POL-105470,Lagos,299000,CLM-01823,0
POL-230076,Port Harcourt,517000,,1
POL-249888,Ibadan,353000,,1
POL-247939,Lagos,152000,,1
POL-249897,Abuja,128000,,1
POL-101616,Ibadan,410000,CLM-00538,1
POL-254161,Ibadan,440000,,1
POL-204903,Port Harcourt,527000,,1
POL-255243,Ibadan,1026000,,1
POL-201796,Port Harcourt,386000,,1
POL-249695,Abuja,384000,,1
POL-211988,Lagos,605000,,1
POL-250806,Port Harcourt,261000,,0
POL-102586,Ibadan,474000,CLM-00862,1
POL-102130,Port Harcourt,483000,CLM-00710,1
POL-100803,Lagos,430000,CLM-00267,0
POL-242118,Port Harcourt,291000,,1
POL-232006,Ibadan,429000,,1
POL-238534,Port Harcourt,496000,,1
POL-220118,Lagos,895000,,1
POL-241278,Lagos,348000,,1
POL-247328,Lagos,288000,,0
POL-105995,Lagos,808000,CLM-01998,1
POL-261284,Abuja,520000,,1
POL-231384,Port Harcourt,317000,,1
POL-104171,Lagos,357000,CLM-01390,1
POL-103131,Port Harcourt,423000,CLM-01043,1
POL-100180,Port Harcourt,454000,CLM-00060,1
POL-243226,Kano,423000,,1
POL-235904,Abuja,170000,,1
POL-234173,Port Harcourt,313000,,0
POL-243032,Port Harcourt,382000,,1
POL-201156,Port Harcourt,779000,,1
POL-225685,Abuja,474000,,0
POL-100249,Abuja,249000,CLM-00083,1
POL-207517,Abuja,330000,,1
POL-103889,Abuja,404000,CLM-01296,1
POL-259297,Lagos,366000,,1
POL-236747,Port Harcourt,344000,,1
POL-208218,Abuja,371000,,0
POL-224326,Ibadan,350000,,0
POL-247220,Lagos,235000,,1
POL-254027,Lagos,300000,,1
POL-203156,Lagos,322000,,1
POL-226999,Ibadan,365000,,1
POL-202765,Port Harcourt,218000,,1
POL-241809,Lagos,315000,,1
POL-103705,Ibadan,296000,CLM-01235,1
POL-102834,Port Harcourt,228000,CLM-00944,0
POL-258085,Ibadan,232000,,1
POL-211745,Lagos,246000,,1
POL-231267,Port Harcourt,334000,,1
POL-252814,Ibadan,258000,,1
POL-103817,Ibadan,522000,CLM-01272,1
POL-234220,Lagos,327000,,0
POL-238728,Port Harcourt,405000,,0
POL-103945,Port Harcourt,469000,CLM-01315,0
POL-229972,Lagos,276000,,0
POL-104359,Abuja,539000,CLM-01453,1
POL-103383,Port Harcourt,285000,CLM-01127,1
POL-240354,Abuja,359000,,1
POL-106498,Port Harcourt,605000,CLM-02166,0
POL-239758,Port Harcourt,488000,,0
POL-230184,Lagos,527000,,1
POL-253074,Kano,484000,,1
POL-241881,Ibadan,204000,,1
POL-104280,Lagos,738000,CLM-01426,1
POL-212042,Abuja,551000,,1
POL-243519,Lagos,284000,,1
POL-100664,Lagos,348000,CLM-00221,0
POL-260662,Abuja,442000,,1
POL-259807,Port Harcourt,442000,,1
POL-259395,Lagos,946000,,1
POL-225479,Abuja,407000,,1
POL-105774,Port Harcourt,247000,CLM-01924,1
POL-204136,Port Harcourt,426000,,1
POL-103387,Lagos,296000,CLM-01129,1
POL-243470,Abuja,408000,,1
POL-103111,Lagos,446000,CLM-01037,0
POL-236170,Ibadan,190000,,1
POL-254051,Ibadan,265000,,1
POL-256889,Abuja,702000,,1
POL-210207,Kano,193000,,1
POL-232058,Lagos,155000,,1
POL-230427,Lagos,211000,,1
POL-258675,Lagos,629000,,1
POL-250376,Ibadan,550000,,1
POL-207494,Ibadan,593000,,0
POL-101158,Kano,274000,CLM-00386,1
POL-233756,Port Harcourt,364000,,1
POL-105924,Lagos,415000,CLM-01974,1
POL-242910,Lagos,730000,,1
POL-104692,Port Harcourt,315000,CLM-01564,1
POL-242126,Port Harcourt,377000,,1
POL-243791,Lagos,310000,,1
POL-217220,Kano,343000,,1
POL-254870,Abuja,318000,,0
POL-225528,Port Harcourt,331000,,1
POL-226131,Lagos,632000,,1
POL-255382,Kano,235000,,1
POL-229622,Port Harcourt,420000,,1
POL-201248,Ibadan,329000,,0
POL-215752,Lagos,532000,,1
POL-226497,Abuja,531000,,1
POL-100985,Port Harcourt,870000,CLM-00328,1
POL-105729,Ibadan,420000,CLM-01909,1
POL-229920,Lagos,266000,,1
POL-254976,Lagos,660000,,1
POL-238948,Port Harcourt,603000,,1
POL-100193,Lagos,468000,CLM-00064,1
POL-224853,Abuja,349000,,0
POL-101015,Port Harcourt,614000,CLM-00338,1
POL-257187,Port Harcourt,378000,,0
POL-255634,Lagos,402000,,1
POL-211599,Lagos,461000,,0
POL-250617,Kano,284000,,1
POL-213643,Port Harcourt,171000,,1
POL-226911,Port Harcourt,404000,,1
POL-215387,Abuja,286000,,1
POL-200631,Lagos,415000,,1
POL-103201,Abuja,893000,CLM-01067,0
POL-202875,Lagos,345000,,1
POL-253423,Ibadan,241000,,1
POL-106344,Abuja,353000,CLM-02114,1
POL-212199,Port Harcourt,406000,,1
POL-245596,Port Harcourt,366000,,0
POL-100550,Lagos,314000,CLM-00183,1
POL-205125,Port Harcourt,480000,,1
POL-229289,Port Harcourt,164000,,1
POL-212493,Port Harcourt,478000,,1
POL-234301,Lagos,226000,,0
POL-257966,Kano,563000,,1
POL-217361,Port Harcourt,808000,,1
POL-103339,Ibadan,447000,CLM-01113,1
POL-105177,Ibadan,216000,CLM-01725,1
POL-262164,Ibadan,165000,,0
POL-200818,Port Harcourt,342000,,1
POL-262458,Port Harcourt,389000,,0
POL-260509,Port Harcourt,554000,,0
POL-104394,Abuja,357000,CLM-01464,1
POL-261959,Lagos,620000,,1
POL-250461,Port Harcourt,620000,,1
POL-100958,Kano,417000,CLM-00319,0
POL-237619,Lagos,565000,,0
POL-237564,Lagos,380000,,1
POL-201956,Ibadan,321000,,1
POL-216334,Lagos,394000,,1
POL-224986,Abuja,295000,,1
POL-258530,Port Harcourt,219000,,1
POL-240445,Lagos,133000,,1
POL-225446,Lagos,339000,,0
POL-103136,Lagos,279000,CLM-01045,1
POL-228806,Port Harcourt,200000,,1
POL-103722,Lagos,611000,CLM-01240,1
POL-204213,Ibadan,415000,,1
POL-211878,Port Harcourt,475000,,1
POL-103562,Lagos,552000,CLM-01187,1
POL-216526,Lagos,501000,,1
POL-204712,Port Harcourt,418000,,1
POL-261765,Lagos,281000,,0
POL-106393,Lagos,295000,CLM-02131,1
POL-101494,Abuja,232000,CLM-00498,1
POL-211355,Lagos,889000,,1
POL-234859,Lagos,470000,,1
POL-221340,Abuja,310000,,1
POL-253756,Abuja,300000,,0
POL-249158,Lagos,386000,,0
POL-226030,Lagos,319000,,1
POL-106436,Port Harcourt,377000,CLM-02145,0
POL-219423,Abuja,369000,,1
POL-217445,Lagos,391000,,1
POL-221747,Port Harcourt,682000,,1
POL-100722,Abuja,242000,CLM-00240,1
POL-218158,Port Harcourt,224000,,1
POL-258835,Ibadan,512000,,1
POL-210050,Lagos,928000,,1
POL-254467,Ibadan,612000,,1
POL-105557,Port Harcourt,332000,CLM-01852,1
POL-215696,Port Harcourt,278000,,1
POL-215199,Lagos,195000,,1
POL-255165,Ibadan,318000,,1
POL-247628,Kano,303000,,1
POL-255461,Lagos,559000,,0
POL-217095,Abuja,1027000,,1
POL-205991,Port Harcourt,264000,,0
POL-205153,Lagos,302000,,1
POL-204992,Lagos,344000,,1
POL-203251,Ibadan,594000,,1
POL-251580,Abuja,328000,,0
POL-242546,Kano,375000,,1
POL-200301,Abuja,255000,,1
POL-103046,Ibadan,285000,CLM-01015,1
POL-261211,Lagos,205000,,1
POL-253733,Port Harcourt,261000,,1
POL-206311,Lagos,333000,,1
POL-105985,Lagos,351000,CLM-01995,1
POL-216261,Ibadan,300000,,1
POL-261602,Port Harcourt,441000,,0
POL-262343,Ibadan,413000,,0
POL-220497,Abuja,147000,,1
POL-249074,Lagos,578000,,1
POL-245265,Lagos,584000,,1
POL-255993,Lagos,413000,,1
POL-101341,Lagos,274000,CLM-00447,1
POL-106233,Port Harcourt,502000,CLM-02077,1
POL-259170,Lagos,173000,,1
POL-206263,Abuja,306000,,1
POL-255730,Ibadan,285000,,1
POL-260191,Lagos,263000,,1
POL-218638,Port Harcourt,458000,,1
POL-248693,Lagos,365000,,1
POL-236042,Lagos,569000,,0
POL-216380,Ibadan,309000,,1
POL-234232,Abuja,499000,,1
POL-260658,Ibadan,228000,,1
POL-226009,Ibadan,664000,,1
POL-255041,Lagos,406000,,1
POL-217606,Abuja,316000,,0
POL-206902,Lagos,419000,,0
POL-202602,Abuja,227000,,1
POL-236904,Abuja,508000,,1
POL-211939,Lagos,658000,,1
POL-106264,Ibadan,832000,CLM-02088,1
POL-238451,Lagos,191000,,0
POL-211710,Ibadan,357000,,1
POL-247874,Kano,306000,,1
POL-251978,Ibadan,151000,,1
POL-250388,Ibadan,221000,,1
POL-203749,Lagos,383000,,1
POL-206389,Kano,319000,,1
POL-204046,Kano,480000,,1
POL-219975,Lagos,239000,,1
POL-210553,Port Harcourt,328000,,0
POL-207411,Lagos,442000,,1
POL-230037,Ibadan,199000,,1
POL-206898,Abuja,682000,,1
POL-219461,Port Harcourt,252000,,1
POL-200598,Lagos,291000,,0
POL-258715,Ibadan,139000,,1
POL-219606,Kano,209000,,1
POL-224214,Ibadan,211000,,1
POL-211133,Lagos,253000,,1
POL-105025,Abuja,851000,CLM-01675,1
POL-259706,Lagos,296000,,1
POL-233503,Kano,296000,,1
POL-239081,Lagos,304000,,1
POL-245892,Lagos,318000,,1
POL-214336,Port Harcourt,305000,,1
POL-217712,Kano,404000,,1
POL-240579,Ibadan,353000,,1
POL-101849,Abuja,291000,CLM-00616,1
POL-102409,Kano,237000,CLM-00803,0
POL-257420,Lagos,206000,,1
POL-101374,Port Harcourt,406000,CLM-00458,1
POL-203550,Port Harcourt,279000,,1
POL-204120,Lagos,222000,,1
POL-203489,Port Harcourt,258000,,1
POL-249974,Kano,261000,,1
POL-204351,Port Harcourt,341000,,1
POL-248950,Kano,875000,,1
POL-236594,Abuja,246000,,0
POL-247026,Lagos,265000,,1
POL-206892,Abuja,224000,,0
POL-255687,Ibadan,428000,,1
POL-243506,Lagos,601000,,1
POL-262619,Port Harcourt,273000,,0
POL-251038,Kano,604000,,1
POL-239089,Ibadan,307000,,1
POL-202255,Lagos,325000,,0
POL-234874,Port Harcourt,522000,,1
POL-245339,Kano,293000,,0
POL-203260,Lagos,287000,,1
POL-101396,Lagos,483000,CLM-00465,1
POL-233614,Abuja,304000,,1
POL-248232,Kano,418000,,1
POL-241213,Ibadan,610000,,1
POL-209752,Ibadan,310000,,1
POL-221468,Abuja,692000,,1
POL-217239,Port Harcourt,200000,,0
POL-203744,Abuja,323000,,1
POL-103419,Abuja,352000,CLM-01139,0
POL-231794,Kano,297000,,1
POL-106358,Ibadan,739000,CLM-02119,1
POL-231260,Lagos,413000,,0
POL-100422,Abuja,632000,CLM-00140,1
POL-257779,Lagos,766000,,1
POL-222737,Ibadan,595000,,1
POL-241440,Port Harcourt,534000,,1
POL-211968,Lagos,207000,,1
POL-213050,Lagos,483000,,0
POL-235411,Lagos,436000,,1
POL-209990,Lagos,312000,,1
POL-103665,Kano,295000,CLM-01221,0
POL-209195,Ibadan,420000,,1
POL-226953,Lagos,358000,,1
POL-210392,Lagos,749000,,1
POL-104511,Kano,460000,CLM-01503,1
POL-252167,Abuja,399000,,1
POL-103109,Lagos,321000,CLM-01036,1
POL-204527,Lagos,252000,,1
POL-232473,Port Harcourt,235000,,1
POL-227123,Port Harcourt,225000,,1
POL-245753,Abuja,212000,,1
POL-207572,Port Harcourt,598000,,1
POL-104721,Lagos,481000,CLM-01573,0
POL-238349,Abuja,271000,,0
POL-257537,Abuja,170000,,0
POL-205087,Port Harcourt,232000,,1
POL-245688,Lagos,369000,,1
POL-249907,Ibadan,355000,,0
POL-252541,Abuja,416000,,1
POL-262604,Lagos,542000,,1
POL-214918,Port Harcourt,199000,,1
POL-216187,Lagos,226000,,1
POL-213762,Kano,207000,,1
POL-208828,Abuja,384000,,1
POL-246535,Abuja,185000,,1
POL-223086,Lagos,338000,,1
POL-250697,Port Harcourt,347000,,1
POL-201418,Port Harcourt,467000,,1
POL-241268,Kano,143000,,0
POL-247300,Kano,252000,,0
POL-237472,Abuja,318000,,1
POL-202126,Lagos,435000,,1
POL-204909,Port Harcourt,453000,,1
POL-200074,Lagos,399000,,0
POL-215586,Lagos,428000,,1
POL-234471,Ibadan,288000,,1
POL-227299,Lagos,410000,,1
POL-237794,Abuja,409000,,1
POL-257287,Port Harcourt,588000,,1
POL-216393,Lagos,208000,,1
POL-201719,Kano,545000,,1
POL-237160,Lagos,214000,,1
POL-230825,Abuja,583000,,1
POL-251005,Ibadan,256000,,1
POL-104205,Lagos,324000,CLM-01401,1
POL-204755,Ibadan,426000,,1
POL-219823,Abuja,250000,,1
POL-100448,Lagos,388000,CLM-00149,1
POL-102021,Lagos,220000,CLM-00673,0
POL-258994,Lagos,303000,,1
POL-212016,Kano,597000,,1
POL-217433,Lagos,451000,,1
POL-206256,Abuja,638000,,1
POL-247545,Lagos,282000,,0
POL-226403,Kano,262000,,0
POL-228095,Abuja,322000,,1
POL-201685,Abuja,371000,,0
POL-102297,Kano,398000,CLM-00765,1
POL-216414,Ibadan,349000,,1
POL-210313,Lagos,601000,,1
POL-259524,Ibadan,371000,,1
POL-100270,Lagos,527000,CLM-00090,1
POL-259179,Abuja,344000,,1
POL-106610,Lagos,243000,CLM-02203,1
POL-225174,Lagos,331000,,1
POL-219814,Port Harcourt,244000,,1
POL-220655,Lagos,201000,,1
POL-242946,Abuja,300000,,1
POL-245179,Abuja,548000,,1
POL-213701,Ibadan,335000,,1
POL-253102,Abuja,405000,,1
POL-105431,Abuja,600000,CLM-01810,1
POL-203701,Lagos,310000,,1
POL-211634,Abuja,571000,,1
POL-235892,Lagos,304000,,1
POL-100743,Ibadan,285000,CLM-00247,1
POL-223700,Lagos,280000,,1
POL-260222,Lagos,985000,,0
POL-100416,Ibadan,244000,CLM-00138,1
POL-257927,Port Harcourt,243000,,0
POL-233163,Ibadan,593000,,1
POL-244250,Lagos,218000,,1
POL-217143,Ibadan,579000,,1
POL-101542,Lagos,214000,CLM-00514,0
POL-230018,Abuja,339000,,1
POL-258673,Lagos,535000,,1
POL-201539,Lagos,261000,,0
POL-208736,Ibadan,625000,,0
POL-104651,Port Harcourt,334000,CLM-01550,1
POL-211275,Port Harcourt,578000,,1
POL-230410,Abuja,476000,,1
POL-103545,Abuja,209000,CLM-01181,0
POL-101460,Kano,270000,CLM-00486,1
POL-241206,Port Harcourt,471000,,0
POL-245207,Kano,153000,,1
POL-202647,Port Harcourt,277000,,1
POL-235955,Abuja,431000,,1
POL-225139,Lagos,581000,,1
POL-215106,Lagos,175000,,0
POL-100881,Kano,567000,CLM-00293,0
POL-249150,Lagos,261000,,1
POL-216076,Port Harcourt,300000,,1
POL-235632,Lagos,330000,,1
POL-215455,Lagos,293000,,1
POL-105393,Ibadan,649000,CLM-01797,1
POL-261272,Lagos,402000,,0
POL-240649,Ibadan,531000,,1
POL-249118,Ibadan,167000,,0
POL-224839,Lagos,287000,,1
POL-219745,Lagos,499000,,1
POL-259672,Ibadan,98000,,1
POL-212781,Lagos,465000,,0
POL-105282,Kano,442000,CLM-01760,0
POL-210985,Lagos,336000,,1
POL-219644,Port Harcourt,136000,,1
POL-216995,Ibadan,210000,,1
POL-222332,Lagos,218000,,1
POL-208152,Abuja,234000,,1
POL-223925,Port Harcourt,202000,,1
POL-206445,Abuja,667000,,1
POL-211970,Ibadan,378000,,1
POL-245068,Abuja,111000,,1
POL-204382,Abuja,827000,,1
POL-262048,Lagos,225000,,1
POL-211856,Lagos,748000,,1
POL-249533,Ibadan,366000,,1
POL-102516,Ibadan,458000,CLM-00838,0
POL-233096,Ibadan,340000,,0
POL-226947,Abuja,341000,,0
POL-224375,Kano,404000,,1
POL-102207,Port Harcourt,335000,CLM-00735,1
POL-245609,Ibadan,507000,,1
POL-204727,Lagos,324000,,1
POL-207342,Kano,411000,,0
POL-230592,Port Harcourt,413000,,0
POL-217901,Port Harcourt,372000,,1
POL-100699,Port Harcourt,136000,CLM-00233,1
POL-100709,Ibadan,605000,CLM-00236,1
POL-225164,Lagos,362000,,1
POL-106186,Lagos,593000,CLM-02062,1
POL-246044,Kano,303000,,1
POL-102551,Ibadan,423000,CLM-00850,0
POL-222228,Kano,282000,,1
POL-247960,Abuja,370000,,1
POL-101538,Lagos,235000,CLM-00512,0
POL-252435,Abuja,528000,,0
POL-227566,Lagos,749000,,1
POL-250841,Lagos,164000,,1
POL-105004,Lagos,399000,CLM-01668,0
POL-102374,Port Harcourt,494000,CLM-00791,1
POL-252792,Lagos,253000,,1
POL-255113,Abuja,327000,,1
POL-262468,Ibadan,364000,,1
POL-202530,Kano,217000,,1
POL-217091,Port Harcourt,289000,,0
POL-261207,Lagos,433000,,1
POL-246383,Kano,261000,,1
POL-253607,Kano,450000,,1
POL-105474,Lagos,475000,CLM-01824,1
POL-242656,Lagos,322000,,1
POL-211064,Kano,372000,,1
POL-238744,Ibadan,382000,,0
POL-239468,Lagos,826000,,1
POL-201466,Lagos,456000,,1
POL-105415,Lagos,598000,CLM-01805,1
POL-249892,Lagos,249000,,1
POL-219729,Lagos,516000,,0
POL-211085,Abuja,309000,,0
POL-104234,Ibadan,562000,CLM-01411,1
POL-208653,Abuja,815000,,1
POL-238615,Lagos,343000,,1
POL-255099,Abuja,543000,,1
POL-207115,Ibadan,592000,,1
POL-244335,Abuja,328000,,0
POL-258107,Lagos,473000,,1
POL-223533,Ibadan,510000,,0
POL-205943,Lagos,534000,,0
POL-202284,Lagos,249000,,1
POL-211767,Port Harcourt,713000,,1
POL-208475,Ibadan,184000,,1
POL-254312,Port Harcourt,339000,,1
POL-247019,Ibadan,423000,,1
POL-248434,Lagos,180000,,1
POL-258008,Lagos,372000,,1
POL-253314,Ibadan,738000,,1
POL-103645,Kano,877000,CLM-01215,1
POL-230239,Ibadan,334000,,1
POL-253363,Kano,203000,,1
POL-232138,Port Harcourt,282000,,0
POL-237579,Ibadan,308000,,1
POL-234821,Lagos,311000,,1
POL-234240,Abuja,345000,,1
POL-237706,Lagos,755000,,0
POL-105149,Lagos,382000,CLM-01716,1
POL-260377,Abuja,354000,,1
POL-206449,Kano,268000,,1
POL-213936,Abuja,493000,,1
POL-210504,Port Harcourt,368000,,1
POL-203937,Lagos,438000,,1
POL-104281,Lagos,306000,CLM-01427,0
POL-241199,Lagos,779000,,1
POL-221723,Abuja,410000,,0
POL-226675,Lagos,395000,,1
POL-228164,Ibadan,575000,,1
POL-100780,Abuja,446000,CLM-00260,1
POL-234554,Port Harcourt,262000,,1
POL-226211,Abuja,291000,,1
POL-101079,Lagos,186000,CLM-00359,0
POL-102954,Abuja,457000,CLM-00984,1
POL-241193,Abuja,557000,,0
POL-247759,Lagos,276000,,1
POL-204030,Kano,743000,,1
POL-262934,Lagos,252000,,1
POL-204956,Lagos,323000,,1
POL-200874,Lagos,385000,,1
POL-203437,Ibadan,533000,,1
POL-218509,Lagos,392000,,1
POL-101309,Port Harcourt,386000,CLM-00436,1
POL-219671,Ibadan,564000,,1
POL-242579,Lagos,395000,,0
POL-101422,Port Harcourt,720000,CLM-00474,1
POL-224339,Lagos,435000,,1
POL-258576,Kano,278000,,0
POL-228201,Kano,165000,,1
POL-201167,Abuja,787000,,0
POL-229298,Lagos,472000,,1
POL-100855,Ibadan,501000,CLM-00285,0
POL-262964,Lagos,361000,,1
POL-209670,Port Harcourt,177000,,1
POL-206882,Port Harcourt,422000,,1
POL-225728,Ibadan,251000,,1
POL-220703,Ibadan,270000,,1
POL-228416,Kano,934000,,1
POL-202197,Kano,209000,,0
POL-105357,Abuja,448000,CLM-01785,0
POL-226752,Kano,452000,,1
POL-247412,Ibadan,251000,,1
POL-218873,Abuja,609000,,1
POL-252686,Abuja,364000,,0
POL-219138,Port Harcourt,403000,,1
POL-239347,Lagos,207000,,0
POL-261738,Abuja,350000,,1
POL-224662,Lagos,598000,,1
POL-201017,Port Harcourt,408000,,1
POL-216791,Ibadan,629000,,1
POL-253518,Ibadan,307000,,0
POL-240165,Abuja,704000,,1
POL-244475,Kano,242000,,1
POL-105863,Lagos,272000,CLM-01954,0
POL-234012,Abuja,208000,,1
POL-221107,Lagos,353000,,1
POL-224673,Kano,421000,,1
POL-261169,Kano,245000,,1
POL-208694,Lagos,286000,,0
POL-212454,Abuja,306000,,1
POL-255641,Ibadan,541000,,1
POL-230534,Lagos,270000,,1
POL-212925,Abuja,272000,,1
POL-216505,Lagos,426000,,0
POL-252602,Lagos,513000,,1
POL-241139,Abuja,493000,,1
POL-206420,Abuja,471000,,1
POL-236246,Kano,247000,,1
POL-226681,Port Harcourt,579000,,1
POL-224031,Kano,256000,,1
POL-202837,Ibadan,288000,,0
POL-237923,Port Harcourt,646000,,1
POL-215851,Abuja,431000,,0
POL-106141,Lagos,170000,CLM-02047,1
POL-102993,Port Harcourt,482000,CLM-00997,1
POL-254316,Kano,424000,,1
POL-203354,Port Harcourt,208000,,1
POL-242531,Ibadan,204000,,1
POL-234840,Port Harcourt,463000,,1
POL-226545,Port Harcourt,563000,,1
POL-101593,Lagos,219000,CLM-00531,0
POL-100230,Ibadan,350000,CLM-00076,1
POL-229433,Lagos,579000,,0
POL-215965,Port Harcourt,495000,,1
POL-237002,Lagos,233000,,0
POL-239568,Port Harcourt,376000,,1
POL-246954,Lagos,477000,,1
POL-261659,Kano,354000,,1
POL-230450,Abuja,602000,,1
POL-216674,Lagos,336000,,1
POL-250997,Abuja,226000,,1
POL-248641,Lagos,265000,,1
POL-241591,Abuja,405000,,0
POL-237772,Lagos,390000,,0
POL-214125,Ibadan,202000,,1
POL-231949,Ibadan,390000,,1
POL-244565,Lagos,653000,,1
POL-206380,Lagos,389000,,1
POL-211122,Lagos,581000,,1
POL-200497,Ibadan,252000,,1
POL-214543,Kano,310000,,1
POL-229225,Kano,343000,,1
POL-227641,Lagos,538000,,0
POL-241405,Lagos,567000,,1
POL-207861,Lagos,358000,,1
POL-245742,Kano,410000,,0
POL-258090,Port Harcourt,424000,,0
POL-103453,Lagos,518000,CLM-01151,0
POL-241047,Abuja,699000,,1
POL-234136,Port Harcourt,686000,,1
POL-223815,Lagos,158000,,1
POL-100655,Abuja,206000,CLM-00218,1
POL-262626,Lagos,444000,,1
POL-225207,Port Harcourt,488000,,1
POL-229383,Abuja,342000,,1
POL-207258,Abuja,207000,,1
POL-231733,Ibadan,781000,,1
POL-206052,Lagos,255000,,1
POL-202688,Port Harcourt,383000,,1
POL-229219,Port Harcourt,506000,,0
POL-236993,Kano,265000,,1
POL-225134,Lagos,195000,,1
POL-100766,Kano,578000,CLM-00255,0
POL-228736,Lagos,319000,,1
POL-217055,Port Harcourt,393000,,0
POL-242955,Lagos,281000,,1
POL-105311,Kano,427000,CLM-01770,1
POL-231379,Abuja,350000,,0
POL-257658,Abuja,324000,,1
POL-206687,Lagos,408000,,1
POL-245588,Abuja,245000,,0
POL-215737,Lagos,466000,,1
POL-101394,Abuja,275000,CLM-00464,1
POL-103986,Kano,774000,CLM-01328,1
POL-222085,Lagos,249000,,1
POL-103498,Lagos,373000,CLM-01166,1
POL-103435,Kano,536000,CLM-01145,1
POL-106422,Lagos,394000,CLM-02140,1
POL-257647,Lagos,473000,,1
POL-253442,Port Harcourt,248000,,1
POL-244730,Lagos,242000,,1
POL-217786,Lagos,482000,,1
POL-261309,Ibadan,325000,,1
POL-248308,Lagos,527000,,1
POL-208124,Port Harcourt,455000,,1
POL-240214,Lagos,315000,,1
POL-253588,Abuja,426000,,1
POL-104732,Lagos,425000,CLM-01577,1
POL-100837,Lagos,362000,CLM-00279,0
POL-251755,Lagos,296000,,0
POL-232069,Ibadan,346000,,1
POL-102407,Ibadan,373000,CLM-00802,1
POL-254562,Abuja,270000,,1
POL-102106,Abuja,454000,CLM-00702,1
POL-100684,Lagos,478000,CLM-00228,1
POL-246693,Abuja,363000,,1
POL-217074,Lagos,413000,,0
POL-228749,Lagos,383000,,0
POL-202470,Port Harcourt,467000,,0
POL-226457,Port Harcourt,383000,,1
POL-238085,Kano,775000,,1
POL-100919,Lagos,332000,CLM-00306,1
POL-254238,Kano,393000,,1
POL-235656,Kano,348000,,0
POL-106495,Kano,457000,CLM-02165,1
POL-248553,Abuja,590000,,1
POL-202919,Lagos,293000,,1
POL-260625,Abuja,384000,,1
POL-104405,Abuja,216000,CLM-01468,1
POL-248456,Abuja,761000,,1
POL-220286,Kano,367000,,1
POL-221241,Lagos,447000,,1
POL-217868,Lagos,355000,,0
POL-237600,Abuja,217000,,1
POL-233190,Port Harcourt,384000,,1
POL-236111,Lagos,430000,,1
POL-256144,Lagos,344000,,1
POL-248908,Kano,331000,,1
POL-106236,Lagos,367000,CLM-02078,0
POL-206511,Abuja,251000,,1
POL-218599,Abuja,375000,,1
POL-215657,Abuja,436000,,1
POL-215299,Ibadan,113000,,1
POL-240869,Port Harcourt,364000,,1
POL-229471,Lagos,549000,,1
POL-231901,Ibadan,392000,,1
POL-101824,Abuja,482000,CLM-00608,0
POL-257337,Lagos,350000,,1
POL-106518,Lagos,529000,CLM-02172,0
POL-260821,Lagos,449000,,1
POL-102380,Lagos,787000,CLM-00793,1
POL-236567,Lagos,380000,,1
POL-242008,Lagos,214000,,1
POL-104137,Kano,373000,CLM-01379,1
POL-215119,Abuja,357000,,1
POL-243276,Lagos,667000,,1
POL-244886,Lagos,229000,,0
POL-260092,Abuja,465000,,1
POL-261611,Lagos,948000,,1
POL-229259,Port Harcourt,432000,,1
POL-238473,Port Harcourt,607000,,1
POL-225241,Lagos,595000,,1
POL-241907,Abuja,318000,,1
POL-262496,Lagos,701000,,1
POL-203195,Ibadan,274000,,1
POL-217908,Ibadan,487000,,1
POL-224431,Ibadan,503000,,1
POL-240438,Port Harcourt,549000,,1
POL-262239,Lagos,192000,,1
POL-246935,Abuja,361000,,1
POL-257413,Lagos,392000,,0
POL-104206,Port Harcourt,460000,CLM-01402,1
POL-239303,Lagos,393000,,1
POL-241108,Abuja,357000,,1
POL-103612,Lagos,680000,CLM-01204,1
POL-105503,Lagos,564000,CLM-01834,1
POL-101062,Ibadan,257000,CLM-00354,1
POL-224365,Ibadan,375000,,0
POL-248343,Lagos,251000,,1
POL-219307,Lagos,739000,,1
POL-201616,Kano,494000,,0
POL-102240,Port Harcourt,479000,CLM-00746,1
POL-253387,Lagos,458000,,1
POL-209186,Lagos,336000,,0
POL-206046,Kano,635000,,1
POL-239323,Ibadan,279000,,1
POL-242088,Lagos,419000,,1
POL-238481,Lagos,888000,,0
POL-226584,Port Harcourt,312000,,1
POL-237632,Ibadan,306000,,0
POL-243629,Ibadan,200000,,1
POL-247588,Abuja,385000,,1
POL-244314,Lagos,125000,,1
POL-252841,Abuja,400000,,1
POL-251715,Ibadan,190000,,1
POL-206485,Lagos,484000,,1
POL-214111,Lagos,457000,,1
POL-210354,Port Harcourt,225000,,1
POL-259985,Lagos,313000,,1
POL-205896,Lagos,383000,,1
POL-222141,Port Harcourt,395000,,0
POL-213298,Lagos,226000,,1
POL-260357,Kano,413000,,1
POL-104564,Lagos,639000,CLM-01521,1
POL-239225,Abuja,544000,,1
POL-217515,Abuja,515000,,1
POL-104771,Lagos,404000,CLM-01590,1
POL-211658,Port Harcourt,384000,,1
POL-218270,Port Harcourt,284000,,0
POL-232133,Ibadan,456000,,1
POL-225112,Ibadan,393000,,0
POL-235272,Port Harcourt,330000,,0
POL-106074,Lagos,281000,CLM-02024,0
POL-105829,Abuja,886000,CLM-01943,1
POL-248976,Lagos,441000,,1
POL-231252,Abuja,375000,,1
POL-201507,Abuja,230000,,1
POL-213414,Port Harcourt,316000,,1
POL-249463,Lagos,327000,,1
POL-203399,Abuja,606000,,1
POL-224156,Kano,465000,,1
POL-225600,Abuja,208000,,1
POL-101338,Lagos,645000,CLM-00446,1
POL-242782,Abuja,434000,,0
POL-261249,Lagos,579000,,1
POL-203405,Lagos,423000,,1
POL-104738,Abuja,256000,CLM-01579,1
POL-103086,Lagos,440000,CLM-01028,1
POL-258613,Abuja,414000,,1
POL-238500,Lagos,374000,,1
POL-239677,Ibadan,262000,,1
POL-251431,Lagos,289000,,1
POL-252550,Port Harcourt,224000,,1
POL-232519,Kano,347000,,0
POL-101259,Kano,523000,CLM-00419,1
POL-204418,Ibadan,202000,,1
POL-257002,Abuja,603000,,0
POL-229051,Port Harcourt,319000,,0
POL-257403,Abuja,523000,,1
POL-231013,Lagos,219000,,1
POL-244859,Lagos,233000,,1
POL-202663,Abuja,374000,,1
POL-242938,Kano,288000,,1
POL-209674,Ibadan,412000,,1
POL-209022,Abuja,192000,,1
POL-103011,Port Harcourt,208000,CLM-01003,1
POL-216731,Lagos,373000,,0
POL-100773,Kano,577000,CLM-00257,1
POL-230698,Kano,737000,,0
POL-236520,Lagos,358000,,1
POL-104296,Abuja,352000,CLM-01432,1
POL-221503,Abuja,253000,,1
POL-239337,Lagos,888000,,1
POL-235535,Abuja,740000,,0
POL-259161,Port Harcourt,550000,,0
POL-241457,Abuja,602000,,1
POL-210921,Ibadan,321000,,1
POL-243986,Lagos,201000,,1
POL-246264,Port Harcourt,307000,,1
POL-104146,Kano,246000,CLM-01382,1
POL-202833,Abuja,470000,,1
POL-212522,Kano,416000,,0
POL-237451,Ibadan,274000,,0
POL-249187,Abuja,310000,,1
POL-219259,Port Harcourt,326000,,1
POL-234046,Lagos,285000,,1
POL-232555,Port Harcourt,407000,,1
POL-232177,Port Harcourt,378000,,0
POL-211396,Lagos,320000,,1
POL-212619,Port Harcourt,266000,,1
POL-220093,Lagos,568000,,1
POL-206081,Lagos,414000,,0
POL-261887,Lagos,712000,,1
POL-106613,Port Harcourt,552000,CLM-02204,1
POL-201522,Lagos,390000,,1
POL-218052,Lagos,348000,,1
POL-105811,Abuja,297000,CLM-01937,1
POL-227391,Port Harcourt,237000,,1
POL-216215,Ibadan,400000,,1
POL-104175,Lagos,317000,CLM-01391,0
POL-258374,Lagos,329000,,1
POL-103297,Abuja,320000,CLM-01099,1
POL-103648,Kano,339000,CLM-01216,1
POL-100413,Port Harcourt,299000,CLM-00137,1
POL-206415,Ibadan,364000,,1
POL-204360,Abuja,400000,,1
POL-243300,Kano,279000,,1
POL-235004,Kano,131000,,1
POL-103908,Abuja,369000,CLM-01302,1
POL-256928,Lagos,367000,,0
POL-216360,Lagos,255000,,1
POL-208128,Port Harcourt,352000,,1
POL-100357,Abuja,229000,CLM-00119,1
POL-252795,Lagos,226000,,1
POL-205429,Lagos,429000,,1
POL-207926,Lagos,186000,,1
POL-253407,Lagos,434000,,1
POL-104808,Abuja,226000,CLM-01602,0
POL-231243,Port Harcourt,546000,,1
POL-101171,Abuja,239000,CLM-00390,0
POL-101769,Ibadan,261000,CLM-00589,0
POL-212020,Lagos,582000,,0
POL-207977,Ibadan,121000,,0
POL-244506,Port Harcourt,476000,,1
POL-226517,Port Harcourt,368000,,1
POL-225758,Port Harcourt,144000,,1
POL-231854,Port Harcourt,610000,,1
POL-244951,Lagos,455000,,1
POL-237394,Kano,277000,,1
POL-239545,Port Harcourt,319000,,1
POL-106347,Port Harcourt,819000,CLM-02115,0
POL-222784,Port Harcourt,227000,,1
POL-217662,Port Harcourt,737000,,0
POL-250529,Ibadan,746000,,0
POL-240469,Abuja,617000,,0
POL-259968,Ibadan,319000,,1
POL-259635,Port Harcourt,305000,,0
POL-203709,Abuja,254000,,1
POL-223149,Abuja,239000,,1
POL-213770,Lagos,585000,,0
POL-223446,Abuja,309000,,1
POL-210237,Lagos,534000,,1
POL-239583,Lagos,212000,,0
POL-235753,Lagos,428000,,1
POL-235338,Kano,390000,,0
POL-101659,Lagos,1030000,CLM-00553,1
POL-204329,Port Harcourt,253000,,1
POL-225093,Port Harcourt,322000,,1
POL-100962,Lagos,271000,CLM-00320,1
POL-227549,Abuja,602000,,1
POL-238106,Kano,298000,,1
POL-223412,Lagos,366000,,1
POL-262271,Lagos,586000,,1
POL-250887,Ibadan,817000,,1
POL-252379,Abuja,424000,,1
POL-213204,Lagos,480000,,0
POL-232427,Lagos,273000,,1
POL-258360,Lagos,259000,,1
POL-262721,Abuja,362000,,1
POL-225923,Port Harcourt,296000,,1
POL-241427,Ibadan,611000,,1
POL-232740,Abuja,273000,,1
POL-103539,Abuja,235000,CLM-01179,1
POL-200396,Lagos,140000,,1
POL-102982,Abuja,378000,CLM-00994,0
POL-245971,Abuja,710000,,1
POL-236650,Ibadan,292000,,0
POL-235220,Lagos,364000,,1
POL-101585,Ibadan,606000,CLM-00528,1
POL-210334,Lagos,594000,,1
POL-103092,Ibadan,338000,CLM-01030,1
POL-233026,Ibadan,611000,,1
POL-205463,Abuja,267000,,1
POL-240504,Lagos,521000,,1
POL-101923,Lagos,332000,CLM-00641,0
POL-215879,Lagos,683000,,1
POL-259313,Lagos,881000,,1
POL-262309,Lagos,432000,,1
POL-202134,Lagos,286000,,1
POL-228024,Kano,317000,,1
POL-221895,Kano,266000,,1
POL-234246,Kano,297000,,1
POL-233595,Ibadan,497000,,1
POL-221839,Abuja,108000,,1
POL-100020,Abuja,262000,CLM-00006,1
POL-250145,Lagos,463000,,1
POL-261663,Lagos,260000,,1
POL-254388,Abuja,227000,,1
POL-233773,Port Harcourt,326000,,1
POL-241581,Ibadan,516000,,1
POL-233946,Lagos,339000,,1
POL-219772,Port Harcourt,330000,,0
POL-229251,Abuja,474000,,1
POL-246331,Lagos,121000,,1
POL-262914,Lagos,355000,,1
POL-243389,Lagos,804000,,1
POL-212853,Kano,266000,,1
POL-101214,Lagos,287000,CLM-00404,1
POL-226451,Lagos,216000,,1
POL-239960,Ibadan,1180000,,1
POL-234837,Ibadan,447000,,1
POL-100392,Abuja,376000,CLM-00130,1
POL-229531,Ibadan,338000,,1
POL-209359,Abuja,548000,,1
POL-213315,Abuja,392000,,0
POL-216998,Lagos,328000,,1
POL-245839,Port Harcourt,357000,,1
POL-206160,Kano,382000,,1
POL-201768,Lagos,379000,,1
POL-251512,Abuja,508000,,1
POL-209115,Abuja,287000,,1
POL-252806,Port Harcourt,397000,,1
POL-205996,Ibadan,320000,,1
POL-212944,Port Harcourt,310000,,0
POL-100815,Abuja,433000,CLM-00271,1
POL-237422,Kano,498000,,0
POL-100454,Ibadan,475000,CLM-00151,1
POL-257331,Port Harcourt,376000,,1
POL-259436,Ibadan,264000,,1
POL-232498,Lagos,566000,,0
POL-223739,Abuja,215000,,0
POL-214630,Kano,178000,,1
POL-206733,Lagos,166000,,1
POL-226504,Kano,378000,,1
POL-231539,Lagos,391000,,1
POL-240286,Kano,394000,,1
POL-106353,Abuja,396000,CLM-02117,1
POL-203369,Lagos,360000,,1
POL-257293,Lagos,252000,,1
POL-220155,Lagos,343000,,1
POL-220410,Lagos,438000,,1
POL-220112,Kano,577000,,1
POL-104621,Lagos,379000,CLM-01540,1
POL-256762,Ibadan,286000,,0
POL-251832,Port Harcourt,400000,,1
POL-259112,Kano,299000,,1
POL-228898,Port Harcourt,376000,,1
POL-213170,Port Harcourt,343000,,1
POL-241016,Kano,316000,,1
POL-104167,Lagos,476000,CLM-01389,1
POL-246458,Kano,324000,,1
POL-236028,Lagos,253000,,1
POL-103625,Abuja,239000,CLM-01208,1
POL-209047,Lagos,317000,,1
POL-256788,Lagos,472000,,1
POL-209396,Lagos,378000,,0
POL-205375,Lagos,257000,,1
POL-227126,Lagos,618000,,1
POL-237709,Ibadan,227000,,0
POL-243907,Ibadan,220000,,1
POL-204072,Abuja,274000,,0
POL-210565,Kano,270000,,1
POL-260575,Abuja,267000,,1
POL-212294,Lagos,261000,,1
POL-106084,Kano,293000,CLM-02028,1
POL-229677,Ibadan,442000,,1
POL-102683,Lagos,578000,CLM-00894,0
POL-255937,Lagos,375000,,0
POL-235785,Lagos,363000,,1
POL-104714,Ibadan,381000,CLM-01571,1
POL-222880,Abuja,615000,,1
POL-234449,Ibadan,336000,,1
POL-206427,Lagos,126000,,0
POL-253028,Abuja,355000,,1
POL-105196,Ibadan,148000,CLM-01732,1
POL-249196,Lagos,136000,,0
POL-101821,Abuja,376000,CLM-00607,0
POL-253565,Abuja,552000,,1
POL-207760,Lagos,421000,,1
POL-218328,Lagos,579000,,1
POL-103208,Lagos,233000,CLM-01069,1
POL-200520,Ibadan,474000,,1
POL-216245,Lagos,375000,,1
POL-100546,Abuja,448000,CLM-00182,1
POL-200350,Port Harcourt,190000,,1
POL-227491,Port Harcourt,288000,,1
POL-261026,Abuja,617000,,1
POL-204377,Abuja,304000,,1
POL-251056,Lagos,465000,,1
POL-100796,Kano,382000,CLM-00265,1
POL-222106,Lagos,625000,,1
POL-249037,Port Harcourt,229000,,1
POL-247449,Port Harcourt,508000,,0
POL-237555,Abuja,474000,,1
POL-219225,Lagos,447000,,1
POL-229045,Ibadan,570000,,1
POL-218745,Ibadan,435000,,1
POL-255765,Abuja,609000,,1
POL-238405,Lagos,681000,,1
POL-221874,Lagos,382000,,1
POL-213213,Port Harcourt,330000,,1
POL-236327,Abuja,331000,,0
POL-257734,Lagos,306000,,1
POL-237725,Port Harcourt,323000,,1
POL-102582,Lagos,486000,CLM-00860,0
POL-253600,Lagos,394000,,1
POL-104004,Port Harcourt,356000,CLM-01334,1
POL-242121,Abuja,458000,,1
POL-224900,Abuja,227000,,1
POL-103080,Port Harcourt,463000,CLM-01026,1
POL-106150,Ibadan,419000,CLM-02050,1
POL-246733,Abuja,301000,,0
POL-217648,Abuja,555000,,1
POL-208421,Port Harcourt,540000,,0
POL-103300,Kano,287000,CLM-01100,1
POL-106274,Lagos,358000,CLM-02091,1
POL-207690,Lagos,237000,,0
POL-249474,Abuja,594000,,1
POL-105362,Lagos,384000,CLM-01787,0
POL-254320,Lagos,364000,,1
POL-242461,Port Harcourt,306000,,1
POL-249371,Lagos,561000,,1
POL-224734,Port Harcourt,313000,,0
POL-253913,Port Harcourt,510000,,1
POL-245830,Port Harcourt,358000,,1
POL-249332,Lagos,744000,,1
POL-204708,Abuja,236000,,1
POL-237443,Abuja,487000,,0
POL-245388,Ibadan,337000,,1
POL-201901,Abuja,461000,,0
POL-223080,Abuja,522000,,0
POL-240196,Lagos,290000,,1
POL-215556,Ibadan,455000,,1
POL-255799,Lagos,324000,,1
POL-247606,Lagos,510000,,1
POL-104977,Kano,248000,CLM-01659,1
POL-224725,Abuja,628000,,1
POL-242462,Lagos,389000,,0
POL-208443,Abuja,302000,,1
POL-258040,Abuja,369000,,1
POL-243069,Lagos,449000,,0
POL-101733,Lagos,372000,CLM-00577,0
POL-209308,Lagos,287000,,1
POL-102004,Ibadan,273000,CLM-00668,1
POL-239877,Kano,186000,,1
POL-200214,Port Harcourt,428000,,1
POL-225349,Abuja,905000,,1
POL-221489,Lagos,327000,,1
POL-206356,Lagos,265000,,0
POL-104090,Abuja,656000,CLM-01363,0
POL-261824,Abuja,458000,,1
POL-224869,Lagos,184000,,0
POL-102360,Lagos,739000,CLM-00786,1
POL-261725,Lagos,284000,,1
POL-227145,Port Harcourt,787000,,1
POL-210373,Abuja,309000,,0
POL-243282,Abuja,415000,,1
POL-102327,Lagos,324000,CLM-00775,0
POL-261929,Kano,619000,,1
POL-104967,Kano,380000,CLM-01655,1
POL-236898,Abuja,821000,,1
POL-219723,Lagos,275000,,1
POL-254454,Port Harcourt,230000,,0
POL-211517,Lagos,682000,,1
POL-101208,Ibadan,406000,CLM-00402,0
POL-258429,Lagos,287000,,0
POL-102209,Port Harcourt,610000,CLM-00736,1
POL-225981,Kano,633000,,1
POL-105133,Port Harcourt,473000,CLM-01711,0
POL-207351,Lagos,303000,,1
POL-216755,Kano,352000,,1
POL-104576,Abuja,641000,CLM-01525,1
POL-101695,Kano,377000,CLM-00565,1
POL-204802,Kano,300000,,1
POL-104752,Lagos,249000,CLM-01584,1
POL-212180,Lagos,421000,,0
POL-104336,Lagos,773000,CLM-01445,0
POL-218252,Ibadan,369000,,1
POL-228606,Ibadan,447000,,1
POL-247738,Ibadan,217000,,1
POL-232161,Lagos,389000,,1
POL-243687,Port Harcourt,547000,,1
POL-207177,Kano,248000,,1
POL-223688,Abuja,453000,,1
POL-260912,Ibadan,195000,,0
POL-103221,Port Harcourt,751000,CLM-01073,1
POL-100220,Lagos,899000,CLM-00073,1
POL-105305,Lagos,509000,CLM-01768,0
POL-256742,Lagos,235000,,1
POL-218867,Lagos,518000,,1
POL-249434,Kano,249000,,1
POL-101485,Lagos,803000,CLM-00495,1
POL-101379,Ibadan,355000,CLM-00459,1
POL-208767,Lagos,375000,,1
POL-239462,Lagos,507000,,1
POL-258077,Ibadan,308000,,1
POL-104101,Port Harcourt,497000,CLM-01367,1
POL-106391,Port Harcourt,202000,CLM-02130,1
POL-234694,Abuja,541000,,1
POL-217940,Abuja,430000,,0
POL-202490,Ibadan,275000,,0
POL-200223,Lagos,327000,,1
POL-242370,Lagos,426000,,1
POL-206458,Abuja,320000,,1
POL-251874,Abuja,733000,,0
POL-207242,Lagos,525000,,1
POL-258724,Port Harcourt,206000,,1
POL-205115,Lagos,776000,,0
POL-208967,Abuja,207000,,1
POL-244285,Ibadan,407000,,0
POL-258132,Ibadan,238000,,1
POL-103163,Lagos,257000,CLM-01054,0
POL-222042,Ibadan,444000,,0
POL-228677,Lagos,178000,,1
POL-241467,Ibadan,498000,,1
POL-100242,Lagos,448000,CLM-00080,1
POL-212479,Kano,245000,,1
POL-254189,Lagos,230000,,1
POL-260277,Ibadan,337000,,1
POL-214979,Abuja,274000,,0
POL-220171,Ibadan,491000,,0
POL-201905,Lagos,427000,,1
POL-256733,Lagos,349000,,1
POL-219986,Lagos,540000,,1
POL-106179,Lagos,216000,CLM-02059,1
POL-103329,Lagos,543000,CLM-01109,1
POL-101216,Ibadan,472000,CLM-00405,0
POL-248463,Lagos,220000,,1
POL-212576,Abuja,327000,,0
POL-237974,Lagos,514000,,1
POL-244895,Lagos,240000,,1
POL-225795,Ibadan,224000,,1
POL-245956,Port Harcourt,256000,,1
POL-221373,Lagos,331000,,1
POL-243552,Kano,330000,,1
POL-259427,Ibadan,238000,,1
POL-243571,Abuja,445000,,0
POL-253155,Ibadan,955000,,1
POL-258438,Kano,601000,,0
POL-201354,Port Harcourt,266000,,1
POL-231316,Kano,238000,,0
POL-103805,Kano,307000,CLM-01268,1
POL-102882,Port Harcourt,648000,CLM-00960,1
POL-225886,Abuja,250000,,0
POL-201486,Kano,436000,,1
POL-219554,Lagos,227000,,0
POL-223391,Ibadan,299000,,1
POL-105351,Port Harcourt,415000,CLM-01783,1
POL-232627,Abuja,435000,,1
POL-239763,Kano,162000,,0
POL-215523,Port Harcourt,351000,,1
POL-238181,Ibadan,675000,,0
POL-103764,Abuja,280000,CLM-01254,1
POL-104043,Lagos,566000,CLM-01347,1
POL-262106,Lagos,444000,,1
POL-245845,Abuja,416000,,1
POL-223484,Lagos,300000,,1
POL-215078,Abuja,184000,,0
POL-215099,Abuja,232000,,1
POL-229602,Port Harcourt,310000,,1
POL-235670,Port Harcourt,373000,,0
POL-261394,Port Harcourt,300000,,1
POL-208667,Abuja,820000,,0
POL-102513,Lagos,387000,CLM-00837,0
POL-216029,Abuja,175000,,0
POL-215354,Port Harcourt,232000,,1
POL-259331,Lagos,259000,,1
POL-207913,Ibadan,335000,,0
POL-259860,Lagos,248000,,1
POL-201480,Lagos,302000,,0
POL-225942,Lagos,553000,,1
POL-210171,Ibadan,377000,,1
POL-102749,Lagos,392000,CLM-00916,0
POL-251668,Port Harcourt,451000,,1
POL-103755,Abuja,443000,CLM-01251,1
POL-252634,Lagos,518000,,1
POL-102153,Abuja,743000,CLM-00717,1
POL-242232,Abuja,411000,,1
POL-227987,Abuja,398000,,0
POL-231508,Ibadan,533000,,1
POL-226412,Port Harcourt,366000,,1
POL-204293,Lagos,167000,,1
POL-255598,Lagos,383000,,0
POL-227088,Port Harcourt,364000,,1
POL-258737,Abuja,363000,,1
POL-250168,Port Harcourt,447000,,1
POL-217429,Lagos,395000,,1
POL-248813,Ibadan,349000,,1
POL-102435,Lagos,402000,CLM-00811,1
POL-238113,Lagos,891000,,1
POL-240883,Abuja,477000,,0
POL-106248,Abuja,261000,CLM-02082,1
POL-243141,Lagos,342000,,1
POL-103313,Abuja,406000,CLM-01104,1
POL-234886,Abuja,479000,,1
POL-213904,Lagos,400000,,1
POL-245319,Kano,223000,,1
POL-219156,Ibadan,334000,,1
POL-103326,Port Harcourt,280000,CLM-01108,1
POL-247673,Port Harcourt,447000,,0
POL-213558,Abuja,230000,,1
POL-258386,Port Harcourt,425000,,1
POL-105982,Lagos,297000,CLM-01994,1
POL-258223,Lagos,404000,,1
POL-219000,Lagos,259000,,0
POL-102084,Abuja,483000,CLM-00694,0
POL-260245,Abuja,323000,,1
POL-238715,Lagos,788000,,0
POL-243804,Port Harcourt,372000,,1
POL-208575,Lagos,273000,,1
POL-243543,Kano,313000,,1
POL-211571,Ibadan,377000,,1
POL-104764,Kano,349000,CLM-01588,1
POL-260160,Ibadan,469000,,1
POL-222362,Lagos,251000,,0
POL-240336,Lagos,274000,,0
POL-227859,Lagos,224000,,1
POL-106683,Ibadan,278000,CLM-02227,1
POL-201804,Lagos,254000,,1
POL-244262,Kano,469000,,1
POL-240454,Lagos,261000,,1
POL-231660,Kano,508000,,1
POL-252934,Lagos,265000,,1
POL-104749,Abuja,237000,CLM-01583,1
POL-260670,Lagos,418000,,1
POL-205750,Port Harcourt,378000,,1
POL-228450,Port Harcourt,274000,,0
POL-203847,Lagos,159000,,1
POL-253198,Kano,236000,,1
POL-211481,Port Harcourt,767000,,1
POL-260017,Lagos,350000,,1
POL-101455,Lagos,309000,CLM-00485,1
POL-105848,Lagos,375000,CLM-01949,1
POL-235717,Port Harcourt,415000,,1
POL-214645,Port Harcourt,501000,,1
POL-227454,Lagos,509000,,1
POL-248592,Lagos,591000,,1
POL-100253,Lagos,476000,CLM-00084,0
POL-105451,Lagos,642000,CLM-01817,0
POL-262939,Lagos,428000,,1
POL-106382,Lagos,244000,CLM-02127,1
POL-222772,Ibadan,241000,,1
POL-242714,Kano,391000,,1
POL-248406,Abuja,786000,,1
POL-231759,Kano,741000,,0
POL-204036,Lagos,415000,,1
POL-224461,Lagos,341000,,0
POL-211882,Lagos,248000,,1
POL-106005,Port Harcourt,568000,CLM-02001,1
POL-208993,Ibadan,238000,,1
POL-260488,Abuja,357000,,1
POL-202624,Lagos,340000,,1
POL-233426,Lagos,577000,,1
POL-104531,Port Harcourt,483000,CLM-01510,0
POL-229377,Port Harcourt,284000,,1
POL-239359,Lagos,303000,,1
POL-220756,Kano,286000,,0
POL-261359,Lagos,217000,,1
POL-218858,Lagos,208000,,1
POL-231666,Abuja,595000,,0
POL-246253,Abuja,359000,,0
POL-200926,Lagos,188000,,1
POL-260894,Abuja,327000,,1
POL-212236,Kano,409000,,1
POL-105575,Ibadan,256000,CLM-01858,0
POL-250241,Lagos,312000,,1
POL-235769,Abuja,377000,,0
POL-209317,Lagos,249000,,1
POL-220836,Lagos,1086000,,1
POL-229828,Lagos,470000,,1
POL-101034,Port Harcourt,248000,CLM-00344,0
POL-229861,Lagos,185000,,1
POL-262177,Lagos,452000,,0
POL-103511,Port Harcourt,465000,CLM-01170,0
POL-210123,Ibadan,204000,,1
POL-105714,Port Harcourt,694000,CLM-01904,1
POL-103235,Abuja,751000,CLM-01078,1
POL-250543,Kano,1537000,,1
POL-234089,Lagos,543000,,1
POL-214797,Lagos,237000,,1
POL-231579,Lagos,442000,,1
POL-207151,Kano,368000,,1
POL-235277,Port Harcourt,580000,,1
POL-260693,Abuja,265000,,0
POL-253262,Kano,325000,,1
POL-209808,Abuja,425000,,0
POL-249735,Kano,347000,,0
POL-253683,Lagos,276000,,1
POL-100502,Port Harcourt,373000,CLM-00167,1
POL-227744,Kano,513000,,1
POL-210483,Ibadan,409000,,1
POL-235128,Port Harcourt,458000,,1
POL-101777,Lagos,224000,CLM-00592,1
POL-217522,Lagos,742000,,1
POL-259264,Lagos,321000,,0
POL-256063,Ibadan,151000,,1
POL-229802,Lagos,421000,,1
POL-261985,Kano,274000,,1
POL-106577,Port Harcourt,1065000,CLM-02192,1
POL-227082,Kano,407000,,1
POL-225720,Ibadan,633000,,0
POL-253923,Lagos,261000,,1
POL-212178,Lagos,147000,,1
POL-228380,Abuja,222000,,1
POL-103677,Kano,240000,CLM-01225,1
POL-223546,Lagos,444000,,1
POL-250286,Abuja,399000,,1
POL-202112,Port Harcourt,337000,,1
POL-234750,Ibadan,589000,,1
POL-103959,Abuja,851000,CLM-01319,1
POL-200863,Kano,260000,,0
POL-103230,Abuja,289000,CLM-01076,0
POL-204945,Abuja,329000,,1
POL-256639,Port Harcourt,510000,,1
POL-245232,Ibadan,210000,,1
POL-251280,Ibadan,459000,,1
POL-249300,Kano,192000,,1
POL-258208,Abuja,207000,,1
POL-103081,Lagos,392000,CLM-01027,1
POL-106454,Lagos,373000,CLM-02151,0
POL-106620,Abuja,822000,CLM-02206,0
POL-231847,Lagos,227000,,1
POL-102668,Lagos,198000,CLM-00889,0
POL-256974,Lagos,366000,,1
POL-235350,Port Harcourt,473000,,0
POL-251142,Lagos,322000,,1
POL-258479,Lagos,612000,,1
POL-258162,Lagos,605000,,1
POL-244496,Kano,153000,,1
POL-257461,Port Harcourt,440000,,1
POL-103238,Abuja,247000,CLM-01079,1
POL-226799,Abuja,208000,,1
POL-208623,Port Harcourt,399000,,1
POL-223577,Lagos,509000,,1
POL-247228,Port Harcourt,299000,,1
POL-208364,Lagos,344000,,0
POL-104982,Port Harcourt,366000,CLM-01660,0
POL-102000,Port Harcourt,712000,CLM-00666,1
POL-234672,Abuja,328000,,0
POL-239816,Abuja,167000,,1
POL-241919,Abuja,315000,,1
POL-215997,Port Harcourt,357000,,1
POL-229207,Ibadan,258000,,0
POL-212079,Port Harcourt,154000,,0
POL-205068,Lagos,264000,,1
POL-231821,Lagos,445000,,1
POL-228472,Lagos,312000,,1
POL-103719,Abuja,461000,CLM-01239,1
POL-227116,Ibadan,208000,,0
POL-206700,Ibadan,263000,,1
POL-221807,Ibadan,372000,,1
POL-105238,Lagos,384000,CLM-01746,0
POL-100711,Ibadan,386000,CLM-00237,1
POL-104408,Lagos,421000,CLM-01469,0
POL-103674,Lagos,671000,CLM-01224,0
POL-209947,Abuja,664000,,1
POL-101518,Port Harcourt,791000,CLM-00506,0
POL-237501,Lagos,473000,,1
POL-252200,Lagos,433000,,1
POL-259291,Port Harcourt,416000,,1
POL-106506,Port Harcourt,544000,CLM-02168,1
POL-103036,Lagos,960000,CLM-01012,1
POL-202144,Ibadan,528000,,0
POL-215620,Port Harcourt,134000,,1
POL-232532,Ibadan,404000,,1
POL-257958,Abuja,293000,,1
POL-215502,Ibadan,334000,,1
POL-217509,Port Harcourt,345000,,1
POL-233436,Lagos,338000,,1
POL-216047,Lagos,476000,,1
POL-225061,Abuja,346000,,1
POL-215232,Port Harcourt,694000,,1
POL-228983,Port Harcourt,344000,,1
POL-102892,Port Harcourt,304000,CLM-00964,1
POL-254527,Ibadan,483000,,1
POL-105166,Abuja,787000,CLM-01722,1
POL-102956,Kano,324000,CLM-00985,1
POL-205663,Lagos,375000,,1
POL-235775,Lagos,613000,,1
POL-246852,Port Harcourt,354000,,1
POL-211587,Port Harcourt,776000,,0
POL-213514,Kano,287000,,1
POL-100532,Ibadan,323000,CLM-00177,1
POL-102771,Abuja,811000,CLM-00923,0
POL-105903,Port Harcourt,271000,CLM-01967,0
POL-257902,Ibadan,359000,,1
POL-260584,Kano,348000,,1
POL-247154,Lagos,362000,,1
POL-102354,Ibadan,298000,CLM-00784,1
POL-101729,Ibadan,498000,CLM-00576,1
POL-203127,Port Harcourt,568000,,1
POL-218432,Lagos,347000,,1
POL-102998,Ibadan,831000,CLM-00999,1
POL-252113,Ibadan,335000,,1
POL-260143,Ibadan,155000,,1
POL-256860,Ibadan,332000,,1
POL-211570,Port Harcourt,200000,,1
