date,product,category,units,on_promotion,price_ngn
2022-07-01,Bar soap (48),Personal care,73,0,14400
2022-07-01,Bottled water 75cl (12),Beverages,232,0,3600
2022-07-01,Detergent 900g (12),Household,63,0,21500
2022-07-01,Malt drink 330ml (24),Beverages,151,0,13200
2022-07-01,Orange juice 1L (12),Beverages,59,0,18600
2022-07-01,Plantain chips 150g (20),Snacks,86,0,9200
2022-07-02,Bar soap (48),Personal care,81,0,14400
2022-07-02,Bottled water 75cl (12),Beverages,261,0,3600
2022-07-02,Detergent 900g (12),Household,62,0,21500
2022-07-02,Malt drink 330ml (24),Beverages,171,0,13200
2022-07-02,Orange juice 1L (12),Beverages,89,0,18600
2022-07-02,Plantain chips 150g (20),Snacks,84,0,9200
2022-07-03,Bar soap (48),Personal care,27,0,14400
2022-07-03,Bottled water 75cl (12),Beverages,93,0,3600
2022-07-03,Detergent 900g (12),Household,24,0,21500
2022-07-03,Malt drink 330ml (24),Beverages,59,0,13200
2022-07-03,Orange juice 1L (12),Beverages,29,0,18600
2022-07-03,Plantain chips 150g (20),Snacks,34,0,9200
2022-07-04,Bar soap (48),Personal care,61,0,14400
2022-07-04,Bottled water 75cl (12),Beverages,257,0,3600
2022-07-04,Detergent 900g (12),Household,53,0,21500
2022-07-04,Malt drink 330ml (24),Beverages,282,1,11900
2022-07-04,Orange juice 1L (12),Beverages,121,1,16750
2022-07-04,Plantain chips 150g (20),Snacks,98,0,9200
2022-07-05,Bar soap (48),Personal care,54,0,14400
2022-07-05,Bottled water 75cl (12),Beverages,237,0,3600
2022-07-05,Detergent 900g (12),Household,54,0,21500
2022-07-05,Malt drink 330ml (24),Beverages,204,1,11900
2022-07-05,Orange juice 1L (12),Beverages,78,1,16750
2022-07-05,Plantain chips 150g (20),Snacks,65,0,9200
2022-07-06,Bar soap (48),Personal care,60,0,14400
2022-07-06,Bottled water 75cl (12),Beverages,322,0,3600
2022-07-06,Detergent 900g (12),Household,61,0,21500
2022-07-06,Malt drink 330ml (24),Beverages,253,1,11900
2022-07-06,Orange juice 1L (12),Beverages,115,1,16750
2022-07-06,Plantain chips 150g (20),Snacks,80,0,9200
2022-07-07,Bar soap (48),Personal care,61,0,14400
2022-07-07,Bottled water 75cl (12),Beverages,249,0,3600
2022-07-07,Detergent 900g (12),Household,51,0,21500
2022-07-07,Malt drink 330ml (24),Beverages,282,1,11900
2022-07-07,Orange juice 1L (12),Beverages,132,1,16750
2022-07-07,Plantain chips 150g (20),Snacks,73,0,9200
2022-07-08,Bar soap (48),Personal care,66,0,14400
2022-07-08,Bottled water 75cl (12),Beverages,270,0,3600
2022-07-08,Detergent 900g (12),Household,55,0,21500
2022-07-08,Malt drink 330ml (24),Beverages,358,1,11900
2022-07-08,Orange juice 1L (12),Beverages,101,1,16750
2022-07-08,Plantain chips 150g (20),Snacks,98,0,9200
2022-07-09,Bar soap (48),Personal care,0,0,14400
2022-07-09,Bottled water 75cl (12),Beverages,0,1,3250
2022-07-09,Detergent 900g (12),Household,0,0,21500
2022-07-09,Malt drink 330ml (24),Beverages,0,1,11900
2022-07-09,Orange juice 1L (12),Beverages,0,1,16750
2022-07-09,Plantain chips 150g (20),Snacks,0,0,9200
2022-07-10,Bar soap (48),Personal care,34,0,14400
2022-07-10,Bottled water 75cl (12),Beverages,167,1,3250
2022-07-10,Detergent 900g (12),Household,28,0,21500
2022-07-10,Malt drink 330ml (24),Beverages,87,1,11900
2022-07-10,Orange juice 1L (12),Beverages,48,1,16750
2022-07-10,Plantain chips 150g (20),Snacks,34,0,9200
2022-07-11,Bar soap (48),Personal care,61,0,14400
2022-07-11,Bottled water 75cl (12),Beverages,275,1,3250
2022-07-11,Detergent 900g (12),Household,72,1,19350
2022-07-11,Malt drink 330ml (24),Beverages,100,0,13200
2022-07-11,Orange juice 1L (12),Beverages,56,0,18600
2022-07-11,Plantain chips 150g (20),Snacks,62,0,9200
2022-07-12,Bar soap (48),Personal care,56,0,14400
2022-07-12,Bottled water 75cl (12),Beverages,246,1,3250
2022-07-12,Detergent 900g (12),Household,70,1,19350
2022-07-12,Malt drink 330ml (24),Beverages,106,0,13200
2022-07-12,Orange juice 1L (12),Beverages,53,0,18600
2022-07-12,Plantain chips 150g (20),Snacks,65,0,9200
2022-07-13,Bar soap (48),Personal care,67,0,14400
2022-07-13,Bottled water 75cl (12),Beverages,236,1,3250
2022-07-13,Detergent 900g (12),Household,62,1,19350
2022-07-13,Malt drink 330ml (24),Beverages,99,0,13200
2022-07-13,Orange juice 1L (12),Beverages,51,0,18600
2022-07-13,Plantain chips 150g (20),Snacks,76,0,9200
2022-07-14,Bar soap (48),Personal care,69,0,14400
2022-07-14,Bottled water 75cl (12),Beverages,276,1,3250
2022-07-14,Detergent 900g (12),Household,73,1,19350
2022-07-14,Malt drink 330ml (24),Beverages,110,0,13200
2022-07-14,Orange juice 1L (12),Beverages,52,0,18600
2022-07-14,Plantain chips 150g (20),Snacks,66,0,9200
2022-07-15,Bar soap (48),Personal care,58,0,14400
2022-07-15,Bottled water 75cl (12),Beverages,341,1,3250
2022-07-15,Detergent 900g (12),Household,69,1,19350
2022-07-15,Malt drink 330ml (24),Beverages,129,0,13200
2022-07-15,Orange juice 1L (12),Beverages,57,0,18600
2022-07-15,Plantain chips 150g (20),Snacks,80,0,9200
2022-07-16,Bar soap (48),Personal care,72,0,14400
2022-07-16,Bottled water 75cl (12),Beverages,200,0,3600
2022-07-16,Detergent 900g (12),Household,91,1,19350
2022-07-16,Malt drink 330ml (24),Beverages,134,0,13200
2022-07-16,Orange juice 1L (12),Beverages,52,0,18600
2022-07-16,Plantain chips 150g (20),Snacks,95,0,9200
2022-07-17,Bar soap (48),Personal care,32,0,14400
2022-07-17,Bottled water 75cl (12),Beverages,83,0,3600
2022-07-17,Detergent 900g (12),Household,38,1,19350
2022-07-17,Malt drink 330ml (24),Beverages,56,0,13200
2022-07-17,Orange juice 1L (12),Beverages,29,0,18600
2022-07-17,Plantain chips 150g (20),Snacks,34,0,9200
2022-07-18,Bar soap (48),Personal care,69,0,14400
2022-07-18,Bottled water 75cl (12),Beverages,151,0,3600
2022-07-18,Detergent 900g (12),Household,44,0,21500
2022-07-18,Malt drink 330ml (24),Beverages,96,0,13200
2022-07-18,Orange juice 1L (12),Beverages,63,0,18600
2022-07-18,Plantain chips 150g (20),Snacks,63,0,9200
2022-07-19,Bar soap (48),Personal care,46,0,14400
2022-07-19,Bottled water 75cl (12),Beverages,154,0,3600
2022-07-19,Detergent 900g (12),Household,46,0,21500
2022-07-19,Malt drink 330ml (24),Beverages,102,0,13200
2022-07-19,Orange juice 1L (12),Beverages,47,0,18600
2022-07-19,Plantain chips 150g (20),Snacks,74,0,9200
2022-07-20,Bar soap (48),Personal care,65,0,14400
2022-07-20,Bottled water 75cl (12),Beverages,169,0,3600
2022-07-20,Detergent 900g (12),Household,50,0,21500
2022-07-20,Malt drink 330ml (24),Beverages,108,0,13200
2022-07-20,Orange juice 1L (12),Beverages,41,0,18600
2022-07-20,Plantain chips 150g (20),Snacks,76,0,9200
2022-07-21,Bar soap (48),Personal care,60,0,14400
2022-07-21,Bottled water 75cl (12),Beverages,151,0,3600
2022-07-21,Detergent 900g (12),Household,51,0,21500
2022-07-21,Malt drink 330ml (24),Beverages,101,0,13200
2022-07-21,Orange juice 1L (12),Beverages,56,0,18600
2022-07-21,Plantain chips 150g (20),Snacks,86,0,9200
2022-07-22,Bar soap (48),Personal care,65,0,14400
2022-07-22,Bottled water 75cl (12),Beverages,160,0,3600
2022-07-22,Detergent 900g (12),Household,45,0,21500
2022-07-22,Malt drink 330ml (24),Beverages,119,0,13200
2022-07-22,Orange juice 1L (12),Beverages,51,0,18600
2022-07-22,Plantain chips 150g (20),Snacks,78,0,9200
2022-07-23,Bar soap (48),Personal care,64,0,14400
2022-07-23,Bottled water 75cl (12),Beverages,251,0,3600
2022-07-23,Detergent 900g (12),Household,47,0,21500
2022-07-23,Malt drink 330ml (24),Beverages,133,0,13200
2022-07-23,Orange juice 1L (12),Beverages,71,0,18600
2022-07-23,Plantain chips 150g (20),Snacks,79,0,9200
2022-07-24,Bar soap (48),Personal care,35,0,14400
2022-07-24,Bottled water 75cl (12),Beverages,89,0,3600
2022-07-24,Detergent 900g (12),Household,24,0,21500
2022-07-24,Malt drink 330ml (24),Beverages,57,0,13200
2022-07-24,Orange juice 1L (12),Beverages,27,0,18600
2022-07-24,Plantain chips 150g (20),Snacks,47,0,9200
2022-07-25,Bar soap (48),Personal care,48,0,14400
2022-07-25,Bottled water 75cl (12),Beverages,185,0,3600
2022-07-25,Detergent 900g (12),Household,39,0,21500
2022-07-25,Malt drink 330ml (24),Beverages,128,0,13200
2022-07-25,Orange juice 1L (12),Beverages,57,0,18600
2022-07-25,Plantain chips 150g (20),Snacks,66,0,9200
2022-07-26,Bar soap (48),Personal care,64,0,14400
2022-07-26,Bottled water 75cl (12),Beverages,162,0,3600
2022-07-26,Detergent 900g (12),Household,43,0,21500
2022-07-26,Malt drink 330ml (24),Beverages,123,0,13200
2022-07-26,Orange juice 1L (12),Beverages,44,0,18600
2022-07-26,Plantain chips 150g (20),Snacks,67,0,9200
2022-07-27,Bar soap (48),Personal care,59,0,14400
2022-07-27,Bottled water 75cl (12),Beverages,159,0,3600
2022-07-27,Detergent 900g (12),Household,42,0,21500
2022-07-27,Malt drink 330ml (24),Beverages,106,0,13200
2022-07-27,Orange juice 1L (12),Beverages,50,0,18600
2022-07-27,Plantain chips 150g (20),Snacks,72,0,9200
2022-07-28,Bar soap (48),Personal care,72,0,14400
2022-07-28,Bottled water 75cl (12),Beverages,182,0,3600
2022-07-28,Detergent 900g (12),Household,44,0,21500
2022-07-28,Malt drink 330ml (24),Beverages,121,0,13200
2022-07-28,Orange juice 1L (12),Beverages,63,0,18600
2022-07-28,Plantain chips 150g (20),Snacks,64,0,9200
2022-07-29,Bar soap (48),Personal care,89,0,14400
2022-07-29,Bottled water 75cl (12),Beverages,237,0,3600
2022-07-29,Detergent 900g (12),Household,52,0,21500
2022-07-29,Malt drink 330ml (24),Beverages,131,0,13200
2022-07-29,Orange juice 1L (12),Beverages,65,0,18600
2022-07-29,Plantain chips 150g (20),Snacks,86,0,9200
2022-07-30,Bar soap (48),Personal care,85,0,14400
2022-07-30,Bottled water 75cl (12),Beverages,254,0,3600
2022-07-30,Detergent 900g (12),Household,67,0,21500
2022-07-30,Malt drink 330ml (24),Beverages,149,0,13200
2022-07-30,Orange juice 1L (12),Beverages,110,1,16750
2022-07-30,Plantain chips 150g (20),Snacks,109,0,9200
2022-07-31,Bar soap (48),Personal care,36,0,14400
2022-07-31,Bottled water 75cl (12),Beverages,116,0,3600
2022-07-31,Detergent 900g (12),Household,32,0,21500
2022-07-31,Malt drink 330ml (24),Beverages,58,0,13200
2022-07-31,Orange juice 1L (12),Beverages,48,1,16750
2022-07-31,Plantain chips 150g (20),Snacks,41,0,9200
2022-08-01,Bar soap (48),Personal care,61,0,14400
2022-08-01,Bottled water 75cl (12),Beverages,201,0,3600
2022-08-01,Detergent 900g (12),Household,54,0,21500
2022-08-01,Malt drink 330ml (24),Beverages,108,0,13200
2022-08-01,Orange juice 1L (12),Beverages,77,1,16750
2022-08-01,Plantain chips 150g (20),Snacks,82,0,9200
2022-08-02,Bar soap (48),Personal care,77,0,14400
2022-08-02,Bottled water 75cl (12),Beverages,186,0,3600
2022-08-02,Detergent 900g (12),Household,50,0,21500
2022-08-02,Malt drink 330ml (24),Beverages,124,0,13200
2022-08-02,Orange juice 1L (12),Beverages,94,1,16750
2022-08-02,Plantain chips 150g (20),Snacks,59,0,9200
2022-08-03,Bar soap (48),Personal care,68,0,14400
2022-08-03,Bottled water 75cl (12),Beverages,148,0,3600
2022-08-03,Detergent 900g (12),Household,46,0,21500
2022-08-03,Malt drink 330ml (24),Beverages,109,0,13200
2022-08-03,Orange juice 1L (12),Beverages,78,1,16750
2022-08-03,Plantain chips 150g (20),Snacks,80,0,9200
2022-08-04,Bar soap (48),Personal care,67,0,14400
2022-08-04,Bottled water 75cl (12),Beverages,186,0,3600
2022-08-04,Detergent 900g (12),Household,65,0,21500
2022-08-04,Malt drink 330ml (24),Beverages,127,0,13200
2022-08-04,Orange juice 1L (12),Beverages,86,1,16750
2022-08-04,Plantain chips 150g (20),Snacks,91,0,9200
2022-08-05,Bar soap (48),Personal care,68,0,14400
2022-08-05,Bottled water 75cl (12),Beverages,195,0,3600
2022-08-05,Detergent 900g (12),Household,51,0,21500
2022-08-05,Malt drink 330ml (24),Beverages,133,0,13200
2022-08-05,Orange juice 1L (12),Beverages,89,1,16750
2022-08-05,Plantain chips 150g (20),Snacks,77,0,9200
2022-08-06,Bar soap (48),Personal care,68,0,14400
2022-08-06,Bottled water 75cl (12),Beverages,247,0,3600
2022-08-06,Detergent 900g (12),Household,63,0,21500
2022-08-06,Malt drink 330ml (24),Beverages,142,0,13200
2022-08-06,Orange juice 1L (12),Beverages,60,0,18600
2022-08-06,Plantain chips 150g (20),Snacks,105,0,9200
2022-08-07,Bar soap (48),Personal care,35,0,14400
2022-08-07,Bottled water 75cl (12),Beverages,99,0,3600
2022-08-07,Detergent 900g (12),Household,21,0,21500
2022-08-07,Malt drink 330ml (24),Beverages,57,0,13200
2022-08-07,Orange juice 1L (12),Beverages,24,0,18600
2022-08-07,Plantain chips 150g (20),Snacks,40,0,9200
2022-08-08,Bar soap (48),Personal care,63,0,14400
2022-08-08,Bottled water 75cl (12),Beverages,212,0,3600
2022-08-08,Detergent 900g (12),Household,42,0,21500
2022-08-08,Malt drink 330ml (24),Beverages,95,0,13200
2022-08-08,Orange juice 1L (12),Beverages,52,0,18600
2022-08-08,Plantain chips 150g (20),Snacks,79,0,9200
2022-08-09,Bar soap (48),Personal care,58,0,14400
2022-08-09,Bottled water 75cl (12),Beverages,167,0,3600
2022-08-09,Detergent 900g (12),Household,46,0,21500
2022-08-09,Malt drink 330ml (24),Beverages,102,0,13200
2022-08-09,Orange juice 1L (12),Beverages,42,0,18600
2022-08-09,Plantain chips 150g (20),Snacks,86,0,9200
2022-08-10,Bar soap (48),Personal care,64,0,14400
2022-08-10,Bottled water 75cl (12),Beverages,168,0,3600
2022-08-10,Detergent 900g (12),Household,45,0,21500
2022-08-10,Malt drink 330ml (24),Beverages,113,0,13200
2022-08-10,Orange juice 1L (12),Beverages,53,0,18600
2022-08-10,Plantain chips 150g (20),Snacks,64,0,9200
2022-08-11,Bar soap (48),Personal care,46,0,14400
2022-08-11,Bottled water 75cl (12),Beverages,176,0,3600
2022-08-11,Detergent 900g (12),Household,54,0,21500
2022-08-11,Malt drink 330ml (24),Beverages,104,0,13200
2022-08-11,Orange juice 1L (12),Beverages,49,0,18600
2022-08-11,Plantain chips 150g (20),Snacks,109,1,8300
2022-08-12,Bar soap (48),Personal care,61,0,14400
2022-08-12,Bottled water 75cl (12),Beverages,189,0,3600
2022-08-12,Detergent 900g (12),Household,54,0,21500
2022-08-12,Malt drink 330ml (24),Beverages,126,0,13200
2022-08-12,Orange juice 1L (12),Beverages,53,0,18600
2022-08-12,Plantain chips 150g (20),Snacks,113,1,8300
2022-08-13,Bar soap (48),Personal care,66,0,14400
2022-08-13,Bottled water 75cl (12),Beverages,225,0,3600
2022-08-13,Detergent 900g (12),Household,55,0,21500
2022-08-13,Malt drink 330ml (24),Beverages,188,0,13200
2022-08-13,Orange juice 1L (12),Beverages,81,0,18600
2022-08-13,Plantain chips 150g (20),Snacks,139,1,8300
2022-08-14,Bar soap (48),Personal care,43,0,14400
2022-08-14,Bottled water 75cl (12),Beverages,94,0,3600
2022-08-14,Detergent 900g (12),Household,27,0,21500
2022-08-14,Malt drink 330ml (24),Beverages,52,0,13200
2022-08-14,Orange juice 1L (12),Beverages,32,0,18600
2022-08-14,Plantain chips 150g (20),Snacks,60,1,8300
2022-08-15,Bar soap (48),Personal care,58,0,14400
2022-08-15,Bottled water 75cl (12),Beverages,187,0,3600
2022-08-15,Detergent 900g (12),Household,46,0,21500
2022-08-15,Malt drink 330ml (24),Beverages,107,0,13200
2022-08-15,Orange juice 1L (12),Beverages,43,0,18600
2022-08-15,Plantain chips 150g (20),Snacks,97,1,8300
2022-08-16,Bar soap (48),Personal care,72,0,14400
2022-08-16,Bottled water 75cl (12),Beverages,196,0,3600
2022-08-16,Detergent 900g (12),Household,51,0,21500
2022-08-16,Malt drink 330ml (24),Beverages,127,0,13200
2022-08-16,Orange juice 1L (12),Beverages,61,0,18600
2022-08-16,Plantain chips 150g (20),Snacks,114,1,8300
2022-08-17,Bar soap (48),Personal care,57,0,14400
2022-08-17,Bottled water 75cl (12),Beverages,189,0,3600
2022-08-17,Detergent 900g (12),Household,55,0,21500
2022-08-17,Malt drink 330ml (24),Beverages,102,0,13200
2022-08-17,Orange juice 1L (12),Beverages,47,0,18600
2022-08-17,Plantain chips 150g (20),Snacks,105,1,8300
2022-08-18,Bar soap (48),Personal care,57,0,14400
2022-08-18,Bottled water 75cl (12),Beverages,206,0,3600
2022-08-18,Detergent 900g (12),Household,37,0,21500
2022-08-18,Malt drink 330ml (24),Beverages,115,0,13200
2022-08-18,Orange juice 1L (12),Beverages,56,0,18600
2022-08-18,Plantain chips 150g (20),Snacks,66,0,9200
2022-08-19,Bar soap (48),Personal care,61,0,14400
2022-08-19,Bottled water 75cl (12),Beverages,181,0,3600
2022-08-19,Detergent 900g (12),Household,56,0,21500
2022-08-19,Malt drink 330ml (24),Beverages,120,0,13200
2022-08-19,Orange juice 1L (12),Beverages,47,0,18600
2022-08-19,Plantain chips 150g (20),Snacks,68,0,9200
2022-08-20,Bar soap (48),Personal care,76,0,14400
2022-08-20,Bottled water 75cl (12),Beverages,226,0,3600
2022-08-20,Detergent 900g (12),Household,64,0,21500
2022-08-20,Malt drink 330ml (24),Beverages,171,0,13200
2022-08-20,Orange juice 1L (12),Beverages,68,0,18600
2022-08-20,Plantain chips 150g (20),Snacks,82,0,9200
2022-08-21,Bar soap (48),Personal care,26,0,14400
2022-08-21,Bottled water 75cl (12),Beverages,94,0,3600
2022-08-21,Detergent 900g (12),Household,35,1,19350
2022-08-21,Malt drink 330ml (24),Beverages,65,0,13200
2022-08-21,Orange juice 1L (12),Beverages,28,0,18600
2022-08-21,Plantain chips 150g (20),Snacks,35,0,9200
2022-08-22,Bar soap (48),Personal care,86,0,14400
2022-08-22,Bottled water 75cl (12),Beverages,204,0,3600
2022-08-22,Detergent 900g (12),Household,69,1,19350
2022-08-22,Malt drink 330ml (24),Beverages,117,0,13200
2022-08-22,Orange juice 1L (12),Beverages,57,0,18600
2022-08-22,Plantain chips 150g (20),Snacks,63,0,9200
2022-08-23,Bar soap (48),Personal care,58,0,14400
2022-08-23,Bottled water 75cl (12),Beverages,164,0,3600
2022-08-23,Detergent 900g (12),Household,71,1,19350
2022-08-23,Malt drink 330ml (24),Beverages,95,0,13200
2022-08-23,Orange juice 1L (12),Beverages,52,0,18600
2022-08-23,Plantain chips 150g (20),Snacks,59,0,9200
2022-08-24,Bar soap (48),Personal care,54,0,14400
2022-08-24,Bottled water 75cl (12),Beverages,177,0,3600
2022-08-24,Detergent 900g (12),Household,76,1,19350
2022-08-24,Malt drink 330ml (24),Beverages,102,0,13200
2022-08-24,Orange juice 1L (12),Beverages,55,0,18600
2022-08-24,Plantain chips 150g (20),Snacks,62,0,9200
2022-08-25,Bar soap (48),Personal care,68,0,14400
2022-08-25,Bottled water 75cl (12),Beverages,183,0,3600
2022-08-25,Detergent 900g (12),Household,74,1,19350
2022-08-25,Malt drink 330ml (24),Beverages,139,0,13200
2022-08-25,Orange juice 1L (12),Beverages,56,0,18600
2022-08-25,Plantain chips 150g (20),Snacks,65,0,9200
2022-08-26,Bar soap (48),Personal care,59,0,14400
2022-08-26,Bottled water 75cl (12),Beverages,216,0,3600
2022-08-26,Detergent 900g (12),Household,70,1,19350
2022-08-26,Malt drink 330ml (24),Beverages,135,0,13200
2022-08-26,Orange juice 1L (12),Beverages,55,0,18600
2022-08-26,Plantain chips 150g (20),Snacks,77,0,9200
2022-08-27,Bar soap (48),Personal care,84,0,14400
2022-08-27,Bottled water 75cl (12),Beverages,211,0,3600
2022-08-27,Detergent 900g (12),Household,81,1,19350
2022-08-27,Malt drink 330ml (24),Beverages,167,0,13200
2022-08-27,Orange juice 1L (12),Beverages,74,0,18600
2022-08-27,Plantain chips 150g (20),Snacks,78,0,9200
2022-08-28,Bar soap (48),Personal care,37,0,14400
2022-08-28,Bottled water 75cl (12),Beverages,107,0,3600
2022-08-28,Detergent 900g (12),Household,27,0,21500
2022-08-28,Malt drink 330ml (24),Beverages,71,0,13200
2022-08-28,Orange juice 1L (12),Beverages,27,0,18600
2022-08-28,Plantain chips 150g (20),Snacks,39,0,9200
2022-08-29,Bar soap (48),Personal care,93,1,12950
2022-08-29,Bottled water 75cl (12),Beverages,226,0,3600
2022-08-29,Detergent 900g (12),Household,52,0,21500
2022-08-29,Malt drink 330ml (24),Beverages,123,0,13200
2022-08-29,Orange juice 1L (12),Beverages,67,0,18600
2022-08-29,Plantain chips 150g (20),Snacks,85,0,9200
2022-08-30,Bar soap (48),Personal care,73,1,12950
2022-08-30,Bottled water 75cl (12),Beverages,178,0,3600
2022-08-30,Detergent 900g (12),Household,47,0,21500
2022-08-30,Malt drink 330ml (24),Beverages,115,0,13200
2022-08-30,Orange juice 1L (12),Beverages,63,0,18600
2022-08-30,Plantain chips 150g (20),Snacks,82,0,9200
2022-08-31,Bar soap (48),Personal care,98,1,12950
2022-08-31,Bottled water 75cl (12),Beverages,204,0,3600
2022-08-31,Detergent 900g (12),Household,44,0,21500
2022-08-31,Malt drink 330ml (24),Beverages,139,0,13200
2022-08-31,Orange juice 1L (12),Beverages,63,0,18600
2022-08-31,Plantain chips 150g (20),Snacks,88,0,9200
2022-09-01,Bar soap (48),Personal care,105,1,12950
2022-09-01,Bottled water 75cl (12),Beverages,189,0,3600
2022-09-01,Detergent 900g (12),Household,42,0,21500
2022-09-01,Malt drink 330ml (24),Beverages,157,0,13200
2022-09-01,Orange juice 1L (12),Beverages,54,0,18600
2022-09-01,Plantain chips 150g (20),Snacks,97,0,9200
2022-09-02,Bar soap (48),Personal care,96,1,12950
2022-09-02,Bottled water 75cl (12),Beverages,234,0,3600
2022-09-02,Detergent 900g (12),Household,51,0,21500
2022-09-02,Malt drink 330ml (24),Beverages,160,0,13200
2022-09-02,Orange juice 1L (12),Beverages,82,0,18600
2022-09-02,Plantain chips 150g (20),Snacks,91,0,9200
2022-09-03,Bar soap (48),Personal care,106,1,12950
2022-09-03,Bottled water 75cl (12),Beverages,242,0,3600
2022-09-03,Detergent 900g (12),Household,54,0,21500
2022-09-03,Malt drink 330ml (24),Beverages,159,0,13200
2022-09-03,Orange juice 1L (12),Beverages,71,0,18600
2022-09-03,Plantain chips 150g (20),Snacks,89,0,9200
2022-09-04,Bar soap (48),Personal care,55,1,12950
2022-09-04,Bottled water 75cl (12),Beverages,94,0,3600
2022-09-04,Detergent 900g (12),Household,23,0,21500
2022-09-04,Malt drink 330ml (24),Beverages,74,0,13200
2022-09-04,Orange juice 1L (12),Beverages,31,0,18600
2022-09-04,Plantain chips 150g (20),Snacks,40,0,9200
2022-09-05,Bar soap (48),Personal care,53,0,14400
2022-09-05,Bottled water 75cl (12),Beverages,161,0,3600
2022-09-05,Detergent 900g (12),Household,39,0,21500
2022-09-05,Malt drink 330ml (24),Beverages,127,0,13200
2022-09-05,Orange juice 1L (12),Beverages,63,0,18600
2022-09-05,Plantain chips 150g (20),Snacks,65,0,9200
2022-09-06,Bar soap (48),Personal care,46,0,14400
2022-09-06,Bottled water 75cl (12),Beverages,171,0,3600
2022-09-06,Detergent 900g (12),Household,50,0,21500
2022-09-06,Malt drink 330ml (24),Beverages,114,0,13200
2022-09-06,Orange juice 1L (12),Beverages,53,0,18600
2022-09-06,Plantain chips 150g (20),Snacks,69,0,9200
2022-09-07,Bar soap (48),Personal care,46,0,14400
2022-09-07,Bottled water 75cl (12),Beverages,193,0,3600
2022-09-07,Detergent 900g (12),Household,44,0,21500
2022-09-07,Malt drink 330ml (24),Beverages,79,0,13200
2022-09-07,Orange juice 1L (12),Beverages,53,0,18600
2022-09-07,Plantain chips 150g (20),Snacks,70,0,9200
2022-09-08,Bar soap (48),Personal care,53,0,14400
2022-09-08,Bottled water 75cl (12),Beverages,210,0,3600
2022-09-08,Detergent 900g (12),Household,42,0,21500
2022-09-08,Malt drink 330ml (24),Beverages,125,0,13200
2022-09-08,Orange juice 1L (12),Beverages,51,0,18600
2022-09-08,Plantain chips 150g (20),Snacks,70,0,9200
2022-09-09,Bar soap (48),Personal care,59,0,14400
2022-09-09,Bottled water 75cl (12),Beverages,205,0,3600
2022-09-09,Detergent 900g (12),Household,51,0,21500
2022-09-09,Malt drink 330ml (24),Beverages,133,0,13200
2022-09-09,Orange juice 1L (12),Beverages,50,0,18600
2022-09-09,Plantain chips 150g (20),Snacks,72,0,9200
2022-09-10,Bar soap (48),Personal care,69,0,14400
2022-09-10,Bottled water 75cl (12),Beverages,226,0,3600
2022-09-10,Detergent 900g (12),Household,60,0,21500
2022-09-10,Malt drink 330ml (24),Beverages,126,0,13200
2022-09-10,Orange juice 1L (12),Beverages,64,0,18600
2022-09-10,Plantain chips 150g (20),Snacks,93,0,9200
2022-09-11,Bar soap (48),Personal care,30,0,14400
2022-09-11,Bottled water 75cl (12),Beverages,90,0,3600
2022-09-11,Detergent 900g (12),Household,27,0,21500
2022-09-11,Malt drink 330ml (24),Beverages,60,0,13200
2022-09-11,Orange juice 1L (12),Beverages,39,0,18600
2022-09-11,Plantain chips 150g (20),Snacks,35,0,9200
2022-09-12,Bar soap (48),Personal care,62,0,14400
2022-09-12,Bottled water 75cl (12),Beverages,202,0,3600
2022-09-12,Detergent 900g (12),Household,58,0,21500
2022-09-12,Malt drink 330ml (24),Beverages,120,0,13200
2022-09-12,Orange juice 1L (12),Beverages,54,0,18600
2022-09-12,Plantain chips 150g (20),Snacks,73,0,9200
2022-09-13,Bar soap (48),Personal care,66,0,14400
2022-09-13,Bottled water 75cl (12),Beverages,164,0,3600
2022-09-13,Detergent 900g (12),Household,57,0,21500
2022-09-13,Malt drink 330ml (24),Beverages,121,0,13200
2022-09-13,Orange juice 1L (12),Beverages,44,0,18600
2022-09-13,Plantain chips 150g (20),Snacks,71,0,9200
2022-09-14,Bar soap (48),Personal care,53,0,14400
2022-09-14,Bottled water 75cl (12),Beverages,174,0,3600
2022-09-14,Detergent 900g (12),Household,46,0,21500
2022-09-14,Malt drink 330ml (24),Beverages,105,0,13200
2022-09-14,Orange juice 1L (12),Beverages,54,0,18600
2022-09-14,Plantain chips 150g (20),Snacks,65,0,9200
2022-09-15,Bar soap (48),Personal care,98,1,12950
2022-09-15,Bottled water 75cl (12),Beverages,159,0,3600
2022-09-15,Detergent 900g (12),Household,53,0,21500
2022-09-15,Malt drink 330ml (24),Beverages,110,0,13200
2022-09-15,Orange juice 1L (12),Beverages,59,0,18600
2022-09-15,Plantain chips 150g (20),Snacks,64,0,9200
2022-09-16,Bar soap (48),Personal care,103,1,12950
2022-09-16,Bottled water 75cl (12),Beverages,184,0,3600
2022-09-16,Detergent 900g (12),Household,56,0,21500
2022-09-16,Malt drink 330ml (24),Beverages,135,0,13200
2022-09-16,Orange juice 1L (12),Beverages,57,0,18600
2022-09-16,Plantain chips 150g (20),Snacks,82,0,9200
2022-09-17,Bar soap (48),Personal care,113,1,12950
2022-09-17,Bottled water 75cl (12),Beverages,218,0,3600
2022-09-17,Detergent 900g (12),Household,53,0,21500
2022-09-17,Malt drink 330ml (24),Beverages,133,0,13200
2022-09-17,Orange juice 1L (12),Beverages,67,0,18600
2022-09-17,Plantain chips 150g (20),Snacks,82,0,9200
2022-09-18,Bar soap (48),Personal care,58,1,12950
2022-09-18,Bottled water 75cl (12),Beverages,86,0,3600
2022-09-18,Detergent 900g (12),Household,21,0,21500
2022-09-18,Malt drink 330ml (24),Beverages,54,0,13200
2022-09-18,Orange juice 1L (12),Beverages,24,0,18600
2022-09-18,Plantain chips 150g (20),Snacks,45,0,9200
2022-09-19,Bar soap (48),Personal care,94,1,12950
2022-09-19,Bottled water 75cl (12),Beverages,182,0,3600
2022-09-19,Detergent 900g (12),Household,43,0,21500
2022-09-19,Malt drink 330ml (24),Beverages,111,0,13200
2022-09-19,Orange juice 1L (12),Beverages,45,0,18600
2022-09-19,Plantain chips 150g (20),Snacks,76,0,9200
2022-09-20,Bar soap (48),Personal care,90,1,12950
2022-09-20,Bottled water 75cl (12),Beverages,180,0,3600
2022-09-20,Detergent 900g (12),Household,39,0,21500
2022-09-20,Malt drink 330ml (24),Beverages,107,0,13200
2022-09-20,Orange juice 1L (12),Beverages,55,0,18600
2022-09-20,Plantain chips 150g (20),Snacks,69,0,9200
2022-09-21,Bar soap (48),Personal care,83,1,12950
2022-09-21,Bottled water 75cl (12),Beverages,173,0,3600
2022-09-21,Detergent 900g (12),Household,46,0,21500
2022-09-21,Malt drink 330ml (24),Beverages,110,0,13200
2022-09-21,Orange juice 1L (12),Beverages,49,0,18600
2022-09-21,Plantain chips 150g (20),Snacks,64,0,9200
2022-09-22,Bar soap (48),Personal care,52,0,14400
2022-09-22,Bottled water 75cl (12),Beverages,232,0,3600
2022-09-22,Detergent 900g (12),Household,47,0,21500
2022-09-22,Malt drink 330ml (24),Beverages,130,0,13200
2022-09-22,Orange juice 1L (12),Beverages,54,0,18600
2022-09-22,Plantain chips 150g (20),Snacks,83,0,9200
2022-09-23,Bar soap (48),Personal care,59,0,14400
2022-09-23,Bottled water 75cl (12),Beverages,214,0,3600
2022-09-23,Detergent 900g (12),Household,44,0,21500
2022-09-23,Malt drink 330ml (24),Beverages,110,0,13200
2022-09-23,Orange juice 1L (12),Beverages,55,0,18600
2022-09-23,Plantain chips 150g (20),Snacks,88,0,9200
2022-09-24,Bar soap (48),Personal care,73,0,14400
2022-09-24,Bottled water 75cl (12),Beverages,260,0,3600
2022-09-24,Detergent 900g (12),Household,59,0,21500
2022-09-24,Malt drink 330ml (24),Beverages,137,0,13200
2022-09-24,Orange juice 1L (12),Beverages,62,0,18600
2022-09-24,Plantain chips 150g (20),Snacks,89,0,9200
2022-09-25,Bar soap (48),Personal care,34,0,14400
2022-09-25,Bottled water 75cl (12),Beverages,103,0,3600
2022-09-25,Detergent 900g (12),Household,28,0,21500
2022-09-25,Malt drink 330ml (24),Beverages,60,0,13200
2022-09-25,Orange juice 1L (12),Beverages,31,0,18600
2022-09-25,Plantain chips 150g (20),Snacks,37,0,9200
2022-09-26,Bar soap (48),Personal care,56,0,14400
2022-09-26,Bottled water 75cl (12),Beverages,201,0,3600
2022-09-26,Detergent 900g (12),Household,52,0,21500
2022-09-26,Malt drink 330ml (24),Beverages,133,0,13200
2022-09-26,Orange juice 1L (12),Beverages,52,0,18600
2022-09-26,Plantain chips 150g (20),Snacks,69,0,9200
2022-09-27,Bar soap (48),Personal care,57,0,14400
2022-09-27,Bottled water 75cl (12),Beverages,153,0,3600
2022-09-27,Detergent 900g (12),Household,49,0,21500
2022-09-27,Malt drink 330ml (24),Beverages,122,0,13200
2022-09-27,Orange juice 1L (12),Beverages,49,0,18600
2022-09-27,Plantain chips 150g (20),Snacks,71,0,9200
2022-09-28,Bar soap (48),Personal care,63,0,14400
2022-09-28,Bottled water 75cl (12),Beverages,205,0,3600
2022-09-28,Detergent 900g (12),Household,61,0,21500
2022-09-28,Malt drink 330ml (24),Beverages,135,0,13200
2022-09-28,Orange juice 1L (12),Beverages,52,0,18600
2022-09-28,Plantain chips 150g (20),Snacks,72,0,9200
2022-09-29,Bar soap (48),Personal care,70,0,14400
2022-09-29,Bottled water 75cl (12),Beverages,305,1,3250
2022-09-29,Detergent 900g (12),Household,57,0,21500
2022-09-29,Malt drink 330ml (24),Beverages,143,0,13200
2022-09-29,Orange juice 1L (12),Beverages,57,0,18600
2022-09-29,Plantain chips 150g (20),Snacks,79,0,9200
2022-09-30,Bar soap (48),Personal care,67,0,14400
2022-09-30,Bottled water 75cl (12),Beverages,322,1,3250
2022-09-30,Detergent 900g (12),Household,70,0,21500
2022-09-30,Malt drink 330ml (24),Beverages,157,0,13200
2022-09-30,Orange juice 1L (12),Beverages,68,0,18600
2022-09-30,Plantain chips 150g (20),Snacks,104,0,9200
2022-10-01,Bar soap (48),Personal care,97,0,14400
2022-10-01,Bottled water 75cl (12),Beverages,443,1,3250
2022-10-01,Detergent 900g (12),Household,62,0,21500
2022-10-01,Malt drink 330ml (24),Beverages,181,0,13200
2022-10-01,Orange juice 1L (12),Beverages,81,0,18600
2022-10-01,Plantain chips 150g (20),Snacks,113,0,9200
2022-10-02,Bar soap (48),Personal care,40,0,14400
2022-10-02,Bottled water 75cl (12),Beverages,172,1,3250
2022-10-02,Detergent 900g (12),Household,32,0,21500
2022-10-02,Malt drink 330ml (24),Beverages,77,0,13200
2022-10-02,Orange juice 1L (12),Beverages,33,0,18600
2022-10-02,Plantain chips 150g (20),Snacks,44,0,9200
2022-10-03,Bar soap (48),Personal care,65,0,14400
2022-10-03,Bottled water 75cl (12),Beverages,329,1,3250
2022-10-03,Detergent 900g (12),Household,48,0,21500
2022-10-03,Malt drink 330ml (24),Beverages,104,0,13200
2022-10-03,Orange juice 1L (12),Beverages,52,0,18600
2022-10-03,Plantain chips 150g (20),Snacks,56,0,9200
2022-10-04,Bar soap (48),Personal care,58,0,14400
2022-10-04,Bottled water 75cl (12),Beverages,283,1,3250
2022-10-04,Detergent 900g (12),Household,59,0,21500
2022-10-04,Malt drink 330ml (24),Beverages,121,0,13200
2022-10-04,Orange juice 1L (12),Beverages,58,0,18600
2022-10-04,Plantain chips 150g (20),Snacks,62,0,9200
2022-10-05,Bar soap (48),Personal care,50,0,14400
2022-10-05,Bottled water 75cl (12),Beverages,279,1,3250
2022-10-05,Detergent 900g (12),Household,48,0,21500
2022-10-05,Malt drink 330ml (24),Beverages,117,0,13200
2022-10-05,Orange juice 1L (12),Beverages,60,0,18600
2022-10-05,Plantain chips 150g (20),Snacks,77,0,9200
2022-10-06,Bar soap (48),Personal care,68,0,14400
2022-10-06,Bottled water 75cl (12),Beverages,180,0,3600
2022-10-06,Detergent 900g (12),Household,46,0,21500
2022-10-06,Malt drink 330ml (24),Beverages,118,0,13200
2022-10-06,Orange juice 1L (12),Beverages,52,0,18600
2022-10-06,Plantain chips 150g (20),Snacks,81,0,9200
2022-10-07,Bar soap (48),Personal care,77,0,14400
2022-10-07,Bottled water 75cl (12),Beverages,195,0,3600
2022-10-07,Detergent 900g (12),Household,43,0,21500
2022-10-07,Malt drink 330ml (24),Beverages,136,0,13200
2022-10-07,Orange juice 1L (12),Beverages,68,0,18600
2022-10-07,Plantain chips 150g (20),Snacks,83,0,9200
2022-10-08,Bar soap (48),Personal care,70,0,14400
2022-10-08,Bottled water 75cl (12),Beverages,267,0,3600
2022-10-08,Detergent 900g (12),Household,57,0,21500
2022-10-08,Malt drink 330ml (24),Beverages,156,0,13200
2022-10-08,Orange juice 1L (12),Beverages,80,0,18600
2022-10-08,Plantain chips 150g (20),Snacks,100,0,9200
2022-10-09,Bar soap (48),Personal care,38,0,14400
2022-10-09,Bottled water 75cl (12),Beverages,106,0,3600
2022-10-09,Detergent 900g (12),Household,26,0,21500
2022-10-09,Malt drink 330ml (24),Beverages,71,0,13200
2022-10-09,Orange juice 1L (12),Beverages,31,0,18600
2022-10-09,Plantain chips 150g (20),Snacks,44,0,9200
2022-10-10,Bar soap (48),Personal care,56,0,14400
2022-10-10,Bottled water 75cl (12),Beverages,177,0,3600
2022-10-10,Detergent 900g (12),Household,55,0,21500
2022-10-10,Malt drink 330ml (24),Beverages,136,0,13200
2022-10-10,Orange juice 1L (12),Beverages,48,0,18600
2022-10-10,Plantain chips 150g (20),Snacks,70,0,9200
2022-10-11,Bar soap (48),Personal care,66,0,14400
2022-10-11,Bottled water 75cl (12),Beverages,176,0,3600
2022-10-11,Detergent 900g (12),Household,47,0,21500
2022-10-11,Malt drink 330ml (24),Beverages,110,0,13200
2022-10-11,Orange juice 1L (12),Beverages,47,0,18600
2022-10-11,Plantain chips 150g (20),Snacks,61,0,9200
2022-10-12,Bar soap (48),Personal care,62,0,14400
2022-10-12,Bottled water 75cl (12),Beverages,169,0,3600
2022-10-12,Detergent 900g (12),Household,45,0,21500
2022-10-12,Malt drink 330ml (24),Beverages,130,0,13200
2022-10-12,Orange juice 1L (12),Beverages,56,0,18600
2022-10-12,Plantain chips 150g (20),Snacks,73,0,9200
2022-10-13,Bar soap (48),Personal care,70,0,14400
2022-10-13,Bottled water 75cl (12),Beverages,239,0,3600
2022-10-13,Detergent 900g (12),Household,40,0,21500
2022-10-13,Malt drink 330ml (24),Beverages,107,0,13200
2022-10-13,Orange juice 1L (12),Beverages,60,0,18600
2022-10-13,Plantain chips 150g (20),Snacks,71,0,9200
2022-10-14,Bar soap (48),Personal care,71,0,14400
2022-10-14,Bottled water 75cl (12),Beverages,249,0,3600
2022-10-14,Detergent 900g (12),Household,57,0,21500
2022-10-14,Malt drink 330ml (24),Beverages,107,0,13200
2022-10-14,Orange juice 1L (12),Beverages,61,0,18600
2022-10-14,Plantain chips 150g (20),Snacks,82,0,9200
2022-10-15,Bar soap (48),Personal care,74,0,14400
2022-10-15,Bottled water 75cl (12),Beverages,288,0,3600
2022-10-15,Detergent 900g (12),Household,63,0,21500
2022-10-15,Malt drink 330ml (24),Beverages,149,0,13200
2022-10-15,Orange juice 1L (12),Beverages,71,0,18600
2022-10-15,Plantain chips 150g (20),Snacks,87,0,9200
2022-10-16,Bar soap (48),Personal care,32,0,14400
2022-10-16,Bottled water 75cl (12),Beverages,111,0,3600
2022-10-16,Detergent 900g (12),Household,26,0,21500
2022-10-16,Malt drink 330ml (24),Beverages,81,0,13200
2022-10-16,Orange juice 1L (12),Beverages,28,0,18600
2022-10-16,Plantain chips 150g (20),Snacks,35,0,9200
2022-10-17,Bar soap (48),Personal care,56,0,14400
2022-10-17,Bottled water 75cl (12),Beverages,172,0,3600
2022-10-17,Detergent 900g (12),Household,55,0,21500
2022-10-17,Malt drink 330ml (24),Beverages,106,0,13200
2022-10-17,Orange juice 1L (12),Beverages,53,0,18600
2022-10-17,Plantain chips 150g (20),Snacks,58,0,9200
2022-10-18,Bar soap (48),Personal care,67,0,14400
2022-10-18,Bottled water 75cl (12),Beverages,218,0,3600
2022-10-18,Detergent 900g (12),Household,43,0,21500
2022-10-18,Malt drink 330ml (24),Beverages,103,0,13200
2022-10-18,Orange juice 1L (12),Beverages,58,0,18600
2022-10-18,Plantain chips 150g (20),Snacks,61,0,9200
2022-10-19,Bar soap (48),Personal care,69,0,14400
2022-10-19,Bottled water 75cl (12),Beverages,199,0,3600
2022-10-19,Detergent 900g (12),Household,44,0,21500
2022-10-19,Malt drink 330ml (24),Beverages,129,0,13200
2022-10-19,Orange juice 1L (12),Beverages,66,0,18600
2022-10-19,Plantain chips 150g (20),Snacks,66,0,9200
2022-10-20,Bar soap (48),Personal care,69,0,14400
2022-10-20,Bottled water 75cl (12),Beverages,228,0,3600
2022-10-20,Detergent 900g (12),Household,40,0,21500
2022-10-20,Malt drink 330ml (24),Beverages,127,0,13200
2022-10-20,Orange juice 1L (12),Beverages,57,0,18600
2022-10-20,Plantain chips 150g (20),Snacks,77,0,9200
2022-10-21,Bar soap (48),Personal care,62,0,14400
2022-10-21,Bottled water 75cl (12),Beverages,255,0,3600
2022-10-21,Detergent 900g (12),Household,49,0,21500
2022-10-21,Malt drink 330ml (24),Beverages,135,0,13200
2022-10-21,Orange juice 1L (12),Beverages,65,0,18600
2022-10-21,Plantain chips 150g (20),Snacks,95,0,9200
2022-10-22,Bar soap (48),Personal care,71,0,14400
2022-10-22,Bottled water 75cl (12),Beverages,287,0,3600
2022-10-22,Detergent 900g (12),Household,53,0,21500
2022-10-22,Malt drink 330ml (24),Beverages,152,0,13200
2022-10-22,Orange juice 1L (12),Beverages,67,0,18600
2022-10-22,Plantain chips 150g (20),Snacks,80,0,9200
2022-10-23,Bar soap (48),Personal care,38,0,14400
2022-10-23,Bottled water 75cl (12),Beverages,125,0,3600
2022-10-23,Detergent 900g (12),Household,29,0,21500
2022-10-23,Malt drink 330ml (24),Beverages,72,0,13200
2022-10-23,Orange juice 1L (12),Beverages,29,0,18600
2022-10-23,Plantain chips 150g (20),Snacks,39,0,9200
2022-10-24,Bar soap (48),Personal care,62,0,14400
2022-10-24,Bottled water 75cl (12),Beverages,191,0,3600
2022-10-24,Detergent 900g (12),Household,41,0,21500
2022-10-24,Malt drink 330ml (24),Beverages,114,0,13200
2022-10-24,Orange juice 1L (12),Beverages,50,0,18600
2022-10-24,Plantain chips 150g (20),Snacks,92,0,9200
2022-10-25,Bar soap (48),Personal care,68,0,14400
2022-10-25,Bottled water 75cl (12),Beverages,234,0,3600
2022-10-25,Detergent 900g (12),Household,39,0,21500
2022-10-25,Malt drink 330ml (24),Beverages,130,0,13200
2022-10-25,Orange juice 1L (12),Beverages,64,0,18600
2022-10-25,Plantain chips 150g (20),Snacks,70,0,9200
2022-10-26,Bar soap (48),Personal care,60,0,14400
2022-10-26,Bottled water 75cl (12),Beverages,194,0,3600
2022-10-26,Detergent 900g (12),Household,48,0,21500
2022-10-26,Malt drink 330ml (24),Beverages,117,0,13200
2022-10-26,Orange juice 1L (12),Beverages,52,0,18600
2022-10-26,Plantain chips 150g (20),Snacks,71,0,9200
2022-10-27,Bar soap (48),Personal care,56,0,14400
2022-10-27,Bottled water 75cl (12),Beverages,231,0,3600
2022-10-27,Detergent 900g (12),Household,41,0,21500
2022-10-27,Malt drink 330ml (24),Beverages,136,0,13200
2022-10-27,Orange juice 1L (12),Beverages,89,1,16750
2022-10-27,Plantain chips 150g (20),Snacks,76,0,9200
2022-10-28,Bar soap (48),Personal care,74,0,14400
2022-10-28,Bottled water 75cl (12),Beverages,257,0,3600
2022-10-28,Detergent 900g (12),Household,43,0,21500
2022-10-28,Malt drink 330ml (24),Beverages,138,0,13200
2022-10-28,Orange juice 1L (12),Beverages,81,1,16750
2022-10-28,Plantain chips 150g (20),Snacks,79,0,9200
2022-10-29,Bar soap (48),Personal care,79,0,14400
2022-10-29,Bottled water 75cl (12),Beverages,304,0,3600
2022-10-29,Detergent 900g (12),Household,61,0,21500
2022-10-29,Malt drink 330ml (24),Beverages,147,0,13200
2022-10-29,Orange juice 1L (12),Beverages,115,1,16750
2022-10-29,Plantain chips 150g (20),Snacks,101,0,9200
2022-10-30,Bar soap (48),Personal care,35,0,14400
2022-10-30,Bottled water 75cl (12),Beverages,131,0,3600
2022-10-30,Detergent 900g (12),Household,26,0,21500
2022-10-30,Malt drink 330ml (24),Beverages,84,0,13200
2022-10-30,Orange juice 1L (12),Beverages,55,1,16750
2022-10-30,Plantain chips 150g (20),Snacks,42,0,9200
2022-10-31,Bar soap (48),Personal care,75,0,14400
2022-10-31,Bottled water 75cl (12),Beverages,246,0,3600
2022-10-31,Detergent 900g (12),Household,59,0,21500
2022-10-31,Malt drink 330ml (24),Beverages,191,1,11900
2022-10-31,Orange juice 1L (12),Beverages,85,1,16750
2022-10-31,Plantain chips 150g (20),Snacks,68,0,9200
2022-11-01,Bar soap (48),Personal care,76,0,14400
2022-11-01,Bottled water 75cl (12),Beverages,244,0,3600
2022-11-01,Detergent 900g (12),Household,49,0,21500
2022-11-01,Malt drink 330ml (24),Beverages,219,1,11900
2022-11-01,Orange juice 1L (12),Beverages,78,1,16750
2022-11-01,Plantain chips 150g (20),Snacks,77,0,9200
2022-11-02,Bar soap (48),Personal care,62,0,14400
2022-11-02,Bottled water 75cl (12),Beverages,249,0,3600
2022-11-02,Detergent 900g (12),Household,42,0,21500
2022-11-02,Malt drink 330ml (24),Beverages,232,1,11900
2022-11-02,Orange juice 1L (12),Beverages,85,1,16750
2022-11-02,Plantain chips 150g (20),Snacks,81,0,9200
2022-11-03,Bar soap (48),Personal care,67,0,14400
2022-11-03,Bottled water 75cl (12),Beverages,226,0,3600
2022-11-03,Detergent 900g (12),Household,53,0,21500
2022-11-03,Malt drink 330ml (24),Beverages,186,1,11900
2022-11-03,Orange juice 1L (12),Beverages,55,0,18600
2022-11-03,Plantain chips 150g (20),Snacks,77,0,9200
2022-11-04,Bar soap (48),Personal care,66,0,14400
2022-11-04,Bottled water 75cl (12),Beverages,204,0,3600
2022-11-04,Detergent 900g (12),Household,50,0,21500
2022-11-04,Malt drink 330ml (24),Beverages,162,1,11900
2022-11-04,Orange juice 1L (12),Beverages,53,0,18600
2022-11-04,Plantain chips 150g (20),Snacks,74,0,9200
2022-11-05,Bar soap (48),Personal care,90,0,14400
2022-11-05,Bottled water 75cl (12),Beverages,280,0,3600
2022-11-05,Detergent 900g (12),Household,54,0,21500
2022-11-05,Malt drink 330ml (24),Beverages,258,1,11900
2022-11-05,Orange juice 1L (12),Beverages,57,0,18600
2022-11-05,Plantain chips 150g (20),Snacks,81,0,9200
2022-11-06,Bar soap (48),Personal care,33,0,14400
2022-11-06,Bottled water 75cl (12),Beverages,151,0,3600
2022-11-06,Detergent 900g (12),Household,23,0,21500
2022-11-06,Malt drink 330ml (24),Beverages,90,1,11900
2022-11-06,Orange juice 1L (12),Beverages,26,0,18600
2022-11-06,Plantain chips 150g (20),Snacks,34,0,9200
2022-11-07,Bar soap (48),Personal care,84,1,12950
2022-11-07,Bottled water 75cl (12),Beverages,200,0,3600
2022-11-07,Detergent 900g (12),Household,52,0,21500
2022-11-07,Malt drink 330ml (24),Beverages,120,0,13200
2022-11-07,Orange juice 1L (12),Beverages,44,0,18600
2022-11-07,Plantain chips 150g (20),Snacks,70,0,9200
2022-11-08,Bar soap (48),Personal care,92,1,12950
2022-11-08,Bottled water 75cl (12),Beverages,230,0,3600
2022-11-08,Detergent 900g (12),Household,49,0,21500
2022-11-08,Malt drink 330ml (24),Beverages,102,0,13200
2022-11-08,Orange juice 1L (12),Beverages,52,0,18600
2022-11-08,Plantain chips 150g (20),Snacks,66,0,9200
2022-11-09,Bar soap (48),Personal care,95,1,12950
2022-11-09,Bottled water 75cl (12),Beverages,236,0,3600
2022-11-09,Detergent 900g (12),Household,37,0,21500
2022-11-09,Malt drink 330ml (24),Beverages,119,0,13200
2022-11-09,Orange juice 1L (12),Beverages,55,0,18600
2022-11-09,Plantain chips 150g (20),Snacks,73,0,9200
2022-11-10,Bar soap (48),Personal care,83,1,12950
2022-11-10,Bottled water 75cl (12),Beverages,223,0,3600
2022-11-10,Detergent 900g (12),Household,45,0,21500
2022-11-10,Malt drink 330ml (24),Beverages,108,0,13200
2022-11-10,Orange juice 1L (12),Beverages,54,0,18600
2022-11-10,Plantain chips 150g (20),Snacks,71,0,9200
2022-11-11,Bar soap (48),Personal care,91,1,12950
2022-11-11,Bottled water 75cl (12),Beverages,289,0,3600
2022-11-11,Detergent 900g (12),Household,45,0,21500
2022-11-11,Malt drink 330ml (24),Beverages,110,0,13200
2022-11-11,Orange juice 1L (12),Beverages,57,0,18600
2022-11-11,Plantain chips 150g (20),Snacks,88,0,9200
2022-11-12,Bar soap (48),Personal care,123,1,12950
2022-11-12,Bottled water 75cl (12),Beverages,196,0,3600
2022-11-12,Detergent 900g (12),Household,58,0,21500
2022-11-12,Malt drink 330ml (24),Beverages,134,0,13200
2022-11-12,Orange juice 1L (12),Beverages,71,0,18600
2022-11-12,Plantain chips 150g (20),Snacks,86,0,9200
2022-11-13,Bar soap (48),Personal care,47,1,12950
2022-11-13,Bottled water 75cl (12),Beverages,116,0,3600
2022-11-13,Detergent 900g (12),Household,24,0,21500
2022-11-13,Malt drink 330ml (24),Beverages,53,0,13200
2022-11-13,Orange juice 1L (12),Beverages,39,0,18600
2022-11-13,Plantain chips 150g (20),Snacks,40,0,9200
2022-11-14,Bar soap (48),Personal care,51,0,14400
2022-11-14,Bottled water 75cl (12),Beverages,221,0,3600
2022-11-14,Detergent 900g (12),Household,58,0,21500
2022-11-14,Malt drink 330ml (24),Beverages,123,0,13200
2022-11-14,Orange juice 1L (12),Beverages,48,0,18600
2022-11-14,Plantain chips 150g (20),Snacks,85,0,9200
2022-11-15,Bar soap (48),Personal care,56,0,14400
2022-11-15,Bottled water 75cl (12),Beverages,174,0,3600
2022-11-15,Detergent 900g (12),Household,50,0,21500
2022-11-15,Malt drink 330ml (24),Beverages,120,0,13200
2022-11-15,Orange juice 1L (12),Beverages,50,0,18600
2022-11-15,Plantain chips 150g (20),Snacks,77,0,9200
2022-11-16,Bar soap (48),Personal care,59,0,14400
2022-11-16,Bottled water 75cl (12),Beverages,212,0,3600
2022-11-16,Detergent 900g (12),Household,41,0,21500
2022-11-16,Malt drink 330ml (24),Beverages,181,1,11900
2022-11-16,Orange juice 1L (12),Beverages,62,0,18600
2022-11-16,Plantain chips 150g (20),Snacks,64,0,9200
2022-11-17,Bar soap (48),Personal care,57,0,14400
2022-11-17,Bottled water 75cl (12),Beverages,197,0,3600
2022-11-17,Detergent 900g (12),Household,54,0,21500
2022-11-17,Malt drink 330ml (24),Beverages,174,1,11900
2022-11-17,Orange juice 1L (12),Beverages,57,0,18600
2022-11-17,Plantain chips 150g (20),Snacks,76,0,9200
2022-11-18,Bar soap (48),Personal care,55,0,14400
2022-11-18,Bottled water 75cl (12),Beverages,226,0,3600
2022-11-18,Detergent 900g (12),Household,60,0,21500
2022-11-18,Malt drink 330ml (24),Beverages,225,1,11900
2022-11-18,Orange juice 1L (12),Beverages,59,0,18600
2022-11-18,Plantain chips 150g (20),Snacks,76,0,9200
2022-11-19,Bar soap (48),Personal care,70,0,14400
2022-11-19,Bottled water 75cl (12),Beverages,231,0,3600
2022-11-19,Detergent 900g (12),Household,55,0,21500
2022-11-19,Malt drink 330ml (24),Beverages,200,1,11900
2022-11-19,Orange juice 1L (12),Beverages,75,0,18600
2022-11-19,Plantain chips 150g (20),Snacks,105,0,9200
2022-11-20,Bar soap (48),Personal care,27,0,14400
2022-11-20,Bottled water 75cl (12),Beverages,110,0,3600
2022-11-20,Detergent 900g (12),Household,30,1,19350
2022-11-20,Malt drink 330ml (24),Beverages,94,1,11900
2022-11-20,Orange juice 1L (12),Beverages,23,0,18600
2022-11-20,Plantain chips 150g (20),Snacks,38,0,9200
2022-11-21,Bar soap (48),Personal care,62,0,14400
2022-11-21,Bottled water 75cl (12),Beverages,203,0,3600
2022-11-21,Detergent 900g (12),Household,66,1,19350
2022-11-21,Malt drink 330ml (24),Beverages,149,1,11900
2022-11-21,Orange juice 1L (12),Beverages,48,0,18600
2022-11-21,Plantain chips 150g (20),Snacks,72,0,9200
2022-11-22,Bar soap (48),Personal care,62,0,14400
2022-11-22,Bottled water 75cl (12),Beverages,201,0,3600
2022-11-22,Detergent 900g (12),Household,70,1,19350
2022-11-22,Malt drink 330ml (24),Beverages,176,1,11900
2022-11-22,Orange juice 1L (12),Beverages,49,0,18600
2022-11-22,Plantain chips 150g (20),Snacks,93,0,9200
2022-11-23,Bar soap (48),Personal care,63,0,14400
2022-11-23,Bottled water 75cl (12),Beverages,189,0,3600
2022-11-23,Detergent 900g (12),Household,64,1,19350
2022-11-23,Malt drink 330ml (24),Beverages,96,0,13200
2022-11-23,Orange juice 1L (12),Beverages,61,0,18600
2022-11-23,Plantain chips 150g (20),Snacks,58,0,9200
2022-11-24,Bar soap (48),Personal care,61,0,14400
2022-11-24,Bottled water 75cl (12),Beverages,237,0,3600
2022-11-24,Detergent 900g (12),Household,69,1,19350
2022-11-24,Malt drink 330ml (24),Beverages,107,0,13200
2022-11-24,Orange juice 1L (12),Beverages,67,0,18600
2022-11-24,Plantain chips 150g (20),Snacks,78,0,9200
2022-11-25,Bar soap (48),Personal care,76,0,14400
2022-11-25,Bottled water 75cl (12),Beverages,205,0,3600
2022-11-25,Detergent 900g (12),Household,85,1,19350
2022-11-25,Malt drink 330ml (24),Beverages,149,0,13200
2022-11-25,Orange juice 1L (12),Beverages,73,0,18600
2022-11-25,Plantain chips 150g (20),Snacks,74,0,9200
2022-11-26,Bar soap (48),Personal care,65,0,14400
2022-11-26,Bottled water 75cl (12),Beverages,288,0,3600
2022-11-26,Detergent 900g (12),Household,73,1,19350
2022-11-26,Malt drink 330ml (24),Beverages,143,0,13200
2022-11-26,Orange juice 1L (12),Beverages,79,0,18600
2022-11-26,Plantain chips 150g (20),Snacks,102,0,9200
2022-11-27,Bar soap (48),Personal care,49,0,14400
2022-11-27,Bottled water 75cl (12),Beverages,120,0,3600
2022-11-27,Detergent 900g (12),Household,16,0,21500
2022-11-27,Malt drink 330ml (24),Beverages,48,0,13200
2022-11-27,Orange juice 1L (12),Beverages,29,0,18600
2022-11-27,Plantain chips 150g (20),Snacks,41,0,9200
2022-11-28,Bar soap (48),Personal care,74,0,14400
2022-11-28,Bottled water 75cl (12),Beverages,229,0,3600
2022-11-28,Detergent 900g (12),Household,40,0,21500
2022-11-28,Malt drink 330ml (24),Beverages,109,0,13200
2022-11-28,Orange juice 1L (12),Beverages,62,0,18600
2022-11-28,Plantain chips 150g (20),Snacks,78,0,9200
2022-11-29,Bar soap (48),Personal care,75,0,14400
2022-11-29,Bottled water 75cl (12),Beverages,264,0,3600
2022-11-29,Detergent 900g (12),Household,41,0,21500
2022-11-29,Malt drink 330ml (24),Beverages,121,0,13200
2022-11-29,Orange juice 1L (12),Beverages,47,0,18600
2022-11-29,Plantain chips 150g (20),Snacks,95,0,9200
2022-11-30,Bar soap (48),Personal care,66,0,14400
2022-11-30,Bottled water 75cl (12),Beverages,241,0,3600
2022-11-30,Detergent 900g (12),Household,47,0,21500
2022-11-30,Malt drink 330ml (24),Beverages,127,0,13200
2022-11-30,Orange juice 1L (12),Beverages,67,0,18600
2022-11-30,Plantain chips 150g (20),Snacks,94,0,9200
2022-12-01,Bar soap (48),Personal care,83,0,14400
2022-12-01,Bottled water 75cl (12),Beverages,270,0,3600
2022-12-01,Detergent 900g (12),Household,48,0,21500
2022-12-01,Malt drink 330ml (24),Beverages,162,0,13200
2022-12-01,Orange juice 1L (12),Beverages,79,0,18600
2022-12-01,Plantain chips 150g (20),Snacks,85,0,9200
2022-12-02,Bar soap (48),Personal care,89,0,14400
2022-12-02,Bottled water 75cl (12),Beverages,235,0,3600
2022-12-02,Detergent 900g (12),Household,45,0,21500
2022-12-02,Malt drink 330ml (24),Beverages,148,0,13200
2022-12-02,Orange juice 1L (12),Beverages,75,0,18600
2022-12-02,Plantain chips 150g (20),Snacks,97,0,9200
2022-12-03,Bar soap (48),Personal care,76,0,14400
2022-12-03,Bottled water 75cl (12),Beverages,233,0,3600
2022-12-03,Detergent 900g (12),Household,49,0,21500
2022-12-03,Malt drink 330ml (24),Beverages,161,0,13200
2022-12-03,Orange juice 1L (12),Beverages,77,0,18600
2022-12-03,Plantain chips 150g (20),Snacks,95,0,9200
2022-12-04,Bar soap (48),Personal care,36,0,14400
2022-12-04,Bottled water 75cl (12),Beverages,129,0,3600
2022-12-04,Detergent 900g (12),Household,29,0,21500
2022-12-04,Malt drink 330ml (24),Beverages,61,0,13200
2022-12-04,Orange juice 1L (12),Beverages,31,0,18600
2022-12-04,Plantain chips 150g (20),Snacks,44,0,9200
2022-12-05,Bar soap (48),Personal care,56,0,14400
2022-12-05,Bottled water 75cl (12),Beverages,221,0,3600
2022-12-05,Detergent 900g (12),Household,46,0,21500
2022-12-05,Malt drink 330ml (24),Beverages,129,0,13200
2022-12-05,Orange juice 1L (12),Beverages,64,0,18600
2022-12-05,Plantain chips 150g (20),Snacks,86,0,9200
2022-12-06,Bar soap (48),Personal care,59,0,14400
2022-12-06,Bottled water 75cl (12),Beverages,191,0,3600
2022-12-06,Detergent 900g (12),Household,41,0,21500
2022-12-06,Malt drink 330ml (24),Beverages,156,0,13200
2022-12-06,Orange juice 1L (12),Beverages,60,0,18600
2022-12-06,Plantain chips 150g (20),Snacks,88,0,9200
2022-12-07,Bar soap (48),Personal care,59,0,14400
2022-12-07,Bottled water 75cl (12),Beverages,207,0,3600
2022-12-07,Detergent 900g (12),Household,43,0,21500
2022-12-07,Malt drink 330ml (24),Beverages,145,0,13200
2022-12-07,Orange juice 1L (12),Beverages,70,0,18600
2022-12-07,Plantain chips 150g (20),Snacks,83,0,9200
2022-12-08,Bar soap (48),Personal care,71,0,14400
2022-12-08,Bottled water 75cl (12),Beverages,223,0,3600
2022-12-08,Detergent 900g (12),Household,60,0,21500
2022-12-08,Malt drink 330ml (24),Beverages,148,0,13200
2022-12-08,Orange juice 1L (12),Beverages,69,0,18600
2022-12-08,Plantain chips 150g (20),Snacks,104,0,9200
2022-12-09,Bar soap (48),Personal care,61,0,14400
2022-12-09,Bottled water 75cl (12),Beverages,320,0,3600
2022-12-09,Detergent 900g (12),Household,57,0,21500
2022-12-09,Malt drink 330ml (24),Beverages,158,0,13200
2022-12-09,Orange juice 1L (12),Beverages,67,0,18600
2022-12-09,Plantain chips 150g (20),Snacks,95,0,9200
2022-12-10,Bar soap (48),Personal care,88,0,14400
2022-12-10,Bottled water 75cl (12),Beverages,339,0,3600
2022-12-10,Detergent 900g (12),Household,56,0,21500
2022-12-10,Malt drink 330ml (24),Beverages,203,0,13200
2022-12-10,Orange juice 1L (12),Beverages,105,0,18600
2022-12-10,Plantain chips 150g (20),Snacks,103,0,9200
2022-12-11,Bar soap (48),Personal care,36,0,14400
2022-12-11,Bottled water 75cl (12),Beverages,140,0,3600
2022-12-11,Detergent 900g (12),Household,30,0,21500
2022-12-11,Malt drink 330ml (24),Beverages,97,0,13200
2022-12-11,Orange juice 1L (12),Beverages,41,0,18600
2022-12-11,Plantain chips 150g (20),Snacks,49,0,9200
2022-12-12,Bar soap (48),Personal care,69,0,14400
2022-12-12,Bottled water 75cl (12),Beverages,193,0,3600
2022-12-12,Detergent 900g (12),Household,49,0,21500
2022-12-12,Malt drink 330ml (24),Beverages,131,0,13200
2022-12-12,Orange juice 1L (12),Beverages,79,0,18600
2022-12-12,Plantain chips 150g (20),Snacks,72,0,9200
2022-12-13,Bar soap (48),Personal care,59,0,14400
2022-12-13,Bottled water 75cl (12),Beverages,253,0,3600
2022-12-13,Detergent 900g (12),Household,44,0,21500
2022-12-13,Malt drink 330ml (24),Beverages,145,0,13200
2022-12-13,Orange juice 1L (12),Beverages,63,0,18600
2022-12-13,Plantain chips 150g (20),Snacks,83,0,9200
2022-12-14,Bar soap (48),Personal care,60,0,14400
2022-12-14,Bottled water 75cl (12),Beverages,245,0,3600
2022-12-14,Detergent 900g (12),Household,44,0,21500
2022-12-14,Malt drink 330ml (24),Beverages,195,0,13200
2022-12-14,Orange juice 1L (12),Beverages,92,0,18600
2022-12-14,Plantain chips 150g (20),Snacks,77,0,9200
2022-12-15,Bar soap (48),Personal care,77,0,14400
2022-12-15,Bottled water 75cl (12),Beverages,269,0,3600
2022-12-15,Detergent 900g (12),Household,46,0,21500
2022-12-15,Malt drink 330ml (24),Beverages,184,0,13200
2022-12-15,Orange juice 1L (12),Beverages,93,0,18600
2022-12-15,Plantain chips 150g (20),Snacks,85,0,9200
2022-12-16,Bar soap (48),Personal care,58,0,14400
2022-12-16,Bottled water 75cl (12),Beverages,307,0,3600
2022-12-16,Detergent 900g (12),Household,62,0,21500
2022-12-16,Malt drink 330ml (24),Beverages,206,0,13200
2022-12-16,Orange juice 1L (12),Beverages,96,0,18600
2022-12-16,Plantain chips 150g (20),Snacks,111,0,9200
2022-12-17,Bar soap (48),Personal care,73,0,14400
2022-12-17,Bottled water 75cl (12),Beverages,320,0,3600
2022-12-17,Detergent 900g (12),Household,62,0,21500
2022-12-17,Malt drink 330ml (24),Beverages,227,0,13200
2022-12-17,Orange juice 1L (12),Beverages,106,0,18600
2022-12-17,Plantain chips 150g (20),Snacks,123,0,9200
2022-12-18,Bar soap (48),Personal care,41,0,14400
2022-12-18,Bottled water 75cl (12),Beverages,137,0,3600
2022-12-18,Detergent 900g (12),Household,32,0,21500
2022-12-18,Malt drink 330ml (24),Beverages,96,0,13200
2022-12-18,Orange juice 1L (12),Beverages,45,0,18600
2022-12-18,Plantain chips 150g (20),Snacks,50,0,9200
2022-12-19,Bar soap (48),Personal care,71,0,14400
2022-12-19,Bottled water 75cl (12),Beverages,288,0,3600
2022-12-19,Detergent 900g (12),Household,59,0,21500
2022-12-19,Malt drink 330ml (24),Beverages,166,0,13200
2022-12-19,Orange juice 1L (12),Beverages,81,0,18600
2022-12-19,Plantain chips 150g (20),Snacks,92,0,9200
2022-12-20,Bar soap (48),Personal care,66,0,14400
2022-12-20,Bottled water 75cl (12),Beverages,260,0,3600
2022-12-20,Detergent 900g (12),Household,57,0,21500
2022-12-20,Malt drink 330ml (24),Beverages,165,0,13200
2022-12-20,Orange juice 1L (12),Beverages,81,0,18600
2022-12-20,Plantain chips 150g (20),Snacks,91,0,9200
2022-12-21,Bar soap (48),Personal care,64,0,14400
2022-12-21,Bottled water 75cl (12),Beverages,235,0,3600
2022-12-21,Detergent 900g (12),Household,46,0,21500
2022-12-21,Malt drink 330ml (24),Beverages,179,0,13200
2022-12-21,Orange juice 1L (12),Beverages,86,0,18600
2022-12-21,Plantain chips 150g (20),Snacks,85,0,9200
2022-12-22,Bar soap (48),Personal care,77,0,14400
2022-12-22,Bottled water 75cl (12),Beverages,280,0,3600
2022-12-22,Detergent 900g (12),Household,51,0,21500
2022-12-22,Malt drink 330ml (24),Beverages,193,0,13200
2022-12-22,Orange juice 1L (12),Beverages,94,0,18600
2022-12-22,Plantain chips 150g (20),Snacks,116,0,9200
2022-12-23,Bar soap (48),Personal care,93,0,14400
2022-12-23,Bottled water 75cl (12),Beverages,332,0,3600
2022-12-23,Detergent 900g (12),Household,65,0,21500
2022-12-23,Malt drink 330ml (24),Beverages,171,0,13200
2022-12-23,Orange juice 1L (12),Beverages,92,0,18600
2022-12-23,Plantain chips 150g (20),Snacks,87,0,9200
2022-12-24,Bar soap (48),Personal care,82,0,14400
2022-12-24,Bottled water 75cl (12),Beverages,320,0,3600
2022-12-24,Detergent 900g (12),Household,74,0,21500
2022-12-24,Malt drink 330ml (24),Beverages,254,0,13200
2022-12-24,Orange juice 1L (12),Beverages,106,0,18600
2022-12-24,Plantain chips 150g (20),Snacks,109,0,9200
2022-12-25,Bar soap (48),Personal care,0,0,14400
2022-12-25,Bottled water 75cl (12),Beverages,0,0,3600
2022-12-25,Detergent 900g (12),Household,0,0,21500
2022-12-25,Malt drink 330ml (24),Beverages,0,0,13200
2022-12-25,Orange juice 1L (12),Beverages,0,0,18600
2022-12-25,Plantain chips 150g (20),Snacks,0,0,9200
2022-12-26,Bar soap (48),Personal care,79,0,14400
2022-12-26,Bottled water 75cl (12),Beverages,295,0,3600
2022-12-26,Detergent 900g (12),Household,56,0,21500
2022-12-26,Malt drink 330ml (24),Beverages,198,0,13200
2022-12-26,Orange juice 1L (12),Beverages,89,0,18600
2022-12-26,Plantain chips 150g (20),Snacks,95,0,9200
2022-12-27,Bar soap (48),Personal care,71,0,14400
2022-12-27,Bottled water 75cl (12),Beverages,238,0,3600
2022-12-27,Detergent 900g (12),Household,46,0,21500
2022-12-27,Malt drink 330ml (24),Beverages,199,0,13200
2022-12-27,Orange juice 1L (12),Beverages,91,0,18600
2022-12-27,Plantain chips 150g (20),Snacks,87,0,9200
2022-12-28,Bar soap (48),Personal care,66,0,14400
2022-12-28,Bottled water 75cl (12),Beverages,252,0,3600
2022-12-28,Detergent 900g (12),Household,58,0,21500
2022-12-28,Malt drink 330ml (24),Beverages,209,0,13200
2022-12-28,Orange juice 1L (12),Beverages,85,0,18600
2022-12-28,Plantain chips 150g (20),Snacks,102,0,9200
2022-12-29,Bar soap (48),Personal care,81,0,14400
2022-12-29,Bottled water 75cl (12),Beverages,312,0,3600
2022-12-29,Detergent 900g (12),Household,67,0,21500
2022-12-29,Malt drink 330ml (24),Beverages,185,0,13200
2022-12-29,Orange juice 1L (12),Beverages,118,0,18600
2022-12-29,Plantain chips 150g (20),Snacks,108,0,9200
2022-12-30,Bar soap (48),Personal care,74,0,14400
2022-12-30,Bottled water 75cl (12),Beverages,341,0,3600
2022-12-30,Detergent 900g (12),Household,66,0,21500
2022-12-30,Malt drink 330ml (24),Beverages,266,0,13200
2022-12-30,Orange juice 1L (12),Beverages,84,0,18600
2022-12-30,Plantain chips 150g (20),Snacks,127,0,9200
2022-12-31,Bar soap (48),Personal care,102,0,14400
2022-12-31,Bottled water 75cl (12),Beverages,376,0,3600
2022-12-31,Detergent 900g (12),Household,77,0,21500
2022-12-31,Malt drink 330ml (24),Beverages,315,0,13200
2022-12-31,Orange juice 1L (12),Beverages,116,0,18600
2022-12-31,Plantain chips 150g (20),Snacks,137,0,9200
2023-01-01,Bar soap (48),Personal care,0,0,14400
2023-01-01,Bottled water 75cl (12),Beverages,0,0,3600
2023-01-01,Detergent 900g (12),Household,0,0,21500
2023-01-01,Malt drink 330ml (24),Beverages,0,0,13200
2023-01-01,Orange juice 1L (12),Beverages,0,0,18600
2023-01-01,Plantain chips 150g (20),Snacks,0,0,9200
2023-01-02,Bar soap (48),Personal care,51,0,14400
2023-01-02,Bottled water 75cl (12),Beverages,259,0,3600
2023-01-02,Detergent 900g (12),Household,51,0,21500
2023-01-02,Malt drink 330ml (24),Beverages,120,0,13200
2023-01-02,Orange juice 1L (12),Beverages,52,0,18600
2023-01-02,Plantain chips 150g (20),Snacks,71,0,9200
2023-01-03,Bar soap (48),Personal care,52,0,14400
2023-01-03,Bottled water 75cl (12),Beverages,174,0,3600
2023-01-03,Detergent 900g (12),Household,44,0,21500
2023-01-03,Malt drink 330ml (24),Beverages,119,0,13200
2023-01-03,Orange juice 1L (12),Beverages,51,0,18600
2023-01-03,Plantain chips 150g (20),Snacks,63,0,9200
2023-01-04,Bar soap (48),Personal care,48,0,14400
2023-01-04,Bottled water 75cl (12),Beverages,192,0,3600
2023-01-04,Detergent 900g (12),Household,36,0,21500
2023-01-04,Malt drink 330ml (24),Beverages,94,0,13200
2023-01-04,Orange juice 1L (12),Beverages,48,0,18600
2023-01-04,Plantain chips 150g (20),Snacks,68,0,9200
2023-01-05,Bar soap (48),Personal care,57,0,14400
2023-01-05,Bottled water 75cl (12),Beverages,306,1,3250
2023-01-05,Detergent 900g (12),Household,40,0,21500
2023-01-05,Malt drink 330ml (24),Beverages,104,0,13200
2023-01-05,Orange juice 1L (12),Beverages,55,0,18600
2023-01-05,Plantain chips 150g (20),Snacks,65,0,9200
2023-01-06,Bar soap (48),Personal care,62,0,14400
2023-01-06,Bottled water 75cl (12),Beverages,292,1,3250
2023-01-06,Detergent 900g (12),Household,42,0,21500
2023-01-06,Malt drink 330ml (24),Beverages,114,0,13200
2023-01-06,Orange juice 1L (12),Beverages,51,0,18600
2023-01-06,Plantain chips 150g (20),Snacks,81,0,9200
2023-01-07,Bar soap (48),Personal care,73,0,14400
2023-01-07,Bottled water 75cl (12),Beverages,334,1,3250
2023-01-07,Detergent 900g (12),Household,55,0,21500
2023-01-07,Malt drink 330ml (24),Beverages,155,0,13200
2023-01-07,Orange juice 1L (12),Beverages,61,0,18600
2023-01-07,Plantain chips 150g (20),Snacks,114,1,8300
2023-01-08,Bar soap (48),Personal care,29,0,14400
2023-01-08,Bottled water 75cl (12),Beverages,168,1,3250
2023-01-08,Detergent 900g (12),Household,22,0,21500
2023-01-08,Malt drink 330ml (24),Beverages,59,0,13200
2023-01-08,Orange juice 1L (12),Beverages,25,0,18600
2023-01-08,Plantain chips 150g (20),Snacks,58,1,8300
2023-01-09,Bar soap (48),Personal care,59,0,14400
2023-01-09,Bottled water 75cl (12),Beverages,220,1,3250
2023-01-09,Detergent 900g (12),Household,37,0,21500
2023-01-09,Malt drink 330ml (24),Beverages,119,0,13200
2023-01-09,Orange juice 1L (12),Beverages,53,0,18600
2023-01-09,Plantain chips 150g (20),Snacks,100,1,8300
2023-01-10,Bar soap (48),Personal care,57,0,14400
2023-01-10,Bottled water 75cl (12),Beverages,247,1,3250
2023-01-10,Detergent 900g (12),Household,42,0,21500
2023-01-10,Malt drink 330ml (24),Beverages,84,0,13200
2023-01-10,Orange juice 1L (12),Beverages,58,0,18600
2023-01-10,Plantain chips 150g (20),Snacks,74,1,8300
2023-01-11,Bar soap (48),Personal care,46,0,14400
2023-01-11,Bottled water 75cl (12),Beverages,277,1,3250
2023-01-11,Detergent 900g (12),Household,50,0,21500
2023-01-11,Malt drink 330ml (24),Beverages,114,0,13200
2023-01-11,Orange juice 1L (12),Beverages,48,0,18600
2023-01-11,Plantain chips 150g (20),Snacks,88,1,8300
2023-01-12,Bar soap (48),Personal care,49,0,14400
2023-01-12,Bottled water 75cl (12),Beverages,161,0,3600
2023-01-12,Detergent 900g (12),Household,37,0,21500
2023-01-12,Malt drink 330ml (24),Beverages,103,0,13200
2023-01-12,Orange juice 1L (12),Beverages,55,0,18600
2023-01-12,Plantain chips 150g (20),Snacks,91,1,8300
2023-01-13,Bar soap (48),Personal care,50,0,14400
2023-01-13,Bottled water 75cl (12),Beverages,177,0,3600
2023-01-13,Detergent 900g (12),Household,51,0,21500
2023-01-13,Malt drink 330ml (24),Beverages,108,0,13200
2023-01-13,Orange juice 1L (12),Beverages,40,0,18600
2023-01-13,Plantain chips 150g (20),Snacks,113,1,8300
2023-01-14,Bar soap (48),Personal care,63,0,14400
2023-01-14,Bottled water 75cl (12),Beverages,231,0,3600
2023-01-14,Detergent 900g (12),Household,43,0,21500
2023-01-14,Malt drink 330ml (24),Beverages,154,0,13200
2023-01-14,Orange juice 1L (12),Beverages,64,0,18600
2023-01-14,Plantain chips 150g (20),Snacks,69,0,9200
2023-01-15,Bar soap (48),Personal care,25,0,14400
2023-01-15,Bottled water 75cl (12),Beverages,109,0,3600
2023-01-15,Detergent 900g (12),Household,20,0,21500
2023-01-15,Malt drink 330ml (24),Beverages,54,0,13200
2023-01-15,Orange juice 1L (12),Beverages,32,0,18600
2023-01-15,Plantain chips 150g (20),Snacks,37,0,9200
2023-01-16,Bar soap (48),Personal care,54,0,14400
2023-01-16,Bottled water 75cl (12),Beverages,158,0,3600
2023-01-16,Detergent 900g (12),Household,36,0,21500
2023-01-16,Malt drink 330ml (24),Beverages,125,0,13200
2023-01-16,Orange juice 1L (12),Beverages,51,0,18600
2023-01-16,Plantain chips 150g (20),Snacks,54,0,9200
2023-01-17,Bar soap (48),Personal care,50,0,14400
2023-01-17,Bottled water 75cl (12),Beverages,133,0,3600
2023-01-17,Detergent 900g (12),Household,33,0,21500
2023-01-17,Malt drink 330ml (24),Beverages,121,0,13200
2023-01-17,Orange juice 1L (12),Beverages,53,0,18600
2023-01-17,Plantain chips 150g (20),Snacks,59,0,9200
2023-01-18,Bar soap (48),Personal care,61,0,14400
2023-01-18,Bottled water 75cl (12),Beverages,162,0,3600
2023-01-18,Detergent 900g (12),Household,62,1,19350
2023-01-18,Malt drink 330ml (24),Beverages,87,0,13200
2023-01-18,Orange juice 1L (12),Beverages,52,0,18600
2023-01-18,Plantain chips 150g (20),Snacks,62,0,9200
2023-01-19,Bar soap (48),Personal care,54,0,14400
2023-01-19,Bottled water 75cl (12),Beverages,168,0,3600
2023-01-19,Detergent 900g (12),Household,72,1,19350
2023-01-19,Malt drink 330ml (24),Beverages,128,0,13200
2023-01-19,Orange juice 1L (12),Beverages,62,0,18600
2023-01-19,Plantain chips 150g (20),Snacks,50,0,9200
2023-01-20,Bar soap (48),Personal care,59,0,14400
2023-01-20,Bottled water 75cl (12),Beverages,207,0,3600
2023-01-20,Detergent 900g (12),Household,80,1,19350
2023-01-20,Malt drink 330ml (24),Beverages,117,0,13200
2023-01-20,Orange juice 1L (12),Beverages,56,0,18600
2023-01-20,Plantain chips 150g (20),Snacks,69,0,9200
2023-01-21,Bar soap (48),Personal care,73,0,14400
2023-01-21,Bottled water 75cl (12),Beverages,203,0,3600
2023-01-21,Detergent 900g (12),Household,85,1,19350
2023-01-21,Malt drink 330ml (24),Beverages,121,0,13200
2023-01-21,Orange juice 1L (12),Beverages,67,0,18600
2023-01-21,Plantain chips 150g (20),Snacks,76,0,9200
2023-01-22,Bar soap (48),Personal care,40,0,14400
2023-01-22,Bottled water 75cl (12),Beverages,100,0,3600
2023-01-22,Detergent 900g (12),Household,31,1,19350
2023-01-22,Malt drink 330ml (24),Beverages,55,0,13200
2023-01-22,Orange juice 1L (12),Beverages,26,0,18600
2023-01-22,Plantain chips 150g (20),Snacks,27,0,9200
2023-01-23,Bar soap (48),Personal care,49,0,14400
2023-01-23,Bottled water 75cl (12),Beverages,184,0,3600
2023-01-23,Detergent 900g (12),Household,58,1,19350
2023-01-23,Malt drink 330ml (24),Beverages,90,0,13200
2023-01-23,Orange juice 1L (12),Beverages,51,0,18600
2023-01-23,Plantain chips 150g (20),Snacks,72,0,9200
2023-01-24,Bar soap (48),Personal care,54,0,14400
2023-01-24,Bottled water 75cl (12),Beverages,182,0,3600
2023-01-24,Detergent 900g (12),Household,61,1,19350
2023-01-24,Malt drink 330ml (24),Beverages,106,0,13200
2023-01-24,Orange juice 1L (12),Beverages,43,0,18600
2023-01-24,Plantain chips 150g (20),Snacks,57,0,9200
2023-01-25,Bar soap (48),Personal care,57,0,14400
2023-01-25,Bottled water 75cl (12),Beverages,191,0,3600
2023-01-25,Detergent 900g (12),Household,40,0,21500
2023-01-25,Malt drink 330ml (24),Beverages,110,0,13200
2023-01-25,Orange juice 1L (12),Beverages,52,0,18600
2023-01-25,Plantain chips 150g (20),Snacks,62,0,9200
2023-01-26,Bar soap (48),Personal care,55,0,14400
2023-01-26,Bottled water 75cl (12),Beverages,221,0,3600
2023-01-26,Detergent 900g (12),Household,36,0,21500
2023-01-26,Malt drink 330ml (24),Beverages,113,0,13200
2023-01-26,Orange juice 1L (12),Beverages,63,0,18600
2023-01-26,Plantain chips 150g (20),Snacks,59,0,9200
2023-01-27,Bar soap (48),Personal care,58,0,14400
2023-01-27,Bottled water 75cl (12),Beverages,184,0,3600
2023-01-27,Detergent 900g (12),Household,41,0,21500
2023-01-27,Malt drink 330ml (24),Beverages,112,0,13200
2023-01-27,Orange juice 1L (12),Beverages,53,0,18600
2023-01-27,Plantain chips 150g (20),Snacks,76,0,9200
2023-01-28,Bar soap (48),Personal care,66,0,14400
2023-01-28,Bottled water 75cl (12),Beverages,228,0,3600
2023-01-28,Detergent 900g (12),Household,44,0,21500
2023-01-28,Malt drink 330ml (24),Beverages,111,0,13200
2023-01-28,Orange juice 1L (12),Beverages,64,0,18600
2023-01-28,Plantain chips 150g (20),Snacks,63,0,9200
2023-01-29,Bar soap (48),Personal care,31,0,14400
2023-01-29,Bottled water 75cl (12),Beverages,119,0,3600
2023-01-29,Detergent 900g (12),Household,18,0,21500
2023-01-29,Malt drink 330ml (24),Beverages,68,0,13200
2023-01-29,Orange juice 1L (12),Beverages,37,0,18600
2023-01-29,Plantain chips 150g (20),Snacks,33,0,9200
2023-01-30,Bar soap (48),Personal care,59,0,14400
2023-01-30,Bottled water 75cl (12),Beverages,228,0,3600
2023-01-30,Detergent 900g (12),Household,42,0,21500
2023-01-30,Malt drink 330ml (24),Beverages,138,0,13200
2023-01-30,Orange juice 1L (12),Beverages,59,0,18600
2023-01-30,Plantain chips 150g (20),Snacks,69,0,9200
2023-01-31,Bar soap (48),Personal care,54,0,14400
2023-01-31,Bottled water 75cl (12),Beverages,245,0,3600
2023-01-31,Detergent 900g (12),Household,47,0,21500
2023-01-31,Malt drink 330ml (24),Beverages,136,0,13200
2023-01-31,Orange juice 1L (12),Beverages,61,0,18600
2023-01-31,Plantain chips 150g (20),Snacks,65,0,9200
2023-02-01,Bar soap (48),Personal care,75,0,14400
2023-02-01,Bottled water 75cl (12),Beverages,298,0,3600
2023-02-01,Detergent 900g (12),Household,51,0,21500
2023-02-01,Malt drink 330ml (24),Beverages,165,0,13200
2023-02-01,Orange juice 1L (12),Beverages,68,0,18600
2023-02-01,Plantain chips 150g (20),Snacks,93,0,9200
2023-02-02,Bar soap (48),Personal care,57,0,14400
2023-02-02,Bottled water 75cl (12),Beverages,225,0,3600
2023-02-02,Detergent 900g (12),Household,41,0,21500
2023-02-02,Malt drink 330ml (24),Beverages,157,0,13200
2023-02-02,Orange juice 1L (12),Beverages,63,0,18600
2023-02-02,Plantain chips 150g (20),Snacks,86,0,9200
2023-02-03,Bar soap (48),Personal care,66,0,14400
2023-02-03,Bottled water 75cl (12),Beverages,249,0,3600
2023-02-03,Detergent 900g (12),Household,53,0,21500
2023-02-03,Malt drink 330ml (24),Beverages,146,0,13200
2023-02-03,Orange juice 1L (12),Beverages,67,0,18600
2023-02-03,Plantain chips 150g (20),Snacks,92,0,9200
2023-02-04,Bar soap (48),Personal care,81,0,14400
2023-02-04,Bottled water 75cl (12),Beverages,222,0,3600
2023-02-04,Detergent 900g (12),Household,64,0,21500
2023-02-04,Malt drink 330ml (24),Beverages,145,0,13200
2023-02-04,Orange juice 1L (12),Beverages,66,0,18600
2023-02-04,Plantain chips 150g (20),Snacks,102,0,9200
2023-02-05,Bar soap (48),Personal care,37,0,14400
2023-02-05,Bottled water 75cl (12),Beverages,116,0,3600
2023-02-05,Detergent 900g (12),Household,28,0,21500
2023-02-05,Malt drink 330ml (24),Beverages,61,0,13200
2023-02-05,Orange juice 1L (12),Beverages,35,0,18600
2023-02-05,Plantain chips 150g (20),Snacks,39,0,9200
2023-02-06,Bar soap (48),Personal care,62,0,14400
2023-02-06,Bottled water 75cl (12),Beverages,235,0,3600
2023-02-06,Detergent 900g (12),Household,49,0,21500
2023-02-06,Malt drink 330ml (24),Beverages,136,0,13200
2023-02-06,Orange juice 1L (12),Beverages,58,0,18600
2023-02-06,Plantain chips 150g (20),Snacks,73,0,9200
2023-02-07,Bar soap (48),Personal care,60,0,14400
2023-02-07,Bottled water 75cl (12),Beverages,261,0,3600
2023-02-07,Detergent 900g (12),Household,48,0,21500
2023-02-07,Malt drink 330ml (24),Beverages,99,0,13200
2023-02-07,Orange juice 1L (12),Beverages,62,0,18600
2023-02-07,Plantain chips 150g (20),Snacks,70,0,9200
2023-02-08,Bar soap (48),Personal care,58,0,14400
2023-02-08,Bottled water 75cl (12),Beverages,216,0,3600
2023-02-08,Detergent 900g (12),Household,47,0,21500
2023-02-08,Malt drink 330ml (24),Beverages,123,0,13200
2023-02-08,Orange juice 1L (12),Beverages,54,0,18600
2023-02-08,Plantain chips 150g (20),Snacks,80,0,9200
2023-02-09,Bar soap (48),Personal care,61,0,14400
2023-02-09,Bottled water 75cl (12),Beverages,195,0,3600
2023-02-09,Detergent 900g (12),Household,58,0,21500
2023-02-09,Malt drink 330ml (24),Beverages,124,0,13200
2023-02-09,Orange juice 1L (12),Beverages,56,0,18600
2023-02-09,Plantain chips 150g (20),Snacks,64,0,9200
2023-02-10,Bar soap (48),Personal care,70,0,14400
2023-02-10,Bottled water 75cl (12),Beverages,206,0,3600
2023-02-10,Detergent 900g (12),Household,52,0,21500
2023-02-10,Malt drink 330ml (24),Beverages,144,0,13200
2023-02-10,Orange juice 1L (12),Beverages,71,0,18600
2023-02-10,Plantain chips 150g (20),Snacks,104,0,9200
2023-02-11,Bar soap (48),Personal care,82,0,14400
2023-02-11,Bottled water 75cl (12),Beverages,280,0,3600
2023-02-11,Detergent 900g (12),Household,51,0,21500
2023-02-11,Malt drink 330ml (24),Beverages,147,0,13200
2023-02-11,Orange juice 1L (12),Beverages,59,0,18600
2023-02-11,Plantain chips 150g (20),Snacks,113,0,9200
2023-02-12,Bar soap (48),Personal care,37,0,14400
2023-02-12,Bottled water 75cl (12),Beverages,118,0,3600
2023-02-12,Detergent 900g (12),Household,23,0,21500
2023-02-12,Malt drink 330ml (24),Beverages,66,0,13200
2023-02-12,Orange juice 1L (12),Beverages,30,0,18600
2023-02-12,Plantain chips 150g (20),Snacks,43,0,9200
2023-02-13,Bar soap (48),Personal care,72,0,14400
2023-02-13,Bottled water 75cl (12),Beverages,199,0,3600
2023-02-13,Detergent 900g (12),Household,39,0,21500
2023-02-13,Malt drink 330ml (24),Beverages,118,0,13200
2023-02-13,Orange juice 1L (12),Beverages,52,0,18600
2023-02-13,Plantain chips 150g (20),Snacks,85,0,9200
2023-02-14,Bar soap (48),Personal care,62,0,14400
2023-02-14,Bottled water 75cl (12),Beverages,200,0,3600
2023-02-14,Detergent 900g (12),Household,38,0,21500
2023-02-14,Malt drink 330ml (24),Beverages,112,0,13200
2023-02-14,Orange juice 1L (12),Beverages,52,0,18600
2023-02-14,Plantain chips 150g (20),Snacks,75,0,9200
2023-02-15,Bar soap (48),Personal care,58,0,14400
2023-02-15,Bottled water 75cl (12),Beverages,188,0,3600
2023-02-15,Detergent 900g (12),Household,46,0,21500
2023-02-15,Malt drink 330ml (24),Beverages,116,0,13200
2023-02-15,Orange juice 1L (12),Beverages,58,0,18600
2023-02-15,Plantain chips 150g (20),Snacks,67,0,9200
2023-02-16,Bar soap (48),Personal care,73,0,14400
2023-02-16,Bottled water 75cl (12),Beverages,198,0,3600
2023-02-16,Detergent 900g (12),Household,56,0,21500
2023-02-16,Malt drink 330ml (24),Beverages,124,0,13200
2023-02-16,Orange juice 1L (12),Beverages,54,0,18600
2023-02-16,Plantain chips 150g (20),Snacks,84,0,9200
2023-02-17,Bar soap (48),Personal care,62,0,14400
2023-02-17,Bottled water 75cl (12),Beverages,267,0,3600
2023-02-17,Detergent 900g (12),Household,57,0,21500
2023-02-17,Malt drink 330ml (24),Beverages,153,0,13200
2023-02-17,Orange juice 1L (12),Beverages,55,0,18600
2023-02-17,Plantain chips 150g (20),Snacks,70,0,9200
2023-02-18,Bar soap (48),Personal care,83,0,14400
2023-02-18,Bottled water 75cl (12),Beverages,238,0,3600
2023-02-18,Detergent 900g (12),Household,56,0,21500
2023-02-18,Malt drink 330ml (24),Beverages,170,0,13200
2023-02-18,Orange juice 1L (12),Beverages,82,0,18600
2023-02-18,Plantain chips 150g (20),Snacks,96,0,9200
2023-02-19,Bar soap (48),Personal care,32,0,14400
2023-02-19,Bottled water 75cl (12),Beverages,115,0,3600
2023-02-19,Detergent 900g (12),Household,24,0,21500
2023-02-19,Malt drink 330ml (24),Beverages,77,0,13200
2023-02-19,Orange juice 1L (12),Beverages,30,0,18600
2023-02-19,Plantain chips 150g (20),Snacks,34,0,9200
2023-02-20,Bar soap (48),Personal care,55,0,14400
2023-02-20,Bottled water 75cl (12),Beverages,261,0,3600
2023-02-20,Detergent 900g (12),Household,48,0,21500
2023-02-20,Malt drink 330ml (24),Beverages,137,0,13200
2023-02-20,Orange juice 1L (12),Beverages,59,0,18600
2023-02-20,Plantain chips 150g (20),Snacks,73,0,9200
2023-02-21,Bar soap (48),Personal care,69,0,14400
2023-02-21,Bottled water 75cl (12),Beverages,266,0,3600
2023-02-21,Detergent 900g (12),Household,44,0,21500
2023-02-21,Malt drink 330ml (24),Beverages,106,0,13200
2023-02-21,Orange juice 1L (12),Beverages,46,0,18600
2023-02-21,Plantain chips 150g (20),Snacks,75,0,9200
2023-02-22,Bar soap (48),Personal care,65,0,14400
2023-02-22,Bottled water 75cl (12),Beverages,185,0,3600
2023-02-22,Detergent 900g (12),Household,47,0,21500
2023-02-22,Malt drink 330ml (24),Beverages,129,0,13200
2023-02-22,Orange juice 1L (12),Beverages,55,0,18600
2023-02-22,Plantain chips 150g (20),Snacks,60,0,9200
2023-02-23,Bar soap (48),Personal care,58,0,14400
2023-02-23,Bottled water 75cl (12),Beverages,204,0,3600
2023-02-23,Detergent 900g (12),Household,59,0,21500
2023-02-23,Malt drink 330ml (24),Beverages,125,0,13200
2023-02-23,Orange juice 1L (12),Beverages,63,0,18600
2023-02-23,Plantain chips 150g (20),Snacks,82,0,9200
2023-02-24,Bar soap (48),Personal care,57,0,14400
2023-02-24,Bottled water 75cl (12),Beverages,286,0,3600
2023-02-24,Detergent 900g (12),Household,47,0,21500
2023-02-24,Malt drink 330ml (24),Beverages,127,0,13200
2023-02-24,Orange juice 1L (12),Beverages,67,0,18600
2023-02-24,Plantain chips 150g (20),Snacks,77,0,9200
2023-02-25,Bar soap (48),Personal care,73,0,14400
2023-02-25,Bottled water 75cl (12),Beverages,305,0,3600
2023-02-25,Detergent 900g (12),Household,56,0,21500
2023-02-25,Malt drink 330ml (24),Beverages,167,0,13200
2023-02-25,Orange juice 1L (12),Beverages,78,0,18600
2023-02-25,Plantain chips 150g (20),Snacks,89,0,9200
2023-02-26,Bar soap (48),Personal care,42,0,14400
2023-02-26,Bottled water 75cl (12),Beverages,148,0,3600
2023-02-26,Detergent 900g (12),Household,30,0,21500
2023-02-26,Malt drink 330ml (24),Beverages,83,0,13200
2023-02-26,Orange juice 1L (12),Beverages,37,0,18600
2023-02-26,Plantain chips 150g (20),Snacks,46,0,9200
2023-02-27,Bar soap (48),Personal care,65,0,14400
2023-02-27,Bottled water 75cl (12),Beverages,267,0,3600
2023-02-27,Detergent 900g (12),Household,47,0,21500
2023-02-27,Malt drink 330ml (24),Beverages,148,0,13200
2023-02-27,Orange juice 1L (12),Beverages,58,0,18600
2023-02-27,Plantain chips 150g (20),Snacks,70,0,9200
2023-02-28,Bar soap (48),Personal care,71,0,14400
2023-02-28,Bottled water 75cl (12),Beverages,198,0,3600
2023-02-28,Detergent 900g (12),Household,60,1,19350
2023-02-28,Malt drink 330ml (24),Beverages,116,0,13200
2023-02-28,Orange juice 1L (12),Beverages,61,0,18600
2023-02-28,Plantain chips 150g (20),Snacks,82,0,9200
2023-03-01,Bar soap (48),Personal care,78,0,14400
2023-03-01,Bottled water 75cl (12),Beverages,210,0,3600
2023-03-01,Detergent 900g (12),Household,71,1,19350
2023-03-01,Malt drink 330ml (24),Beverages,173,0,13200
2023-03-01,Orange juice 1L (12),Beverages,60,0,18600
2023-03-01,Plantain chips 150g (20),Snacks,87,0,9200
2023-03-02,Bar soap (48),Personal care,66,0,14400
2023-03-02,Bottled water 75cl (12),Beverages,240,0,3600
2023-03-02,Detergent 900g (12),Household,91,1,19350
2023-03-02,Malt drink 330ml (24),Beverages,132,0,13200
2023-03-02,Orange juice 1L (12),Beverages,67,0,18600
2023-03-02,Plantain chips 150g (20),Snacks,91,0,9200
2023-03-03,Bar soap (48),Personal care,60,0,14400
2023-03-03,Bottled water 75cl (12),Beverages,205,0,3600
2023-03-03,Detergent 900g (12),Household,73,1,19350
2023-03-03,Malt drink 330ml (24),Beverages,221,1,11900
2023-03-03,Orange juice 1L (12),Beverages,67,0,18600
2023-03-03,Plantain chips 150g (20),Snacks,117,1,8300
2023-03-04,Bar soap (48),Personal care,99,0,14400
2023-03-04,Bottled water 75cl (12),Beverages,292,0,3600
2023-03-04,Detergent 900g (12),Household,60,1,19350
2023-03-04,Malt drink 330ml (24),Beverages,235,1,11900
2023-03-04,Orange juice 1L (12),Beverages,75,0,18600
2023-03-04,Plantain chips 150g (20),Snacks,149,1,8300
2023-03-05,Bar soap (48),Personal care,32,0,14400
2023-03-05,Bottled water 75cl (12),Beverages,128,0,3600
2023-03-05,Detergent 900g (12),Household,34,1,19350
2023-03-05,Malt drink 330ml (24),Beverages,87,1,11900
2023-03-05,Orange juice 1L (12),Beverages,34,0,18600
2023-03-05,Plantain chips 150g (20),Snacks,58,1,8300
2023-03-06,Bar soap (48),Personal care,56,0,14400
2023-03-06,Bottled water 75cl (12),Beverages,192,0,3600
2023-03-06,Detergent 900g (12),Household,69,1,19350
2023-03-06,Malt drink 330ml (24),Beverages,171,1,11900
2023-03-06,Orange juice 1L (12),Beverages,57,0,18600
2023-03-06,Plantain chips 150g (20),Snacks,105,1,8300
2023-03-07,Bar soap (48),Personal care,59,0,14400
2023-03-07,Bottled water 75cl (12),Beverages,216,0,3600
2023-03-07,Detergent 900g (12),Household,46,0,21500
2023-03-07,Malt drink 330ml (24),Beverages,187,1,11900
2023-03-07,Orange juice 1L (12),Beverages,64,0,18600
2023-03-07,Plantain chips 150g (20),Snacks,103,1,8300
2023-03-08,Bar soap (48),Personal care,59,0,14400
2023-03-08,Bottled water 75cl (12),Beverages,212,0,3600
2023-03-08,Detergent 900g (12),Household,40,0,21500
2023-03-08,Malt drink 330ml (24),Beverages,210,1,11900
2023-03-08,Orange juice 1L (12),Beverages,54,0,18600
2023-03-08,Plantain chips 150g (20),Snacks,113,1,8300
2023-03-09,Bar soap (48),Personal care,70,0,14400
2023-03-09,Bottled water 75cl (12),Beverages,234,0,3600
2023-03-09,Detergent 900g (12),Household,34,0,21500
2023-03-09,Malt drink 330ml (24),Beverages,171,1,11900
2023-03-09,Orange juice 1L (12),Beverages,52,0,18600
2023-03-09,Plantain chips 150g (20),Snacks,104,1,8300
2023-03-10,Bar soap (48),Personal care,81,0,14400
2023-03-10,Bottled water 75cl (12),Beverages,232,0,3600
2023-03-10,Detergent 900g (12),Household,48,0,21500
2023-03-10,Malt drink 330ml (24),Beverages,167,1,11900
2023-03-10,Orange juice 1L (12),Beverages,57,0,18600
2023-03-10,Plantain chips 150g (20),Snacks,127,1,8300
2023-03-11,Bar soap (48),Personal care,80,0,14400
2023-03-11,Bottled water 75cl (12),Beverages,278,0,3600
2023-03-11,Detergent 900g (12),Household,51,0,21500
2023-03-11,Malt drink 330ml (24),Beverages,153,0,13200
2023-03-11,Orange juice 1L (12),Beverages,76,0,18600
2023-03-11,Plantain chips 150g (20),Snacks,132,1,8300
2023-03-12,Bar soap (48),Personal care,34,0,14400
2023-03-12,Bottled water 75cl (12),Beverages,121,0,3600
2023-03-12,Detergent 900g (12),Household,19,0,21500
2023-03-12,Malt drink 330ml (24),Beverages,66,0,13200
2023-03-12,Orange juice 1L (12),Beverages,33,0,18600
2023-03-12,Plantain chips 150g (20),Snacks,52,1,8300
2023-03-13,Bar soap (48),Personal care,61,0,14400
2023-03-13,Bottled water 75cl (12),Beverages,211,0,3600
2023-03-13,Detergent 900g (12),Household,52,0,21500
2023-03-13,Malt drink 330ml (24),Beverages,131,0,13200
2023-03-13,Orange juice 1L (12),Beverages,50,0,18600
2023-03-13,Plantain chips 150g (20),Snacks,56,0,9200
2023-03-14,Bar soap (48),Personal care,60,0,14400
2023-03-14,Bottled water 75cl (12),Beverages,246,0,3600
2023-03-14,Detergent 900g (12),Household,47,0,21500
2023-03-14,Malt drink 330ml (24),Beverages,89,0,13200
2023-03-14,Orange juice 1L (12),Beverages,47,0,18600
2023-03-14,Plantain chips 150g (20),Snacks,69,0,9200
2023-03-15,Bar soap (48),Personal care,59,0,14400
2023-03-15,Bottled water 75cl (12),Beverages,210,0,3600
2023-03-15,Detergent 900g (12),Household,43,0,21500
2023-03-15,Malt drink 330ml (24),Beverages,110,0,13200
2023-03-15,Orange juice 1L (12),Beverages,65,0,18600
2023-03-15,Plantain chips 150g (20),Snacks,63,0,9200
2023-03-16,Bar soap (48),Personal care,71,0,14400
2023-03-16,Bottled water 75cl (12),Beverages,198,0,3600
2023-03-16,Detergent 900g (12),Household,57,0,21500
2023-03-16,Malt drink 330ml (24),Beverages,113,0,13200
2023-03-16,Orange juice 1L (12),Beverages,63,0,18600
2023-03-16,Plantain chips 150g (20),Snacks,75,0,9200
2023-03-17,Bar soap (48),Personal care,67,0,14400
2023-03-17,Bottled water 75cl (12),Beverages,250,0,3600
2023-03-17,Detergent 900g (12),Household,51,0,21500
2023-03-17,Malt drink 330ml (24),Beverages,105,0,13200
2023-03-17,Orange juice 1L (12),Beverages,70,0,18600
2023-03-17,Plantain chips 150g (20),Snacks,77,0,9200
2023-03-18,Bar soap (48),Personal care,84,0,14400
2023-03-18,Bottled water 75cl (12),Beverages,253,0,3600
2023-03-18,Detergent 900g (12),Household,58,0,21500
2023-03-18,Malt drink 330ml (24),Beverages,196,0,13200
2023-03-18,Orange juice 1L (12),Beverages,94,1,16750
2023-03-18,Plantain chips 150g (20),Snacks,86,0,9200
2023-03-19,Bar soap (48),Personal care,36,0,14400
2023-03-19,Bottled water 75cl (12),Beverages,134,0,3600
2023-03-19,Detergent 900g (12),Household,23,0,21500
2023-03-19,Malt drink 330ml (24),Beverages,75,0,13200
2023-03-19,Orange juice 1L (12),Beverages,58,1,16750
2023-03-19,Plantain chips 150g (20),Snacks,34,0,9200
2023-03-20,Bar soap (48),Personal care,67,0,14400
2023-03-20,Bottled water 75cl (12),Beverages,218,0,3600
2023-03-20,Detergent 900g (12),Household,38,0,21500
2023-03-20,Malt drink 330ml (24),Beverages,119,0,13200
2023-03-20,Orange juice 1L (12),Beverages,95,1,16750
2023-03-20,Plantain chips 150g (20),Snacks,76,0,9200
2023-03-21,Bar soap (48),Personal care,65,0,14400
2023-03-21,Bottled water 75cl (12),Beverages,180,0,3600
2023-03-21,Detergent 900g (12),Household,45,0,21500
2023-03-21,Malt drink 330ml (24),Beverages,140,0,13200
2023-03-21,Orange juice 1L (12),Beverages,77,1,16750
2023-03-21,Plantain chips 150g (20),Snacks,55,0,9200
2023-03-22,Bar soap (48),Personal care,71,0,14400
2023-03-22,Bottled water 75cl (12),Beverages,187,0,3600
2023-03-22,Detergent 900g (12),Household,50,0,21500
2023-03-22,Malt drink 330ml (24),Beverages,122,0,13200
2023-03-22,Orange juice 1L (12),Beverages,94,1,16750
2023-03-22,Plantain chips 150g (20),Snacks,69,0,9200
2023-03-23,Bar soap (48),Personal care,67,0,14400
2023-03-23,Bottled water 75cl (12),Beverages,205,0,3600
2023-03-23,Detergent 900g (12),Household,51,0,21500
2023-03-23,Malt drink 330ml (24),Beverages,119,0,13200
2023-03-23,Orange juice 1L (12),Beverages,114,1,16750
2023-03-23,Plantain chips 150g (20),Snacks,61,0,9200
2023-03-24,Bar soap (48),Personal care,69,0,14400
2023-03-24,Bottled water 75cl (12),Beverages,280,0,3600
2023-03-24,Detergent 900g (12),Household,52,0,21500
2023-03-24,Malt drink 330ml (24),Beverages,171,0,13200
2023-03-24,Orange juice 1L (12),Beverages,94,1,16750
2023-03-24,Plantain chips 150g (20),Snacks,80,0,9200
2023-03-25,Bar soap (48),Personal care,83,0,14400
2023-03-25,Bottled water 75cl (12),Beverages,299,0,3600
2023-03-25,Detergent 900g (12),Household,50,0,21500
2023-03-25,Malt drink 330ml (24),Beverages,144,0,13200
2023-03-25,Orange juice 1L (12),Beverages,65,0,18600
2023-03-25,Plantain chips 150g (20),Snacks,72,0,9200
2023-03-26,Bar soap (48),Personal care,37,0,14400
2023-03-26,Bottled water 75cl (12),Beverages,122,0,3600
2023-03-26,Detergent 900g (12),Household,28,0,21500
2023-03-26,Malt drink 330ml (24),Beverages,61,0,13200
2023-03-26,Orange juice 1L (12),Beverages,25,0,18600
2023-03-26,Plantain chips 150g (20),Snacks,46,0,9200
2023-03-27,Bar soap (48),Personal care,70,0,14400
2023-03-27,Bottled water 75cl (12),Beverages,220,0,3600
2023-03-27,Detergent 900g (12),Household,43,0,21500
2023-03-27,Malt drink 330ml (24),Beverages,144,0,13200
2023-03-27,Orange juice 1L (12),Beverages,52,0,18600
2023-03-27,Plantain chips 150g (20),Snacks,76,0,9200
2023-03-28,Bar soap (48),Personal care,53,0,14400
2023-03-28,Bottled water 75cl (12),Beverages,212,0,3600
2023-03-28,Detergent 900g (12),Household,38,0,21500
2023-03-28,Malt drink 330ml (24),Beverages,131,0,13200
2023-03-28,Orange juice 1L (12),Beverages,44,0,18600
2023-03-28,Plantain chips 150g (20),Snacks,64,0,9200
2023-03-29,Bar soap (48),Personal care,67,0,14400
2023-03-29,Bottled water 75cl (12),Beverages,225,0,3600
2023-03-29,Detergent 900g (12),Household,49,0,21500
2023-03-29,Malt drink 330ml (24),Beverages,131,0,13200
2023-03-29,Orange juice 1L (12),Beverages,56,0,18600
2023-03-29,Plantain chips 150g (20),Snacks,64,0,9200
2023-03-30,Bar soap (48),Personal care,88,0,14400
2023-03-30,Bottled water 75cl (12),Beverages,268,0,3600
2023-03-30,Detergent 900g (12),Household,57,0,21500
2023-03-30,Malt drink 330ml (24),Beverages,131,0,13200
2023-03-30,Orange juice 1L (12),Beverages,95,1,16750
2023-03-30,Plantain chips 150g (20),Snacks,91,0,9200
2023-03-31,Bar soap (48),Personal care,72,0,14400
2023-03-31,Bottled water 75cl (12),Beverages,293,0,3600
2023-03-31,Detergent 900g (12),Household,58,0,21500
2023-03-31,Malt drink 330ml (24),Beverages,155,0,13200
2023-03-31,Orange juice 1L (12),Beverages,119,1,16750
2023-03-31,Plantain chips 150g (20),Snacks,103,0,9200
2023-04-01,Bar soap (48),Personal care,81,0,14400
2023-04-01,Bottled water 75cl (12),Beverages,327,0,3600
2023-04-01,Detergent 900g (12),Household,70,0,21500
2023-04-01,Malt drink 330ml (24),Beverages,186,0,13200
2023-04-01,Orange juice 1L (12),Beverages,110,1,16750
2023-04-01,Plantain chips 150g (20),Snacks,102,0,9200
2023-04-02,Bar soap (48),Personal care,47,0,14400
2023-04-02,Bottled water 75cl (12),Beverages,151,0,3600
2023-04-02,Detergent 900g (12),Household,30,0,21500
2023-04-02,Malt drink 330ml (24),Beverages,80,0,13200
2023-04-02,Orange juice 1L (12),Beverages,50,1,16750
2023-04-02,Plantain chips 150g (20),Snacks,40,0,9200
2023-04-03,Bar soap (48),Personal care,72,0,14400
2023-04-03,Bottled water 75cl (12),Beverages,230,0,3600
2023-04-03,Detergent 900g (12),Household,46,0,21500
2023-04-03,Malt drink 330ml (24),Beverages,134,0,13200
2023-04-03,Orange juice 1L (12),Beverages,80,1,16750
2023-04-03,Plantain chips 150g (20),Snacks,78,0,9200
2023-04-04,Bar soap (48),Personal care,67,0,14400
2023-04-04,Bottled water 75cl (12),Beverages,236,0,3600
2023-04-04,Detergent 900g (12),Household,55,0,21500
2023-04-04,Malt drink 330ml (24),Beverages,111,0,13200
2023-04-04,Orange juice 1L (12),Beverages,83,1,16750
2023-04-04,Plantain chips 150g (20),Snacks,67,0,9200
2023-04-05,Bar soap (48),Personal care,102,1,12950
2023-04-05,Bottled water 75cl (12),Beverages,187,0,3600
2023-04-05,Detergent 900g (12),Household,48,0,21500
2023-04-05,Malt drink 330ml (24),Beverages,118,0,13200
2023-04-05,Orange juice 1L (12),Beverages,79,1,16750
2023-04-05,Plantain chips 150g (20),Snacks,79,0,9200
2023-04-06,Bar soap (48),Personal care,90,1,12950
2023-04-06,Bottled water 75cl (12),Beverages,197,0,3600
2023-04-06,Detergent 900g (12),Household,44,0,21500
2023-04-06,Malt drink 330ml (24),Beverages,137,0,13200
2023-04-06,Orange juice 1L (12),Beverages,106,1,16750
2023-04-06,Plantain chips 150g (20),Snacks,67,0,9200
2023-04-07,Bar soap (48),Personal care,95,1,12950
2023-04-07,Bottled water 75cl (12),Beverages,299,0,3600
2023-04-07,Detergent 900g (12),Household,44,0,21500
2023-04-07,Malt drink 330ml (24),Beverages,148,0,13200
2023-04-07,Orange juice 1L (12),Beverages,114,1,16750
2023-04-07,Plantain chips 150g (20),Snacks,82,0,9200
2023-04-08,Bar soap (48),Personal care,152,1,12950
2023-04-08,Bottled water 75cl (12),Beverages,232,0,3600
2023-04-08,Detergent 900g (12),Household,67,0,21500
2023-04-08,Malt drink 330ml (24),Beverages,149,0,13200
2023-04-08,Orange juice 1L (12),Beverages,137,1,16750
2023-04-08,Plantain chips 150g (20),Snacks,110,0,9200
2023-04-09,Bar soap (48),Personal care,42,1,12950
2023-04-09,Bottled water 75cl (12),Beverages,116,0,3600
2023-04-09,Detergent 900g (12),Household,20,0,21500
2023-04-09,Malt drink 330ml (24),Beverages,71,0,13200
2023-04-09,Orange juice 1L (12),Beverages,44,1,16750
2023-04-09,Plantain chips 150g (20),Snacks,37,0,9200
2023-04-10,Bar soap (48),Personal care,87,1,12950
2023-04-10,Bottled water 75cl (12),Beverages,173,0,3600
2023-04-10,Detergent 900g (12),Household,46,0,21500
2023-04-10,Malt drink 330ml (24),Beverages,137,0,13200
2023-04-10,Orange juice 1L (12),Beverages,90,1,16750
2023-04-10,Plantain chips 150g (20),Snacks,87,0,9200
2023-04-11,Bar soap (48),Personal care,86,1,12950
2023-04-11,Bottled water 75cl (12),Beverages,226,0,3600
2023-04-11,Detergent 900g (12),Household,43,0,21500
2023-04-11,Malt drink 330ml (24),Beverages,117,0,13200
2023-04-11,Orange juice 1L (12),Beverages,72,1,16750
2023-04-11,Plantain chips 150g (20),Snacks,88,0,9200
2023-04-12,Bar soap (48),Personal care,62,0,14400
2023-04-12,Bottled water 75cl (12),Beverages,229,0,3600
2023-04-12,Detergent 900g (12),Household,45,0,21500
2023-04-12,Malt drink 330ml (24),Beverages,141,0,13200
2023-04-12,Orange juice 1L (12),Beverages,85,1,16750
2023-04-12,Plantain chips 150g (20),Snacks,82,0,9200
2023-04-13,Bar soap (48),Personal care,52,0,14400
2023-04-13,Bottled water 75cl (12),Beverages,183,0,3600
2023-04-13,Detergent 900g (12),Household,47,0,21500
2023-04-13,Malt drink 330ml (24),Beverages,137,0,13200
2023-04-13,Orange juice 1L (12),Beverages,57,0,18600
2023-04-13,Plantain chips 150g (20),Snacks,71,0,9200
2023-04-14,Bar soap (48),Personal care,58,0,14400
2023-04-14,Bottled water 75cl (12),Beverages,254,0,3600
2023-04-14,Detergent 900g (12),Household,58,0,21500
2023-04-14,Malt drink 330ml (24),Beverages,141,0,13200
2023-04-14,Orange juice 1L (12),Beverages,53,0,18600
2023-04-14,Plantain chips 150g (20),Snacks,84,0,9200
2023-04-15,Bar soap (48),Personal care,65,0,14400
2023-04-15,Bottled water 75cl (12),Beverages,278,0,3600
2023-04-15,Detergent 900g (12),Household,51,0,21500
2023-04-15,Malt drink 330ml (24),Beverages,122,0,13200
2023-04-15,Orange juice 1L (12),Beverages,63,0,18600
2023-04-15,Plantain chips 150g (20),Snacks,86,0,9200
2023-04-16,Bar soap (48),Personal care,34,0,14400
2023-04-16,Bottled water 75cl (12),Beverages,180,0,3600
2023-04-16,Detergent 900g (12),Household,32,0,21500
2023-04-16,Malt drink 330ml (24),Beverages,98,0,13200
2023-04-16,Orange juice 1L (12),Beverages,42,0,18600
2023-04-16,Plantain chips 150g (20),Snacks,57,0,9200
2023-04-17,Bar soap (48),Personal care,61,0,14400
2023-04-17,Bottled water 75cl (12),Beverages,295,0,3600
2023-04-17,Detergent 900g (12),Household,45,0,21500
2023-04-17,Malt drink 330ml (24),Beverages,195,0,13200
2023-04-17,Orange juice 1L (12),Beverages,67,0,18600
2023-04-17,Plantain chips 150g (20),Snacks,76,0,9200
2023-04-18,Bar soap (48),Personal care,48,0,14400
2023-04-18,Bottled water 75cl (12),Beverages,266,0,3600
2023-04-18,Detergent 900g (12),Household,50,0,21500
2023-04-18,Malt drink 330ml (24),Beverages,187,0,13200
2023-04-18,Orange juice 1L (12),Beverages,62,0,18600
2023-04-18,Plantain chips 150g (20),Snacks,84,0,9200
2023-04-19,Bar soap (48),Personal care,58,0,14400
2023-04-19,Bottled water 75cl (12),Beverages,287,0,3600
2023-04-19,Detergent 900g (12),Household,54,0,21500
2023-04-19,Malt drink 330ml (24),Beverages,170,0,13200
2023-04-19,Orange juice 1L (12),Beverages,79,0,18600
2023-04-19,Plantain chips 150g (20),Snacks,81,0,9200
2023-04-20,Bar soap (48),Personal care,77,0,14400
2023-04-20,Bottled water 75cl (12),Beverages,353,0,3600
2023-04-20,Detergent 900g (12),Household,50,0,21500
2023-04-20,Malt drink 330ml (24),Beverages,201,0,13200
2023-04-20,Orange juice 1L (12),Beverages,72,0,18600
2023-04-20,Plantain chips 150g (20),Snacks,102,0,9200
2023-04-21,Bar soap (48),Personal care,0,0,14400
2023-04-21,Bottled water 75cl (12),Beverages,0,0,3600
2023-04-21,Detergent 900g (12),Household,0,0,21500
2023-04-21,Malt drink 330ml (24),Beverages,0,0,13200
2023-04-21,Orange juice 1L (12),Beverages,0,0,18600
2023-04-21,Plantain chips 150g (20),Snacks,0,0,9200
2023-04-22,Bar soap (48),Personal care,66,0,14400
2023-04-22,Bottled water 75cl (12),Beverages,347,0,3600
2023-04-22,Detergent 900g (12),Household,63,0,21500
2023-04-22,Malt drink 330ml (24),Beverages,167,0,13200
2023-04-22,Orange juice 1L (12),Beverages,73,0,18600
2023-04-22,Plantain chips 150g (20),Snacks,92,0,9200
2023-04-23,Bar soap (48),Personal care,33,0,14400
2023-04-23,Bottled water 75cl (12),Beverages,134,0,3600
2023-04-23,Detergent 900g (12),Household,30,0,21500
2023-04-23,Malt drink 330ml (24),Beverages,63,0,13200
2023-04-23,Orange juice 1L (12),Beverages,33,0,18600
2023-04-23,Plantain chips 150g (20),Snacks,42,0,9200
2023-04-24,Bar soap (48),Personal care,60,0,14400
2023-04-24,Bottled water 75cl (12),Beverages,214,0,3600
2023-04-24,Detergent 900g (12),Household,52,0,21500
2023-04-24,Malt drink 330ml (24),Beverages,127,0,13200
2023-04-24,Orange juice 1L (12),Beverages,58,0,18600
2023-04-24,Plantain chips 150g (20),Snacks,72,0,9200
2023-04-25,Bar soap (48),Personal care,51,0,14400
2023-04-25,Bottled water 75cl (12),Beverages,194,0,3600
2023-04-25,Detergent 900g (12),Household,39,0,21500
2023-04-25,Malt drink 330ml (24),Beverages,114,0,13200
2023-04-25,Orange juice 1L (12),Beverages,56,0,18600
2023-04-25,Plantain chips 150g (20),Snacks,67,0,9200
2023-04-26,Bar soap (48),Personal care,55,0,14400
2023-04-26,Bottled water 75cl (12),Beverages,221,0,3600
2023-04-26,Detergent 900g (12),Household,43,0,21500
2023-04-26,Malt drink 330ml (24),Beverages,129,0,13200
2023-04-26,Orange juice 1L (12),Beverages,56,0,18600
2023-04-26,Plantain chips 150g (20),Snacks,86,0,9200
2023-04-27,Bar soap (48),Personal care,62,0,14400
2023-04-27,Bottled water 75cl (12),Beverages,261,0,3600
2023-04-27,Detergent 900g (12),Household,57,0,21500
2023-04-27,Malt drink 330ml (24),Beverages,119,0,13200
2023-04-27,Orange juice 1L (12),Beverages,59,0,18600
2023-04-27,Plantain chips 150g (20),Snacks,72,0,9200
2023-04-28,Bar soap (48),Personal care,70,0,14400
2023-04-28,Bottled water 75cl (12),Beverages,266,0,3600
2023-04-28,Detergent 900g (12),Household,77,0,21500
2023-04-28,Malt drink 330ml (24),Beverages,132,0,13200
2023-04-28,Orange juice 1L (12),Beverages,73,0,18600
2023-04-28,Plantain chips 150g (20),Snacks,72,0,9200
2023-04-29,Bar soap (48),Personal care,84,0,14400
2023-04-29,Bottled water 75cl (12),Beverages,297,0,3600
2023-04-29,Detergent 900g (12),Household,52,0,21500
2023-04-29,Malt drink 330ml (24),Beverages,221,0,13200
2023-04-29,Orange juice 1L (12),Beverages,68,0,18600
2023-04-29,Plantain chips 150g (20),Snacks,111,0,9200
2023-04-30,Bar soap (48),Personal care,49,1,12950
2023-04-30,Bottled water 75cl (12),Beverages,139,0,3600
2023-04-30,Detergent 900g (12),Household,27,0,21500
2023-04-30,Malt drink 330ml (24),Beverages,85,0,13200
2023-04-30,Orange juice 1L (12),Beverages,36,0,18600
2023-04-30,Plantain chips 150g (20),Snacks,41,0,9200
2023-05-01,Bar soap (48),Personal care,97,1,12950
2023-05-01,Bottled water 75cl (12),Beverages,341,0,3600
2023-05-01,Detergent 900g (12),Household,57,0,21500
2023-05-01,Malt drink 330ml (24),Beverages,135,0,13200
2023-05-01,Orange juice 1L (12),Beverages,67,0,18600
2023-05-01,Plantain chips 150g (20),Snacks,87,0,9200
2023-05-02,Bar soap (48),Personal care,104,1,12950
2023-05-02,Bottled water 75cl (12),Beverages,231,0,3600
2023-05-02,Detergent 900g (12),Household,64,0,21500
2023-05-02,Malt drink 330ml (24),Beverages,124,0,13200
2023-05-02,Orange juice 1L (12),Beverages,71,0,18600
2023-05-02,Plantain chips 150g (20),Snacks,99,0,9200
2023-05-03,Bar soap (48),Personal care,80,1,12950
2023-05-03,Bottled water 75cl (12),Beverages,198,0,3600
2023-05-03,Detergent 900g (12),Household,49,0,21500
2023-05-03,Malt drink 330ml (24),Beverages,117,0,13200
2023-05-03,Orange juice 1L (12),Beverages,64,0,18600
2023-05-03,Plantain chips 150g (20),Snacks,71,0,9200
2023-05-04,Bar soap (48),Personal care,109,1,12950
2023-05-04,Bottled water 75cl (12),Beverages,232,0,3600
2023-05-04,Detergent 900g (12),Household,44,0,21500
2023-05-04,Malt drink 330ml (24),Beverages,127,0,13200
2023-05-04,Orange juice 1L (12),Beverages,65,0,18600
2023-05-04,Plantain chips 150g (20),Snacks,78,0,9200
2023-05-05,Bar soap (48),Personal care,99,1,12950
2023-05-05,Bottled water 75cl (12),Beverages,220,0,3600
2023-05-05,Detergent 900g (12),Household,52,0,21500
2023-05-05,Malt drink 330ml (24),Beverages,173,0,13200
2023-05-05,Orange juice 1L (12),Beverages,61,0,18600
2023-05-05,Plantain chips 150g (20),Snacks,88,0,9200
2023-05-06,Bar soap (48),Personal care,107,1,12950
2023-05-06,Bottled water 75cl (12),Beverages,326,0,3600
2023-05-06,Detergent 900g (12),Household,62,0,21500
2023-05-06,Malt drink 330ml (24),Beverages,154,0,13200
2023-05-06,Orange juice 1L (12),Beverages,72,0,18600
2023-05-06,Plantain chips 150g (20),Snacks,101,0,9200
2023-05-07,Bar soap (48),Personal care,31,0,14400
2023-05-07,Bottled water 75cl (12),Beverages,110,0,3600
2023-05-07,Detergent 900g (12),Household,25,0,21500
2023-05-07,Malt drink 330ml (24),Beverages,62,0,13200
2023-05-07,Orange juice 1L (12),Beverages,31,0,18600
2023-05-07,Plantain chips 150g (20),Snacks,39,0,9200
2023-05-08,Bar soap (48),Personal care,56,0,14400
2023-05-08,Bottled water 75cl (12),Beverages,228,0,3600
2023-05-08,Detergent 900g (12),Household,39,0,21500
2023-05-08,Malt drink 330ml (24),Beverages,129,0,13200
2023-05-08,Orange juice 1L (12),Beverages,54,0,18600
2023-05-08,Plantain chips 150g (20),Snacks,82,0,9200
2023-05-09,Bar soap (48),Personal care,63,0,14400
2023-05-09,Bottled water 75cl (12),Beverages,229,0,3600
2023-05-09,Detergent 900g (12),Household,43,0,21500
2023-05-09,Malt drink 330ml (24),Beverages,125,0,13200
2023-05-09,Orange juice 1L (12),Beverages,49,0,18600
2023-05-09,Plantain chips 150g (20),Snacks,72,0,9200
2023-05-10,Bar soap (48),Personal care,55,0,14400
2023-05-10,Bottled water 75cl (12),Beverages,197,0,3600
2023-05-10,Detergent 900g (12),Household,42,0,21500
2023-05-10,Malt drink 330ml (24),Beverages,142,0,13200
2023-05-10,Orange juice 1L (12),Beverages,64,0,18600
2023-05-10,Plantain chips 150g (20),Snacks,71,0,9200
2023-05-11,Bar soap (48),Personal care,59,0,14400
2023-05-11,Bottled water 75cl (12),Beverages,183,0,3600
2023-05-11,Detergent 900g (12),Household,44,0,21500
2023-05-11,Malt drink 330ml (24),Beverages,128,0,13200
2023-05-11,Orange juice 1L (12),Beverages,58,0,18600
2023-05-11,Plantain chips 150g (20),Snacks,62,0,9200
2023-05-12,Bar soap (48),Personal care,67,0,14400
2023-05-12,Bottled water 75cl (12),Beverages,237,0,3600
2023-05-12,Detergent 900g (12),Household,54,0,21500
2023-05-12,Malt drink 330ml (24),Beverages,135,0,13200
2023-05-12,Orange juice 1L (12),Beverages,64,0,18600
2023-05-12,Plantain chips 150g (20),Snacks,87,0,9200
2023-05-13,Bar soap (48),Personal care,75,0,14400
2023-05-13,Bottled water 75cl (12),Beverages,302,0,3600
2023-05-13,Detergent 900g (12),Household,48,0,21500
2023-05-13,Malt drink 330ml (24),Beverages,143,0,13200
2023-05-13,Orange juice 1L (12),Beverages,73,0,18600
2023-05-13,Plantain chips 150g (20),Snacks,112,0,9200
2023-05-14,Bar soap (48),Personal care,31,0,14400
2023-05-14,Bottled water 75cl (12),Beverages,122,0,3600
2023-05-14,Detergent 900g (12),Household,26,0,21500
2023-05-14,Malt drink 330ml (24),Beverages,69,0,13200
2023-05-14,Orange juice 1L (12),Beverages,26,0,18600
2023-05-14,Plantain chips 150g (20),Snacks,42,0,9200
2023-05-15,Bar soap (48),Personal care,70,0,14400
2023-05-15,Bottled water 75cl (12),Beverages,231,0,3600
2023-05-15,Detergent 900g (12),Household,47,0,21500
2023-05-15,Malt drink 330ml (24),Beverages,152,0,13200
2023-05-15,Orange juice 1L (12),Beverages,57,0,18600
2023-05-15,Plantain chips 150g (20),Snacks,62,0,9200
2023-05-16,Bar soap (48),Personal care,65,0,14400
2023-05-16,Bottled water 75cl (12),Beverages,184,0,3600
2023-05-16,Detergent 900g (12),Household,46,0,21500
2023-05-16,Malt drink 330ml (24),Beverages,104,0,13200
2023-05-16,Orange juice 1L (12),Beverages,58,0,18600
2023-05-16,Plantain chips 150g (20),Snacks,77,0,9200
2023-05-17,Bar soap (48),Personal care,65,0,14400
2023-05-17,Bottled water 75cl (12),Beverages,219,0,3600
2023-05-17,Detergent 900g (12),Household,44,0,21500
2023-05-17,Malt drink 330ml (24),Beverages,140,0,13200
2023-05-17,Orange juice 1L (12),Beverages,46,0,18600
2023-05-17,Plantain chips 150g (20),Snacks,73,0,9200
2023-05-18,Bar soap (48),Personal care,65,0,14400
2023-05-18,Bottled water 75cl (12),Beverages,222,0,3600
2023-05-18,Detergent 900g (12),Household,53,0,21500
2023-05-18,Malt drink 330ml (24),Beverages,130,0,13200
2023-05-18,Orange juice 1L (12),Beverages,63,0,18600
2023-05-18,Plantain chips 150g (20),Snacks,82,0,9200
2023-05-19,Bar soap (48),Personal care,83,0,14400
2023-05-19,Bottled water 75cl (12),Beverages,255,0,3600
2023-05-19,Detergent 900g (12),Household,61,0,21500
2023-05-19,Malt drink 330ml (24),Beverages,138,0,13200
2023-05-19,Orange juice 1L (12),Beverages,59,0,18600
2023-05-19,Plantain chips 150g (20),Snacks,88,0,9200
2023-05-20,Bar soap (48),Personal care,81,0,14400
2023-05-20,Bottled water 75cl (12),Beverages,236,0,3600
2023-05-20,Detergent 900g (12),Household,67,0,21500
2023-05-20,Malt drink 330ml (24),Beverages,167,0,13200
2023-05-20,Orange juice 1L (12),Beverages,71,0,18600
2023-05-20,Plantain chips 150g (20),Snacks,84,0,9200
2023-05-21,Bar soap (48),Personal care,32,0,14400
2023-05-21,Bottled water 75cl (12),Beverages,116,0,3600
2023-05-21,Detergent 900g (12),Household,30,0,21500
2023-05-21,Malt drink 330ml (24),Beverages,81,0,13200
2023-05-21,Orange juice 1L (12),Beverages,33,0,18600
2023-05-21,Plantain chips 150g (20),Snacks,49,0,9200
2023-05-22,Bar soap (48),Personal care,63,0,14400
2023-05-22,Bottled water 75cl (12),Beverages,271,0,3600
2023-05-22,Detergent 900g (12),Household,46,0,21500
2023-05-22,Malt drink 330ml (24),Beverages,127,0,13200
2023-05-22,Orange juice 1L (12),Beverages,88,1,16750
2023-05-22,Plantain chips 150g (20),Snacks,84,0,9200
2023-05-23,Bar soap (48),Personal care,57,0,14400
2023-05-23,Bottled water 75cl (12),Beverages,204,0,3600
2023-05-23,Detergent 900g (12),Household,52,0,21500
2023-05-23,Malt drink 330ml (24),Beverages,148,0,13200
2023-05-23,Orange juice 1L (12),Beverages,77,1,16750
2023-05-23,Plantain chips 150g (20),Snacks,93,0,9200
2023-05-24,Bar soap (48),Personal care,72,0,14400
2023-05-24,Bottled water 75cl (12),Beverages,231,0,3600
2023-05-24,Detergent 900g (12),Household,49,0,21500
2023-05-24,Malt drink 330ml (24),Beverages,146,0,13200
2023-05-24,Orange juice 1L (12),Beverages,71,1,16750
2023-05-24,Plantain chips 150g (20),Snacks,69,0,9200
2023-05-25,Bar soap (48),Personal care,64,0,14400
2023-05-25,Bottled water 75cl (12),Beverages,222,0,3600
2023-05-25,Detergent 900g (12),Household,43,0,21500
2023-05-25,Malt drink 330ml (24),Beverages,112,0,13200
2023-05-25,Orange juice 1L (12),Beverages,77,1,16750
2023-05-25,Plantain chips 150g (20),Snacks,81,0,9200
2023-05-26,Bar soap (48),Personal care,83,0,14400
2023-05-26,Bottled water 75cl (12),Beverages,245,0,3600
2023-05-26,Detergent 900g (12),Household,59,0,21500
2023-05-26,Malt drink 330ml (24),Beverages,150,0,13200
2023-05-26,Orange juice 1L (12),Beverages,95,1,16750
2023-05-26,Plantain chips 150g (20),Snacks,81,0,9200
2023-05-27,Bar soap (48),Personal care,71,0,14400
2023-05-27,Bottled water 75cl (12),Beverages,250,0,3600
2023-05-27,Detergent 900g (12),Household,61,0,21500
2023-05-27,Malt drink 330ml (24),Beverages,156,0,13200
2023-05-27,Orange juice 1L (12),Beverages,101,1,16750
2023-05-27,Plantain chips 150g (20),Snacks,94,0,9200
2023-05-28,Bar soap (48),Personal care,28,0,14400
2023-05-28,Bottled water 75cl (12),Beverages,122,0,3600
2023-05-28,Detergent 900g (12),Household,28,0,21500
2023-05-28,Malt drink 330ml (24),Beverages,78,0,13200
2023-05-28,Orange juice 1L (12),Beverages,42,1,16750
2023-05-28,Plantain chips 150g (20),Snacks,40,0,9200
2023-05-29,Bar soap (48),Personal care,75,0,14400
2023-05-29,Bottled water 75cl (12),Beverages,234,0,3600
2023-05-29,Detergent 900g (12),Household,55,0,21500
2023-05-29,Malt drink 330ml (24),Beverages,166,0,13200
2023-05-29,Orange juice 1L (12),Beverages,62,0,18600
2023-05-29,Plantain chips 150g (20),Snacks,97,0,9200
2023-05-30,Bar soap (48),Personal care,59,0,14400
2023-05-30,Bottled water 75cl (12),Beverages,332,0,3600
2023-05-30,Detergent 900g (12),Household,49,0,21500
2023-05-30,Malt drink 330ml (24),Beverages,151,0,13200
2023-05-30,Orange juice 1L (12),Beverages,61,0,18600
2023-05-30,Plantain chips 150g (20),Snacks,68,0,9200
2023-05-31,Bar soap (48),Personal care,71,0,14400
2023-05-31,Bottled water 75cl (12),Beverages,323,0,3600
2023-05-31,Detergent 900g (12),Household,52,0,21500
2023-05-31,Malt drink 330ml (24),Beverages,161,0,13200
2023-05-31,Orange juice 1L (12),Beverages,62,0,18600
2023-05-31,Plantain chips 150g (20),Snacks,89,0,9200
2023-06-01,Bar soap (48),Personal care,68,0,14400
2023-06-01,Bottled water 75cl (12),Beverages,263,1,3250
2023-06-01,Detergent 900g (12),Household,49,0,21500
2023-06-01,Malt drink 330ml (24),Beverages,142,0,13200
2023-06-01,Orange juice 1L (12),Beverages,56,0,18600
2023-06-01,Plantain chips 150g (20),Snacks,91,0,9200
2023-06-02,Bar soap (48),Personal care,81,0,14400
2023-06-02,Bottled water 75cl (12),Beverages,357,1,3250
2023-06-02,Detergent 900g (12),Household,50,0,21500
2023-06-02,Malt drink 330ml (24),Beverages,163,0,13200
2023-06-02,Orange juice 1L (12),Beverages,56,0,18600
2023-06-02,Plantain chips 150g (20),Snacks,96,0,9200
2023-06-03,Bar soap (48),Personal care,93,0,14400
2023-06-03,Bottled water 75cl (12),Beverages,333,1,3250
2023-06-03,Detergent 900g (12),Household,65,0,21500
2023-06-03,Malt drink 330ml (24),Beverages,132,0,13200
2023-06-03,Orange juice 1L (12),Beverages,56,0,18600
2023-06-03,Plantain chips 150g (20),Snacks,93,0,9200
2023-06-04,Bar soap (48),Personal care,35,0,14400
2023-06-04,Bottled water 75cl (12),Beverages,143,1,3250
2023-06-04,Detergent 900g (12),Household,29,0,21500
2023-06-04,Malt drink 330ml (24),Beverages,65,0,13200
2023-06-04,Orange juice 1L (12),Beverages,24,0,18600
2023-06-04,Plantain chips 150g (20),Snacks,44,0,9200
2023-06-05,Bar soap (48),Personal care,73,0,14400
2023-06-05,Bottled water 75cl (12),Beverages,327,1,3250
2023-06-05,Detergent 900g (12),Household,61,0,21500
2023-06-05,Malt drink 330ml (24),Beverages,133,0,13200
2023-06-05,Orange juice 1L (12),Beverages,61,0,18600
2023-06-05,Plantain chips 150g (20),Snacks,86,0,9200
2023-06-06,Bar soap (48),Personal care,67,0,14400
2023-06-06,Bottled water 75cl (12),Beverages,261,1,3250
2023-06-06,Detergent 900g (12),Household,46,0,21500
2023-06-06,Malt drink 330ml (24),Beverages,108,0,13200
2023-06-06,Orange juice 1L (12),Beverages,55,0,18600
2023-06-06,Plantain chips 150g (20),Snacks,80,0,9200
2023-06-07,Bar soap (48),Personal care,68,0,14400
2023-06-07,Bottled water 75cl (12),Beverages,297,1,3250
2023-06-07,Detergent 900g (12),Household,44,0,21500
2023-06-07,Malt drink 330ml (24),Beverages,133,0,13200
2023-06-07,Orange juice 1L (12),Beverages,57,0,18600
2023-06-07,Plantain chips 150g (20),Snacks,78,0,9200
2023-06-08,Bar soap (48),Personal care,57,0,14400
2023-06-08,Bottled water 75cl (12),Beverages,148,0,3600
2023-06-08,Detergent 900g (12),Household,55,0,21500
2023-06-08,Malt drink 330ml (24),Beverages,132,0,13200
2023-06-08,Orange juice 1L (12),Beverages,65,0,18600
2023-06-08,Plantain chips 150g (20),Snacks,91,0,9200
2023-06-09,Bar soap (48),Personal care,81,0,14400
2023-06-09,Bottled water 75cl (12),Beverages,194,0,3600
2023-06-09,Detergent 900g (12),Household,68,0,21500
2023-06-09,Malt drink 330ml (24),Beverages,145,0,13200
2023-06-09,Orange juice 1L (12),Beverages,60,0,18600
2023-06-09,Plantain chips 150g (20),Snacks,99,0,9200
2023-06-10,Bar soap (48),Personal care,83,0,14400
2023-06-10,Bottled water 75cl (12),Beverages,221,0,3600
2023-06-10,Detergent 900g (12),Household,54,0,21500
2023-06-10,Malt drink 330ml (24),Beverages,151,0,13200
2023-06-10,Orange juice 1L (12),Beverages,78,0,18600
2023-06-10,Plantain chips 150g (20),Snacks,81,0,9200
2023-06-11,Bar soap (48),Personal care,35,0,14400
2023-06-11,Bottled water 75cl (12),Beverages,76,0,3600
2023-06-11,Detergent 900g (12),Household,28,0,21500
2023-06-11,Malt drink 330ml (24),Beverages,67,0,13200
2023-06-11,Orange juice 1L (12),Beverages,30,0,18600
2023-06-11,Plantain chips 150g (20),Snacks,39,0,9200
2023-06-12,Bar soap (48),Personal care,70,0,14400
2023-06-12,Bottled water 75cl (12),Beverages,156,0,3600
2023-06-12,Detergent 900g (12),Household,51,0,21500
2023-06-12,Malt drink 330ml (24),Beverages,122,0,13200
2023-06-12,Orange juice 1L (12),Beverages,58,0,18600
2023-06-12,Plantain chips 150g (20),Snacks,86,0,9200
2023-06-13,Bar soap (48),Personal care,65,0,14400
2023-06-13,Bottled water 75cl (12),Beverages,140,0,3600
2023-06-13,Detergent 900g (12),Household,47,0,21500
2023-06-13,Malt drink 330ml (24),Beverages,123,0,13200
2023-06-13,Orange juice 1L (12),Beverages,75,1,16750
2023-06-13,Plantain chips 150g (20),Snacks,60,0,9200
2023-06-14,Bar soap (48),Personal care,74,0,14400
2023-06-14,Bottled water 75cl (12),Beverages,192,0,3600
2023-06-14,Detergent 900g (12),Household,52,0,21500
2023-06-14,Malt drink 330ml (24),Beverages,110,0,13200
2023-06-14,Orange juice 1L (12),Beverages,86,1,16750
2023-06-14,Plantain chips 150g (20),Snacks,65,0,9200
2023-06-15,Bar soap (48),Personal care,68,0,14400
2023-06-15,Bottled water 75cl (12),Beverages,195,0,3600
2023-06-15,Detergent 900g (12),Household,47,0,21500
2023-06-15,Malt drink 330ml (24),Beverages,126,0,13200
2023-06-15,Orange juice 1L (12),Beverages,79,1,16750
2023-06-15,Plantain chips 150g (20),Snacks,86,0,9200
2023-06-16,Bar soap (48),Personal care,80,0,14400
2023-06-16,Bottled water 75cl (12),Beverages,199,0,3600
2023-06-16,Detergent 900g (12),Household,45,0,21500
2023-06-16,Malt drink 330ml (24),Beverages,119,0,13200
2023-06-16,Orange juice 1L (12),Beverages,89,1,16750
2023-06-16,Plantain chips 150g (20),Snacks,80,0,9200
2023-06-17,Bar soap (48),Personal care,81,0,14400
2023-06-17,Bottled water 75cl (12),Beverages,215,0,3600
2023-06-17,Detergent 900g (12),Household,65,0,21500
2023-06-17,Malt drink 330ml (24),Beverages,145,0,13200
2023-06-17,Orange juice 1L (12),Beverages,92,1,16750
2023-06-17,Plantain chips 150g (20),Snacks,90,0,9200
2023-06-18,Bar soap (48),Personal care,34,0,14400
2023-06-18,Bottled water 75cl (12),Beverages,127,0,3600
2023-06-18,Detergent 900g (12),Household,27,0,21500
2023-06-18,Malt drink 330ml (24),Beverages,61,0,13200
2023-06-18,Orange juice 1L (12),Beverages,41,1,16750
2023-06-18,Plantain chips 150g (20),Snacks,47,0,9200
2023-06-19,Bar soap (48),Personal care,61,0,14400
2023-06-19,Bottled water 75cl (12),Beverages,181,0,3600
2023-06-19,Detergent 900g (12),Household,49,0,21500
2023-06-19,Malt drink 330ml (24),Beverages,136,0,13200
2023-06-19,Orange juice 1L (12),Beverages,83,1,16750
2023-06-19,Plantain chips 150g (20),Snacks,78,0,9200
2023-06-20,Bar soap (48),Personal care,48,0,14400
2023-06-20,Bottled water 75cl (12),Beverages,170,0,3600
2023-06-20,Detergent 900g (12),Household,38,0,21500
2023-06-20,Malt drink 330ml (24),Beverages,113,0,13200
2023-06-20,Orange juice 1L (12),Beverages,40,0,18600
2023-06-20,Plantain chips 150g (20),Snacks,87,0,9200
2023-06-21,Bar soap (48),Personal care,69,0,14400
2023-06-21,Bottled water 75cl (12),Beverages,185,0,3600
2023-06-21,Detergent 900g (12),Household,50,0,21500
2023-06-21,Malt drink 330ml (24),Beverages,124,0,13200
2023-06-21,Orange juice 1L (12),Beverages,50,0,18600
2023-06-21,Plantain chips 150g (20),Snacks,78,0,9200
2023-06-22,Bar soap (48),Personal care,77,0,14400
2023-06-22,Bottled water 75cl (12),Beverages,187,0,3600
2023-06-22,Detergent 900g (12),Household,44,0,21500
2023-06-22,Malt drink 330ml (24),Beverages,133,0,13200
2023-06-22,Orange juice 1L (12),Beverages,46,0,18600
2023-06-22,Plantain chips 150g (20),Snacks,65,0,9200
2023-06-23,Bar soap (48),Personal care,82,0,14400
2023-06-23,Bottled water 75cl (12),Beverages,310,0,3600
2023-06-23,Detergent 900g (12),Household,56,0,21500
2023-06-23,Malt drink 330ml (24),Beverages,220,0,13200
2023-06-23,Orange juice 1L (12),Beverages,71,0,18600
2023-06-23,Plantain chips 150g (20),Snacks,89,0,9200
2023-06-24,Bar soap (48),Personal care,80,0,14400
2023-06-24,Bottled water 75cl (12),Beverages,335,0,3600
2023-06-24,Detergent 900g (12),Household,73,0,21500
2023-06-24,Malt drink 330ml (24),Beverages,207,0,13200
2023-06-24,Orange juice 1L (12),Beverages,84,0,18600
2023-06-24,Plantain chips 150g (20),Snacks,102,0,9200
2023-06-25,Bar soap (48),Personal care,33,0,14400
2023-06-25,Bottled water 75cl (12),Beverages,144,0,3600
2023-06-25,Detergent 900g (12),Household,32,0,21500
2023-06-25,Malt drink 330ml (24),Beverages,98,0,13200
2023-06-25,Orange juice 1L (12),Beverages,38,0,18600
2023-06-25,Plantain chips 150g (20),Snacks,41,0,9200
2023-06-26,Bar soap (48),Personal care,64,0,14400
2023-06-26,Bottled water 75cl (12),Beverages,179,0,3600
2023-06-26,Detergent 900g (12),Household,50,0,21500
2023-06-26,Malt drink 330ml (24),Beverages,149,0,13200
2023-06-26,Orange juice 1L (12),Beverages,84,0,18600
2023-06-26,Plantain chips 150g (20),Snacks,87,0,9200
2023-06-27,Bar soap (48),Personal care,77,0,14400
2023-06-27,Bottled water 75cl (12),Beverages,295,0,3600
2023-06-27,Detergent 900g (12),Household,44,0,21500
2023-06-27,Malt drink 330ml (24),Beverages,153,0,13200
2023-06-27,Orange juice 1L (12),Beverages,64,0,18600
2023-06-27,Plantain chips 150g (20),Snacks,90,0,9200
2023-06-28,Bar soap (48),Personal care,0,0,14400
2023-06-28,Bottled water 75cl (12),Beverages,0,0,3600
2023-06-28,Detergent 900g (12),Household,0,0,21500
2023-06-28,Malt drink 330ml (24),Beverages,0,0,13200
2023-06-28,Orange juice 1L (12),Beverages,0,0,18600
2023-06-28,Plantain chips 150g (20),Snacks,0,0,9200
2023-06-29,Bar soap (48),Personal care,66,0,14400
2023-06-29,Bottled water 75cl (12),Beverages,231,0,3600
2023-06-29,Detergent 900g (12),Household,55,0,21500
2023-06-29,Malt drink 330ml (24),Beverages,146,0,13200
2023-06-29,Orange juice 1L (12),Beverages,61,0,18600
2023-06-29,Plantain chips 150g (20),Snacks,91,0,9200
2023-06-30,Bar soap (48),Personal care,79,0,14400
2023-06-30,Bottled water 75cl (12),Beverages,232,0,3600
2023-06-30,Detergent 900g (12),Household,65,0,21500
2023-06-30,Malt drink 330ml (24),Beverages,160,0,13200
2023-06-30,Orange juice 1L (12),Beverages,85,0,18600
2023-06-30,Plantain chips 150g (20),Snacks,88,0,9200
2023-07-01,Bar soap (48),Personal care,104,0,14400
2023-07-01,Bottled water 75cl (12),Beverages,257,0,3600
2023-07-01,Detergent 900g (12),Household,65,0,21500
2023-07-01,Malt drink 330ml (24),Beverages,154,0,13200
2023-07-01,Orange juice 1L (12),Beverages,77,0,18600
2023-07-01,Plantain chips 150g (20),Snacks,91,0,9200
2023-07-02,Bar soap (48),Personal care,36,0,14400
2023-07-02,Bottled water 75cl (12),Beverages,202,1,3250
2023-07-02,Detergent 900g (12),Household,26,0,21500
2023-07-02,Malt drink 330ml (24),Beverages,72,0,13200
2023-07-02,Orange juice 1L (12),Beverages,32,0,18600
2023-07-02,Plantain chips 150g (20),Snacks,51,0,9200
2023-07-03,Bar soap (48),Personal care,64,0,14400
2023-07-03,Bottled water 75cl (12),Beverages,265,1,3250
2023-07-03,Detergent 900g (12),Household,46,0,21500
2023-07-03,Malt drink 330ml (24),Beverages,107,0,13200
2023-07-03,Orange juice 1L (12),Beverages,52,0,18600
2023-07-03,Plantain chips 150g (20),Snacks,68,0,9200
2023-07-04,Bar soap (48),Personal care,80,0,14400
2023-07-04,Bottled water 75cl (12),Beverages,297,1,3250
2023-07-04,Detergent 900g (12),Household,53,0,21500
2023-07-04,Malt drink 330ml (24),Beverages,142,0,13200
2023-07-04,Orange juice 1L (12),Beverages,54,0,18600
2023-07-04,Plantain chips 150g (20),Snacks,67,0,9200
2023-07-05,Bar soap (48),Personal care,59,0,14400
2023-07-05,Bottled water 75cl (12),Beverages,240,1,3250
2023-07-05,Detergent 900g (12),Household,51,0,21500
2023-07-05,Malt drink 330ml (24),Beverages,141,0,13200
2023-07-05,Orange juice 1L (12),Beverages,76,0,18600
2023-07-05,Plantain chips 150g (20),Snacks,68,0,9200
2023-07-06,Bar soap (48),Personal care,67,0,14400
2023-07-06,Bottled water 75cl (12),Beverages,242,1,3250
2023-07-06,Detergent 900g (12),Household,49,0,21500
2023-07-06,Malt drink 330ml (24),Beverages,125,0,13200
2023-07-06,Orange juice 1L (12),Beverages,52,0,18600
2023-07-06,Plantain chips 150g (20),Snacks,70,0,9200
2023-07-07,Bar soap (48),Personal care,67,0,14400
2023-07-07,Bottled water 75cl (12),Beverages,255,1,3250
2023-07-07,Detergent 900g (12),Household,48,0,21500
2023-07-07,Malt drink 330ml (24),Beverages,139,0,13200
2023-07-07,Orange juice 1L (12),Beverages,55,0,18600
2023-07-07,Plantain chips 150g (20),Snacks,104,0,9200
2023-07-08,Bar soap (48),Personal care,83,0,14400
2023-07-08,Bottled water 75cl (12),Beverages,333,1,3250
2023-07-08,Detergent 900g (12),Household,60,0,21500
2023-07-08,Malt drink 330ml (24),Beverages,157,0,13200
2023-07-08,Orange juice 1L (12),Beverages,75,0,18600
2023-07-08,Plantain chips 150g (20),Snacks,87,0,9200
2023-07-09,Bar soap (48),Personal care,30,0,14400
2023-07-09,Bottled water 75cl (12),Beverages,109,0,3600
2023-07-09,Detergent 900g (12),Household,26,0,21500
2023-07-09,Malt drink 330ml (24),Beverages,68,0,13200
2023-07-09,Orange juice 1L (12),Beverages,30,0,18600
2023-07-09,Plantain chips 150g (20),Snacks,43,0,9200
2023-07-10,Bar soap (48),Personal care,79,0,14400
2023-07-10,Bottled water 75cl (12),Beverages,166,0,3600
2023-07-10,Detergent 900g (12),Household,71,1,19350
2023-07-10,Malt drink 330ml (24),Beverages,114,0,13200
2023-07-10,Orange juice 1L (12),Beverages,68,0,18600
2023-07-10,Plantain chips 150g (20),Snacks,72,0,9200
2023-07-11,Bar soap (48),Personal care,58,0,14400
2023-07-11,Bottled water 75cl (12),Beverages,153,0,3600
2023-07-11,Detergent 900g (12),Household,65,1,19350
2023-07-11,Malt drink 330ml (24),Beverages,112,0,13200
2023-07-11,Orange juice 1L (12),Beverages,48,0,18600
2023-07-11,Plantain chips 150g (20),Snacks,84,0,9200
2023-07-12,Bar soap (48),Personal care,50,0,14400
2023-07-12,Bottled water 75cl (12),Beverages,136,0,3600
2023-07-12,Detergent 900g (12),Household,70,1,19350
2023-07-12,Malt drink 330ml (24),Beverages,120,0,13200
2023-07-12,Orange juice 1L (12),Beverages,59,0,18600
2023-07-12,Plantain chips 150g (20),Snacks,77,0,9200
2023-07-13,Bar soap (48),Personal care,78,0,14400
2023-07-13,Bottled water 75cl (12),Beverages,163,0,3600
2023-07-13,Detergent 900g (12),Household,85,1,19350
2023-07-13,Malt drink 330ml (24),Beverages,122,0,13200
2023-07-13,Orange juice 1L (12),Beverages,54,0,18600
2023-07-13,Plantain chips 150g (20),Snacks,86,0,9200
2023-07-14,Bar soap (48),Personal care,65,0,14400
2023-07-14,Bottled water 75cl (12),Beverages,151,0,3600
2023-07-14,Detergent 900g (12),Household,95,1,19350
2023-07-14,Malt drink 330ml (24),Beverages,117,0,13200
2023-07-14,Orange juice 1L (12),Beverages,67,0,18600
2023-07-14,Plantain chips 150g (20),Snacks,101,0,9200
2023-07-15,Bar soap (48),Personal care,90,0,14400
2023-07-15,Bottled water 75cl (12),Beverages,196,0,3600
2023-07-15,Detergent 900g (12),Household,69,1,19350
2023-07-15,Malt drink 330ml (24),Beverages,186,0,13200
2023-07-15,Orange juice 1L (12),Beverages,63,0,18600
2023-07-15,Plantain chips 150g (20),Snacks,80,0,9200
2023-07-16,Bar soap (48),Personal care,34,0,14400
2023-07-16,Bottled water 75cl (12),Beverages,94,0,3600
2023-07-16,Detergent 900g (12),Household,36,1,19350
2023-07-16,Malt drink 330ml (24),Beverages,67,0,13200
2023-07-16,Orange juice 1L (12),Beverages,32,0,18600
2023-07-16,Plantain chips 150g (20),Snacks,35,0,9200
2023-07-17,Bar soap (48),Personal care,61,0,14400
2023-07-17,Bottled water 75cl (12),Beverages,170,0,3600
2023-07-17,Detergent 900g (12),Household,41,0,21500
2023-07-17,Malt drink 330ml (24),Beverages,120,0,13200
2023-07-17,Orange juice 1L (12),Beverages,48,0,18600
2023-07-17,Plantain chips 150g (20),Snacks,83,0,9200
2023-07-18,Bar soap (48),Personal care,62,0,14400
2023-07-18,Bottled water 75cl (12),Beverages,173,0,3600
2023-07-18,Detergent 900g (12),Household,39,0,21500
2023-07-18,Malt drink 330ml (24),Beverages,110,0,13200
2023-07-18,Orange juice 1L (12),Beverages,60,0,18600
2023-07-18,Plantain chips 150g (20),Snacks,75,0,9200
2023-07-19,Bar soap (48),Personal care,58,0,14400
2023-07-19,Bottled water 75cl (12),Beverages,186,0,3600
2023-07-19,Detergent 900g (12),Household,52,0,21500
2023-07-19,Malt drink 330ml (24),Beverages,148,0,13200
2023-07-19,Orange juice 1L (12),Beverages,60,0,18600
2023-07-19,Plantain chips 150g (20),Snacks,69,0,9200
2023-07-20,Bar soap (48),Personal care,76,1,12950
2023-07-20,Bottled water 75cl (12),Beverages,197,0,3600
2023-07-20,Detergent 900g (12),Household,46,0,21500
2023-07-20,Malt drink 330ml (24),Beverages,110,0,13200
2023-07-20,Orange juice 1L (12),Beverages,63,0,18600
2023-07-20,Plantain chips 150g (20),Snacks,88,0,9200
2023-07-21,Bar soap (48),Personal care,103,1,12950
2023-07-21,Bottled water 75cl (12),Beverages,212,0,3600
2023-07-21,Detergent 900g (12),Household,47,0,21500
2023-07-21,Malt drink 330ml (24),Beverages,130,0,13200
2023-07-21,Orange juice 1L (12),Beverages,53,0,18600
2023-07-21,Plantain chips 150g (20),Snacks,87,0,9200
2023-07-22,Bar soap (48),Personal care,141,1,12950
2023-07-22,Bottled water 75cl (12),Beverages,238,0,3600
2023-07-22,Detergent 900g (12),Household,59,0,21500
2023-07-22,Malt drink 330ml (24),Beverages,161,0,13200
2023-07-22,Orange juice 1L (12),Beverages,75,0,18600
2023-07-22,Plantain chips 150g (20),Snacks,94,0,9200
2023-07-23,Bar soap (48),Personal care,51,1,12950
2023-07-23,Bottled water 75cl (12),Beverages,84,0,3600
2023-07-23,Detergent 900g (12),Household,25,0,21500
2023-07-23,Malt drink 330ml (24),Beverages,74,0,13200
2023-07-23,Orange juice 1L (12),Beverages,38,0,18600
2023-07-23,Plantain chips 150g (20),Snacks,41,0,9200
2023-07-24,Bar soap (48),Personal care,102,1,12950
2023-07-24,Bottled water 75cl (12),Beverages,200,0,3600
2023-07-24,Detergent 900g (12),Household,55,0,21500
2023-07-24,Malt drink 330ml (24),Beverages,111,0,13200
2023-07-24,Orange juice 1L (12),Beverages,62,0,18600
2023-07-24,Plantain chips 150g (20),Snacks,73,0,9200
2023-07-25,Bar soap (48),Personal care,98,1,12950
2023-07-25,Bottled water 75cl (12),Beverages,187,0,3600
2023-07-25,Detergent 900g (12),Household,46,0,21500
2023-07-25,Malt drink 330ml (24),Beverages,130,0,13200
2023-07-25,Orange juice 1L (12),Beverages,52,0,18600
2023-07-25,Plantain chips 150g (20),Snacks,86,0,9200
2023-07-26,Bar soap (48),Personal care,89,1,12950
2023-07-26,Bottled water 75cl (12),Beverages,162,0,3600
2023-07-26,Detergent 900g (12),Household,40,0,21500
2023-07-26,Malt drink 330ml (24),Beverages,121,0,13200
2023-07-26,Orange juice 1L (12),Beverages,53,0,18600
2023-07-26,Plantain chips 150g (20),Snacks,72,0,9200
2023-07-27,Bar soap (48),Personal care,62,0,14400
2023-07-27,Bottled water 75cl (12),Beverages,204,0,3600
2023-07-27,Detergent 900g (12),Household,62,0,21500
2023-07-27,Malt drink 330ml (24),Beverages,130,0,13200
2023-07-27,Orange juice 1L (12),Beverages,62,0,18600
2023-07-27,Plantain chips 150g (20),Snacks,71,0,9200
2023-07-28,Bar soap (48),Personal care,52,0,14400
2023-07-28,Bottled water 75cl (12),Beverages,200,0,3600
2023-07-28,Detergent 900g (12),Household,55,0,21500
2023-07-28,Malt drink 330ml (24),Beverages,136,0,13200
2023-07-28,Orange juice 1L (12),Beverages,57,0,18600
2023-07-28,Plantain chips 150g (20),Snacks,79,0,9200
2023-07-29,Bar soap (48),Personal care,91,0,14400
2023-07-29,Bottled water 75cl (12),Beverages,277,0,3600
2023-07-29,Detergent 900g (12),Household,70,0,21500
2023-07-29,Malt drink 330ml (24),Beverages,143,0,13200
2023-07-29,Orange juice 1L (12),Beverages,65,0,18600
2023-07-29,Plantain chips 150g (20),Snacks,102,0,9200
2023-07-30,Bar soap (48),Personal care,33,0,14400
2023-07-30,Bottled water 75cl (12),Beverages,161,0,3600
2023-07-30,Detergent 900g (12),Household,30,0,21500
2023-07-30,Malt drink 330ml (24),Beverages,71,0,13200
2023-07-30,Orange juice 1L (12),Beverages,34,0,18600
2023-07-30,Plantain chips 150g (20),Snacks,44,0,9200
2023-07-31,Bar soap (48),Personal care,70,0,14400
2023-07-31,Bottled water 75cl (12),Beverages,223,0,3600
2023-07-31,Detergent 900g (12),Household,58,0,21500
2023-07-31,Malt drink 330ml (24),Beverages,138,0,13200
2023-07-31,Orange juice 1L (12),Beverages,58,0,18600
2023-07-31,Plantain chips 150g (20),Snacks,79,0,9200
2023-08-01,Bar soap (48),Personal care,60,0,14400
2023-08-01,Bottled water 75cl (12),Beverages,171,0,3600
2023-08-01,Detergent 900g (12),Household,55,0,21500
2023-08-01,Malt drink 330ml (24),Beverages,136,0,13200
2023-08-01,Orange juice 1L (12),Beverages,72,0,18600
2023-08-01,Plantain chips 150g (20),Snacks,80,0,9200
2023-08-02,Bar soap (48),Personal care,60,0,14400
2023-08-02,Bottled water 75cl (12),Beverages,218,0,3600
2023-08-02,Detergent 900g (12),Household,66,0,21500
2023-08-02,Malt drink 330ml (24),Beverages,124,0,13200
2023-08-02,Orange juice 1L (12),Beverages,62,0,18600
2023-08-02,Plantain chips 150g (20),Snacks,85,0,9200
2023-08-03,Bar soap (48),Personal care,67,0,14400
2023-08-03,Bottled water 75cl (12),Beverages,203,0,3600
2023-08-03,Detergent 900g (12),Household,49,0,21500
2023-08-03,Malt drink 330ml (24),Beverages,154,0,13200
2023-08-03,Orange juice 1L (12),Beverages,46,0,18600
2023-08-03,Plantain chips 150g (20),Snacks,86,0,9200
2023-08-04,Bar soap (48),Personal care,70,0,14400
2023-08-04,Bottled water 75cl (12),Beverages,214,0,3600
2023-08-04,Detergent 900g (12),Household,54,0,21500
2023-08-04,Malt drink 330ml (24),Beverages,127,0,13200
2023-08-04,Orange juice 1L (12),Beverages,61,0,18600
2023-08-04,Plantain chips 150g (20),Snacks,93,0,9200
2023-08-05,Bar soap (48),Personal care,83,0,14400
2023-08-05,Bottled water 75cl (12),Beverages,206,0,3600
2023-08-05,Detergent 900g (12),Household,78,0,21500
2023-08-05,Malt drink 330ml (24),Beverages,148,0,13200
2023-08-05,Orange juice 1L (12),Beverages,65,0,18600
2023-08-05,Plantain chips 150g (20),Snacks,89,0,9200
2023-08-06,Bar soap (48),Personal care,39,0,14400
2023-08-06,Bottled water 75cl (12),Beverages,92,0,3600
2023-08-06,Detergent 900g (12),Household,27,0,21500
2023-08-06,Malt drink 330ml (24),Beverages,76,0,13200
2023-08-06,Orange juice 1L (12),Beverages,32,0,18600
2023-08-06,Plantain chips 150g (20),Snacks,49,0,9200
2023-08-07,Bar soap (48),Personal care,62,0,14400
2023-08-07,Bottled water 75cl (12),Beverages,176,0,3600
2023-08-07,Detergent 900g (12),Household,52,0,21500
2023-08-07,Malt drink 330ml (24),Beverages,115,0,13200
2023-08-07,Orange juice 1L (12),Beverages,55,0,18600
2023-08-07,Plantain chips 150g (20),Snacks,72,0,9200
2023-08-08,Bar soap (48),Personal care,70,0,14400
2023-08-08,Bottled water 75cl (12),Beverages,150,0,3600
2023-08-08,Detergent 900g (12),Household,44,0,21500
2023-08-08,Malt drink 330ml (24),Beverages,112,0,13200
2023-08-08,Orange juice 1L (12),Beverages,59,0,18600
2023-08-08,Plantain chips 150g (20),Snacks,76,0,9200
2023-08-09,Bar soap (48),Personal care,60,0,14400
2023-08-09,Bottled water 75cl (12),Beverages,191,0,3600
2023-08-09,Detergent 900g (12),Household,47,0,21500
2023-08-09,Malt drink 330ml (24),Beverages,142,0,13200
2023-08-09,Orange juice 1L (12),Beverages,47,0,18600
2023-08-09,Plantain chips 150g (20),Snacks,78,0,9200
2023-08-10,Bar soap (48),Personal care,67,0,14400
2023-08-10,Bottled water 75cl (12),Beverages,210,0,3600
2023-08-10,Detergent 900g (12),Household,54,0,21500
2023-08-10,Malt drink 330ml (24),Beverages,98,0,13200
2023-08-10,Orange juice 1L (12),Beverages,71,0,18600
2023-08-10,Plantain chips 150g (20),Snacks,91,0,9200
2023-08-11,Bar soap (48),Personal care,78,0,14400
2023-08-11,Bottled water 75cl (12),Beverages,277,1,3250
2023-08-11,Detergent 900g (12),Household,48,0,21500
2023-08-11,Malt drink 330ml (24),Beverages,138,0,13200
2023-08-11,Orange juice 1L (12),Beverages,51,0,18600
2023-08-11,Plantain chips 150g (20),Snacks,92,0,9200
2023-08-12,Bar soap (48),Personal care,94,0,14400
2023-08-12,Bottled water 75cl (12),Beverages,321,1,3250
2023-08-12,Detergent 900g (12),Household,59,0,21500
2023-08-12,Malt drink 330ml (24),Beverages,149,0,13200
2023-08-12,Orange juice 1L (12),Beverages,68,0,18600
2023-08-12,Plantain chips 150g (20),Snacks,106,0,9200
2023-08-13,Bar soap (48),Personal care,32,0,14400
2023-08-13,Bottled water 75cl (12),Beverages,200,1,3250
2023-08-13,Detergent 900g (12),Household,27,0,21500
2023-08-13,Malt drink 330ml (24),Beverages,74,0,13200
2023-08-13,Orange juice 1L (12),Beverages,34,0,18600
2023-08-13,Plantain chips 150g (20),Snacks,40,0,9200
2023-08-14,Bar soap (48),Personal care,82,0,14400
2023-08-14,Bottled water 75cl (12),Beverages,226,1,3250
2023-08-14,Detergent 900g (12),Household,58,0,21500
2023-08-14,Malt drink 330ml (24),Beverages,113,0,13200
2023-08-14,Orange juice 1L (12),Beverages,46,0,18600
2023-08-14,Plantain chips 150g (20),Snacks,69,0,9200
2023-08-15,Bar soap (48),Personal care,67,0,14400
2023-08-15,Bottled water 75cl (12),Beverages,230,1,3250
2023-08-15,Detergent 900g (12),Household,55,0,21500
2023-08-15,Malt drink 330ml (24),Beverages,106,0,13200
2023-08-15,Orange juice 1L (12),Beverages,53,0,18600
2023-08-15,Plantain chips 150g (20),Snacks,65,0,9200
2023-08-16,Bar soap (48),Personal care,62,0,14400
2023-08-16,Bottled water 75cl (12),Beverages,216,1,3250
2023-08-16,Detergent 900g (12),Household,53,0,21500
2023-08-16,Malt drink 330ml (24),Beverages,102,0,13200
2023-08-16,Orange juice 1L (12),Beverages,49,0,18600
2023-08-16,Plantain chips 150g (20),Snacks,65,0,9200
2023-08-17,Bar soap (48),Personal care,74,0,14400
2023-08-17,Bottled water 75cl (12),Beverages,260,1,3250
2023-08-17,Detergent 900g (12),Household,58,0,21500
2023-08-17,Malt drink 330ml (24),Beverages,149,0,13200
2023-08-17,Orange juice 1L (12),Beverages,59,0,18600
2023-08-17,Plantain chips 150g (20),Snacks,75,0,9200
2023-08-18,Bar soap (48),Personal care,77,0,14400
2023-08-18,Bottled water 75cl (12),Beverages,174,0,3600
2023-08-18,Detergent 900g (12),Household,50,0,21500
2023-08-18,Malt drink 330ml (24),Beverages,153,0,13200
2023-08-18,Orange juice 1L (12),Beverages,61,0,18600
2023-08-18,Plantain chips 150g (20),Snacks,86,0,9200
2023-08-19,Bar soap (48),Personal care,86,0,14400
2023-08-19,Bottled water 75cl (12),Beverages,201,0,3600
2023-08-19,Detergent 900g (12),Household,71,0,21500
2023-08-19,Malt drink 330ml (24),Beverages,142,0,13200
2023-08-19,Orange juice 1L (12),Beverages,101,1,16750
2023-08-19,Plantain chips 150g (20),Snacks,91,0,9200
2023-08-20,Bar soap (48),Personal care,31,0,14400
2023-08-20,Bottled water 75cl (12),Beverages,88,0,3600
2023-08-20,Detergent 900g (12),Household,25,0,21500
2023-08-20,Malt drink 330ml (24),Beverages,72,0,13200
2023-08-20,Orange juice 1L (12),Beverages,55,1,16750
2023-08-20,Plantain chips 150g (20),Snacks,43,0,9200
2023-08-21,Bar soap (48),Personal care,69,0,14400
2023-08-21,Bottled water 75cl (12),Beverages,166,0,3600
2023-08-21,Detergent 900g (12),Household,43,0,21500
2023-08-21,Malt drink 330ml (24),Beverages,101,0,13200
2023-08-21,Orange juice 1L (12),Beverages,82,1,16750
2023-08-21,Plantain chips 150g (20),Snacks,73,0,9200
2023-08-22,Bar soap (48),Personal care,62,0,14400
2023-08-22,Bottled water 75cl (12),Beverages,168,0,3600
2023-08-22,Detergent 900g (12),Household,50,0,21500
2023-08-22,Malt drink 330ml (24),Beverages,144,0,13200
2023-08-22,Orange juice 1L (12),Beverages,75,1,16750
2023-08-22,Plantain chips 150g (20),Snacks,80,0,9200
2023-08-23,Bar soap (48),Personal care,51,0,14400
2023-08-23,Bottled water 75cl (12),Beverages,182,0,3600
2023-08-23,Detergent 900g (12),Household,54,0,21500
2023-08-23,Malt drink 330ml (24),Beverages,130,0,13200
2023-08-23,Orange juice 1L (12),Beverages,72,1,16750
2023-08-23,Plantain chips 150g (20),Snacks,70,0,9200
2023-08-24,Bar soap (48),Personal care,69,0,14400
2023-08-24,Bottled water 75cl (12),Beverages,184,0,3600
2023-08-24,Detergent 900g (12),Household,60,0,21500
2023-08-24,Malt drink 330ml (24),Beverages,98,0,13200
2023-08-24,Orange juice 1L (12),Beverages,81,1,16750
2023-08-24,Plantain chips 150g (20),Snacks,71,0,9200
2023-08-25,Bar soap (48),Personal care,76,0,14400
2023-08-25,Bottled water 75cl (12),Beverages,237,0,3600
2023-08-25,Detergent 900g (12),Household,56,0,21500
2023-08-25,Malt drink 330ml (24),Beverages,131,0,13200
2023-08-25,Orange juice 1L (12),Beverages,102,1,16750
2023-08-25,Plantain chips 150g (20),Snacks,85,0,9200
2023-08-26,Bar soap (48),Personal care,89,0,14400
2023-08-26,Bottled water 75cl (12),Beverages,265,0,3600
2023-08-26,Detergent 900g (12),Household,71,0,21500
2023-08-26,Malt drink 330ml (24),Beverages,159,0,13200
2023-08-26,Orange juice 1L (12),Beverages,61,0,18600
2023-08-26,Plantain chips 150g (20),Snacks,81,0,9200
2023-08-27,Bar soap (48),Personal care,35,0,14400
2023-08-27,Bottled water 75cl (12),Beverages,91,0,3600
2023-08-27,Detergent 900g (12),Household,31,0,21500
2023-08-27,Malt drink 330ml (24),Beverages,57,0,13200
2023-08-27,Orange juice 1L (12),Beverages,25,0,18600
2023-08-27,Plantain chips 150g (20),Snacks,44,0,9200
2023-08-28,Bar soap (48),Personal care,61,0,14400
2023-08-28,Bottled water 75cl (12),Beverages,192,0,3600
2023-08-28,Detergent 900g (12),Household,53,0,21500
2023-08-28,Malt drink 330ml (24),Beverages,132,0,13200
2023-08-28,Orange juice 1L (12),Beverages,38,0,18600
2023-08-28,Plantain chips 150g (20),Snacks,62,0,9200
2023-08-29,Bar soap (48),Personal care,61,0,14400
2023-08-29,Bottled water 75cl (12),Beverages,212,0,3600
2023-08-29,Detergent 900g (12),Household,52,0,21500
2023-08-29,Malt drink 330ml (24),Beverages,132,0,13200
2023-08-29,Orange juice 1L (12),Beverages,49,0,18600
2023-08-29,Plantain chips 150g (20),Snacks,88,0,9200
2023-08-30,Bar soap (48),Personal care,95,0,14400
2023-08-30,Bottled water 75cl (12),Beverages,218,0,3600
2023-08-30,Detergent 900g (12),Household,53,0,21500
2023-08-30,Malt drink 330ml (24),Beverages,119,0,13200
2023-08-30,Orange juice 1L (12),Beverages,48,0,18600
2023-08-30,Plantain chips 150g (20),Snacks,92,0,9200
2023-08-31,Bar soap (48),Personal care,77,0,14400
2023-08-31,Bottled water 75cl (12),Beverages,186,0,3600
2023-08-31,Detergent 900g (12),Household,59,0,21500
2023-08-31,Malt drink 330ml (24),Beverages,124,0,13200
2023-08-31,Orange juice 1L (12),Beverages,54,0,18600
2023-08-31,Plantain chips 150g (20),Snacks,97,0,9200
2023-09-01,Bar soap (48),Personal care,72,0,14400
2023-09-01,Bottled water 75cl (12),Beverages,215,0,3600
2023-09-01,Detergent 900g (12),Household,76,0,21500
2023-09-01,Malt drink 330ml (24),Beverages,134,0,13200
2023-09-01,Orange juice 1L (12),Beverages,59,0,18600
2023-09-01,Plantain chips 150g (20),Snacks,96,0,9200
2023-09-02,Bar soap (48),Personal care,90,0,14400
2023-09-02,Bottled water 75cl (12),Beverages,218,0,3600
2023-09-02,Detergent 900g (12),Household,69,0,21500
2023-09-02,Malt drink 330ml (24),Beverages,221,0,13200
2023-09-02,Orange juice 1L (12),Beverages,81,0,18600
2023-09-02,Plantain chips 150g (20),Snacks,89,0,9200
2023-09-03,Bar soap (48),Personal care,34,0,14400
2023-09-03,Bottled water 75cl (12),Beverages,106,0,3600
2023-09-03,Detergent 900g (12),Household,29,0,21500
2023-09-03,Malt drink 330ml (24),Beverages,79,0,13200
2023-09-03,Orange juice 1L (12),Beverages,25,0,18600
2023-09-03,Plantain chips 150g (20),Snacks,39,0,9200
2023-09-04,Bar soap (48),Personal care,68,0,14400
2023-09-04,Bottled water 75cl (12),Beverages,183,0,3600
2023-09-04,Detergent 900g (12),Household,42,0,21500
2023-09-04,Malt drink 330ml (24),Beverages,135,0,13200
2023-09-04,Orange juice 1L (12),Beverages,46,0,18600
2023-09-04,Plantain chips 150g (20),Snacks,84,0,9200
2023-09-05,Bar soap (48),Personal care,69,0,14400
2023-09-05,Bottled water 75cl (12),Beverages,205,0,3600
2023-09-05,Detergent 900g (12),Household,49,0,21500
2023-09-05,Malt drink 330ml (24),Beverages,122,0,13200
2023-09-05,Orange juice 1L (12),Beverages,57,0,18600
2023-09-05,Plantain chips 150g (20),Snacks,71,0,9200
2023-09-06,Bar soap (48),Personal care,65,0,14400
2023-09-06,Bottled water 75cl (12),Beverages,187,0,3600
2023-09-06,Detergent 900g (12),Household,59,0,21500
2023-09-06,Malt drink 330ml (24),Beverages,136,0,13200
2023-09-06,Orange juice 1L (12),Beverages,62,0,18600
2023-09-06,Plantain chips 150g (20),Snacks,68,0,9200
2023-09-07,Bar soap (48),Personal care,67,0,14400
2023-09-07,Bottled water 75cl (12),Beverages,213,0,3600
2023-09-07,Detergent 900g (12),Household,50,0,21500
2023-09-07,Malt drink 330ml (24),Beverages,109,0,13200
2023-09-07,Orange juice 1L (12),Beverages,61,0,18600
2023-09-07,Plantain chips 150g (20),Snacks,73,0,9200
2023-09-08,Bar soap (48),Personal care,69,0,14400
2023-09-08,Bottled water 75cl (12),Beverages,244,0,3600
2023-09-08,Detergent 900g (12),Household,50,0,21500
2023-09-08,Malt drink 330ml (24),Beverages,129,0,13200
2023-09-08,Orange juice 1L (12),Beverages,66,0,18600
2023-09-08,Plantain chips 150g (20),Snacks,101,0,9200
2023-09-09,Bar soap (48),Personal care,85,0,14400
2023-09-09,Bottled water 75cl (12),Beverages,270,0,3600
2023-09-09,Detergent 900g (12),Household,52,0,21500
2023-09-09,Malt drink 330ml (24),Beverages,177,0,13200
2023-09-09,Orange juice 1L (12),Beverages,60,0,18600
2023-09-09,Plantain chips 150g (20),Snacks,105,0,9200
2023-09-10,Bar soap (48),Personal care,33,0,14400
2023-09-10,Bottled water 75cl (12),Beverages,103,0,3600
2023-09-10,Detergent 900g (12),Household,25,0,21500
2023-09-10,Malt drink 330ml (24),Beverages,63,0,13200
2023-09-10,Orange juice 1L (12),Beverages,27,0,18600
2023-09-10,Plantain chips 150g (20),Snacks,46,0,9200
2023-09-11,Bar soap (48),Personal care,61,0,14400
2023-09-11,Bottled water 75cl (12),Beverages,210,0,3600
2023-09-11,Detergent 900g (12),Household,47,0,21500
2023-09-11,Malt drink 330ml (24),Beverages,119,0,13200
2023-09-11,Orange juice 1L (12),Beverages,47,0,18600
2023-09-11,Plantain chips 150g (20),Snacks,78,0,9200
2023-09-12,Bar soap (48),Personal care,70,0,14400
2023-09-12,Bottled water 75cl (12),Beverages,212,0,3600
2023-09-12,Detergent 900g (12),Household,50,0,21500
2023-09-12,Malt drink 330ml (24),Beverages,130,0,13200
2023-09-12,Orange juice 1L (12),Beverages,62,0,18600
2023-09-12,Plantain chips 150g (20),Snacks,69,0,9200
2023-09-13,Bar soap (48),Personal care,66,0,14400
2023-09-13,Bottled water 75cl (12),Beverages,198,0,3600
2023-09-13,Detergent 900g (12),Household,43,0,21500
2023-09-13,Malt drink 330ml (24),Beverages,120,0,13200
2023-09-13,Orange juice 1L (12),Beverages,53,0,18600
2023-09-13,Plantain chips 150g (20),Snacks,77,0,9200
2023-09-14,Bar soap (48),Personal care,63,0,14400
2023-09-14,Bottled water 75cl (12),Beverages,186,0,3600
2023-09-14,Detergent 900g (12),Household,47,0,21500
2023-09-14,Malt drink 330ml (24),Beverages,140,0,13200
2023-09-14,Orange juice 1L (12),Beverages,54,0,18600
2023-09-14,Plantain chips 150g (20),Snacks,87,0,9200
2023-09-15,Bar soap (48),Personal care,119,1,12950
2023-09-15,Bottled water 75cl (12),Beverages,199,0,3600
2023-09-15,Detergent 900g (12),Household,53,0,21500
2023-09-15,Malt drink 330ml (24),Beverages,120,0,13200
2023-09-15,Orange juice 1L (12),Beverages,52,0,18600
2023-09-15,Plantain chips 150g (20),Snacks,93,0,9200
2023-09-16,Bar soap (48),Personal care,131,1,12950
2023-09-16,Bottled water 75cl (12),Beverages,254,0,3600
2023-09-16,Detergent 900g (12),Household,87,1,19350
2023-09-16,Malt drink 330ml (24),Beverages,163,0,13200
2023-09-16,Orange juice 1L (12),Beverages,73,0,18600
2023-09-16,Plantain chips 150g (20),Snacks,89,0,9200
2023-09-17,Bar soap (48),Personal care,48,1,12950
2023-09-17,Bottled water 75cl (12),Beverages,102,0,3600
2023-09-17,Detergent 900g (12),Household,39,1,19350
2023-09-17,Malt drink 330ml (24),Beverages,62,0,13200
2023-09-17,Orange juice 1L (12),Beverages,34,0,18600
2023-09-17,Plantain chips 150g (20),Snacks,41,0,9200
2023-09-18,Bar soap (48),Personal care,91,1,12950
2023-09-18,Bottled water 75cl (12),Beverages,200,0,3600
2023-09-18,Detergent 900g (12),Household,79,1,19350
2023-09-18,Malt drink 330ml (24),Beverages,127,0,13200
2023-09-18,Orange juice 1L (12),Beverages,57,0,18600
2023-09-18,Plantain chips 150g (20),Snacks,86,0,9200
2023-09-19,Bar soap (48),Personal care,91,1,12950
2023-09-19,Bottled water 75cl (12),Beverages,176,0,3600
2023-09-19,Detergent 900g (12),Household,80,1,19350
2023-09-19,Malt drink 330ml (24),Beverages,155,1,11900
2023-09-19,Orange juice 1L (12),Beverages,44,0,18600
2023-09-19,Plantain chips 150g (20),Snacks,67,0,9200
2023-09-20,Bar soap (48),Personal care,109,1,12950
2023-09-20,Bottled water 75cl (12),Beverages,198,0,3600
2023-09-20,Detergent 900g (12),Household,63,1,19350
2023-09-20,Malt drink 330ml (24),Beverages,209,1,11900
2023-09-20,Orange juice 1L (12),Beverages,60,0,18600
2023-09-20,Plantain chips 150g (20),Snacks,66,0,9200
2023-09-21,Bar soap (48),Personal care,104,1,12950
2023-09-21,Bottled water 75cl (12),Beverages,166,0,3600
2023-09-21,Detergent 900g (12),Household,64,1,19350
2023-09-21,Malt drink 330ml (24),Beverages,197,1,11900
2023-09-21,Orange juice 1L (12),Beverages,64,0,18600
2023-09-21,Plantain chips 150g (20),Snacks,78,0,9200
2023-09-22,Bar soap (48),Personal care,56,0,14400
2023-09-22,Bottled water 75cl (12),Beverages,229,0,3600
2023-09-22,Detergent 900g (12),Household,85,1,19350
2023-09-22,Malt drink 330ml (24),Beverages,192,1,11900
2023-09-22,Orange juice 1L (12),Beverages,71,0,18600
2023-09-22,Plantain chips 150g (20),Snacks,102,0,9200
2023-09-23,Bar soap (48),Personal care,60,0,14400
2023-09-23,Bottled water 75cl (12),Beverages,238,0,3600
2023-09-23,Detergent 900g (12),Household,47,0,21500
2023-09-23,Malt drink 330ml (24),Beverages,229,1,11900
2023-09-23,Orange juice 1L (12),Beverages,68,0,18600
2023-09-23,Plantain chips 150g (20),Snacks,81,0,9200
2023-09-24,Bar soap (48),Personal care,31,0,14400
2023-09-24,Bottled water 75cl (12),Beverages,109,0,3600
2023-09-24,Detergent 900g (12),Household,24,0,21500
2023-09-24,Malt drink 330ml (24),Beverages,105,1,11900
2023-09-24,Orange juice 1L (12),Beverages,29,0,18600
2023-09-24,Plantain chips 150g (20),Snacks,37,0,9200
2023-09-25,Bar soap (48),Personal care,66,0,14400
2023-09-25,Bottled water 75cl (12),Beverages,204,0,3600
2023-09-25,Detergent 900g (12),Household,57,0,21500
2023-09-25,Malt drink 330ml (24),Beverages,169,1,11900
2023-09-25,Orange juice 1L (12),Beverages,57,0,18600
2023-09-25,Plantain chips 150g (20),Snacks,71,0,9200
2023-09-26,Bar soap (48),Personal care,59,0,14400
2023-09-26,Bottled water 75cl (12),Beverages,166,0,3600
2023-09-26,Detergent 900g (12),Household,44,0,21500
2023-09-26,Malt drink 330ml (24),Beverages,84,0,13200
2023-09-26,Orange juice 1L (12),Beverages,57,0,18600
2023-09-26,Plantain chips 150g (20),Snacks,62,0,9200
2023-09-27,Bar soap (48),Personal care,60,0,14400
2023-09-27,Bottled water 75cl (12),Beverages,163,0,3600
2023-09-27,Detergent 900g (12),Household,39,0,21500
2023-09-27,Malt drink 330ml (24),Beverages,105,0,13200
2023-09-27,Orange juice 1L (12),Beverages,61,0,18600
2023-09-27,Plantain chips 150g (20),Snacks,66,0,9200
2023-09-28,Bar soap (48),Personal care,65,0,14400
2023-09-28,Bottled water 75cl (12),Beverages,213,0,3600
2023-09-28,Detergent 900g (12),Household,47,0,21500
2023-09-28,Malt drink 330ml (24),Beverages,145,0,13200
2023-09-28,Orange juice 1L (12),Beverages,62,0,18600
2023-09-28,Plantain chips 150g (20),Snacks,83,0,9200
2023-09-29,Bar soap (48),Personal care,86,0,14400
2023-09-29,Bottled water 75cl (12),Beverages,236,0,3600
2023-09-29,Detergent 900g (12),Household,52,0,21500
2023-09-29,Malt drink 330ml (24),Beverages,102,0,13200
2023-09-29,Orange juice 1L (12),Beverages,63,0,18600
2023-09-29,Plantain chips 150g (20),Snacks,88,0,9200
2023-09-30,Bar soap (48),Personal care,74,0,14400
2023-09-30,Bottled water 75cl (12),Beverages,281,0,3600
2023-09-30,Detergent 900g (12),Household,71,0,21500
2023-09-30,Malt drink 330ml (24),Beverages,163,0,13200
2023-09-30,Orange juice 1L (12),Beverages,69,0,18600
2023-09-30,Plantain chips 150g (20),Snacks,126,0,9200
2023-10-01,Bar soap (48),Personal care,38,0,14400
2023-10-01,Bottled water 75cl (12),Beverages,159,0,3600
2023-10-01,Detergent 900g (12),Household,30,0,21500
2023-10-01,Malt drink 330ml (24),Beverages,68,0,13200
2023-10-01,Orange juice 1L (12),Beverages,38,0,18600
2023-10-01,Plantain chips 150g (20),Snacks,48,0,9200
2023-10-02,Bar soap (48),Personal care,59,0,14400
2023-10-02,Bottled water 75cl (12),Beverages,308,0,3600
2023-10-02,Detergent 900g (12),Household,45,0,21500
2023-10-02,Malt drink 330ml (24),Beverages,110,0,13200
2023-10-02,Orange juice 1L (12),Beverages,59,0,18600
2023-10-02,Plantain chips 150g (20),Snacks,76,0,9200
2023-10-03,Bar soap (48),Personal care,70,0,14400
2023-10-03,Bottled water 75cl (12),Beverages,218,0,3600
2023-10-03,Detergent 900g (12),Household,46,0,21500
2023-10-03,Malt drink 330ml (24),Beverages,116,0,13200
2023-10-03,Orange juice 1L (12),Beverages,58,0,18600
2023-10-03,Plantain chips 150g (20),Snacks,75,0,9200
2023-10-04,Bar soap (48),Personal care,55,0,14400
2023-10-04,Bottled water 75cl (12),Beverages,217,0,3600
2023-10-04,Detergent 900g (12),Household,45,0,21500
2023-10-04,Malt drink 330ml (24),Beverages,124,0,13200
2023-10-04,Orange juice 1L (12),Beverages,56,0,18600
2023-10-04,Plantain chips 150g (20),Snacks,83,0,9200
2023-10-05,Bar soap (48),Personal care,73,0,14400
2023-10-05,Bottled water 75cl (12),Beverages,216,0,3600
2023-10-05,Detergent 900g (12),Household,49,0,21500
2023-10-05,Malt drink 330ml (24),Beverages,124,0,13200
2023-10-05,Orange juice 1L (12),Beverages,56,0,18600
2023-10-05,Plantain chips 150g (20),Snacks,66,0,9200
2023-10-06,Bar soap (48),Personal care,73,0,14400
2023-10-06,Bottled water 75cl (12),Beverages,225,0,3600
2023-10-06,Detergent 900g (12),Household,53,0,21500
2023-10-06,Malt drink 330ml (24),Beverages,138,0,13200
2023-10-06,Orange juice 1L (12),Beverages,84,0,18600
2023-10-06,Plantain chips 150g (20),Snacks,104,0,9200
2023-10-07,Bar soap (48),Personal care,83,0,14400
2023-10-07,Bottled water 75cl (12),Beverages,289,0,3600
2023-10-07,Detergent 900g (12),Household,56,0,21500
2023-10-07,Malt drink 330ml (24),Beverages,176,0,13200
2023-10-07,Orange juice 1L (12),Beverages,79,0,18600
2023-10-07,Plantain chips 150g (20),Snacks,100,0,9200
2023-10-08,Bar soap (48),Personal care,32,0,14400
2023-10-08,Bottled water 75cl (12),Beverages,117,0,3600
2023-10-08,Detergent 900g (12),Household,25,0,21500
2023-10-08,Malt drink 330ml (24),Beverages,77,0,13200
2023-10-08,Orange juice 1L (12),Beverages,36,0,18600
2023-10-08,Plantain chips 150g (20),Snacks,43,0,9200
2023-10-09,Bar soap (48),Personal care,56,0,14400
2023-10-09,Bottled water 75cl (12),Beverages,202,0,3600
2023-10-09,Detergent 900g (12),Household,44,0,21500
2023-10-09,Malt drink 330ml (24),Beverages,141,0,13200
2023-10-09,Orange juice 1L (12),Beverages,64,0,18600
2023-10-09,Plantain chips 150g (20),Snacks,75,0,9200
2023-10-10,Bar soap (48),Personal care,61,0,14400
2023-10-10,Bottled water 75cl (12),Beverages,239,0,3600
2023-10-10,Detergent 900g (12),Household,44,0,21500
2023-10-10,Malt drink 330ml (24),Beverages,140,0,13200
2023-10-10,Orange juice 1L (12),Beverages,67,0,18600
2023-10-10,Plantain chips 150g (20),Snacks,79,0,9200
2023-10-11,Bar soap (48),Personal care,70,0,14400
2023-10-11,Bottled water 75cl (12),Beverages,246,0,3600
2023-10-11,Detergent 900g (12),Household,57,0,21500
2023-10-11,Malt drink 330ml (24),Beverages,132,0,13200
2023-10-11,Orange juice 1L (12),Beverages,43,0,18600
2023-10-11,Plantain chips 150g (20),Snacks,65,0,9200
2023-10-12,Bar soap (48),Personal care,67,0,14400
2023-10-12,Bottled water 75cl (12),Beverages,274,0,3600
2023-10-12,Detergent 900g (12),Household,55,0,21500
2023-10-12,Malt drink 330ml (24),Beverages,134,0,13200
2023-10-12,Orange juice 1L (12),Beverages,65,0,18600
2023-10-12,Plantain chips 150g (20),Snacks,68,0,9200
2023-10-13,Bar soap (48),Personal care,66,0,14400
2023-10-13,Bottled water 75cl (12),Beverages,224,0,3600
2023-10-13,Detergent 900g (12),Household,54,0,21500
2023-10-13,Malt drink 330ml (24),Beverages,140,0,13200
2023-10-13,Orange juice 1L (12),Beverages,62,0,18600
2023-10-13,Plantain chips 150g (20),Snacks,78,0,9200
2023-10-14,Bar soap (48),Personal care,80,0,14400
2023-10-14,Bottled water 75cl (12),Beverages,243,0,3600
2023-10-14,Detergent 900g (12),Household,58,0,21500
2023-10-14,Malt drink 330ml (24),Beverages,149,0,13200
2023-10-14,Orange juice 1L (12),Beverages,71,0,18600
2023-10-14,Plantain chips 150g (20),Snacks,88,0,9200
2023-10-15,Bar soap (48),Personal care,35,0,14400
2023-10-15,Bottled water 75cl (12),Beverages,95,0,3600
2023-10-15,Detergent 900g (12),Household,28,0,21500
2023-10-15,Malt drink 330ml (24),Beverages,71,0,13200
2023-10-15,Orange juice 1L (12),Beverages,41,0,18600
2023-10-15,Plantain chips 150g (20),Snacks,39,0,9200
2023-10-16,Bar soap (48),Personal care,67,0,14400
2023-10-16,Bottled water 75cl (12),Beverages,209,0,3600
2023-10-16,Detergent 900g (12),Household,50,0,21500
2023-10-16,Malt drink 330ml (24),Beverages,111,0,13200
2023-10-16,Orange juice 1L (12),Beverages,66,0,18600
2023-10-16,Plantain chips 150g (20),Snacks,89,0,9200
2023-10-17,Bar soap (48),Personal care,63,0,14400
2023-10-17,Bottled water 75cl (12),Beverages,207,0,3600
2023-10-17,Detergent 900g (12),Household,50,0,21500
2023-10-17,Malt drink 330ml (24),Beverages,133,0,13200
2023-10-17,Orange juice 1L (12),Beverages,59,0,18600
2023-10-17,Plantain chips 150g (20),Snacks,64,0,9200
2023-10-18,Bar soap (48),Personal care,63,0,14400
2023-10-18,Bottled water 75cl (12),Beverages,214,0,3600
2023-10-18,Detergent 900g (12),Household,47,0,21500
2023-10-18,Malt drink 330ml (24),Beverages,134,0,13200
2023-10-18,Orange juice 1L (12),Beverages,59,0,18600
2023-10-18,Plantain chips 150g (20),Snacks,82,0,9200
2023-10-19,Bar soap (48),Personal care,58,0,14400
2023-10-19,Bottled water 75cl (12),Beverages,205,0,3600
2023-10-19,Detergent 900g (12),Household,44,0,21500
2023-10-19,Malt drink 330ml (24),Beverages,122,0,13200
2023-10-19,Orange juice 1L (12),Beverages,60,0,18600
2023-10-19,Plantain chips 150g (20),Snacks,79,0,9200
2023-10-20,Bar soap (48),Personal care,69,0,14400
2023-10-20,Bottled water 75cl (12),Beverages,271,0,3600
2023-10-20,Detergent 900g (12),Household,68,0,21500
2023-10-20,Malt drink 330ml (24),Beverages,143,0,13200
2023-10-20,Orange juice 1L (12),Beverages,62,0,18600
2023-10-20,Plantain chips 150g (20),Snacks,63,0,9200
2023-10-21,Bar soap (48),Personal care,95,0,14400
2023-10-21,Bottled water 75cl (12),Beverages,246,0,3600
2023-10-21,Detergent 900g (12),Household,61,0,21500
2023-10-21,Malt drink 330ml (24),Beverages,183,0,13200
2023-10-21,Orange juice 1L (12),Beverages,75,0,18600
2023-10-21,Plantain chips 150g (20),Snacks,92,0,9200
2023-10-22,Bar soap (48),Personal care,42,0,14400
2023-10-22,Bottled water 75cl (12),Beverages,115,0,3600
2023-10-22,Detergent 900g (12),Household,28,0,21500
2023-10-22,Malt drink 330ml (24),Beverages,85,0,13200
2023-10-22,Orange juice 1L (12),Beverages,35,0,18600
2023-10-22,Plantain chips 150g (20),Snacks,43,0,9200
2023-10-23,Bar soap (48),Personal care,62,0,14400
2023-10-23,Bottled water 75cl (12),Beverages,190,0,3600
2023-10-23,Detergent 900g (12),Household,43,0,21500
2023-10-23,Malt drink 330ml (24),Beverages,126,0,13200
2023-10-23,Orange juice 1L (12),Beverages,58,0,18600
2023-10-23,Plantain chips 150g (20),Snacks,90,0,9200
2023-10-24,Bar soap (48),Personal care,71,0,14400
2023-10-24,Bottled water 75cl (12),Beverages,206,0,3600
2023-10-24,Detergent 900g (12),Household,49,0,21500
2023-10-24,Malt drink 330ml (24),Beverages,145,0,13200
2023-10-24,Orange juice 1L (12),Beverages,54,0,18600
2023-10-24,Plantain chips 150g (20),Snacks,81,0,9200
2023-10-25,Bar soap (48),Personal care,62,0,14400
2023-10-25,Bottled water 75cl (12),Beverages,229,0,3600
2023-10-25,Detergent 900g (12),Household,54,0,21500
2023-10-25,Malt drink 330ml (24),Beverages,124,0,13200
2023-10-25,Orange juice 1L (12),Beverages,55,0,18600
2023-10-25,Plantain chips 150g (20),Snacks,79,0,9200
2023-10-26,Bar soap (48),Personal care,59,0,14400
2023-10-26,Bottled water 75cl (12),Beverages,264,0,3600
2023-10-26,Detergent 900g (12),Household,52,0,21500
2023-10-26,Malt drink 330ml (24),Beverages,138,0,13200
2023-10-26,Orange juice 1L (12),Beverages,62,0,18600
2023-10-26,Plantain chips 150g (20),Snacks,75,0,9200
2023-10-27,Bar soap (48),Personal care,69,0,14400
2023-10-27,Bottled water 75cl (12),Beverages,204,0,3600
2023-10-27,Detergent 900g (12),Household,81,1,19350
2023-10-27,Malt drink 330ml (24),Beverages,135,0,13200
2023-10-27,Orange juice 1L (12),Beverages,67,0,18600
2023-10-27,Plantain chips 150g (20),Snacks,83,0,9200
2023-10-28,Bar soap (48),Personal care,80,0,14400
2023-10-28,Bottled water 75cl (12),Beverages,314,0,3600
2023-10-28,Detergent 900g (12),Household,76,1,19350
2023-10-28,Malt drink 330ml (24),Beverages,177,0,13200
2023-10-28,Orange juice 1L (12),Beverages,55,0,18600
2023-10-28,Plantain chips 150g (20),Snacks,104,0,9200
2023-10-29,Bar soap (48),Personal care,37,0,14400
2023-10-29,Bottled water 75cl (12),Beverages,148,0,3600
2023-10-29,Detergent 900g (12),Household,44,1,19350
2023-10-29,Malt drink 330ml (24),Beverages,95,0,13200
2023-10-29,Orange juice 1L (12),Beverages,43,0,18600
2023-10-29,Plantain chips 150g (20),Snacks,45,0,9200
2023-10-30,Bar soap (48),Personal care,61,0,14400
2023-10-30,Bottled water 75cl (12),Beverages,245,0,3600
2023-10-30,Detergent 900g (12),Household,97,1,19350
2023-10-30,Malt drink 330ml (24),Beverages,124,0,13200
2023-10-30,Orange juice 1L (12),Beverages,62,0,18600
2023-10-30,Plantain chips 150g (20),Snacks,72,0,9200
2023-10-31,Bar soap (48),Personal care,73,0,14400
2023-10-31,Bottled water 75cl (12),Beverages,231,0,3600
2023-10-31,Detergent 900g (12),Household,65,1,19350
2023-10-31,Malt drink 330ml (24),Beverages,137,0,13200
2023-10-31,Orange juice 1L (12),Beverages,55,0,18600
2023-10-31,Plantain chips 150g (20),Snacks,80,0,9200
2023-11-01,Bar soap (48),Personal care,74,0,14400
2023-11-01,Bottled water 75cl (12),Beverages,343,0,3600
2023-11-01,Detergent 900g (12),Household,85,1,19350
2023-11-01,Malt drink 330ml (24),Beverages,137,0,13200
2023-11-01,Orange juice 1L (12),Beverages,68,0,18600
2023-11-01,Plantain chips 150g (20),Snacks,82,0,9200
2023-11-02,Bar soap (48),Personal care,56,0,14400
2023-11-02,Bottled water 75cl (12),Beverages,246,0,3600
2023-11-02,Detergent 900g (12),Household,91,1,19350
2023-11-02,Malt drink 330ml (24),Beverages,137,0,13200
2023-11-02,Orange juice 1L (12),Beverages,100,1,16750
2023-11-02,Plantain chips 150g (20),Snacks,90,0,9200
2023-11-03,Bar soap (48),Personal care,70,0,14400
2023-11-03,Bottled water 75cl (12),Beverages,208,0,3600
2023-11-03,Detergent 900g (12),Household,44,0,21500
2023-11-03,Malt drink 330ml (24),Beverages,125,0,13200
2023-11-03,Orange juice 1L (12),Beverages,97,1,16750
2023-11-03,Plantain chips 150g (20),Snacks,71,0,9200
2023-11-04,Bar soap (48),Personal care,127,1,12950
2023-11-04,Bottled water 75cl (12),Beverages,298,0,3600
2023-11-04,Detergent 900g (12),Household,48,0,21500
2023-11-04,Malt drink 330ml (24),Beverages,152,0,13200
2023-11-04,Orange juice 1L (12),Beverages,110,1,16750
2023-11-04,Plantain chips 150g (20),Snacks,115,0,9200
2023-11-05,Bar soap (48),Personal care,55,1,12950
2023-11-05,Bottled water 75cl (12),Beverages,121,0,3600
2023-11-05,Detergent 900g (12),Household,31,0,21500
2023-11-05,Malt drink 330ml (24),Beverages,60,0,13200
2023-11-05,Orange juice 1L (12),Beverages,46,1,16750
2023-11-05,Plantain chips 150g (20),Snacks,39,0,9200
2023-11-06,Bar soap (48),Personal care,79,1,12950
2023-11-06,Bottled water 75cl (12),Beverages,187,0,3600
2023-11-06,Detergent 900g (12),Household,41,0,21500
2023-11-06,Malt drink 330ml (24),Beverages,184,1,11900
2023-11-06,Orange juice 1L (12),Beverages,101,1,16750
2023-11-06,Plantain chips 150g (20),Snacks,73,0,9200
2023-11-07,Bar soap (48),Personal care,83,1,12950
2023-11-07,Bottled water 75cl (12),Beverages,209,0,3600
2023-11-07,Detergent 900g (12),Household,48,0,21500
2023-11-07,Malt drink 330ml (24),Beverages,164,1,11900
2023-11-07,Orange juice 1L (12),Beverages,91,1,16750
2023-11-07,Plantain chips 150g (20),Snacks,96,0,9200
2023-11-08,Bar soap (48),Personal care,104,1,12950
2023-11-08,Bottled water 75cl (12),Beverages,203,0,3600
2023-11-08,Detergent 900g (12),Household,38,0,21500
2023-11-08,Malt drink 330ml (24),Beverages,194,1,11900
2023-11-08,Orange juice 1L (12),Beverages,93,1,16750
2023-11-08,Plantain chips 150g (20),Snacks,79,0,9200
2023-11-09,Bar soap (48),Personal care,107,1,12950
2023-11-09,Bottled water 75cl (12),Beverages,238,0,3600
2023-11-09,Detergent 900g (12),Household,46,0,21500
2023-11-09,Malt drink 330ml (24),Beverages,177,1,11900
2023-11-09,Orange juice 1L (12),Beverages,56,0,18600
2023-11-09,Plantain chips 150g (20),Snacks,85,0,9200
2023-11-10,Bar soap (48),Personal care,96,1,12950
2023-11-10,Bottled water 75cl (12),Beverages,246,0,3600
2023-11-10,Detergent 900g (12),Household,56,0,21500
2023-11-10,Malt drink 330ml (24),Beverages,172,1,11900
2023-11-10,Orange juice 1L (12),Beverages,60,0,18600
2023-11-10,Plantain chips 150g (20),Snacks,82,0,9200
2023-11-11,Bar soap (48),Personal care,77,0,14400
2023-11-11,Bottled water 75cl (12),Beverages,305,0,3600
2023-11-11,Detergent 900g (12),Household,60,0,21500
2023-11-11,Malt drink 330ml (24),Beverages,247,1,11900
2023-11-11,Orange juice 1L (12),Beverages,71,0,18600
2023-11-11,Plantain chips 150g (20),Snacks,102,0,9200
2023-11-12,Bar soap (48),Personal care,30,0,14400
2023-11-12,Bottled water 75cl (12),Beverages,121,0,3600
2023-11-12,Detergent 900g (12),Household,27,0,21500
2023-11-12,Malt drink 330ml (24),Beverages,116,1,11900
2023-11-12,Orange juice 1L (12),Beverages,28,0,18600
2023-11-12,Plantain chips 150g (20),Snacks,38,0,9200
2023-11-13,Bar soap (48),Personal care,48,0,14400
2023-11-13,Bottled water 75cl (12),Beverages,257,0,3600
2023-11-13,Detergent 900g (12),Household,48,0,21500
2023-11-13,Malt drink 330ml (24),Beverages,112,0,13200
2023-11-13,Orange juice 1L (12),Beverages,62,0,18600
2023-11-13,Plantain chips 150g (20),Snacks,70,0,9200
2023-11-14,Bar soap (48),Personal care,58,0,14400
2023-11-14,Bottled water 75cl (12),Beverages,245,0,3600
2023-11-14,Detergent 900g (12),Household,61,0,21500
2023-11-14,Malt drink 330ml (24),Beverages,111,0,13200
2023-11-14,Orange juice 1L (12),Beverages,57,0,18600
2023-11-14,Plantain chips 150g (20),Snacks,94,0,9200
2023-11-15,Bar soap (48),Personal care,64,0,14400
2023-11-15,Bottled water 75cl (12),Beverages,320,1,3250
2023-11-15,Detergent 900g (12),Household,43,0,21500
2023-11-15,Malt drink 330ml (24),Beverages,111,0,13200
2023-11-15,Orange juice 1L (12),Beverages,49,0,18600
2023-11-15,Plantain chips 150g (20),Snacks,67,0,9200
2023-11-16,Bar soap (48),Personal care,55,0,14400
2023-11-16,Bottled water 75cl (12),Beverages,324,1,3250
2023-11-16,Detergent 900g (12),Household,46,0,21500
2023-11-16,Malt drink 330ml (24),Beverages,128,0,13200
2023-11-16,Orange juice 1L (12),Beverages,52,0,18600
2023-11-16,Plantain chips 150g (20),Snacks,82,0,9200
2023-11-17,Bar soap (48),Personal care,52,0,14400
2023-11-17,Bottled water 75cl (12),Beverages,346,1,3250
2023-11-17,Detergent 900g (12),Household,63,0,21500
2023-11-17,Malt drink 330ml (24),Beverages,120,0,13200
2023-11-17,Orange juice 1L (12),Beverages,67,0,18600
2023-11-17,Plantain chips 150g (20),Snacks,80,0,9200
2023-11-18,Bar soap (48),Personal care,82,0,14400
2023-11-18,Bottled water 75cl (12),Beverages,450,1,3250
2023-11-18,Detergent 900g (12),Household,57,0,21500
2023-11-18,Malt drink 330ml (24),Beverages,140,0,13200
2023-11-18,Orange juice 1L (12),Beverages,77,0,18600
2023-11-18,Plantain chips 150g (20),Snacks,111,0,9200
2023-11-19,Bar soap (48),Personal care,39,0,14400
2023-11-19,Bottled water 75cl (12),Beverages,180,1,3250
2023-11-19,Detergent 900g (12),Household,30,0,21500
2023-11-19,Malt drink 330ml (24),Beverages,62,0,13200
2023-11-19,Orange juice 1L (12),Beverages,27,0,18600
2023-11-19,Plantain chips 150g (20),Snacks,37,0,9200
2023-11-20,Bar soap (48),Personal care,60,0,14400
2023-11-20,Bottled water 75cl (12),Beverages,308,1,3250
2023-11-20,Detergent 900g (12),Household,57,0,21500
2023-11-20,Malt drink 330ml (24),Beverages,158,0,13200
2023-11-20,Orange juice 1L (12),Beverages,57,0,18600
2023-11-20,Plantain chips 150g (20),Snacks,94,0,9200
2023-11-21,Bar soap (48),Personal care,67,0,14400
2023-11-21,Bottled water 75cl (12),Beverages,348,1,3250
2023-11-21,Detergent 900g (12),Household,49,0,21500
2023-11-21,Malt drink 330ml (24),Beverages,119,0,13200
2023-11-21,Orange juice 1L (12),Beverages,71,0,18600
2023-11-21,Plantain chips 150g (20),Snacks,66,0,9200
2023-11-22,Bar soap (48),Personal care,66,0,14400
2023-11-22,Bottled water 75cl (12),Beverages,173,0,3600
2023-11-22,Detergent 900g (12),Household,49,0,21500
2023-11-22,Malt drink 330ml (24),Beverages,128,0,13200
2023-11-22,Orange juice 1L (12),Beverages,54,0,18600
2023-11-22,Plantain chips 150g (20),Snacks,66,0,9200
2023-11-23,Bar soap (48),Personal care,62,0,14400
2023-11-23,Bottled water 75cl (12),Beverages,225,0,3600
2023-11-23,Detergent 900g (12),Household,50,0,21500
2023-11-23,Malt drink 330ml (24),Beverages,136,0,13200
2023-11-23,Orange juice 1L (12),Beverages,66,0,18600
2023-11-23,Plantain chips 150g (20),Snacks,79,0,9200
2023-11-24,Bar soap (48),Personal care,83,0,14400
2023-11-24,Bottled water 75cl (12),Beverages,162,0,3600
2023-11-24,Detergent 900g (12),Household,52,0,21500
2023-11-24,Malt drink 330ml (24),Beverages,137,0,13200
2023-11-24,Orange juice 1L (12),Beverages,69,0,18600
2023-11-24,Plantain chips 150g (20),Snacks,90,0,9200
2023-11-25,Bar soap (48),Personal care,76,0,14400
2023-11-25,Bottled water 75cl (12),Beverages,256,0,3600
2023-11-25,Detergent 900g (12),Household,63,0,21500
2023-11-25,Malt drink 330ml (24),Beverages,155,0,13200
2023-11-25,Orange juice 1L (12),Beverages,69,0,18600
2023-11-25,Plantain chips 150g (20),Snacks,101,0,9200
2023-11-26,Bar soap (48),Personal care,25,0,14400
2023-11-26,Bottled water 75cl (12),Beverages,127,0,3600
2023-11-26,Detergent 900g (12),Household,25,0,21500
2023-11-26,Malt drink 330ml (24),Beverages,81,0,13200
2023-11-26,Orange juice 1L (12),Beverages,40,0,18600
2023-11-26,Plantain chips 150g (20),Snacks,44,0,9200
2023-11-27,Bar soap (48),Personal care,55,0,14400
2023-11-27,Bottled water 75cl (12),Beverages,229,0,3600
2023-11-27,Detergent 900g (12),Household,50,0,21500
2023-11-27,Malt drink 330ml (24),Beverages,131,0,13200
2023-11-27,Orange juice 1L (12),Beverages,49,0,18600
2023-11-27,Plantain chips 150g (20),Snacks,63,0,9200
2023-11-28,Bar soap (48),Personal care,58,0,14400
2023-11-28,Bottled water 75cl (12),Beverages,216,0,3600
2023-11-28,Detergent 900g (12),Household,62,0,21500
2023-11-28,Malt drink 330ml (24),Beverages,155,0,13200
2023-11-28,Orange juice 1L (12),Beverages,61,0,18600
2023-11-28,Plantain chips 150g (20),Snacks,85,0,9200
2023-11-29,Bar soap (48),Personal care,72,0,14400
2023-11-29,Bottled water 75cl (12),Beverages,192,0,3600
2023-11-29,Detergent 900g (12),Household,50,0,21500
2023-11-29,Malt drink 330ml (24),Beverages,139,0,13200
2023-11-29,Orange juice 1L (12),Beverages,67,0,18600
2023-11-29,Plantain chips 150g (20),Snacks,87,0,9200
2023-11-30,Bar soap (48),Personal care,83,0,14400
2023-11-30,Bottled water 75cl (12),Beverages,294,0,3600
2023-11-30,Detergent 900g (12),Household,54,0,21500
2023-11-30,Malt drink 330ml (24),Beverages,122,0,13200
2023-11-30,Orange juice 1L (12),Beverages,73,0,18600
2023-11-30,Plantain chips 150g (20),Snacks,100,0,9200
2023-12-01,Bar soap (48),Personal care,75,0,14400
2023-12-01,Bottled water 75cl (12),Beverages,298,0,3600
2023-12-01,Detergent 900g (12),Household,68,0,21500
2023-12-01,Malt drink 330ml (24),Beverages,154,0,13200
2023-12-01,Orange juice 1L (12),Beverages,79,0,18600
2023-12-01,Plantain chips 150g (20),Snacks,88,0,9200
2023-12-02,Bar soap (48),Personal care,83,0,14400
2023-12-02,Bottled water 75cl (12),Beverages,357,0,3600
2023-12-02,Detergent 900g (12),Household,83,0,21500
2023-12-02,Malt drink 330ml (24),Beverages,178,0,13200
2023-12-02,Orange juice 1L (12),Beverages,85,0,18600
2023-12-02,Plantain chips 150g (20),Snacks,103,0,9200
2023-12-03,Bar soap (48),Personal care,32,0,14400
2023-12-03,Bottled water 75cl (12),Beverages,127,0,3600
2023-12-03,Detergent 900g (12),Household,29,0,21500
2023-12-03,Malt drink 330ml (24),Beverages,81,0,13200
2023-12-03,Orange juice 1L (12),Beverages,39,0,18600
2023-12-03,Plantain chips 150g (20),Snacks,46,0,9200
2023-12-04,Bar soap (48),Personal care,56,0,14400
2023-12-04,Bottled water 75cl (12),Beverages,247,0,3600
2023-12-04,Detergent 900g (12),Household,59,0,21500
2023-12-04,Malt drink 330ml (24),Beverages,146,0,13200
2023-12-04,Orange juice 1L (12),Beverages,59,0,18600
2023-12-04,Plantain chips 150g (20),Snacks,84,0,9200
2023-12-05,Bar soap (48),Personal care,54,0,14400
2023-12-05,Bottled water 75cl (12),Beverages,229,0,3600
2023-12-05,Detergent 900g (12),Household,41,0,21500
2023-12-05,Malt drink 330ml (24),Beverages,144,0,13200
2023-12-05,Orange juice 1L (12),Beverages,68,0,18600
2023-12-05,Plantain chips 150g (20),Snacks,79,0,9200
2023-12-06,Bar soap (48),Personal care,68,0,14400
2023-12-06,Bottled water 75cl (12),Beverages,263,0,3600
2023-12-06,Detergent 900g (12),Household,42,0,21500
2023-12-06,Malt drink 330ml (24),Beverages,147,0,13200
2023-12-06,Orange juice 1L (12),Beverages,67,0,18600
2023-12-06,Plantain chips 150g (20),Snacks,92,0,9200
2023-12-07,Bar soap (48),Personal care,68,0,14400
2023-12-07,Bottled water 75cl (12),Beverages,272,0,3600
2023-12-07,Detergent 900g (12),Household,47,0,21500
2023-12-07,Malt drink 330ml (24),Beverages,166,0,13200
2023-12-07,Orange juice 1L (12),Beverages,70,0,18600
2023-12-07,Plantain chips 150g (20),Snacks,91,0,9200
2023-12-08,Bar soap (48),Personal care,68,0,14400
2023-12-08,Bottled water 75cl (12),Beverages,309,0,3600
2023-12-08,Detergent 900g (12),Household,66,0,21500
2023-12-08,Malt drink 330ml (24),Beverages,175,0,13200
2023-12-08,Orange juice 1L (12),Beverages,104,0,18600
2023-12-08,Plantain chips 150g (20),Snacks,111,0,9200
2023-12-09,Bar soap (48),Personal care,88,0,14400
2023-12-09,Bottled water 75cl (12),Beverages,374,0,3600
2023-12-09,Detergent 900g (12),Household,47,0,21500
2023-12-09,Malt drink 330ml (24),Beverages,175,0,13200
2023-12-09,Orange juice 1L (12),Beverages,111,0,18600
2023-12-09,Plantain chips 150g (20),Snacks,108,0,9200
2023-12-10,Bar soap (48),Personal care,44,0,14400
2023-12-10,Bottled water 75cl (12),Beverages,148,0,3600
2023-12-10,Detergent 900g (12),Household,30,0,21500
2023-12-10,Malt drink 330ml (24),Beverages,95,0,13200
2023-12-10,Orange juice 1L (12),Beverages,41,0,18600
2023-12-10,Plantain chips 150g (20),Snacks,43,0,9200
2023-12-11,Bar soap (48),Personal care,62,0,14400
2023-12-11,Bottled water 75cl (12),Beverages,267,0,3600
2023-12-11,Detergent 900g (12),Household,49,0,21500
2023-12-11,Malt drink 330ml (24),Beverages,165,0,13200
2023-12-11,Orange juice 1L (12),Beverages,107,0,18600
2023-12-11,Plantain chips 150g (20),Snacks,98,0,9200
2023-12-12,Bar soap (48),Personal care,84,0,14400
2023-12-12,Bottled water 75cl (12),Beverages,274,0,3600
2023-12-12,Detergent 900g (12),Household,52,0,21500
2023-12-12,Malt drink 330ml (24),Beverages,187,0,13200
2023-12-12,Orange juice 1L (12),Beverages,72,0,18600
2023-12-12,Plantain chips 150g (20),Snacks,80,0,9200
2023-12-13,Bar soap (48),Personal care,79,0,14400
2023-12-13,Bottled water 75cl (12),Beverages,265,0,3600
2023-12-13,Detergent 900g (12),Household,60,0,21500
2023-12-13,Malt drink 330ml (24),Beverages,172,0,13200
2023-12-13,Orange juice 1L (12),Beverages,104,0,18600
2023-12-13,Plantain chips 150g (20),Snacks,89,0,9200
2023-12-14,Bar soap (48),Personal care,67,0,14400
2023-12-14,Bottled water 75cl (12),Beverages,253,0,3600
2023-12-14,Detergent 900g (12),Household,61,0,21500
2023-12-14,Malt drink 330ml (24),Beverages,196,0,13200
2023-12-14,Orange juice 1L (12),Beverages,97,0,18600
2023-12-14,Plantain chips 150g (20),Snacks,82,0,9200
2023-12-15,Bar soap (48),Personal care,60,0,14400
2023-12-15,Bottled water 75cl (12),Beverages,329,0,3600
2023-12-15,Detergent 900g (12),Household,73,0,21500
2023-12-15,Malt drink 330ml (24),Beverages,181,0,13200
2023-12-15,Orange juice 1L (12),Beverages,99,0,18600
2023-12-15,Plantain chips 150g (20),Snacks,103,0,9200
2023-12-16,Bar soap (48),Personal care,88,0,14400
2023-12-16,Bottled water 75cl (12),Beverages,299,0,3600
2023-12-16,Detergent 900g (12),Household,65,0,21500
2023-12-16,Malt drink 330ml (24),Beverages,248,0,13200
2023-12-16,Orange juice 1L (12),Beverages,129,0,18600
2023-12-16,Plantain chips 150g (20),Snacks,122,0,9200
2023-12-17,Bar soap (48),Personal care,43,0,14400
2023-12-17,Bottled water 75cl (12),Beverages,159,0,3600
2023-12-17,Detergent 900g (12),Household,33,0,21500
2023-12-17,Malt drink 330ml (24),Beverages,109,0,13200
2023-12-17,Orange juice 1L (12),Beverages,44,0,18600
2023-12-17,Plantain chips 150g (20),Snacks,59,0,9200
2023-12-18,Bar soap (48),Personal care,64,0,14400
2023-12-18,Bottled water 75cl (12),Beverages,250,0,3600
2023-12-18,Detergent 900g (12),Household,53,0,21500
2023-12-18,Malt drink 330ml (24),Beverages,188,0,13200
2023-12-18,Orange juice 1L (12),Beverages,92,0,18600
2023-12-18,Plantain chips 150g (20),Snacks,125,0,9200
2023-12-19,Bar soap (48),Personal care,69,0,14400
2023-12-19,Bottled water 75cl (12),Beverages,284,0,3600
2023-12-19,Detergent 900g (12),Household,50,0,21500
2023-12-19,Malt drink 330ml (24),Beverages,187,0,13200
2023-12-19,Orange juice 1L (12),Beverages,91,0,18600
2023-12-19,Plantain chips 150g (20),Snacks,107,0,9200
2023-12-20,Bar soap (48),Personal care,67,0,14400
2023-12-20,Bottled water 75cl (12),Beverages,278,0,3600
2023-12-20,Detergent 900g (12),Household,55,0,21500
2023-12-20,Malt drink 330ml (24),Beverages,235,0,13200
2023-12-20,Orange juice 1L (12),Beverages,101,0,18600
2023-12-20,Plantain chips 150g (20),Snacks,100,0,9200
2023-12-21,Bar soap (48),Personal care,58,0,14400
2023-12-21,Bottled water 75cl (12),Beverages,287,0,3600
2023-12-21,Detergent 900g (12),Household,60,0,21500
2023-12-21,Malt drink 330ml (24),Beverages,202,0,13200
2023-12-21,Orange juice 1L (12),Beverages,93,0,18600
2023-12-21,Plantain chips 150g (20),Snacks,106,0,9200
2023-12-22,Bar soap (48),Personal care,84,0,14400
2023-12-22,Bottled water 75cl (12),Beverages,345,0,3600
2023-12-22,Detergent 900g (12),Household,64,0,21500
2023-12-22,Malt drink 330ml (24),Beverages,218,0,13200
2023-12-22,Orange juice 1L (12),Beverages,113,0,18600
2023-12-22,Plantain chips 150g (20),Snacks,104,0,9200
2023-12-23,Bar soap (48),Personal care,81,0,14400
2023-12-23,Bottled water 75cl (12),Beverages,375,0,3600
2023-12-23,Detergent 900g (12),Household,59,0,21500
2023-12-23,Malt drink 330ml (24),Beverages,252,0,13200
2023-12-23,Orange juice 1L (12),Beverages,121,0,18600
2023-12-23,Plantain chips 150g (20),Snacks,105,0,9200
2023-12-24,Bar soap (48),Personal care,46,0,14400
2023-12-24,Bottled water 75cl (12),Beverages,161,0,3600
2023-12-24,Detergent 900g (12),Household,29,0,21500
2023-12-24,Malt drink 330ml (24),Beverages,110,0,13200
2023-12-24,Orange juice 1L (12),Beverages,43,0,18600
2023-12-24,Plantain chips 150g (20),Snacks,60,0,9200
2023-12-25,Bar soap (48),Personal care,0,0,14400
2023-12-25,Bottled water 75cl (12),Beverages,0,0,3600
2023-12-25,Detergent 900g (12),Household,0,0,21500
2023-12-25,Malt drink 330ml (24),Beverages,0,0,13200
2023-12-25,Orange juice 1L (12),Beverages,0,0,18600
2023-12-25,Plantain chips 150g (20),Snacks,0,0,9200
2023-12-26,Bar soap (48),Personal care,66,0,14400
2023-12-26,Bottled water 75cl (12),Beverages,312,0,3600
2023-12-26,Detergent 900g (12),Household,50,0,21500
2023-12-26,Malt drink 330ml (24),Beverages,194,0,13200
2023-12-26,Orange juice 1L (12),Beverages,97,0,18600
2023-12-26,Plantain chips 150g (20),Snacks,113,0,9200
2023-12-27,Bar soap (48),Personal care,67,0,14400
2023-12-27,Bottled water 75cl (12),Beverages,263,0,3600
2023-12-27,Detergent 900g (12),Household,57,0,21500
2023-12-27,Malt drink 330ml (24),Beverages,213,0,13200
2023-12-27,Orange juice 1L (12),Beverages,98,0,18600
2023-12-27,Plantain chips 150g (20),Snacks,98,0,9200
2023-12-28,Bar soap (48),Personal care,66,0,14400
2023-12-28,Bottled water 75cl (12),Beverages,256,0,3600
2023-12-28,Detergent 900g (12),Household,62,0,21500
2023-12-28,Malt drink 330ml (24),Beverages,268,0,13200
2023-12-28,Orange juice 1L (12),Beverages,104,0,18600
2023-12-28,Plantain chips 150g (20),Snacks,90,0,9200
2023-12-29,Bar soap (48),Personal care,93,0,14400
2023-12-29,Bottled water 75cl (12),Beverages,385,0,3600
2023-12-29,Detergent 900g (12),Household,70,0,21500
2023-12-29,Malt drink 330ml (24),Beverages,245,0,13200
2023-12-29,Orange juice 1L (12),Beverages,140,0,18600
2023-12-29,Plantain chips 150g (20),Snacks,155,0,9200
2023-12-30,Bar soap (48),Personal care,96,0,14400
2023-12-30,Bottled water 75cl (12),Beverages,381,0,3600
2023-12-30,Detergent 900g (12),Household,97,0,21500
2023-12-30,Malt drink 330ml (24),Beverages,307,0,13200
2023-12-30,Orange juice 1L (12),Beverages,140,0,18600
2023-12-30,Plantain chips 150g (20),Snacks,139,0,9200
2023-12-31,Bar soap (48),Personal care,42,0,14400
2023-12-31,Bottled water 75cl (12),Beverages,159,0,3600
2023-12-31,Detergent 900g (12),Household,27,0,21500
2023-12-31,Malt drink 330ml (24),Beverages,92,0,13200
2023-12-31,Orange juice 1L (12),Beverages,54,0,18600
2023-12-31,Plantain chips 150g (20),Snacks,70,0,9200
2024-01-01,Bar soap (48),Personal care,0,0,14400
2024-01-01,Bottled water 75cl (12),Beverages,0,0,3600
2024-01-01,Detergent 900g (12),Household,0,0,21500
2024-01-01,Malt drink 330ml (24),Beverages,0,0,13200
2024-01-01,Orange juice 1L (12),Beverages,0,0,18600
2024-01-01,Plantain chips 150g (20),Snacks,0,0,9200
2024-01-02,Bar soap (48),Personal care,64,0,14400
2024-01-02,Bottled water 75cl (12),Beverages,204,0,3600
2024-01-02,Detergent 900g (12),Household,41,0,21500
2024-01-02,Malt drink 330ml (24),Beverages,131,0,13200
2024-01-02,Orange juice 1L (12),Beverages,52,0,18600
2024-01-02,Plantain chips 150g (20),Snacks,77,0,9200
2024-01-03,Bar soap (48),Personal care,55,0,14400
2024-01-03,Bottled water 75cl (12),Beverages,212,0,3600
2024-01-03,Detergent 900g (12),Household,42,0,21500
2024-01-03,Malt drink 330ml (24),Beverages,118,0,13200
2024-01-03,Orange juice 1L (12),Beverages,50,0,18600
2024-01-03,Plantain chips 150g (20),Snacks,56,0,9200
2024-01-04,Bar soap (48),Personal care,66,0,14400
2024-01-04,Bottled water 75cl (12),Beverages,179,0,3600
2024-01-04,Detergent 900g (12),Household,47,0,21500
2024-01-04,Malt drink 330ml (24),Beverages,147,0,13200
2024-01-04,Orange juice 1L (12),Beverages,47,0,18600
2024-01-04,Plantain chips 150g (20),Snacks,66,0,9200
2024-01-05,Bar soap (48),Personal care,64,0,14400
2024-01-05,Bottled water 75cl (12),Beverages,245,0,3600
2024-01-05,Detergent 900g (12),Household,46,0,21500
2024-01-05,Malt drink 330ml (24),Beverages,123,0,13200
2024-01-05,Orange juice 1L (12),Beverages,58,0,18600
2024-01-05,Plantain chips 150g (20),Snacks,69,0,9200
2024-01-06,Bar soap (48),Personal care,75,0,14400
2024-01-06,Bottled water 75cl (12),Beverages,221,0,3600
2024-01-06,Detergent 900g (12),Household,48,0,21500
2024-01-06,Malt drink 330ml (24),Beverages,142,0,13200
2024-01-06,Orange juice 1L (12),Beverages,71,0,18600
2024-01-06,Plantain chips 150g (20),Snacks,74,0,9200
2024-01-07,Bar soap (48),Personal care,39,0,14400
2024-01-07,Bottled water 75cl (12),Beverages,115,0,3600
2024-01-07,Detergent 900g (12),Household,24,0,21500
2024-01-07,Malt drink 330ml (24),Beverages,75,0,13200
2024-01-07,Orange juice 1L (12),Beverages,32,0,18600
2024-01-07,Plantain chips 150g (20),Snacks,36,0,9200
2024-01-08,Bar soap (48),Personal care,59,0,14400
2024-01-08,Bottled water 75cl (12),Beverages,178,0,3600
2024-01-08,Detergent 900g (12),Household,51,0,21500
2024-01-08,Malt drink 330ml (24),Beverages,98,0,13200
2024-01-08,Orange juice 1L (12),Beverages,44,0,18600
2024-01-08,Plantain chips 150g (20),Snacks,70,0,9200
2024-01-09,Bar soap (48),Personal care,58,0,14400
2024-01-09,Bottled water 75cl (12),Beverages,175,0,3600
2024-01-09,Detergent 900g (12),Household,42,0,21500
2024-01-09,Malt drink 330ml (24),Beverages,117,0,13200
2024-01-09,Orange juice 1L (12),Beverages,45,0,18600
2024-01-09,Plantain chips 150g (20),Snacks,62,0,9200
2024-01-10,Bar soap (48),Personal care,62,0,14400
2024-01-10,Bottled water 75cl (12),Beverages,176,0,3600
2024-01-10,Detergent 900g (12),Household,43,0,21500
2024-01-10,Malt drink 330ml (24),Beverages,99,0,13200
2024-01-10,Orange juice 1L (12),Beverages,55,0,18600
2024-01-10,Plantain chips 150g (20),Snacks,70,0,9200
2024-01-11,Bar soap (48),Personal care,57,0,14400
2024-01-11,Bottled water 75cl (12),Beverages,201,0,3600
2024-01-11,Detergent 900g (12),Household,46,0,21500
2024-01-11,Malt drink 330ml (24),Beverages,121,0,13200
2024-01-11,Orange juice 1L (12),Beverages,65,0,18600
2024-01-11,Plantain chips 150g (20),Snacks,67,0,9200
2024-01-12,Bar soap (48),Personal care,65,0,14400
2024-01-12,Bottled water 75cl (12),Beverages,230,0,3600
2024-01-12,Detergent 900g (12),Household,43,0,21500
2024-01-12,Malt drink 330ml (24),Beverages,117,0,13200
2024-01-12,Orange juice 1L (12),Beverages,58,0,18600
2024-01-12,Plantain chips 150g (20),Snacks,70,0,9200
2024-01-13,Bar soap (48),Personal care,93,0,14400
2024-01-13,Bottled water 75cl (12),Beverages,210,0,3600
2024-01-13,Detergent 900g (12),Household,48,0,21500
2024-01-13,Malt drink 330ml (24),Beverages,161,0,13200
2024-01-13,Orange juice 1L (12),Beverages,63,0,18600
2024-01-13,Plantain chips 150g (20),Snacks,85,0,9200
2024-01-14,Bar soap (48),Personal care,28,0,14400
2024-01-14,Bottled water 75cl (12),Beverages,130,0,3600
2024-01-14,Detergent 900g (12),Household,26,0,21500
2024-01-14,Malt drink 330ml (24),Beverages,88,1,11900
2024-01-14,Orange juice 1L (12),Beverages,29,0,18600
2024-01-14,Plantain chips 150g (20),Snacks,36,0,9200
2024-01-15,Bar soap (48),Personal care,54,0,14400
2024-01-15,Bottled water 75cl (12),Beverages,290,0,3600
2024-01-15,Detergent 900g (12),Household,34,0,21500
2024-01-15,Malt drink 330ml (24),Beverages,198,1,11900
2024-01-15,Orange juice 1L (12),Beverages,50,0,18600
2024-01-15,Plantain chips 150g (20),Snacks,69,0,9200
2024-01-16,Bar soap (48),Personal care,47,0,14400
2024-01-16,Bottled water 75cl (12),Beverages,184,0,3600
2024-01-16,Detergent 900g (12),Household,42,0,21500
2024-01-16,Malt drink 330ml (24),Beverages,166,1,11900
2024-01-16,Orange juice 1L (12),Beverages,47,0,18600
2024-01-16,Plantain chips 150g (20),Snacks,67,0,9200
2024-01-17,Bar soap (48),Personal care,59,0,14400
2024-01-17,Bottled water 75cl (12),Beverages,186,0,3600
2024-01-17,Detergent 900g (12),Household,34,0,21500
2024-01-17,Malt drink 330ml (24),Beverages,201,1,11900
2024-01-17,Orange juice 1L (12),Beverages,58,0,18600
2024-01-17,Plantain chips 150g (20),Snacks,65,0,9200
2024-01-18,Bar soap (48),Personal care,53,0,14400
2024-01-18,Bottled water 75cl (12),Beverages,205,0,3600
2024-01-18,Detergent 900g (12),Household,39,0,21500
2024-01-18,Malt drink 330ml (24),Beverages,200,1,11900
2024-01-18,Orange juice 1L (12),Beverages,51,0,18600
2024-01-18,Plantain chips 150g (20),Snacks,71,0,9200
2024-01-19,Bar soap (48),Personal care,66,0,14400
2024-01-19,Bottled water 75cl (12),Beverages,258,0,3600
2024-01-19,Detergent 900g (12),Household,46,0,21500
2024-01-19,Malt drink 330ml (24),Beverages,188,1,11900
2024-01-19,Orange juice 1L (12),Beverages,66,0,18600
2024-01-19,Plantain chips 150g (20),Snacks,77,0,9200
2024-01-20,Bar soap (48),Personal care,68,0,14400
2024-01-20,Bottled water 75cl (12),Beverages,258,0,3600
2024-01-20,Detergent 900g (12),Household,71,0,21500
2024-01-20,Malt drink 330ml (24),Beverages,250,1,11900
2024-01-20,Orange juice 1L (12),Beverages,71,0,18600
2024-01-20,Plantain chips 150g (20),Snacks,72,0,9200
2024-01-21,Bar soap (48),Personal care,27,0,14400
2024-01-21,Bottled water 75cl (12),Beverages,111,0,3600
2024-01-21,Detergent 900g (12),Household,26,0,21500
2024-01-21,Malt drink 330ml (24),Beverages,60,0,13200
2024-01-21,Orange juice 1L (12),Beverages,37,1,16750
2024-01-21,Plantain chips 150g (20),Snacks,32,0,9200
2024-01-22,Bar soap (48),Personal care,58,0,14400
2024-01-22,Bottled water 75cl (12),Beverages,254,1,3250
2024-01-22,Detergent 900g (12),Household,43,0,21500
2024-01-22,Malt drink 330ml (24),Beverages,109,0,13200
2024-01-22,Orange juice 1L (12),Beverages,75,1,16750
2024-01-22,Plantain chips 150g (20),Snacks,54,0,9200
2024-01-23,Bar soap (48),Personal care,53,0,14400
2024-01-23,Bottled water 75cl (12),Beverages,301,1,3250
2024-01-23,Detergent 900g (12),Household,41,0,21500
2024-01-23,Malt drink 330ml (24),Beverages,87,0,13200
2024-01-23,Orange juice 1L (12),Beverages,67,1,16750
2024-01-23,Plantain chips 150g (20),Snacks,62,0,9200
2024-01-24,Bar soap (48),Personal care,51,0,14400
2024-01-24,Bottled water 75cl (12),Beverages,300,1,3250
2024-01-24,Detergent 900g (12),Household,47,0,21500
2024-01-24,Malt drink 330ml (24),Beverages,101,0,13200
2024-01-24,Orange juice 1L (12),Beverages,84,1,16750
2024-01-24,Plantain chips 150g (20),Snacks,66,0,9200
2024-01-25,Bar soap (48),Personal care,48,0,14400
2024-01-25,Bottled water 75cl (12),Beverages,315,1,3250
2024-01-25,Detergent 900g (12),Household,47,0,21500
2024-01-25,Malt drink 330ml (24),Beverages,90,0,13200
2024-01-25,Orange juice 1L (12),Beverages,88,1,16750
2024-01-25,Plantain chips 150g (20),Snacks,74,0,9200
2024-01-26,Bar soap (48),Personal care,63,0,14400
2024-01-26,Bottled water 75cl (12),Beverages,383,1,3250
2024-01-26,Detergent 900g (12),Household,47,0,21500
2024-01-26,Malt drink 330ml (24),Beverages,115,0,13200
2024-01-26,Orange juice 1L (12),Beverages,94,1,16750
2024-01-26,Plantain chips 150g (20),Snacks,79,0,9200
2024-01-27,Bar soap (48),Personal care,71,0,14400
2024-01-27,Bottled water 75cl (12),Beverages,337,1,3250
2024-01-27,Detergent 900g (12),Household,45,0,21500
2024-01-27,Malt drink 330ml (24),Beverages,138,0,13200
2024-01-27,Orange juice 1L (12),Beverages,93,1,16750
2024-01-27,Plantain chips 150g (20),Snacks,88,0,9200
2024-01-28,Bar soap (48),Personal care,32,0,14400
2024-01-28,Bottled water 75cl (12),Beverages,193,1,3250
2024-01-28,Detergent 900g (12),Household,25,0,21500
2024-01-28,Malt drink 330ml (24),Beverages,58,0,13200
2024-01-28,Orange juice 1L (12),Beverages,28,0,18600
2024-01-28,Plantain chips 150g (20),Snacks,34,0,9200
2024-01-29,Bar soap (48),Personal care,57,0,14400
2024-01-29,Bottled water 75cl (12),Beverages,199,0,3600
2024-01-29,Detergent 900g (12),Household,50,0,21500
2024-01-29,Malt drink 330ml (24),Beverages,116,0,13200
2024-01-29,Orange juice 1L (12),Beverages,54,0,18600
2024-01-29,Plantain chips 150g (20),Snacks,86,0,9200
2024-01-30,Bar soap (48),Personal care,54,0,14400
2024-01-30,Bottled water 75cl (12),Beverages,168,0,3600
2024-01-30,Detergent 900g (12),Household,52,0,21500
2024-01-30,Malt drink 330ml (24),Beverages,143,0,13200
2024-01-30,Orange juice 1L (12),Beverages,64,0,18600
2024-01-30,Plantain chips 150g (20),Snacks,56,0,9200
2024-01-31,Bar soap (48),Personal care,82,0,14400
2024-01-31,Bottled water 75cl (12),Beverages,198,0,3600
2024-01-31,Detergent 900g (12),Household,58,0,21500
2024-01-31,Malt drink 330ml (24),Beverages,139,0,13200
2024-01-31,Orange juice 1L (12),Beverages,52,0,18600
2024-01-31,Plantain chips 150g (20),Snacks,69,0,9200
2024-02-01,Bar soap (48),Personal care,73,0,14400
2024-02-01,Bottled water 75cl (12),Beverages,239,0,3600
2024-02-01,Detergent 900g (12),Household,59,0,21500
2024-02-01,Malt drink 330ml (24),Beverages,132,0,13200
2024-02-01,Orange juice 1L (12),Beverages,72,0,18600
2024-02-01,Plantain chips 150g (20),Snacks,75,0,9200
2024-02-02,Bar soap (48),Personal care,87,0,14400
2024-02-02,Bottled water 75cl (12),Beverages,202,0,3600
2024-02-02,Detergent 900g (12),Household,62,0,21500
2024-02-02,Malt drink 330ml (24),Beverages,175,0,13200
2024-02-02,Orange juice 1L (12),Beverages,74,0,18600
2024-02-02,Plantain chips 150g (20),Snacks,81,0,9200
2024-02-03,Bar soap (48),Personal care,81,0,14400
2024-02-03,Bottled water 75cl (12),Beverages,281,0,3600
2024-02-03,Detergent 900g (12),Household,58,0,21500
2024-02-03,Malt drink 330ml (24),Beverages,157,0,13200
2024-02-03,Orange juice 1L (12),Beverages,75,0,18600
2024-02-03,Plantain chips 150g (20),Snacks,101,0,9200
2024-02-04,Bar soap (48),Personal care,35,0,14400
2024-02-04,Bottled water 75cl (12),Beverages,117,0,3600
2024-02-04,Detergent 900g (12),Household,27,0,21500
2024-02-04,Malt drink 330ml (24),Beverages,83,0,13200
2024-02-04,Orange juice 1L (12),Beverages,33,0,18600
2024-02-04,Plantain chips 150g (20),Snacks,46,0,9200
2024-02-05,Bar soap (48),Personal care,59,0,14400
2024-02-05,Bottled water 75cl (12),Beverages,243,0,3600
2024-02-05,Detergent 900g (12),Household,45,0,21500
2024-02-05,Malt drink 330ml (24),Beverages,116,0,13200
2024-02-05,Orange juice 1L (12),Beverages,68,0,18600
2024-02-05,Plantain chips 150g (20),Snacks,79,0,9200
2024-02-06,Bar soap (48),Personal care,56,0,14400
2024-02-06,Bottled water 75cl (12),Beverages,196,0,3600
2024-02-06,Detergent 900g (12),Household,48,0,21500
2024-02-06,Malt drink 330ml (24),Beverages,123,0,13200
2024-02-06,Orange juice 1L (12),Beverages,64,0,18600
2024-02-06,Plantain chips 150g (20),Snacks,68,0,9200
2024-02-07,Bar soap (48),Personal care,60,0,14400
2024-02-07,Bottled water 75cl (12),Beverages,229,0,3600
2024-02-07,Detergent 900g (12),Household,43,0,21500
2024-02-07,Malt drink 330ml (24),Beverages,134,0,13200
2024-02-07,Orange juice 1L (12),Beverages,60,0,18600
2024-02-07,Plantain chips 150g (20),Snacks,67,0,9200
2024-02-08,Bar soap (48),Personal care,68,0,14400
2024-02-08,Bottled water 75cl (12),Beverages,210,0,3600
2024-02-08,Detergent 900g (12),Household,41,0,21500
2024-02-08,Malt drink 330ml (24),Beverages,150,0,13200
2024-02-08,Orange juice 1L (12),Beverages,60,0,18600
2024-02-08,Plantain chips 150g (20),Snacks,77,0,9200
2024-02-09,Bar soap (48),Personal care,67,0,14400
2024-02-09,Bottled water 75cl (12),Beverages,291,0,3600
2024-02-09,Detergent 900g (12),Household,55,0,21500
2024-02-09,Malt drink 330ml (24),Beverages,143,0,13200
2024-02-09,Orange juice 1L (12),Beverages,76,0,18600
2024-02-09,Plantain chips 150g (20),Snacks,88,0,9200
2024-02-10,Bar soap (48),Personal care,79,0,14400
2024-02-10,Bottled water 75cl (12),Beverages,317,0,3600
2024-02-10,Detergent 900g (12),Household,77,0,21500
2024-02-10,Malt drink 330ml (24),Beverages,186,0,13200
2024-02-10,Orange juice 1L (12),Beverages,83,0,18600
2024-02-10,Plantain chips 150g (20),Snacks,87,0,9200
2024-02-11,Bar soap (48),Personal care,39,0,14400
2024-02-11,Bottled water 75cl (12),Beverages,154,0,3600
2024-02-11,Detergent 900g (12),Household,23,0,21500
2024-02-11,Malt drink 330ml (24),Beverages,80,0,13200
2024-02-11,Orange juice 1L (12),Beverages,30,0,18600
2024-02-11,Plantain chips 150g (20),Snacks,37,0,9200
2024-02-12,Bar soap (48),Personal care,79,0,14400
2024-02-12,Bottled water 75cl (12),Beverages,187,0,3600
2024-02-12,Detergent 900g (12),Household,49,0,21500
2024-02-12,Malt drink 330ml (24),Beverages,125,0,13200
2024-02-12,Orange juice 1L (12),Beverages,55,0,18600
2024-02-12,Plantain chips 150g (20),Snacks,85,0,9200
2024-02-13,Bar soap (48),Personal care,84,0,14400
2024-02-13,Bottled water 75cl (12),Beverages,253,0,3600
2024-02-13,Detergent 900g (12),Household,44,0,21500
2024-02-13,Malt drink 330ml (24),Beverages,128,0,13200
2024-02-13,Orange juice 1L (12),Beverages,58,0,18600
2024-02-13,Plantain chips 150g (20),Snacks,91,0,9200
2024-02-14,Bar soap (48),Personal care,65,0,14400
2024-02-14,Bottled water 75cl (12),Beverages,250,0,3600
2024-02-14,Detergent 900g (12),Household,50,0,21500
2024-02-14,Malt drink 330ml (24),Beverages,115,0,13200
2024-02-14,Orange juice 1L (12),Beverages,55,0,18600
2024-02-14,Plantain chips 150g (20),Snacks,71,0,9200
2024-02-15,Bar soap (48),Personal care,63,0,14400
2024-02-15,Bottled water 75cl (12),Beverages,231,0,3600
2024-02-15,Detergent 900g (12),Household,51,0,21500
2024-02-15,Malt drink 330ml (24),Beverages,139,0,13200
2024-02-15,Orange juice 1L (12),Beverages,61,0,18600
2024-02-15,Plantain chips 150g (20),Snacks,71,0,9200
2024-02-16,Bar soap (48),Personal care,81,0,14400
2024-02-16,Bottled water 75cl (12),Beverages,286,0,3600
2024-02-16,Detergent 900g (12),Household,58,0,21500
2024-02-16,Malt drink 330ml (24),Beverages,123,0,13200
2024-02-16,Orange juice 1L (12),Beverages,73,0,18600
2024-02-16,Plantain chips 150g (20),Snacks,93,0,9200
2024-02-17,Bar soap (48),Personal care,74,0,14400
2024-02-17,Bottled water 75cl (12),Beverages,307,0,3600
2024-02-17,Detergent 900g (12),Household,64,0,21500
2024-02-17,Malt drink 330ml (24),Beverages,151,0,13200
2024-02-17,Orange juice 1L (12),Beverages,82,0,18600
2024-02-17,Plantain chips 150g (20),Snacks,81,0,9200
2024-02-18,Bar soap (48),Personal care,41,0,14400
2024-02-18,Bottled water 75cl (12),Beverages,90,0,3600
2024-02-18,Detergent 900g (12),Household,25,0,21500
2024-02-18,Malt drink 330ml (24),Beverages,76,0,13200
2024-02-18,Orange juice 1L (12),Beverages,34,0,18600
2024-02-18,Plantain chips 150g (20),Snacks,44,0,9200
2024-02-19,Bar soap (48),Personal care,79,0,14400
2024-02-19,Bottled water 75cl (12),Beverages,219,0,3600
2024-02-19,Detergent 900g (12),Household,46,0,21500
2024-02-19,Malt drink 330ml (24),Beverages,135,0,13200
2024-02-19,Orange juice 1L (12),Beverages,58,0,18600
2024-02-19,Plantain chips 150g (20),Snacks,67,0,9200
2024-02-20,Bar soap (48),Personal care,76,0,14400
2024-02-20,Bottled water 75cl (12),Beverages,192,0,3600
2024-02-20,Detergent 900g (12),Household,48,0,21500
2024-02-20,Malt drink 330ml (24),Beverages,136,0,13200
2024-02-20,Orange juice 1L (12),Beverages,58,0,18600
2024-02-20,Plantain chips 150g (20),Snacks,78,0,9200
2024-02-21,Bar soap (48),Personal care,64,0,14400
2024-02-21,Bottled water 75cl (12),Beverages,234,0,3600
2024-02-21,Detergent 900g (12),Household,42,0,21500
2024-02-21,Malt drink 330ml (24),Beverages,154,0,13200
2024-02-21,Orange juice 1L (12),Beverages,49,0,18600
2024-02-21,Plantain chips 150g (20),Snacks,78,0,9200
2024-02-22,Bar soap (48),Personal care,82,0,14400
2024-02-22,Bottled water 75cl (12),Beverages,264,1,3250
2024-02-22,Detergent 900g (12),Household,52,0,21500
2024-02-22,Malt drink 330ml (24),Beverages,142,0,13200
2024-02-22,Orange juice 1L (12),Beverages,55,0,18600
2024-02-22,Plantain chips 150g (20),Snacks,79,0,9200
2024-02-23,Bar soap (48),Personal care,79,0,14400
2024-02-23,Bottled water 75cl (12),Beverages,372,1,3250
2024-02-23,Detergent 900g (12),Household,53,0,21500
2024-02-23,Malt drink 330ml (24),Beverages,218,1,11900
2024-02-23,Orange juice 1L (12),Beverages,60,0,18600
2024-02-23,Plantain chips 150g (20),Snacks,87,0,9200
2024-02-24,Bar soap (48),Personal care,130,1,12950
2024-02-24,Bottled water 75cl (12),Beverages,433,1,3250
2024-02-24,Detergent 900g (12),Household,76,0,21500
2024-02-24,Malt drink 330ml (24),Beverages,220,1,11900
2024-02-24,Orange juice 1L (12),Beverages,82,0,18600
2024-02-24,Plantain chips 150g (20),Snacks,81,0,9200
2024-02-25,Bar soap (48),Personal care,46,1,12950
2024-02-25,Bottled water 75cl (12),Beverages,197,1,3250
2024-02-25,Detergent 900g (12),Household,27,0,21500
2024-02-25,Malt drink 330ml (24),Beverages,101,1,11900
2024-02-25,Orange juice 1L (12),Beverages,30,0,18600
2024-02-25,Plantain chips 150g (20),Snacks,36,0,9200
2024-02-26,Bar soap (48),Personal care,110,1,12950
2024-02-26,Bottled water 75cl (12),Beverages,286,1,3250
2024-02-26,Detergent 900g (12),Household,61,0,21500
2024-02-26,Malt drink 330ml (24),Beverages,176,1,11900
2024-02-26,Orange juice 1L (12),Beverages,54,0,18600
2024-02-26,Plantain chips 150g (20),Snacks,78,0,9200
2024-02-27,Bar soap (48),Personal care,104,1,12950
2024-02-27,Bottled water 75cl (12),Beverages,353,1,3250
2024-02-27,Detergent 900g (12),Household,52,0,21500
2024-02-27,Malt drink 330ml (24),Beverages,176,1,11900
2024-02-27,Orange juice 1L (12),Beverages,76,0,18600
2024-02-27,Plantain chips 150g (20),Snacks,89,0,9200
2024-02-28,Bar soap (48),Personal care,89,1,12950
2024-02-28,Bottled water 75cl (12),Beverages,329,1,3250
2024-02-28,Detergent 900g (12),Household,49,0,21500
2024-02-28,Malt drink 330ml (24),Beverages,218,1,11900
2024-02-28,Orange juice 1L (12),Beverages,72,0,18600
2024-02-28,Plantain chips 150g (20),Snacks,80,0,9200
2024-02-29,Bar soap (48),Personal care,110,1,12950
2024-02-29,Bottled water 75cl (12),Beverages,246,0,3600
2024-02-29,Detergent 900g (12),Household,58,0,21500
2024-02-29,Malt drink 330ml (24),Beverages,231,1,11900
2024-02-29,Orange juice 1L (12),Beverages,55,0,18600
2024-02-29,Plantain chips 150g (20),Snacks,101,0,9200
2024-03-01,Bar soap (48),Personal care,114,1,12950
2024-03-01,Bottled water 75cl (12),Beverages,270,0,3600
2024-03-01,Detergent 900g (12),Household,60,0,21500
2024-03-01,Malt drink 330ml (24),Beverages,189,0,13200
2024-03-01,Orange juice 1L (12),Beverages,72,0,18600
2024-03-01,Plantain chips 150g (20),Snacks,94,0,9200
2024-03-02,Bar soap (48),Personal care,72,0,14400
2024-03-02,Bottled water 75cl (12),Beverages,283,0,3600
2024-03-02,Detergent 900g (12),Household,55,0,21500
2024-03-02,Malt drink 330ml (24),Beverages,153,0,13200
2024-03-02,Orange juice 1L (12),Beverages,83,0,18600
2024-03-02,Plantain chips 150g (20),Snacks,140,0,9200
2024-03-03,Bar soap (48),Personal care,29,0,14400
2024-03-03,Bottled water 75cl (12),Beverages,103,0,3600
2024-03-03,Detergent 900g (12),Household,23,0,21500
2024-03-03,Malt drink 330ml (24),Beverages,51,0,13200
2024-03-03,Orange juice 1L (12),Beverages,34,0,18600
2024-03-03,Plantain chips 150g (20),Snacks,42,0,9200
2024-03-04,Bar soap (48),Personal care,49,0,14400
2024-03-04,Bottled water 75cl (12),Beverages,191,0,3600
2024-03-04,Detergent 900g (12),Household,50,0,21500
2024-03-04,Malt drink 330ml (24),Beverages,123,0,13200
2024-03-04,Orange juice 1L (12),Beverages,64,0,18600
2024-03-04,Plantain chips 150g (20),Snacks,96,0,9200
2024-03-05,Bar soap (48),Personal care,45,0,14400
2024-03-05,Bottled water 75cl (12),Beverages,167,0,3600
2024-03-05,Detergent 900g (12),Household,49,0,21500
2024-03-05,Malt drink 330ml (24),Beverages,107,0,13200
2024-03-05,Orange juice 1L (12),Beverages,69,0,18600
2024-03-05,Plantain chips 150g (20),Snacks,74,0,9200
2024-03-06,Bar soap (48),Personal care,73,0,14400
2024-03-06,Bottled water 75cl (12),Beverages,198,0,3600
2024-03-06,Detergent 900g (12),Household,55,0,21500
2024-03-06,Malt drink 330ml (24),Beverages,107,0,13200
2024-03-06,Orange juice 1L (12),Beverages,71,0,18600
2024-03-06,Plantain chips 150g (20),Snacks,80,0,9200
2024-03-07,Bar soap (48),Personal care,62,0,14400
2024-03-07,Bottled water 75cl (12),Beverages,223,0,3600
2024-03-07,Detergent 900g (12),Household,40,0,21500
2024-03-07,Malt drink 330ml (24),Beverages,134,0,13200
2024-03-07,Orange juice 1L (12),Beverages,48,0,18600
2024-03-07,Plantain chips 150g (20),Snacks,63,0,9200
2024-03-08,Bar soap (48),Personal care,77,0,14400
2024-03-08,Bottled water 75cl (12),Beverages,265,0,3600
2024-03-08,Detergent 900g (12),Household,59,0,21500
2024-03-08,Malt drink 330ml (24),Beverages,176,0,13200
2024-03-08,Orange juice 1L (12),Beverages,57,0,18600
2024-03-08,Plantain chips 150g (20),Snacks,84,0,9200
2024-03-09,Bar soap (48),Personal care,99,0,14400
2024-03-09,Bottled water 75cl (12),Beverages,272,0,3600
2024-03-09,Detergent 900g (12),Household,61,0,21500
2024-03-09,Malt drink 330ml (24),Beverages,178,0,13200
2024-03-09,Orange juice 1L (12),Beverages,72,0,18600
2024-03-09,Plantain chips 150g (20),Snacks,89,0,9200
2024-03-10,Bar soap (48),Personal care,37,0,14400
2024-03-10,Bottled water 75cl (12),Beverages,122,0,3600
2024-03-10,Detergent 900g (12),Household,29,0,21500
2024-03-10,Malt drink 330ml (24),Beverages,77,0,13200
2024-03-10,Orange juice 1L (12),Beverages,33,0,18600
2024-03-10,Plantain chips 150g (20),Snacks,39,0,9200
2024-03-11,Bar soap (48),Personal care,82,0,14400
2024-03-11,Bottled water 75cl (12),Beverages,215,0,3600
2024-03-11,Detergent 900g (12),Household,50,0,21500
2024-03-11,Malt drink 330ml (24),Beverages,112,0,13200
2024-03-11,Orange juice 1L (12),Beverages,60,0,18600
2024-03-11,Plantain chips 150g (20),Snacks,85,0,9200
2024-03-12,Bar soap (48),Personal care,74,0,14400
2024-03-12,Bottled water 75cl (12),Beverages,200,0,3600
2024-03-12,Detergent 900g (12),Household,51,0,21500
2024-03-12,Malt drink 330ml (24),Beverages,128,0,13200
2024-03-12,Orange juice 1L (12),Beverages,49,0,18600
2024-03-12,Plantain chips 150g (20),Snacks,103,1,8300
2024-03-13,Bar soap (48),Personal care,72,0,14400
2024-03-13,Bottled water 75cl (12),Beverages,276,0,3600
2024-03-13,Detergent 900g (12),Household,57,0,21500
2024-03-13,Malt drink 330ml (24),Beverages,123,0,13200
2024-03-13,Orange juice 1L (12),Beverages,50,0,18600
2024-03-13,Plantain chips 150g (20),Snacks,105,1,8300
2024-03-14,Bar soap (48),Personal care,67,0,14400
2024-03-14,Bottled water 75cl (12),Beverages,242,0,3600
2024-03-14,Detergent 900g (12),Household,53,0,21500
2024-03-14,Malt drink 330ml (24),Beverages,165,0,13200
2024-03-14,Orange juice 1L (12),Beverages,70,0,18600
2024-03-14,Plantain chips 150g (20),Snacks,117,1,8300
2024-03-15,Bar soap (48),Personal care,69,0,14400
2024-03-15,Bottled water 75cl (12),Beverages,269,0,3600
2024-03-15,Detergent 900g (12),Household,44,0,21500
2024-03-15,Malt drink 330ml (24),Beverages,143,0,13200
2024-03-15,Orange juice 1L (12),Beverages,58,0,18600
2024-03-15,Plantain chips 150g (20),Snacks,137,1,8300
2024-03-16,Bar soap (48),Personal care,77,0,14400
2024-03-16,Bottled water 75cl (12),Beverages,293,0,3600
2024-03-16,Detergent 900g (12),Household,58,0,21500
2024-03-16,Malt drink 330ml (24),Beverages,172,0,13200
2024-03-16,Orange juice 1L (12),Beverages,78,0,18600
2024-03-16,Plantain chips 150g (20),Snacks,141,1,8300
2024-03-17,Bar soap (48),Personal care,42,0,14400
2024-03-17,Bottled water 75cl (12),Beverages,117,0,3600
2024-03-17,Detergent 900g (12),Household,23,0,21500
2024-03-17,Malt drink 330ml (24),Beverages,76,0,13200
2024-03-17,Orange juice 1L (12),Beverages,30,0,18600
2024-03-17,Plantain chips 150g (20),Snacks,59,1,8300
2024-03-18,Bar soap (48),Personal care,69,0,14400
2024-03-18,Bottled water 75cl (12),Beverages,238,0,3600
2024-03-18,Detergent 900g (12),Household,48,0,21500
2024-03-18,Malt drink 330ml (24),Beverages,132,0,13200
2024-03-18,Orange juice 1L (12),Beverages,65,0,18600
2024-03-18,Plantain chips 150g (20),Snacks,121,1,8300
2024-03-19,Bar soap (48),Personal care,61,0,14400
2024-03-19,Bottled water 75cl (12),Beverages,248,0,3600
2024-03-19,Detergent 900g (12),Household,44,0,21500
2024-03-19,Malt drink 330ml (24),Beverages,124,0,13200
2024-03-19,Orange juice 1L (12),Beverages,59,0,18600
2024-03-19,Plantain chips 150g (20),Snacks,60,0,9200
2024-03-20,Bar soap (48),Personal care,54,0,14400
2024-03-20,Bottled water 75cl (12),Beverages,233,0,3600
2024-03-20,Detergent 900g (12),Household,47,0,21500
2024-03-20,Malt drink 330ml (24),Beverages,138,0,13200
2024-03-20,Orange juice 1L (12),Beverages,59,0,18600
2024-03-20,Plantain chips 150g (20),Snacks,59,0,9200
2024-03-21,Bar soap (48),Personal care,71,0,14400
2024-03-21,Bottled water 75cl (12),Beverages,237,0,3600
2024-03-21,Detergent 900g (12),Household,44,0,21500
2024-03-21,Malt drink 330ml (24),Beverages,127,0,13200
2024-03-21,Orange juice 1L (12),Beverages,67,0,18600
2024-03-21,Plantain chips 150g (20),Snacks,74,0,9200
2024-03-22,Bar soap (48),Personal care,71,0,14400
2024-03-22,Bottled water 75cl (12),Beverages,239,0,3600
2024-03-22,Detergent 900g (12),Household,64,0,21500
2024-03-22,Malt drink 330ml (24),Beverages,155,0,13200
2024-03-22,Orange juice 1L (12),Beverages,70,0,18600
2024-03-22,Plantain chips 150g (20),Snacks,83,0,9200
2024-03-23,Bar soap (48),Personal care,100,0,14400
2024-03-23,Bottled water 75cl (12),Beverages,307,0,3600
2024-03-23,Detergent 900g (12),Household,71,0,21500
2024-03-23,Malt drink 330ml (24),Beverages,156,0,13200
2024-03-23,Orange juice 1L (12),Beverages,93,0,18600
2024-03-23,Plantain chips 150g (20),Snacks,78,0,9200
2024-03-24,Bar soap (48),Personal care,41,0,14400
2024-03-24,Bottled water 75cl (12),Beverages,112,0,3600
2024-03-24,Detergent 900g (12),Household,28,0,21500
2024-03-24,Malt drink 330ml (24),Beverages,64,0,13200
2024-03-24,Orange juice 1L (12),Beverages,36,0,18600
2024-03-24,Plantain chips 150g (20),Snacks,38,0,9200
2024-03-25,Bar soap (48),Personal care,81,0,14400
2024-03-25,Bottled water 75cl (12),Beverages,244,0,3600
2024-03-25,Detergent 900g (12),Household,47,0,21500
2024-03-25,Malt drink 330ml (24),Beverages,157,0,13200
2024-03-25,Orange juice 1L (12),Beverages,59,0,18600
2024-03-25,Plantain chips 150g (20),Snacks,69,0,9200
2024-03-26,Bar soap (48),Personal care,78,0,14400
2024-03-26,Bottled water 75cl (12),Beverages,258,0,3600
2024-03-26,Detergent 900g (12),Household,49,0,21500
2024-03-26,Malt drink 330ml (24),Beverages,149,0,13200
2024-03-26,Orange juice 1L (12),Beverages,69,0,18600
2024-03-26,Plantain chips 150g (20),Snacks,71,0,9200
2024-03-27,Bar soap (48),Personal care,56,0,14400
2024-03-27,Bottled water 75cl (12),Beverages,271,0,3600
2024-03-27,Detergent 900g (12),Household,65,1,19350
2024-03-27,Malt drink 330ml (24),Beverages,145,0,13200
2024-03-27,Orange juice 1L (12),Beverages,61,0,18600
2024-03-27,Plantain chips 150g (20),Snacks,83,0,9200
2024-03-28,Bar soap (48),Personal care,79,0,14400
2024-03-28,Bottled water 75cl (12),Beverages,207,0,3600
2024-03-28,Detergent 900g (12),Household,68,1,19350
2024-03-28,Malt drink 330ml (24),Beverages,146,0,13200
2024-03-28,Orange juice 1L (12),Beverages,69,0,18600
2024-03-28,Plantain chips 150g (20),Snacks,76,0,9200
2024-03-29,Bar soap (48),Personal care,87,0,14400
2024-03-29,Bottled water 75cl (12),Beverages,315,0,3600
2024-03-29,Detergent 900g (12),Household,93,1,19350
2024-03-29,Malt drink 330ml (24),Beverages,216,1,11900
2024-03-29,Orange juice 1L (12),Beverages,58,0,18600
2024-03-29,Plantain chips 150g (20),Snacks,95,0,9200
2024-03-30,Bar soap (48),Personal care,92,0,14400
2024-03-30,Bottled water 75cl (12),Beverages,287,0,3600
2024-03-30,Detergent 900g (12),Household,90,1,19350
2024-03-30,Malt drink 330ml (24),Beverages,258,1,11900
2024-03-30,Orange juice 1L (12),Beverages,91,0,18600
2024-03-30,Plantain chips 150g (20),Snacks,95,0,9200
2024-03-31,Bar soap (48),Personal care,43,0,14400
2024-03-31,Bottled water 75cl (12),Beverages,159,0,3600
2024-03-31,Detergent 900g (12),Household,46,1,19350
2024-03-31,Malt drink 330ml (24),Beverages,104,1,11900
2024-03-31,Orange juice 1L (12),Beverages,31,0,18600
2024-03-31,Plantain chips 150g (20),Snacks,50,0,9200
2024-04-01,Bar soap (48),Personal care,87,0,14400
2024-04-01,Bottled water 75cl (12),Beverages,307,0,3600
2024-04-01,Detergent 900g (12),Household,83,1,19350
2024-04-01,Malt drink 330ml (24),Beverages,200,1,11900
2024-04-01,Orange juice 1L (12),Beverages,82,0,18600
2024-04-01,Plantain chips 150g (20),Snacks,100,0,9200
2024-04-02,Bar soap (48),Personal care,76,0,14400
2024-04-02,Bottled water 75cl (12),Beverages,224,0,3600
2024-04-02,Detergent 900g (12),Household,75,1,19350
2024-04-02,Malt drink 330ml (24),Beverages,226,1,11900
2024-04-02,Orange juice 1L (12),Beverages,66,0,18600
2024-04-02,Plantain chips 150g (20),Snacks,87,0,9200
2024-04-03,Bar soap (48),Personal care,53,0,14400
2024-04-03,Bottled water 75cl (12),Beverages,216,0,3600
2024-04-03,Detergent 900g (12),Household,51,0,21500
2024-04-03,Malt drink 330ml (24),Beverages,174,1,11900
2024-04-03,Orange juice 1L (12),Beverages,68,0,18600
2024-04-03,Plantain chips 150g (20),Snacks,89,0,9200
2024-04-04,Bar soap (48),Personal care,68,0,14400
2024-04-04,Bottled water 75cl (12),Beverages,253,0,3600
2024-04-04,Detergent 900g (12),Household,42,0,21500
2024-04-04,Malt drink 330ml (24),Beverages,158,1,11900
2024-04-04,Orange juice 1L (12),Beverages,49,0,18600
2024-04-04,Plantain chips 150g (20),Snacks,65,0,9200
2024-04-05,Bar soap (48),Personal care,125,1,12950
2024-04-05,Bottled water 75cl (12),Beverages,351,0,3600
2024-04-05,Detergent 900g (12),Household,46,0,21500
2024-04-05,Malt drink 330ml (24),Beverages,170,0,13200
2024-04-05,Orange juice 1L (12),Beverages,85,0,18600
2024-04-05,Plantain chips 150g (20),Snacks,113,0,9200
2024-04-06,Bar soap (48),Personal care,145,1,12950
2024-04-06,Bottled water 75cl (12),Beverages,405,0,3600
2024-04-06,Detergent 900g (12),Household,54,0,21500
2024-04-06,Malt drink 330ml (24),Beverages,251,0,13200
2024-04-06,Orange juice 1L (12),Beverages,109,0,18600
2024-04-06,Plantain chips 150g (20),Snacks,104,0,9200
2024-04-07,Bar soap (48),Personal care,55,1,12950
2024-04-07,Bottled water 75cl (12),Beverages,189,0,3600
2024-04-07,Detergent 900g (12),Household,25,0,21500
2024-04-07,Malt drink 330ml (24),Beverages,92,0,13200
2024-04-07,Orange juice 1L (12),Beverages,48,0,18600
2024-04-07,Plantain chips 150g (20),Snacks,54,0,9200
2024-04-08,Bar soap (48),Personal care,100,1,12950
2024-04-08,Bottled water 75cl (12),Beverages,342,0,3600
2024-04-08,Detergent 900g (12),Household,52,0,21500
2024-04-08,Malt drink 330ml (24),Beverages,186,0,13200
2024-04-08,Orange juice 1L (12),Beverages,72,0,18600
2024-04-08,Plantain chips 150g (20),Snacks,99,0,9200
2024-04-09,Bar soap (48),Personal care,99,1,12950
2024-04-09,Bottled water 75cl (12),Beverages,296,0,3600
2024-04-09,Detergent 900g (12),Household,50,0,21500
2024-04-09,Malt drink 330ml (24),Beverages,148,0,13200
2024-04-09,Orange juice 1L (12),Beverages,71,0,18600
2024-04-09,Plantain chips 150g (20),Snacks,95,0,9200
2024-04-10,Bar soap (48),Personal care,0,1,12950
2024-04-10,Bottled water 75cl (12),Beverages,0,0,3600
2024-04-10,Detergent 900g (12),Household,0,0,21500
2024-04-10,Malt drink 330ml (24),Beverages,0,0,13200
2024-04-10,Orange juice 1L (12),Beverages,0,0,18600
2024-04-10,Plantain chips 150g (20),Snacks,0,0,9200
2024-04-11,Bar soap (48),Personal care,92,1,12950
2024-04-11,Bottled water 75cl (12),Beverages,256,0,3600
2024-04-11,Detergent 900g (12),Household,51,0,21500
2024-04-11,Malt drink 330ml (24),Beverages,127,0,13200
2024-04-11,Orange juice 1L (12),Beverages,57,0,18600
2024-04-11,Plantain chips 150g (20),Snacks,69,0,9200
2024-04-12,Bar soap (48),Personal care,62,0,14400
2024-04-12,Bottled water 75cl (12),Beverages,266,0,3600
2024-04-12,Detergent 900g (12),Household,56,0,21500
2024-04-12,Malt drink 330ml (24),Beverages,251,1,11900
2024-04-12,Orange juice 1L (12),Beverages,71,0,18600
2024-04-12,Plantain chips 150g (20),Snacks,90,0,9200
2024-04-13,Bar soap (48),Personal care,71,0,14400
2024-04-13,Bottled water 75cl (12),Beverages,264,0,3600
2024-04-13,Detergent 900g (12),Household,67,0,21500
2024-04-13,Malt drink 330ml (24),Beverages,220,1,11900
2024-04-13,Orange juice 1L (12),Beverages,66,0,18600
2024-04-13,Plantain chips 150g (20),Snacks,87,0,9200
2024-04-14,Bar soap (48),Personal care,36,0,14400
2024-04-14,Bottled water 75cl (12),Beverages,121,0,3600
2024-04-14,Detergent 900g (12),Household,29,0,21500
2024-04-14,Malt drink 330ml (24),Beverages,117,1,11900
2024-04-14,Orange juice 1L (12),Beverages,35,0,18600
2024-04-14,Plantain chips 150g (20),Snacks,35,0,9200
2024-04-15,Bar soap (48),Personal care,60,0,14400
2024-04-15,Bottled water 75cl (12),Beverages,212,0,3600
2024-04-15,Detergent 900g (12),Household,53,0,21500
2024-04-15,Malt drink 330ml (24),Beverages,183,1,11900
2024-04-15,Orange juice 1L (12),Beverages,52,0,18600
2024-04-15,Plantain chips 150g (20),Snacks,68,0,9200
2024-04-16,Bar soap (48),Personal care,60,0,14400
2024-04-16,Bottled water 75cl (12),Beverages,206,0,3600
2024-04-16,Detergent 900g (12),Household,52,0,21500
2024-04-16,Malt drink 330ml (24),Beverages,210,1,11900
2024-04-16,Orange juice 1L (12),Beverages,60,0,18600
2024-04-16,Plantain chips 150g (20),Snacks,85,0,9200
2024-04-17,Bar soap (48),Personal care,60,0,14400
2024-04-17,Bottled water 75cl (12),Beverages,221,0,3600
2024-04-17,Detergent 900g (12),Household,42,0,21500
2024-04-17,Malt drink 330ml (24),Beverages,188,1,11900
2024-04-17,Orange juice 1L (12),Beverages,52,0,18600
2024-04-17,Plantain chips 150g (20),Snacks,58,0,9200
2024-04-18,Bar soap (48),Personal care,66,0,14400
2024-04-18,Bottled water 75cl (12),Beverages,241,0,3600
2024-04-18,Detergent 900g (12),Household,52,0,21500
2024-04-18,Malt drink 330ml (24),Beverages,188,1,11900
2024-04-18,Orange juice 1L (12),Beverages,63,0,18600
2024-04-18,Plantain chips 150g (20),Snacks,69,0,9200
2024-04-19,Bar soap (48),Personal care,67,0,14400
2024-04-19,Bottled water 75cl (12),Beverages,260,0,3600
2024-04-19,Detergent 900g (12),Household,60,0,21500
2024-04-19,Malt drink 330ml (24),Beverages,150,0,13200
2024-04-19,Orange juice 1L (12),Beverages,56,0,18600
2024-04-19,Plantain chips 150g (20),Snacks,87,0,9200
2024-04-20,Bar soap (48),Personal care,82,0,14400
2024-04-20,Bottled water 75cl (12),Beverages,245,0,3600
2024-04-20,Detergent 900g (12),Household,65,0,21500
2024-04-20,Malt drink 330ml (24),Beverages,141,0,13200
2024-04-20,Orange juice 1L (12),Beverages,75,0,18600
2024-04-20,Plantain chips 150g (20),Snacks,109,0,9200
2024-04-21,Bar soap (48),Personal care,40,0,14400
2024-04-21,Bottled water 75cl (12),Beverages,130,0,3600
2024-04-21,Detergent 900g (12),Household,23,0,21500
2024-04-21,Malt drink 330ml (24),Beverages,55,0,13200
2024-04-21,Orange juice 1L (12),Beverages,32,0,18600
2024-04-21,Plantain chips 150g (20),Snacks,43,0,9200
2024-04-22,Bar soap (48),Personal care,75,0,14400
2024-04-22,Bottled water 75cl (12),Beverages,224,0,3600
2024-04-22,Detergent 900g (12),Household,46,0,21500
2024-04-22,Malt drink 330ml (24),Beverages,124,0,13200
2024-04-22,Orange juice 1L (12),Beverages,63,0,18600
2024-04-22,Plantain chips 150g (20),Snacks,83,0,9200
2024-04-23,Bar soap (48),Personal care,67,0,14400
2024-04-23,Bottled water 75cl (12),Beverages,174,0,3600
2024-04-23,Detergent 900g (12),Household,47,0,21500
2024-04-23,Malt drink 330ml (24),Beverages,103,0,13200
2024-04-23,Orange juice 1L (12),Beverages,53,0,18600
2024-04-23,Plantain chips 150g (20),Snacks,77,0,9200
2024-04-24,Bar soap (48),Personal care,56,0,14400
2024-04-24,Bottled water 75cl (12),Beverages,266,0,3600
2024-04-24,Detergent 900g (12),Household,50,0,21500
2024-04-24,Malt drink 330ml (24),Beverages,119,0,13200
2024-04-24,Orange juice 1L (12),Beverages,64,0,18600
2024-04-24,Plantain chips 150g (20),Snacks,79,0,9200
2024-04-25,Bar soap (48),Personal care,65,0,14400
2024-04-25,Bottled water 75cl (12),Beverages,273,0,3600
2024-04-25,Detergent 900g (12),Household,51,0,21500
2024-04-25,Malt drink 330ml (24),Beverages,123,0,13200
2024-04-25,Orange juice 1L (12),Beverages,66,0,18600
2024-04-25,Plantain chips 150g (20),Snacks,73,0,9200
2024-04-26,Bar soap (48),Personal care,64,0,14400
2024-04-26,Bottled water 75cl (12),Beverages,268,0,3600
2024-04-26,Detergent 900g (12),Household,60,0,21500
2024-04-26,Malt drink 330ml (24),Beverages,143,0,13200
2024-04-26,Orange juice 1L (12),Beverages,59,0,18600
2024-04-26,Plantain chips 150g (20),Snacks,93,0,9200
2024-04-27,Bar soap (48),Personal care,90,0,14400
2024-04-27,Bottled water 75cl (12),Beverages,343,0,3600
2024-04-27,Detergent 900g (12),Household,52,0,21500
2024-04-27,Malt drink 330ml (24),Beverages,180,0,13200
2024-04-27,Orange juice 1L (12),Beverages,73,0,18600
2024-04-27,Plantain chips 150g (20),Snacks,92,0,9200
2024-04-28,Bar soap (48),Personal care,62,1,12950
2024-04-28,Bottled water 75cl (12),Beverages,196,1,3250
2024-04-28,Detergent 900g (12),Household,35,0,21500
2024-04-28,Malt drink 330ml (24),Beverages,77,0,13200
2024-04-28,Orange juice 1L (12),Beverages,49,0,18600
2024-04-28,Plantain chips 150g (20),Snacks,46,0,9200
2024-04-29,Bar soap (48),Personal care,107,1,12950
2024-04-29,Bottled water 75cl (12),Beverages,420,1,3250
2024-04-29,Detergent 900g (12),Household,66,0,21500
2024-04-29,Malt drink 330ml (24),Beverages,159,0,13200
2024-04-29,Orange juice 1L (12),Beverages,82,0,18600
2024-04-29,Plantain chips 150g (20),Snacks,73,0,9200
2024-04-30,Bar soap (48),Personal care,118,1,12950
2024-04-30,Bottled water 75cl (12),Beverages,378,1,3250
2024-04-30,Detergent 900g (12),Household,45,0,21500
2024-04-30,Malt drink 330ml (24),Beverages,127,0,13200
2024-04-30,Orange juice 1L (12),Beverages,61,0,18600
2024-04-30,Plantain chips 150g (20),Snacks,90,0,9200
2024-05-01,Bar soap (48),Personal care,95,1,12950
2024-05-01,Bottled water 75cl (12),Beverages,381,1,3250
2024-05-01,Detergent 900g (12),Household,53,0,21500
2024-05-01,Malt drink 330ml (24),Beverages,159,0,13200
2024-05-01,Orange juice 1L (12),Beverages,79,0,18600
2024-05-01,Plantain chips 150g (20),Snacks,85,0,9200
2024-05-02,Bar soap (48),Personal care,97,1,12950
2024-05-02,Bottled water 75cl (12),Beverages,366,1,3250
2024-05-02,Detergent 900g (12),Household,60,0,21500
2024-05-02,Malt drink 330ml (24),Beverages,164,0,13200
2024-05-02,Orange juice 1L (12),Beverages,70,0,18600
2024-05-02,Plantain chips 150g (20),Snacks,101,0,9200
2024-05-03,Bar soap (48),Personal care,116,1,12950
2024-05-03,Bottled water 75cl (12),Beverages,360,1,3250
2024-05-03,Detergent 900g (12),Household,63,0,21500
2024-05-03,Malt drink 330ml (24),Beverages,231,1,11900
2024-05-03,Orange juice 1L (12),Beverages,72,0,18600
2024-05-03,Plantain chips 150g (20),Snacks,104,0,9200
2024-05-04,Bar soap (48),Personal care,127,1,12950
2024-05-04,Bottled water 75cl (12),Beverages,398,1,3250
2024-05-04,Detergent 900g (12),Household,75,0,21500
2024-05-04,Malt drink 330ml (24),Beverages,259,1,11900
2024-05-04,Orange juice 1L (12),Beverages,82,0,18600
2024-05-04,Plantain chips 150g (20),Snacks,125,0,9200
2024-05-05,Bar soap (48),Personal care,37,0,14400
2024-05-05,Bottled water 75cl (12),Beverages,109,0,3600
2024-05-05,Detergent 900g (12),Household,23,0,21500
2024-05-05,Malt drink 330ml (24),Beverages,104,1,11900
2024-05-05,Orange juice 1L (12),Beverages,36,0,18600
2024-05-05,Plantain chips 150g (20),Snacks,37,0,9200
2024-05-06,Bar soap (48),Personal care,64,0,14400
2024-05-06,Bottled water 75cl (12),Beverages,220,0,3600
2024-05-06,Detergent 900g (12),Household,47,0,21500
2024-05-06,Malt drink 330ml (24),Beverages,165,1,11900
2024-05-06,Orange juice 1L (12),Beverages,62,0,18600
2024-05-06,Plantain chips 150g (20),Snacks,72,0,9200
2024-05-07,Bar soap (48),Personal care,71,0,14400
2024-05-07,Bottled water 75cl (12),Beverages,167,0,3600
2024-05-07,Detergent 900g (12),Household,54,0,21500
2024-05-07,Malt drink 330ml (24),Beverages,189,1,11900
2024-05-07,Orange juice 1L (12),Beverages,59,0,18600
2024-05-07,Plantain chips 150g (20),Snacks,79,0,9200
2024-05-08,Bar soap (48),Personal care,73,0,14400
2024-05-08,Bottled water 75cl (12),Beverages,199,0,3600
2024-05-08,Detergent 900g (12),Household,45,0,21500
2024-05-08,Malt drink 330ml (24),Beverages,173,1,11900
2024-05-08,Orange juice 1L (12),Beverages,51,0,18600
2024-05-08,Plantain chips 150g (20),Snacks,75,0,9200
2024-05-09,Bar soap (48),Personal care,59,0,14400
2024-05-09,Bottled water 75cl (12),Beverages,198,0,3600
2024-05-09,Detergent 900g (12),Household,69,0,21500
2024-05-09,Malt drink 330ml (24),Beverages,195,1,11900
2024-05-09,Orange juice 1L (12),Beverages,63,0,18600
2024-05-09,Plantain chips 150g (20),Snacks,87,0,9200
2024-05-10,Bar soap (48),Personal care,58,0,14400
2024-05-10,Bottled water 75cl (12),Beverages,259,0,3600
2024-05-10,Detergent 900g (12),Household,48,0,21500
2024-05-10,Malt drink 330ml (24),Beverages,112,0,13200
2024-05-10,Orange juice 1L (12),Beverages,83,0,18600
2024-05-10,Plantain chips 150g (20),Snacks,82,0,9200
2024-05-11,Bar soap (48),Personal care,84,0,14400
2024-05-11,Bottled water 75cl (12),Beverages,279,0,3600
2024-05-11,Detergent 900g (12),Household,76,0,21500
2024-05-11,Malt drink 330ml (24),Beverages,143,0,13200
2024-05-11,Orange juice 1L (12),Beverages,88,0,18600
2024-05-11,Plantain chips 150g (20),Snacks,89,0,9200
2024-05-12,Bar soap (48),Personal care,37,0,14400
2024-05-12,Bottled water 75cl (12),Beverages,123,0,3600
2024-05-12,Detergent 900g (12),Household,31,0,21500
2024-05-12,Malt drink 330ml (24),Beverages,59,0,13200
2024-05-12,Orange juice 1L (12),Beverages,33,0,18600
2024-05-12,Plantain chips 150g (20),Snacks,40,0,9200
2024-05-13,Bar soap (48),Personal care,71,0,14400
2024-05-13,Bottled water 75cl (12),Beverages,227,0,3600
2024-05-13,Detergent 900g (12),Household,46,0,21500
2024-05-13,Malt drink 330ml (24),Beverages,161,0,13200
2024-05-13,Orange juice 1L (12),Beverages,54,0,18600
2024-05-13,Plantain chips 150g (20),Snacks,70,0,9200
2024-05-14,Bar soap (48),Personal care,72,0,14400
2024-05-14,Bottled water 75cl (12),Beverages,191,0,3600
2024-05-14,Detergent 900g (12),Household,53,0,21500
2024-05-14,Malt drink 330ml (24),Beverages,129,0,13200
2024-05-14,Orange juice 1L (12),Beverages,69,0,18600
2024-05-14,Plantain chips 150g (20),Snacks,87,0,9200
2024-05-15,Bar soap (48),Personal care,66,0,14400
2024-05-15,Bottled water 75cl (12),Beverages,197,0,3600
2024-05-15,Detergent 900g (12),Household,51,0,21500
2024-05-15,Malt drink 330ml (24),Beverages,103,0,13200
2024-05-15,Orange juice 1L (12),Beverages,62,0,18600
2024-05-15,Plantain chips 150g (20),Snacks,68,0,9200
2024-05-16,Bar soap (48),Personal care,63,0,14400
2024-05-16,Bottled water 75cl (12),Beverages,201,0,3600
2024-05-16,Detergent 900g (12),Household,44,0,21500
2024-05-16,Malt drink 330ml (24),Beverages,115,0,13200
2024-05-16,Orange juice 1L (12),Beverages,61,0,18600
2024-05-16,Plantain chips 150g (20),Snacks,85,0,9200
2024-05-17,Bar soap (48),Personal care,78,0,14400
2024-05-17,Bottled water 75cl (12),Beverages,252,0,3600
2024-05-17,Detergent 900g (12),Household,56,0,21500
2024-05-17,Malt drink 330ml (24),Beverages,157,0,13200
2024-05-17,Orange juice 1L (12),Beverages,84,0,18600
2024-05-17,Plantain chips 150g (20),Snacks,93,0,9200
2024-05-18,Bar soap (48),Personal care,81,0,14400
2024-05-18,Bottled water 75cl (12),Beverages,286,0,3600
2024-05-18,Detergent 900g (12),Household,73,0,21500
2024-05-18,Malt drink 330ml (24),Beverages,202,0,13200
2024-05-18,Orange juice 1L (12),Beverages,67,0,18600
2024-05-18,Plantain chips 150g (20),Snacks,84,0,9200
2024-05-19,Bar soap (48),Personal care,41,0,14400
2024-05-19,Bottled water 75cl (12),Beverages,141,0,3600
2024-05-19,Detergent 900g (12),Household,39,1,19350
2024-05-19,Malt drink 330ml (24),Beverages,75,0,13200
2024-05-19,Orange juice 1L (12),Beverages,35,0,18600
2024-05-19,Plantain chips 150g (20),Snacks,54,0,9200
2024-05-20,Bar soap (48),Personal care,63,0,14400
2024-05-20,Bottled water 75cl (12),Beverages,258,0,3600
2024-05-20,Detergent 900g (12),Household,75,1,19350
2024-05-20,Malt drink 330ml (24),Beverages,163,0,13200
2024-05-20,Orange juice 1L (12),Beverages,54,0,18600
2024-05-20,Plantain chips 150g (20),Snacks,78,0,9200
2024-05-21,Bar soap (48),Personal care,62,0,14400
2024-05-21,Bottled water 75cl (12),Beverages,253,0,3600
2024-05-21,Detergent 900g (12),Household,78,1,19350
2024-05-21,Malt drink 330ml (24),Beverages,141,0,13200
2024-05-21,Orange juice 1L (12),Beverages,65,0,18600
2024-05-21,Plantain chips 150g (20),Snacks,82,0,9200
2024-05-22,Bar soap (48),Personal care,59,0,14400
2024-05-22,Bottled water 75cl (12),Beverages,228,0,3600
2024-05-22,Detergent 900g (12),Household,82,1,19350
2024-05-22,Malt drink 330ml (24),Beverages,118,0,13200
2024-05-22,Orange juice 1L (12),Beverages,72,0,18600
2024-05-22,Plantain chips 150g (20),Snacks,80,0,9200
2024-05-23,Bar soap (48),Personal care,68,0,14400
2024-05-23,Bottled water 75cl (12),Beverages,262,0,3600
2024-05-23,Detergent 900g (12),Household,72,1,19350
2024-05-23,Malt drink 330ml (24),Beverages,134,0,13200
2024-05-23,Orange juice 1L (12),Beverages,57,0,18600
2024-05-23,Plantain chips 150g (20),Snacks,66,0,9200
2024-05-24,Bar soap (48),Personal care,79,0,14400
2024-05-24,Bottled water 75cl (12),Beverages,221,0,3600
2024-05-24,Detergent 900g (12),Household,71,1,19350
2024-05-24,Malt drink 330ml (24),Beverages,197,0,13200
2024-05-24,Orange juice 1L (12),Beverages,77,0,18600
2024-05-24,Plantain chips 150g (20),Snacks,87,0,9200
2024-05-25,Bar soap (48),Personal care,96,0,14400
2024-05-25,Bottled water 75cl (12),Beverages,261,0,3600
2024-05-25,Detergent 900g (12),Household,89,1,19350
2024-05-25,Malt drink 330ml (24),Beverages,187,0,13200
2024-05-25,Orange juice 1L (12),Beverages,83,0,18600
2024-05-25,Plantain chips 150g (20),Snacks,93,0,9200
2024-05-26,Bar soap (48),Personal care,39,0,14400
2024-05-26,Bottled water 75cl (12),Beverages,122,0,3600
2024-05-26,Detergent 900g (12),Household,27,0,21500
2024-05-26,Malt drink 330ml (24),Beverages,81,0,13200
2024-05-26,Orange juice 1L (12),Beverages,33,0,18600
2024-05-26,Plantain chips 150g (20),Snacks,54,0,9200
2024-05-27,Bar soap (48),Personal care,69,0,14400
2024-05-27,Bottled water 75cl (12),Beverages,230,0,3600
2024-05-27,Detergent 900g (12),Household,44,0,21500
2024-05-27,Malt drink 330ml (24),Beverages,110,0,13200
2024-05-27,Orange juice 1L (12),Beverages,62,0,18600
2024-05-27,Plantain chips 150g (20),Snacks,75,0,9200
2024-05-28,Bar soap (48),Personal care,77,0,14400
2024-05-28,Bottled water 75cl (12),Beverages,212,0,3600
2024-05-28,Detergent 900g (12),Household,46,0,21500
2024-05-28,Malt drink 330ml (24),Beverages,137,0,13200
2024-05-28,Orange juice 1L (12),Beverages,64,0,18600
2024-05-28,Plantain chips 150g (20),Snacks,116,1,8300
2024-05-29,Bar soap (48),Personal care,64,0,14400
2024-05-29,Bottled water 75cl (12),Beverages,293,0,3600
2024-05-29,Detergent 900g (12),Household,50,0,21500
2024-05-29,Malt drink 330ml (24),Beverages,146,0,13200
2024-05-29,Orange juice 1L (12),Beverages,70,0,18600
2024-05-29,Plantain chips 150g (20),Snacks,93,1,8300
2024-05-30,Bar soap (48),Personal care,98,1,12950
2024-05-30,Bottled water 75cl (12),Beverages,253,0,3600
2024-05-30,Detergent 900g (12),Household,41,0,21500
2024-05-30,Malt drink 330ml (24),Beverages,169,0,13200
2024-05-30,Orange juice 1L (12),Beverages,76,0,18600
2024-05-30,Plantain chips 150g (20),Snacks,120,1,8300
2024-05-31,Bar soap (48),Personal care,117,1,12950
2024-05-31,Bottled water 75cl (12),Beverages,292,0,3600
2024-05-31,Detergent 900g (12),Household,51,0,21500
2024-05-31,Malt drink 330ml (24),Beverages,155,0,13200
2024-05-31,Orange juice 1L (12),Beverages,98,0,18600
2024-05-31,Plantain chips 150g (20),Snacks,136,1,8300
2024-06-01,Bar soap (48),Personal care,125,1,12950
2024-06-01,Bottled water 75cl (12),Beverages,320,0,3600
2024-06-01,Detergent 900g (12),Household,54,0,21500
2024-06-01,Malt drink 330ml (24),Beverages,161,0,13200
2024-06-01,Orange juice 1L (12),Beverages,88,0,18600
2024-06-01,Plantain chips 150g (20),Snacks,150,1,8300
2024-06-02,Bar soap (48),Personal care,54,1,12950
2024-06-02,Bottled water 75cl (12),Beverages,100,0,3600
2024-06-02,Detergent 900g (12),Household,30,0,21500
2024-06-02,Malt drink 330ml (24),Beverages,73,0,13200
2024-06-02,Orange juice 1L (12),Beverages,36,0,18600
2024-06-02,Plantain chips 150g (20),Snacks,79,1,8300
2024-06-03,Bar soap (48),Personal care,82,1,12950
2024-06-03,Bottled water 75cl (12),Beverages,218,0,3600
2024-06-03,Detergent 900g (12),Household,55,0,21500
2024-06-03,Malt drink 330ml (24),Beverages,128,0,13200
2024-06-03,Orange juice 1L (12),Beverages,49,0,18600
2024-06-03,Plantain chips 150g (20),Snacks,130,1,8300
2024-06-04,Bar soap (48),Personal care,118,1,12950
2024-06-04,Bottled water 75cl (12),Beverages,211,0,3600
2024-06-04,Detergent 900g (12),Household,49,0,21500
2024-06-04,Malt drink 330ml (24),Beverages,125,0,13200
2024-06-04,Orange juice 1L (12),Beverages,58,0,18600
2024-06-04,Plantain chips 150g (20),Snacks,71,0,9200
2024-06-05,Bar soap (48),Personal care,94,1,12950
2024-06-05,Bottled water 75cl (12),Beverages,236,0,3600
2024-06-05,Detergent 900g (12),Household,52,0,21500
2024-06-05,Malt drink 330ml (24),Beverages,129,0,13200
2024-06-05,Orange juice 1L (12),Beverages,53,0,18600
2024-06-05,Plantain chips 150g (20),Snacks,93,0,9200
2024-06-06,Bar soap (48),Personal care,55,0,14400
2024-06-06,Bottled water 75cl (12),Beverages,194,0,3600
2024-06-06,Detergent 900g (12),Household,55,0,21500
2024-06-06,Malt drink 330ml (24),Beverages,130,0,13200
2024-06-06,Orange juice 1L (12),Beverages,60,0,18600
2024-06-06,Plantain chips 150g (20),Snacks,75,0,9200
2024-06-07,Bar soap (48),Personal care,62,0,14400
2024-06-07,Bottled water 75cl (12),Beverages,172,0,3600
2024-06-07,Detergent 900g (12),Household,57,0,21500
2024-06-07,Malt drink 330ml (24),Beverages,145,0,13200
2024-06-07,Orange juice 1L (12),Beverages,59,0,18600
2024-06-07,Plantain chips 150g (20),Snacks,71,0,9200
2024-06-08,Bar soap (48),Personal care,63,0,14400
2024-06-08,Bottled water 75cl (12),Beverages,241,0,3600
2024-06-08,Detergent 900g (12),Household,61,0,21500
2024-06-08,Malt drink 330ml (24),Beverages,170,0,13200
2024-06-08,Orange juice 1L (12),Beverages,75,0,18600
2024-06-08,Plantain chips 150g (20),Snacks,85,0,9200
2024-06-09,Bar soap (48),Personal care,35,0,14400
2024-06-09,Bottled water 75cl (12),Beverages,120,0,3600
2024-06-09,Detergent 900g (12),Household,30,0,21500
2024-06-09,Malt drink 330ml (24),Beverages,65,0,13200
2024-06-09,Orange juice 1L (12),Beverages,28,0,18600
2024-06-09,Plantain chips 150g (20),Snacks,36,0,9200
2024-06-10,Bar soap (48),Personal care,57,0,14400
2024-06-10,Bottled water 75cl (12),Beverages,182,0,3600
2024-06-10,Detergent 900g (12),Household,64,0,21500
2024-06-10,Malt drink 330ml (24),Beverages,155,0,13200
2024-06-10,Orange juice 1L (12),Beverages,63,0,18600
2024-06-10,Plantain chips 150g (20),Snacks,64,0,9200
2024-06-11,Bar soap (48),Personal care,74,0,14400
2024-06-11,Bottled water 75cl (12),Beverages,233,0,3600
2024-06-11,Detergent 900g (12),Household,43,0,21500
2024-06-11,Malt drink 330ml (24),Beverages,150,0,13200
2024-06-11,Orange juice 1L (12),Beverages,84,0,18600
2024-06-11,Plantain chips 150g (20),Snacks,92,0,9200
2024-06-12,Bar soap (48),Personal care,59,0,14400
2024-06-12,Bottled water 75cl (12),Beverages,329,0,3600
2024-06-12,Detergent 900g (12),Household,53,0,21500
2024-06-12,Malt drink 330ml (24),Beverages,194,0,13200
2024-06-12,Orange juice 1L (12),Beverages,68,0,18600
2024-06-12,Plantain chips 150g (20),Snacks,101,0,9200
2024-06-13,Bar soap (48),Personal care,64,0,14400
2024-06-13,Bottled water 75cl (12),Beverages,233,0,3600
2024-06-13,Detergent 900g (12),Household,45,0,21500
2024-06-13,Malt drink 330ml (24),Beverages,192,0,13200
2024-06-13,Orange juice 1L (12),Beverages,79,0,18600
2024-06-13,Plantain chips 150g (20),Snacks,94,0,9200
2024-06-14,Bar soap (48),Personal care,72,0,14400
2024-06-14,Bottled water 75cl (12),Beverages,267,0,3600
2024-06-14,Detergent 900g (12),Household,64,0,21500
2024-06-14,Malt drink 330ml (24),Beverages,204,0,13200
2024-06-14,Orange juice 1L (12),Beverages,99,0,18600
2024-06-14,Plantain chips 150g (20),Snacks,112,0,9200
2024-06-15,Bar soap (48),Personal care,87,0,14400
2024-06-15,Bottled water 75cl (12),Beverages,294,0,3600
2024-06-15,Detergent 900g (12),Household,75,0,21500
2024-06-15,Malt drink 330ml (24),Beverages,271,0,13200
2024-06-15,Orange juice 1L (12),Beverages,80,0,18600
2024-06-15,Plantain chips 150g (20),Snacks,95,0,9200
2024-06-16,Bar soap (48),Personal care,0,0,14400
2024-06-16,Bottled water 75cl (12),Beverages,0,0,3600
2024-06-16,Detergent 900g (12),Household,0,0,21500
2024-06-16,Malt drink 330ml (24),Beverages,0,0,13200
2024-06-16,Orange juice 1L (12),Beverages,0,0,18600
2024-06-16,Plantain chips 150g (20),Snacks,0,0,9200
2024-06-17,Bar soap (48),Personal care,62,0,14400
2024-06-17,Bottled water 75cl (12),Beverages,174,0,3600
2024-06-17,Detergent 900g (12),Household,57,0,21500
2024-06-17,Malt drink 330ml (24),Beverages,129,0,13200
2024-06-17,Orange juice 1L (12),Beverages,53,0,18600
2024-06-17,Plantain chips 150g (20),Snacks,65,0,9200
2024-06-18,Bar soap (48),Personal care,59,0,14400
2024-06-18,Bottled water 75cl (12),Beverages,210,0,3600
2024-06-18,Detergent 900g (12),Household,59,0,21500
2024-06-18,Malt drink 330ml (24),Beverages,128,0,13200
2024-06-18,Orange juice 1L (12),Beverages,61,0,18600
2024-06-18,Plantain chips 150g (20),Snacks,103,1,8300
2024-06-19,Bar soap (48),Personal care,63,0,14400
2024-06-19,Bottled water 75cl (12),Beverages,222,0,3600
2024-06-19,Detergent 900g (12),Household,53,0,21500
2024-06-19,Malt drink 330ml (24),Beverages,116,0,13200
2024-06-19,Orange juice 1L (12),Beverages,66,0,18600
2024-06-19,Plantain chips 150g (20),Snacks,104,1,8300
2024-06-20,Bar soap (48),Personal care,68,0,14400
2024-06-20,Bottled water 75cl (12),Beverages,215,0,3600
2024-06-20,Detergent 900g (12),Household,52,0,21500
2024-06-20,Malt drink 330ml (24),Beverages,140,0,13200
2024-06-20,Orange juice 1L (12),Beverages,57,0,18600
2024-06-20,Plantain chips 150g (20),Snacks,104,1,8300
2024-06-21,Bar soap (48),Personal care,78,0,14400
2024-06-21,Bottled water 75cl (12),Beverages,224,0,3600
2024-06-21,Detergent 900g (12),Household,62,0,21500
2024-06-21,Malt drink 330ml (24),Beverages,137,0,13200
2024-06-21,Orange juice 1L (12),Beverages,58,0,18600
2024-06-21,Plantain chips 150g (20),Snacks,164,1,8300
2024-06-22,Bar soap (48),Personal care,96,0,14400
2024-06-22,Bottled water 75cl (12),Beverages,216,0,3600
2024-06-22,Detergent 900g (12),Household,72,0,21500
2024-06-22,Malt drink 330ml (24),Beverages,179,0,13200
2024-06-22,Orange juice 1L (12),Beverages,78,0,18600
2024-06-22,Plantain chips 150g (20),Snacks,141,1,8300
2024-06-23,Bar soap (48),Personal care,35,0,14400
2024-06-23,Bottled water 75cl (12),Beverages,96,0,3600
2024-06-23,Detergent 900g (12),Household,27,0,21500
2024-06-23,Malt drink 330ml (24),Beverages,56,0,13200
2024-06-23,Orange juice 1L (12),Beverages,32,0,18600
2024-06-23,Plantain chips 150g (20),Snacks,58,1,8300
2024-06-24,Bar soap (48),Personal care,71,0,14400
2024-06-24,Bottled water 75cl (12),Beverages,189,0,3600
2024-06-24,Detergent 900g (12),Household,47,0,21500
2024-06-24,Malt drink 330ml (24),Beverages,138,0,13200
2024-06-24,Orange juice 1L (12),Beverages,62,0,18600
2024-06-24,Plantain chips 150g (20),Snacks,116,1,8300
2024-06-25,Bar soap (48),Personal care,59,0,14400
2024-06-25,Bottled water 75cl (12),Beverages,184,0,3600
2024-06-25,Detergent 900g (12),Household,46,0,21500
2024-06-25,Malt drink 330ml (24),Beverages,115,0,13200
2024-06-25,Orange juice 1L (12),Beverages,64,0,18600
2024-06-25,Plantain chips 150g (20),Snacks,71,0,9200
2024-06-26,Bar soap (48),Personal care,67,0,14400
2024-06-26,Bottled water 75cl (12),Beverages,190,0,3600
2024-06-26,Detergent 900g (12),Household,55,0,21500
2024-06-26,Malt drink 330ml (24),Beverages,122,0,13200
2024-06-26,Orange juice 1L (12),Beverages,67,0,18600
2024-06-26,Plantain chips 150g (20),Snacks,65,0,9200
2024-06-27,Bar soap (48),Personal care,63,0,14400
2024-06-27,Bottled water 75cl (12),Beverages,206,0,3600
2024-06-27,Detergent 900g (12),Household,49,0,21500
2024-06-27,Malt drink 330ml (24),Beverages,134,0,13200
2024-06-27,Orange juice 1L (12),Beverages,53,0,18600
2024-06-27,Plantain chips 150g (20),Snacks,71,0,9200
2024-06-28,Bar soap (48),Personal care,79,0,14400
2024-06-28,Bottled water 75cl (12),Beverages,207,0,3600
2024-06-28,Detergent 900g (12),Household,73,0,21500
2024-06-28,Malt drink 330ml (24),Beverages,154,0,13200
2024-06-28,Orange juice 1L (12),Beverages,69,0,18600
2024-06-28,Plantain chips 150g (20),Snacks,85,0,9200
2024-06-29,Bar soap (48),Personal care,83,0,14400
2024-06-29,Bottled water 75cl (12),Beverages,266,0,3600
2024-06-29,Detergent 900g (12),Household,74,0,21500
2024-06-29,Malt drink 330ml (24),Beverages,177,0,13200
2024-06-29,Orange juice 1L (12),Beverages,78,0,18600
2024-06-29,Plantain chips 150g (20),Snacks,79,0,9200
2024-06-30,Bar soap (48),Personal care,40,0,14400
2024-06-30,Bottled water 75cl (12),Beverages,119,0,3600
2024-06-30,Detergent 900g (12),Household,37,0,21500
2024-06-30,Malt drink 330ml (24),Beverages,73,0,13200
2024-06-30,Orange juice 1L (12),Beverages,36,0,18600
2024-06-30,Plantain chips 150g (20),Snacks,39,0,9200
2024-07-01,Bar soap (48),Personal care,74,0,14400
2024-07-01,Bottled water 75cl (12),Beverages,232,0,3600
2024-07-01,Detergent 900g (12),Household,62,0,21500
2024-07-01,Malt drink 330ml (24),Beverages,132,0,13200
2024-07-01,Orange juice 1L (12),Beverages,68,0,18600
2024-07-01,Plantain chips 150g (20),Snacks,71,0,9200
2024-07-02,Bar soap (48),Personal care,70,0,14400
2024-07-02,Bottled water 75cl (12),Beverages,214,0,3600
2024-07-02,Detergent 900g (12),Household,57,0,21500
2024-07-02,Malt drink 330ml (24),Beverages,133,0,13200
2024-07-02,Orange juice 1L (12),Beverages,50,0,18600
2024-07-02,Plantain chips 150g (20),Snacks,95,0,9200
2024-07-03,Bar soap (48),Personal care,57,0,14400
2024-07-03,Bottled water 75cl (12),Beverages,204,0,3600
2024-07-03,Detergent 900g (12),Household,48,0,21500
2024-07-03,Malt drink 330ml (24),Beverages,101,0,13200
2024-07-03,Orange juice 1L (12),Beverages,61,0,18600
2024-07-03,Plantain chips 150g (20),Snacks,86,0,9200
2024-07-04,Bar soap (48),Personal care,71,0,14400
2024-07-04,Bottled water 75cl (12),Beverages,191,0,3600
2024-07-04,Detergent 900g (12),Household,59,0,21500
2024-07-04,Malt drink 330ml (24),Beverages,122,0,13200
2024-07-04,Orange juice 1L (12),Beverages,72,0,18600
2024-07-04,Plantain chips 150g (20),Snacks,75,0,9200
2024-07-05,Bar soap (48),Personal care,64,0,14400
2024-07-05,Bottled water 75cl (12),Beverages,198,0,3600
2024-07-05,Detergent 900g (12),Household,59,0,21500
2024-07-05,Malt drink 330ml (24),Beverages,153,0,13200
2024-07-05,Orange juice 1L (12),Beverages,65,0,18600
2024-07-05,Plantain chips 150g (20),Snacks,77,0,9200
2024-07-06,Bar soap (48),Personal care,88,0,14400
2024-07-06,Bottled water 75cl (12),Beverages,289,0,3600
2024-07-06,Detergent 900g (12),Household,52,0,21500
2024-07-06,Malt drink 330ml (24),Beverages,170,0,13200
2024-07-06,Orange juice 1L (12),Beverages,67,0,18600
2024-07-06,Plantain chips 150g (20),Snacks,94,0,9200
2024-07-07,Bar soap (48),Personal care,37,0,14400
2024-07-07,Bottled water 75cl (12),Beverages,110,0,3600
2024-07-07,Detergent 900g (12),Household,29,0,21500
2024-07-07,Malt drink 330ml (24),Beverages,78,0,13200
2024-07-07,Orange juice 1L (12),Beverages,33,0,18600
2024-07-07,Plantain chips 150g (20),Snacks,41,0,9200
2024-07-08,Bar soap (48),Personal care,70,0,14400
2024-07-08,Bottled water 75cl (12),Beverages,188,0,3600
2024-07-08,Detergent 900g (12),Household,49,0,21500
2024-07-08,Malt drink 330ml (24),Beverages,124,0,13200
2024-07-08,Orange juice 1L (12),Beverages,61,0,18600
2024-07-08,Plantain chips 150g (20),Snacks,88,0,9200
2024-07-09,Bar soap (48),Personal care,59,0,14400
2024-07-09,Bottled water 75cl (12),Beverages,211,0,3600
2024-07-09,Detergent 900g (12),Household,54,0,21500
2024-07-09,Malt drink 330ml (24),Beverages,142,0,13200
2024-07-09,Orange juice 1L (12),Beverages,60,0,18600
2024-07-09,Plantain chips 150g (20),Snacks,97,0,9200
2024-07-10,Bar soap (48),Personal care,67,0,14400
2024-07-10,Bottled water 75cl (12),Beverages,222,0,3600
2024-07-10,Detergent 900g (12),Household,52,0,21500
2024-07-10,Malt drink 330ml (24),Beverages,129,0,13200
2024-07-10,Orange juice 1L (12),Beverages,56,0,18600
2024-07-10,Plantain chips 150g (20),Snacks,79,0,9200
2024-07-11,Bar soap (48),Personal care,65,0,14400
2024-07-11,Bottled water 75cl (12),Beverages,229,0,3600
2024-07-11,Detergent 900g (12),Household,45,0,21500
2024-07-11,Malt drink 330ml (24),Beverages,134,0,13200
2024-07-11,Orange juice 1L (12),Beverages,59,0,18600
2024-07-11,Plantain chips 150g (20),Snacks,103,0,9200
2024-07-12,Bar soap (48),Personal care,74,0,14400
2024-07-12,Bottled water 75cl (12),Beverages,240,0,3600
2024-07-12,Detergent 900g (12),Household,55,0,21500
2024-07-12,Malt drink 330ml (24),Beverages,145,0,13200
2024-07-12,Orange juice 1L (12),Beverages,55,0,18600
2024-07-12,Plantain chips 150g (20),Snacks,107,0,9200
2024-07-13,Bar soap (48),Personal care,85,0,14400
2024-07-13,Bottled water 75cl (12),Beverages,236,0,3600
2024-07-13,Detergent 900g (12),Household,67,0,21500
2024-07-13,Malt drink 330ml (24),Beverages,155,0,13200
2024-07-13,Orange juice 1L (12),Beverages,71,0,18600
2024-07-13,Plantain chips 150g (20),Snacks,106,0,9200
2024-07-14,Bar soap (48),Personal care,40,0,14400
2024-07-14,Bottled water 75cl (12),Beverages,121,0,3600
2024-07-14,Detergent 900g (12),Household,28,0,21500
2024-07-14,Malt drink 330ml (24),Beverages,83,0,13200
2024-07-14,Orange juice 1L (12),Beverages,32,0,18600
2024-07-14,Plantain chips 150g (20),Snacks,41,0,9200
2024-07-15,Bar soap (48),Personal care,59,0,14400
2024-07-15,Bottled water 75cl (12),Beverages,162,0,3600
2024-07-15,Detergent 900g (12),Household,55,0,21500
2024-07-15,Malt drink 330ml (24),Beverages,147,0,13200
2024-07-15,Orange juice 1L (12),Beverages,62,0,18600
2024-07-15,Plantain chips 150g (20),Snacks,79,0,9200
2024-07-16,Bar soap (48),Personal care,78,0,14400
2024-07-16,Bottled water 75cl (12),Beverages,192,0,3600
2024-07-16,Detergent 900g (12),Household,42,0,21500
2024-07-16,Malt drink 330ml (24),Beverages,170,1,11900
2024-07-16,Orange juice 1L (12),Beverages,54,0,18600
2024-07-16,Plantain chips 150g (20),Snacks,80,0,9200
2024-07-17,Bar soap (48),Personal care,55,0,14400
2024-07-17,Bottled water 75cl (12),Beverages,196,0,3600
2024-07-17,Detergent 900g (12),Household,47,0,21500
2024-07-17,Malt drink 330ml (24),Beverages,177,1,11900
2024-07-17,Orange juice 1L (12),Beverages,54,0,18600
2024-07-17,Plantain chips 150g (20),Snacks,67,0,9200
2024-07-18,Bar soap (48),Personal care,81,0,14400
2024-07-18,Bottled water 75cl (12),Beverages,165,0,3600
2024-07-18,Detergent 900g (12),Household,55,0,21500
2024-07-18,Malt drink 330ml (24),Beverages,160,1,11900
2024-07-18,Orange juice 1L (12),Beverages,61,0,18600
2024-07-18,Plantain chips 150g (20),Snacks,86,0,9200
2024-07-19,Bar soap (48),Personal care,67,0,14400
2024-07-19,Bottled water 75cl (12),Beverages,244,0,3600
2024-07-19,Detergent 900g (12),Household,50,0,21500
2024-07-19,Malt drink 330ml (24),Beverages,188,1,11900
2024-07-19,Orange juice 1L (12),Beverages,58,0,18600
2024-07-19,Plantain chips 150g (20),Snacks,74,0,9200
2024-07-20,Bar soap (48),Personal care,83,0,14400
2024-07-20,Bottled water 75cl (12),Beverages,265,0,3600
2024-07-20,Detergent 900g (12),Household,76,0,21500
2024-07-20,Malt drink 330ml (24),Beverages,195,1,11900
2024-07-20,Orange juice 1L (12),Beverages,71,0,18600
2024-07-20,Plantain chips 150g (20),Snacks,87,0,9200
2024-07-21,Bar soap (48),Personal care,43,0,14400
2024-07-21,Bottled water 75cl (12),Beverages,144,0,3600
2024-07-21,Detergent 900g (12),Household,36,0,21500
2024-07-21,Malt drink 330ml (24),Beverages,93,1,11900
2024-07-21,Orange juice 1L (12),Beverages,32,0,18600
2024-07-21,Plantain chips 150g (20),Snacks,45,0,9200
2024-07-22,Bar soap (48),Personal care,72,0,14400
2024-07-22,Bottled water 75cl (12),Beverages,160,0,3600
2024-07-22,Detergent 900g (12),Household,48,0,21500
2024-07-22,Malt drink 330ml (24),Beverages,200,1,11900
2024-07-22,Orange juice 1L (12),Beverages,59,0,18600
2024-07-22,Plantain chips 150g (20),Snacks,80,0,9200
2024-07-23,Bar soap (48),Personal care,72,0,14400
2024-07-23,Bottled water 75cl (12),Beverages,217,0,3600
2024-07-23,Detergent 900g (12),Household,49,0,21500
2024-07-23,Malt drink 330ml (24),Beverages,106,0,13200
2024-07-23,Orange juice 1L (12),Beverages,49,0,18600
2024-07-23,Plantain chips 150g (20),Snacks,72,0,9200
2024-07-24,Bar soap (48),Personal care,56,0,14400
2024-07-24,Bottled water 75cl (12),Beverages,195,0,3600
2024-07-24,Detergent 900g (12),Household,55,0,21500
2024-07-24,Malt drink 330ml (24),Beverages,122,0,13200
2024-07-24,Orange juice 1L (12),Beverages,65,0,18600
2024-07-24,Plantain chips 150g (20),Snacks,68,0,9200
2024-07-25,Bar soap (48),Personal care,72,0,14400
2024-07-25,Bottled water 75cl (12),Beverages,208,0,3600
2024-07-25,Detergent 900g (12),Household,51,0,21500
2024-07-25,Malt drink 330ml (24),Beverages,105,0,13200
2024-07-25,Orange juice 1L (12),Beverages,60,0,18600
2024-07-25,Plantain chips 150g (20),Snacks,81,0,9200
2024-07-26,Bar soap (48),Personal care,70,0,14400
2024-07-26,Bottled water 75cl (12),Beverages,249,0,3600
2024-07-26,Detergent 900g (12),Household,53,0,21500
2024-07-26,Malt drink 330ml (24),Beverages,130,0,13200
2024-07-26,Orange juice 1L (12),Beverages,62,0,18600
2024-07-26,Plantain chips 150g (20),Snacks,98,0,9200
2024-07-27,Bar soap (48),Personal care,80,0,14400
2024-07-27,Bottled water 75cl (12),Beverages,291,0,3600
2024-07-27,Detergent 900g (12),Household,73,0,21500
2024-07-27,Malt drink 330ml (24),Beverages,133,0,13200
2024-07-27,Orange juice 1L (12),Beverages,82,0,18600
2024-07-27,Plantain chips 150g (20),Snacks,111,0,9200
2024-07-28,Bar soap (48),Personal care,32,0,14400
2024-07-28,Bottled water 75cl (12),Beverages,131,0,3600
2024-07-28,Detergent 900g (12),Household,28,0,21500
2024-07-28,Malt drink 330ml (24),Beverages,66,0,13200
2024-07-28,Orange juice 1L (12),Beverages,30,0,18600
2024-07-28,Plantain chips 150g (20),Snacks,52,0,9200
2024-07-29,Bar soap (48),Personal care,85,0,14400
2024-07-29,Bottled water 75cl (12),Beverages,223,0,3600
2024-07-29,Detergent 900g (12),Household,58,0,21500
2024-07-29,Malt drink 330ml (24),Beverages,118,0,13200
2024-07-29,Orange juice 1L (12),Beverages,67,0,18600
2024-07-29,Plantain chips 150g (20),Snacks,99,0,9200
2024-07-30,Bar soap (48),Personal care,77,0,14400
2024-07-30,Bottled water 75cl (12),Beverages,213,0,3600
2024-07-30,Detergent 900g (12),Household,70,0,21500
2024-07-30,Malt drink 330ml (24),Beverages,140,0,13200
2024-07-30,Orange juice 1L (12),Beverages,67,0,18600
2024-07-30,Plantain chips 150g (20),Snacks,83,0,9200
2024-07-31,Bar soap (48),Personal care,73,0,14400
2024-07-31,Bottled water 75cl (12),Beverages,187,0,3600
2024-07-31,Detergent 900g (12),Household,58,0,21500
2024-07-31,Malt drink 330ml (24),Beverages,116,0,13200
2024-07-31,Orange juice 1L (12),Beverages,68,0,18600
2024-07-31,Plantain chips 150g (20),Snacks,83,0,9200
2024-08-01,Bar soap (48),Personal care,72,0,14400
2024-08-01,Bottled water 75cl (12),Beverages,288,0,3600
2024-08-01,Detergent 900g (12),Household,64,0,21500
2024-08-01,Malt drink 330ml (24),Beverages,124,0,13200
2024-08-01,Orange juice 1L (12),Beverages,78,0,18600
2024-08-01,Plantain chips 150g (20),Snacks,99,0,9200
2024-08-02,Bar soap (48),Personal care,77,0,14400
2024-08-02,Bottled water 75cl (12),Beverages,277,0,3600
2024-08-02,Detergent 900g (12),Household,60,0,21500
2024-08-02,Malt drink 330ml (24),Beverages,150,0,13200
2024-08-02,Orange juice 1L (12),Beverages,74,0,18600
2024-08-02,Plantain chips 150g (20),Snacks,100,0,9200
2024-08-03,Bar soap (48),Personal care,97,0,14400
2024-08-03,Bottled water 75cl (12),Beverages,234,0,3600
2024-08-03,Detergent 900g (12),Household,59,0,21500
2024-08-03,Malt drink 330ml (24),Beverages,131,0,13200
2024-08-03,Orange juice 1L (12),Beverages,64,0,18600
2024-08-03,Plantain chips 150g (20),Snacks,93,0,9200
2024-08-04,Bar soap (48),Personal care,33,0,14400
2024-08-04,Bottled water 75cl (12),Beverages,126,0,3600
2024-08-04,Detergent 900g (12),Household,27,0,21500
2024-08-04,Malt drink 330ml (24),Beverages,52,0,13200
2024-08-04,Orange juice 1L (12),Beverages,33,0,18600
2024-08-04,Plantain chips 150g (20),Snacks,52,0,9200
2024-08-05,Bar soap (48),Personal care,77,0,14400
2024-08-05,Bottled water 75cl (12),Beverages,190,0,3600
2024-08-05,Detergent 900g (12),Household,70,0,21500
2024-08-05,Malt drink 330ml (24),Beverages,100,0,13200
2024-08-05,Orange juice 1L (12),Beverages,57,0,18600
2024-08-05,Plantain chips 150g (20),Snacks,86,0,9200
2024-08-06,Bar soap (48),Personal care,64,0,14400
2024-08-06,Bottled water 75cl (12),Beverages,197,0,3600
2024-08-06,Detergent 900g (12),Household,50,0,21500
2024-08-06,Malt drink 330ml (24),Beverages,144,0,13200
2024-08-06,Orange juice 1L (12),Beverages,53,0,18600
2024-08-06,Plantain chips 150g (20),Snacks,76,0,9200
2024-08-07,Bar soap (48),Personal care,82,0,14400
2024-08-07,Bottled water 75cl (12),Beverages,226,0,3600
2024-08-07,Detergent 900g (12),Household,56,0,21500
2024-08-07,Malt drink 330ml (24),Beverages,136,0,13200
2024-08-07,Orange juice 1L (12),Beverages,53,0,18600
2024-08-07,Plantain chips 150g (20),Snacks,75,0,9200
2024-08-08,Bar soap (48),Personal care,55,0,14400
2024-08-08,Bottled water 75cl (12),Beverages,215,0,3600
2024-08-08,Detergent 900g (12),Household,53,0,21500
2024-08-08,Malt drink 330ml (24),Beverages,111,0,13200
2024-08-08,Orange juice 1L (12),Beverages,52,0,18600
2024-08-08,Plantain chips 150g (20),Snacks,73,0,9200
2024-08-09,Bar soap (48),Personal care,76,0,14400
2024-08-09,Bottled water 75cl (12),Beverages,251,0,3600
2024-08-09,Detergent 900g (12),Household,73,0,21500
2024-08-09,Malt drink 330ml (24),Beverages,129,0,13200
2024-08-09,Orange juice 1L (12),Beverages,67,0,18600
2024-08-09,Plantain chips 150g (20),Snacks,68,0,9200
2024-08-10,Bar soap (48),Personal care,104,0,14400
2024-08-10,Bottled water 75cl (12),Beverages,305,0,3600
2024-08-10,Detergent 900g (12),Household,71,0,21500
2024-08-10,Malt drink 330ml (24),Beverages,180,0,13200
2024-08-10,Orange juice 1L (12),Beverages,72,0,18600
2024-08-10,Plantain chips 150g (20),Snacks,145,1,8300
2024-08-11,Bar soap (48),Personal care,37,0,14400
2024-08-11,Bottled water 75cl (12),Beverages,143,0,3600
2024-08-11,Detergent 900g (12),Household,29,0,21500
2024-08-11,Malt drink 330ml (24),Beverages,66,0,13200
2024-08-11,Orange juice 1L (12),Beverages,35,0,18600
2024-08-11,Plantain chips 150g (20),Snacks,61,1,8300
2024-08-12,Bar soap (48),Personal care,60,0,14400
2024-08-12,Bottled water 75cl (12),Beverages,252,0,3600
2024-08-12,Detergent 900g (12),Household,53,0,21500
2024-08-12,Malt drink 330ml (24),Beverages,139,0,13200
2024-08-12,Orange juice 1L (12),Beverages,56,0,18600
2024-08-12,Plantain chips 150g (20),Snacks,113,1,8300
2024-08-13,Bar soap (48),Personal care,64,0,14400
2024-08-13,Bottled water 75cl (12),Beverages,186,0,3600
2024-08-13,Detergent 900g (12),Household,48,0,21500
2024-08-13,Malt drink 330ml (24),Beverages,130,0,13200
2024-08-13,Orange juice 1L (12),Beverages,71,0,18600
2024-08-13,Plantain chips 150g (20),Snacks,133,1,8300
2024-08-14,Bar soap (48),Personal care,68,0,14400
2024-08-14,Bottled water 75cl (12),Beverages,223,0,3600
2024-08-14,Detergent 900g (12),Household,58,0,21500
2024-08-14,Malt drink 330ml (24),Beverages,135,0,13200
2024-08-14,Orange juice 1L (12),Beverages,62,0,18600
2024-08-14,Plantain chips 150g (20),Snacks,119,1,8300
2024-08-15,Bar soap (48),Personal care,53,0,14400
2024-08-15,Bottled water 75cl (12),Beverages,207,0,3600
2024-08-15,Detergent 900g (12),Household,59,0,21500
2024-08-15,Malt drink 330ml (24),Beverages,122,0,13200
2024-08-15,Orange juice 1L (12),Beverages,59,0,18600
2024-08-15,Plantain chips 150g (20),Snacks,103,1,8300
2024-08-16,Bar soap (48),Personal care,59,0,14400
2024-08-16,Bottled water 75cl (12),Beverages,244,0,3600
2024-08-16,Detergent 900g (12),Household,62,0,21500
2024-08-16,Malt drink 330ml (24),Beverages,122,0,13200
2024-08-16,Orange juice 1L (12),Beverages,74,0,18600
2024-08-16,Plantain chips 150g (20),Snacks,138,1,8300
2024-08-17,Bar soap (48),Personal care,115,0,14400
2024-08-17,Bottled water 75cl (12),Beverages,217,0,3600
2024-08-17,Detergent 900g (12),Household,54,0,21500
2024-08-17,Malt drink 330ml (24),Beverages,156,0,13200
2024-08-17,Orange juice 1L (12),Beverages,77,0,18600
2024-08-17,Plantain chips 150g (20),Snacks,80,0,9200
2024-08-18,Bar soap (48),Personal care,33,0,14400
2024-08-18,Bottled water 75cl (12),Beverages,90,0,3600
2024-08-18,Detergent 900g (12),Household,31,0,21500
2024-08-18,Malt drink 330ml (24),Beverages,71,0,13200
2024-08-18,Orange juice 1L (12),Beverages,32,0,18600
2024-08-18,Plantain chips 150g (20),Snacks,36,0,9200
2024-08-19,Bar soap (48),Personal care,70,0,14400
2024-08-19,Bottled water 75cl (12),Beverages,198,0,3600
2024-08-19,Detergent 900g (12),Household,57,0,21500
2024-08-19,Malt drink 330ml (24),Beverages,144,0,13200
2024-08-19,Orange juice 1L (12),Beverages,56,0,18600
2024-08-19,Plantain chips 150g (20),Snacks,68,0,9200
2024-08-20,Bar soap (48),Personal care,76,0,14400
2024-08-20,Bottled water 75cl (12),Beverages,186,0,3600
2024-08-20,Detergent 900g (12),Household,51,0,21500
2024-08-20,Malt drink 330ml (24),Beverages,108,0,13200
2024-08-20,Orange juice 1L (12),Beverages,67,0,18600
2024-08-20,Plantain chips 150g (20),Snacks,87,0,9200
2024-08-21,Bar soap (48),Personal care,71,0,14400
2024-08-21,Bottled water 75cl (12),Beverages,195,0,3600
2024-08-21,Detergent 900g (12),Household,51,0,21500
2024-08-21,Malt drink 330ml (24),Beverages,124,0,13200
2024-08-21,Orange juice 1L (12),Beverages,68,0,18600
2024-08-21,Plantain chips 150g (20),Snacks,72,0,9200
2024-08-22,Bar soap (48),Personal care,76,0,14400
2024-08-22,Bottled water 75cl (12),Beverages,235,0,3600
2024-08-22,Detergent 900g (12),Household,55,0,21500
2024-08-22,Malt drink 330ml (24),Beverages,130,0,13200
2024-08-22,Orange juice 1L (12),Beverages,54,0,18600
2024-08-22,Plantain chips 150g (20),Snacks,75,0,9200
2024-08-23,Bar soap (48),Personal care,81,0,14400
2024-08-23,Bottled water 75cl (12),Beverages,241,0,3600
2024-08-23,Detergent 900g (12),Household,55,0,21500
2024-08-23,Malt drink 330ml (24),Beverages,163,0,13200
2024-08-23,Orange juice 1L (12),Beverages,54,0,18600
2024-08-23,Plantain chips 150g (20),Snacks,86,0,9200
2024-08-24,Bar soap (48),Personal care,85,0,14400
2024-08-24,Bottled water 75cl (12),Beverages,253,0,3600
2024-08-24,Detergent 900g (12),Household,73,0,21500
2024-08-24,Malt drink 330ml (24),Beverages,166,0,13200
2024-08-24,Orange juice 1L (12),Beverages,80,0,18600
2024-08-24,Plantain chips 150g (20),Snacks,118,0,9200
2024-08-25,Bar soap (48),Personal care,37,0,14400
2024-08-25,Bottled water 75cl (12),Beverages,109,0,3600
2024-08-25,Detergent 900g (12),Household,31,0,21500
2024-08-25,Malt drink 330ml (24),Beverages,74,0,13200
2024-08-25,Orange juice 1L (12),Beverages,40,0,18600
2024-08-25,Plantain chips 150g (20),Snacks,42,0,9200
2024-08-26,Bar soap (48),Personal care,55,0,14400
2024-08-26,Bottled water 75cl (12),Beverages,295,1,3250
2024-08-26,Detergent 900g (12),Household,53,0,21500
2024-08-26,Malt drink 330ml (24),Beverages,135,0,13200
2024-08-26,Orange juice 1L (12),Beverages,67,0,18600
2024-08-26,Plantain chips 150g (20),Snacks,77,0,9200
2024-08-27,Bar soap (48),Personal care,67,0,14400
2024-08-27,Bottled water 75cl (12),Beverages,278,1,3250
2024-08-27,Detergent 900g (12),Household,53,0,21500
2024-08-27,Malt drink 330ml (24),Beverages,137,0,13200
2024-08-27,Orange juice 1L (12),Beverages,55,0,18600
2024-08-27,Plantain chips 150g (20),Snacks,65,0,9200
2024-08-28,Bar soap (48),Personal care,62,0,14400
2024-08-28,Bottled water 75cl (12),Beverages,311,1,3250
2024-08-28,Detergent 900g (12),Household,47,0,21500
2024-08-28,Malt drink 330ml (24),Beverages,105,0,13200
2024-08-28,Orange juice 1L (12),Beverages,58,0,18600
2024-08-28,Plantain chips 150g (20),Snacks,70,0,9200
2024-08-29,Bar soap (48),Personal care,66,0,14400
2024-08-29,Bottled water 75cl (12),Beverages,326,1,3250
2024-08-29,Detergent 900g (12),Household,61,0,21500
2024-08-29,Malt drink 330ml (24),Beverages,137,0,13200
2024-08-29,Orange juice 1L (12),Beverages,67,0,18600
2024-08-29,Plantain chips 150g (20),Snacks,82,0,9200
2024-08-30,Bar soap (48),Personal care,96,0,14400
2024-08-30,Bottled water 75cl (12),Beverages,388,1,3250
2024-08-30,Detergent 900g (12),Household,72,0,21500
2024-08-30,Malt drink 330ml (24),Beverages,161,0,13200
2024-08-30,Orange juice 1L (12),Beverages,83,0,18600
2024-08-30,Plantain chips 150g (20),Snacks,104,0,9200
2024-08-31,Bar soap (48),Personal care,94,0,14400
2024-08-31,Bottled water 75cl (12),Beverages,408,1,3250
2024-08-31,Detergent 900g (12),Household,64,0,21500
2024-08-31,Malt drink 330ml (24),Beverages,167,0,13200
2024-08-31,Orange juice 1L (12),Beverages,79,0,18600
2024-08-31,Plantain chips 150g (20),Snacks,127,0,9200
2024-09-01,Bar soap (48),Personal care,39,0,14400
2024-09-01,Bottled water 75cl (12),Beverages,168,1,3250
2024-09-01,Detergent 900g (12),Household,34,0,21500
2024-09-01,Malt drink 330ml (24),Beverages,81,0,13200
2024-09-01,Orange juice 1L (12),Beverages,40,0,18600
2024-09-01,Plantain chips 150g (20),Snacks,41,0,9200
2024-09-02,Bar soap (48),Personal care,82,0,14400
2024-09-02,Bottled water 75cl (12),Beverages,219,0,3600
2024-09-02,Detergent 900g (12),Household,75,0,21500
2024-09-02,Malt drink 330ml (24),Beverages,165,0,13200
2024-09-02,Orange juice 1L (12),Beverages,57,0,18600
2024-09-02,Plantain chips 150g (20),Snacks,80,0,9200
2024-09-03,Bar soap (48),Personal care,91,1,12950
2024-09-03,Bottled water 75cl (12),Beverages,178,0,3600
2024-09-03,Detergent 900g (12),Household,46,0,21500
2024-09-03,Malt drink 330ml (24),Beverages,121,0,13200
2024-09-03,Orange juice 1L (12),Beverages,64,0,18600
2024-09-03,Plantain chips 150g (20),Snacks,99,0,9200
2024-09-04,Bar soap (48),Personal care,92,1,12950
2024-09-04,Bottled water 75cl (12),Beverages,210,0,3600
2024-09-04,Detergent 900g (12),Household,61,0,21500
2024-09-04,Malt drink 330ml (24),Beverages,145,0,13200
2024-09-04,Orange juice 1L (12),Beverages,52,0,18600
2024-09-04,Plantain chips 150g (20),Snacks,84,0,9200
2024-09-05,Bar soap (48),Personal care,100,1,12950
2024-09-05,Bottled water 75cl (12),Beverages,206,0,3600
2024-09-05,Detergent 900g (12),Household,51,0,21500
2024-09-05,Malt drink 330ml (24),Beverages,131,0,13200
2024-09-05,Orange juice 1L (12),Beverages,58,0,18600
2024-09-05,Plantain chips 150g (20),Snacks,77,0,9200
2024-09-06,Bar soap (48),Personal care,87,1,12950
2024-09-06,Bottled water 75cl (12),Beverages,180,0,3600
2024-09-06,Detergent 900g (12),Household,61,0,21500
2024-09-06,Malt drink 330ml (24),Beverages,137,0,13200
2024-09-06,Orange juice 1L (12),Beverages,59,0,18600
2024-09-06,Plantain chips 150g (20),Snacks,90,0,9200
2024-09-07,Bar soap (48),Personal care,132,1,12950
2024-09-07,Bottled water 75cl (12),Beverages,212,0,3600
2024-09-07,Detergent 900g (12),Household,64,0,21500
2024-09-07,Malt drink 330ml (24),Beverages,174,0,13200
2024-09-07,Orange juice 1L (12),Beverages,66,0,18600
2024-09-07,Plantain chips 150g (20),Snacks,101,0,9200
2024-09-08,Bar soap (48),Personal care,44,1,12950
2024-09-08,Bottled water 75cl (12),Beverages,105,0,3600
2024-09-08,Detergent 900g (12),Household,32,0,21500
2024-09-08,Malt drink 330ml (24),Beverages,65,0,13200
2024-09-08,Orange juice 1L (12),Beverages,36,0,18600
2024-09-08,Plantain chips 150g (20),Snacks,45,0,9200
2024-09-09,Bar soap (48),Personal care,105,1,12950
2024-09-09,Bottled water 75cl (12),Beverages,221,0,3600
2024-09-09,Detergent 900g (12),Household,44,0,21500
2024-09-09,Malt drink 330ml (24),Beverages,112,0,13200
2024-09-09,Orange juice 1L (12),Beverages,52,0,18600
2024-09-09,Plantain chips 150g (20),Snacks,71,0,9200
2024-09-10,Bar soap (48),Personal care,59,0,14400
2024-09-10,Bottled water 75cl (12),Beverages,189,0,3600
2024-09-10,Detergent 900g (12),Household,56,0,21500
2024-09-10,Malt drink 330ml (24),Beverages,141,0,13200
2024-09-10,Orange juice 1L (12),Beverages,55,0,18600
2024-09-10,Plantain chips 150g (20),Snacks,75,0,9200
2024-09-11,Bar soap (48),Personal care,72,0,14400
2024-09-11,Bottled water 75cl (12),Beverages,166,0,3600
2024-09-11,Detergent 900g (12),Household,55,0,21500
2024-09-11,Malt drink 330ml (24),Beverages,123,0,13200
2024-09-11,Orange juice 1L (12),Beverages,55,0,18600
2024-09-11,Plantain chips 150g (20),Snacks,75,0,9200
2024-09-12,Bar soap (48),Personal care,64,0,14400
2024-09-12,Bottled water 75cl (12),Beverages,199,0,3600
2024-09-12,Detergent 900g (12),Household,62,0,21500
2024-09-12,Malt drink 330ml (24),Beverages,125,0,13200
2024-09-12,Orange juice 1L (12),Beverages,57,0,18600
2024-09-12,Plantain chips 150g (20),Snacks,65,0,9200
2024-09-13,Bar soap (48),Personal care,74,0,14400
2024-09-13,Bottled water 75cl (12),Beverages,261,0,3600
2024-09-13,Detergent 900g (12),Household,56,0,21500
2024-09-13,Malt drink 330ml (24),Beverages,145,0,13200
2024-09-13,Orange juice 1L (12),Beverages,54,0,18600
2024-09-13,Plantain chips 150g (20),Snacks,85,0,9200
2024-09-14,Bar soap (48),Personal care,85,0,14400
2024-09-14,Bottled water 75cl (12),Beverages,262,0,3600
2024-09-14,Detergent 900g (12),Household,71,0,21500
2024-09-14,Malt drink 330ml (24),Beverages,141,0,13200
2024-09-14,Orange juice 1L (12),Beverages,65,0,18600
2024-09-14,Plantain chips 150g (20),Snacks,107,0,9200
2024-09-15,Bar soap (48),Personal care,39,0,14400
2024-09-15,Bottled water 75cl (12),Beverages,107,0,3600
2024-09-15,Detergent 900g (12),Household,29,0,21500
2024-09-15,Malt drink 330ml (24),Beverages,72,0,13200
2024-09-15,Orange juice 1L (12),Beverages,33,0,18600
2024-09-15,Plantain chips 150g (20),Snacks,50,0,9200
2024-09-16,Bar soap (48),Personal care,67,0,14400
2024-09-16,Bottled water 75cl (12),Beverages,209,0,3600
2024-09-16,Detergent 900g (12),Household,54,0,21500
2024-09-16,Malt drink 330ml (24),Beverages,118,0,13200
2024-09-16,Orange juice 1L (12),Beverages,74,0,18600
2024-09-16,Plantain chips 150g (20),Snacks,87,0,9200
2024-09-17,Bar soap (48),Personal care,67,0,14400
2024-09-17,Bottled water 75cl (12),Beverages,178,0,3600
2024-09-17,Detergent 900g (12),Household,45,0,21500
2024-09-17,Malt drink 330ml (24),Beverages,116,0,13200
2024-09-17,Orange juice 1L (12),Beverages,45,0,18600
2024-09-17,Plantain chips 150g (20),Snacks,88,0,9200
2024-09-18,Bar soap (48),Personal care,61,0,14400
2024-09-18,Bottled water 75cl (12),Beverages,230,0,3600
2024-09-18,Detergent 900g (12),Household,57,0,21500
2024-09-18,Malt drink 330ml (24),Beverages,116,0,13200
2024-09-18,Orange juice 1L (12),Beverages,62,0,18600
2024-09-18,Plantain chips 150g (20),Snacks,81,0,9200
2024-09-19,Bar soap (48),Personal care,60,0,14400
2024-09-19,Bottled water 75cl (12),Beverages,183,0,3600
2024-09-19,Detergent 900g (12),Household,50,0,21500
2024-09-19,Malt drink 330ml (24),Beverages,143,0,13200
2024-09-19,Orange juice 1L (12),Beverages,58,0,18600
2024-09-19,Plantain chips 150g (20),Snacks,94,0,9200
2024-09-20,Bar soap (48),Personal care,64,0,14400
2024-09-20,Bottled water 75cl (12),Beverages,237,0,3600
2024-09-20,Detergent 900g (12),Household,53,0,21500
2024-09-20,Malt drink 330ml (24),Beverages,137,0,13200
2024-09-20,Orange juice 1L (12),Beverages,55,0,18600
2024-09-20,Plantain chips 150g (20),Snacks,129,1,8300
2024-09-21,Bar soap (48),Personal care,80,0,14400
2024-09-21,Bottled water 75cl (12),Beverages,293,0,3600
2024-09-21,Detergent 900g (12),Household,68,0,21500
2024-09-21,Malt drink 330ml (24),Beverages,127,0,13200
2024-09-21,Orange juice 1L (12),Beverages,81,0,18600
2024-09-21,Plantain chips 150g (20),Snacks,160,1,8300
2024-09-22,Bar soap (48),Personal care,40,0,14400
2024-09-22,Bottled water 75cl (12),Beverages,106,0,3600
2024-09-22,Detergent 900g (12),Household,28,0,21500
2024-09-22,Malt drink 330ml (24),Beverages,62,0,13200
2024-09-22,Orange juice 1L (12),Beverages,33,0,18600
2024-09-22,Plantain chips 150g (20),Snacks,64,1,8300
2024-09-23,Bar soap (48),Personal care,54,0,14400
2024-09-23,Bottled water 75cl (12),Beverages,189,0,3600
2024-09-23,Detergent 900g (12),Household,57,0,21500
2024-09-23,Malt drink 330ml (24),Beverages,143,0,13200
2024-09-23,Orange juice 1L (12),Beverages,60,0,18600
2024-09-23,Plantain chips 150g (20),Snacks,120,1,8300
2024-09-24,Bar soap (48),Personal care,61,0,14400
2024-09-24,Bottled water 75cl (12),Beverages,209,0,3600
2024-09-24,Detergent 900g (12),Household,52,0,21500
2024-09-24,Malt drink 330ml (24),Beverages,118,0,13200
2024-09-24,Orange juice 1L (12),Beverages,53,0,18600
2024-09-24,Plantain chips 150g (20),Snacks,107,1,8300
2024-09-25,Bar soap (48),Personal care,59,0,14400
2024-09-25,Bottled water 75cl (12),Beverages,180,0,3600
2024-09-25,Detergent 900g (12),Household,52,0,21500
2024-09-25,Malt drink 330ml (24),Beverages,101,0,13200
2024-09-25,Orange juice 1L (12),Beverages,65,0,18600
2024-09-25,Plantain chips 150g (20),Snacks,97,1,8300
2024-09-26,Bar soap (48),Personal care,67,0,14400
2024-09-26,Bottled water 75cl (12),Beverages,197,0,3600
2024-09-26,Detergent 900g (12),Household,53,0,21500
2024-09-26,Malt drink 330ml (24),Beverages,126,0,13200
2024-09-26,Orange juice 1L (12),Beverages,64,0,18600
2024-09-26,Plantain chips 150g (20),Snacks,115,1,8300
2024-09-27,Bar soap (48),Personal care,83,0,14400
2024-09-27,Bottled water 75cl (12),Beverages,225,0,3600
2024-09-27,Detergent 900g (12),Household,60,0,21500
2024-09-27,Malt drink 330ml (24),Beverages,122,0,13200
2024-09-27,Orange juice 1L (12),Beverages,51,0,18600
2024-09-27,Plantain chips 150g (20),Snacks,84,0,9200
2024-09-28,Bar soap (48),Personal care,100,0,14400
2024-09-28,Bottled water 75cl (12),Beverages,293,0,3600
2024-09-28,Detergent 900g (12),Household,72,0,21500
2024-09-28,Malt drink 330ml (24),Beverages,159,0,13200
2024-09-28,Orange juice 1L (12),Beverages,73,0,18600
2024-09-28,Plantain chips 150g (20),Snacks,104,0,9200
2024-09-29,Bar soap (48),Personal care,35,0,14400
2024-09-29,Bottled water 75cl (12),Beverages,116,0,3600
2024-09-29,Detergent 900g (12),Household,33,0,21500
2024-09-29,Malt drink 330ml (24),Beverages,69,0,13200
2024-09-29,Orange juice 1L (12),Beverages,36,0,18600
2024-09-29,Plantain chips 150g (20),Snacks,41,0,9200
2024-09-30,Bar soap (48),Personal care,74,0,14400
2024-09-30,Bottled water 75cl (12),Beverages,217,0,3600
2024-09-30,Detergent 900g (12),Household,63,0,21500
2024-09-30,Malt drink 330ml (24),Beverages,134,0,13200
2024-09-30,Orange juice 1L (12),Beverages,59,0,18600
2024-09-30,Plantain chips 150g (20),Snacks,87,0,9200
2024-10-01,Bar soap (48),Personal care,66,0,14400
2024-10-01,Bottled water 75cl (12),Beverages,233,0,3600
2024-10-01,Detergent 900g (12),Household,67,0,21500
2024-10-01,Malt drink 330ml (24),Beverages,172,0,13200
2024-10-01,Orange juice 1L (12),Beverages,62,0,18600
2024-10-01,Plantain chips 150g (20),Snacks,90,0,9200
2024-10-02,Bar soap (48),Personal care,88,0,14400
2024-10-02,Bottled water 75cl (12),Beverages,415,1,3250
2024-10-02,Detergent 900g (12),Household,63,0,21500
2024-10-02,Malt drink 330ml (24),Beverages,162,0,13200
2024-10-02,Orange juice 1L (12),Beverages,64,0,18600
2024-10-02,Plantain chips 150g (20),Snacks,65,0,9200
2024-10-03,Bar soap (48),Personal care,89,0,14400
2024-10-03,Bottled water 75cl (12),Beverages,367,1,3250
2024-10-03,Detergent 900g (12),Household,45,0,21500
2024-10-03,Malt drink 330ml (24),Beverages,187,1,11900
2024-10-03,Orange juice 1L (12),Beverages,67,0,18600
2024-10-03,Plantain chips 150g (20),Snacks,68,0,9200
2024-10-04,Bar soap (48),Personal care,82,0,14400
2024-10-04,Bottled water 75cl (12),Beverages,390,1,3250
2024-10-04,Detergent 900g (12),Household,53,0,21500
2024-10-04,Malt drink 330ml (24),Beverages,225,1,11900
2024-10-04,Orange juice 1L (12),Beverages,65,0,18600
2024-10-04,Plantain chips 150g (20),Snacks,102,0,9200
2024-10-05,Bar soap (48),Personal care,93,0,14400
2024-10-05,Bottled water 75cl (12),Beverages,429,1,3250
2024-10-05,Detergent 900g (12),Household,54,0,21500
2024-10-05,Malt drink 330ml (24),Beverages,230,1,11900
2024-10-05,Orange juice 1L (12),Beverages,69,0,18600
2024-10-05,Plantain chips 150g (20),Snacks,95,0,9200
2024-10-06,Bar soap (48),Personal care,33,0,14400
2024-10-06,Bottled water 75cl (12),Beverages,165,1,3250
2024-10-06,Detergent 900g (12),Household,31,0,21500
2024-10-06,Malt drink 330ml (24),Beverages,98,1,11900
2024-10-06,Orange juice 1L (12),Beverages,35,0,18600
2024-10-06,Plantain chips 150g (20),Snacks,37,0,9200
2024-10-07,Bar soap (48),Personal care,70,0,14400
2024-10-07,Bottled water 75cl (12),Beverages,340,1,3250
2024-10-07,Detergent 900g (12),Household,49,0,21500
2024-10-07,Malt drink 330ml (24),Beverages,180,1,11900
2024-10-07,Orange juice 1L (12),Beverages,87,0,18600
2024-10-07,Plantain chips 150g (20),Snacks,75,0,9200
2024-10-08,Bar soap (48),Personal care,53,0,14400
2024-10-08,Bottled water 75cl (12),Beverages,333,1,3250
2024-10-08,Detergent 900g (12),Household,41,0,21500
2024-10-08,Malt drink 330ml (24),Beverages,227,1,11900
2024-10-08,Orange juice 1L (12),Beverages,62,0,18600
2024-10-08,Plantain chips 150g (20),Snacks,90,0,9200
2024-10-09,Bar soap (48),Personal care,75,0,14400
2024-10-09,Bottled water 75cl (12),Beverages,232,0,3600
2024-10-09,Detergent 900g (12),Household,55,0,21500
2024-10-09,Malt drink 330ml (24),Beverages,227,1,11900
2024-10-09,Orange juice 1L (12),Beverages,63,0,18600
2024-10-09,Plantain chips 150g (20),Snacks,82,0,9200
2024-10-10,Bar soap (48),Personal care,61,0,14400
2024-10-10,Bottled water 75cl (12),Beverages,196,0,3600
2024-10-10,Detergent 900g (12),Household,52,0,21500
2024-10-10,Malt drink 330ml (24),Beverages,109,0,13200
2024-10-10,Orange juice 1L (12),Beverages,67,0,18600
2024-10-10,Plantain chips 150g (20),Snacks,83,0,9200
2024-10-11,Bar soap (48),Personal care,74,0,14400
2024-10-11,Bottled water 75cl (12),Beverages,278,0,3600
2024-10-11,Detergent 900g (12),Household,52,0,21500
2024-10-11,Malt drink 330ml (24),Beverages,119,0,13200
2024-10-11,Orange juice 1L (12),Beverages,65,0,18600
2024-10-11,Plantain chips 150g (20),Snacks,83,0,9200
2024-10-12,Bar soap (48),Personal care,92,0,14400
2024-10-12,Bottled water 75cl (12),Beverages,235,0,3600
2024-10-12,Detergent 900g (12),Household,80,0,21500
2024-10-12,Malt drink 330ml (24),Beverages,138,0,13200
2024-10-12,Orange juice 1L (12),Beverages,72,0,18600
2024-10-12,Plantain chips 150g (20),Snacks,111,0,9200
2024-10-13,Bar soap (48),Personal care,45,0,14400
2024-10-13,Bottled water 75cl (12),Beverages,113,0,3600
2024-10-13,Detergent 900g (12),Household,30,0,21500
2024-10-13,Malt drink 330ml (24),Beverages,66,0,13200
2024-10-13,Orange juice 1L (12),Beverages,39,0,18600
2024-10-13,Plantain chips 150g (20),Snacks,50,0,9200
2024-10-14,Bar soap (48),Personal care,81,0,14400
2024-10-14,Bottled water 75cl (12),Beverages,197,0,3600
2024-10-14,Detergent 900g (12),Household,54,0,21500
2024-10-14,Malt drink 330ml (24),Beverages,112,0,13200
2024-10-14,Orange juice 1L (12),Beverages,51,0,18600
2024-10-14,Plantain chips 150g (20),Snacks,79,0,9200
2024-10-15,Bar soap (48),Personal care,60,0,14400
2024-10-15,Bottled water 75cl (12),Beverages,205,0,3600
2024-10-15,Detergent 900g (12),Household,64,1,19350
2024-10-15,Malt drink 330ml (24),Beverages,131,0,13200
2024-10-15,Orange juice 1L (12),Beverages,64,0,18600
2024-10-15,Plantain chips 150g (20),Snacks,67,0,9200
2024-10-16,Bar soap (48),Personal care,67,0,14400
2024-10-16,Bottled water 75cl (12),Beverages,206,0,3600
2024-10-16,Detergent 900g (12),Household,83,1,19350
2024-10-16,Malt drink 330ml (24),Beverages,121,0,13200
2024-10-16,Orange juice 1L (12),Beverages,90,1,16750
2024-10-16,Plantain chips 150g (20),Snacks,65,0,9200
2024-10-17,Bar soap (48),Personal care,67,0,14400
2024-10-17,Bottled water 75cl (12),Beverages,230,0,3600
2024-10-17,Detergent 900g (12),Household,67,1,19350
2024-10-17,Malt drink 330ml (24),Beverages,145,0,13200
2024-10-17,Orange juice 1L (12),Beverages,75,1,16750
2024-10-17,Plantain chips 150g (20),Snacks,74,0,9200
2024-10-18,Bar soap (48),Personal care,72,0,14400
2024-10-18,Bottled water 75cl (12),Beverages,228,0,3600
2024-10-18,Detergent 900g (12),Household,94,1,19350
2024-10-18,Malt drink 330ml (24),Beverages,118,0,13200
2024-10-18,Orange juice 1L (12),Beverages,91,1,16750
2024-10-18,Plantain chips 150g (20),Snacks,80,0,9200
2024-10-19,Bar soap (48),Personal care,98,0,14400
2024-10-19,Bottled water 75cl (12),Beverages,290,0,3600
2024-10-19,Detergent 900g (12),Household,90,1,19350
2024-10-19,Malt drink 330ml (24),Beverages,172,0,13200
2024-10-19,Orange juice 1L (12),Beverages,101,1,16750
2024-10-19,Plantain chips 150g (20),Snacks,77,0,9200
2024-10-20,Bar soap (48),Personal care,37,0,14400
2024-10-20,Bottled water 75cl (12),Beverages,159,0,3600
2024-10-20,Detergent 900g (12),Household,38,1,19350
2024-10-20,Malt drink 330ml (24),Beverages,52,0,13200
2024-10-20,Orange juice 1L (12),Beverages,52,1,16750
2024-10-20,Plantain chips 150g (20),Snacks,51,0,9200
2024-10-21,Bar soap (48),Personal care,72,0,14400
2024-10-21,Bottled water 75cl (12),Beverages,207,0,3600
2024-10-21,Detergent 900g (12),Household,78,1,19350
2024-10-21,Malt drink 330ml (24),Beverages,137,0,13200
2024-10-21,Orange juice 1L (12),Beverages,78,1,16750
2024-10-21,Plantain chips 150g (20),Snacks,83,0,9200
2024-10-22,Bar soap (48),Personal care,68,0,14400
2024-10-22,Bottled water 75cl (12),Beverages,212,0,3600
2024-10-22,Detergent 900g (12),Household,48,0,21500
2024-10-22,Malt drink 330ml (24),Beverages,126,0,13200
2024-10-22,Orange juice 1L (12),Beverages,88,1,16750
2024-10-22,Plantain chips 150g (20),Snacks,75,0,9200
2024-10-23,Bar soap (48),Personal care,61,0,14400
2024-10-23,Bottled water 75cl (12),Beverages,206,0,3600
2024-10-23,Detergent 900g (12),Household,45,0,21500
2024-10-23,Malt drink 330ml (24),Beverages,100,0,13200
2024-10-23,Orange juice 1L (12),Beverages,67,0,18600
2024-10-23,Plantain chips 150g (20),Snacks,81,0,9200
2024-10-24,Bar soap (48),Personal care,75,0,14400
2024-10-24,Bottled water 75cl (12),Beverages,277,0,3600
2024-10-24,Detergent 900g (12),Household,42,0,21500
2024-10-24,Malt drink 330ml (24),Beverages,121,0,13200
2024-10-24,Orange juice 1L (12),Beverages,50,0,18600
2024-10-24,Plantain chips 150g (20),Snacks,83,0,9200
2024-10-25,Bar soap (48),Personal care,91,0,14400
2024-10-25,Bottled water 75cl (12),Beverages,257,0,3600
2024-10-25,Detergent 900g (12),Household,53,0,21500
2024-10-25,Malt drink 330ml (24),Beverages,188,0,13200
2024-10-25,Orange juice 1L (12),Beverages,61,0,18600
2024-10-25,Plantain chips 150g (20),Snacks,76,0,9200
2024-10-26,Bar soap (48),Personal care,70,0,14400
2024-10-26,Bottled water 75cl (12),Beverages,274,0,3600
2024-10-26,Detergent 900g (12),Household,48,0,21500
2024-10-26,Malt drink 330ml (24),Beverages,199,0,13200
2024-10-26,Orange juice 1L (12),Beverages,65,0,18600
2024-10-26,Plantain chips 150g (20),Snacks,110,0,9200
2024-10-27,Bar soap (48),Personal care,42,0,14400
2024-10-27,Bottled water 75cl (12),Beverages,143,0,3600
2024-10-27,Detergent 900g (12),Household,26,0,21500
2024-10-27,Malt drink 330ml (24),Beverages,62,0,13200
2024-10-27,Orange juice 1L (12),Beverages,28,0,18600
2024-10-27,Plantain chips 150g (20),Snacks,48,0,9200
2024-10-28,Bar soap (48),Personal care,74,0,14400
2024-10-28,Bottled water 75cl (12),Beverages,238,0,3600
2024-10-28,Detergent 900g (12),Household,43,0,21500
2024-10-28,Malt drink 330ml (24),Beverages,164,0,13200
2024-10-28,Orange juice 1L (12),Beverages,53,0,18600
2024-10-28,Plantain chips 150g (20),Snacks,81,0,9200
2024-10-29,Bar soap (48),Personal care,67,0,14400
2024-10-29,Bottled water 75cl (12),Beverages,254,0,3600
2024-10-29,Detergent 900g (12),Household,61,0,21500
2024-10-29,Malt drink 330ml (24),Beverages,123,0,13200
2024-10-29,Orange juice 1L (12),Beverages,57,0,18600
2024-10-29,Plantain chips 150g (20),Snacks,90,0,9200
2024-10-30,Bar soap (48),Personal care,88,0,14400
2024-10-30,Bottled water 75cl (12),Beverages,265,0,3600
2024-10-30,Detergent 900g (12),Household,50,0,21500
2024-10-30,Malt drink 330ml (24),Beverages,148,0,13200
2024-10-30,Orange juice 1L (12),Beverages,72,0,18600
2024-10-30,Plantain chips 150g (20),Snacks,79,0,9200
2024-10-31,Bar soap (48),Personal care,78,0,14400
2024-10-31,Bottled water 75cl (12),Beverages,261,0,3600
2024-10-31,Detergent 900g (12),Household,55,0,21500
2024-10-31,Malt drink 330ml (24),Beverages,154,0,13200
2024-10-31,Orange juice 1L (12),Beverages,61,0,18600
2024-10-31,Plantain chips 150g (20),Snacks,87,0,9200
2024-11-01,Bar soap (48),Personal care,80,0,14400
2024-11-01,Bottled water 75cl (12),Beverages,348,0,3600
2024-11-01,Detergent 900g (12),Household,65,0,21500
2024-11-01,Malt drink 330ml (24),Beverages,160,0,13200
2024-11-01,Orange juice 1L (12),Beverages,79,0,18600
2024-11-01,Plantain chips 150g (20),Snacks,112,0,9200
2024-11-02,Bar soap (48),Personal care,100,0,14400
2024-11-02,Bottled water 75cl (12),Beverages,369,0,3600
2024-11-02,Detergent 900g (12),Household,69,0,21500
2024-11-02,Malt drink 330ml (24),Beverages,187,0,13200
2024-11-02,Orange juice 1L (12),Beverages,75,0,18600
2024-11-02,Plantain chips 150g (20),Snacks,92,0,9200
2024-11-03,Bar soap (48),Personal care,33,0,14400
2024-11-03,Bottled water 75cl (12),Beverages,125,0,3600
2024-11-03,Detergent 900g (12),Household,38,1,19350
2024-11-03,Malt drink 330ml (24),Beverages,79,0,13200
2024-11-03,Orange juice 1L (12),Beverages,41,0,18600
2024-11-03,Plantain chips 150g (20),Snacks,52,0,9200
2024-11-04,Bar soap (48),Personal care,61,0,14400
2024-11-04,Bottled water 75cl (12),Beverages,233,0,3600
2024-11-04,Detergent 900g (12),Household,73,1,19350
2024-11-04,Malt drink 330ml (24),Beverages,130,0,13200
2024-11-04,Orange juice 1L (12),Beverages,66,0,18600
2024-11-04,Plantain chips 150g (20),Snacks,84,0,9200
2024-11-05,Bar soap (48),Personal care,63,0,14400
2024-11-05,Bottled water 75cl (12),Beverages,252,0,3600
2024-11-05,Detergent 900g (12),Household,65,1,19350
2024-11-05,Malt drink 330ml (24),Beverages,113,0,13200
2024-11-05,Orange juice 1L (12),Beverages,67,0,18600
2024-11-05,Plantain chips 150g (20),Snacks,70,0,9200
2024-11-06,Bar soap (48),Personal care,64,0,14400
2024-11-06,Bottled water 75cl (12),Beverages,222,0,3600
2024-11-06,Detergent 900g (12),Household,84,1,19350
2024-11-06,Malt drink 330ml (24),Beverages,112,0,13200
2024-11-06,Orange juice 1L (12),Beverages,53,0,18600
2024-11-06,Plantain chips 150g (20),Snacks,92,0,9200
2024-11-07,Bar soap (48),Personal care,64,0,14400
2024-11-07,Bottled water 75cl (12),Beverages,244,0,3600
2024-11-07,Detergent 900g (12),Household,101,1,19350
2024-11-07,Malt drink 330ml (24),Beverages,143,0,13200
2024-11-07,Orange juice 1L (12),Beverages,56,0,18600
2024-11-07,Plantain chips 150g (20),Snacks,86,0,9200
2024-11-08,Bar soap (48),Personal care,60,0,14400
2024-11-08,Bottled water 75cl (12),Beverages,264,0,3600
2024-11-08,Detergent 900g (12),Household,85,1,19350
2024-11-08,Malt drink 330ml (24),Beverages,149,0,13200
2024-11-08,Orange juice 1L (12),Beverages,61,0,18600
2024-11-08,Plantain chips 150g (20),Snacks,90,0,9200
2024-11-09,Bar soap (48),Personal care,88,0,14400
2024-11-09,Bottled water 75cl (12),Beverages,302,0,3600
2024-11-09,Detergent 900g (12),Household,100,1,19350
2024-11-09,Malt drink 330ml (24),Beverages,170,0,13200
2024-11-09,Orange juice 1L (12),Beverages,74,0,18600
2024-11-09,Plantain chips 150g (20),Snacks,110,0,9200
2024-11-10,Bar soap (48),Personal care,37,0,14400
2024-11-10,Bottled water 75cl (12),Beverages,108,0,3600
2024-11-10,Detergent 900g (12),Household,26,0,21500
2024-11-10,Malt drink 330ml (24),Beverages,62,0,13200
2024-11-10,Orange juice 1L (12),Beverages,36,0,18600
2024-11-10,Plantain chips 150g (20),Snacks,43,0,9200
2024-11-11,Bar soap (48),Personal care,62,0,14400
2024-11-11,Bottled water 75cl (12),Beverages,250,0,3600
2024-11-11,Detergent 900g (12),Household,44,0,21500
2024-11-11,Malt drink 330ml (24),Beverages,147,0,13200
2024-11-11,Orange juice 1L (12),Beverages,55,0,18600
2024-11-11,Plantain chips 150g (20),Snacks,65,0,9200
2024-11-12,Bar soap (48),Personal care,63,0,14400
2024-11-12,Bottled water 75cl (12),Beverages,199,0,3600
2024-11-12,Detergent 900g (12),Household,52,0,21500
2024-11-12,Malt drink 330ml (24),Beverages,142,0,13200
2024-11-12,Orange juice 1L (12),Beverages,59,0,18600
2024-11-12,Plantain chips 150g (20),Snacks,61,0,9200
2024-11-13,Bar soap (48),Personal care,71,0,14400
2024-11-13,Bottled water 75cl (12),Beverages,251,0,3600
2024-11-13,Detergent 900g (12),Household,43,0,21500
2024-11-13,Malt drink 330ml (24),Beverages,148,0,13200
2024-11-13,Orange juice 1L (12),Beverages,69,0,18600
2024-11-13,Plantain chips 150g (20),Snacks,74,0,9200
2024-11-14,Bar soap (48),Personal care,80,0,14400
2024-11-14,Bottled water 75cl (12),Beverages,206,0,3600
2024-11-14,Detergent 900g (12),Household,40,0,21500
2024-11-14,Malt drink 330ml (24),Beverages,134,0,13200
2024-11-14,Orange juice 1L (12),Beverages,69,0,18600
2024-11-14,Plantain chips 150g (20),Snacks,82,0,9200
2024-11-15,Bar soap (48),Personal care,71,0,14400
2024-11-15,Bottled water 75cl (12),Beverages,260,0,3600
2024-11-15,Detergent 900g (12),Household,46,0,21500
2024-11-15,Malt drink 330ml (24),Beverages,146,0,13200
2024-11-15,Orange juice 1L (12),Beverages,67,0,18600
2024-11-15,Plantain chips 150g (20),Snacks,81,0,9200
2024-11-16,Bar soap (48),Personal care,101,0,14400
2024-11-16,Bottled water 75cl (12),Beverages,335,0,3600
2024-11-16,Detergent 900g (12),Household,75,0,21500
2024-11-16,Malt drink 330ml (24),Beverages,144,0,13200
2024-11-16,Orange juice 1L (12),Beverages,72,0,18600
2024-11-16,Plantain chips 150g (20),Snacks,125,0,9200
2024-11-17,Bar soap (48),Personal care,48,0,14400
2024-11-17,Bottled water 75cl (12),Beverages,142,0,3600
2024-11-17,Detergent 900g (12),Household,28,0,21500
2024-11-17,Malt drink 330ml (24),Beverages,75,0,13200
2024-11-17,Orange juice 1L (12),Beverages,31,0,18600
2024-11-17,Plantain chips 150g (20),Snacks,54,0,9200
2024-11-18,Bar soap (48),Personal care,62,0,14400
2024-11-18,Bottled water 75cl (12),Beverages,227,0,3600
2024-11-18,Detergent 900g (12),Household,54,0,21500
2024-11-18,Malt drink 330ml (24),Beverages,131,0,13200
2024-11-18,Orange juice 1L (12),Beverages,66,0,18600
2024-11-18,Plantain chips 150g (20),Snacks,74,0,9200
2024-11-19,Bar soap (48),Personal care,81,0,14400
2024-11-19,Bottled water 75cl (12),Beverages,204,0,3600
2024-11-19,Detergent 900g (12),Household,47,0,21500
2024-11-19,Malt drink 330ml (24),Beverages,125,0,13200
2024-11-19,Orange juice 1L (12),Beverages,60,0,18600
2024-11-19,Plantain chips 150g (20),Snacks,71,0,9200
2024-11-20,Bar soap (48),Personal care,80,0,14400
2024-11-20,Bottled water 75cl (12),Beverages,214,0,3600
2024-11-20,Detergent 900g (12),Household,56,0,21500
2024-11-20,Malt drink 330ml (24),Beverages,135,0,13200
2024-11-20,Orange juice 1L (12),Beverages,56,0,18600
2024-11-20,Plantain chips 150g (20),Snacks,77,0,9200
2024-11-21,Bar soap (48),Personal care,74,0,14400
2024-11-21,Bottled water 75cl (12),Beverages,249,0,3600
2024-11-21,Detergent 900g (12),Household,55,0,21500
2024-11-21,Malt drink 330ml (24),Beverages,143,0,13200
2024-11-21,Orange juice 1L (12),Beverages,75,0,18600
2024-11-21,Plantain chips 150g (20),Snacks,87,0,9200
2024-11-22,Bar soap (48),Personal care,73,0,14400
2024-11-22,Bottled water 75cl (12),Beverages,252,0,3600
2024-11-22,Detergent 900g (12),Household,50,0,21500
2024-11-22,Malt drink 330ml (24),Beverages,170,0,13200
2024-11-22,Orange juice 1L (12),Beverages,59,0,18600
2024-11-22,Plantain chips 150g (20),Snacks,91,0,9200
2024-11-23,Bar soap (48),Personal care,81,0,14400
2024-11-23,Bottled water 75cl (12),Beverages,302,0,3600
2024-11-23,Detergent 900g (12),Household,66,0,21500
2024-11-23,Malt drink 330ml (24),Beverages,194,0,13200
2024-11-23,Orange juice 1L (12),Beverages,78,0,18600
2024-11-23,Plantain chips 150g (20),Snacks,85,0,9200
2024-11-24,Bar soap (48),Personal care,35,0,14400
2024-11-24,Bottled water 75cl (12),Beverages,155,0,3600
2024-11-24,Detergent 900g (12),Household,29,0,21500
2024-11-24,Malt drink 330ml (24),Beverages,66,0,13200
2024-11-24,Orange juice 1L (12),Beverages,35,0,18600
2024-11-24,Plantain chips 150g (20),Snacks,41,0,9200
2024-11-25,Bar soap (48),Personal care,70,0,14400
2024-11-25,Bottled water 75cl (12),Beverages,245,0,3600
2024-11-25,Detergent 900g (12),Household,46,0,21500
2024-11-25,Malt drink 330ml (24),Beverages,138,0,13200
2024-11-25,Orange juice 1L (12),Beverages,67,0,18600
2024-11-25,Plantain chips 150g (20),Snacks,77,0,9200
2024-11-26,Bar soap (48),Personal care,64,0,14400
2024-11-26,Bottled water 75cl (12),Beverages,227,0,3600
2024-11-26,Detergent 900g (12),Household,45,0,21500
2024-11-26,Malt drink 330ml (24),Beverages,145,0,13200
2024-11-26,Orange juice 1L (12),Beverages,74,0,18600
2024-11-26,Plantain chips 150g (20),Snacks,93,0,9200
2024-11-27,Bar soap (48),Personal care,56,0,14400
2024-11-27,Bottled water 75cl (12),Beverages,225,0,3600
2024-11-27,Detergent 900g (12),Household,52,0,21500
2024-11-27,Malt drink 330ml (24),Beverages,131,0,13200
2024-11-27,Orange juice 1L (12),Beverages,59,0,18600
2024-11-27,Plantain chips 150g (20),Snacks,75,0,9200
2024-11-28,Bar soap (48),Personal care,74,0,14400
2024-11-28,Bottled water 75cl (12),Beverages,270,0,3600
2024-11-28,Detergent 900g (12),Household,50,0,21500
2024-11-28,Malt drink 330ml (24),Beverages,125,0,13200
2024-11-28,Orange juice 1L (12),Beverages,64,0,18600
2024-11-28,Plantain chips 150g (20),Snacks,102,0,9200
2024-11-29,Bar soap (48),Personal care,81,0,14400
2024-11-29,Bottled water 75cl (12),Beverages,380,0,3600
2024-11-29,Detergent 900g (12),Household,67,0,21500
2024-11-29,Malt drink 330ml (24),Beverages,171,0,13200
2024-11-29,Orange juice 1L (12),Beverages,75,0,18600
2024-11-29,Plantain chips 150g (20),Snacks,93,0,9200
2024-11-30,Bar soap (48),Personal care,101,0,14400
2024-11-30,Bottled water 75cl (12),Beverages,305,0,3600
2024-11-30,Detergent 900g (12),Household,68,0,21500
2024-11-30,Malt drink 330ml (24),Beverages,226,0,13200
2024-11-30,Orange juice 1L (12),Beverages,99,0,18600
2024-11-30,Plantain chips 150g (20),Snacks,112,0,9200
2024-12-01,Bar soap (48),Personal care,39,0,14400
2024-12-01,Bottled water 75cl (12),Beverages,172,0,3600
2024-12-01,Detergent 900g (12),Household,34,0,21500
2024-12-01,Malt drink 330ml (24),Beverages,75,0,13200
2024-12-01,Orange juice 1L (12),Beverages,42,0,18600
2024-12-01,Plantain chips 150g (20),Snacks,58,0,9200
2024-12-02,Bar soap (48),Personal care,92,0,14400
2024-12-02,Bottled water 75cl (12),Beverages,345,0,3600
2024-12-02,Detergent 900g (12),Household,56,0,21500
2024-12-02,Malt drink 330ml (24),Beverages,167,0,13200
2024-12-02,Orange juice 1L (12),Beverages,72,0,18600
2024-12-02,Plantain chips 150g (20),Snacks,92,0,9200
2024-12-03,Bar soap (48),Personal care,63,0,14400
2024-12-03,Bottled water 75cl (12),Beverages,226,0,3600
2024-12-03,Detergent 900g (12),Household,51,0,21500
2024-12-03,Malt drink 330ml (24),Beverages,160,0,13200
2024-12-03,Orange juice 1L (12),Beverages,73,0,18600
2024-12-03,Plantain chips 150g (20),Snacks,79,0,9200
2024-12-04,Bar soap (48),Personal care,66,0,14400
2024-12-04,Bottled water 75cl (12),Beverages,279,0,3600
2024-12-04,Detergent 900g (12),Household,60,0,21500
2024-12-04,Malt drink 330ml (24),Beverages,163,0,13200
2024-12-04,Orange juice 1L (12),Beverages,67,0,18600
2024-12-04,Plantain chips 150g (20),Snacks,84,0,9200
2024-12-05,Bar soap (48),Personal care,68,0,14400
2024-12-05,Bottled water 75cl (12),Beverages,256,0,3600
2024-12-05,Detergent 900g (12),Household,61,0,21500
2024-12-05,Malt drink 330ml (24),Beverages,164,0,13200
2024-12-05,Orange juice 1L (12),Beverages,78,0,18600
2024-12-05,Plantain chips 150g (20),Snacks,115,0,9200
2024-12-06,Bar soap (48),Personal care,65,0,14400
2024-12-06,Bottled water 75cl (12),Beverages,270,0,3600
2024-12-06,Detergent 900g (12),Household,60,0,21500
2024-12-06,Malt drink 330ml (24),Beverages,203,0,13200
2024-12-06,Orange juice 1L (12),Beverages,81,0,18600
2024-12-06,Plantain chips 150g (20),Snacks,95,0,9200
2024-12-07,Bar soap (48),Personal care,84,0,14400
2024-12-07,Bottled water 75cl (12),Beverages,282,0,3600
2024-12-07,Detergent 900g (12),Household,63,0,21500
2024-12-07,Malt drink 330ml (24),Beverages,213,0,13200
2024-12-07,Orange juice 1L (12),Beverages,90,0,18600
2024-12-07,Plantain chips 150g (20),Snacks,99,0,9200
2024-12-08,Bar soap (48),Personal care,40,0,14400
2024-12-08,Bottled water 75cl (12),Beverages,163,0,3600
2024-12-08,Detergent 900g (12),Household,30,0,21500
2024-12-08,Malt drink 330ml (24),Beverages,106,0,13200
2024-12-08,Orange juice 1L (12),Beverages,35,0,18600
2024-12-08,Plantain chips 150g (20),Snacks,49,0,9200
2024-12-09,Bar soap (48),Personal care,56,0,14400
2024-12-09,Bottled water 75cl (12),Beverages,267,0,3600
2024-12-09,Detergent 900g (12),Household,60,0,21500
2024-12-09,Malt drink 330ml (24),Beverages,180,0,13200
2024-12-09,Orange juice 1L (12),Beverages,79,0,18600
2024-12-09,Plantain chips 150g (20),Snacks,91,0,9200
2024-12-10,Bar soap (48),Personal care,71,0,14400
2024-12-10,Bottled water 75cl (12),Beverages,256,0,3600
2024-12-10,Detergent 900g (12),Household,50,0,21500
2024-12-10,Malt drink 330ml (24),Beverages,179,0,13200
2024-12-10,Orange juice 1L (12),Beverages,81,0,18600
2024-12-10,Plantain chips 150g (20),Snacks,92,0,9200
2024-12-11,Bar soap (48),Personal care,67,0,14400
2024-12-11,Bottled water 75cl (12),Beverages,332,0,3600
2024-12-11,Detergent 900g (12),Household,55,0,21500
2024-12-11,Malt drink 330ml (24),Beverages,166,0,13200
2024-12-11,Orange juice 1L (12),Beverages,91,0,18600
2024-12-11,Plantain chips 150g (20),Snacks,87,0,9200
2024-12-12,Bar soap (48),Personal care,87,0,14400
2024-12-12,Bottled water 75cl (12),Beverages,256,0,3600
2024-12-12,Detergent 900g (12),Household,64,0,21500
2024-12-12,Malt drink 330ml (24),Beverages,195,0,13200
2024-12-12,Orange juice 1L (12),Beverages,76,0,18600
2024-12-12,Plantain chips 150g (20),Snacks,112,0,9200
2024-12-13,Bar soap (48),Personal care,90,0,14400
2024-12-13,Bottled water 75cl (12),Beverages,322,0,3600
2024-12-13,Detergent 900g (12),Household,59,0,21500
2024-12-13,Malt drink 330ml (24),Beverages,185,0,13200
2024-12-13,Orange juice 1L (12),Beverages,128,0,18600
2024-12-13,Plantain chips 150g (20),Snacks,91,0,9200
2024-12-14,Bar soap (48),Personal care,103,0,14400
2024-12-14,Bottled water 75cl (12),Beverages,352,0,3600
2024-12-14,Detergent 900g (12),Household,62,0,21500
2024-12-14,Malt drink 330ml (24),Beverages,266,0,13200
2024-12-14,Orange juice 1L (12),Beverages,109,0,18600
2024-12-14,Plantain chips 150g (20),Snacks,158,0,9200
2024-12-15,Bar soap (48),Personal care,39,0,14400
2024-12-15,Bottled water 75cl (12),Beverages,143,0,3600
2024-12-15,Detergent 900g (12),Household,34,0,21500
2024-12-15,Malt drink 330ml (24),Beverages,117,0,13200
2024-12-15,Orange juice 1L (12),Beverages,41,0,18600
2024-12-15,Plantain chips 150g (20),Snacks,66,0,9200
2024-12-16,Bar soap (48),Personal care,83,0,14400
2024-12-16,Bottled water 75cl (12),Beverages,269,0,3600
2024-12-16,Detergent 900g (12),Household,59,0,21500
2024-12-16,Malt drink 330ml (24),Beverages,207,0,13200
2024-12-16,Orange juice 1L (12),Beverages,76,0,18600
2024-12-16,Plantain chips 150g (20),Snacks,93,0,9200
2024-12-17,Bar soap (48),Personal care,70,0,14400
2024-12-17,Bottled water 75cl (12),Beverages,276,0,3600
2024-12-17,Detergent 900g (12),Household,53,0,21500
2024-12-17,Malt drink 330ml (24),Beverages,178,0,13200
2024-12-17,Orange juice 1L (12),Beverages,88,0,18600
2024-12-17,Plantain chips 150g (20),Snacks,93,0,9200
2024-12-18,Bar soap (48),Personal care,64,0,14400
2024-12-18,Bottled water 75cl (12),Beverages,301,0,3600
2024-12-18,Detergent 900g (12),Household,57,0,21500
2024-12-18,Malt drink 330ml (24),Beverages,198,0,13200
2024-12-18,Orange juice 1L (12),Beverages,98,0,18600
2024-12-18,Plantain chips 150g (20),Snacks,86,0,9200
2024-12-19,Bar soap (48),Personal care,75,0,14400
2024-12-19,Bottled water 75cl (12),Beverages,307,0,3600
2024-12-19,Detergent 900g (12),Household,68,0,21500
2024-12-19,Malt drink 330ml (24),Beverages,212,0,13200
2024-12-19,Orange juice 1L (12),Beverages,113,0,18600
2024-12-19,Plantain chips 150g (20),Snacks,108,0,9200
2024-12-20,Bar soap (48),Personal care,71,0,14400
2024-12-20,Bottled water 75cl (12),Beverages,308,0,3600
2024-12-20,Detergent 900g (12),Household,60,0,21500
2024-12-20,Malt drink 330ml (24),Beverages,245,0,13200
2024-12-20,Orange juice 1L (12),Beverages,114,0,18600
2024-12-20,Plantain chips 150g (20),Snacks,115,0,9200
2024-12-21,Bar soap (48),Personal care,99,0,14400
2024-12-21,Bottled water 75cl (12),Beverages,359,0,3600
2024-12-21,Detergent 900g (12),Household,72,0,21500
2024-12-21,Malt drink 330ml (24),Beverages,225,0,13200
2024-12-21,Orange juice 1L (12),Beverages,126,0,18600
2024-12-21,Plantain chips 150g (20),Snacks,128,0,9200
2024-12-22,Bar soap (48),Personal care,45,0,14400
2024-12-22,Bottled water 75cl (12),Beverages,172,0,3600
2024-12-22,Detergent 900g (12),Household,32,0,21500
2024-12-22,Malt drink 330ml (24),Beverages,147,0,13200
2024-12-22,Orange juice 1L (12),Beverages,59,0,18600
2024-12-22,Plantain chips 150g (20),Snacks,59,0,9200
2024-12-23,Bar soap (48),Personal care,69,0,14400
2024-12-23,Bottled water 75cl (12),Beverages,308,0,3600
2024-12-23,Detergent 900g (12),Household,53,0,21500
2024-12-23,Malt drink 330ml (24),Beverages,218,0,13200
2024-12-23,Orange juice 1L (12),Beverages,95,0,18600
2024-12-23,Plantain chips 150g (20),Snacks,116,0,9200
2024-12-24,Bar soap (48),Personal care,79,0,14400
2024-12-24,Bottled water 75cl (12),Beverages,287,0,3600
2024-12-24,Detergent 900g (12),Household,60,0,21500
2024-12-24,Malt drink 330ml (24),Beverages,241,0,13200
2024-12-24,Orange juice 1L (12),Beverages,130,0,18600
2024-12-24,Plantain chips 150g (20),Snacks,127,0,9200
2024-12-25,Bar soap (48),Personal care,0,0,14400
2024-12-25,Bottled water 75cl (12),Beverages,0,0,3600
2024-12-25,Detergent 900g (12),Household,0,0,21500
2024-12-25,Malt drink 330ml (24),Beverages,0,0,13200
2024-12-25,Orange juice 1L (12),Beverages,0,0,18600
2024-12-25,Plantain chips 150g (20),Snacks,0,0,9200
2024-12-26,Bar soap (48),Personal care,86,0,14400
2024-12-26,Bottled water 75cl (12),Beverages,383,0,3600
2024-12-26,Detergent 900g (12),Household,55,0,21500
2024-12-26,Malt drink 330ml (24),Beverages,243,0,13200
2024-12-26,Orange juice 1L (12),Beverages,105,0,18600
2024-12-26,Plantain chips 150g (20),Snacks,91,0,9200
2024-12-27,Bar soap (48),Personal care,99,0,14400
2024-12-27,Bottled water 75cl (12),Beverages,396,0,3600
2024-12-27,Detergent 900g (12),Household,67,0,21500
2024-12-27,Malt drink 330ml (24),Beverages,221,0,13200
2024-12-27,Orange juice 1L (12),Beverages,97,0,18600
2024-12-27,Plantain chips 150g (20),Snacks,126,0,9200
2024-12-28,Bar soap (48),Personal care,88,0,14400
2024-12-28,Bottled water 75cl (12),Beverages,392,0,3600
2024-12-28,Detergent 900g (12),Household,70,0,21500
2024-12-28,Malt drink 330ml (24),Beverages,258,0,13200
2024-12-28,Orange juice 1L (12),Beverages,111,0,18600
2024-12-28,Plantain chips 150g (20),Snacks,145,0,9200
2024-12-29,Bar soap (48),Personal care,45,0,14400
2024-12-29,Bottled water 75cl (12),Beverages,172,0,3600
2024-12-29,Detergent 900g (12),Household,38,0,21500
2024-12-29,Malt drink 330ml (24),Beverages,144,0,13200
2024-12-29,Orange juice 1L (12),Beverages,56,0,18600
2024-12-29,Plantain chips 150g (20),Snacks,73,0,9200
2024-12-30,Bar soap (48),Personal care,96,0,14400
2024-12-30,Bottled water 75cl (12),Beverages,370,0,3600
2024-12-30,Detergent 900g (12),Household,61,0,21500
2024-12-30,Malt drink 330ml (24),Beverages,202,0,13200
2024-12-30,Orange juice 1L (12),Beverages,129,0,18600
2024-12-30,Plantain chips 150g (20),Snacks,127,0,9200
2024-12-31,Bar soap (48),Personal care,88,0,14400
2024-12-31,Bottled water 75cl (12),Beverages,312,0,3600
2024-12-31,Detergent 900g (12),Household,63,0,21500
2024-12-31,Malt drink 330ml (24),Beverages,222,0,13200
2024-12-31,Orange juice 1L (12),Beverages,105,0,18600
2024-12-31,Plantain chips 150g (20),Snacks,107,0,9200
2025-01-01,Bar soap (48),Personal care,0,0,14400
2025-01-01,Bottled water 75cl (12),Beverages,0,0,3600
2025-01-01,Detergent 900g (12),Household,0,0,21500
2025-01-01,Malt drink 330ml (24),Beverages,0,0,13200
2025-01-01,Orange juice 1L (12),Beverages,0,0,18600
2025-01-01,Plantain chips 150g (20),Snacks,0,0,9200
2025-01-02,Bar soap (48),Personal care,74,0,14400
2025-01-02,Bottled water 75cl (12),Beverages,233,0,3600
2025-01-02,Detergent 900g (12),Household,47,0,21500
2025-01-02,Malt drink 330ml (24),Beverages,175,0,13200
2025-01-02,Orange juice 1L (12),Beverages,67,0,18600
2025-01-02,Plantain chips 150g (20),Snacks,80,0,9200
2025-01-03,Bar soap (48),Personal care,77,0,14400
2025-01-03,Bottled water 75cl (12),Beverages,234,0,3600
2025-01-03,Detergent 900g (12),Household,49,0,21500
2025-01-03,Malt drink 330ml (24),Beverages,109,0,13200
2025-01-03,Orange juice 1L (12),Beverages,70,0,18600
2025-01-03,Plantain chips 150g (20),Snacks,68,0,9200
2025-01-04,Bar soap (48),Personal care,84,0,14400
2025-01-04,Bottled water 75cl (12),Beverages,287,0,3600
2025-01-04,Detergent 900g (12),Household,54,0,21500
2025-01-04,Malt drink 330ml (24),Beverages,141,0,13200
2025-01-04,Orange juice 1L (12),Beverages,73,0,18600
2025-01-04,Plantain chips 150g (20),Snacks,83,0,9200
2025-01-05,Bar soap (48),Personal care,33,0,14400
2025-01-05,Bottled water 75cl (12),Beverages,125,0,3600
2025-01-05,Detergent 900g (12),Household,23,0,21500
2025-01-05,Malt drink 330ml (24),Beverages,58,0,13200
2025-01-05,Orange juice 1L (12),Beverages,36,0,18600
2025-01-05,Plantain chips 150g (20),Snacks,31,0,9200
2025-01-06,Bar soap (48),Personal care,55,0,14400
2025-01-06,Bottled water 75cl (12),Beverages,235,0,3600
2025-01-06,Detergent 900g (12),Household,41,0,21500
2025-01-06,Malt drink 330ml (24),Beverages,115,0,13200
2025-01-06,Orange juice 1L (12),Beverages,55,0,18600
2025-01-06,Plantain chips 150g (20),Snacks,77,0,9200
2025-01-07,Bar soap (48),Personal care,54,0,14400
2025-01-07,Bottled water 75cl (12),Beverages,191,0,3600
2025-01-07,Detergent 900g (12),Household,41,0,21500
2025-01-07,Malt drink 330ml (24),Beverages,144,0,13200
2025-01-07,Orange juice 1L (12),Beverages,54,0,18600
2025-01-07,Plantain chips 150g (20),Snacks,59,0,9200
2025-01-08,Bar soap (48),Personal care,56,0,14400
2025-01-08,Bottled water 75cl (12),Beverages,199,0,3600
2025-01-08,Detergent 900g (12),Household,53,0,21500
2025-01-08,Malt drink 330ml (24),Beverages,124,0,13200
2025-01-08,Orange juice 1L (12),Beverages,57,0,18600
2025-01-08,Plantain chips 150g (20),Snacks,65,0,9200
2025-01-09,Bar soap (48),Personal care,54,0,14400
2025-01-09,Bottled water 75cl (12),Beverages,209,0,3600
2025-01-09,Detergent 900g (12),Household,46,0,21500
2025-01-09,Malt drink 330ml (24),Beverages,102,0,13200
2025-01-09,Orange juice 1L (12),Beverages,59,0,18600
2025-01-09,Plantain chips 150g (20),Snacks,87,0,9200
2025-01-10,Bar soap (48),Personal care,74,0,14400
2025-01-10,Bottled water 75cl (12),Beverages,186,0,3600
2025-01-10,Detergent 900g (12),Household,57,0,21500
2025-01-10,Malt drink 330ml (24),Beverages,127,0,13200
2025-01-10,Orange juice 1L (12),Beverages,56,0,18600
2025-01-10,Plantain chips 150g (20),Snacks,81,0,9200
2025-01-11,Bar soap (48),Personal care,81,0,14400
2025-01-11,Bottled water 75cl (12),Beverages,253,0,3600
2025-01-11,Detergent 900g (12),Household,49,0,21500
2025-01-11,Malt drink 330ml (24),Beverages,140,0,13200
2025-01-11,Orange juice 1L (12),Beverages,59,0,18600
2025-01-11,Plantain chips 150g (20),Snacks,94,0,9200
2025-01-12,Bar soap (48),Personal care,39,0,14400
2025-01-12,Bottled water 75cl (12),Beverages,121,0,3600
2025-01-12,Detergent 900g (12),Household,43,1,19350
2025-01-12,Malt drink 330ml (24),Beverages,58,0,13200
2025-01-12,Orange juice 1L (12),Beverages,28,0,18600
2025-01-12,Plantain chips 150g (20),Snacks,43,0,9200
2025-01-13,Bar soap (48),Personal care,66,0,14400
2025-01-13,Bottled water 75cl (12),Beverages,227,0,3600
2025-01-13,Detergent 900g (12),Household,51,1,19350
2025-01-13,Malt drink 330ml (24),Beverages,107,0,13200
2025-01-13,Orange juice 1L (12),Beverages,66,0,18600
2025-01-13,Plantain chips 150g (20),Snacks,72,0,9200
2025-01-14,Bar soap (48),Personal care,62,0,14400
2025-01-14,Bottled water 75cl (12),Beverages,177,0,3600
2025-01-14,Detergent 900g (12),Household,74,1,19350
2025-01-14,Malt drink 330ml (24),Beverages,127,0,13200
2025-01-14,Orange juice 1L (12),Beverages,52,0,18600
2025-01-14,Plantain chips 150g (20),Snacks,79,0,9200
2025-01-15,Bar soap (48),Personal care,71,0,14400
2025-01-15,Bottled water 75cl (12),Beverages,238,0,3600
2025-01-15,Detergent 900g (12),Household,59,1,19350
2025-01-15,Malt drink 330ml (24),Beverages,137,0,13200
2025-01-15,Orange juice 1L (12),Beverages,42,0,18600
2025-01-15,Plantain chips 150g (20),Snacks,81,0,9200
2025-01-16,Bar soap (48),Personal care,48,0,14400
2025-01-16,Bottled water 75cl (12),Beverages,242,0,3600
2025-01-16,Detergent 900g (12),Household,50,1,19350
2025-01-16,Malt drink 330ml (24),Beverages,136,0,13200
2025-01-16,Orange juice 1L (12),Beverages,69,0,18600
2025-01-16,Plantain chips 150g (20),Snacks,66,0,9200
2025-01-17,Bar soap (48),Personal care,85,0,14400
2025-01-17,Bottled water 75cl (12),Beverages,258,0,3600
2025-01-17,Detergent 900g (12),Household,83,1,19350
2025-01-17,Malt drink 330ml (24),Beverages,153,0,13200
2025-01-17,Orange juice 1L (12),Beverages,59,0,18600
2025-01-17,Plantain chips 150g (20),Snacks,71,0,9200
2025-01-18,Bar soap (48),Personal care,87,0,14400
2025-01-18,Bottled water 75cl (12),Beverages,255,0,3600
2025-01-18,Detergent 900g (12),Household,76,1,19350
2025-01-18,Malt drink 330ml (24),Beverages,144,0,13200
2025-01-18,Orange juice 1L (12),Beverages,80,0,18600
2025-01-18,Plantain chips 150g (20),Snacks,86,0,9200
2025-01-19,Bar soap (48),Personal care,34,0,14400
2025-01-19,Bottled water 75cl (12),Beverages,136,0,3600
2025-01-19,Detergent 900g (12),Household,38,1,19350
2025-01-19,Malt drink 330ml (24),Beverages,53,0,13200
2025-01-19,Orange juice 1L (12),Beverages,34,0,18600
2025-01-19,Plantain chips 150g (20),Snacks,31,0,9200
2025-01-20,Bar soap (48),Personal care,56,0,14400
2025-01-20,Bottled water 75cl (12),Beverages,195,0,3600
2025-01-20,Detergent 900g (12),Household,70,1,19350
2025-01-20,Malt drink 330ml (24),Beverages,115,0,13200
2025-01-20,Orange juice 1L (12),Beverages,53,0,18600
2025-01-20,Plantain chips 150g (20),Snacks,89,0,9200
2025-01-21,Bar soap (48),Personal care,64,0,14400
2025-01-21,Bottled water 75cl (12),Beverages,204,0,3600
2025-01-21,Detergent 900g (12),Household,60,1,19350
2025-01-21,Malt drink 330ml (24),Beverages,129,0,13200
2025-01-21,Orange juice 1L (12),Beverages,53,0,18600
2025-01-21,Plantain chips 150g (20),Snacks,72,0,9200
2025-01-22,Bar soap (48),Personal care,44,0,14400
2025-01-22,Bottled water 75cl (12),Beverages,213,0,3600
2025-01-22,Detergent 900g (12),Household,68,1,19350
2025-01-22,Malt drink 330ml (24),Beverages,126,0,13200
2025-01-22,Orange juice 1L (12),Beverages,62,0,18600
2025-01-22,Plantain chips 150g (20),Snacks,67,0,9200
2025-01-23,Bar soap (48),Personal care,75,1,12950
2025-01-23,Bottled water 75cl (12),Beverages,236,0,3600
2025-01-23,Detergent 900g (12),Household,60,1,19350
2025-01-23,Malt drink 330ml (24),Beverages,115,0,13200
2025-01-23,Orange juice 1L (12),Beverages,59,0,18600
2025-01-23,Plantain chips 150g (20),Snacks,76,0,9200
2025-01-24,Bar soap (48),Personal care,96,1,12950
2025-01-24,Bottled water 75cl (12),Beverages,227,0,3600
2025-01-24,Detergent 900g (12),Household,42,0,21500
2025-01-24,Malt drink 330ml (24),Beverages,167,0,13200
2025-01-24,Orange juice 1L (12),Beverages,66,0,18600
2025-01-24,Plantain chips 150g (20),Snacks,72,0,9200
2025-01-25,Bar soap (48),Personal care,101,1,12950
2025-01-25,Bottled water 75cl (12),Beverages,349,0,3600
2025-01-25,Detergent 900g (12),Household,55,0,21500
2025-01-25,Malt drink 330ml (24),Beverages,136,0,13200
2025-01-25,Orange juice 1L (12),Beverages,67,0,18600
2025-01-25,Plantain chips 150g (20),Snacks,83,0,9200
2025-01-26,Bar soap (48),Personal care,56,1,12950
2025-01-26,Bottled water 75cl (12),Beverages,97,0,3600
2025-01-26,Detergent 900g (12),Household,24,0,21500
2025-01-26,Malt drink 330ml (24),Beverages,74,0,13200
2025-01-26,Orange juice 1L (12),Beverages,29,0,18600
2025-01-26,Plantain chips 150g (20),Snacks,48,0,9200
2025-01-27,Bar soap (48),Personal care,88,1,12950
2025-01-27,Bottled water 75cl (12),Beverages,179,0,3600
2025-01-27,Detergent 900g (12),Household,34,0,21500
2025-01-27,Malt drink 330ml (24),Beverages,107,0,13200
2025-01-27,Orange juice 1L (12),Beverages,52,0,18600
2025-01-27,Plantain chips 150g (20),Snacks,75,0,9200
2025-01-28,Bar soap (48),Personal care,78,1,12950
2025-01-28,Bottled water 75cl (12),Beverages,202,0,3600
2025-01-28,Detergent 900g (12),Household,35,0,21500
2025-01-28,Malt drink 330ml (24),Beverages,110,0,13200
2025-01-28,Orange juice 1L (12),Beverages,51,0,18600
2025-01-28,Plantain chips 150g (20),Snacks,87,0,9200
2025-01-29,Bar soap (48),Personal care,120,1,12950
2025-01-29,Bottled water 75cl (12),Beverages,252,0,3600
2025-01-29,Detergent 900g (12),Household,44,0,21500
2025-01-29,Malt drink 330ml (24),Beverages,109,0,13200
2025-01-29,Orange juice 1L (12),Beverages,63,0,18600
2025-01-29,Plantain chips 150g (20),Snacks,70,0,9200
2025-01-30,Bar soap (48),Personal care,62,0,14400
2025-01-30,Bottled water 75cl (12),Beverages,240,0,3600
2025-01-30,Detergent 900g (12),Household,42,0,21500
2025-01-30,Malt drink 330ml (24),Beverages,141,0,13200
2025-01-30,Orange juice 1L (12),Beverages,64,0,18600
2025-01-30,Plantain chips 150g (20),Snacks,69,0,9200
2025-01-31,Bar soap (48),Personal care,56,0,14400
2025-01-31,Bottled water 75cl (12),Beverages,223,0,3600
2025-01-31,Detergent 900g (12),Household,63,0,21500
2025-01-31,Malt drink 330ml (24),Beverages,166,0,13200
2025-01-31,Orange juice 1L (12),Beverages,70,0,18600
2025-01-31,Plantain chips 150g (20),Snacks,99,0,9200
2025-02-01,Bar soap (48),Personal care,81,0,14400
2025-02-01,Bottled water 75cl (12),Beverages,372,0,3600
2025-02-01,Detergent 900g (12),Household,71,0,21500
2025-02-01,Malt drink 330ml (24),Beverages,179,0,13200
2025-02-01,Orange juice 1L (12),Beverages,84,0,18600
2025-02-01,Plantain chips 150g (20),Snacks,115,0,9200
2025-02-02,Bar soap (48),Personal care,41,0,14400
2025-02-02,Bottled water 75cl (12),Beverages,162,0,3600
2025-02-02,Detergent 900g (12),Household,32,0,21500
2025-02-02,Malt drink 330ml (24),Beverages,83,0,13200
2025-02-02,Orange juice 1L (12),Beverages,41,0,18600
2025-02-02,Plantain chips 150g (20),Snacks,44,0,9200
2025-02-03,Bar soap (48),Personal care,65,0,14400
2025-02-03,Bottled water 75cl (12),Beverages,239,0,3600
2025-02-03,Detergent 900g (12),Household,53,0,21500
2025-02-03,Malt drink 330ml (24),Beverages,137,0,13200
2025-02-03,Orange juice 1L (12),Beverages,59,0,18600
2025-02-03,Plantain chips 150g (20),Snacks,102,0,9200
2025-02-04,Bar soap (48),Personal care,58,0,14400
2025-02-04,Bottled water 75cl (12),Beverages,247,0,3600
2025-02-04,Detergent 900g (12),Household,38,0,21500
2025-02-04,Malt drink 330ml (24),Beverages,137,0,13200
2025-02-04,Orange juice 1L (12),Beverages,59,0,18600
2025-02-04,Plantain chips 150g (20),Snacks,71,0,9200
2025-02-05,Bar soap (48),Personal care,76,0,14400
2025-02-05,Bottled water 75cl (12),Beverages,223,0,3600
2025-02-05,Detergent 900g (12),Household,56,0,21500
2025-02-05,Malt drink 330ml (24),Beverages,115,0,13200
2025-02-05,Orange juice 1L (12),Beverages,72,0,18600
2025-02-05,Plantain chips 150g (20),Snacks,76,0,9200
2025-02-06,Bar soap (48),Personal care,59,0,14400
2025-02-06,Bottled water 75cl (12),Beverages,214,0,3600
2025-02-06,Detergent 900g (12),Household,50,0,21500
2025-02-06,Malt drink 330ml (24),Beverages,140,0,13200
2025-02-06,Orange juice 1L (12),Beverages,75,0,18600
2025-02-06,Plantain chips 150g (20),Snacks,95,0,9200
2025-02-07,Bar soap (48),Personal care,61,0,14400
2025-02-07,Bottled water 75cl (12),Beverages,255,0,3600
2025-02-07,Detergent 900g (12),Household,53,0,21500
2025-02-07,Malt drink 330ml (24),Beverages,129,0,13200
2025-02-07,Orange juice 1L (12),Beverages,99,1,16750
2025-02-07,Plantain chips 150g (20),Snacks,97,0,9200
2025-02-08,Bar soap (48),Personal care,90,0,14400
2025-02-08,Bottled water 75cl (12),Beverages,292,0,3600
2025-02-08,Detergent 900g (12),Household,74,0,21500
2025-02-08,Malt drink 330ml (24),Beverages,181,0,13200
2025-02-08,Orange juice 1L (12),Beverages,92,1,16750
2025-02-08,Plantain chips 150g (20),Snacks,107,0,9200
2025-02-09,Bar soap (48),Personal care,40,0,14400
2025-02-09,Bottled water 75cl (12),Beverages,147,0,3600
2025-02-09,Detergent 900g (12),Household,28,0,21500
2025-02-09,Malt drink 330ml (24),Beverages,62,0,13200
2025-02-09,Orange juice 1L (12),Beverages,51,1,16750
2025-02-09,Plantain chips 150g (20),Snacks,36,0,9200
2025-02-10,Bar soap (48),Personal care,62,0,14400
2025-02-10,Bottled water 75cl (12),Beverages,220,0,3600
2025-02-10,Detergent 900g (12),Household,56,0,21500
2025-02-10,Malt drink 330ml (24),Beverages,128,0,13200
2025-02-10,Orange juice 1L (12),Beverages,85,1,16750
2025-02-10,Plantain chips 150g (20),Snacks,113,1,8300
2025-02-11,Bar soap (48),Personal care,74,0,14400
2025-02-11,Bottled water 75cl (12),Beverages,252,0,3600
2025-02-11,Detergent 900g (12),Household,52,0,21500
2025-02-11,Malt drink 330ml (24),Beverages,149,0,13200
2025-02-11,Orange juice 1L (12),Beverages,89,1,16750
2025-02-11,Plantain chips 150g (20),Snacks,124,1,8300
2025-02-12,Bar soap (48),Personal care,73,0,14400
2025-02-12,Bottled water 75cl (12),Beverages,231,0,3600
2025-02-12,Detergent 900g (12),Household,55,0,21500
2025-02-12,Malt drink 330ml (24),Beverages,134,0,13200
2025-02-12,Orange juice 1L (12),Beverages,86,1,16750
2025-02-12,Plantain chips 150g (20),Snacks,131,1,8300
2025-02-13,Bar soap (48),Personal care,81,0,14400
2025-02-13,Bottled water 75cl (12),Beverages,260,0,3600
2025-02-13,Detergent 900g (12),Household,47,0,21500
2025-02-13,Malt drink 330ml (24),Beverages,125,0,13200
2025-02-13,Orange juice 1L (12),Beverages,92,1,16750
2025-02-13,Plantain chips 150g (20),Snacks,99,1,8300
2025-02-14,Bar soap (48),Personal care,80,0,14400
2025-02-14,Bottled water 75cl (12),Beverages,304,0,3600
2025-02-14,Detergent 900g (12),Household,60,0,21500
2025-02-14,Malt drink 330ml (24),Beverages,148,0,13200
2025-02-14,Orange juice 1L (12),Beverages,99,1,16750
2025-02-14,Plantain chips 150g (20),Snacks,96,1,8300
2025-02-15,Bar soap (48),Personal care,85,0,14400
2025-02-15,Bottled water 75cl (12),Beverages,305,0,3600
2025-02-15,Detergent 900g (12),Household,58,0,21500
2025-02-15,Malt drink 330ml (24),Beverages,165,0,13200
2025-02-15,Orange juice 1L (12),Beverages,95,1,16750
2025-02-15,Plantain chips 150g (20),Snacks,142,1,8300
2025-02-16,Bar soap (48),Personal care,52,0,14400
2025-02-16,Bottled water 75cl (12),Beverages,132,0,3600
2025-02-16,Detergent 900g (12),Household,27,0,21500
2025-02-16,Malt drink 330ml (24),Beverages,88,0,13200
2025-02-16,Orange juice 1L (12),Beverages,30,0,18600
2025-02-16,Plantain chips 150g (20),Snacks,64,1,8300
2025-02-17,Bar soap (48),Personal care,75,0,14400
2025-02-17,Bottled water 75cl (12),Beverages,291,0,3600
2025-02-17,Detergent 900g (12),Household,61,0,21500
2025-02-17,Malt drink 330ml (24),Beverages,120,0,13200
2025-02-17,Orange juice 1L (12),Beverages,60,0,18600
2025-02-17,Plantain chips 150g (20),Snacks,83,0,9200
2025-02-18,Bar soap (48),Personal care,66,0,14400
2025-02-18,Bottled water 75cl (12),Beverages,207,0,3600
2025-02-18,Detergent 900g (12),Household,44,0,21500
2025-02-18,Malt drink 330ml (24),Beverages,126,0,13200
2025-02-18,Orange juice 1L (12),Beverages,60,0,18600
2025-02-18,Plantain chips 150g (20),Snacks,54,0,9200
2025-02-19,Bar soap (48),Personal care,70,0,14400
2025-02-19,Bottled water 75cl (12),Beverages,241,0,3600
2025-02-19,Detergent 900g (12),Household,51,0,21500
2025-02-19,Malt drink 330ml (24),Beverages,138,0,13200
2025-02-19,Orange juice 1L (12),Beverages,51,0,18600
2025-02-19,Plantain chips 150g (20),Snacks,62,0,9200
2025-02-20,Bar soap (48),Personal care,77,0,14400
2025-02-20,Bottled water 75cl (12),Beverages,259,0,3600
2025-02-20,Detergent 900g (12),Household,53,0,21500
2025-02-20,Malt drink 330ml (24),Beverages,131,0,13200
2025-02-20,Orange juice 1L (12),Beverages,63,0,18600
2025-02-20,Plantain chips 150g (20),Snacks,80,0,9200
2025-02-21,Bar soap (48),Personal care,72,0,14400
2025-02-21,Bottled water 75cl (12),Beverages,253,0,3600
2025-02-21,Detergent 900g (12),Household,62,0,21500
2025-02-21,Malt drink 330ml (24),Beverages,158,0,13200
2025-02-21,Orange juice 1L (12),Beverages,71,0,18600
2025-02-21,Plantain chips 150g (20),Snacks,141,1,8300
2025-02-22,Bar soap (48),Personal care,82,0,14400
2025-02-22,Bottled water 75cl (12),Beverages,315,0,3600
2025-02-22,Detergent 900g (12),Household,62,0,21500
2025-02-22,Malt drink 330ml (24),Beverages,154,0,13200
2025-02-22,Orange juice 1L (12),Beverages,69,0,18600
2025-02-22,Plantain chips 150g (20),Snacks,173,1,8300
2025-02-23,Bar soap (48),Personal care,36,0,14400
2025-02-23,Bottled water 75cl (12),Beverages,114,0,3600
2025-02-23,Detergent 900g (12),Household,29,0,21500
2025-02-23,Malt drink 330ml (24),Beverages,72,0,13200
2025-02-23,Orange juice 1L (12),Beverages,27,0,18600
2025-02-23,Plantain chips 150g (20),Snacks,67,1,8300
2025-02-24,Bar soap (48),Personal care,81,0,14400
2025-02-24,Bottled water 75cl (12),Beverages,232,0,3600
2025-02-24,Detergent 900g (12),Household,45,0,21500
2025-02-24,Malt drink 330ml (24),Beverages,141,0,13200
2025-02-24,Orange juice 1L (12),Beverages,71,0,18600
2025-02-24,Plantain chips 150g (20),Snacks,127,1,8300
2025-02-25,Bar soap (48),Personal care,61,0,14400
2025-02-25,Bottled water 75cl (12),Beverages,250,0,3600
2025-02-25,Detergent 900g (12),Household,49,0,21500
2025-02-25,Malt drink 330ml (24),Beverages,129,0,13200
2025-02-25,Orange juice 1L (12),Beverages,72,0,18600
2025-02-25,Plantain chips 150g (20),Snacks,124,1,8300
2025-02-26,Bar soap (48),Personal care,122,1,12950
2025-02-26,Bottled water 75cl (12),Beverages,289,0,3600
2025-02-26,Detergent 900g (12),Household,76,1,19350
2025-02-26,Malt drink 330ml (24),Beverages,128,0,13200
2025-02-26,Orange juice 1L (12),Beverages,81,0,18600
2025-02-26,Plantain chips 150g (20),Snacks,123,1,8300
2025-02-27,Bar soap (48),Personal care,104,1,12950
2025-02-27,Bottled water 75cl (12),Beverages,286,0,3600
2025-02-27,Detergent 900g (12),Household,88,1,19350
2025-02-27,Malt drink 330ml (24),Beverages,155,0,13200
2025-02-27,Orange juice 1L (12),Beverages,75,0,18600
2025-02-27,Plantain chips 150g (20),Snacks,126,1,8300
2025-02-28,Bar soap (48),Personal care,131,1,12950
2025-02-28,Bottled water 75cl (12),Beverages,250,0,3600
2025-02-28,Detergent 900g (12),Household,92,1,19350
2025-02-28,Malt drink 330ml (24),Beverages,160,0,13200
2025-02-28,Orange juice 1L (12),Beverages,79,0,18600
2025-02-28,Plantain chips 150g (20),Snacks,78,0,9200
2025-03-01,Bar soap (48),Personal care,152,1,12950
2025-03-01,Bottled water 75cl (12),Beverages,324,0,3600
2025-03-01,Detergent 900g (12),Household,112,1,19350
2025-03-01,Malt drink 330ml (24),Beverages,225,0,13200
2025-03-01,Orange juice 1L (12),Beverages,87,0,18600
2025-03-01,Plantain chips 150g (20),Snacks,101,0,9200
2025-03-02,Bar soap (48),Personal care,60,1,12950
2025-03-02,Bottled water 75cl (12),Beverages,169,0,3600
2025-03-02,Detergent 900g (12),Household,52,1,19350
2025-03-02,Malt drink 330ml (24),Beverages,83,0,13200
2025-03-02,Orange juice 1L (12),Beverages,45,0,18600
2025-03-02,Plantain chips 150g (20),Snacks,43,0,9200
2025-03-03,Bar soap (48),Personal care,106,1,12950
2025-03-03,Bottled water 75cl (12),Beverages,226,0,3600
2025-03-03,Detergent 900g (12),Household,79,1,19350
2025-03-03,Malt drink 330ml (24),Beverages,137,0,13200
2025-03-03,Orange juice 1L (12),Beverages,66,0,18600
2025-03-03,Plantain chips 150g (20),Snacks,62,0,9200
2025-03-04,Bar soap (48),Personal care,99,1,12950
2025-03-04,Bottled water 75cl (12),Beverages,255,0,3600
2025-03-04,Detergent 900g (12),Household,50,1,19350
2025-03-04,Malt drink 330ml (24),Beverages,115,0,13200
2025-03-04,Orange juice 1L (12),Beverages,65,0,18600
2025-03-04,Plantain chips 150g (20),Snacks,66,0,9200
2025-03-05,Bar soap (48),Personal care,63,0,14400
2025-03-05,Bottled water 75cl (12),Beverages,247,0,3600
2025-03-05,Detergent 900g (12),Household,43,0,21500
2025-03-05,Malt drink 330ml (24),Beverages,132,0,13200
2025-03-05,Orange juice 1L (12),Beverages,58,0,18600
2025-03-05,Plantain chips 150g (20),Snacks,66,0,9200
2025-03-06,Bar soap (48),Personal care,67,0,14400
2025-03-06,Bottled water 75cl (12),Beverages,246,0,3600
2025-03-06,Detergent 900g (12),Household,45,0,21500
2025-03-06,Malt drink 330ml (24),Beverages,173,0,13200
2025-03-06,Orange juice 1L (12),Beverages,62,0,18600
2025-03-06,Plantain chips 150g (20),Snacks,68,0,9200
2025-03-07,Bar soap (48),Personal care,76,0,14400
2025-03-07,Bottled water 75cl (12),Beverages,253,0,3600
2025-03-07,Detergent 900g (12),Household,49,0,21500
2025-03-07,Malt drink 330ml (24),Beverages,149,0,13200
2025-03-07,Orange juice 1L (12),Beverages,67,0,18600
2025-03-07,Plantain chips 150g (20),Snacks,132,0,9200
2025-03-08,Bar soap (48),Personal care,75,0,14400
2025-03-08,Bottled water 75cl (12),Beverages,332,0,3600
2025-03-08,Detergent 900g (12),Household,53,0,21500
2025-03-08,Malt drink 330ml (24),Beverages,166,0,13200
2025-03-08,Orange juice 1L (12),Beverages,69,0,18600
2025-03-08,Plantain chips 150g (20),Snacks,97,0,9200
2025-03-09,Bar soap (48),Personal care,39,0,14400
2025-03-09,Bottled water 75cl (12),Beverages,117,0,3600
2025-03-09,Detergent 900g (12),Household,26,0,21500
2025-03-09,Malt drink 330ml (24),Beverages,87,0,13200
2025-03-09,Orange juice 1L (12),Beverages,34,0,18600
2025-03-09,Plantain chips 150g (20),Snacks,39,0,9200
2025-03-10,Bar soap (48),Personal care,56,0,14400
2025-03-10,Bottled water 75cl (12),Beverages,235,0,3600
2025-03-10,Detergent 900g (12),Household,57,0,21500
2025-03-10,Malt drink 330ml (24),Beverages,158,0,13200
2025-03-10,Orange juice 1L (12),Beverages,56,0,18600
2025-03-10,Plantain chips 150g (20),Snacks,80,0,9200
2025-03-11,Bar soap (48),Personal care,54,0,14400
2025-03-11,Bottled water 75cl (12),Beverages,226,0,3600
2025-03-11,Detergent 900g (12),Household,50,0,21500
2025-03-11,Malt drink 330ml (24),Beverages,137,0,13200
2025-03-11,Orange juice 1L (12),Beverages,65,0,18600
2025-03-11,Plantain chips 150g (20),Snacks,66,0,9200
2025-03-12,Bar soap (48),Personal care,71,0,14400
2025-03-12,Bottled water 75cl (12),Beverages,192,0,3600
2025-03-12,Detergent 900g (12),Household,49,0,21500
2025-03-12,Malt drink 330ml (24),Beverages,118,0,13200
2025-03-12,Orange juice 1L (12),Beverages,64,0,18600
2025-03-12,Plantain chips 150g (20),Snacks,82,0,9200
2025-03-13,Bar soap (48),Personal care,87,0,14400
2025-03-13,Bottled water 75cl (12),Beverages,223,0,3600
2025-03-13,Detergent 900g (12),Household,55,0,21500
2025-03-13,Malt drink 330ml (24),Beverages,148,0,13200
2025-03-13,Orange juice 1L (12),Beverages,58,0,18600
2025-03-13,Plantain chips 150g (20),Snacks,77,0,9200
2025-03-14,Bar soap (48),Personal care,82,0,14400
2025-03-14,Bottled water 75cl (12),Beverages,227,0,3600
2025-03-14,Detergent 900g (12),Household,60,0,21500
2025-03-14,Malt drink 330ml (24),Beverages,160,0,13200
2025-03-14,Orange juice 1L (12),Beverages,74,0,18600
2025-03-14,Plantain chips 150g (20),Snacks,110,0,9200
2025-03-15,Bar soap (48),Personal care,82,0,14400
2025-03-15,Bottled water 75cl (12),Beverages,298,0,3600
2025-03-15,Detergent 900g (12),Household,78,0,21500
2025-03-15,Malt drink 330ml (24),Beverages,172,0,13200
2025-03-15,Orange juice 1L (12),Beverages,79,0,18600
2025-03-15,Plantain chips 150g (20),Snacks,102,0,9200
2025-03-16,Bar soap (48),Personal care,38,0,14400
2025-03-16,Bottled water 75cl (12),Beverages,112,0,3600
2025-03-16,Detergent 900g (12),Household,31,0,21500
2025-03-16,Malt drink 330ml (24),Beverages,86,0,13200
2025-03-16,Orange juice 1L (12),Beverages,36,0,18600
2025-03-16,Plantain chips 150g (20),Snacks,42,0,9200
2025-03-17,Bar soap (48),Personal care,78,0,14400
2025-03-17,Bottled water 75cl (12),Beverages,231,0,3600
2025-03-17,Detergent 900g (12),Household,52,0,21500
2025-03-17,Malt drink 330ml (24),Beverages,135,0,13200
2025-03-17,Orange juice 1L (12),Beverages,69,0,18600
2025-03-17,Plantain chips 150g (20),Snacks,96,0,9200
2025-03-18,Bar soap (48),Personal care,68,0,14400
2025-03-18,Bottled water 75cl (12),Beverages,257,0,3600
2025-03-18,Detergent 900g (12),Household,55,0,21500
2025-03-18,Malt drink 330ml (24),Beverages,134,0,13200
2025-03-18,Orange juice 1L (12),Beverages,54,0,18600
2025-03-18,Plantain chips 150g (20),Snacks,62,0,9200
2025-03-19,Bar soap (48),Personal care,54,0,14400
2025-03-19,Bottled water 75cl (12),Beverages,259,0,3600
2025-03-19,Detergent 900g (12),Household,58,0,21500
2025-03-19,Malt drink 330ml (24),Beverages,122,0,13200
2025-03-19,Orange juice 1L (12),Beverages,59,0,18600
2025-03-19,Plantain chips 150g (20),Snacks,86,0,9200
2025-03-20,Bar soap (48),Personal care,77,0,14400
2025-03-20,Bottled water 75cl (12),Beverages,252,0,3600
2025-03-20,Detergent 900g (12),Household,50,0,21500
2025-03-20,Malt drink 330ml (24),Beverages,128,0,13200
2025-03-20,Orange juice 1L (12),Beverages,66,0,18600
2025-03-20,Plantain chips 150g (20),Snacks,106,1,8300
2025-03-21,Bar soap (48),Personal care,76,0,14400
2025-03-21,Bottled water 75cl (12),Beverages,234,0,3600
2025-03-21,Detergent 900g (12),Household,52,0,21500
2025-03-21,Malt drink 330ml (24),Beverages,136,0,13200
2025-03-21,Orange juice 1L (12),Beverages,65,0,18600
2025-03-21,Plantain chips 150g (20),Snacks,127,1,8300
2025-03-22,Bar soap (48),Personal care,86,0,14400
2025-03-22,Bottled water 75cl (12),Beverages,292,0,3600
2025-03-22,Detergent 900g (12),Household,63,0,21500
2025-03-22,Malt drink 330ml (24),Beverages,178,0,13200
2025-03-22,Orange juice 1L (12),Beverages,97,0,18600
2025-03-22,Plantain chips 150g (20),Snacks,129,1,8300
2025-03-23,Bar soap (48),Personal care,33,0,14400
2025-03-23,Bottled water 75cl (12),Beverages,120,0,3600
2025-03-23,Detergent 900g (12),Household,31,0,21500
2025-03-23,Malt drink 330ml (24),Beverages,75,0,13200
2025-03-23,Orange juice 1L (12),Beverages,36,0,18600
2025-03-23,Plantain chips 150g (20),Snacks,60,1,8300
2025-03-24,Bar soap (48),Personal care,69,0,14400
2025-03-24,Bottled water 75cl (12),Beverages,232,0,3600
2025-03-24,Detergent 900g (12),Household,48,0,21500
2025-03-24,Malt drink 330ml (24),Beverages,159,0,13200
2025-03-24,Orange juice 1L (12),Beverages,60,0,18600
2025-03-24,Plantain chips 150g (20),Snacks,128,1,8300
2025-03-25,Bar soap (48),Personal care,68,0,14400
2025-03-25,Bottled water 75cl (12),Beverages,348,0,3600
2025-03-25,Detergent 900g (12),Household,49,0,21500
2025-03-25,Malt drink 330ml (24),Beverages,201,0,13200
2025-03-25,Orange juice 1L (12),Beverages,68,0,18600
2025-03-25,Plantain chips 150g (20),Snacks,114,1,8300
2025-03-26,Bar soap (48),Personal care,80,0,14400
2025-03-26,Bottled water 75cl (12),Beverages,305,0,3600
2025-03-26,Detergent 900g (12),Household,58,0,21500
2025-03-26,Malt drink 330ml (24),Beverages,199,0,13200
2025-03-26,Orange juice 1L (12),Beverages,72,0,18600
2025-03-26,Plantain chips 150g (20),Snacks,163,1,8300
2025-03-27,Bar soap (48),Personal care,86,0,14400
2025-03-27,Bottled water 75cl (12),Beverages,335,0,3600
2025-03-27,Detergent 900g (12),Household,55,0,21500
2025-03-27,Malt drink 330ml (24),Beverages,168,0,13200
2025-03-27,Orange juice 1L (12),Beverages,76,0,18600
2025-03-27,Plantain chips 150g (20),Snacks,79,0,9200
2025-03-28,Bar soap (48),Personal care,105,0,14400
2025-03-28,Bottled water 75cl (12),Beverages,290,0,3600
2025-03-28,Detergent 900g (12),Household,68,0,21500
2025-03-28,Malt drink 330ml (24),Beverages,235,0,13200
2025-03-28,Orange juice 1L (12),Beverages,95,0,18600
2025-03-28,Plantain chips 150g (20),Snacks,86,0,9200
2025-03-29,Bar soap (48),Personal care,98,0,14400
2025-03-29,Bottled water 75cl (12),Beverages,491,0,3600
2025-03-29,Detergent 900g (12),Household,87,0,21500
2025-03-29,Malt drink 330ml (24),Beverages,230,0,13200
2025-03-29,Orange juice 1L (12),Beverages,109,0,18600
2025-03-29,Plantain chips 150g (20),Snacks,105,0,9200
2025-03-30,Bar soap (48),Personal care,0,0,14400
2025-03-30,Bottled water 75cl (12),Beverages,0,0,3600
2025-03-30,Detergent 900g (12),Household,0,0,21500
2025-03-30,Malt drink 330ml (24),Beverages,0,0,13200
2025-03-30,Orange juice 1L (12),Beverages,0,0,18600
2025-03-30,Plantain chips 150g (20),Snacks,0,0,9200
2025-03-31,Bar soap (48),Personal care,80,0,14400
2025-03-31,Bottled water 75cl (12),Beverages,272,0,3600
2025-03-31,Detergent 900g (12),Household,55,0,21500
2025-03-31,Malt drink 330ml (24),Beverages,184,0,13200
2025-03-31,Orange juice 1L (12),Beverages,65,0,18600
2025-03-31,Plantain chips 150g (20),Snacks,78,0,9200
2025-04-01,Bar soap (48),Personal care,64,0,14400
2025-04-01,Bottled water 75cl (12),Beverages,243,0,3600
2025-04-01,Detergent 900g (12),Household,71,0,21500
2025-04-01,Malt drink 330ml (24),Beverages,118,0,13200
2025-04-01,Orange juice 1L (12),Beverages,78,0,18600
2025-04-01,Plantain chips 150g (20),Snacks,80,0,9200
2025-04-02,Bar soap (48),Personal care,74,0,14400
2025-04-02,Bottled water 75cl (12),Beverages,245,0,3600
2025-04-02,Detergent 900g (12),Household,71,0,21500
2025-04-02,Malt drink 330ml (24),Beverages,158,0,13200
2025-04-02,Orange juice 1L (12),Beverages,80,0,18600
2025-04-02,Plantain chips 150g (20),Snacks,73,0,9200
2025-04-03,Bar soap (48),Personal care,60,0,14400
2025-04-03,Bottled water 75cl (12),Beverages,206,0,3600
2025-04-03,Detergent 900g (12),Household,52,0,21500
2025-04-03,Malt drink 330ml (24),Beverages,167,0,13200
2025-04-03,Orange juice 1L (12),Beverages,59,0,18600
2025-04-03,Plantain chips 150g (20),Snacks,87,0,9200
2025-04-04,Bar soap (48),Personal care,74,0,14400
2025-04-04,Bottled water 75cl (12),Beverages,239,0,3600
2025-04-04,Detergent 900g (12),Household,61,0,21500
2025-04-04,Malt drink 330ml (24),Beverages,142,0,13200
2025-04-04,Orange juice 1L (12),Beverages,66,0,18600
2025-04-04,Plantain chips 150g (20),Snacks,95,0,9200
2025-04-05,Bar soap (48),Personal care,91,0,14400
2025-04-05,Bottled water 75cl (12),Beverages,311,0,3600
2025-04-05,Detergent 900g (12),Household,55,0,21500
2025-04-05,Malt drink 330ml (24),Beverages,179,0,13200
2025-04-05,Orange juice 1L (12),Beverages,80,0,18600
2025-04-05,Plantain chips 150g (20),Snacks,111,0,9200
2025-04-06,Bar soap (48),Personal care,43,0,14400
2025-04-06,Bottled water 75cl (12),Beverages,122,0,3600
2025-04-06,Detergent 900g (12),Household,35,0,21500
2025-04-06,Malt drink 330ml (24),Beverages,86,0,13200
2025-04-06,Orange juice 1L (12),Beverages,33,0,18600
2025-04-06,Plantain chips 150g (20),Snacks,52,0,9200
2025-04-07,Bar soap (48),Personal care,68,0,14400
2025-04-07,Bottled water 75cl (12),Beverages,274,0,3600
2025-04-07,Detergent 900g (12),Household,46,0,21500
2025-04-07,Malt drink 330ml (24),Beverages,137,0,13200
2025-04-07,Orange juice 1L (12),Beverages,50,0,18600
2025-04-07,Plantain chips 150g (20),Snacks,72,0,9200
2025-04-08,Bar soap (48),Personal care,80,0,14400
2025-04-08,Bottled water 75cl (12),Beverages,300,0,3600
2025-04-08,Detergent 900g (12),Household,60,0,21500
2025-04-08,Malt drink 330ml (24),Beverages,131,0,13200
2025-04-08,Orange juice 1L (12),Beverages,64,0,18600
2025-04-08,Plantain chips 150g (20),Snacks,81,0,9200
2025-04-09,Bar soap (48),Personal care,60,0,14400
2025-04-09,Bottled water 75cl (12),Beverages,186,0,3600
2025-04-09,Detergent 900g (12),Household,49,0,21500
2025-04-09,Malt drink 330ml (24),Beverages,128,0,13200
2025-04-09,Orange juice 1L (12),Beverages,71,0,18600
2025-04-09,Plantain chips 150g (20),Snacks,82,0,9200
2025-04-10,Bar soap (48),Personal care,67,0,14400
2025-04-10,Bottled water 75cl (12),Beverages,273,0,3600
2025-04-10,Detergent 900g (12),Household,61,0,21500
2025-04-10,Malt drink 330ml (24),Beverages,167,0,13200
2025-04-10,Orange juice 1L (12),Beverages,59,0,18600
2025-04-10,Plantain chips 150g (20),Snacks,83,0,9200
2025-04-11,Bar soap (48),Personal care,93,0,14400
2025-04-11,Bottled water 75cl (12),Beverages,268,0,3600
2025-04-11,Detergent 900g (12),Household,56,0,21500
2025-04-11,Malt drink 330ml (24),Beverages,192,0,13200
2025-04-11,Orange juice 1L (12),Beverages,71,0,18600
2025-04-11,Plantain chips 150g (20),Snacks,84,0,9200
2025-04-12,Bar soap (48),Personal care,90,0,14400
2025-04-12,Bottled water 75cl (12),Beverages,304,0,3600
2025-04-12,Detergent 900g (12),Household,52,0,21500
2025-04-12,Malt drink 330ml (24),Beverages,160,0,13200
2025-04-12,Orange juice 1L (12),Beverages,69,0,18600
2025-04-12,Plantain chips 150g (20),Snacks,117,0,9200
2025-04-13,Bar soap (48),Personal care,37,0,14400
2025-04-13,Bottled water 75cl (12),Beverages,140,0,3600
2025-04-13,Detergent 900g (12),Household,35,0,21500
2025-04-13,Malt drink 330ml (24),Beverages,63,0,13200
2025-04-13,Orange juice 1L (12),Beverages,36,0,18600
2025-04-13,Plantain chips 150g (20),Snacks,49,0,9200
2025-04-14,Bar soap (48),Personal care,62,0,14400
2025-04-14,Bottled water 75cl (12),Beverages,302,0,3600
2025-04-14,Detergent 900g (12),Household,52,0,21500
2025-04-14,Malt drink 330ml (24),Beverages,140,0,13200
2025-04-14,Orange juice 1L (12),Beverages,56,0,18600
2025-04-14,Plantain chips 150g (20),Snacks,81,0,9200
2025-04-15,Bar soap (48),Personal care,74,0,14400
2025-04-15,Bottled water 75cl (12),Beverages,234,0,3600
2025-04-15,Detergent 900g (12),Household,44,0,21500
2025-04-15,Malt drink 330ml (24),Beverages,135,0,13200
2025-04-15,Orange juice 1L (12),Beverages,74,0,18600
2025-04-15,Plantain chips 150g (20),Snacks,91,0,9200
2025-04-16,Bar soap (48),Personal care,76,0,14400
2025-04-16,Bottled water 75cl (12),Beverages,218,0,3600
2025-04-16,Detergent 900g (12),Household,50,0,21500
2025-04-16,Malt drink 330ml (24),Beverages,146,0,13200
2025-04-16,Orange juice 1L (12),Beverages,49,0,18600
2025-04-16,Plantain chips 150g (20),Snacks,73,0,9200
2025-04-17,Bar soap (48),Personal care,67,0,14400
2025-04-17,Bottled water 75cl (12),Beverages,265,0,3600
2025-04-17,Detergent 900g (12),Household,54,0,21500
2025-04-17,Malt drink 330ml (24),Beverages,131,0,13200
2025-04-17,Orange juice 1L (12),Beverages,62,0,18600
2025-04-17,Plantain chips 150g (20),Snacks,72,0,9200
2025-04-18,Bar soap (48),Personal care,77,0,14400
2025-04-18,Bottled water 75cl (12),Beverages,325,0,3600
2025-04-18,Detergent 900g (12),Household,55,0,21500
2025-04-18,Malt drink 330ml (24),Beverages,134,0,13200
2025-04-18,Orange juice 1L (12),Beverages,68,0,18600
2025-04-18,Plantain chips 150g (20),Snacks,96,0,9200
2025-04-19,Bar soap (48),Personal care,73,0,14400
2025-04-19,Bottled water 75cl (12),Beverages,296,0,3600
2025-04-19,Detergent 900g (12),Household,62,0,21500
2025-04-19,Malt drink 330ml (24),Beverages,192,0,13200
2025-04-19,Orange juice 1L (12),Beverages,83,0,18600
2025-04-19,Plantain chips 150g (20),Snacks,106,0,9200
2025-04-20,Bar soap (48),Personal care,57,0,14400
2025-04-20,Bottled water 75cl (12),Beverages,133,0,3600
2025-04-20,Detergent 900g (12),Household,26,0,21500
2025-04-20,Malt drink 330ml (24),Beverages,88,0,13200
2025-04-20,Orange juice 1L (12),Beverages,35,0,18600
2025-04-20,Plantain chips 150g (20),Snacks,45,0,9200
2025-04-21,Bar soap (48),Personal care,65,0,14400
2025-04-21,Bottled water 75cl (12),Beverages,234,0,3600
2025-04-21,Detergent 900g (12),Household,57,0,21500
2025-04-21,Malt drink 330ml (24),Beverages,196,1,11900
2025-04-21,Orange juice 1L (12),Beverages,57,0,18600
2025-04-21,Plantain chips 150g (20),Snacks,79,0,9200
2025-04-22,Bar soap (48),Personal care,69,0,14400
2025-04-22,Bottled water 75cl (12),Beverages,250,0,3600
2025-04-22,Detergent 900g (12),Household,51,0,21500
2025-04-22,Malt drink 330ml (24),Beverages,221,1,11900
2025-04-22,Orange juice 1L (12),Beverages,55,0,18600
2025-04-22,Plantain chips 150g (20),Snacks,78,0,9200
2025-04-23,Bar soap (48),Personal care,68,0,14400
2025-04-23,Bottled water 75cl (12),Beverages,242,0,3600
2025-04-23,Detergent 900g (12),Household,44,0,21500
2025-04-23,Malt drink 330ml (24),Beverages,200,1,11900
2025-04-23,Orange juice 1L (12),Beverages,65,0,18600
2025-04-23,Plantain chips 150g (20),Snacks,81,0,9200
2025-04-24,Bar soap (48),Personal care,60,0,14400
2025-04-24,Bottled water 75cl (12),Beverages,222,0,3600
2025-04-24,Detergent 900g (12),Household,49,0,21500
2025-04-24,Malt drink 330ml (24),Beverages,194,1,11900
2025-04-24,Orange juice 1L (12),Beverages,74,0,18600
2025-04-24,Plantain chips 150g (20),Snacks,87,0,9200
2025-04-25,Bar soap (48),Personal care,85,0,14400
2025-04-25,Bottled water 75cl (12),Beverages,315,0,3600
2025-04-25,Detergent 900g (12),Household,47,0,21500
2025-04-25,Malt drink 330ml (24),Beverages,204,1,11900
2025-04-25,Orange juice 1L (12),Beverages,63,0,18600
2025-04-25,Plantain chips 150g (20),Snacks,80,0,9200
2025-04-26,Bar soap (48),Personal care,90,0,14400
2025-04-26,Bottled water 75cl (12),Beverages,307,0,3600
2025-04-26,Detergent 900g (12),Household,68,0,21500
2025-04-26,Malt drink 330ml (24),Beverages,235,1,11900
2025-04-26,Orange juice 1L (12),Beverages,81,0,18600
2025-04-26,Plantain chips 150g (20),Snacks,82,0,9200
2025-04-27,Bar soap (48),Personal care,42,0,14400
2025-04-27,Bottled water 75cl (12),Beverages,141,0,3600
2025-04-27,Detergent 900g (12),Household,32,0,21500
2025-04-27,Malt drink 330ml (24),Beverages,124,1,11900
2025-04-27,Orange juice 1L (12),Beverages,35,0,18600
2025-04-27,Plantain chips 150g (20),Snacks,48,0,9200
2025-04-28,Bar soap (48),Personal care,74,0,14400
2025-04-28,Bottled water 75cl (12),Beverages,250,0,3600
2025-04-28,Detergent 900g (12),Household,68,0,21500
2025-04-28,Malt drink 330ml (24),Beverages,132,0,13200
2025-04-28,Orange juice 1L (12),Beverages,86,0,18600
2025-04-28,Plantain chips 150g (20),Snacks,86,0,9200
2025-04-29,Bar soap (48),Personal care,60,0,14400
2025-04-29,Bottled water 75cl (12),Beverages,284,0,3600
2025-04-29,Detergent 900g (12),Household,57,0,21500
2025-04-29,Malt drink 330ml (24),Beverages,134,0,13200
2025-04-29,Orange juice 1L (12),Beverages,74,0,18600
2025-04-29,Plantain chips 150g (20),Snacks,86,0,9200
2025-04-30,Bar soap (48),Personal care,71,0,14400
2025-04-30,Bottled water 75cl (12),Beverages,243,0,3600
2025-04-30,Detergent 900g (12),Household,49,0,21500
2025-04-30,Malt drink 330ml (24),Beverages,113,0,13200
2025-04-30,Orange juice 1L (12),Beverages,70,0,18600
2025-04-30,Plantain chips 150g (20),Snacks,81,0,9200
2025-05-01,Bar soap (48),Personal care,77,0,14400
2025-05-01,Bottled water 75cl (12),Beverages,284,0,3600
2025-05-01,Detergent 900g (12),Household,57,0,21500
2025-05-01,Malt drink 330ml (24),Beverages,128,0,13200
2025-05-01,Orange juice 1L (12),Beverages,69,0,18600
2025-05-01,Plantain chips 150g (20),Snacks,102,0,9200
2025-05-02,Bar soap (48),Personal care,90,0,14400
2025-05-02,Bottled water 75cl (12),Beverages,283,0,3600
2025-05-02,Detergent 900g (12),Household,69,0,21500
2025-05-02,Malt drink 330ml (24),Beverages,133,0,13200
2025-05-02,Orange juice 1L (12),Beverages,71,0,18600
2025-05-02,Plantain chips 150g (20),Snacks,115,0,9200
2025-05-03,Bar soap (48),Personal care,89,0,14400
2025-05-03,Bottled water 75cl (12),Beverages,265,0,3600
2025-05-03,Detergent 900g (12),Household,61,0,21500
2025-05-03,Malt drink 330ml (24),Beverages,170,0,13200
2025-05-03,Orange juice 1L (12),Beverages,68,0,18600
2025-05-03,Plantain chips 150g (20),Snacks,120,0,9200
2025-05-04,Bar soap (48),Personal care,39,0,14400
2025-05-04,Bottled water 75cl (12),Beverages,137,0,3600
2025-05-04,Detergent 900g (12),Household,27,0,21500
2025-05-04,Malt drink 330ml (24),Beverages,74,0,13200
2025-05-04,Orange juice 1L (12),Beverages,34,0,18600
2025-05-04,Plantain chips 150g (20),Snacks,48,0,9200
2025-05-05,Bar soap (48),Personal care,65,0,14400
2025-05-05,Bottled water 75cl (12),Beverages,253,0,3600
2025-05-05,Detergent 900g (12),Household,65,0,21500
2025-05-05,Malt drink 330ml (24),Beverages,123,0,13200
2025-05-05,Orange juice 1L (12),Beverages,70,0,18600
2025-05-05,Plantain chips 150g (20),Snacks,87,0,9200
2025-05-06,Bar soap (48),Personal care,66,0,14400
2025-05-06,Bottled water 75cl (12),Beverages,253,0,3600
2025-05-06,Detergent 900g (12),Household,56,0,21500
2025-05-06,Malt drink 330ml (24),Beverages,133,0,13200
2025-05-06,Orange juice 1L (12),Beverages,58,0,18600
2025-05-06,Plantain chips 150g (20),Snacks,83,0,9200
2025-05-07,Bar soap (48),Personal care,60,0,14400
2025-05-07,Bottled water 75cl (12),Beverages,274,0,3600
2025-05-07,Detergent 900g (12),Household,61,0,21500
2025-05-07,Malt drink 330ml (24),Beverages,138,0,13200
2025-05-07,Orange juice 1L (12),Beverages,68,0,18600
2025-05-07,Plantain chips 150g (20),Snacks,105,0,9200
2025-05-08,Bar soap (48),Personal care,66,0,14400
2025-05-08,Bottled water 75cl (12),Beverages,238,0,3600
2025-05-08,Detergent 900g (12),Household,55,0,21500
2025-05-08,Malt drink 330ml (24),Beverages,139,0,13200
2025-05-08,Orange juice 1L (12),Beverages,77,0,18600
2025-05-08,Plantain chips 150g (20),Snacks,59,0,9200
2025-05-09,Bar soap (48),Personal care,73,0,14400
2025-05-09,Bottled water 75cl (12),Beverages,266,0,3600
2025-05-09,Detergent 900g (12),Household,62,0,21500
2025-05-09,Malt drink 330ml (24),Beverages,158,0,13200
2025-05-09,Orange juice 1L (12),Beverages,60,0,18600
2025-05-09,Plantain chips 150g (20),Snacks,83,0,9200
2025-05-10,Bar soap (48),Personal care,100,0,14400
2025-05-10,Bottled water 75cl (12),Beverages,343,0,3600
2025-05-10,Detergent 900g (12),Household,65,0,21500
2025-05-10,Malt drink 330ml (24),Beverages,215,0,13200
2025-05-10,Orange juice 1L (12),Beverages,84,0,18600
2025-05-10,Plantain chips 150g (20),Snacks,119,0,9200
2025-05-11,Bar soap (48),Personal care,39,0,14400
2025-05-11,Bottled water 75cl (12),Beverages,133,0,3600
2025-05-11,Detergent 900g (12),Household,30,0,21500
2025-05-11,Malt drink 330ml (24),Beverages,84,0,13200
2025-05-11,Orange juice 1L (12),Beverages,37,0,18600
2025-05-11,Plantain chips 150g (20),Snacks,56,0,9200
2025-05-12,Bar soap (48),Personal care,68,0,14400
2025-05-12,Bottled water 75cl (12),Beverages,230,0,3600
2025-05-12,Detergent 900g (12),Household,42,0,21500
2025-05-12,Malt drink 330ml (24),Beverages,178,0,13200
2025-05-12,Orange juice 1L (12),Beverages,75,0,18600
2025-05-12,Plantain chips 150g (20),Snacks,83,0,9200
2025-05-13,Bar soap (48),Personal care,78,0,14400
2025-05-13,Bottled water 75cl (12),Beverages,286,0,3600
2025-05-13,Detergent 900g (12),Household,52,0,21500
2025-05-13,Malt drink 330ml (24),Beverages,141,0,13200
2025-05-13,Orange juice 1L (12),Beverages,59,0,18600
2025-05-13,Plantain chips 150g (20),Snacks,88,0,9200
2025-05-14,Bar soap (48),Personal care,70,0,14400
2025-05-14,Bottled water 75cl (12),Beverages,261,0,3600
2025-05-14,Detergent 900g (12),Household,45,0,21500
2025-05-14,Malt drink 330ml (24),Beverages,151,0,13200
2025-05-14,Orange juice 1L (12),Beverages,65,0,18600
2025-05-14,Plantain chips 150g (20),Snacks,81,0,9200
2025-05-15,Bar soap (48),Personal care,67,0,14400
2025-05-15,Bottled water 75cl (12),Beverages,236,0,3600
2025-05-15,Detergent 900g (12),Household,49,0,21500
2025-05-15,Malt drink 330ml (24),Beverages,129,0,13200
2025-05-15,Orange juice 1L (12),Beverages,67,0,18600
2025-05-15,Plantain chips 150g (20),Snacks,84,0,9200
2025-05-16,Bar soap (48),Personal care,72,0,14400
2025-05-16,Bottled water 75cl (12),Beverages,271,0,3600
2025-05-16,Detergent 900g (12),Household,66,0,21500
2025-05-16,Malt drink 330ml (24),Beverages,182,0,13200
2025-05-16,Orange juice 1L (12),Beverages,74,0,18600
2025-05-16,Plantain chips 150g (20),Snacks,92,0,9200
2025-05-17,Bar soap (48),Personal care,101,0,14400
2025-05-17,Bottled water 75cl (12),Beverages,345,0,3600
2025-05-17,Detergent 900g (12),Household,64,0,21500
2025-05-17,Malt drink 330ml (24),Beverages,161,0,13200
2025-05-17,Orange juice 1L (12),Beverages,77,0,18600
2025-05-17,Plantain chips 150g (20),Snacks,100,0,9200
2025-05-18,Bar soap (48),Personal care,39,0,14400
2025-05-18,Bottled water 75cl (12),Beverages,134,0,3600
2025-05-18,Detergent 900g (12),Household,33,0,21500
2025-05-18,Malt drink 330ml (24),Beverages,71,0,13200
2025-05-18,Orange juice 1L (12),Beverages,31,0,18600
2025-05-18,Plantain chips 150g (20),Snacks,34,0,9200
2025-05-19,Bar soap (48),Personal care,74,0,14400
2025-05-19,Bottled water 75cl (12),Beverages,303,0,3600
2025-05-19,Detergent 900g (12),Household,45,0,21500
2025-05-19,Malt drink 330ml (24),Beverages,134,0,13200
2025-05-19,Orange juice 1L (12),Beverages,70,0,18600
2025-05-19,Plantain chips 150g (20),Snacks,98,0,9200
2025-05-20,Bar soap (48),Personal care,79,0,14400
2025-05-20,Bottled water 75cl (12),Beverages,227,0,3600
2025-05-20,Detergent 900g (12),Household,61,0,21500
2025-05-20,Malt drink 330ml (24),Beverages,136,0,13200
2025-05-20,Orange juice 1L (12),Beverages,68,0,18600
2025-05-20,Plantain chips 150g (20),Snacks,73,0,9200
2025-05-21,Bar soap (48),Personal care,67,0,14400
2025-05-21,Bottled water 75cl (12),Beverages,248,0,3600
2025-05-21,Detergent 900g (12),Household,50,0,21500
2025-05-21,Malt drink 330ml (24),Beverages,147,0,13200
2025-05-21,Orange juice 1L (12),Beverages,67,0,18600
2025-05-21,Plantain chips 150g (20),Snacks,78,0,9200
2025-05-22,Bar soap (48),Personal care,69,0,14400
2025-05-22,Bottled water 75cl (12),Beverages,273,0,3600
2025-05-22,Detergent 900g (12),Household,49,0,21500
2025-05-22,Malt drink 330ml (24),Beverages,158,0,13200
2025-05-22,Orange juice 1L (12),Beverages,71,0,18600
2025-05-22,Plantain chips 150g (20),Snacks,96,0,9200
2025-05-23,Bar soap (48),Personal care,82,0,14400
2025-05-23,Bottled water 75cl (12),Beverages,221,0,3600
2025-05-23,Detergent 900g (12),Household,65,0,21500
2025-05-23,Malt drink 330ml (24),Beverages,160,0,13200
2025-05-23,Orange juice 1L (12),Beverages,61,0,18600
2025-05-23,Plantain chips 150g (20),Snacks,97,0,9200
2025-05-24,Bar soap (48),Personal care,89,0,14400
2025-05-24,Bottled water 75cl (12),Beverages,268,0,3600
2025-05-24,Detergent 900g (12),Household,65,0,21500
2025-05-24,Malt drink 330ml (24),Beverages,177,0,13200
2025-05-24,Orange juice 1L (12),Beverages,93,0,18600
2025-05-24,Plantain chips 150g (20),Snacks,126,0,9200
2025-05-25,Bar soap (48),Personal care,47,0,14400
2025-05-25,Bottled water 75cl (12),Beverages,136,0,3600
2025-05-25,Detergent 900g (12),Household,26,0,21500
2025-05-25,Malt drink 330ml (24),Beverages,83,0,13200
2025-05-25,Orange juice 1L (12),Beverages,35,0,18600
2025-05-25,Plantain chips 150g (20),Snacks,41,0,9200
2025-05-26,Bar soap (48),Personal care,68,0,14400
2025-05-26,Bottled water 75cl (12),Beverages,265,0,3600
2025-05-26,Detergent 900g (12),Household,49,0,21500
2025-05-26,Malt drink 330ml (24),Beverages,126,0,13200
2025-05-26,Orange juice 1L (12),Beverages,79,0,18600
2025-05-26,Plantain chips 150g (20),Snacks,83,0,9200
2025-05-27,Bar soap (48),Personal care,64,0,14400
2025-05-27,Bottled water 75cl (12),Beverages,289,0,3600
2025-05-27,Detergent 900g (12),Household,48,0,21500
2025-05-27,Malt drink 330ml (24),Beverages,141,0,13200
2025-05-27,Orange juice 1L (12),Beverages,70,0,18600
2025-05-27,Plantain chips 150g (20),Snacks,66,0,9200
2025-05-28,Bar soap (48),Personal care,71,0,14400
2025-05-28,Bottled water 75cl (12),Beverages,280,0,3600
2025-05-28,Detergent 900g (12),Household,49,0,21500
2025-05-28,Malt drink 330ml (24),Beverages,164,0,13200
2025-05-28,Orange juice 1L (12),Beverages,66,0,18600
2025-05-28,Plantain chips 150g (20),Snacks,87,0,9200
2025-05-29,Bar soap (48),Personal care,83,0,14400
2025-05-29,Bottled water 75cl (12),Beverages,294,0,3600
2025-05-29,Detergent 900g (12),Household,63,0,21500
2025-05-29,Malt drink 330ml (24),Beverages,188,0,13200
2025-05-29,Orange juice 1L (12),Beverages,59,0,18600
2025-05-29,Plantain chips 150g (20),Snacks,82,0,9200
2025-05-30,Bar soap (48),Personal care,73,0,14400
2025-05-30,Bottled water 75cl (12),Beverages,276,0,3600
2025-05-30,Detergent 900g (12),Household,58,0,21500
2025-05-30,Malt drink 330ml (24),Beverages,178,0,13200
2025-05-30,Orange juice 1L (12),Beverages,84,0,18600
2025-05-30,Plantain chips 150g (20),Snacks,102,0,9200
2025-05-31,Bar soap (48),Personal care,93,0,14400
2025-05-31,Bottled water 75cl (12),Beverages,348,0,3600
2025-05-31,Detergent 900g (12),Household,66,0,21500
2025-05-31,Malt drink 330ml (24),Beverages,238,0,13200
2025-05-31,Orange juice 1L (12),Beverages,94,0,18600
2025-05-31,Plantain chips 150g (20),Snacks,109,0,9200
2025-06-01,Bar soap (48),Personal care,42,0,14400
2025-06-01,Bottled water 75cl (12),Beverages,224,0,3600
2025-06-01,Detergent 900g (12),Household,34,0,21500
2025-06-01,Malt drink 330ml (24),Beverages,118,0,13200
2025-06-01,Orange juice 1L (12),Beverages,50,0,18600
2025-06-01,Plantain chips 150g (20),Snacks,61,0,9200
2025-06-02,Bar soap (48),Personal care,91,0,14400
2025-06-02,Bottled water 75cl (12),Beverages,291,0,3600
2025-06-02,Detergent 900g (12),Household,66,0,21500
2025-06-02,Malt drink 330ml (24),Beverages,192,0,13200
2025-06-02,Orange juice 1L (12),Beverages,105,0,18600
2025-06-02,Plantain chips 150g (20),Snacks,119,0,9200
2025-06-03,Bar soap (48),Personal care,83,0,14400
2025-06-03,Bottled water 75cl (12),Beverages,247,0,3600
2025-06-03,Detergent 900g (12),Household,50,0,21500
2025-06-03,Malt drink 330ml (24),Beverages,174,0,13200
2025-06-03,Orange juice 1L (12),Beverages,79,0,18600
2025-06-03,Plantain chips 150g (20),Snacks,108,0,9200
2025-06-04,Bar soap (48),Personal care,88,0,14400
2025-06-04,Bottled water 75cl (12),Beverages,301,0,3600
2025-06-04,Detergent 900g (12),Household,59,0,21500
2025-06-04,Malt drink 330ml (24),Beverages,195,0,13200
2025-06-04,Orange juice 1L (12),Beverages,90,0,18600
2025-06-04,Plantain chips 150g (20),Snacks,96,0,9200
2025-06-05,Bar soap (48),Personal care,65,0,14400
2025-06-05,Bottled water 75cl (12),Beverages,335,0,3600
2025-06-05,Detergent 900g (12),Household,67,0,21500
2025-06-05,Malt drink 330ml (24),Beverages,227,0,13200
2025-06-05,Orange juice 1L (12),Beverages,98,0,18600
2025-06-05,Plantain chips 150g (20),Snacks,100,0,9200
2025-06-06,Bar soap (48),Personal care,0,0,14400
2025-06-06,Bottled water 75cl (12),Beverages,0,0,3600
2025-06-06,Detergent 900g (12),Household,0,0,21500
2025-06-06,Malt drink 330ml (24),Beverages,0,0,13200
2025-06-06,Orange juice 1L (12),Beverages,0,0,18600
2025-06-06,Plantain chips 150g (20),Snacks,0,0,9200
2025-06-07,Bar soap (48),Personal care,106,0,14400
2025-06-07,Bottled water 75cl (12),Beverages,259,0,3600
2025-06-07,Detergent 900g (12),Household,65,0,21500
2025-06-07,Malt drink 330ml (24),Beverages,225,0,13200
2025-06-07,Orange juice 1L (12),Beverages,71,0,18600
2025-06-07,Plantain chips 150g (20),Snacks,98,0,9200
2025-06-08,Bar soap (48),Personal care,34,0,14400
2025-06-08,Bottled water 75cl (12),Beverages,108,0,3600
2025-06-08,Detergent 900g (12),Household,31,0,21500
2025-06-08,Malt drink 330ml (24),Beverages,78,0,13200
2025-06-08,Orange juice 1L (12),Beverages,36,0,18600
2025-06-08,Plantain chips 150g (20),Snacks,41,0,9200
2025-06-09,Bar soap (48),Personal care,90,0,14400
2025-06-09,Bottled water 75cl (12),Beverages,224,0,3600
2025-06-09,Detergent 900g (12),Household,54,0,21500
2025-06-09,Malt drink 330ml (24),Beverages,129,0,13200
2025-06-09,Orange juice 1L (12),Beverages,64,0,18600
2025-06-09,Plantain chips 150g (20),Snacks,79,0,9200
2025-06-10,Bar soap (48),Personal care,60,0,14400
2025-06-10,Bottled water 75cl (12),Beverages,203,0,3600
2025-06-10,Detergent 900g (12),Household,72,0,21500
2025-06-10,Malt drink 330ml (24),Beverages,146,0,13200
2025-06-10,Orange juice 1L (12),Beverages,56,0,18600
2025-06-10,Plantain chips 150g (20),Snacks,95,0,9200
2025-06-11,Bar soap (48),Personal care,75,0,14400
2025-06-11,Bottled water 75cl (12),Beverages,214,0,3600
2025-06-11,Detergent 900g (12),Household,53,0,21500
2025-06-11,Malt drink 330ml (24),Beverages,114,0,13200
2025-06-11,Orange juice 1L (12),Beverages,60,0,18600
2025-06-11,Plantain chips 150g (20),Snacks,77,0,9200
2025-06-12,Bar soap (48),Personal care,87,0,14400
2025-06-12,Bottled water 75cl (12),Beverages,206,0,3600
2025-06-12,Detergent 900g (12),Household,49,0,21500
2025-06-12,Malt drink 330ml (24),Beverages,143,0,13200
2025-06-12,Orange juice 1L (12),Beverages,65,0,18600
2025-06-12,Plantain chips 150g (20),Snacks,84,0,9200
2025-06-13,Bar soap (48),Personal care,81,0,14400
2025-06-13,Bottled water 75cl (12),Beverages,257,0,3600
2025-06-13,Detergent 900g (12),Household,62,0,21500
2025-06-13,Malt drink 330ml (24),Beverages,137,0,13200
2025-06-13,Orange juice 1L (12),Beverages,59,0,18600
2025-06-13,Plantain chips 150g (20),Snacks,92,0,9200
2025-06-14,Bar soap (48),Personal care,76,0,14400
2025-06-14,Bottled water 75cl (12),Beverages,252,0,3600
2025-06-14,Detergent 900g (12),Household,69,0,21500
2025-06-14,Malt drink 330ml (24),Beverages,185,0,13200
2025-06-14,Orange juice 1L (12),Beverages,76,0,18600
2025-06-14,Plantain chips 150g (20),Snacks,100,0,9200
2025-06-15,Bar soap (48),Personal care,37,0,14400
2025-06-15,Bottled water 75cl (12),Beverages,115,0,3600
2025-06-15,Detergent 900g (12),Household,29,0,21500
2025-06-15,Malt drink 330ml (24),Beverages,101,1,11900
2025-06-15,Orange juice 1L (12),Beverages,30,0,18600
2025-06-15,Plantain chips 150g (20),Snacks,48,0,9200
2025-06-16,Bar soap (48),Personal care,55,0,14400
2025-06-16,Bottled water 75cl (12),Beverages,200,0,3600
2025-06-16,Detergent 900g (12),Household,58,0,21500
2025-06-16,Malt drink 330ml (24),Beverages,216,1,11900
2025-06-16,Orange juice 1L (12),Beverages,63,0,18600
2025-06-16,Plantain chips 150g (20),Snacks,90,0,9200
2025-06-17,Bar soap (48),Personal care,66,0,14400
2025-06-17,Bottled water 75cl (12),Beverages,234,0,3600
2025-06-17,Detergent 900g (12),Household,70,0,21500
2025-06-17,Malt drink 330ml (24),Beverages,205,1,11900
2025-06-17,Orange juice 1L (12),Beverages,62,0,18600
2025-06-17,Plantain chips 150g (20),Snacks,84,0,9200
2025-06-18,Bar soap (48),Personal care,65,0,14400
2025-06-18,Bottled water 75cl (12),Beverages,196,0,3600
2025-06-18,Detergent 900g (12),Household,59,0,21500
2025-06-18,Malt drink 330ml (24),Beverages,152,1,11900
2025-06-18,Orange juice 1L (12),Beverages,57,0,18600
2025-06-18,Plantain chips 150g (20),Snacks,84,0,9200
2025-06-19,Bar soap (48),Personal care,68,0,14400
2025-06-19,Bottled water 75cl (12),Beverages,193,0,3600
2025-06-19,Detergent 900g (12),Household,52,0,21500
2025-06-19,Malt drink 330ml (24),Beverages,188,1,11900
2025-06-19,Orange juice 1L (12),Beverages,60,0,18600
2025-06-19,Plantain chips 150g (20),Snacks,85,0,9200
2025-06-20,Bar soap (48),Personal care,69,0,14400
2025-06-20,Bottled water 75cl (12),Beverages,228,0,3600
2025-06-20,Detergent 900g (12),Household,62,0,21500
2025-06-20,Malt drink 330ml (24),Beverages,224,1,11900
2025-06-20,Orange juice 1L (12),Beverages,68,0,18600
2025-06-20,Plantain chips 150g (20),Snacks,97,0,9200
2025-06-21,Bar soap (48),Personal care,101,0,14400
2025-06-21,Bottled water 75cl (12),Beverages,258,0,3600
2025-06-21,Detergent 900g (12),Household,69,0,21500
2025-06-21,Malt drink 330ml (24),Beverages,269,1,11900
2025-06-21,Orange juice 1L (12),Beverages,78,0,18600
2025-06-21,Plantain chips 150g (20),Snacks,117,0,9200
2025-06-22,Bar soap (48),Personal care,41,0,14400
2025-06-22,Bottled water 75cl (12),Beverages,116,0,3600
2025-06-22,Detergent 900g (12),Household,31,0,21500
2025-06-22,Malt drink 330ml (24),Beverages,50,0,13200
2025-06-22,Orange juice 1L (12),Beverages,35,0,18600
2025-06-22,Plantain chips 150g (20),Snacks,41,0,9200
2025-06-23,Bar soap (48),Personal care,90,0,14400
2025-06-23,Bottled water 75cl (12),Beverages,262,0,3600
2025-06-23,Detergent 900g (12),Household,63,0,21500
2025-06-23,Malt drink 330ml (24),Beverages,138,0,13200
2025-06-23,Orange juice 1L (12),Beverages,71,0,18600
2025-06-23,Plantain chips 150g (20),Snacks,76,0,9200
2025-06-24,Bar soap (48),Personal care,61,0,14400
2025-06-24,Bottled water 75cl (12),Beverages,207,0,3600
2025-06-24,Detergent 900g (12),Household,55,0,21500
2025-06-24,Malt drink 330ml (24),Beverages,122,0,13200
2025-06-24,Orange juice 1L (12),Beverages,58,0,18600
2025-06-24,Plantain chips 150g (20),Snacks,57,0,9200
2025-06-25,Bar soap (48),Personal care,74,0,14400
2025-06-25,Bottled water 75cl (12),Beverages,209,0,3600
2025-06-25,Detergent 900g (12),Household,59,0,21500
2025-06-25,Malt drink 330ml (24),Beverages,103,0,13200
2025-06-25,Orange juice 1L (12),Beverages,62,0,18600
2025-06-25,Plantain chips 150g (20),Snacks,92,0,9200
2025-06-26,Bar soap (48),Personal care,73,0,14400
2025-06-26,Bottled water 75cl (12),Beverages,169,0,3600
2025-06-26,Detergent 900g (12),Household,51,0,21500
2025-06-26,Malt drink 330ml (24),Beverages,118,0,13200
2025-06-26,Orange juice 1L (12),Beverages,62,0,18600
2025-06-26,Plantain chips 150g (20),Snacks,80,0,9200
2025-06-27,Bar soap (48),Personal care,74,0,14400
2025-06-27,Bottled water 75cl (12),Beverages,234,0,3600
2025-06-27,Detergent 900g (12),Household,64,0,21500
2025-06-27,Malt drink 330ml (24),Beverages,116,0,13200
2025-06-27,Orange juice 1L (12),Beverages,84,0,18600
2025-06-27,Plantain chips 150g (20),Snacks,82,0,9200
2025-06-28,Bar soap (48),Personal care,99,0,14400
2025-06-28,Bottled water 75cl (12),Beverages,317,0,3600
2025-06-28,Detergent 900g (12),Household,106,0,21500
2025-06-28,Malt drink 330ml (24),Beverages,154,0,13200
2025-06-28,Orange juice 1L (12),Beverages,81,0,18600
2025-06-28,Plantain chips 150g (20),Snacks,115,0,9200
2025-06-29,Bar soap (48),Personal care,43,0,14400
2025-06-29,Bottled water 75cl (12),Beverages,141,0,3600
2025-06-29,Detergent 900g (12),Household,44,0,21500
2025-06-29,Malt drink 330ml (24),Beverages,80,0,13200
2025-06-29,Orange juice 1L (12),Beverages,38,0,18600
2025-06-29,Plantain chips 150g (20),Snacks,56,0,9200
2025-06-30,Bar soap (48),Personal care,66,0,14400
2025-06-30,Bottled water 75cl (12),Beverages,243,0,3600
2025-06-30,Detergent 900g (12),Household,69,0,21500
2025-06-30,Malt drink 330ml (24),Beverages,155,0,13200
2025-06-30,Orange juice 1L (12),Beverages,72,0,18600
2025-06-30,Plantain chips 150g (20),Snacks,84,0,9200
2025-07-01,Bar soap (48),Personal care,65,0,14400
2025-07-01,Bottled water 75cl (12),Beverages,273,0,3600
2025-07-01,Detergent 900g (12),Household,70,0,21500
2025-07-01,Malt drink 330ml (24),Beverages,158,0,13200
2025-07-01,Orange juice 1L (12),Beverages,62,0,18600
2025-07-01,Plantain chips 150g (20),Snacks,99,0,9200
2025-07-02,Bar soap (48),Personal care,96,0,14400
2025-07-02,Bottled water 75cl (12),Beverages,226,0,3600
2025-07-02,Detergent 900g (12),Household,60,0,21500
2025-07-02,Malt drink 330ml (24),Beverages,142,0,13200
2025-07-02,Orange juice 1L (12),Beverages,105,1,16750
2025-07-02,Plantain chips 150g (20),Snacks,85,0,9200
2025-07-03,Bar soap (48),Personal care,80,0,14400
2025-07-03,Bottled water 75cl (12),Beverages,231,0,3600
2025-07-03,Detergent 900g (12),Household,66,0,21500
2025-07-03,Malt drink 330ml (24),Beverages,116,0,13200
2025-07-03,Orange juice 1L (12),Beverages,87,1,16750
2025-07-03,Plantain chips 150g (20),Snacks,105,0,9200
2025-07-04,Bar soap (48),Personal care,82,0,14400
2025-07-04,Bottled water 75cl (12),Beverages,220,0,3600
2025-07-04,Detergent 900g (12),Household,56,0,21500
2025-07-04,Malt drink 330ml (24),Beverages,147,0,13200
2025-07-04,Orange juice 1L (12),Beverages,98,1,16750
2025-07-04,Plantain chips 150g (20),Snacks,93,0,9200
2025-07-05,Bar soap (48),Personal care,88,0,14400
2025-07-05,Bottled water 75cl (12),Beverages,296,0,3600
2025-07-05,Detergent 900g (12),Household,76,0,21500
2025-07-05,Malt drink 330ml (24),Beverages,164,0,13200
2025-07-05,Orange juice 1L (12),Beverages,112,1,16750
2025-07-05,Plantain chips 150g (20),Snacks,111,0,9200
2025-07-06,Bar soap (48),Personal care,34,0,14400
2025-07-06,Bottled water 75cl (12),Beverages,112,0,3600
2025-07-06,Detergent 900g (12),Household,30,0,21500
2025-07-06,Malt drink 330ml (24),Beverages,74,0,13200
2025-07-06,Orange juice 1L (12),Beverages,50,1,16750
2025-07-06,Plantain chips 150g (20),Snacks,47,0,9200
2025-07-07,Bar soap (48),Personal care,64,0,14400
2025-07-07,Bottled water 75cl (12),Beverages,178,0,3600
2025-07-07,Detergent 900g (12),Household,60,0,21500
2025-07-07,Malt drink 330ml (24),Beverages,146,0,13200
2025-07-07,Orange juice 1L (12),Beverages,81,1,16750
2025-07-07,Plantain chips 150g (20),Snacks,81,0,9200
2025-07-08,Bar soap (48),Personal care,60,0,14400
2025-07-08,Bottled water 75cl (12),Beverages,194,0,3600
2025-07-08,Detergent 900g (12),Household,44,0,21500
2025-07-08,Malt drink 330ml (24),Beverages,125,0,13200
2025-07-08,Orange juice 1L (12),Beverages,91,1,16750
2025-07-08,Plantain chips 150g (20),Snacks,76,0,9200
2025-07-09,Bar soap (48),Personal care,69,0,14400
2025-07-09,Bottled water 75cl (12),Beverages,205,0,3600
2025-07-09,Detergent 900g (12),Household,56,0,21500
2025-07-09,Malt drink 330ml (24),Beverages,129,0,13200
2025-07-09,Orange juice 1L (12),Beverages,47,0,18600
2025-07-09,Plantain chips 150g (20),Snacks,104,0,9200
2025-07-10,Bar soap (48),Personal care,83,0,14400
2025-07-10,Bottled water 75cl (12),Beverages,231,0,3600
2025-07-10,Detergent 900g (12),Household,58,0,21500
2025-07-10,Malt drink 330ml (24),Beverages,145,0,13200
2025-07-10,Orange juice 1L (12),Beverages,49,0,18600
2025-07-10,Plantain chips 150g (20),Snacks,77,0,9200
2025-07-11,Bar soap (48),Personal care,74,0,14400
2025-07-11,Bottled water 75cl (12),Beverages,239,0,3600
2025-07-11,Detergent 900g (12),Household,63,0,21500
2025-07-11,Malt drink 330ml (24),Beverages,147,0,13200
2025-07-11,Orange juice 1L (12),Beverages,58,0,18600
2025-07-11,Plantain chips 150g (20),Snacks,76,0,9200
2025-07-12,Bar soap (48),Personal care,102,0,14400
2025-07-12,Bottled water 75cl (12),Beverages,301,0,3600
2025-07-12,Detergent 900g (12),Household,62,0,21500
2025-07-12,Malt drink 330ml (24),Beverages,180,0,13200
2025-07-12,Orange juice 1L (12),Beverages,98,1,16750
2025-07-12,Plantain chips 150g (20),Snacks,87,0,9200
2025-07-13,Bar soap (48),Personal care,35,0,14400
2025-07-13,Bottled water 75cl (12),Beverages,113,0,3600
2025-07-13,Detergent 900g (12),Household,35,0,21500
2025-07-13,Malt drink 330ml (24),Beverages,76,0,13200
2025-07-13,Orange juice 1L (12),Beverages,40,1,16750
2025-07-13,Plantain chips 150g (20),Snacks,59,1,8300
2025-07-14,Bar soap (48),Personal care,64,0,14400
2025-07-14,Bottled water 75cl (12),Beverages,188,0,3600
2025-07-14,Detergent 900g (12),Household,55,0,21500
2025-07-14,Malt drink 330ml (24),Beverages,134,0,13200
2025-07-14,Orange juice 1L (12),Beverages,92,1,16750
2025-07-14,Plantain chips 150g (20),Snacks,122,1,8300
2025-07-15,Bar soap (48),Personal care,68,0,14400
2025-07-15,Bottled water 75cl (12),Beverages,211,0,3600
2025-07-15,Detergent 900g (12),Household,61,0,21500
2025-07-15,Malt drink 330ml (24),Beverages,103,0,13200
2025-07-15,Orange juice 1L (12),Beverages,90,1,16750
2025-07-15,Plantain chips 150g (20),Snacks,117,1,8300
2025-07-16,Bar soap (48),Personal care,64,0,14400
2025-07-16,Bottled water 75cl (12),Beverages,253,0,3600
2025-07-16,Detergent 900g (12),Household,45,0,21500
2025-07-16,Malt drink 330ml (24),Beverages,127,0,13200
2025-07-16,Orange juice 1L (12),Beverages,89,1,16750
2025-07-16,Plantain chips 150g (20),Snacks,133,1,8300
2025-07-17,Bar soap (48),Personal care,67,0,14400
2025-07-17,Bottled water 75cl (12),Beverages,214,0,3600
2025-07-17,Detergent 900g (12),Household,70,0,21500
2025-07-17,Malt drink 330ml (24),Beverages,116,0,13200
2025-07-17,Orange juice 1L (12),Beverages,101,1,16750
2025-07-17,Plantain chips 150g (20),Snacks,107,1,8300
2025-07-18,Bar soap (48),Personal care,69,0,14400
2025-07-18,Bottled water 75cl (12),Beverages,275,0,3600
2025-07-18,Detergent 900g (12),Household,61,0,21500
2025-07-18,Malt drink 330ml (24),Beverages,151,0,13200
2025-07-18,Orange juice 1L (12),Beverages,92,1,16750
2025-07-18,Plantain chips 150g (20),Snacks,139,1,8300
2025-07-19,Bar soap (48),Personal care,74,0,14400
2025-07-19,Bottled water 75cl (12),Beverages,322,0,3600
2025-07-19,Detergent 900g (12),Household,69,0,21500
2025-07-19,Malt drink 330ml (24),Beverages,165,0,13200
2025-07-19,Orange juice 1L (12),Beverages,64,0,18600
2025-07-19,Plantain chips 150g (20),Snacks,162,1,8300
2025-07-20,Bar soap (48),Personal care,35,0,14400
2025-07-20,Bottled water 75cl (12),Beverages,130,0,3600
2025-07-20,Detergent 900g (12),Household,32,0,21500
2025-07-20,Malt drink 330ml (24),Beverages,86,0,13200
2025-07-20,Orange juice 1L (12),Beverages,24,0,18600
2025-07-20,Plantain chips 150g (20),Snacks,65,1,8300
2025-07-21,Bar soap (48),Personal care,73,0,14400
2025-07-21,Bottled water 75cl (12),Beverages,212,0,3600
2025-07-21,Detergent 900g (12),Household,53,0,21500
2025-07-21,Malt drink 330ml (24),Beverages,145,0,13200
2025-07-21,Orange juice 1L (12),Beverages,47,0,18600
2025-07-21,Plantain chips 150g (20),Snacks,120,1,8300
2025-07-22,Bar soap (48),Personal care,57,0,14400
2025-07-22,Bottled water 75cl (12),Beverages,203,0,3600
2025-07-22,Detergent 900g (12),Household,46,0,21500
2025-07-22,Malt drink 330ml (24),Beverages,120,0,13200
2025-07-22,Orange juice 1L (12),Beverages,48,0,18600
2025-07-22,Plantain chips 150g (20),Snacks,135,1,8300
2025-07-23,Bar soap (48),Personal care,69,0,14400
2025-07-23,Bottled water 75cl (12),Beverages,198,0,3600
2025-07-23,Detergent 900g (12),Household,45,0,21500
2025-07-23,Malt drink 330ml (24),Beverages,134,0,13200
2025-07-23,Orange juice 1L (12),Beverages,59,0,18600
2025-07-23,Plantain chips 150g (20),Snacks,108,1,8300
2025-07-24,Bar soap (48),Personal care,65,0,14400
2025-07-24,Bottled water 75cl (12),Beverages,245,0,3600
2025-07-24,Detergent 900g (12),Household,57,0,21500
2025-07-24,Malt drink 330ml (24),Beverages,115,0,13200
2025-07-24,Orange juice 1L (12),Beverages,58,0,18600
2025-07-24,Plantain chips 150g (20),Snacks,141,1,8300
2025-07-25,Bar soap (48),Personal care,72,0,14400
2025-07-25,Bottled water 75cl (12),Beverages,243,0,3600
2025-07-25,Detergent 900g (12),Household,71,0,21500
2025-07-25,Malt drink 330ml (24),Beverages,148,0,13200
2025-07-25,Orange juice 1L (12),Beverages,51,0,18600
2025-07-25,Plantain chips 150g (20),Snacks,82,0,9200
2025-07-26,Bar soap (48),Personal care,107,0,14400
2025-07-26,Bottled water 75cl (12),Beverages,331,0,3600
2025-07-26,Detergent 900g (12),Household,88,0,21500
2025-07-26,Malt drink 330ml (24),Beverages,167,0,13200
2025-07-26,Orange juice 1L (12),Beverages,76,0,18600
2025-07-26,Plantain chips 150g (20),Snacks,93,0,9200
2025-07-27,Bar soap (48),Personal care,36,0,14400
2025-07-27,Bottled water 75cl (12),Beverages,98,0,3600
2025-07-27,Detergent 900g (12),Household,28,0,21500
2025-07-27,Malt drink 330ml (24),Beverages,75,0,13200
2025-07-27,Orange juice 1L (12),Beverages,28,0,18600
2025-07-27,Plantain chips 150g (20),Snacks,39,0,9200
2025-07-28,Bar soap (48),Personal care,63,0,14400
2025-07-28,Bottled water 75cl (12),Beverages,166,0,3600
2025-07-28,Detergent 900g (12),Household,57,0,21500
2025-07-28,Malt drink 330ml (24),Beverages,150,0,13200
2025-07-28,Orange juice 1L (12),Beverages,54,0,18600
2025-07-28,Plantain chips 150g (20),Snacks,66,0,9200
2025-07-29,Bar soap (48),Personal care,75,0,14400
2025-07-29,Bottled water 75cl (12),Beverages,196,0,3600
2025-07-29,Detergent 900g (12),Household,65,0,21500
2025-07-29,Malt drink 330ml (24),Beverages,163,0,13200
2025-07-29,Orange juice 1L (12),Beverages,71,0,18600
2025-07-29,Plantain chips 150g (20),Snacks,81,0,9200
2025-07-30,Bar soap (48),Personal care,80,0,14400
2025-07-30,Bottled water 75cl (12),Beverages,225,0,3600
2025-07-30,Detergent 900g (12),Household,65,0,21500
2025-07-30,Malt drink 330ml (24),Beverages,142,0,13200
2025-07-30,Orange juice 1L (12),Beverages,67,0,18600
2025-07-30,Plantain chips 150g (20),Snacks,94,0,9200
2025-07-31,Bar soap (48),Personal care,74,0,14400
2025-07-31,Bottled water 75cl (12),Beverages,280,0,3600
2025-07-31,Detergent 900g (12),Household,68,0,21500
2025-07-31,Malt drink 330ml (24),Beverages,152,0,13200
2025-07-31,Orange juice 1L (12),Beverages,72,0,18600
2025-07-31,Plantain chips 150g (20),Snacks,78,0,9200
2025-08-01,Bar soap (48),Personal care,100,0,14400
2025-08-01,Bottled water 75cl (12),Beverages,270,0,3600
2025-08-01,Detergent 900g (12),Household,58,0,21500
2025-08-01,Malt drink 330ml (24),Beverages,143,0,13200
2025-08-01,Orange juice 1L (12),Beverages,76,0,18600
2025-08-01,Plantain chips 150g (20),Snacks,90,0,9200
2025-08-02,Bar soap (48),Personal care,94,0,14400
2025-08-02,Bottled water 75cl (12),Beverages,341,0,3600
2025-08-02,Detergent 900g (12),Household,87,0,21500
2025-08-02,Malt drink 330ml (24),Beverages,182,0,13200
2025-08-02,Orange juice 1L (12),Beverages,94,0,18600
2025-08-02,Plantain chips 150g (20),Snacks,103,0,9200
2025-08-03,Bar soap (48),Personal care,45,0,14400
2025-08-03,Bottled water 75cl (12),Beverages,107,0,3600
2025-08-03,Detergent 900g (12),Household,29,0,21500
2025-08-03,Malt drink 330ml (24),Beverages,80,0,13200
2025-08-03,Orange juice 1L (12),Beverages,29,0,18600
2025-08-03,Plantain chips 150g (20),Snacks,49,0,9200
2025-08-04,Bar soap (48),Personal care,70,0,14400
2025-08-04,Bottled water 75cl (12),Beverages,237,0,3600
2025-08-04,Detergent 900g (12),Household,58,0,21500
2025-08-04,Malt drink 330ml (24),Beverages,153,0,13200
2025-08-04,Orange juice 1L (12),Beverages,55,0,18600
2025-08-04,Plantain chips 150g (20),Snacks,80,0,9200
2025-08-05,Bar soap (48),Personal care,76,0,14400
2025-08-05,Bottled water 75cl (12),Beverages,167,0,3600
2025-08-05,Detergent 900g (12),Household,48,0,21500
2025-08-05,Malt drink 330ml (24),Beverages,118,0,13200
2025-08-05,Orange juice 1L (12),Beverages,58,0,18600
2025-08-05,Plantain chips 150g (20),Snacks,67,0,9200
2025-08-06,Bar soap (48),Personal care,57,0,14400
2025-08-06,Bottled water 75cl (12),Beverages,191,0,3600
2025-08-06,Detergent 900g (12),Household,49,0,21500
2025-08-06,Malt drink 330ml (24),Beverages,134,0,13200
2025-08-06,Orange juice 1L (12),Beverages,61,0,18600
2025-08-06,Plantain chips 150g (20),Snacks,80,0,9200
2025-08-07,Bar soap (48),Personal care,63,0,14400
2025-08-07,Bottled water 75cl (12),Beverages,274,0,3600
2025-08-07,Detergent 900g (12),Household,61,0,21500
2025-08-07,Malt drink 330ml (24),Beverages,135,0,13200
2025-08-07,Orange juice 1L (12),Beverages,56,0,18600
2025-08-07,Plantain chips 150g (20),Snacks,71,0,9200
2025-08-08,Bar soap (48),Personal care,88,0,14400
2025-08-08,Bottled water 75cl (12),Beverages,230,0,3600
2025-08-08,Detergent 900g (12),Household,71,0,21500
2025-08-08,Malt drink 330ml (24),Beverages,140,0,13200
2025-08-08,Orange juice 1L (12),Beverages,70,0,18600
2025-08-08,Plantain chips 150g (20),Snacks,86,0,9200
2025-08-09,Bar soap (48),Personal care,83,0,14400
2025-08-09,Bottled water 75cl (12),Beverages,324,0,3600
2025-08-09,Detergent 900g (12),Household,75,0,21500
2025-08-09,Malt drink 330ml (24),Beverages,183,0,13200
2025-08-09,Orange juice 1L (12),Beverages,75,0,18600
2025-08-09,Plantain chips 150g (20),Snacks,113,0,9200
2025-08-10,Bar soap (48),Personal care,40,0,14400
2025-08-10,Bottled water 75cl (12),Beverages,115,0,3600
2025-08-10,Detergent 900g (12),Household,34,0,21500
2025-08-10,Malt drink 330ml (24),Beverages,82,0,13200
2025-08-10,Orange juice 1L (12),Beverages,41,0,18600
2025-08-10,Plantain chips 150g (20),Snacks,43,0,9200
2025-08-11,Bar soap (48),Personal care,72,0,14400
2025-08-11,Bottled water 75cl (12),Beverages,210,0,3600
2025-08-11,Detergent 900g (12),Household,60,0,21500
2025-08-11,Malt drink 330ml (24),Beverages,126,0,13200
2025-08-11,Orange juice 1L (12),Beverages,57,0,18600
2025-08-11,Plantain chips 150g (20),Snacks,91,0,9200
2025-08-12,Bar soap (48),Personal care,68,0,14400
2025-08-12,Bottled water 75cl (12),Beverages,195,0,3600
2025-08-12,Detergent 900g (12),Household,48,0,21500
2025-08-12,Malt drink 330ml (24),Beverages,115,0,13200
2025-08-12,Orange juice 1L (12),Beverages,70,0,18600
2025-08-12,Plantain chips 150g (20),Snacks,78,0,9200
2025-08-13,Bar soap (48),Personal care,74,0,14400
2025-08-13,Bottled water 75cl (12),Beverages,184,0,3600
2025-08-13,Detergent 900g (12),Household,61,0,21500
2025-08-13,Malt drink 330ml (24),Beverages,124,0,13200
2025-08-13,Orange juice 1L (12),Beverages,59,0,18600
2025-08-13,Plantain chips 150g (20),Snacks,87,0,9200
2025-08-14,Bar soap (48),Personal care,60,0,14400
2025-08-14,Bottled water 75cl (12),Beverages,322,1,3250
2025-08-14,Detergent 900g (12),Household,64,0,21500
2025-08-14,Malt drink 330ml (24),Beverages,123,0,13200
2025-08-14,Orange juice 1L (12),Beverages,53,0,18600
2025-08-14,Plantain chips 150g (20),Snacks,74,0,9200
2025-08-15,Bar soap (48),Personal care,87,0,14400
2025-08-15,Bottled water 75cl (12),Beverages,339,1,3250
2025-08-15,Detergent 900g (12),Household,57,0,21500
2025-08-15,Malt drink 330ml (24),Beverages,149,0,13200
2025-08-15,Orange juice 1L (12),Beverages,69,0,18600
2025-08-15,Plantain chips 150g (20),Snacks,87,0,9200
2025-08-16,Bar soap (48),Personal care,94,0,14400
2025-08-16,Bottled water 75cl (12),Beverages,360,1,3250
2025-08-16,Detergent 900g (12),Household,77,0,21500
2025-08-16,Malt drink 330ml (24),Beverages,164,0,13200
2025-08-16,Orange juice 1L (12),Beverages,83,0,18600
2025-08-16,Plantain chips 150g (20),Snacks,98,0,9200
2025-08-17,Bar soap (48),Personal care,33,0,14400
2025-08-17,Bottled water 75cl (12),Beverages,186,1,3250
2025-08-17,Detergent 900g (12),Household,38,0,21500
2025-08-17,Malt drink 330ml (24),Beverages,98,0,13200
2025-08-17,Orange juice 1L (12),Beverages,39,0,18600
2025-08-17,Plantain chips 150g (20),Snacks,62,0,9200
2025-08-18,Bar soap (48),Personal care,60,0,14400
2025-08-18,Bottled water 75cl (12),Beverages,359,1,3250
2025-08-18,Detergent 900g (12),Household,60,0,21500
2025-08-18,Malt drink 330ml (24),Beverages,126,0,13200
2025-08-18,Orange juice 1L (12),Beverages,62,0,18600
2025-08-18,Plantain chips 150g (20),Snacks,84,0,9200
2025-08-19,Bar soap (48),Personal care,76,0,14400
2025-08-19,Bottled water 75cl (12),Beverages,263,1,3250
2025-08-19,Detergent 900g (12),Household,51,0,21500
2025-08-19,Malt drink 330ml (24),Beverages,137,0,13200
2025-08-19,Orange juice 1L (12),Beverages,57,0,18600
2025-08-19,Plantain chips 150g (20),Snacks,79,0,9200
2025-08-20,Bar soap (48),Personal care,90,0,14400
2025-08-20,Bottled water 75cl (12),Beverages,300,1,3250
2025-08-20,Detergent 900g (12),Household,53,0,21500
2025-08-20,Malt drink 330ml (24),Beverages,142,0,13200
2025-08-20,Orange juice 1L (12),Beverages,56,0,18600
2025-08-20,Plantain chips 150g (20),Snacks,77,0,9200
2025-08-21,Bar soap (48),Personal care,73,0,14400
2025-08-21,Bottled water 75cl (12),Beverages,169,0,3600
2025-08-21,Detergent 900g (12),Household,53,0,21500
2025-08-21,Malt drink 330ml (24),Beverages,169,0,13200
2025-08-21,Orange juice 1L (12),Beverages,61,0,18600
2025-08-21,Plantain chips 150g (20),Snacks,77,0,9200
2025-08-22,Bar soap (48),Personal care,68,0,14400
2025-08-22,Bottled water 75cl (12),Beverages,228,0,3600
2025-08-22,Detergent 900g (12),Household,66,0,21500
2025-08-22,Malt drink 330ml (24),Beverages,167,0,13200
2025-08-22,Orange juice 1L (12),Beverages,70,0,18600
2025-08-22,Plantain chips 150g (20),Snacks,94,0,9200
2025-08-23,Bar soap (48),Personal care,101,0,14400
2025-08-23,Bottled water 75cl (12),Beverages,225,0,3600
2025-08-23,Detergent 900g (12),Household,68,0,21500
2025-08-23,Malt drink 330ml (24),Beverages,147,0,13200
2025-08-23,Orange juice 1L (12),Beverages,80,0,18600
2025-08-23,Plantain chips 150g (20),Snacks,99,0,9200
2025-08-24,Bar soap (48),Personal care,41,0,14400
2025-08-24,Bottled water 75cl (12),Beverages,202,1,3250
2025-08-24,Detergent 900g (12),Household,39,0,21500
2025-08-24,Malt drink 330ml (24),Beverages,79,0,13200
2025-08-24,Orange juice 1L (12),Beverages,34,0,18600
2025-08-24,Plantain chips 150g (20),Snacks,41,0,9200
2025-08-25,Bar soap (48),Personal care,79,0,14400
2025-08-25,Bottled water 75cl (12),Beverages,268,1,3250
2025-08-25,Detergent 900g (12),Household,51,0,21500
2025-08-25,Malt drink 330ml (24),Beverages,133,0,13200
2025-08-25,Orange juice 1L (12),Beverages,46,0,18600
2025-08-25,Plantain chips 150g (20),Snacks,89,0,9200
2025-08-26,Bar soap (48),Personal care,65,0,14400
2025-08-26,Bottled water 75cl (12),Beverages,315,1,3250
2025-08-26,Detergent 900g (12),Household,59,0,21500
2025-08-26,Malt drink 330ml (24),Beverages,115,0,13200
2025-08-26,Orange juice 1L (12),Beverages,60,0,18600
2025-08-26,Plantain chips 150g (20),Snacks,85,0,9200
2025-08-27,Bar soap (48),Personal care,60,0,14400
2025-08-27,Bottled water 75cl (12),Beverages,282,1,3250
2025-08-27,Detergent 900g (12),Household,59,0,21500
2025-08-27,Malt drink 330ml (24),Beverages,130,0,13200
2025-08-27,Orange juice 1L (12),Beverages,55,0,18600
2025-08-27,Plantain chips 150g (20),Snacks,65,0,9200
2025-08-28,Bar soap (48),Personal care,77,0,14400
2025-08-28,Bottled water 75cl (12),Beverages,328,1,3250
2025-08-28,Detergent 900g (12),Household,66,0,21500
2025-08-28,Malt drink 330ml (24),Beverages,110,0,13200
2025-08-28,Orange juice 1L (12),Beverages,60,0,18600
2025-08-28,Plantain chips 150g (20),Snacks,83,0,9200
2025-08-29,Bar soap (48),Personal care,89,0,14400
2025-08-29,Bottled water 75cl (12),Beverages,380,1,3250
2025-08-29,Detergent 900g (12),Household,71,0,21500
2025-08-29,Malt drink 330ml (24),Beverages,161,0,13200
2025-08-29,Orange juice 1L (12),Beverages,79,0,18600
2025-08-29,Plantain chips 150g (20),Snacks,128,0,9200
2025-08-30,Bar soap (48),Personal care,89,0,14400
2025-08-30,Bottled water 75cl (12),Beverages,507,1,3250
2025-08-30,Detergent 900g (12),Household,80,0,21500
2025-08-30,Malt drink 330ml (24),Beverages,175,0,13200
2025-08-30,Orange juice 1L (12),Beverages,74,0,18600
2025-08-30,Plantain chips 150g (20),Snacks,121,0,9200
2025-08-31,Bar soap (48),Personal care,41,0,14400
2025-08-31,Bottled water 75cl (12),Beverages,112,0,3600
2025-08-31,Detergent 900g (12),Household,35,0,21500
2025-08-31,Malt drink 330ml (24),Beverages,96,0,13200
2025-08-31,Orange juice 1L (12),Beverages,35,0,18600
2025-08-31,Plantain chips 150g (20),Snacks,50,0,9200
2025-09-01,Bar soap (48),Personal care,80,0,14400
2025-09-01,Bottled water 75cl (12),Beverages,210,0,3600
2025-09-01,Detergent 900g (12),Household,66,0,21500
2025-09-01,Malt drink 330ml (24),Beverages,183,0,13200
2025-09-01,Orange juice 1L (12),Beverages,71,0,18600
2025-09-01,Plantain chips 150g (20),Snacks,95,0,9200
2025-09-02,Bar soap (48),Personal care,89,0,14400
2025-09-02,Bottled water 75cl (12),Beverages,180,0,3600
2025-09-02,Detergent 900g (12),Household,52,0,21500
2025-09-02,Malt drink 330ml (24),Beverages,130,0,13200
2025-09-02,Orange juice 1L (12),Beverages,69,0,18600
2025-09-02,Plantain chips 150g (20),Snacks,79,0,9200
2025-09-03,Bar soap (48),Personal care,57,0,14400
2025-09-03,Bottled water 75cl (12),Beverages,203,0,3600
2025-09-03,Detergent 900g (12),Household,56,0,21500
2025-09-03,Malt drink 330ml (24),Beverages,112,0,13200
2025-09-03,Orange juice 1L (12),Beverages,65,0,18600
2025-09-03,Plantain chips 150g (20),Snacks,80,0,9200
2025-09-04,Bar soap (48),Personal care,74,0,14400
2025-09-04,Bottled water 75cl (12),Beverages,171,0,3600
2025-09-04,Detergent 900g (12),Household,53,0,21500
2025-09-04,Malt drink 330ml (24),Beverages,138,0,13200
2025-09-04,Orange juice 1L (12),Beverages,58,0,18600
2025-09-04,Plantain chips 150g (20),Snacks,81,0,9200
2025-09-05,Bar soap (48),Personal care,75,0,14400
2025-09-05,Bottled water 75cl (12),Beverages,200,0,3600
2025-09-05,Detergent 900g (12),Household,56,0,21500
2025-09-05,Malt drink 330ml (24),Beverages,125,0,13200
2025-09-05,Orange juice 1L (12),Beverages,63,0,18600
2025-09-05,Plantain chips 150g (20),Snacks,102,0,9200
2025-09-06,Bar soap (48),Personal care,74,0,14400
2025-09-06,Bottled water 75cl (12),Beverages,247,0,3600
2025-09-06,Detergent 900g (12),Household,77,0,21500
2025-09-06,Malt drink 330ml (24),Beverages,160,0,13200
2025-09-06,Orange juice 1L (12),Beverages,84,0,18600
2025-09-06,Plantain chips 150g (20),Snacks,103,0,9200
2025-09-07,Bar soap (48),Personal care,32,0,14400
2025-09-07,Bottled water 75cl (12),Beverages,111,0,3600
2025-09-07,Detergent 900g (12),Household,36,0,21500
2025-09-07,Malt drink 330ml (24),Beverages,73,0,13200
2025-09-07,Orange juice 1L (12),Beverages,40,0,18600
2025-09-07,Plantain chips 150g (20),Snacks,37,0,9200
2025-09-08,Bar soap (48),Personal care,77,0,14400
2025-09-08,Bottled water 75cl (12),Beverages,212,0,3600
2025-09-08,Detergent 900g (12),Household,47,0,21500
2025-09-08,Malt drink 330ml (24),Beverages,132,0,13200
2025-09-08,Orange juice 1L (12),Beverages,53,0,18600
2025-09-08,Plantain chips 150g (20),Snacks,78,0,9200
2025-09-09,Bar soap (48),Personal care,77,0,14400
2025-09-09,Bottled water 75cl (12),Beverages,221,0,3600
2025-09-09,Detergent 900g (12),Household,52,0,21500
2025-09-09,Malt drink 330ml (24),Beverages,149,0,13200
2025-09-09,Orange juice 1L (12),Beverages,66,0,18600
2025-09-09,Plantain chips 150g (20),Snacks,92,0,9200
2025-09-10,Bar soap (48),Personal care,54,0,14400
2025-09-10,Bottled water 75cl (12),Beverages,205,0,3600
2025-09-10,Detergent 900g (12),Household,56,0,21500
2025-09-10,Malt drink 330ml (24),Beverages,104,0,13200
2025-09-10,Orange juice 1L (12),Beverages,69,0,18600
2025-09-10,Plantain chips 150g (20),Snacks,76,0,9200
2025-09-11,Bar soap (48),Personal care,90,0,14400
2025-09-11,Bottled water 75cl (12),Beverages,207,0,3600
2025-09-11,Detergent 900g (12),Household,68,0,21500
2025-09-11,Malt drink 330ml (24),Beverages,139,0,13200
2025-09-11,Orange juice 1L (12),Beverages,53,0,18600
2025-09-11,Plantain chips 150g (20),Snacks,92,0,9200
2025-09-12,Bar soap (48),Personal care,82,0,14400
2025-09-12,Bottled water 75cl (12),Beverages,209,0,3600
2025-09-12,Detergent 900g (12),Household,49,0,21500
2025-09-12,Malt drink 330ml (24),Beverages,170,0,13200
2025-09-12,Orange juice 1L (12),Beverages,77,0,18600
2025-09-12,Plantain chips 150g (20),Snacks,86,0,9200
2025-09-13,Bar soap (48),Personal care,94,0,14400
2025-09-13,Bottled water 75cl (12),Beverages,252,0,3600
2025-09-13,Detergent 900g (12),Household,66,0,21500
2025-09-13,Malt drink 330ml (24),Beverages,205,0,13200
2025-09-13,Orange juice 1L (12),Beverages,64,0,18600
2025-09-13,Plantain chips 150g (20),Snacks,96,0,9200
2025-09-14,Bar soap (48),Personal care,35,0,14400
2025-09-14,Bottled water 75cl (12),Beverages,131,0,3600
2025-09-14,Detergent 900g (12),Household,36,0,21500
2025-09-14,Malt drink 330ml (24),Beverages,80,0,13200
2025-09-14,Orange juice 1L (12),Beverages,34,0,18600
2025-09-14,Plantain chips 150g (20),Snacks,47,0,9200
2025-09-15,Bar soap (48),Personal care,64,0,14400
2025-09-15,Bottled water 75cl (12),Beverages,261,0,3600
2025-09-15,Detergent 900g (12),Household,60,0,21500
2025-09-15,Malt drink 330ml (24),Beverages,148,0,13200
2025-09-15,Orange juice 1L (12),Beverages,57,0,18600
2025-09-15,Plantain chips 150g (20),Snacks,92,0,9200
2025-09-16,Bar soap (48),Personal care,66,0,14400
2025-09-16,Bottled water 75cl (12),Beverages,187,0,3600
2025-09-16,Detergent 900g (12),Household,56,0,21500
2025-09-16,Malt drink 330ml (24),Beverages,125,0,13200
2025-09-16,Orange juice 1L (12),Beverages,96,1,16750
2025-09-16,Plantain chips 150g (20),Snacks,85,0,9200
2025-09-17,Bar soap (48),Personal care,67,0,14400
2025-09-17,Bottled water 75cl (12),Beverages,215,0,3600
2025-09-17,Detergent 900g (12),Household,56,0,21500
2025-09-17,Malt drink 330ml (24),Beverages,135,0,13200
2025-09-17,Orange juice 1L (12),Beverages,79,1,16750
2025-09-17,Plantain chips 150g (20),Snacks,91,0,9200
2025-09-18,Bar soap (48),Personal care,71,0,14400
2025-09-18,Bottled water 75cl (12),Beverages,216,0,3600
2025-09-18,Detergent 900g (12),Household,72,1,19350
2025-09-18,Malt drink 330ml (24),Beverages,131,0,13200
2025-09-18,Orange juice 1L (12),Beverages,84,1,16750
2025-09-18,Plantain chips 150g (20),Snacks,93,0,9200
2025-09-19,Bar soap (48),Personal care,79,0,14400
2025-09-19,Bottled water 75cl (12),Beverages,237,0,3600
2025-09-19,Detergent 900g (12),Household,108,1,19350
2025-09-19,Malt drink 330ml (24),Beverages,277,1,11900
2025-09-19,Orange juice 1L (12),Beverages,100,1,16750
2025-09-19,Plantain chips 150g (20),Snacks,94,0,9200
2025-09-20,Bar soap (48),Personal care,78,0,14400
2025-09-20,Bottled water 75cl (12),Beverages,242,0,3600
2025-09-20,Detergent 900g (12),Household,106,1,19350
2025-09-20,Malt drink 330ml (24),Beverages,279,1,11900
2025-09-20,Orange juice 1L (12),Beverages,90,1,16750
2025-09-20,Plantain chips 150g (20),Snacks,97,0,9200
2025-09-21,Bar soap (48),Personal care,36,0,14400
2025-09-21,Bottled water 75cl (12),Beverages,125,0,3600
2025-09-21,Detergent 900g (12),Household,44,1,19350
2025-09-21,Malt drink 330ml (24),Beverages,98,1,11900
2025-09-21,Orange juice 1L (12),Beverages,45,1,16750
2025-09-21,Plantain chips 150g (20),Snacks,45,0,9200
2025-09-22,Bar soap (48),Personal care,73,0,14400
2025-09-22,Bottled water 75cl (12),Beverages,195,0,3600
2025-09-22,Detergent 900g (12),Household,77,1,19350
2025-09-22,Malt drink 330ml (24),Beverages,177,1,11900
2025-09-22,Orange juice 1L (12),Beverages,84,1,16750
2025-09-22,Plantain chips 150g (20),Snacks,78,0,9200
2025-09-23,Bar soap (48),Personal care,71,0,14400
2025-09-23,Bottled water 75cl (12),Beverages,174,0,3600
2025-09-23,Detergent 900g (12),Household,82,1,19350
2025-09-23,Malt drink 330ml (24),Beverages,164,1,11900
2025-09-23,Orange juice 1L (12),Beverages,48,0,18600
2025-09-23,Plantain chips 150g (20),Snacks,81,0,9200
2025-09-24,Bar soap (48),Personal care,77,0,14400
2025-09-24,Bottled water 75cl (12),Beverages,173,0,3600
2025-09-24,Detergent 900g (12),Household,76,1,19350
2025-09-24,Malt drink 330ml (24),Beverages,196,1,11900
2025-09-24,Orange juice 1L (12),Beverages,54,0,18600
2025-09-24,Plantain chips 150g (20),Snacks,73,0,9200
2025-09-25,Bar soap (48),Personal care,75,0,14400
2025-09-25,Bottled water 75cl (12),Beverages,260,0,3600
2025-09-25,Detergent 900g (12),Household,66,0,21500
2025-09-25,Malt drink 330ml (24),Beverages,232,1,11900
2025-09-25,Orange juice 1L (12),Beverages,41,0,18600
2025-09-25,Plantain chips 150g (20),Snacks,98,0,9200
2025-09-26,Bar soap (48),Personal care,87,0,14400
2025-09-26,Bottled water 75cl (12),Beverages,206,0,3600
2025-09-26,Detergent 900g (12),Household,53,0,21500
2025-09-26,Malt drink 330ml (24),Beverages,103,0,13200
2025-09-26,Orange juice 1L (12),Beverages,67,0,18600
2025-09-26,Plantain chips 150g (20),Snacks,83,0,9200
2025-09-27,Bar soap (48),Personal care,88,0,14400
2025-09-27,Bottled water 75cl (12),Beverages,266,0,3600
2025-09-27,Detergent 900g (12),Household,62,0,21500
2025-09-27,Malt drink 330ml (24),Beverages,152,0,13200
2025-09-27,Orange juice 1L (12),Beverages,76,0,18600
2025-09-27,Plantain chips 150g (20),Snacks,82,0,9200
2025-09-28,Bar soap (48),Personal care,47,0,14400
2025-09-28,Bottled water 75cl (12),Beverages,117,0,3600
2025-09-28,Detergent 900g (12),Household,31,0,21500
2025-09-28,Malt drink 330ml (24),Beverages,75,0,13200
2025-09-28,Orange juice 1L (12),Beverages,33,0,18600
2025-09-28,Plantain chips 150g (20),Snacks,59,0,9200
2025-09-29,Bar soap (48),Personal care,74,0,14400
2025-09-29,Bottled water 75cl (12),Beverages,222,0,3600
2025-09-29,Detergent 900g (12),Household,50,0,21500
2025-09-29,Malt drink 330ml (24),Beverages,134,0,13200
2025-09-29,Orange juice 1L (12),Beverages,67,0,18600
2025-09-29,Plantain chips 150g (20),Snacks,97,0,9200
2025-09-30,Bar soap (48),Personal care,80,0,14400
2025-09-30,Bottled water 75cl (12),Beverages,226,0,3600
2025-09-30,Detergent 900g (12),Household,52,0,21500
2025-09-30,Malt drink 330ml (24),Beverages,115,0,13200
2025-09-30,Orange juice 1L (12),Beverages,71,0,18600
2025-09-30,Plantain chips 150g (20),Snacks,86,0,9200
2025-10-01,Bar soap (48),Personal care,79,0,14400
2025-10-01,Bottled water 75cl (12),Beverages,253,0,3600
2025-10-01,Detergent 900g (12),Household,53,0,21500
2025-10-01,Malt drink 330ml (24),Beverages,156,0,13200
2025-10-01,Orange juice 1L (12),Beverages,74,0,18600
2025-10-01,Plantain chips 150g (20),Snacks,100,0,9200
2025-10-02,Bar soap (48),Personal care,87,1,12950
2025-10-02,Bottled water 75cl (12),Beverages,313,0,3600
2025-10-02,Detergent 900g (12),Household,69,0,21500
2025-10-02,Malt drink 330ml (24),Beverages,148,0,13200
2025-10-02,Orange juice 1L (12),Beverages,75,0,18600
2025-10-02,Plantain chips 150g (20),Snacks,92,0,9200
2025-10-03,Bar soap (48),Personal care,121,1,12950
2025-10-03,Bottled water 75cl (12),Beverages,322,0,3600
2025-10-03,Detergent 900g (12),Household,49,0,21500
2025-10-03,Malt drink 330ml (24),Beverages,156,0,13200
2025-10-03,Orange juice 1L (12),Beverages,54,0,18600
2025-10-03,Plantain chips 150g (20),Snacks,82,0,9200
2025-10-04,Bar soap (48),Personal care,115,1,12950
2025-10-04,Bottled water 75cl (12),Beverages,295,0,3600
2025-10-04,Detergent 900g (12),Household,78,0,21500
2025-10-04,Malt drink 330ml (24),Beverages,185,0,13200
2025-10-04,Orange juice 1L (12),Beverages,85,0,18600
2025-10-04,Plantain chips 150g (20),Snacks,115,0,9200
2025-10-05,Bar soap (48),Personal care,48,1,12950
2025-10-05,Bottled water 75cl (12),Beverages,147,0,3600
2025-10-05,Detergent 900g (12),Household,32,0,21500
2025-10-05,Malt drink 330ml (24),Beverages,90,0,13200
2025-10-05,Orange juice 1L (12),Beverages,46,0,18600
2025-10-05,Plantain chips 150g (20),Snacks,49,0,9200
2025-10-06,Bar soap (48),Personal care,80,1,12950
2025-10-06,Bottled water 75cl (12),Beverages,234,0,3600
2025-10-06,Detergent 900g (12),Household,53,0,21500
2025-10-06,Malt drink 330ml (24),Beverages,138,0,13200
2025-10-06,Orange juice 1L (12),Beverages,70,0,18600
2025-10-06,Plantain chips 150g (20),Snacks,93,0,9200
2025-10-07,Bar soap (48),Personal care,100,1,12950
2025-10-07,Bottled water 75cl (12),Beverages,227,0,3600
2025-10-07,Detergent 900g (12),Household,53,0,21500
2025-10-07,Malt drink 330ml (24),Beverages,143,0,13200
2025-10-07,Orange juice 1L (12),Beverages,56,0,18600
2025-10-07,Plantain chips 150g (20),Snacks,68,0,9200
2025-10-08,Bar soap (48),Personal care,94,1,12950
2025-10-08,Bottled water 75cl (12),Beverages,243,0,3600
2025-10-08,Detergent 900g (12),Household,52,0,21500
2025-10-08,Malt drink 330ml (24),Beverages,127,0,13200
2025-10-08,Orange juice 1L (12),Beverages,76,0,18600
2025-10-08,Plantain chips 150g (20),Snacks,73,0,9200
2025-10-09,Bar soap (48),Personal care,94,1,12950
2025-10-09,Bottled water 75cl (12),Beverages,294,0,3600
2025-10-09,Detergent 900g (12),Household,59,0,21500
2025-10-09,Malt drink 330ml (24),Beverages,128,0,13200
2025-10-09,Orange juice 1L (12),Beverages,57,0,18600
2025-10-09,Plantain chips 150g (20),Snacks,92,0,9200
2025-10-10,Bar soap (48),Personal care,113,1,12950
2025-10-10,Bottled water 75cl (12),Beverages,279,0,3600
2025-10-10,Detergent 900g (12),Household,69,0,21500
2025-10-10,Malt drink 330ml (24),Beverages,149,0,13200
2025-10-10,Orange juice 1L (12),Beverages,75,0,18600
2025-10-10,Plantain chips 150g (20),Snacks,105,0,9200
2025-10-11,Bar soap (48),Personal care,119,1,12950
2025-10-11,Bottled water 75cl (12),Beverages,341,0,3600
2025-10-11,Detergent 900g (12),Household,72,0,21500
2025-10-11,Malt drink 330ml (24),Beverages,197,0,13200
2025-10-11,Orange juice 1L (12),Beverages,78,0,18600
2025-10-11,Plantain chips 150g (20),Snacks,93,0,9200
2025-10-12,Bar soap (48),Personal care,54,1,12950
2025-10-12,Bottled water 75cl (12),Beverages,139,0,3600
2025-10-12,Detergent 900g (12),Household,31,0,21500
2025-10-12,Malt drink 330ml (24),Beverages,72,0,13200
2025-10-12,Orange juice 1L (12),Beverages,39,0,18600
2025-10-12,Plantain chips 150g (20),Snacks,38,0,9200
2025-10-13,Bar soap (48),Personal care,70,0,14400
2025-10-13,Bottled water 75cl (12),Beverages,210,0,3600
2025-10-13,Detergent 900g (12),Household,56,0,21500
2025-10-13,Malt drink 330ml (24),Beverages,138,0,13200
2025-10-13,Orange juice 1L (12),Beverages,65,0,18600
2025-10-13,Plantain chips 150g (20),Snacks,75,0,9200
2025-10-14,Bar soap (48),Personal care,68,0,14400
2025-10-14,Bottled water 75cl (12),Beverages,220,0,3600
2025-10-14,Detergent 900g (12),Household,48,0,21500
2025-10-14,Malt drink 330ml (24),Beverages,152,0,13200
2025-10-14,Orange juice 1L (12),Beverages,59,0,18600
2025-10-14,Plantain chips 150g (20),Snacks,72,0,9200
2025-10-15,Bar soap (48),Personal care,63,0,14400
2025-10-15,Bottled water 75cl (12),Beverages,275,0,3600
2025-10-15,Detergent 900g (12),Household,55,0,21500
2025-10-15,Malt drink 330ml (24),Beverages,137,0,13200
2025-10-15,Orange juice 1L (12),Beverages,68,0,18600
2025-10-15,Plantain chips 150g (20),Snacks,89,0,9200
2025-10-16,Bar soap (48),Personal care,64,0,14400
2025-10-16,Bottled water 75cl (12),Beverages,257,0,3600
2025-10-16,Detergent 900g (12),Household,50,0,21500
2025-10-16,Malt drink 330ml (24),Beverages,121,0,13200
2025-10-16,Orange juice 1L (12),Beverages,71,0,18600
2025-10-16,Plantain chips 150g (20),Snacks,86,0,9200
2025-10-17,Bar soap (48),Personal care,66,0,14400
2025-10-17,Bottled water 75cl (12),Beverages,296,0,3600
2025-10-17,Detergent 900g (12),Household,69,0,21500
2025-10-17,Malt drink 330ml (24),Beverages,146,0,13200
2025-10-17,Orange juice 1L (12),Beverages,77,0,18600
2025-10-17,Plantain chips 150g (20),Snacks,86,0,9200
2025-10-18,Bar soap (48),Personal care,76,0,14400
2025-10-18,Bottled water 75cl (12),Beverages,297,0,3600
2025-10-18,Detergent 900g (12),Household,74,0,21500
2025-10-18,Malt drink 330ml (24),Beverages,182,0,13200
2025-10-18,Orange juice 1L (12),Beverages,101,0,18600
2025-10-18,Plantain chips 150g (20),Snacks,81,0,9200
2025-10-19,Bar soap (48),Personal care,31,0,14400
2025-10-19,Bottled water 75cl (12),Beverages,138,0,3600
2025-10-19,Detergent 900g (12),Household,31,0,21500
2025-10-19,Malt drink 330ml (24),Beverages,81,0,13200
2025-10-19,Orange juice 1L (12),Beverages,34,0,18600
2025-10-19,Plantain chips 150g (20),Snacks,44,0,9200
2025-10-20,Bar soap (48),Personal care,78,0,14400
2025-10-20,Bottled water 75cl (12),Beverages,263,0,3600
2025-10-20,Detergent 900g (12),Household,49,0,21500
2025-10-20,Malt drink 330ml (24),Beverages,133,0,13200
2025-10-20,Orange juice 1L (12),Beverages,53,0,18600
2025-10-20,Plantain chips 150g (20),Snacks,111,0,9200
2025-10-21,Bar soap (48),Personal care,72,0,14400
2025-10-21,Bottled water 75cl (12),Beverages,247,0,3600
2025-10-21,Detergent 900g (12),Household,51,0,21500
2025-10-21,Malt drink 330ml (24),Beverages,124,0,13200
2025-10-21,Orange juice 1L (12),Beverages,69,0,18600
2025-10-21,Plantain chips 150g (20),Snacks,122,1,8300
2025-10-22,Bar soap (48),Personal care,52,0,14400
2025-10-22,Bottled water 75cl (12),Beverages,279,0,3600
2025-10-22,Detergent 900g (12),Household,73,1,19350
2025-10-22,Malt drink 330ml (24),Beverages,110,0,13200
2025-10-22,Orange juice 1L (12),Beverages,62,0,18600
2025-10-22,Plantain chips 150g (20),Snacks,120,1,8300
2025-10-23,Bar soap (48),Personal care,75,0,14400
2025-10-23,Bottled water 75cl (12),Beverages,240,0,3600
2025-10-23,Detergent 900g (12),Household,72,1,19350
2025-10-23,Malt drink 330ml (24),Beverages,131,0,13200
2025-10-23,Orange juice 1L (12),Beverages,52,0,18600
2025-10-23,Plantain chips 150g (20),Snacks,127,1,8300
2025-10-24,Bar soap (48),Personal care,68,0,14400
2025-10-24,Bottled water 75cl (12),Beverages,257,0,3600
2025-10-24,Detergent 900g (12),Household,86,1,19350
2025-10-24,Malt drink 330ml (24),Beverages,247,1,11900
2025-10-24,Orange juice 1L (12),Beverages,84,0,18600
2025-10-24,Plantain chips 150g (20),Snacks,175,1,8300
2025-10-25,Bar soap (48),Personal care,103,0,14400
2025-10-25,Bottled water 75cl (12),Beverages,294,0,3600
2025-10-25,Detergent 900g (12),Household,118,1,19350
2025-10-25,Malt drink 330ml (24),Beverages,264,1,11900
2025-10-25,Orange juice 1L (12),Beverages,85,0,18600
2025-10-25,Plantain chips 150g (20),Snacks,169,1,8300
2025-10-26,Bar soap (48),Personal care,47,0,14400
2025-10-26,Bottled water 75cl (12),Beverages,156,0,3600
2025-10-26,Detergent 900g (12),Household,36,1,19350
2025-10-26,Malt drink 330ml (24),Beverages,118,1,11900
2025-10-26,Orange juice 1L (12),Beverages,32,0,18600
2025-10-26,Plantain chips 150g (20),Snacks,64,1,8300
2025-10-27,Bar soap (48),Personal care,68,0,14400
2025-10-27,Bottled water 75cl (12),Beverages,213,0,3600
2025-10-27,Detergent 900g (12),Household,78,1,19350
2025-10-27,Malt drink 330ml (24),Beverages,174,1,11900
2025-10-27,Orange juice 1L (12),Beverages,65,0,18600
2025-10-27,Plantain chips 150g (20),Snacks,108,1,8300
2025-10-28,Bar soap (48),Personal care,56,0,14400
2025-10-28,Bottled water 75cl (12),Beverages,231,0,3600
2025-10-28,Detergent 900g (12),Household,81,1,19350
2025-10-28,Malt drink 330ml (24),Beverages,181,1,11900
2025-10-28,Orange juice 1L (12),Beverages,63,0,18600
2025-10-28,Plantain chips 150g (20),Snacks,66,0,9200
2025-10-29,Bar soap (48),Personal care,71,0,14400
2025-10-29,Bottled water 75cl (12),Beverages,289,0,3600
2025-10-29,Detergent 900g (12),Household,69,1,19350
2025-10-29,Malt drink 330ml (24),Beverages,265,1,11900
2025-10-29,Orange juice 1L (12),Beverages,78,0,18600
2025-10-29,Plantain chips 150g (20),Snacks,83,0,9200
2025-10-30,Bar soap (48),Personal care,97,0,14400
2025-10-30,Bottled water 75cl (12),Beverages,309,0,3600
2025-10-30,Detergent 900g (12),Household,94,1,19350
2025-10-30,Malt drink 330ml (24),Beverages,260,1,11900
2025-10-30,Orange juice 1L (12),Beverages,67,0,18600
2025-10-30,Plantain chips 150g (20),Snacks,87,0,9200
2025-10-31,Bar soap (48),Personal care,88,0,14400
2025-10-31,Bottled water 75cl (12),Beverages,350,0,3600
2025-10-31,Detergent 900g (12),Household,87,1,19350
2025-10-31,Malt drink 330ml (24),Beverages,158,0,13200
2025-10-31,Orange juice 1L (12),Beverages,73,0,18600
2025-10-31,Plantain chips 150g (20),Snacks,78,0,9200
2025-11-01,Bar soap (48),Personal care,109,0,14400
2025-11-01,Bottled water 75cl (12),Beverages,323,0,3600
2025-11-01,Detergent 900g (12),Household,93,1,19350
2025-11-01,Malt drink 330ml (24),Beverages,153,0,13200
2025-11-01,Orange juice 1L (12),Beverages,82,0,18600
2025-11-01,Plantain chips 150g (20),Snacks,102,0,9200
2025-11-02,Bar soap (48),Personal care,38,0,14400
2025-11-02,Bottled water 75cl (12),Beverages,206,0,3600
2025-11-02,Detergent 900g (12),Household,52,1,19350
2025-11-02,Malt drink 330ml (24),Beverages,74,0,13200
2025-11-02,Orange juice 1L (12),Beverages,47,0,18600
2025-11-02,Plantain chips 150g (20),Snacks,45,0,9200
2025-11-03,Bar soap (48),Personal care,86,0,14400
2025-11-03,Bottled water 75cl (12),Beverages,261,0,3600
2025-11-03,Detergent 900g (12),Household,72,1,19350
2025-11-03,Malt drink 330ml (24),Beverages,145,0,13200
2025-11-03,Orange juice 1L (12),Beverages,75,0,18600
2025-11-03,Plantain chips 150g (20),Snacks,83,0,9200
2025-11-04,Bar soap (48),Personal care,81,0,14400
2025-11-04,Bottled water 75cl (12),Beverages,226,0,3600
2025-11-04,Detergent 900g (12),Household,55,0,21500
2025-11-04,Malt drink 330ml (24),Beverages,113,0,13200
2025-11-04,Orange juice 1L (12),Beverages,66,0,18600
2025-11-04,Plantain chips 150g (20),Snacks,100,0,9200
2025-11-05,Bar soap (48),Personal care,62,0,14400
2025-11-05,Bottled water 75cl (12),Beverages,263,0,3600
2025-11-05,Detergent 900g (12),Household,49,0,21500
2025-11-05,Malt drink 330ml (24),Beverages,118,0,13200
2025-11-05,Orange juice 1L (12),Beverages,58,0,18600
2025-11-05,Plantain chips 150g (20),Snacks,94,0,9200
2025-11-06,Bar soap (48),Personal care,62,0,14400
2025-11-06,Bottled water 75cl (12),Beverages,262,0,3600
2025-11-06,Detergent 900g (12),Household,48,0,21500
2025-11-06,Malt drink 330ml (24),Beverages,144,0,13200
2025-11-06,Orange juice 1L (12),Beverages,70,0,18600
2025-11-06,Plantain chips 150g (20),Snacks,103,0,9200
2025-11-07,Bar soap (48),Personal care,67,0,14400
2025-11-07,Bottled water 75cl (12),Beverages,287,0,3600
2025-11-07,Detergent 900g (12),Household,46,0,21500
2025-11-07,Malt drink 330ml (24),Beverages,143,0,13200
2025-11-07,Orange juice 1L (12),Beverages,96,0,18600
2025-11-07,Plantain chips 150g (20),Snacks,96,0,9200
2025-11-08,Bar soap (48),Personal care,83,0,14400
2025-11-08,Bottled water 75cl (12),Beverages,300,0,3600
2025-11-08,Detergent 900g (12),Household,62,0,21500
2025-11-08,Malt drink 330ml (24),Beverages,191,0,13200
2025-11-08,Orange juice 1L (12),Beverages,78,0,18600
2025-11-08,Plantain chips 150g (20),Snacks,105,0,9200
2025-11-09,Bar soap (48),Personal care,33,0,14400
2025-11-09,Bottled water 75cl (12),Beverages,139,0,3600
2025-11-09,Detergent 900g (12),Household,24,0,21500
2025-11-09,Malt drink 330ml (24),Beverages,81,0,13200
2025-11-09,Orange juice 1L (12),Beverages,44,0,18600
2025-11-09,Plantain chips 150g (20),Snacks,42,0,9200
2025-11-10,Bar soap (48),Personal care,66,0,14400
2025-11-10,Bottled water 75cl (12),Beverages,292,0,3600
2025-11-10,Detergent 900g (12),Household,50,0,21500
2025-11-10,Malt drink 330ml (24),Beverages,132,0,13200
2025-11-10,Orange juice 1L (12),Beverages,73,0,18600
2025-11-10,Plantain chips 150g (20),Snacks,79,0,9200
2025-11-11,Bar soap (48),Personal care,78,0,14400
2025-11-11,Bottled water 75cl (12),Beverages,276,0,3600
2025-11-11,Detergent 900g (12),Household,64,0,21500
2025-11-11,Malt drink 330ml (24),Beverages,123,0,13200
2025-11-11,Orange juice 1L (12),Beverages,56,0,18600
2025-11-11,Plantain chips 150g (20),Snacks,83,0,9200
2025-11-12,Bar soap (48),Personal care,78,0,14400
2025-11-12,Bottled water 75cl (12),Beverages,250,0,3600
2025-11-12,Detergent 900g (12),Household,51,0,21500
2025-11-12,Malt drink 330ml (24),Beverages,125,0,13200
2025-11-12,Orange juice 1L (12),Beverages,66,0,18600
2025-11-12,Plantain chips 150g (20),Snacks,82,0,9200
2025-11-13,Bar soap (48),Personal care,74,0,14400
2025-11-13,Bottled water 75cl (12),Beverages,246,0,3600
2025-11-13,Detergent 900g (12),Household,46,0,21500
2025-11-13,Malt drink 330ml (24),Beverages,169,0,13200
2025-11-13,Orange juice 1L (12),Beverages,68,0,18600
2025-11-13,Plantain chips 150g (20),Snacks,81,0,9200
2025-11-14,Bar soap (48),Personal care,82,0,14400
2025-11-14,Bottled water 75cl (12),Beverages,241,0,3600
2025-11-14,Detergent 900g (12),Household,66,0,21500
2025-11-14,Malt drink 330ml (24),Beverages,135,0,13200
2025-11-14,Orange juice 1L (12),Beverages,71,0,18600
2025-11-14,Plantain chips 150g (20),Snacks,89,0,9200
2025-11-15,Bar soap (48),Personal care,84,0,14400
2025-11-15,Bottled water 75cl (12),Beverages,308,0,3600
2025-11-15,Detergent 900g (12),Household,70,0,21500
2025-11-15,Malt drink 330ml (24),Beverages,191,0,13200
2025-11-15,Orange juice 1L (12),Beverages,75,0,18600
2025-11-15,Plantain chips 150g (20),Snacks,99,0,9200
2025-11-16,Bar soap (48),Personal care,37,0,14400
2025-11-16,Bottled water 75cl (12),Beverages,136,0,3600
2025-11-16,Detergent 900g (12),Household,33,0,21500
2025-11-16,Malt drink 330ml (24),Beverages,86,0,13200
2025-11-16,Orange juice 1L (12),Beverages,39,0,18600
2025-11-16,Plantain chips 150g (20),Snacks,46,0,9200
2025-11-17,Bar soap (48),Personal care,62,0,14400
2025-11-17,Bottled water 75cl (12),Beverages,249,0,3600
2025-11-17,Detergent 900g (12),Household,57,0,21500
2025-11-17,Malt drink 330ml (24),Beverages,162,0,13200
2025-11-17,Orange juice 1L (12),Beverages,77,0,18600
2025-11-17,Plantain chips 150g (20),Snacks,78,0,9200
2025-11-18,Bar soap (48),Personal care,73,0,14400
2025-11-18,Bottled water 75cl (12),Beverages,237,0,3600
2025-11-18,Detergent 900g (12),Household,47,0,21500
2025-11-18,Malt drink 330ml (24),Beverages,136,0,13200
2025-11-18,Orange juice 1L (12),Beverages,57,0,18600
2025-11-18,Plantain chips 150g (20),Snacks,75,0,9200
2025-11-19,Bar soap (48),Personal care,90,0,14400
2025-11-19,Bottled water 75cl (12),Beverages,292,0,3600
2025-11-19,Detergent 900g (12),Household,60,0,21500
2025-11-19,Malt drink 330ml (24),Beverages,135,0,13200
2025-11-19,Orange juice 1L (12),Beverages,71,0,18600
2025-11-19,Plantain chips 150g (20),Snacks,89,0,9200
2025-11-20,Bar soap (48),Personal care,89,0,14400
2025-11-20,Bottled water 75cl (12),Beverages,261,0,3600
2025-11-20,Detergent 900g (12),Household,52,0,21500
2025-11-20,Malt drink 330ml (24),Beverages,127,0,13200
2025-11-20,Orange juice 1L (12),Beverages,60,0,18600
2025-11-20,Plantain chips 150g (20),Snacks,96,0,9200
2025-11-21,Bar soap (48),Personal care,88,0,14400
2025-11-21,Bottled water 75cl (12),Beverages,274,0,3600
2025-11-21,Detergent 900g (12),Household,85,1,19350
2025-11-21,Malt drink 330ml (24),Beverages,155,0,13200
2025-11-21,Orange juice 1L (12),Beverages,82,0,18600
2025-11-21,Plantain chips 150g (20),Snacks,94,0,9200
2025-11-22,Bar soap (48),Personal care,86,0,14400
2025-11-22,Bottled water 75cl (12),Beverages,369,0,3600
2025-11-22,Detergent 900g (12),Household,76,1,19350
2025-11-22,Malt drink 330ml (24),Beverages,138,0,13200
2025-11-22,Orange juice 1L (12),Beverages,76,0,18600
2025-11-22,Plantain chips 150g (20),Snacks,113,0,9200
2025-11-23,Bar soap (48),Personal care,39,0,14400
2025-11-23,Bottled water 75cl (12),Beverages,150,0,3600
2025-11-23,Detergent 900g (12),Household,46,1,19350
2025-11-23,Malt drink 330ml (24),Beverages,84,0,13200
2025-11-23,Orange juice 1L (12),Beverages,32,0,18600
2025-11-23,Plantain chips 150g (20),Snacks,43,0,9200
2025-11-24,Bar soap (48),Personal care,67,0,14400
2025-11-24,Bottled water 75cl (12),Beverages,214,0,3600
2025-11-24,Detergent 900g (12),Household,91,1,19350
2025-11-24,Malt drink 330ml (24),Beverages,169,0,13200
2025-11-24,Orange juice 1L (12),Beverages,60,0,18600
2025-11-24,Plantain chips 150g (20),Snacks,75,0,9200
2025-11-25,Bar soap (48),Personal care,64,0,14400
2025-11-25,Bottled water 75cl (12),Beverages,261,0,3600
2025-11-25,Detergent 900g (12),Household,70,1,19350
2025-11-25,Malt drink 330ml (24),Beverages,141,0,13200
2025-11-25,Orange juice 1L (12),Beverages,61,0,18600
2025-11-25,Plantain chips 150g (20),Snacks,91,0,9200
2025-11-26,Bar soap (48),Personal care,70,0,14400
2025-11-26,Bottled water 75cl (12),Beverages,224,0,3600
2025-11-26,Detergent 900g (12),Household,65,1,19350
2025-11-26,Malt drink 330ml (24),Beverages,125,0,13200
2025-11-26,Orange juice 1L (12),Beverages,68,0,18600
2025-11-26,Plantain chips 150g (20),Snacks,72,0,9200
2025-11-27,Bar soap (48),Personal care,85,0,14400
2025-11-27,Bottled water 75cl (12),Beverages,275,0,3600
2025-11-27,Detergent 900g (12),Household,81,1,19350
2025-11-27,Malt drink 330ml (24),Beverages,136,0,13200
2025-11-27,Orange juice 1L (12),Beverages,86,0,18600
2025-11-27,Plantain chips 150g (20),Snacks,97,0,9200
2025-11-28,Bar soap (48),Personal care,110,0,14400
2025-11-28,Bottled water 75cl (12),Beverages,342,0,3600
2025-11-28,Detergent 900g (12),Household,57,0,21500
2025-11-28,Malt drink 330ml (24),Beverages,175,0,13200
2025-11-28,Orange juice 1L (12),Beverages,89,0,18600
2025-11-28,Plantain chips 150g (20),Snacks,141,0,9200
2025-11-29,Bar soap (48),Personal care,115,0,14400
2025-11-29,Bottled water 75cl (12),Beverages,340,0,3600
2025-11-29,Detergent 900g (12),Household,59,0,21500
2025-11-29,Malt drink 330ml (24),Beverages,247,0,13200
2025-11-29,Orange juice 1L (12),Beverages,107,0,18600
2025-11-29,Plantain chips 150g (20),Snacks,110,0,9200
2025-11-30,Bar soap (48),Personal care,48,0,14400
2025-11-30,Bottled water 75cl (12),Beverages,114,0,3600
2025-11-30,Detergent 900g (12),Household,33,0,21500
2025-11-30,Malt drink 330ml (24),Beverages,109,0,13200
2025-11-30,Orange juice 1L (12),Beverages,34,0,18600
2025-11-30,Plantain chips 150g (20),Snacks,47,0,9200
2025-12-01,Bar soap (48),Personal care,84,0,14400
2025-12-01,Bottled water 75cl (12),Beverages,274,0,3600
2025-12-01,Detergent 900g (12),Household,51,0,21500
2025-12-01,Malt drink 330ml (24),Beverages,142,0,13200
2025-12-01,Orange juice 1L (12),Beverages,73,0,18600
2025-12-01,Plantain chips 150g (20),Snacks,85,0,9200
2025-12-02,Bar soap (48),Personal care,78,0,14400
2025-12-02,Bottled water 75cl (12),Beverages,261,0,3600
2025-12-02,Detergent 900g (12),Household,56,0,21500
2025-12-02,Malt drink 330ml (24),Beverages,166,0,13200
2025-12-02,Orange juice 1L (12),Beverages,73,0,18600
2025-12-02,Plantain chips 150g (20),Snacks,112,0,9200
2025-12-03,Bar soap (48),Personal care,75,0,14400
2025-12-03,Bottled water 75cl (12),Beverages,234,0,3600
2025-12-03,Detergent 900g (12),Household,52,0,21500
2025-12-03,Malt drink 330ml (24),Beverages,136,0,13200
2025-12-03,Orange juice 1L (12),Beverages,78,0,18600
2025-12-03,Plantain chips 150g (20),Snacks,75,0,9200
2025-12-04,Bar soap (48),Personal care,70,0,14400
2025-12-04,Bottled water 75cl (12),Beverages,291,0,3600
2025-12-04,Detergent 900g (12),Household,63,0,21500
2025-12-04,Malt drink 330ml (24),Beverages,164,0,13200
2025-12-04,Orange juice 1L (12),Beverages,82,0,18600
2025-12-04,Plantain chips 150g (20),Snacks,85,0,9200
2025-12-05,Bar soap (48),Personal care,73,0,14400
2025-12-05,Bottled water 75cl (12),Beverages,351,0,3600
2025-12-05,Detergent 900g (12),Household,51,0,21500
2025-12-05,Malt drink 330ml (24),Beverages,198,0,13200
2025-12-05,Orange juice 1L (12),Beverages,78,0,18600
2025-12-05,Plantain chips 150g (20),Snacks,85,0,9200
2025-12-06,Bar soap (48),Personal care,125,0,14400
2025-12-06,Bottled water 75cl (12),Beverages,317,0,3600
2025-12-06,Detergent 900g (12),Household,66,0,21500
2025-12-06,Malt drink 330ml (24),Beverages,199,0,13200
2025-12-06,Orange juice 1L (12),Beverages,89,0,18600
2025-12-06,Plantain chips 150g (20),Snacks,129,0,9200
2025-12-07,Bar soap (48),Personal care,45,0,14400
2025-12-07,Bottled water 75cl (12),Beverages,169,0,3600
2025-12-07,Detergent 900g (12),Household,36,0,21500
2025-12-07,Malt drink 330ml (24),Beverages,94,0,13200
2025-12-07,Orange juice 1L (12),Beverages,39,0,18600
2025-12-07,Plantain chips 150g (20),Snacks,55,0,9200
2025-12-08,Bar soap (48),Personal care,67,0,14400
2025-12-08,Bottled water 75cl (12),Beverages,239,0,3600
2025-12-08,Detergent 900g (12),Household,61,0,21500
2025-12-08,Malt drink 330ml (24),Beverages,186,0,13200
2025-12-08,Orange juice 1L (12),Beverages,98,0,18600
2025-12-08,Plantain chips 150g (20),Snacks,99,0,9200
2025-12-09,Bar soap (48),Personal care,72,0,14400
2025-12-09,Bottled water 75cl (12),Beverages,358,0,3600
2025-12-09,Detergent 900g (12),Household,60,0,21500
2025-12-09,Malt drink 330ml (24),Beverages,219,0,13200
2025-12-09,Orange juice 1L (12),Beverages,74,0,18600
2025-12-09,Plantain chips 150g (20),Snacks,94,0,9200
2025-12-10,Bar soap (48),Personal care,73,0,14400
2025-12-10,Bottled water 75cl (12),Beverages,256,0,3600
2025-12-10,Detergent 900g (12),Household,76,0,21500
2025-12-10,Malt drink 330ml (24),Beverages,181,0,13200
2025-12-10,Orange juice 1L (12),Beverages,93,0,18600
2025-12-10,Plantain chips 150g (20),Snacks,85,0,9200
2025-12-11,Bar soap (48),Personal care,69,0,14400
2025-12-11,Bottled water 75cl (12),Beverages,325,0,3600
2025-12-11,Detergent 900g (12),Household,62,0,21500
2025-12-11,Malt drink 330ml (24),Beverages,171,0,13200
2025-12-11,Orange juice 1L (12),Beverages,103,0,18600
2025-12-11,Plantain chips 150g (20),Snacks,100,0,9200
2025-12-12,Bar soap (48),Personal care,88,0,14400
2025-12-12,Bottled water 75cl (12),Beverages,273,0,3600
2025-12-12,Detergent 900g (12),Household,67,0,21500
2025-12-12,Malt drink 330ml (24),Beverages,193,0,13200
2025-12-12,Orange juice 1L (12),Beverages,88,0,18600
2025-12-12,Plantain chips 150g (20),Snacks,123,0,9200
2025-12-13,Bar soap (48),Personal care,75,0,14400
2025-12-13,Bottled water 75cl (12),Beverages,380,0,3600
2025-12-13,Detergent 900g (12),Household,79,0,21500
2025-12-13,Malt drink 330ml (24),Beverages,227,0,13200
2025-12-13,Orange juice 1L (12),Beverages,113,0,18600
2025-12-13,Plantain chips 150g (20),Snacks,125,0,9200
2025-12-14,Bar soap (48),Personal care,42,0,14400
2025-12-14,Bottled water 75cl (12),Beverages,180,0,3600
2025-12-14,Detergent 900g (12),Household,34,0,21500
2025-12-14,Malt drink 330ml (24),Beverages,128,0,13200
2025-12-14,Orange juice 1L (12),Beverages,57,0,18600
2025-12-14,Plantain chips 150g (20),Snacks,50,0,9200
2025-12-15,Bar soap (48),Personal care,64,0,14400
2025-12-15,Bottled water 75cl (12),Beverages,346,0,3600
2025-12-15,Detergent 900g (12),Household,55,0,21500
2025-12-15,Malt drink 330ml (24),Beverages,216,0,13200
2025-12-15,Orange juice 1L (12),Beverages,84,0,18600
2025-12-15,Plantain chips 150g (20),Snacks,115,0,9200
2025-12-16,Bar soap (48),Personal care,103,0,14400
2025-12-16,Bottled water 75cl (12),Beverages,320,0,3600
2025-12-16,Detergent 900g (12),Household,55,0,21500
2025-12-16,Malt drink 330ml (24),Beverages,233,0,13200
2025-12-16,Orange juice 1L (12),Beverages,108,0,18600
2025-12-16,Plantain chips 150g (20),Snacks,119,0,9200
2025-12-17,Bar soap (48),Personal care,91,0,14400
2025-12-17,Bottled water 75cl (12),Beverages,255,0,3600
2025-12-17,Detergent 900g (12),Household,64,0,21500
2025-12-17,Malt drink 330ml (24),Beverages,218,0,13200
2025-12-17,Orange juice 1L (12),Beverages,87,0,18600
2025-12-17,Plantain chips 150g (20),Snacks,104,0,9200
2025-12-18,Bar soap (48),Personal care,92,0,14400
2025-12-18,Bottled water 75cl (12),Beverages,341,0,3600
2025-12-18,Detergent 900g (12),Household,70,0,21500
2025-12-18,Malt drink 330ml (24),Beverages,279,0,13200
2025-12-18,Orange juice 1L (12),Beverages,102,0,18600
2025-12-18,Plantain chips 150g (20),Snacks,107,0,9200
2025-12-19,Bar soap (48),Personal care,96,0,14400
2025-12-19,Bottled water 75cl (12),Beverages,354,0,3600
2025-12-19,Detergent 900g (12),Household,71,0,21500
2025-12-19,Malt drink 330ml (24),Beverages,264,0,13200
2025-12-19,Orange juice 1L (12),Beverages,111,0,18600
2025-12-19,Plantain chips 150g (20),Snacks,116,0,9200
2025-12-20,Bar soap (48),Personal care,98,0,14400
2025-12-20,Bottled water 75cl (12),Beverages,379,0,3600
2025-12-20,Detergent 900g (12),Household,77,0,21500
2025-12-20,Malt drink 330ml (24),Beverages,242,0,13200
2025-12-20,Orange juice 1L (12),Beverages,145,0,18600
2025-12-20,Plantain chips 150g (20),Snacks,131,0,9200
2025-12-21,Bar soap (48),Personal care,49,0,14400
2025-12-21,Bottled water 75cl (12),Beverages,169,0,3600
2025-12-21,Detergent 900g (12),Household,37,0,21500
2025-12-21,Malt drink 330ml (24),Beverages,127,0,13200
2025-12-21,Orange juice 1L (12),Beverages,61,0,18600
2025-12-21,Plantain chips 150g (20),Snacks,55,0,9200
2025-12-22,Bar soap (48),Personal care,83,0,14400
2025-12-22,Bottled water 75cl (12),Beverages,297,0,3600
2025-12-22,Detergent 900g (12),Household,60,0,21500
2025-12-22,Malt drink 330ml (24),Beverages,244,0,13200
2025-12-22,Orange juice 1L (12),Beverages,111,0,18600
2025-12-22,Plantain chips 150g (20),Snacks,131,0,9200
2025-12-23,Bar soap (48),Personal care,71,0,14400
2025-12-23,Bottled water 75cl (12),Beverages,342,0,3600
2025-12-23,Detergent 900g (12),Household,68,0,21500
2025-12-23,Malt drink 330ml (24),Beverages,260,0,13200
2025-12-23,Orange juice 1L (12),Beverages,123,0,18600
2025-12-23,Plantain chips 150g (20),Snacks,103,0,9200
2025-12-24,Bar soap (48),Personal care,82,0,14400
2025-12-24,Bottled water 75cl (12),Beverages,347,0,3600
2025-12-24,Detergent 900g (12),Household,69,0,21500
2025-12-24,Malt drink 330ml (24),Beverages,234,0,13200
2025-12-24,Orange juice 1L (12),Beverages,104,0,18600
2025-12-24,Plantain chips 150g (20),Snacks,105,0,9200
2025-12-25,Bar soap (48),Personal care,0,0,14400
2025-12-25,Bottled water 75cl (12),Beverages,0,0,3600
2025-12-25,Detergent 900g (12),Household,0,0,21500
2025-12-25,Malt drink 330ml (24),Beverages,0,0,13200
2025-12-25,Orange juice 1L (12),Beverages,0,0,18600
2025-12-25,Plantain chips 150g (20),Snacks,0,0,9200
2025-12-26,Bar soap (48),Personal care,83,0,14400
2025-12-26,Bottled water 75cl (12),Beverages,379,0,3600
2025-12-26,Detergent 900g (12),Household,64,0,21500
2025-12-26,Malt drink 330ml (24),Beverages,278,0,13200
2025-12-26,Orange juice 1L (12),Beverages,106,0,18600
2025-12-26,Plantain chips 150g (20),Snacks,126,0,9200
2025-12-27,Bar soap (48),Personal care,94,0,14400
2025-12-27,Bottled water 75cl (12),Beverages,460,0,3600
2025-12-27,Detergent 900g (12),Household,71,0,21500
2025-12-27,Malt drink 330ml (24),Beverages,323,0,13200
2025-12-27,Orange juice 1L (12),Beverages,130,0,18600
2025-12-27,Plantain chips 150g (20),Snacks,158,0,9200
2025-12-28,Bar soap (48),Personal care,45,0,14400
2025-12-28,Bottled water 75cl (12),Beverages,201,0,3600
2025-12-28,Detergent 900g (12),Household,37,0,21500
2025-12-28,Malt drink 330ml (24),Beverages,138,0,13200
2025-12-28,Orange juice 1L (12),Beverages,58,0,18600
2025-12-28,Plantain chips 150g (20),Snacks,62,0,9200
2025-12-29,Bar soap (48),Personal care,83,0,14400
2025-12-29,Bottled water 75cl (12),Beverages,337,0,3600
2025-12-29,Detergent 900g (12),Household,76,0,21500
2025-12-29,Malt drink 330ml (24),Beverages,248,0,13200
2025-12-29,Orange juice 1L (12),Beverages,112,0,18600
2025-12-29,Plantain chips 150g (20),Snacks,125,0,9200
2025-12-30,Bar soap (48),Personal care,84,0,14400
2025-12-30,Bottled water 75cl (12),Beverages,325,0,3600
2025-12-30,Detergent 900g (12),Household,75,0,21500
2025-12-30,Malt drink 330ml (24),Beverages,221,0,13200
2025-12-30,Orange juice 1L (12),Beverages,117,0,18600
2025-12-30,Plantain chips 150g (20),Snacks,124,0,9200
2025-12-31,Bar soap (48),Personal care,88,0,14400
2025-12-31,Bottled water 75cl (12),Beverages,369,0,3600
2025-12-31,Detergent 900g (12),Household,78,0,21500
2025-12-31,Malt drink 330ml (24),Beverages,251,0,13200
2025-12-31,Orange juice 1L (12),Beverages,110,0,18600
2025-12-31,Plantain chips 150g (20),Snacks,100,0,9200
2026-01-01,Bar soap (48),Personal care,0,0,16150
2026-01-01,Bottled water 75cl (12),Beverages,0,0,4050
2026-01-01,Detergent 900g (12),Household,0,0,24100
2026-01-01,Malt drink 330ml (24),Beverages,0,0,14800
2026-01-01,Orange juice 1L (12),Beverages,0,0,20850
2026-01-01,Plantain chips 150g (20),Snacks,0,0,10300
2026-01-02,Bar soap (48),Personal care,73,0,16150
2026-01-02,Bottled water 75cl (12),Beverages,252,0,4050
2026-01-02,Detergent 900g (12),Household,53,0,24100
2026-01-02,Malt drink 330ml (24),Beverages,139,0,14800
2026-01-02,Orange juice 1L (12),Beverages,79,0,20850
2026-01-02,Plantain chips 150g (20),Snacks,67,0,10300
2026-01-03,Bar soap (48),Personal care,65,0,16150
2026-01-03,Bottled water 75cl (12),Beverages,254,0,4050
2026-01-03,Detergent 900g (12),Household,59,0,24100
2026-01-03,Malt drink 330ml (24),Beverages,138,0,14800
2026-01-03,Orange juice 1L (12),Beverages,71,0,20850
2026-01-03,Plantain chips 150g (20),Snacks,93,0,10300
2026-01-04,Bar soap (48),Personal care,30,0,16150
2026-01-04,Bottled water 75cl (12),Beverages,124,0,4050
2026-01-04,Detergent 900g (12),Household,24,0,24100
2026-01-04,Malt drink 330ml (24),Beverages,85,0,14800
2026-01-04,Orange juice 1L (12),Beverages,30,0,20850
2026-01-04,Plantain chips 150g (20),Snacks,32,0,10300
2026-01-05,Bar soap (48),Personal care,62,0,16150
2026-01-05,Bottled water 75cl (12),Beverages,212,0,4050
2026-01-05,Detergent 900g (12),Household,42,0,24100
2026-01-05,Malt drink 330ml (24),Beverages,122,0,14800
2026-01-05,Orange juice 1L (12),Beverages,51,0,20850
2026-01-05,Plantain chips 150g (20),Snacks,80,0,10300
2026-01-06,Bar soap (48),Personal care,55,0,16150
2026-01-06,Bottled water 75cl (12),Beverages,208,0,4050
2026-01-06,Detergent 900g (12),Household,45,0,24100
2026-01-06,Malt drink 330ml (24),Beverages,138,0,14800
2026-01-06,Orange juice 1L (12),Beverages,40,0,20850
2026-01-06,Plantain chips 150g (20),Snacks,71,0,10300
2026-01-07,Bar soap (48),Personal care,65,0,16150
2026-01-07,Bottled water 75cl (12),Beverages,175,0,4050
2026-01-07,Detergent 900g (12),Household,39,0,24100
2026-01-07,Malt drink 330ml (24),Beverages,122,0,14800
2026-01-07,Orange juice 1L (12),Beverages,48,0,20850
2026-01-07,Plantain chips 150g (20),Snacks,81,0,10300
2026-01-08,Bar soap (48),Personal care,61,0,16150
2026-01-08,Bottled water 75cl (12),Beverages,215,0,4050
2026-01-08,Detergent 900g (12),Household,49,0,24100
2026-01-08,Malt drink 330ml (24),Beverages,113,0,14800
2026-01-08,Orange juice 1L (12),Beverages,69,0,20850
2026-01-08,Plantain chips 150g (20),Snacks,66,0,10300
2026-01-09,Bar soap (48),Personal care,65,0,16150
2026-01-09,Bottled water 75cl (12),Beverages,217,0,4050
2026-01-09,Detergent 900g (12),Household,50,0,24100
2026-01-09,Malt drink 330ml (24),Beverages,132,0,14800
2026-01-09,Orange juice 1L (12),Beverages,65,0,20850
2026-01-09,Plantain chips 150g (20),Snacks,77,0,10300
2026-01-10,Bar soap (48),Personal care,65,0,16150
2026-01-10,Bottled water 75cl (12),Beverages,282,0,4050
2026-01-10,Detergent 900g (12),Household,54,0,24100
2026-01-10,Malt drink 330ml (24),Beverages,127,0,14800
2026-01-10,Orange juice 1L (12),Beverages,62,0,20850
2026-01-10,Plantain chips 150g (20),Snacks,89,0,10300
2026-01-11,Bar soap (48),Personal care,36,0,16150
2026-01-11,Bottled water 75cl (12),Beverages,124,0,4050
2026-01-11,Detergent 900g (12),Household,23,0,24100
2026-01-11,Malt drink 330ml (24),Beverages,80,0,14800
2026-01-11,Orange juice 1L (12),Beverages,27,0,20850
2026-01-11,Plantain chips 150g (20),Snacks,35,0,10300
2026-01-12,Bar soap (48),Personal care,58,0,16150
2026-01-12,Bottled water 75cl (12),Beverages,247,0,4050
2026-01-12,Detergent 900g (12),Household,48,0,24100
2026-01-12,Malt drink 330ml (24),Beverages,117,0,14800
2026-01-12,Orange juice 1L (12),Beverages,54,0,20850
2026-01-12,Plantain chips 150g (20),Snacks,56,0,10300
2026-01-13,Bar soap (48),Personal care,49,0,16150
2026-01-13,Bottled water 75cl (12),Beverages,158,0,4050
2026-01-13,Detergent 900g (12),Household,46,0,24100
2026-01-13,Malt drink 330ml (24),Beverages,120,0,14800
2026-01-13,Orange juice 1L (12),Beverages,52,0,20850
2026-01-13,Plantain chips 150g (20),Snacks,76,0,10300
2026-01-14,Bar soap (48),Personal care,54,0,16150
2026-01-14,Bottled water 75cl (12),Beverages,171,0,4050
2026-01-14,Detergent 900g (12),Household,48,0,24100
2026-01-14,Malt drink 330ml (24),Beverages,94,0,14800
2026-01-14,Orange juice 1L (12),Beverages,51,0,20850
2026-01-14,Plantain chips 150g (20),Snacks,72,0,10300
2026-01-15,Bar soap (48),Personal care,69,0,16150
2026-01-15,Bottled water 75cl (12),Beverages,206,0,4050
2026-01-15,Detergent 900g (12),Household,53,0,24100
2026-01-15,Malt drink 330ml (24),Beverages,124,0,14800
2026-01-15,Orange juice 1L (12),Beverages,55,0,20850
2026-01-15,Plantain chips 150g (20),Snacks,109,1,9250
2026-01-16,Bar soap (48),Personal care,67,0,16150
2026-01-16,Bottled water 75cl (12),Beverages,269,0,4050
2026-01-16,Detergent 900g (12),Household,45,0,24100
2026-01-16,Malt drink 330ml (24),Beverages,126,0,14800
2026-01-16,Orange juice 1L (12),Beverages,63,0,20850
2026-01-16,Plantain chips 150g (20),Snacks,108,1,9250
2026-01-17,Bar soap (48),Personal care,65,0,16150
2026-01-17,Bottled water 75cl (12),Beverages,306,0,4050
2026-01-17,Detergent 900g (12),Household,49,0,24100
2026-01-17,Malt drink 330ml (24),Beverages,165,0,14800
2026-01-17,Orange juice 1L (12),Beverages,59,0,20850
2026-01-17,Plantain chips 150g (20),Snacks,129,1,9250
2026-01-18,Bar soap (48),Personal care,27,0,16150
2026-01-18,Bottled water 75cl (12),Beverages,106,0,4050
2026-01-18,Detergent 900g (12),Household,23,0,24100
2026-01-18,Malt drink 330ml (24),Beverages,62,0,14800
2026-01-18,Orange juice 1L (12),Beverages,33,0,20850
2026-01-18,Plantain chips 150g (20),Snacks,53,1,9250
2026-01-19,Bar soap (48),Personal care,76,0,16150
2026-01-19,Bottled water 75cl (12),Beverages,201,0,4050
2026-01-19,Detergent 900g (12),Household,40,0,24100
2026-01-19,Malt drink 330ml (24),Beverages,117,0,14800
2026-01-19,Orange juice 1L (12),Beverages,52,0,20850
2026-01-19,Plantain chips 150g (20),Snacks,98,1,9250
2026-01-20,Bar soap (48),Personal care,52,0,16150
2026-01-20,Bottled water 75cl (12),Beverages,178,0,4050
2026-01-20,Detergent 900g (12),Household,62,1,21650
2026-01-20,Malt drink 330ml (24),Beverages,101,0,14800
2026-01-20,Orange juice 1L (12),Beverages,64,0,20850
2026-01-20,Plantain chips 150g (20),Snacks,80,1,9250
2026-01-21,Bar soap (48),Personal care,54,0,16150
2026-01-21,Bottled water 75cl (12),Beverages,241,0,4050
2026-01-21,Detergent 900g (12),Household,70,1,21650
2026-01-21,Malt drink 330ml (24),Beverages,137,0,14800
2026-01-21,Orange juice 1L (12),Beverages,53,0,20850
2026-01-21,Plantain chips 150g (20),Snacks,99,1,9250
2026-01-22,Bar soap (48),Personal care,64,0,16150
2026-01-22,Bottled water 75cl (12),Beverages,211,0,4050
2026-01-22,Detergent 900g (12),Household,66,1,21650
2026-01-22,Malt drink 330ml (24),Beverages,137,0,14800
2026-01-22,Orange juice 1L (12),Beverages,63,0,20850
2026-01-22,Plantain chips 150g (20),Snacks,49,0,10300
2026-01-23,Bar soap (48),Personal care,57,0,16150
2026-01-23,Bottled water 75cl (12),Beverages,209,0,4050
2026-01-23,Detergent 900g (12),Household,65,1,21650
2026-01-23,Malt drink 330ml (24),Beverages,152,0,14800
2026-01-23,Orange juice 1L (12),Beverages,62,0,20850
2026-01-23,Plantain chips 150g (20),Snacks,61,0,10300
2026-01-24,Bar soap (48),Personal care,71,0,16150
2026-01-24,Bottled water 75cl (12),Beverages,237,0,4050
2026-01-24,Detergent 900g (12),Household,85,1,21650
2026-01-24,Malt drink 330ml (24),Beverages,149,0,14800
2026-01-24,Orange juice 1L (12),Beverages,59,0,20850
2026-01-24,Plantain chips 150g (20),Snacks,95,0,10300
2026-01-25,Bar soap (48),Personal care,40,0,16150
2026-01-25,Bottled water 75cl (12),Beverages,95,0,4050
2026-01-25,Detergent 900g (12),Household,31,1,21650
2026-01-25,Malt drink 330ml (24),Beverages,66,0,14800
2026-01-25,Orange juice 1L (12),Beverages,30,0,20850
2026-01-25,Plantain chips 150g (20),Snacks,31,0,10300
2026-01-26,Bar soap (48),Personal care,47,0,16150
2026-01-26,Bottled water 75cl (12),Beverages,199,0,4050
2026-01-26,Detergent 900g (12),Household,61,1,21650
2026-01-26,Malt drink 330ml (24),Beverages,123,0,14800
2026-01-26,Orange juice 1L (12),Beverages,56,0,20850
2026-01-26,Plantain chips 150g (20),Snacks,54,0,10300
2026-01-27,Bar soap (48),Personal care,52,0,16150
2026-01-27,Bottled water 75cl (12),Beverages,220,0,4050
2026-01-27,Detergent 900g (12),Household,42,0,24100
2026-01-27,Malt drink 330ml (24),Beverages,101,0,14800
2026-01-27,Orange juice 1L (12),Beverages,49,0,20850
2026-01-27,Plantain chips 150g (20),Snacks,51,0,10300
2026-01-28,Bar soap (48),Personal care,65,0,16150
2026-01-28,Bottled water 75cl (12),Beverages,185,0,4050
2026-01-28,Detergent 900g (12),Household,39,0,24100
2026-01-28,Malt drink 330ml (24),Beverages,127,0,14800
2026-01-28,Orange juice 1L (12),Beverages,51,0,20850
2026-01-28,Plantain chips 150g (20),Snacks,54,0,10300
2026-01-29,Bar soap (48),Personal care,68,0,16150
2026-01-29,Bottled water 75cl (12),Beverages,222,0,4050
2026-01-29,Detergent 900g (12),Household,42,0,24100
2026-01-29,Malt drink 330ml (24),Beverages,122,0,14800
2026-01-29,Orange juice 1L (12),Beverages,68,0,20850
2026-01-29,Plantain chips 150g (20),Snacks,93,0,10300
2026-01-30,Bar soap (48),Personal care,70,0,16150
2026-01-30,Bottled water 75cl (12),Beverages,230,0,4050
2026-01-30,Detergent 900g (12),Household,53,0,24100
2026-01-30,Malt drink 330ml (24),Beverages,152,0,14800
2026-01-30,Orange juice 1L (12),Beverages,58,0,20850
2026-01-30,Plantain chips 150g (20),Snacks,95,0,10300
2026-01-31,Bar soap (48),Personal care,87,0,16150
2026-01-31,Bottled water 75cl (12),Beverages,255,0,4050
2026-01-31,Detergent 900g (12),Household,53,0,24100
2026-01-31,Malt drink 330ml (24),Beverages,137,0,14800
2026-01-31,Orange juice 1L (12),Beverages,65,0,20850
2026-01-31,Plantain chips 150g (20),Snacks,93,0,10300
2026-02-01,Bar soap (48),Personal care,44,0,16150
2026-02-01,Bottled water 75cl (12),Beverages,182,0,4050
2026-02-01,Detergent 900g (12),Household,29,0,24100
2026-02-01,Malt drink 330ml (24),Beverages,79,0,14800
2026-02-01,Orange juice 1L (12),Beverages,39,0,20850
2026-02-01,Plantain chips 150g (20),Snacks,42,0,10300
2026-02-02,Bar soap (48),Personal care,69,0,16150
2026-02-02,Bottled water 75cl (12),Beverages,248,0,4050
2026-02-02,Detergent 900g (12),Household,53,0,24100
2026-02-02,Malt drink 330ml (24),Beverages,142,0,14800
2026-02-02,Orange juice 1L (12),Beverages,61,0,20850
2026-02-02,Plantain chips 150g (20),Snacks,91,0,10300
2026-02-03,Bar soap (48),Personal care,60,0,16150
2026-02-03,Bottled water 75cl (12),Beverages,263,0,4050
2026-02-03,Detergent 900g (12),Household,42,0,24100
2026-02-03,Malt drink 330ml (24),Beverages,146,0,14800
2026-02-03,Orange juice 1L (12),Beverages,55,0,20850
2026-02-03,Plantain chips 150g (20),Snacks,81,0,10300
2026-02-04,Bar soap (48),Personal care,58,0,16150
2026-02-04,Bottled water 75cl (12),Beverages,190,0,4050
2026-02-04,Detergent 900g (12),Household,46,0,24100
2026-02-04,Malt drink 330ml (24),Beverages,120,0,14800
2026-02-04,Orange juice 1L (12),Beverages,69,0,20850
2026-02-04,Plantain chips 150g (20),Snacks,69,0,10300
2026-02-05,Bar soap (48),Personal care,99,1,14500
2026-02-05,Bottled water 75cl (12),Beverages,227,0,4050
2026-02-05,Detergent 900g (12),Household,52,0,24100
2026-02-05,Malt drink 330ml (24),Beverages,162,0,14800
2026-02-05,Orange juice 1L (12),Beverages,56,0,20850
2026-02-05,Plantain chips 150g (20),Snacks,81,0,10300
2026-02-06,Bar soap (48),Personal care,106,1,14500
2026-02-06,Bottled water 75cl (12),Beverages,263,0,4050
2026-02-06,Detergent 900g (12),Household,50,0,24100
2026-02-06,Malt drink 330ml (24),Beverages,150,0,14800
2026-02-06,Orange juice 1L (12),Beverages,63,0,20850
2026-02-06,Plantain chips 150g (20),Snacks,99,0,10300
2026-02-07,Bar soap (48),Personal care,126,1,14500
2026-02-07,Bottled water 75cl (12),Beverages,263,0,4050
2026-02-07,Detergent 900g (12),Household,61,0,24100
2026-02-07,Malt drink 330ml (24),Beverages,158,0,14800
2026-02-07,Orange juice 1L (12),Beverages,85,0,20850
2026-02-07,Plantain chips 150g (20),Snacks,97,0,10300
2026-02-08,Bar soap (48),Personal care,49,1,14500
2026-02-08,Bottled water 75cl (12),Beverages,134,0,4050
2026-02-08,Detergent 900g (12),Household,30,0,24100
2026-02-08,Malt drink 330ml (24),Beverages,62,0,14800
2026-02-08,Orange juice 1L (12),Beverages,33,0,20850
2026-02-08,Plantain chips 150g (20),Snacks,43,0,10300
2026-02-09,Bar soap (48),Personal care,109,1,14500
2026-02-09,Bottled water 75cl (12),Beverages,193,0,4050
2026-02-09,Detergent 900g (12),Household,51,0,24100
2026-02-09,Malt drink 330ml (24),Beverages,121,0,14800
2026-02-09,Orange juice 1L (12),Beverages,53,0,20850
2026-02-09,Plantain chips 150g (20),Snacks,83,0,10300
2026-02-10,Bar soap (48),Personal care,107,1,14500
2026-02-10,Bottled water 75cl (12),Beverages,232,0,4050
2026-02-10,Detergent 900g (12),Household,45,0,24100
2026-02-10,Malt drink 330ml (24),Beverages,141,0,14800
2026-02-10,Orange juice 1L (12),Beverages,56,0,20850
2026-02-10,Plantain chips 150g (20),Snacks,74,0,10300
2026-02-11,Bar soap (48),Personal care,90,1,14500
2026-02-11,Bottled water 75cl (12),Beverages,285,0,4050
2026-02-11,Detergent 900g (12),Household,55,0,24100
2026-02-11,Malt drink 330ml (24),Beverages,114,0,14800
2026-02-11,Orange juice 1L (12),Beverages,64,0,20850
2026-02-11,Plantain chips 150g (20),Snacks,85,0,10300
2026-02-12,Bar soap (48),Personal care,59,0,16150
2026-02-12,Bottled water 75cl (12),Beverages,244,0,4050
2026-02-12,Detergent 900g (12),Household,59,0,24100
2026-02-12,Malt drink 330ml (24),Beverages,164,0,14800
2026-02-12,Orange juice 1L (12),Beverages,58,0,20850
2026-02-12,Plantain chips 150g (20),Snacks,79,0,10300
2026-02-13,Bar soap (48),Personal care,64,0,16150
2026-02-13,Bottled water 75cl (12),Beverages,262,0,4050
2026-02-13,Detergent 900g (12),Household,53,0,24100
2026-02-13,Malt drink 330ml (24),Beverages,135,0,14800
2026-02-13,Orange juice 1L (12),Beverages,69,0,20850
2026-02-13,Plantain chips 150g (20),Snacks,97,0,10300
2026-02-14,Bar soap (48),Personal care,139,1,14500
2026-02-14,Bottled water 75cl (12),Beverages,294,0,4050
2026-02-14,Detergent 900g (12),Household,60,0,24100
2026-02-14,Malt drink 330ml (24),Beverages,177,0,14800
2026-02-14,Orange juice 1L (12),Beverages,82,0,20850
2026-02-14,Plantain chips 150g (20),Snacks,105,0,10300
2026-02-15,Bar soap (48),Personal care,51,1,14500
2026-02-15,Bottled water 75cl (12),Beverages,149,0,4050
2026-02-15,Detergent 900g (12),Household,29,0,24100
2026-02-15,Malt drink 330ml (24),Beverages,70,0,14800
2026-02-15,Orange juice 1L (12),Beverages,38,0,20850
2026-02-15,Plantain chips 150g (20),Snacks,50,0,10300
2026-02-16,Bar soap (48),Personal care,122,1,14500
2026-02-16,Bottled water 75cl (12),Beverages,243,0,4050
2026-02-16,Detergent 900g (12),Household,55,0,24100
2026-02-16,Malt drink 330ml (24),Beverages,145,0,14800
2026-02-16,Orange juice 1L (12),Beverages,56,0,20850
2026-02-16,Plantain chips 150g (20),Snacks,80,0,10300
2026-02-17,Bar soap (48),Personal care,104,1,14500
2026-02-17,Bottled water 75cl (12),Beverages,191,0,4050
2026-02-17,Detergent 900g (12),Household,50,0,24100
2026-02-17,Malt drink 330ml (24),Beverages,126,0,14800
2026-02-17,Orange juice 1L (12),Beverages,60,0,20850
2026-02-17,Plantain chips 150g (20),Snacks,70,0,10300
2026-02-18,Bar soap (48),Personal care,126,1,14500
2026-02-18,Bottled water 75cl (12),Beverages,280,0,4050
2026-02-18,Detergent 900g (12),Household,67,1,21650
2026-02-18,Malt drink 330ml (24),Beverages,130,0,14800
2026-02-18,Orange juice 1L (12),Beverages,54,0,20850
2026-02-18,Plantain chips 150g (20),Snacks,68,0,10300
2026-02-19,Bar soap (48),Personal care,98,1,14500
2026-02-19,Bottled water 75cl (12),Beverages,229,0,4050
2026-02-19,Detergent 900g (12),Household,68,1,21650
2026-02-19,Malt drink 330ml (24),Beverages,131,0,14800
2026-02-19,Orange juice 1L (12),Beverages,72,0,20850
2026-02-19,Plantain chips 150g (20),Snacks,72,0,10300
2026-02-20,Bar soap (48),Personal care,126,1,14500
2026-02-20,Bottled water 75cl (12),Beverages,250,0,4050
2026-02-20,Detergent 900g (12),Household,76,1,21650
2026-02-20,Malt drink 330ml (24),Beverages,141,0,14800
2026-02-20,Orange juice 1L (12),Beverages,74,0,20850
2026-02-20,Plantain chips 150g (20),Snacks,82,0,10300
2026-02-21,Bar soap (48),Personal care,88,0,16150
2026-02-21,Bottled water 75cl (12),Beverages,288,0,4050
2026-02-21,Detergent 900g (12),Household,94,1,21650
2026-02-21,Malt drink 330ml (24),Beverages,152,0,14800
2026-02-21,Orange juice 1L (12),Beverages,72,0,20850
2026-02-21,Plantain chips 150g (20),Snacks,87,0,10300
2026-02-22,Bar soap (48),Personal care,28,0,16150
2026-02-22,Bottled water 75cl (12),Beverages,138,0,4050
2026-02-22,Detergent 900g (12),Household,45,1,21650
2026-02-22,Malt drink 330ml (24),Beverages,110,1,13300
2026-02-22,Orange juice 1L (12),Beverages,40,0,20850
2026-02-22,Plantain chips 150g (20),Snacks,39,0,10300
2026-02-23,Bar soap (48),Personal care,60,0,16150
2026-02-23,Bottled water 75cl (12),Beverages,218,0,4050
2026-02-23,Detergent 900g (12),Household,62,1,21650
2026-02-23,Malt drink 330ml (24),Beverages,162,1,13300
2026-02-23,Orange juice 1L (12),Beverages,74,0,20850
2026-02-23,Plantain chips 150g (20),Snacks,93,0,10300
2026-02-24,Bar soap (48),Personal care,56,0,16150
2026-02-24,Bottled water 75cl (12),Beverages,250,0,4050
2026-02-24,Detergent 900g (12),Household,74,1,21650
2026-02-24,Malt drink 330ml (24),Beverages,192,1,13300
2026-02-24,Orange juice 1L (12),Beverages,55,0,20850
2026-02-24,Plantain chips 150g (20),Snacks,80,0,10300
2026-02-25,Bar soap (48),Personal care,47,0,16150
2026-02-25,Bottled water 75cl (12),Beverages,233,0,4050
2026-02-25,Detergent 900g (12),Household,45,0,24100
2026-02-25,Malt drink 330ml (24),Beverages,176,1,13300
2026-02-25,Orange juice 1L (12),Beverages,79,0,20850
2026-02-25,Plantain chips 150g (20),Snacks,77,0,10300
2026-02-26,Bar soap (48),Personal care,71,0,16150
2026-02-26,Bottled water 75cl (12),Beverages,265,0,4050
2026-02-26,Detergent 900g (12),Household,54,0,24100
2026-02-26,Malt drink 330ml (24),Beverages,246,1,13300
2026-02-26,Orange juice 1L (12),Beverages,70,0,20850
2026-02-26,Plantain chips 150g (20),Snacks,98,0,10300
2026-02-27,Bar soap (48),Personal care,83,0,16150
2026-02-27,Bottled water 75cl (12),Beverages,320,0,4050
2026-02-27,Detergent 900g (12),Household,57,0,24100
2026-02-27,Malt drink 330ml (24),Beverages,226,1,13300
2026-02-27,Orange juice 1L (12),Beverages,76,0,20850
2026-02-27,Plantain chips 150g (20),Snacks,101,0,10300
2026-02-28,Bar soap (48),Personal care,108,0,16150
2026-02-28,Bottled water 75cl (12),Beverages,320,0,4050
2026-02-28,Detergent 900g (12),Household,61,0,24100
2026-02-28,Malt drink 330ml (24),Beverages,246,1,13300
2026-02-28,Orange juice 1L (12),Beverages,96,0,20850
2026-02-28,Plantain chips 150g (20),Snacks,112,0,10300
2026-03-01,Bar soap (48),Personal care,40,0,16150
2026-03-01,Bottled water 75cl (12),Beverages,166,0,4050
2026-03-01,Detergent 900g (12),Household,27,0,24100
2026-03-01,Malt drink 330ml (24),Beverages,69,0,14800
2026-03-01,Orange juice 1L (12),Beverages,35,0,20850
2026-03-01,Plantain chips 150g (20),Snacks,48,0,10300
2026-03-02,Bar soap (48),Personal care,65,0,16150
2026-03-02,Bottled water 75cl (12),Beverages,223,0,4050
2026-03-02,Detergent 900g (12),Household,55,0,24100
2026-03-02,Malt drink 330ml (24),Beverages,134,0,14800
2026-03-02,Orange juice 1L (12),Beverages,74,0,20850
2026-03-02,Plantain chips 150g (20),Snacks,83,0,10300
2026-03-03,Bar soap (48),Personal care,63,0,16150
2026-03-03,Bottled water 75cl (12),Beverages,204,0,4050
2026-03-03,Detergent 900g (12),Household,40,0,24100
2026-03-03,Malt drink 330ml (24),Beverages,112,0,14800
2026-03-03,Orange juice 1L (12),Beverages,49,0,20850
2026-03-03,Plantain chips 150g (20),Snacks,114,1,9250
2026-03-04,Bar soap (48),Personal care,59,0,16150
2026-03-04,Bottled water 75cl (12),Beverages,215,0,4050
2026-03-04,Detergent 900g (12),Household,51,0,24100
2026-03-04,Malt drink 330ml (24),Beverages,111,0,14800
2026-03-04,Orange juice 1L (12),Beverages,51,0,20850
2026-03-04,Plantain chips 150g (20),Snacks,117,1,9250
2026-03-05,Bar soap (48),Personal care,53,0,16150
2026-03-05,Bottled water 75cl (12),Beverages,216,0,4050
2026-03-05,Detergent 900g (12),Household,50,0,24100
2026-03-05,Malt drink 330ml (24),Beverages,123,0,14800
2026-03-05,Orange juice 1L (12),Beverages,61,0,20850
2026-03-05,Plantain chips 150g (20),Snacks,119,1,9250
2026-03-06,Bar soap (48),Personal care,85,0,16150
2026-03-06,Bottled water 75cl (12),Beverages,250,0,4050
2026-03-06,Detergent 900g (12),Household,52,0,24100
2026-03-06,Malt drink 330ml (24),Beverages,124,0,14800
2026-03-06,Orange juice 1L (12),Beverages,89,0,20850
2026-03-06,Plantain chips 150g (20),Snacks,119,1,9250
2026-03-07,Bar soap (48),Personal care,114,0,16150
2026-03-07,Bottled water 75cl (12),Beverages,284,0,4050
2026-03-07,Detergent 900g (12),Household,62,0,24100
2026-03-07,Malt drink 330ml (24),Beverages,163,0,14800
2026-03-07,Orange juice 1L (12),Beverages,66,0,20850
2026-03-07,Plantain chips 150g (20),Snacks,183,1,9250
2026-03-08,Bar soap (48),Personal care,47,0,16150
2026-03-08,Bottled water 75cl (12),Beverages,150,0,4050
2026-03-08,Detergent 900g (12),Household,26,0,24100
2026-03-08,Malt drink 330ml (24),Beverages,67,0,14800
2026-03-08,Orange juice 1L (12),Beverages,29,0,20850
2026-03-08,Plantain chips 150g (20),Snacks,59,1,9250
2026-03-09,Bar soap (48),Personal care,70,0,16150
2026-03-09,Bottled water 75cl (12),Beverages,230,0,4050
2026-03-09,Detergent 900g (12),Household,53,0,24100
2026-03-09,Malt drink 330ml (24),Beverages,131,0,14800
2026-03-09,Orange juice 1L (12),Beverages,66,0,20850
2026-03-09,Plantain chips 150g (20),Snacks,119,1,9250
2026-03-10,Bar soap (48),Personal care,80,0,16150
2026-03-10,Bottled water 75cl (12),Beverages,236,0,4050
2026-03-10,Detergent 900g (12),Household,48,0,24100
2026-03-10,Malt drink 330ml (24),Beverages,134,0,14800
2026-03-10,Orange juice 1L (12),Beverages,59,0,20850
2026-03-10,Plantain chips 150g (20),Snacks,67,0,10300
2026-03-11,Bar soap (48),Personal care,63,0,16150
2026-03-11,Bottled water 75cl (12),Beverages,205,0,4050
2026-03-11,Detergent 900g (12),Household,61,0,24100
2026-03-11,Malt drink 330ml (24),Beverages,144,0,14800
2026-03-11,Orange juice 1L (12),Beverages,52,0,20850
2026-03-11,Plantain chips 150g (20),Snacks,79,0,10300
2026-03-12,Bar soap (48),Personal care,74,0,16150
2026-03-12,Bottled water 75cl (12),Beverages,217,0,4050
2026-03-12,Detergent 900g (12),Household,44,0,24100
2026-03-12,Malt drink 330ml (24),Beverages,166,1,13300
2026-03-12,Orange juice 1L (12),Beverages,74,0,20850
2026-03-12,Plantain chips 150g (20),Snacks,138,1,9250
2026-03-13,Bar soap (48),Personal care,69,0,16150
2026-03-13,Bottled water 75cl (12),Beverages,237,0,4050
2026-03-13,Detergent 900g (12),Household,57,0,24100
2026-03-13,Malt drink 330ml (24),Beverages,252,1,13300
2026-03-13,Orange juice 1L (12),Beverages,70,0,20850
2026-03-13,Plantain chips 150g (20),Snacks,130,1,9250
2026-03-14,Bar soap (48),Personal care,85,0,16150
2026-03-14,Bottled water 75cl (12),Beverages,298,0,4050
2026-03-14,Detergent 900g (12),Household,56,0,24100
2026-03-14,Malt drink 330ml (24),Beverages,240,1,13300
2026-03-14,Orange juice 1L (12),Beverages,73,0,20850
2026-03-14,Plantain chips 150g (20),Snacks,142,1,9250
2026-03-15,Bar soap (48),Personal care,40,0,16150
2026-03-15,Bottled water 75cl (12),Beverages,156,0,4050
2026-03-15,Detergent 900g (12),Household,30,0,24100
2026-03-15,Malt drink 330ml (24),Beverages,220,1,13300
2026-03-15,Orange juice 1L (12),Beverages,55,0,20850
2026-03-15,Plantain chips 150g (20),Snacks,77,1,9250
2026-03-16,Bar soap (48),Personal care,81,0,16150
2026-03-16,Bottled water 75cl (12),Beverages,310,0,4050
2026-03-16,Detergent 900g (12),Household,58,0,24100
2026-03-16,Malt drink 330ml (24),Beverages,277,1,13300
2026-03-16,Orange juice 1L (12),Beverages,79,0,20850
2026-03-16,Plantain chips 150g (20),Snacks,150,1,9250
2026-03-17,Bar soap (48),Personal care,74,0,16150
2026-03-17,Bottled water 75cl (12),Beverages,291,0,4050
2026-03-17,Detergent 900g (12),Household,48,0,24100
2026-03-17,Malt drink 330ml (24),Beverages,342,1,13300
2026-03-17,Orange juice 1L (12),Beverages,91,0,20850
2026-03-17,Plantain chips 150g (20),Snacks,136,1,9250
2026-03-18,Bar soap (48),Personal care,65,0,16150
2026-03-18,Bottled water 75cl (12),Beverages,314,0,4050
2026-03-18,Detergent 900g (12),Household,55,0,24100
2026-03-18,Malt drink 330ml (24),Beverages,215,1,13300
2026-03-18,Orange juice 1L (12),Beverages,101,0,20850
2026-03-18,Plantain chips 150g (20),Snacks,118,1,9250
2026-03-19,Bar soap (48),Personal care,71,0,16150
2026-03-19,Bottled water 75cl (12),Beverages,328,0,4050
2026-03-19,Detergent 900g (12),Household,58,0,24100
2026-03-19,Malt drink 330ml (24),Beverages,168,0,14800
2026-03-19,Orange juice 1L (12),Beverages,74,0,20850
2026-03-19,Plantain chips 150g (20),Snacks,81,0,10300
2026-03-20,Bar soap (48),Personal care,0,0,16150
2026-03-20,Bottled water 75cl (12),Beverages,0,0,4050
2026-03-20,Detergent 900g (12),Household,0,0,24100
2026-03-20,Malt drink 330ml (24),Beverages,0,0,14800
2026-03-20,Orange juice 1L (12),Beverages,0,0,20850
2026-03-20,Plantain chips 150g (20),Snacks,0,0,10300
2026-03-21,Bar soap (48),Personal care,109,0,16150
2026-03-21,Bottled water 75cl (12),Beverages,262,0,4050
2026-03-21,Detergent 900g (12),Household,70,0,24100
2026-03-21,Malt drink 330ml (24),Beverages,150,0,14800
2026-03-21,Orange juice 1L (12),Beverages,73,0,20850
2026-03-21,Plantain chips 150g (20),Snacks,88,0,10300
2026-03-22,Bar soap (48),Personal care,35,0,16150
2026-03-22,Bottled water 75cl (12),Beverages,129,0,4050
2026-03-22,Detergent 900g (12),Household,24,0,24100
2026-03-22,Malt drink 330ml (24),Beverages,69,0,14800
2026-03-22,Orange juice 1L (12),Beverages,37,0,20850
2026-03-22,Plantain chips 150g (20),Snacks,34,0,10300
2026-03-23,Bar soap (48),Personal care,80,0,16150
2026-03-23,Bottled water 75cl (12),Beverages,279,0,4050
2026-03-23,Detergent 900g (12),Household,57,0,24100
2026-03-23,Malt drink 330ml (24),Beverages,127,0,14800
2026-03-23,Orange juice 1L (12),Beverages,66,0,20850
2026-03-23,Plantain chips 150g (20),Snacks,69,0,10300
2026-03-24,Bar soap (48),Personal care,47,0,16150
2026-03-24,Bottled water 75cl (12),Beverages,222,0,4050
2026-03-24,Detergent 900g (12),Household,60,0,24100
2026-03-24,Malt drink 330ml (24),Beverages,118,0,14800
2026-03-24,Orange juice 1L (12),Beverages,71,0,20850
2026-03-24,Plantain chips 150g (20),Snacks,55,0,10300
2026-03-25,Bar soap (48),Personal care,75,0,16150
2026-03-25,Bottled water 75cl (12),Beverages,204,0,4050
2026-03-25,Detergent 900g (12),Household,51,0,24100
2026-03-25,Malt drink 330ml (24),Beverages,109,0,14800
2026-03-25,Orange juice 1L (12),Beverages,61,0,20850
2026-03-25,Plantain chips 150g (20),Snacks,75,0,10300
2026-03-26,Bar soap (48),Personal care,61,0,16150
2026-03-26,Bottled water 75cl (12),Beverages,229,0,4050
2026-03-26,Detergent 900g (12),Household,44,0,24100
2026-03-26,Malt drink 330ml (24),Beverages,122,0,14800
2026-03-26,Orange juice 1L (12),Beverages,63,0,20850
2026-03-26,Plantain chips 150g (20),Snacks,82,0,10300
2026-03-27,Bar soap (48),Personal care,90,0,16150
2026-03-27,Bottled water 75cl (12),Beverages,290,0,4050
2026-03-27,Detergent 900g (12),Household,61,0,24100
2026-03-27,Malt drink 330ml (24),Beverages,170,0,14800
2026-03-27,Orange juice 1L (12),Beverages,61,0,20850
2026-03-27,Plantain chips 150g (20),Snacks,85,0,10300
2026-03-28,Bar soap (48),Personal care,92,0,16150
2026-03-28,Bottled water 75cl (12),Beverages,294,0,4050
2026-03-28,Detergent 900g (12),Household,77,0,24100
2026-03-28,Malt drink 330ml (24),Beverages,150,0,14800
2026-03-28,Orange juice 1L (12),Beverages,82,0,20850
2026-03-28,Plantain chips 150g (20),Snacks,102,0,10300
2026-03-29,Bar soap (48),Personal care,44,0,16150
2026-03-29,Bottled water 75cl (12),Beverages,159,0,4050
2026-03-29,Detergent 900g (12),Household,31,0,24100
2026-03-29,Malt drink 330ml (24),Beverages,86,0,14800
2026-03-29,Orange juice 1L (12),Beverages,43,0,20850
2026-03-29,Plantain chips 150g (20),Snacks,55,0,10300
2026-03-30,Bar soap (48),Personal care,69,0,16150
2026-03-30,Bottled water 75cl (12),Beverages,299,0,4050
2026-03-30,Detergent 900g (12),Household,87,1,21650
2026-03-30,Malt drink 330ml (24),Beverages,176,0,14800
2026-03-30,Orange juice 1L (12),Beverages,65,0,20850
2026-03-30,Plantain chips 150g (20),Snacks,91,0,10300
2026-03-31,Bar soap (48),Personal care,71,0,16150
2026-03-31,Bottled water 75cl (12),Beverages,228,0,4050
2026-03-31,Detergent 900g (12),Household,78,1,21650
2026-03-31,Malt drink 330ml (24),Beverages,146,0,14800
2026-03-31,Orange juice 1L (12),Beverages,74,0,20850
2026-03-31,Plantain chips 150g (20),Snacks,82,0,10300
2026-04-01,Bar soap (48),Personal care,77,0,16150
2026-04-01,Bottled water 75cl (12),Beverages,326,0,4050
2026-04-01,Detergent 900g (12),Household,91,1,21650
2026-04-01,Malt drink 330ml (24),Beverages,177,0,14800
2026-04-01,Orange juice 1L (12),Beverages,60,0,20850
2026-04-01,Plantain chips 150g (20),Snacks,87,0,10300
2026-04-02,Bar soap (48),Personal care,79,0,16150
2026-04-02,Bottled water 75cl (12),Beverages,239,0,4050
2026-04-02,Detergent 900g (12),Household,72,1,21650
2026-04-02,Malt drink 330ml (24),Beverages,156,0,14800
2026-04-02,Orange juice 1L (12),Beverages,71,0,20850
2026-04-02,Plantain chips 150g (20),Snacks,93,0,10300
2026-04-03,Bar soap (48),Personal care,87,0,16150
2026-04-03,Bottled water 75cl (12),Beverages,290,0,4050
2026-04-03,Detergent 900g (12),Household,87,1,21650
2026-04-03,Malt drink 330ml (24),Beverages,170,0,14800
2026-04-03,Orange juice 1L (12),Beverages,63,0,20850
2026-04-03,Plantain chips 150g (20),Snacks,80,0,10300
2026-04-04,Bar soap (48),Personal care,69,0,16150
2026-04-04,Bottled water 75cl (12),Beverages,297,0,4050
2026-04-04,Detergent 900g (12),Household,108,1,21650
2026-04-04,Malt drink 330ml (24),Beverages,172,0,14800
2026-04-04,Orange juice 1L (12),Beverages,75,0,20850
2026-04-04,Plantain chips 150g (20),Snacks,104,0,10300
2026-04-05,Bar soap (48),Personal care,40,0,16150
2026-04-05,Bottled water 75cl (12),Beverages,143,0,4050
2026-04-05,Detergent 900g (12),Household,36,1,21650
2026-04-05,Malt drink 330ml (24),Beverages,74,0,14800
2026-04-05,Orange juice 1L (12),Beverages,34,0,20850
2026-04-05,Plantain chips 150g (20),Snacks,44,0,10300
2026-04-06,Bar soap (48),Personal care,79,0,16150
2026-04-06,Bottled water 75cl (12),Beverages,242,0,4050
2026-04-06,Detergent 900g (12),Household,49,0,24100
2026-04-06,Malt drink 330ml (24),Beverages,132,0,14800
2026-04-06,Orange juice 1L (12),Beverages,53,0,20850
2026-04-06,Plantain chips 150g (20),Snacks,85,0,10300
2026-04-07,Bar soap (48),Personal care,50,0,16150
2026-04-07,Bottled water 75cl (12),Beverages,236,0,4050
2026-04-07,Detergent 900g (12),Household,40,0,24100
2026-04-07,Malt drink 330ml (24),Beverages,133,0,14800
2026-04-07,Orange juice 1L (12),Beverages,60,0,20850
2026-04-07,Plantain chips 150g (20),Snacks,81,0,10300
2026-04-08,Bar soap (48),Personal care,69,0,16150
2026-04-08,Bottled water 75cl (12),Beverages,233,0,4050
2026-04-08,Detergent 900g (12),Household,51,0,24100
2026-04-08,Malt drink 330ml (24),Beverages,124,0,14800
2026-04-08,Orange juice 1L (12),Beverages,61,0,20850
2026-04-08,Plantain chips 150g (20),Snacks,82,0,10300
2026-04-09,Bar soap (48),Personal care,56,0,16150
2026-04-09,Bottled water 75cl (12),Beverages,221,0,4050
2026-04-09,Detergent 900g (12),Household,50,0,24100
2026-04-09,Malt drink 330ml (24),Beverages,185,1,13300
2026-04-09,Orange juice 1L (12),Beverages,53,0,20850
2026-04-09,Plantain chips 150g (20),Snacks,65,0,10300
2026-04-10,Bar soap (48),Personal care,72,0,16150
2026-04-10,Bottled water 75cl (12),Beverages,272,0,4050
2026-04-10,Detergent 900g (12),Household,45,0,24100
2026-04-10,Malt drink 330ml (24),Beverages,185,1,13300
2026-04-10,Orange juice 1L (12),Beverages,60,0,20850
2026-04-10,Plantain chips 150g (20),Snacks,96,0,10300
2026-04-11,Bar soap (48),Personal care,105,0,16150
2026-04-11,Bottled water 75cl (12),Beverages,347,0,4050
2026-04-11,Detergent 900g (12),Household,56,0,24100
2026-04-11,Malt drink 330ml (24),Beverages,200,1,13300
2026-04-11,Orange juice 1L (12),Beverages,74,0,20850
2026-04-11,Plantain chips 150g (20),Snacks,125,0,10300
2026-04-12,Bar soap (48),Personal care,35,0,16150
2026-04-12,Bottled water 75cl (12),Beverages,144,0,4050
2026-04-12,Detergent 900g (12),Household,23,0,24100
2026-04-12,Malt drink 330ml (24),Beverages,110,1,13300
2026-04-12,Orange juice 1L (12),Beverages,37,0,20850
2026-04-12,Plantain chips 150g (20),Snacks,44,0,10300
2026-04-13,Bar soap (48),Personal care,66,0,16150
2026-04-13,Bottled water 75cl (12),Beverages,213,0,4050
2026-04-13,Detergent 900g (12),Household,40,0,24100
2026-04-13,Malt drink 330ml (24),Beverages,197,1,13300
2026-04-13,Orange juice 1L (12),Beverages,68,0,20850
2026-04-13,Plantain chips 150g (20),Snacks,81,0,10300
2026-04-14,Bar soap (48),Personal care,71,0,16150
2026-04-14,Bottled water 75cl (12),Beverages,233,0,4050
2026-04-14,Detergent 900g (12),Household,51,0,24100
2026-04-14,Malt drink 330ml (24),Beverages,158,1,13300
2026-04-14,Orange juice 1L (12),Beverages,62,0,20850
2026-04-14,Plantain chips 150g (20),Snacks,85,0,10300
2026-04-15,Bar soap (48),Personal care,78,0,16150
2026-04-15,Bottled water 75cl (12),Beverages,233,0,4050
2026-04-15,Detergent 900g (12),Household,47,0,24100
2026-04-15,Malt drink 330ml (24),Beverages,178,1,13300
2026-04-15,Orange juice 1L (12),Beverages,51,0,20850
2026-04-15,Plantain chips 150g (20),Snacks,101,0,10300
2026-04-16,Bar soap (48),Personal care,70,0,16150
2026-04-16,Bottled water 75cl (12),Beverages,266,0,4050
2026-04-16,Detergent 900g (12),Household,57,0,24100
2026-04-16,Malt drink 330ml (24),Beverages,142,0,14800
2026-04-16,Orange juice 1L (12),Beverages,59,0,20850
2026-04-16,Plantain chips 150g (20),Snacks,81,0,10300
2026-04-17,Bar soap (48),Personal care,67,0,16150
2026-04-17,Bottled water 75cl (12),Beverages,254,0,4050
2026-04-17,Detergent 900g (12),Household,49,0,24100
2026-04-17,Malt drink 330ml (24),Beverages,132,0,14800
2026-04-17,Orange juice 1L (12),Beverages,75,0,20850
2026-04-17,Plantain chips 150g (20),Snacks,89,0,10300
2026-04-18,Bar soap (48),Personal care,70,0,16150
2026-04-18,Bottled water 75cl (12),Beverages,274,0,4050
2026-04-18,Detergent 900g (12),Household,63,0,24100
2026-04-18,Malt drink 330ml (24),Beverages,150,0,14800
2026-04-18,Orange juice 1L (12),Beverages,83,0,20850
2026-04-18,Plantain chips 150g (20),Snacks,89,0,10300
2026-04-19,Bar soap (48),Personal care,37,0,16150
2026-04-19,Bottled water 75cl (12),Beverages,122,0,4050
2026-04-19,Detergent 900g (12),Household,25,0,24100
2026-04-19,Malt drink 330ml (24),Beverages,62,0,14800
2026-04-19,Orange juice 1L (12),Beverages,36,0,20850
2026-04-19,Plantain chips 150g (20),Snacks,39,0,10300
2026-04-20,Bar soap (48),Personal care,72,0,16150
2026-04-20,Bottled water 75cl (12),Beverages,266,0,4050
2026-04-20,Detergent 900g (12),Household,54,0,24100
2026-04-20,Malt drink 330ml (24),Beverages,129,0,14800
2026-04-20,Orange juice 1L (12),Beverages,57,0,20850
2026-04-20,Plantain chips 150g (20),Snacks,63,0,10300
2026-04-21,Bar soap (48),Personal care,67,0,16150
2026-04-21,Bottled water 75cl (12),Beverages,262,0,4050
2026-04-21,Detergent 900g (12),Household,49,0,24100
2026-04-21,Malt drink 330ml (24),Beverages,100,0,14800
2026-04-21,Orange juice 1L (12),Beverages,65,0,20850
2026-04-21,Plantain chips 150g (20),Snacks,70,0,10300
2026-04-22,Bar soap (48),Personal care,58,0,16150
2026-04-22,Bottled water 75cl (12),Beverages,245,0,4050
2026-04-22,Detergent 900g (12),Household,46,0,24100
2026-04-22,Malt drink 330ml (24),Beverages,119,0,14800
2026-04-22,Orange juice 1L (12),Beverages,65,0,20850
2026-04-22,Plantain chips 150g (20),Snacks,98,0,10300
2026-04-23,Bar soap (48),Personal care,62,0,16150
2026-04-23,Bottled water 75cl (12),Beverages,210,0,4050
2026-04-23,Detergent 900g (12),Household,61,0,24100
2026-04-23,Malt drink 330ml (24),Beverages,136,0,14800
2026-04-23,Orange juice 1L (12),Beverages,64,0,20850
2026-04-23,Plantain chips 150g (20),Snacks,77,0,10300
2026-04-24,Bar soap (48),Personal care,82,0,16150
2026-04-24,Bottled water 75cl (12),Beverages,253,0,4050
2026-04-24,Detergent 900g (12),Household,53,0,24100
2026-04-24,Malt drink 330ml (24),Beverages,161,0,14800
2026-04-24,Orange juice 1L (12),Beverages,59,0,20850
2026-04-24,Plantain chips 150g (20),Snacks,85,0,10300
2026-04-25,Bar soap (48),Personal care,84,0,16150
2026-04-25,Bottled water 75cl (12),Beverages,325,0,4050
2026-04-25,Detergent 900g (12),Household,69,0,24100
2026-04-25,Malt drink 330ml (24),Beverages,206,0,14800
2026-04-25,Orange juice 1L (12),Beverages,87,0,20850
2026-04-25,Plantain chips 150g (20),Snacks,94,0,10300
2026-04-26,Bar soap (48),Personal care,40,0,16150
2026-04-26,Bottled water 75cl (12),Beverages,119,0,4050
2026-04-26,Detergent 900g (12),Household,28,0,24100
2026-04-26,Malt drink 330ml (24),Beverages,68,0,14800
2026-04-26,Orange juice 1L (12),Beverages,32,0,20850
2026-04-26,Plantain chips 150g (20),Snacks,58,0,10300
2026-04-27,Bar soap (48),Personal care,68,0,16150
2026-04-27,Bottled water 75cl (12),Beverages,235,0,4050
2026-04-27,Detergent 900g (12),Household,56,0,24100
2026-04-27,Malt drink 330ml (24),Beverages,147,0,14800
2026-04-27,Orange juice 1L (12),Beverages,57,0,20850
2026-04-27,Plantain chips 150g (20),Snacks,78,0,10300
2026-04-28,Bar soap (48),Personal care,79,0,16150
2026-04-28,Bottled water 75cl (12),Beverages,247,0,4050
2026-04-28,Detergent 900g (12),Household,54,0,24100
2026-04-28,Malt drink 330ml (24),Beverages,169,0,14800
2026-04-28,Orange juice 1L (12),Beverages,69,0,20850
2026-04-28,Plantain chips 150g (20),Snacks,99,0,10300
2026-04-29,Bar soap (48),Personal care,61,0,16150
2026-04-29,Bottled water 75cl (12),Beverages,271,0,4050
2026-04-29,Detergent 900g (12),Household,61,0,24100
2026-04-29,Malt drink 330ml (24),Beverages,127,0,14800
2026-04-29,Orange juice 1L (12),Beverages,75,0,20850
2026-04-29,Plantain chips 150g (20),Snacks,86,0,10300
2026-04-30,Bar soap (48),Personal care,97,0,16150
2026-04-30,Bottled water 75cl (12),Beverages,330,0,4050
2026-04-30,Detergent 900g (12),Household,63,0,24100
2026-04-30,Malt drink 330ml (24),Beverages,157,0,14800
2026-04-30,Orange juice 1L (12),Beverages,81,0,20850
2026-04-30,Plantain chips 150g (20),Snacks,104,0,10300
2026-05-01,Bar soap (48),Personal care,81,0,16150
2026-05-01,Bottled water 75cl (12),Beverages,275,0,4050
2026-05-01,Detergent 900g (12),Household,65,0,24100
2026-05-01,Malt drink 330ml (24),Beverages,193,0,14800
2026-05-01,Orange juice 1L (12),Beverages,79,0,20850
2026-05-01,Plantain chips 150g (20),Snacks,93,0,10300
2026-05-02,Bar soap (48),Personal care,110,0,16150
2026-05-02,Bottled water 75cl (12),Beverages,284,0,4050
2026-05-02,Detergent 900g (12),Household,68,0,24100
2026-05-02,Malt drink 330ml (24),Beverages,188,0,14800
2026-05-02,Orange juice 1L (12),Beverages,87,0,20850
2026-05-02,Plantain chips 150g (20),Snacks,93,0,10300
2026-05-03,Bar soap (48),Personal care,28,0,16150
2026-05-03,Bottled water 75cl (12),Beverages,149,0,4050
2026-05-03,Detergent 900g (12),Household,31,0,24100
2026-05-03,Malt drink 330ml (24),Beverages,62,0,14800
2026-05-03,Orange juice 1L (12),Beverages,38,0,20850
2026-05-03,Plantain chips 150g (20),Snacks,37,0,10300
2026-05-04,Bar soap (48),Personal care,69,0,16150
2026-05-04,Bottled water 75cl (12),Beverages,239,0,4050
2026-05-04,Detergent 900g (12),Household,51,0,24100
2026-05-04,Malt drink 330ml (24),Beverages,153,0,14800
2026-05-04,Orange juice 1L (12),Beverages,84,0,20850
2026-05-04,Plantain chips 150g (20),Snacks,76,0,10300
2026-05-05,Bar soap (48),Personal care,68,0,16150
2026-05-05,Bottled water 75cl (12),Beverages,185,0,4050
2026-05-05,Detergent 900g (12),Household,45,0,24100
2026-05-05,Malt drink 330ml (24),Beverages,111,0,14800
2026-05-05,Orange juice 1L (12),Beverages,55,0,20850
2026-05-05,Plantain chips 150g (20),Snacks,70,0,10300
2026-05-06,Bar soap (48),Personal care,61,0,16150
2026-05-06,Bottled water 75cl (12),Beverages,247,0,4050
2026-05-06,Detergent 900g (12),Household,46,0,24100
2026-05-06,Malt drink 330ml (24),Beverages,129,0,14800
2026-05-06,Orange juice 1L (12),Beverages,62,0,20850
2026-05-06,Plantain chips 150g (20),Snacks,69,0,10300
2026-05-07,Bar soap (48),Personal care,75,0,16150
2026-05-07,Bottled water 75cl (12),Beverages,211,0,4050
2026-05-07,Detergent 900g (12),Household,56,0,24100
2026-05-07,Malt drink 330ml (24),Beverages,117,0,14800
2026-05-07,Orange juice 1L (12),Beverages,66,0,20850
2026-05-07,Plantain chips 150g (20),Snacks,79,0,10300
2026-05-08,Bar soap (48),Personal care,93,0,16150
2026-05-08,Bottled water 75cl (12),Beverages,268,0,4050
2026-05-08,Detergent 900g (12),Household,49,0,24100
2026-05-08,Malt drink 330ml (24),Beverages,157,0,14800
2026-05-08,Orange juice 1L (12),Beverages,75,0,20850
2026-05-08,Plantain chips 150g (20),Snacks,84,0,10300
2026-05-09,Bar soap (48),Personal care,77,0,16150
2026-05-09,Bottled water 75cl (12),Beverages,306,0,4050
2026-05-09,Detergent 900g (12),Household,68,0,24100
2026-05-09,Malt drink 330ml (24),Beverages,206,0,14800
2026-05-09,Orange juice 1L (12),Beverages,96,0,20850
2026-05-09,Plantain chips 150g (20),Snacks,107,0,10300
2026-05-10,Bar soap (48),Personal care,49,0,16150
2026-05-10,Bottled water 75cl (12),Beverages,129,0,4050
2026-05-10,Detergent 900g (12),Household,25,0,24100
2026-05-10,Malt drink 330ml (24),Beverages,72,0,14800
2026-05-10,Orange juice 1L (12),Beverages,35,0,20850
2026-05-10,Plantain chips 150g (20),Snacks,49,0,10300
2026-05-11,Bar soap (48),Personal care,73,0,16150
2026-05-11,Bottled water 75cl (12),Beverages,242,0,4050
2026-05-11,Detergent 900g (12),Household,56,0,24100
2026-05-11,Malt drink 330ml (24),Beverages,129,0,14800
2026-05-11,Orange juice 1L (12),Beverages,59,0,20850
2026-05-11,Plantain chips 150g (20),Snacks,73,0,10300
2026-05-12,Bar soap (48),Personal care,66,0,16150
2026-05-12,Bottled water 75cl (12),Beverages,199,0,4050
2026-05-12,Detergent 900g (12),Household,58,0,24100
2026-05-12,Malt drink 330ml (24),Beverages,144,0,14800
2026-05-12,Orange juice 1L (12),Beverages,54,0,20850
2026-05-12,Plantain chips 150g (20),Snacks,86,0,10300
2026-05-13,Bar soap (48),Personal care,67,0,16150
2026-05-13,Bottled water 75cl (12),Beverages,278,0,4050
2026-05-13,Detergent 900g (12),Household,58,0,24100
2026-05-13,Malt drink 330ml (24),Beverages,151,0,14800
2026-05-13,Orange juice 1L (12),Beverages,70,0,20850
2026-05-13,Plantain chips 150g (20),Snacks,85,0,10300
2026-05-14,Bar soap (48),Personal care,73,0,16150
2026-05-14,Bottled water 75cl (12),Beverages,207,0,4050
2026-05-14,Detergent 900g (12),Household,52,0,24100
2026-05-14,Malt drink 330ml (24),Beverages,145,0,14800
2026-05-14,Orange juice 1L (12),Beverages,69,0,20850
2026-05-14,Plantain chips 150g (20),Snacks,99,0,10300
2026-05-15,Bar soap (48),Personal care,75,0,16150
2026-05-15,Bottled water 75cl (12),Beverages,214,0,4050
2026-05-15,Detergent 900g (12),Household,54,0,24100
2026-05-15,Malt drink 330ml (24),Beverages,174,0,14800
2026-05-15,Orange juice 1L (12),Beverages,69,0,20850
2026-05-15,Plantain chips 150g (20),Snacks,91,0,10300
2026-05-16,Bar soap (48),Personal care,88,0,16150
2026-05-16,Bottled water 75cl (12),Beverages,409,0,4050
2026-05-16,Detergent 900g (12),Household,57,0,24100
2026-05-16,Malt drink 330ml (24),Beverages,206,0,14800
2026-05-16,Orange juice 1L (12),Beverages,71,0,20850
2026-05-16,Plantain chips 150g (20),Snacks,148,1,9250
2026-05-17,Bar soap (48),Personal care,42,0,16150
2026-05-17,Bottled water 75cl (12),Beverages,107,0,4050
2026-05-17,Detergent 900g (12),Household,29,0,24100
2026-05-17,Malt drink 330ml (24),Beverages,64,0,14800
2026-05-17,Orange juice 1L (12),Beverages,36,0,20850
2026-05-17,Plantain chips 150g (20),Snacks,63,1,9250
2026-05-18,Bar soap (48),Personal care,77,0,16150
2026-05-18,Bottled water 75cl (12),Beverages,226,0,4050
2026-05-18,Detergent 900g (12),Household,43,0,24100
2026-05-18,Malt drink 330ml (24),Beverages,118,0,14800
2026-05-18,Orange juice 1L (12),Beverages,66,0,20850
2026-05-18,Plantain chips 150g (20),Snacks,95,1,9250
2026-05-19,Bar soap (48),Personal care,74,0,16150
2026-05-19,Bottled water 75cl (12),Beverages,239,0,4050
2026-05-19,Detergent 900g (12),Household,46,0,24100
2026-05-19,Malt drink 330ml (24),Beverages,166,0,14800
2026-05-19,Orange juice 1L (12),Beverages,59,0,20850
2026-05-19,Plantain chips 150g (20),Snacks,97,1,9250
2026-05-20,Bar soap (48),Personal care,69,0,16150
2026-05-20,Bottled water 75cl (12),Beverages,204,0,4050
2026-05-20,Detergent 900g (12),Household,48,0,24100
2026-05-20,Malt drink 330ml (24),Beverages,131,0,14800
2026-05-20,Orange juice 1L (12),Beverages,54,0,20850
2026-05-20,Plantain chips 150g (20),Snacks,114,1,9250
2026-05-21,Bar soap (48),Personal care,82,0,16150
2026-05-21,Bottled water 75cl (12),Beverages,224,0,4050
2026-05-21,Detergent 900g (12),Household,46,0,24100
2026-05-21,Malt drink 330ml (24),Beverages,130,0,14800
2026-05-21,Orange juice 1L (12),Beverages,60,0,20850
2026-05-21,Plantain chips 150g (20),Snacks,102,1,9250
2026-05-22,Bar soap (48),Personal care,77,0,16150
2026-05-22,Bottled water 75cl (12),Beverages,379,1,3650
2026-05-22,Detergent 900g (12),Household,53,0,24100
2026-05-22,Malt drink 330ml (24),Beverages,164,0,14800
2026-05-22,Orange juice 1L (12),Beverages,56,0,20850
2026-05-22,Plantain chips 150g (20),Snacks,117,1,9250
2026-05-23,Bar soap (48),Personal care,78,0,16150
2026-05-23,Bottled water 75cl (12),Beverages,389,1,3650
2026-05-23,Detergent 900g (12),Household,74,0,24100
2026-05-23,Malt drink 330ml (24),Beverages,195,0,14800
2026-05-23,Orange juice 1L (12),Beverages,73,0,20850
2026-05-23,Plantain chips 150g (20),Snacks,86,0,10300
2026-05-24,Bar soap (48),Personal care,33,0,16150
2026-05-24,Bottled water 75cl (12),Beverages,189,1,3650
2026-05-24,Detergent 900g (12),Household,30,0,24100
2026-05-24,Malt drink 330ml (24),Beverages,76,0,14800
2026-05-24,Orange juice 1L (12),Beverages,26,0,20850
2026-05-24,Plantain chips 150g (20),Snacks,48,0,10300
2026-05-25,Bar soap (48),Personal care,73,0,16150
2026-05-25,Bottled water 75cl (12),Beverages,373,1,3650
2026-05-25,Detergent 900g (12),Household,66,0,24100
2026-05-25,Malt drink 330ml (24),Beverages,119,0,14800
2026-05-25,Orange juice 1L (12),Beverages,64,0,20850
2026-05-25,Plantain chips 150g (20),Snacks,65,0,10300
2026-05-26,Bar soap (48),Personal care,60,0,16150
2026-05-26,Bottled water 75cl (12),Beverages,304,1,3650
2026-05-26,Detergent 900g (12),Household,47,0,24100
2026-05-26,Malt drink 330ml (24),Beverages,120,0,14800
2026-05-26,Orange juice 1L (12),Beverages,62,0,20850
2026-05-26,Plantain chips 150g (20),Snacks,66,0,10300
2026-05-27,Bar soap (48),Personal care,63,0,16150
2026-05-27,Bottled water 75cl (12),Beverages,317,1,3650
2026-05-27,Detergent 900g (12),Household,47,0,24100
2026-05-27,Malt drink 330ml (24),Beverages,150,0,14800
2026-05-27,Orange juice 1L (12),Beverages,57,0,20850
2026-05-27,Plantain chips 150g (20),Snacks,81,0,10300
2026-05-28,Bar soap (48),Personal care,80,0,16150
2026-05-28,Bottled water 75cl (12),Beverages,290,1,3650
2026-05-28,Detergent 900g (12),Household,56,0,24100
2026-05-28,Malt drink 330ml (24),Beverages,138,0,14800
2026-05-28,Orange juice 1L (12),Beverages,65,0,20850
2026-05-28,Plantain chips 150g (20),Snacks,84,0,10300
2026-05-29,Bar soap (48),Personal care,90,0,16150
2026-05-29,Bottled water 75cl (12),Beverages,233,0,4050
2026-05-29,Detergent 900g (12),Household,69,0,24100
2026-05-29,Malt drink 330ml (24),Beverages,170,0,14800
2026-05-29,Orange juice 1L (12),Beverages,87,0,20850
2026-05-29,Plantain chips 150g (20),Snacks,85,0,10300
2026-05-30,Bar soap (48),Personal care,97,0,16150
2026-05-30,Bottled water 75cl (12),Beverages,320,0,4050
2026-05-30,Detergent 900g (12),Household,65,0,24100
2026-05-30,Malt drink 330ml (24),Beverages,164,0,14800
2026-05-30,Orange juice 1L (12),Beverages,78,0,20850
2026-05-30,Plantain chips 150g (20),Snacks,98,0,10300
2026-05-31,Bar soap (48),Personal care,42,0,16150
2026-05-31,Bottled water 75cl (12),Beverages,133,0,4050
2026-05-31,Detergent 900g (12),Household,26,0,24100
2026-05-31,Malt drink 330ml (24),Beverages,72,0,14800
2026-05-31,Orange juice 1L (12),Beverages,30,0,20850
2026-05-31,Plantain chips 150g (20),Snacks,56,0,10300
2026-06-01,Bar soap (48),Personal care,90,0,16150
2026-06-01,Bottled water 75cl (12),Beverages,169,0,4050
2026-06-01,Detergent 900g (12),Household,62,0,24100
2026-06-01,Malt drink 330ml (24),Beverages,137,0,14800
2026-06-01,Orange juice 1L (12),Beverages,65,0,20850
2026-06-01,Plantain chips 150g (20),Snacks,95,0,10300
2026-06-02,Bar soap (48),Personal care,79,0,16150
2026-06-02,Bottled water 75cl (12),Beverages,206,0,4050
2026-06-02,Detergent 900g (12),Household,59,0,24100
2026-06-02,Malt drink 330ml (24),Beverages,155,0,14800
2026-06-02,Orange juice 1L (12),Beverages,64,0,20850
2026-06-02,Plantain chips 150g (20),Snacks,79,0,10300
2026-06-03,Bar soap (48),Personal care,68,0,16150
2026-06-03,Bottled water 75cl (12),Beverages,203,0,4050
2026-06-03,Detergent 900g (12),Household,54,0,24100
2026-06-03,Malt drink 330ml (24),Beverages,100,0,14800
2026-06-03,Orange juice 1L (12),Beverages,63,0,20850
2026-06-03,Plantain chips 150g (20),Snacks,77,0,10300
2026-06-04,Bar soap (48),Personal care,58,0,16150
2026-06-04,Bottled water 75cl (12),Beverages,185,0,4050
2026-06-04,Detergent 900g (12),Household,51,0,24100
2026-06-04,Malt drink 330ml (24),Beverages,131,0,14800
2026-06-04,Orange juice 1L (12),Beverages,60,0,20850
2026-06-04,Plantain chips 150g (20),Snacks,83,0,10300
2026-06-05,Bar soap (48),Personal care,73,0,16150
2026-06-05,Bottled water 75cl (12),Beverages,240,0,4050
2026-06-05,Detergent 900g (12),Household,55,0,24100
2026-06-05,Malt drink 330ml (24),Beverages,143,0,14800
2026-06-05,Orange juice 1L (12),Beverages,69,0,20850
2026-06-05,Plantain chips 150g (20),Snacks,103,0,10300
2026-06-06,Bar soap (48),Personal care,95,0,16150
2026-06-06,Bottled water 75cl (12),Beverages,289,0,4050
2026-06-06,Detergent 900g (12),Household,68,0,24100
2026-06-06,Malt drink 330ml (24),Beverages,183,0,14800
2026-06-06,Orange juice 1L (12),Beverages,82,0,20850
2026-06-06,Plantain chips 150g (20),Snacks,108,0,10300
2026-06-07,Bar soap (48),Personal care,39,0,16150
2026-06-07,Bottled water 75cl (12),Beverages,122,0,4050
2026-06-07,Detergent 900g (12),Household,32,0,24100
2026-06-07,Malt drink 330ml (24),Beverages,72,0,14800
2026-06-07,Orange juice 1L (12),Beverages,34,0,20850
2026-06-07,Plantain chips 150g (20),Snacks,42,0,10300
2026-06-08,Bar soap (48),Personal care,67,0,16150
2026-06-08,Bottled water 75cl (12),Beverages,200,0,4050
2026-06-08,Detergent 900g (12),Household,49,0,24100
2026-06-08,Malt drink 330ml (24),Beverages,154,0,14800
2026-06-08,Orange juice 1L (12),Beverages,70,0,20850
2026-06-08,Plantain chips 150g (20),Snacks,93,0,10300
2026-06-09,Bar soap (48),Personal care,68,0,16150
2026-06-09,Bottled water 75cl (12),Beverages,165,0,4050
2026-06-09,Detergent 900g (12),Household,52,0,24100
2026-06-09,Malt drink 330ml (24),Beverages,118,0,14800
2026-06-09,Orange juice 1L (12),Beverages,54,0,20850
2026-06-09,Plantain chips 150g (20),Snacks,92,0,10300
2026-06-10,Bar soap (48),Personal care,66,0,16150
2026-06-10,Bottled water 75cl (12),Beverages,189,0,4050
2026-06-10,Detergent 900g (12),Household,53,0,24100
2026-06-10,Malt drink 330ml (24),Beverages,129,0,14800
2026-06-10,Orange juice 1L (12),Beverages,58,0,20850
2026-06-10,Plantain chips 150g (20),Snacks,75,0,10300
2026-06-11,Bar soap (48),Personal care,69,0,16150
2026-06-11,Bottled water 75cl (12),Beverages,204,0,4050
2026-06-11,Detergent 900g (12),Household,63,0,24100
2026-06-11,Malt drink 330ml (24),Beverages,140,0,14800
2026-06-11,Orange juice 1L (12),Beverages,72,0,20850
2026-06-11,Plantain chips 150g (20),Snacks,72,0,10300
2026-06-12,Bar soap (48),Personal care,62,0,16150
2026-06-12,Bottled water 75cl (12),Beverages,227,0,4050
2026-06-12,Detergent 900g (12),Household,54,0,24100
2026-06-12,Malt drink 330ml (24),Beverages,164,0,14800
2026-06-12,Orange juice 1L (12),Beverages,65,0,20850
2026-06-12,Plantain chips 150g (20),Snacks,99,0,10300
2026-06-13,Bar soap (48),Personal care,90,0,16150
2026-06-13,Bottled water 75cl (12),Beverages,264,0,4050
2026-06-13,Detergent 900g (12),Household,61,0,24100
2026-06-13,Malt drink 330ml (24),Beverages,156,0,14800
2026-06-13,Orange juice 1L (12),Beverages,75,0,20850
2026-06-13,Plantain chips 150g (20),Snacks,100,0,10300
2026-06-14,Bar soap (48),Personal care,33,0,16150
2026-06-14,Bottled water 75cl (12),Beverages,122,0,4050
2026-06-14,Detergent 900g (12),Household,34,0,24100
2026-06-14,Malt drink 330ml (24),Beverages,69,0,14800
2026-06-14,Orange juice 1L (12),Beverages,33,0,20850
2026-06-14,Plantain chips 150g (20),Snacks,41,0,10300
2026-06-15,Bar soap (48),Personal care,63,0,16150
2026-06-15,Bottled water 75cl (12),Beverages,178,0,4050
2026-06-15,Detergent 900g (12),Household,54,0,24100
2026-06-15,Malt drink 330ml (24),Beverages,125,0,14800
2026-06-15,Orange juice 1L (12),Beverages,53,0,20850
2026-06-15,Plantain chips 150g (20),Snacks,83,0,10300
2026-06-16,Bar soap (48),Personal care,54,0,16150
2026-06-16,Bottled water 75cl (12),Beverages,184,0,4050
2026-06-16,Detergent 900g (12),Household,70,0,24100
2026-06-16,Malt drink 330ml (24),Beverages,122,0,14800
2026-06-16,Orange juice 1L (12),Beverages,58,0,20850
2026-06-16,Plantain chips 150g (20),Snacks,76,0,10300
2026-06-17,Bar soap (48),Personal care,67,0,16150
2026-06-17,Bottled water 75cl (12),Beverages,208,0,4050
2026-06-17,Detergent 900g (12),Household,47,0,24100
2026-06-17,Malt drink 330ml (24),Beverages,137,0,14800
2026-06-17,Orange juice 1L (12),Beverages,57,0,20850
2026-06-17,Plantain chips 150g (20),Snacks,92,0,10300
2026-06-18,Bar soap (48),Personal care,79,0,16150
2026-06-18,Bottled water 75cl (12),Beverages,177,0,4050
2026-06-18,Detergent 900g (12),Household,54,0,24100
2026-06-18,Malt drink 330ml (24),Beverages,124,0,14800
2026-06-18,Orange juice 1L (12),Beverages,58,0,20850
2026-06-18,Plantain chips 150g (20),Snacks,85,0,10300
2026-06-19,Bar soap (48),Personal care,70,0,16150
2026-06-19,Bottled water 75cl (12),Beverages,331,1,3650
2026-06-19,Detergent 900g (12),Household,56,0,24100
2026-06-19,Malt drink 330ml (24),Beverages,139,0,14800
2026-06-19,Orange juice 1L (12),Beverages,68,0,20850
2026-06-19,Plantain chips 150g (20),Snacks,95,0,10300
2026-06-20,Bar soap (48),Personal care,86,0,16150
2026-06-20,Bottled water 75cl (12),Beverages,316,1,3650
2026-06-20,Detergent 900g (12),Household,68,0,24100
2026-06-20,Malt drink 330ml (24),Beverages,178,0,14800
2026-06-20,Orange juice 1L (12),Beverages,74,0,20850
2026-06-20,Plantain chips 150g (20),Snacks,105,0,10300
2026-06-21,Bar soap (48),Personal care,32,0,16150
2026-06-21,Bottled water 75cl (12),Beverages,169,1,3650
2026-06-21,Detergent 900g (12),Household,26,0,24100
2026-06-21,Malt drink 330ml (24),Beverages,86,0,14800
2026-06-21,Orange juice 1L (12),Beverages,29,0,20850
2026-06-21,Plantain chips 150g (20),Snacks,39,0,10300
2026-06-22,Bar soap (48),Personal care,66,0,16150
2026-06-22,Bottled water 75cl (12),Beverages,309,1,3650
2026-06-22,Detergent 900g (12),Household,57,0,24100
2026-06-22,Malt drink 330ml (24),Beverages,134,0,14800
2026-06-22,Orange juice 1L (12),Beverages,50,0,20850
2026-06-22,Plantain chips 150g (20),Snacks,86,0,10300
2026-06-23,Bar soap (48),Personal care,53,0,16150
2026-06-23,Bottled water 75cl (12),Beverages,272,1,3650
2026-06-23,Detergent 900g (12),Household,46,0,24100
2026-06-23,Malt drink 330ml (24),Beverages,116,0,14800
2026-06-23,Orange juice 1L (12),Beverages,50,0,20850
2026-06-23,Plantain chips 150g (20),Snacks,73,0,10300
2026-06-24,Bar soap (48),Personal care,61,0,16150
2026-06-24,Bottled water 75cl (12),Beverages,308,1,3650
2026-06-24,Detergent 900g (12),Household,62,0,24100
2026-06-24,Malt drink 330ml (24),Beverages,142,0,14800
2026-06-24,Orange juice 1L (12),Beverages,52,0,20850
2026-06-24,Plantain chips 150g (20),Snacks,74,0,10300
2026-06-25,Bar soap (48),Personal care,61,0,16150
2026-06-25,Bottled water 75cl (12),Beverages,337,1,3650
2026-06-25,Detergent 900g (12),Household,53,0,24100
2026-06-25,Malt drink 330ml (24),Beverages,120,0,14800
2026-06-25,Orange juice 1L (12),Beverages,52,0,20850
2026-06-25,Plantain chips 150g (20),Snacks,90,0,10300
2026-06-26,Bar soap (48),Personal care,86,0,16150
2026-06-26,Bottled water 75cl (12),Beverages,199,0,4050
2026-06-26,Detergent 900g (12),Household,77,0,24100
2026-06-26,Malt drink 330ml (24),Beverages,144,0,14800
2026-06-26,Orange juice 1L (12),Beverages,58,0,20850
2026-06-26,Plantain chips 150g (20),Snacks,85,0,10300
2026-06-27,Bar soap (48),Personal care,93,0,16150
2026-06-27,Bottled water 75cl (12),Beverages,223,0,4050
2026-06-27,Detergent 900g (12),Household,79,0,24100
2026-06-27,Malt drink 330ml (24),Beverages,177,0,14800
2026-06-27,Orange juice 1L (12),Beverages,70,0,20850
2026-06-27,Plantain chips 150g (20),Snacks,106,0,10300
2026-06-28,Bar soap (48),Personal care,44,0,16150
2026-06-28,Bottled water 75cl (12),Beverages,116,0,4050
2026-06-28,Detergent 900g (12),Household,30,0,24100
2026-06-28,Malt drink 330ml (24),Beverages,76,0,14800
2026-06-28,Orange juice 1L (12),Beverages,29,0,20850
2026-06-28,Plantain chips 150g (20),Snacks,45,0,10300
2026-06-29,Bar soap (48),Personal care,72,0,16150
2026-06-29,Bottled water 75cl (12),Beverages,191,0,4050
2026-06-29,Detergent 900g (12),Household,103,1,21650
2026-06-29,Malt drink 330ml (24),Beverages,151,0,14800
2026-06-29,Orange juice 1L (12),Beverages,78,0,20850
2026-06-29,Plantain chips 150g (20),Snacks,89,0,10300
2026-06-30,Bar soap (48),Personal care,74,0,16150
2026-06-30,Bottled water 75cl (12),Beverages,164,0,4050
2026-06-30,Detergent 900g (12),Household,86,1,21650
2026-06-30,Malt drink 330ml (24),Beverages,134,0,14800
2026-06-30,Orange juice 1L (12),Beverages,57,0,20850
2026-06-30,Plantain chips 150g (20),Snacks,73,0,10300
